I_in,Q_in,I_out,Q_out
0,-0.0638287365,0.000730091648,-0.101802096
0.0571226887,-0.0939752832,0.0889170319,-0.154628262
0.104546137,-0.0795287862,0.168849692,-0.135504752
0.129605323,-0.0228368547,0.212741956,-0.0446869396
0.121594176,0.0512941927,0.202680334,0.0767184421
0.0778556615,0.108330585,0.131566644,0.176420122
0.00875549205,0.121900961,0.0207506213,0.200847402
-0.0623428375,0.0875978917,-0.0982557759,0.149562821
-0.106006458,0.0253303461,-0.173887178,0.0475905985
-0.098789759,-0.0312718973,-0.167040706,-0.0469453707
-0.0352131799,-0.0530173592,-0.0660833344,-0.0862263739
0.0666302368,-0.0312352031,0.104524739,-0.0535868742
0.169870645,0.0170782153,0.274285406,0.0236792918
0.233256251,0.0582889989,0.376474857,0.0874358267
0.229271337,0.0609490052,0.374852806,0.0939456373
0.157511353,0.0144554181,0.267010152,0.0219840165
0.0463859327,-0.0628108531,0.0851023346,-0.104018465
-0.058543928,-0.130995989,-0.0940143466,-0.214678153
-0.114785127,-0.148788452,-0.190593645,-0.242894605
-0.102380574,-0.0958296508,-0.176415399,-0.160492778
-0.0332509018,0.0144140339,-0.0637846291,0.0200336874
0.0543476529,0.138735324,0.085894905,0.225331649
0.113857076,0.223957881,0.185159028,0.357026041
0.112403177,0.232776344,0.187060058,0.371284217
0.0461716652,0.162503406,0.0869529024,0.270647854
-0.0581948645,0.0468701236,-0.0871601552,0.0822183043
-0.156694725,-0.0603904389,-0.25354436,-0.0940990224
-0.208990052,-0.112012357,-0.339997679,-0.177249551
-0.19702518,-0.0902483985,-0.327140272,-0.144486904
-0.132335886,-0.0147230467,-0.225896776,-0.024270758
-0.0489623472,0.0688222125,-0.0874241069,0.115024872
0.0139284916,0.11285685,0.0230469555,0.186813802
0.0307032261,0.0926605538,0.055526264,0.157168761
-2.76052015e-06,0.0183849633,0.00636591762,0.0348866731
-0.0572369583,-0.0714827329,-0.0909768343,-0.114818268
-0.110483482,-0.131419644,-0.182495147,-0.21393472
-0.135983348,-0.133333609,-0.226288006,-0.218035132
-0.128030822,-0.0810916051,-0.217585757,-0.135491073
-0.0998148695,-0.00750469742,-0.170180604,-0.0124402558
-0.0741841197,0.0443368331,-0.125600517,0.0754474699
-0.0699977428,0.0451104194,-0.114432298,0.0783974603
-0.0917143673,-0.00435172161,-0.149663791,-0.00197047926
-0.127670065,-0.0731322393,-0.208762825,-0.115880288
-0.157477379,-0.116651587,-0.259655237,-0.187666938
-0.163970917,-0.100612946,-0.272355258,-0.163648829
-0.142836362,-0.0197408535,-0.241395012,-0.0349782296
-0.104621969,0.098494105,-0.176822826,0.160356477
-0.0682422519,0.206934184,-0.110579394,0.333800793
-0.049831897,0.261581481,-0.0743631795,0.418747604
-0.053286735,0.242398754,-0.0786050931,0.393520176
-0.0677563921,0.161728621,-0.103830628,0.272608459
-0.0734295771,0.0567815974,-0.118365489,0.101993173
-0.0524029993,-0.0291037206,-0.0870416388,-0.0419798866
0.00126069924,-0.0664157867,-0.00381121715,-0.109588824
0.0776139498,-0.0508672111,0.123871297,-0.0865042582
0.154980063,-0.00171776139,0.250475615,-0.00780345034
0.209837914,0.0504080914,0.339898527,0.0767331794
0.227247298,0.0786768943,0.369283378,0.120132789
0.206660643,0.0702737719,0.34000954,0.11020577
0.160686299,0.0277413484,0.270286322,0.04349944
0.108142704,-0.036972966,0.183745548,-0.0614206046
0.0654781908,-0.110380568,0.10975305,-0.183565617
0.0409462713,-0.181896895,0.0656070486,-0.296247989
0.0338732451,-0.243005976,0.0498192944,-0.390747517
0.0382922813,-0.283642858,0.0542997122,-0.449022621
0.0479615815,-0.290563405,0.0699759796,-0.460254312
0.0595394485,-0.251092285,0.0891142339,-0.407165498
0.0723966286,-0.161472738,0.112620704,-0.27150315
0.0859946907,-0.0348409228,0.140586078,-0.0679080039
0.0973668993,0.0974360108,0.158953294,0.155405656
0.10102471,0.194441199,0.165707052,0.311927706
0.0917776898,0.222100228,0.15260534,0.357824087
0.0687252358,0.169745356,0.120558381,0.280336589
0.0375394151,0.0578551665,0.0687725097,0.101313211
0.00892192312,-0.0683910698,0.017910473,-0.109991871
-0.00659284974,-0.157980457,-0.0124140447,-0.25867179
-0.00486877095,-0.176763505,-0.0137127759,-0.292052984
0.00824957527,-0.122747049,0.00920026004,-0.20877251
0.0185810011,-0.0260402914,0.0271370467,-0.0491236597
0.0102746282,0.0667672008,0.0184227563,0.107273094
-0.0256364141,0.115911119,-0.0387477279,0.192012683
-0.0853071138,0.107478827,-0.1341874,0.180929348
-0.152218699,0.0584528968,-0.244703367,0.101312533
-0.203771621,0.00553216366,-0.329057068,0.0161282923
-0.221304148,-0.0158563834,-0.359607488,-0.0214274935
-0.198594242,0.00918497611,-0.3278265,0.0167546682
-0.144580662,0.0678413659,-0.241225839,0.112731948
-0.0789815858,0.127987787,-0.131619275,0.211556152
-0.023129262,0.157031983,-0.0369737707,0.261660069
0.00927952677,0.140382379,0.0191799626,0.234272018
0.0169521105,0.0891697109,0.0326599367,0.152126536
0.00925142784,0.0330994911,0.0195329506,0.0582525507
-0.000605054258,0.00279855542,0.000773530512,0.00392785901
-0.00337833422,0.0119344378,-0.0068068523,0.0189252421
0.00161341392,0.0493987761,0.00198576297,0.0815524831
0.00738492794,0.0859829858,0.0142027838,0.143290922
0.00468867784,0.0916046351,0.0109373117,0.153567702
-0.0114860646,0.0530596003,-0.0140064685,0.0919256732
-0.0381684005,-0.0180331506,-0.060274411,-0.0259296782
-0.0655100644,-0.0917707682,-0.108396709,-0.147949725
-0.0819835961,-0.137272686,-0.137233809,-0.223214909
-0.0806273147,-0.140723869,-0.136031032,-0.23061882
-0.0628203452,-0.113552615,-0.107285261,-0.189418182
-0.0375974402,-0.0857073665,-0.066496253,-0.142829642
-0.0170656834,-0.0875847489,-0.029659573,-0.143319339
-0.0105609503,-0.13087967,-0.017867662,-0.214355811
-0.0206350666,-0.199585021,-0.0351517349,-0.323237389
-0.042655956,-0.256901026,-0.0718491599,-0.409301043
-0.0676303282,-0.264901936,-0.112239748,-0.422621012
-0.0861719921,-0.206429079,-0.145128444,-0.336784124
-0.0913066939,-0.0970259085,-0.156003267,-0.166987404
-0.0790380612,0.0201653745,-0.135234848,0.030427888
-0.047379259,0.0944922268,-0.0805106834,0.158204183
0.00435930397,0.0926453397,0.00792845152,0.159252644
0.0746046081,0.015348631,0.124072477,0.0310660675
0.157051414,-0.10279721,0.254565775,-0.16285266
0.238588855,-0.210121065,0.368118018,-0.327609777
0.300105006,-0.262466311,0.444746226,-0.399897993
0.321461618,-0.242885441,0.475105494,-0.371971995
0.289467722,-0.166792333,0.444953412,-0.269968987
0.205352858,-0.0709421858,0.334038883,-0.123772785
0.0875631943,0.00686007133,0.151191488,0.00358393346
-0.0326259769,0.0460142866,-0.0484166816,0.0745029598
-0.121810205,0.0499704406,-0.198907018,0.0848296434
-0.157223001,0.0392150991,-0.258374602,0.0673507154
-0.135831282,0.035789337,-0.227337718,0.0639048964
-0.0753824785,0.0490659401,-0.130717203,0.0844778493
-0.00670411345,0.0710683838,-0.0131354714,0.119427592
0.0392792188,0.0834683403,0.0657660514,0.139094666
0.0438571386,0.0712807626,0.0760215223,0.119034521
0.00671020802,0.0343597159,0.0162852332,0.0591813438
-0.0563117005,-0.0107043404,-0.0899309218,-0.0157752577
-0.121890076,-0.0397571065,-0.200891986,-0.0638303757
-0.169554025,-0.035987664,-0.279650301,-0.0579505414
-0.188539743,-0.00157969864,-0.311903864,-0.00212120521
-0.178597182,0.0412250906,-0.295432359,0.0693871304
-0.145772591,0.0609492622,-0.241180882,0.105126172
-0.0968453214,0.0339587554,-0.161330193,0.0621012859
-0.0362982936,-0.041644346,-0.0615332425,-0.0634608716
0.0325308479,-0.143238693,0.0505161472,-0.231205538
0.103655055,-0.233906776,0.160660863,-0.373727381
0.165625408,-0.280417025,0.250373036,-0.439136237
0.202940613,-0.269465357,0.308218747,-0.423024267
0.202205464,-0.213664636,0.314703673,-0.34571889
0.160150737,-0.144384205,0.259749442,-0.243103206
0.0886740535,-0.0955953375,0.148740336,-0.163028091
0.0129682189,-0.0874542817,0.0232052319,-0.147151738
-0.0376934446,-0.118027851,-0.0626105592,-0.193639353
-0.0427126177,-0.166720107,-0.0736138001,-0.270192325
-0.000152712411,-0.206487074,-0.00694450224,-0.333705485
0.0715132207,-0.217507169,0.106818996,-0.352484584
0.141390339,-0.19495374,0.220354527,-0.318295687
0.180306002,-0.147618443,0.287309021,-0.245074362
0.174126476,-0.0897238925,0.284891248,-0.153922454
0.129501551,-0.0319758803,0.216531038,-0.0581612773
0.0691808984,0.022361936,0.117918275,0.0331591703
0.0195523966,0.0744555891,0.0357050709,0.121708609
-0.00282279146,0.122947052,-0.00397393573,0.203278169
0.00153709145,0.158860356,0.0031099862,0.261084378
0.0176761802,0.167057216,0.0320145935,0.275733054
0.0268438011,0.134545773,0.0485590696,0.225027695
0.0187430754,0.0610079952,0.0368650965,0.105554856
-0.00187873526,-0.0354108363,-0.000995342154,-0.0558588468
-0.0182568934,-0.122039981,-0.030603474,-0.199892044
-0.0125618717,-0.16497536,-0.025188366,-0.271007687
0.0216957964,-0.145616934,0.0282761492,-0.243452743
0.073405236,-0.0716577545,0.115798377,-0.125356987
0.118032083,0.0240950454,0.193010762,0.033768028
0.130550191,0.0975896418,0.21619992,0.155291364
0.10015323,0.113829531,0.169949576,0.186757356
0.0382467695,0.0636305809,0.0702381805,0.108772978
-0.0254828297,-0.0316362381,-0.0377240218,-0.0484246649
-0.0576627962,-0.12977159,-0.0957190022,-0.209884793
-0.0391177274,-0.187065914,-0.0698860586,-0.303135604
0.0236335024,-0.177604154,0.0293935277,-0.292815953
0.0999726355,-0.103310362,0.156476051,-0.175972939
0.14975594,0.00939926971,0.242572382,0.00644574966
0.143703192,0.123512775,0.239011079,0.193542004
0.0790158361,0.208005741,0.136302695,0.331104517
-0.0181703288,0.248758957,-0.0201338325,0.397571921
-0.105122752,0.249448225,-0.160426497,0.400378019
-0.143472746,0.223973155,-0.223870024,0.363137037
-0.118001096,0.186371103,-0.18964234,0.30768925
-0.0435213558,0.144608706,-0.0736488178,0.243696943
0.0436079577,0.101209521,0.0711219013,0.172146067
0.104686998,0.0587323867,0.175497606,0.09750586
0.118308753,0.0248434804,0.19894433,0.0404612422
0.0900351703,0.0121703381,0.153845012,0.0181145128
0.0472065099,0.031951841,0.0800388306,0.048491504
0.022069497,0.0852037221,0.0363100767,0.138479739
0.0327311531,0.157588199,0.05333516,0.256104499
0.0725614876,0.222621903,0.117755286,0.356887698
0.113974564,0.252992123,0.184758738,0.400661528
0.124565013,0.234449029,0.205164209,0.375164717
0.0866941139,0.174344778,0.151195273,0.285562307
0.00956315454,0.0991680995,0.0239454545,0.165458858
-0.0732700303,0.0413844027,-0.118169613,0.0719293579
-0.120166913,0.0222210325,-0.197181404,0.0390642993
-0.103203572,0.0399588794,-0.175077185,0.0690755323
-0.024042258,0.070804134,-0.0451785065,0.119645037
0.0846797228,0.0825966299,0.138242379,0.139894009
0.173579246,0.0541680604,0.285363913,0.0890934765
0.199465021,-0.0105980514,0.328543335,-0.017544657
0.145623833,-0.0826084465,0.24424383,-0.138302162
0.0295193586,-0.122428849,0.0533627421,-0.2072303
-0.105571091,-0.102685243,-0.171639919,-0.17448166
-0.210401416,-0.0256231241,-0.342868567,-0.0429667234
-0.251042575,0.0746772662,-0.402048141,0.119739629
-0.221409559,0.147967726,-0.355823874,0.24070631
-0.141825527,0.154009461,-0.231098473,0.258084059
-0.0457465835,0.0854901075,-0.0762355253,0.151544273
0.0374829434,-0.0252140332,0.0624052286,-0.0350905992
0.094704926,-0.12027476,0.155211583,-0.196503222
0.130308762,-0.145342842,0.208196267,-0.241019592
0.15759562,-0.0785723701,0.253540337,-0.138454273
0.186271533,0.0556716584,0.301551312,0.0803113207
0.213885352,0.19642207,0.339539409,0.300960302
0.226272613,0.275080979,0.353480905,0.417161614
0.2065918,0.249531046,0.330476254,0.387950689
0.147476599,0.126060724,0.25252378,0.208637714
0.0589686595,-0.0423664786,0.106530532,-0.0653479621
-0.0328123048,-0.181062326,-0.0512438379,-0.295209974
-0.0962014571,-0.229520977,-0.159376279,-0.370732576
-0.108579427,-0.170401648,-0.184935123,-0.281617314
-0.0675501451,-0.0372116044,-0.121926285,-0.0681358799
0.00713203335,0.10289105,0.00679508783,0.168160036
0.0820637643,0.182260036,0.134387523,0.297560751
0.125096276,0.165187895,0.208735108,0.272961408
0.119538404,0.06369216,0.204144865,0.109634504
0.0710744709,-0.0704766139,0.124984592,-0.114959344
0.00449683378,-0.172686219,0.00855186954,-0.283249378
-0.0477823205,-0.197089925,-0.0810902193,-0.323362917
-0.0598634295,-0.137371972,-0.104991443,-0.23173365
-0.0228213519,-0.0270923711,-0.0455697291,-0.0494439751
0.0526086688,0.0792015269,0.0839196369,0.129589945
0.141421005,0.133515432,0.23021993,0.21875675
0.214657947,0.116524197,0.34824872,0.188277811
0.249935374,0.0439817086,0.404756457,0.0707429126
0.238157764,-0.0442201123,0.386035979,-0.0726589635
0.184651285,-0.10527309,0.302620292,-0.174132541
0.105425403,-0.113536865,0.174679145,-0.192717209
0.0208633635,-0.0699161068,0.0348733105,-0.122884095
-0.0505895577,0.00253795856,-0.0839386806,-0.000528424105
-0.0969133228,0.0725631043,-0.159416214,0.119778395
-0.114424124,0.115716897,-0.186684132,0.1931822
-0.107199237,0.122841805,-0.174850956,0.206169352
-0.0845483616,0.0990723297,-0.138406754,0.168473989
-0.057285253,0.0561650693,-0.0951887816,0.0978312641
-0.0337806046,0.00422301935,-0.0567877665,0.01068753
-0.0170152038,-0.0518406071,-0.0283639841,-0.0840232968
-0.00383702968,-0.109669723,-0.0073424615,-0.180677354
0.0129450634,-0.163698867,0.0185679663,-0.267424554
0.0401411764,-0.201490387,0.0602258071,-0.328956842
0.079223536,-0.206039965,0.122179821,-0.336258262
0.123312108,-0.163874298,0.19404088,-0.270944357
0.158089086,-0.0745908394,0.253803313,-0.130312502
0.166936681,0.0441891216,0.273199975,0.0631242916
0.138408124,0.160506472,0.22947827,0.252725631
0.0726050213,0.239812583,0.125092998,0.38005802
-0.0168941095,0.259519994,-0.01739043,0.415116131
-0.107042275,0.219069913,-0.162171379,0.356453538
-0.173897147,0.140134707,-0.2751562,0.235248506
-0.201977447,0.0564966388,-0.326834381,0.100117281
-0.189999387,-0.00152180705,-0.312492281,0.00430305488
-0.150219813,-0.0203357264,-0.251432359,-0.0283317864
-0.101761207,-0.00751451403,-0.17459856,-0.0111821666
-0.0613520816,0.0146206962,-0.103930794,0.0255803335
-0.0362421982,0.0225668959,-0.0608801022,0.0399926566
-0.0228707548,0.00507532526,-0.0379873328,0.0109447027
-0.0117428526,-0.0306363441,-0.0196486134,-0.0481168367
0.00444821874,-0.0630740821,0.00560708903,-0.105082452
0.0242632013,-0.0687251016,0.0365667045,-0.115721427
0.0365502313,-0.035834562,0.0590170659,-0.0638781637
0.0260330029,0.0275965054,0.0428639203,0.0415807962
-0.0173087548,0.0958567709,-0.0253833104,0.157144234
-0.0901867449,0.136706024,-0.142344341,0.223760322
-0.174043581,0.126171932,-0.274829179,0.208673745
-0.240968257,0.0597173758,-0.381796032,0.104412928
-0.265181035,-0.0455209054,-0.422415853,-0.0613311566
-0.234725997,-0.158216044,-0.376114756,-0.240817413
-0.157631516,-0.246139407,-0.257190377,-0.38152495
-0.0593499877,-0.288773894,-0.103951298,-0.451585978
0.0275108162,-0.283521414,0.0336804613,-0.450407505
0.0764393583,-0.243278801,0.116376095,-0.394277871
0.0771786347,-0.187511846,0.121561423,-0.309539646
0.0383603573,-0.131938756,0.0635280013,-0.222184271
-0.0180837568,-0.0821388066,-0.0301465597,-0.140157789
-0.067555137,-0.0339033827,-0.113604993,-0.0583052225
-0.0931960866,0.0206161439,-0.156421155,0.0336366892
-0.0914212763,0.0849364698,-0.152421027,0.14027223
-0.0707392395,0.153187558,-0.115924381,0.251367688
-0.0454442874,0.210931346,-0.0709543601,0.341947049
-0.027990317,0.241501868,-0.0406716391,0.389225245
-0.0238905605,0.23446168,-0.0330115966,0.381949514
-0.031058399,0.191570103,-0.044932235,0.317940414
-0.0428721458,0.126921996,-0.0655525029,0.214113027
-0.0524251796,0.0609659962,-0.0851122886,0.104508966
-0.055322215,0.0113570662,-0.0929920971,0.022159297
-0.0498453155,-0.0146613447,-0.0836093351,-0.0231189113
-0.0352839008,-0.0223485995,-0.060992144,-0.0360348709
-0.0104247499,-0.0248655248,-0.0207024515,-0.0420174897
0.0260952096,-0.0343604125,0.0400001854,-0.05649269
0.0734162182,-0.0535551533,0.119746692,-0.0888510421
0.1256641,-0.0726400465,0.205350354,-0.121483266
0.171120137,-0.0737178698,0.277537256,-0.124049798
0.194925651,-0.0410947576,0.316478461,-0.0732752681
0.184867725,0.0276388638,0.30213657,0.0359959938
0.137700692,0.115772903,0.229254484,0.181077704
0.062587142,0.190837175,0.108781114,0.307062566
-0.0207485911,0.216778889,-0.0271078162,0.353369474
-0.0890546814,0.170038804,-0.138722718,0.282153934
-0.124935463,0.0521310084,-0.202217862,0.0966433585
-0.124252699,-0.107672743,-0.201945752,-0.166608468
-0.0978532732,-0.261722773,-0.159651071,-0.407912821
-0.0664983317,-0.362012237,-0.108411431,-0.549422383
-0.0511343963,-0.379134804,-0.08684811,-0.574850798
-0.0629841164,-0.313682407,-0.106015585,-0.493155003
-0.0981502235,-0.194844157,-0.163672239,-0.322273731
-0.13937448,-0.0668485686,-0.232576966,-0.114580944
-0.164247796,0.0304004475,-0.271154404,0.0510661565
-0.156129941,0.07742697,-0.257066011,0.131061375
-0.112744935,0.0806462467,-0.186563954,0.138853684
-0.0484531149,0.0651329085,-0.0813428164,0.112087198
0.0109570958,0.0589683168,0.016522631,0.100878626
0.038796328,0.0775679648,0.0652466789,0.126821056
0.0188533403,0.11617326,0.0344249569,0.189342007
-0.0471713357,0.154208392,-0.0710743815,0.250438392
-0.139280543,0.16876401,-0.217881218,0.276458979
-0.226039901,0.149474442,-0.352336824,0.243350983
-0.276003391,0.106210202,-0.432431877,0.174893737
-0.269317091,0.0648660287,-0.42904821,0.111103088
-0.205142871,0.0531089492,-0.338135511,0.0913725048
-0.102187417,0.0837431028,-0.175010458,0.141479686
0.00781848747,0.145129353,0.0087208841,0.238875404
0.0913145989,0.20471327,0.149459034,0.328724861
0.124765977,0.224784717,0.205451876,0.359917909
0.102937862,0.182744384,0.175623909,0.2971012
0.0405939259,0.0851400271,0.0766452029,0.14532882
-0.0330708884,-0.032602556,-0.0496289283,-0.0500969328
-0.0853343531,-0.121643245,-0.142166466,-0.196245179
-0.0922353566,-0.143219382,-0.157891527,-0.233485714
-0.0476383343,-0.0883581042,-0.0880034268,-0.14870663
0.0344709121,0.0165883806,0.0499404445,0.0228966009
0.125488549,0.122016095,0.202589542,0.196251035
0.193448126,0.179138988,0.30956009,0.285080194
0.215565041,0.164030895,0.348856062,0.260022402
0.186931938,0.0893011615,0.312241405,0.14453873
0.121718056,-0.0028082158,0.206568435,-0.0059442888
0.0463733263,-0.0626023114,0.0797892585,-0.106419384
-0.0121668223,-0.0591013543,-0.0211136639,-0.101524621
-0.0380144529,0.00333331479,-0.0669888854,0.00249486975
-0.0324091911,0.0866693407,-0.0558018498,0.141301051
-0.0116323289,0.138522789,-0.0185470134,0.228561714
0.00215435866,0.119313098,0.00536639336,0.202037245
-0.00730471872,0.0232975837,-0.00623742072,0.0459210202
-0.0416821502,-0.117389522,-0.0656375885,-0.189065486
-0.0867724493,-0.247833997,-0.139601201,-0.391463339
-0.119291387,-0.31686753,-0.189894453,-0.48803699
-0.118528888,-0.301481873,-0.192137614,-0.469499469
-0.0771981478,-0.216794625,-0.134445101,-0.353894413
-0.00614750478,-0.106802247,-0.0201636367,-0.181051925
0.0694733188,-0.0210998636,0.110682778,-0.0377707519
0.120900035,0.0101426831,0.201098189,0.0159206484
0.128329143,-0.0099518355,0.216491371,-0.01665226
0.0895594358,-0.0490533486,0.152900174,-0.0841828063
0.0208091922,-0.064948827,0.0366457552,-0.109751292
-0.0504594855,-0.0295170546,-0.0843043029,-0.0540283509
-0.0972145945,0.0553864539,-0.16241543,0.0882451311
-0.103676602,0.158306628,-0.170102641,0.257915765
-0.0706794113,0.234274238,-0.112919122,0.379053891
-0.0137708448,0.247851893,-0.0209327508,0.401963502
0.0443627723,0.191021606,0.0765747875,0.316382259
0.0832672045,0.0868705213,0.142177194,0.149191037
0.0917711034,-0.0222735628,0.156868309,-0.035709668
0.0702870712,-0.095508948,0.117761172,-0.159737453
0.028452957,-0.111868501,0.047248628,-0.189571843
-0.0198052544,-0.077449277,-0.0331464708,-0.134490952
-0.0611431152,-0.0184504632,-0.103043996,-0.0342276394
-0.0858220533,0.0350098312,-0.143041238,0.0577463396
-0.0886349678,0.0648896992,-0.146985888,0.109676145
-0.0686422139,0.0724342987,-0.114552595,0.123856701
-0.028797647,0.0734690502,-0.0500394516,0.124078795
0.024178654,0.085532546,0.0396870002,0.14307791
0.0802414939,0.115035117,0.131999552,0.188478589
0.127657473,0.152206972,0.209218174,0.245284393
0.15610677,0.176727667,0.255657196,0.281863868
0.160335779,0.170501575,0.263817728,0.273630977
0.142536655,0.129780397,0.237483844,0.211181328
0.111765139,0.0691642091,0.189887553,0.115118533
0.0800449178,0.014730392,0.136278585,0.0247819051
0.0567015633,-0.0100738453,0.095701158,-0.0184626225
0.0438012332,0.00224566669,0.0719868764,0.00211804011
0.0353993587,0.0385366343,0.0589260906,0.0610402077
0.0214923434,0.0720602497,0.0375515111,0.117636636
-0.00504460558,0.0777582377,-0.00512588304,0.129670009
-0.0422226377,0.0473094881,-0.0671335235,0.0818393081
-0.0771964863,-0.00470229844,-0.127479032,-0.00376823987
-0.0907445922,-0.0475513637,-0.150643006,-0.0768693537
-0.0664120987,-0.051008977,-0.114398763,-0.0850691423
4.32269844e-05,-0.00311684143,-0.00636996236,-0.00707834633
0.0959606469,0.0807385668,0.153361365,0.130037516
0.194911227,0.163028419,0.311790019,0.256849945
0.266903073,0.201679632,0.416366339,0.308230191
0.291161329,0.171452895,0.456542671,0.26230669
0.265339166,0.0781006441,0.429290771,0.123019189
0.206467345,-0.0423531085,0.340831578,-0.0684770867
0.142906308,-0.139434785,0.234760702,-0.229079589
0.101069547,-0.171656027,0.162525848,-0.285006195
0.0934038013,-0.126079857,0.147986934,-0.213809207
0.11356841,-0.0243562777,0.183700711,-0.04983785
0.141143575,0.0877139196,0.231416926,0.137820467
0.153332889,0.161845013,0.250766128,0.257436484
0.137522995,0.169441625,0.22977151,0.274607092
0.098124288,0.113538638,0.168956667,0.187966466
0.0541069098,0.0251122322,0.0950505435,0.0444714241
0.028536208,-0.0537219793,0.048257336,-0.0890097916
0.0356490538,-0.0907055885,0.0559179708,-0.150938034
0.0723661482,-0.0780179724,0.114876345,-0.13369219
0.118870474,-0.0335601196,0.192567974,-0.0593159311
0.148160517,0.0108669307,0.243842855,0.0136202266
0.139767602,0.0276166685,0.233053982,0.0437584594
0.0905775726,0.00774187502,0.157479137,0.0115927896
0.0171013921,-0.035424266,0.033964783,-0.0596064813
-0.0521231517,-0.0750178173,-0.0840651095,-0.124207169
-0.090289712,-0.0865010321,-0.150634572,-0.142384112
-0.0854030177,-0.0617737882,-0.14722912,-0.102770463
-0.0461956225,-0.0138474684,-0.0824204311,-0.0241726562
0.00198860816,0.0303810127,-7.94154475e-05,0.0509000644
0.0292293187,0.045259472,0.0500122979,0.0762759075
0.0150544923,0.0211657565,0.0290414579,0.0371543802
-0.0422404185,-0.0291289557,-0.066671133,-0.0481254943
-0.125130937,-0.0761291683,-0.202840284,-0.124637306
-0.204977289,-0.0885471627,-0.333530098,-0.141577616
-0.254411817,-0.0497973636,-0.410766304,-0.0794165432
-0.258058399,0.0325535685,-0.418488681,0.0524364337
-0.217014641,0.12940456,-0.350694716,0.210234135
-0.145970896,0.203631446,-0.234241098,0.328282416
-0.0654312745,0.227721244,-0.104107067,0.372498691
0.00658820989,0.196651503,0.0123966699,0.325844616
0.0595585331,0.129585847,0.100570694,0.218024567
0.0907201916,0.0596774444,0.152472213,0.100026682
0.101977021,0.0173069239,0.1718494,0.0268003624
0.0962496921,0.0153348725,0.161337703,0.0221355222
0.0757412165,0.0437824428,0.127640784,0.0687538683
0.042733483,0.0764076561,0.0737242103,0.124965921
0.00155374035,0.0854977369,0.00706892693,0.141655937
-0.0404961556,0.0570194833,-0.0637724102,0.0970270038
-0.0746697709,-0.00180703937,-0.121675037,0.00186140626
-0.0943349525,-0.0664158165,-0.157185927,-0.106811464
-0.0984621942,-0.10815905,-0.16551289,-0.175952956
-0.0926068202,-0.109904543,-0.155642956,-0.1821585
-0.0862643272,-0.075703837,-0.146949068,-0.126857474
-0.0877046287,-0.0293264687,-0.148859024,-0.0499410592
-0.0991563797,-0.00223222212,-0.164330304,-0.00200262852
-0.11533621,-0.0170686077,-0.189774588,-0.0242825747
-0.126562282,-0.0751913786,-0.207662687,-0.117922433
-0.124970742,-0.154757842,-0.206050798,-0.247011796
-0.110256456,-0.220616102,-0.181402922,-0.350188226
-0.0912352279,-0.241216928,-0.151268974,-0.384359151
-0.0816509798,-0.204161078,-0.137467846,-0.334616035
-0.0919837877,-0.12260507,-0.15553993,-0.205451801
-0.121693745,-0.0292760711,-0.202885032,-0.0516723059
-0.156711757,0.0389919393,-0.257502496,0.0654588342
-0.174592808,0.0585974678,-0.285707593,0.100397632
-0.155660212,0.0299015846,-0.256700575,0.0569195859
-0.0948300362,-0.0237972084,-0.161496297,-0.0325174294
-0.0076937722,-0.0683417246,-0.0178971011,-0.11043112
0.0732845739,-0.0757330582,0.117900692,-0.127360195
0.111852579,-0.0376719534,0.185140893,-0.0692010745
0.0848325193,0.0308918562,0.143239811,0.0435717627
-0.00522090076,0.0996548608,-0.0015495366,0.160753697
-0.128161311,0.138101295,-0.201523781,0.225254282
-0.236985788,0.130261898,-0.371435851,0.212750316
-0.286996275,0.0818798468,-0.450213253,0.138063908
-0.255007327,0.0167222805,-0.410150319,0.0369100459
-0.149891362,-0.0358001441,-0.253638387,-0.0525460131
-0.00955180079,-0.055351112,-0.0257398356,-0.0899103135
0.114440255,-0.040418461,0.184484825,-0.0704194307
0.177758649,-0.00842518546,0.289825112,-0.0191469993
0.160656512,0.0136588169,0.268651366,0.017659694
0.0744937956,0.0034802903,0.132500723,0.00326415594
-0.0446774289,-0.044661507,-0.0679693297,-0.0737062544
-0.151842624,-0.115658574,-0.246415138,-0.184944242
-0.210726961,-0.179282576,-0.337810487,-0.27968055
-0.206022248,-0.203138813,-0.332680583,-0.317592412
-0.14591977,-0.167107552,-0.24618791,-0.26768288
-0.0554438606,-0.0729838684,-0.102197878,-0.124012493
0.0350977033,0.0547515787,0.0520296805,0.08617194
0.100976728,0.177288607,0.164182067,0.284522206
0.129170731,0.255536646,0.209314391,0.39983204
0.118784107,0.264335543,0.194676578,0.417886138
0.0776135698,0.201466322,0.135709673,0.329400331
0.0178534519,0.0882579535,0.0384613052,0.151871905
-0.0468613431,-0.0382351503,-0.0736113638,-0.0580318533
-0.102745593,-0.138511285,-0.168669,-0.223040059
-0.13671656,-0.184547573,-0.22445786,-0.297777683
-0.138274089,-0.169419289,-0.229613811,-0.275408328
-0.102730632,-0.109178983,-0.175822645,-0.180821046
-0.0344762914,-0.0362607539,-0.0637263209,-0.0615811124
0.051952146,0.0132891284,0.0831971541,0.0228897482
0.134658247,0.0140809463,0.221318871,0.0248309635
0.190824091,-0.0383305214,0.312991172,-0.0614760257
0.204486921,-0.12538065,0.330222249,-0.201946363
0.172275618,-0.21284616,0.274004132,-0.340312511
0.104435638,-0.264974505,0.16492039,-0.423226416
0.0206587128,-0.259682119,0.0300334506,-0.419757903
-0.0572701357,-0.198261291,-0.0963960141,-0.328690231
-0.11257457,-0.105057396,-0.18947202,-0.176963568
-0.137337729,-0.0168570895,-0.229569152,-0.0274068769
-0.13209863,0.0335324183,-0.219609872,0.0585847609
-0.102551393,0.0320688002,-0.172792405,0.0593428724
-0.0560302436,-0.0104006371,-0.0948533565,-0.0131543921
0.216035709,0.0785584375,0.326980799,0.123703644
0.189584389,0.0297086239,0.326982588,0.0461818352
0.127617121,-0.0038895465,0.216355771,-0.00872994307
0.0492074974,-0.0251040589,0.0847992525,-0.0439844988
-0.0190115944,-0.0419209227,-0.0295187086,-0.071012482
-0.0534631535,-0.0597230084,-0.0897656158,-0.0988640487
-0.0437163711,-0.0750463232,-0.0764452666,-0.121890493
0.00282565248,-0.0750925913,-0.000949912879,-0.124756411
0.0641587377,-0.0442320965,0.102546662,-0.0760274306
0.113533959,0.0253450386,0.185695469,0.0366390608
0.13129732,0.124547236,0.216305897,0.196518093
0.112995371,0.22554481,0.185816064,0.355447978
0.0698819011,0.289660037,0.117815845,0.453948677
0.0218492877,0.282584935,0.0425433367,0.450657338
-0.013297257,0.190418586,-0.0134705249,0.317768753
-0.028494129,0.0288741272,-0.0427077934,0.059149731
-0.029545892,-0.159393713,-0.0473123528,-0.252582252
-0.0299396254,-0.319151759,-0.0498920679,-0.493282199
-0.0416167863,-0.403039783,-0.0689969137,-0.602094889
-0.0671534762,-0.389536589,-0.108268343,-0.587722301
-0.0978829637,-0.290797532,-0.159474239,-0.460608155
-0.118994027,-0.147133008,-0.200106978,-0.247241646
-0.118545488,-0.010714476,-0.199850902,-0.0205195118
-0.0950050801,0.0743922144,-0.158732519,0.125511333
-0.0587222502,0.0875694007,-0.0968011245,0.151188061
-0.0262606684,0.0365702137,-0.0441566631,0.0666977838
-0.0107463067,-0.0489302017,-0.0173039678,-0.0786363408
-0.0138682667,-0.131271198,-0.0233553983,-0.215384915
-0.0244023707,-0.179687515,-0.0424779207,-0.294482946
-0.0244648624,-0.180079713,-0.0454209149,-0.298240036
-0.000197424728,-0.136674166,-0.00744914031,-0.228372976
0.0491623282,-0.0664875433,0.0754507706,-0.113999829
0.109201692,0.00961695611,0.177191868,0.0119620534
0.156811774,0.0748230219,0.256563663,0.118627079
0.171942383,0.120227069,0.283249319,0.192206994
0.148226678,0.144252613,0.245981529,0.231374055
0.0965157747,0.149383664,0.16338107,0.241328627
0.0392233655,0.138802588,0.0698983744,0.227873832
-0.0014711949,0.114809059,0.00148796325,0.192320943
-0.0149899321,0.0793332458,-0.0227794126,0.135687307
-0.00687718298,0.0354572199,-0.010158076,0.0633300319
0.00611589476,-0.0116158314,0.0103321299,-0.0164826699
0.00758481445,-0.055122178,0.0123797292,-0.0898685828
-0.0070391898,-0.0886593312,-0.0109851845,-0.147868976
-0.0259207785,-0.108348414,-0.0440015122,-0.180175498
-0.0262553748,-0.11392346,-0.0469897985,-0.190228254
0.0128598437,-0.108066641,0.0148449456,-0.179323554
0.097057268,-0.0943468213,0.153759733,-0.156804547
0.210373253,-0.0749384388,0.334132046,-0.125584349
0.319925874,-0.0494390465,0.494498014,-0.0833318755
0.389711618,-0.0155139007,0.585799396,-0.0322122686
0.396720231,0.0288793836,0.597103834,0.0326685309
0.341271788,0.0827717856,0.528595626,0.116937742
0.246495515,0.140350625,0.397358507,0.213448867
0.14751862,0.191047072,0.243849397,0.301321715
0.0761167556,0.221792847,0.129529729,0.355883598
0.0485245138,0.220842034,0.0808064416,0.358381718
0.0618977845,0.181953728,0.104410395,0.300850421
0.0999624878,0.107546777,0.168140844,0.182462394
0.143544152,0.00966373831,0.238728508,0.0185292289
0.179622278,-0.0918749496,0.29251945,-0.147629485
0.204258427,-0.173996106,0.32380563,-0.279780239
0.218975693,-0.216613397,0.339408398,-0.343255192
0.224275231,-0.208877861,0.346932441,-0.335054994
0.215499908,-0.153355986,0.340615064,-0.253360122
0.184361666,-0.0663149282,0.299371511,-0.11733143
0.125403568,0.0266612712,0.210597962,0.0362759233
0.043044392,0.0988547429,0.0777776018,0.161797494
-0.0460246764,0.131833911,-0.0700555369,0.217204273
-0.117801197,0.122576721,-0.188693494,0.20524621
-0.151518211,0.0851435065,-0.246917486,0.146737337
-0.140253723,0.0455957241,-0.231483534,0.0801480561
-0.0954181999,0.0315866992,-0.163147524,0.0562559105
-0.0419489928,0.0605270527,-0.0720400438,0.101061568
-0.00614275737,0.131250054,-0.0108882319,0.21431829
-0.00235505193,0.223008633,-0.000802364491,0.358133107
-0.0257572401,0.302709162,-0.033577729,0.473192185
-0.0552762635,0.337726414,-0.078195177,0.52292347
-0.0653605908,0.309061766,-0.0948256105,0.48811239
-0.040343225,0.219262332,-0.0605873726,0.362349153
0.0163470041,0.091680482,0.0284450632,0.161102682
0.0831485912,-0.038604103,0.137151673,-0.0598367415
0.131036818,-0.138250932,0.212521255,-0.226661429
0.138205245,-0.187740639,0.22124736,-0.308657497
0.100978903,-0.187108666,0.162449554,-0.310264915
0.0353397168,-0.153385565,0.0569193624,-0.258291811
-0.0314127021,-0.111551248,-0.0537494533,-0.186836556
-0.0741100088,-0.0835079625,-0.124419875,-0.139575779
-0.0810684189,-0.0800069049,-0.136978775,-0.130847499
-0.0577069782,-0.0985732153,-0.100373693,-0.159569636
-0.0213257186,-0.127350152,-0.039539557,-0.207720473
0.00922894012,-0.152055264,0.0111823464,-0.25004074
0.0228733476,-0.162224263,0.0337488912,-0.268737137
0.0196592212,-0.153952256,0.0291789863,-0.254783571
0.00723139988,-0.128675148,0.00942205731,-0.216461927
-0.00642682426,-0.0897831768,-0.0125948377,-0.152125537
-0.0188206322,-0.0397935696,-0.0343187079,-0.0690783858
-0.0335591026,0.0199841,-0.0567230582,0.0312982611
-0.0556537919,0.0872882903,-0.0912281871,0.143330589
-0.0850341842,0.156097308,-0.136249572,0.254772156
-0.113118581,0.215647787,-0.177065462,0.347403765
-0.125420049,0.252769411,-0.194331929,0.402525455
-0.109280534,0.25698781,-0.170183823,0.41195035
-0.0623238087,0.225954548,-0.0985153615,0.369156271
0.00368355052,0.168156281,0.00705252076,0.280705303
0.0665084869,0.100969523,0.110927358,0.171419501
0.103299342,0.0444274694,0.173350349,0.0735368952
0.101521231,0.0133336214,0.171556577,0.0193033535
0.0650189668,0.0113596851,0.111444309,0.0157345496
0.0118148988,0.0299292598,0.0226681195,0.047192663
-0.0351751857,0.0524196886,-0.0562843904,0.0866007432
-0.0593859777,0.0616763011,-0.0973411277,0.105099387
-0.0576810017,0.0473215394,-0.0955619216,0.0818172395
-0.0396576636,0.00959479623,-0.0667216405,0.0191263128
-0.0201219581,-0.0417174324,-0.0333471745,-0.0665042624
-0.00957205053,-0.0923001692,-0.0178620741,-0.151205882
-0.00847700797,-0.129574776,-0.0159714017,-0.213379309
-0.0086049987,-0.147244751,-0.0166267846,-0.243808508
-0.000200371011,-0.146369696,-0.00372792175,-0.241813496
0.0198514909,-0.133133337,0.0271488372,-0.221904263
0.0443545654,-0.115029834,0.0692433268,-0.191959351
0.0592883006,-0.0976248905,0.0951835737,-0.163793862
0.0525460243,-0.0832796022,0.0867019445,-0.141248852
0.022524938,-0.0718513057,0.0379483216,-0.121938616
-0.0190473758,-0.0622738488,-0.0305168647,-0.10527698
-0.0523445047,-0.0536872409,-0.0877298936,-0.0896765888
-0.0600941181,-0.0454549007,-0.10242787,-0.0741337687
-0.0374644585,-0.0364374556,-0.0657829642,-0.0587158911
0.00490990235,-0.0245495122,0.00511284871,-0.0407540388
0.0469951034,-0.00745467981,0.0774483606,-0.0140173929
0.0712967739,0.0156379379,0.11796508,0.0232609194
0.0736609921,0.042121008,0.124377981,0.0672735646
0.0662062019,0.0655340329,0.111060269,0.107602201
0.070058465,0.0774004459,0.116034918,0.128106773
0.101656355,0.0709596053,0.167366877,0.118016042
0.160594344,0.0451066121,0.262091041,0.074741222
0.226643756,0.00637217611,0.366331279,0.0100106793
0.268651605,-0.0325015448,0.428561985,-0.0555735268
0.261128396,-0.0571915694,0.419091791,-0.0965939984
0.199454263,-0.0577174947,0.329048693,-0.0991171598
0.104745835,-0.0329018496,0.178046823,-0.0614402816
0.0147547163,0.00883904193,0.0273434576,0.0126433019
-0.035084568,0.0528623834,-0.0578372627,0.0862280577
-0.0305079445,0.0842940062,-0.0500953756,0.14227806
0.0132652679,0.0938519537,0.0211101212,0.159107804
0.0588368215,0.0808464661,0.098973304,0.135245219
0.0662002489,0.052182734,0.113744855,0.0868512914
0.0143584423,0.0182111524,0.0290129147,0.0297611766
-0.0866524503,-0.0122386077,-0.138980657,-0.0214473493
-0.200013265,-0.0351018831,-0.321189702,-0.0552692674
-0.280600399,-0.0512046032,-0.443945169,-0.076019235
-0.29791832,-0.0636831596,-0.472956061,-0.093191117
-0.251259089,-0.0745762661,-0.406482697,-0.112012513
-0.169080332,-0.0827932656,-0.283790201,-0.12874192
-0.093178764,-0.0847110599,-0.159072146,-0.137689069
-0.0564616993,-0.076996021,-0.0963068306,-0.12686196
-0.0664472207,-0.0598448403,-0.11042089,-0.10029339
-0.103257447,-0.0384927876,-0.170156553,-0.0639834329
-0.132733971,-0.0217527878,-0.21999833,-0.0348374099
-0.126968965,-0.0180248357,-0.212344512,-0.0269034822
-0.0806377381,-0.0307267457,-0.137484536,-0.0463340953
-0.0141411861,-0.0556039177,-0.0282559749,-0.0883569792
0.0378645547,-0.0815750211,0.0602670945,-0.135525078
0.0457884446,-0.0950556919,0.0761978626,-0.160918251
0.0013152936,-0.0859472901,0.00419608317,-0.147492439
-0.0783902928,-0.0525745563,-0.127264842,-0.0901663601
-0.160374045,-0.00325596263,-0.261438936,-0.00627284124
-0.213498652,0.0463095494,-0.346886933,0.0772437155
-0.223766536,0.0787886754,-0.361659974,0.131703898
-0.198899001,0.0816871896,-0.324082941,0.139159068
-0.160266414,0.0518971533,-0.263605356,0.0905518532
-0.127720356,-0.00342674577,-0.211979762,0.000726451399
-0.106870979,-0.0698153749,-0.177584335,-0.110161826
-0.0865950286,-0.130870625,-0.144999132,-0.213275716
-0.0481637157,-0.173850417,-0.0843366832,-0.28249222
0.0198182128,-0.193334043,0.0247887857,-0.314385772
0.110171959,-0.191786215,0.170459762,-0.313292146
0.197080567,-0.177138448,0.30814755,-0.28688699
0.248064145,-0.158634394,0.388050109,-0.255505502
0.241536617,-0.142740026,0.382734358,-0.232717037
0.17980589,-0.130754784,0.292939007,-0.217990518
0.0896040574,-0.118990943,0.150634572,-0.202115312
0.00919355731,-0.10132508,0.0154664731,-0.17212446
-0.0311754458,-0.0729554817,-0.0549476258,-0.12350864
-0.0246689394,-0.0336823054,-0.0449413657,-0.0574850142
0.00954781007,0.010825064,0.0127094118,0.0178676117
0.0381078534,0.0505089611,0.0635547489,0.0829560533
0.0330562815,0.07471136,0.0574760176,0.123774812
-0.0117697818,0.0767428949,-0.0145194624,0.126099184
-0.0768856332,0.057213828,-0.122599736,0.0956959799
-0.128062502,0.0245040897,-0.210918263,0.0443492159
-0.135854855,-0.0080513116,-0.226991028,-0.00809944235
-0.0926924795,-0.027178932,-0.15863201,-0.0425492562
-0.0178164206,-0.0247073509,-0.0348069258,-0.0399854667
0.0528022386,-0.000361426733,0.0853862241,-0.00259187329
0.0859289691,0.0389163755,0.143420398,0.0600690134
0.0689801574,0.0826287717,0.117998891,0.132725313
0.016339941,0.121369377,0.0325253159,0.197839275
-0.039390225,0.149984226,-0.0607924461,0.24709408
-0.0661603883,0.167690888,-0.106493823,0.276440054
-0.0505814105,0.17544663,-0.0806697235,0.289782941
-0.00513309008,0.172619209,-0.00740809692,0.285871506
0.0395454578,0.155607164,0.0678920522,0.256182343
0.0528364219,0.119982578,0.0910872072,0.200106427
0.0224398952,0.0654480383,0.042865634,0.109725289
-0.0376114063,0.000677487231,-0.0572602451,0.00332317618
-0.0938211754,-0.0556369796,-0.154635534,-0.089447625
-0.111259848,-0.0797455683,-0.18678923,-0.130237639
-0.0728649721,-0.0528331921,-0.128231287,-0.0876892358
0.0104948636,0.0282410681,0.0107356813,0.0445297174
0.104533233,0.145232767,0.166954622,0.232130334
0.168029055,0.262081146,0.265948474,0.404193133
0.17240414,0.337823361,0.269790232,0.506690204
0.114303276,0.34397614,0.18574661,0.523846865
0.0153519791,0.278414577,0.0368098952,0.444053948
-0.0896250606,0.168462858,-0.136308521,0.280842721
-0.168785676,0.0604913794,-0.272278666,0.106976219
-0.205256775,-0.000187500846,-0.335483402,0.00385857513
-0.199730515,0.00987040158,-0.329072416,0.0173460208
-0.164368749,0.0807957277,-0.274856091,0.132739678
-0.113453597,0.173428684,-0.185028151,0.281539619
-0.0570972785,0.237572566,-0.0899534672,0.383282661
-0.0011473021,0.23607634,0.00194948574,0.38502872
0.0484666154,0.163058847,0.083197847,0.272773772
0.0819739625,0.0470790491,0.141026169,0.0840500519
0.0870957226,-0.0626765266,0.146245196,-0.102471203
0.0559821166,-0.120609902,0.0933087096,-0.203148499
-0.00649788044,-0.107336655,-0.0101600643,-0.183553204
-0.0795845017,-0.0392949544,-0.133647785,-0.0724452361
-0.132867843,0.0396524593,-0.219094142,0.0644559115
-0.140617937,0.0804944634,-0.233302429,0.136029214
-0.0971278772,0.053956639,-0.161933959,0.0967423022
-0.0238525718,-0.0346943513,-0.041908063,-0.0499044843
0.0375500321,-0.148488134,0.0598233491,-0.240358174
0.044733461,-0.237700731,0.0705353692,-0.383435488
-0.0223487616,-0.265043139,-0.0365875587,-0.425694346
-0.147245213,-0.22399202,-0.234596252,-0.362355083
-0.280394673,-0.140796825,-0.439063817,-0.222915992
-0.360151589,-0.0593114011,-0.552729845,-0.0864214674
-0.341987163,-0.0168693252,-0.53290242,-0.0175859667
-0.221363187,-0.0241512358,-0.366846263,-0.0289077479
-0.0382522866,-0.0598482527,-0.0739069805,-0.0928496197
0.139707938,-0.0830203816,0.22071664,-0.136315793
0.247506499,-0.0565673485,0.392928928,-0.0979049951
0.251553684,0.0307812877,0.405562192,0.0378800482
0.162768841,0.155871511,0.270677924,0.239467591
0.0279420316,0.270811111,0.0534567647,0.424039066
-0.0953534395,0.326166034,-0.136280999,0.505306184
-0.166679755,0.295741409,-0.251013309,0.462974697
-0.178942546,0.190157324,-0.282923043,0.314753324
-0.155240119,0.0522892326,-0.253752857,0.0980507359
-0.129542112,-0.0629236773,-0.215102419,-0.0975626335
-0.123157717,-0.113811985,-0.204918832,-0.186198413
-0.130852237,-0.0896168053,-0.219269469,-0.148936048
-0.124548309,-0.0120296646,-0.210404843,-0.0219729561
-0.0722211897,0.0790859982,-0.124524042,0.130215302
0.0392792188,0.147297069,0.0610099025,0.243947968
0.191163346,0.176682398,0.303036034,0.283337712
0.337668836,0.175714672,0.510676026,0.264907658
0.427138269,0.167015135,0.618936419,0.23542583
0.428034157,0.169989765,0.621228993,0.233583331
0.345625073,0.187068745,0.52679354,0.271986008
0.21992515,0.201776147,0.355916053,0.311756849
0.105617873,0.189674526,0.180244207,0.305623293
0.044541005,0.135503888,0.0781477317,0.227461323
0.0454173125,0.0459964797,0.0769200623,0.0824850574
0.0816108063,-0.0498725995,0.134001389,-0.0800883621
0.107916377,-0.11428301,0.175980583,-0.188741297
0.0871034339,-0.120692626,0.143343389,-0.204143733
0.0117339343,-0.0694785714,0.0210427623,-0.121570684
-0.0905571133,0.0101321368,-0.147710428,0.0126727307
-0.171122,0.0737666935,-0.277913183,0.120918892
-0.186099023,0.0845040604,-0.304105431,0.144807205
-0.120161705,0.032413315,-0.201765314,0.0630780756
0.00429831678,-0.0596733689,0.00044882606,-0.0903712809
0.137191042,-0.147671491,0.217900202,-0.237880602
0.224463105,-0.189241081,0.349435896,-0.304829061
0.233132929,-0.166096985,0.366653174,-0.271382868
0.165028378,-0.0935801938,0.273330808,-0.16319114
0.0530169569,-0.0121222502,0.0937471911,-0.0275810547
-0.0571897104,0.0350323953,-0.0899418071,0.0562957488
-0.12941812,0.025931811,-0.211867735,0.047830347
-0.151992962,-0.0272977632,-0.250735611,-0.0384912305
-0.138454661,-0.0842738748,-0.230676442,-0.132931665
-0.115230724,-0.0981627032,-0.194437534,-0.160569474
-0.104222886,-0.0421367176,-0.177141994,-0.0730670616
-0.110268243,0.0736622363,-0.182818875,0.117456213
-0.119932123,0.204138875,-0.191359848,0.326536894
-0.111379974,0.289946973,-0.172112137,0.456020921
-0.0690113828,0.286781996,-0.105680168,0.458397686
0.00564754754,0.188471377,0.0120471325,0.317312151
0.0927150473,0.0319583528,0.156109542,0.0617076866
0.16271925,-0.118711673,0.26405251,-0.191630647
0.190343112,-0.201779589,0.300165117,-0.32529971
0.165882125,-0.186256841,0.263211995,-0.309630573
0.0989172235,-0.0857512653,0.163818493,-0.153343141
0.0131597091,0.0487876348,0.0243371241,0.0722556338
-0.0640916824,0.153490782,-0.101502255,0.25069651
-0.112311155,0.181110382,-0.17734012,0.298517793
-0.123394497,0.121628568,-0.198467553,0.207916602
-0.101251006,0.00474073831,-0.165465713,0.018584257
-0.0572400354,-0.115954854,-0.0975106061,-0.183886796
-0.00484908,-0.18864505,-0.0134212878,-0.307335049
0.0437665619,-0.186414018,0.0652828738,-0.307770073
0.0788875669,-0.11745327,0.125333324,-0.200037971
0.0933275372,-0.0188264251,0.151718274,-0.0390211083
0.0832087025,0.0619447231,0.140003473,0.097289674
0.0498669595,0.0881587192,0.0890105963,0.146269098
0.00159662007,0.0485435724,0.00850399025,0.085085772
-0.0468815006,-0.0402157791,-0.07531894,-0.0622807555
-0.0784759596,-0.14248082,-0.129825398,-0.229320809
-0.0803970546,-0.218865246,-0.134557158,-0.351206541
-0.0504673272,-0.240709141,-0.0887688845,-0.38740769
0.000441924698,-0.198578283,-0.00834911875,-0.328352064
0.0517819673,-0.103046373,0.0795314312,-0.178053841
0.0814835131,0.0207062811,0.133239374,0.0257120151
0.0752036572,0.141318858,0.126333654,0.226633385
0.0321787186,0.229755357,0.059006758,0.366650879
-0.0351462029,0.2661376,-0.0466404445,0.424002796
-0.107304446,0.244203627,-0.163659558,0.393944502
-0.16640088,0.172995597,-0.260830492,0.284375668
-0.202631027,0.0751917958,-0.324378103,0.129693836
-0.215698108,-0.0184145011,-0.350242972,-0.0211695246
-0.211186931,-0.0778276771,-0.34482801,-0.120447077
-0.194835275,-0.0840114206,-0.321215659,-0.134213701
-0.168625325,-0.0366886929,-0.281353652,-0.0599046461
-0.13115555,0.043926809,-0.220164686,0.0730875731
-0.0817860216,0.123312883,-0.13678059,0.20433411
-0.025428772,0.165283009,-0.0414250009,0.274508208
0.0257698055,0.146417856,0.0452434607,0.247133613
0.0557979122,0.0662024245,0.0976762474,0.116083555
0.0519537665,-0.051822152,0.0913861096,-0.0808758512
0.0119523546,-0.168809637,0.0204847194,-0.274538696
-0.0533249043,-0.245738178,-0.0864746794,-0.394803047
-0.123553924,-0.258449525,-0.198379725,-0.409518987
-0.17770116,-0.206174612,-0.287912577,-0.329920381
-0.203374848,-0.110167697,-0.334433198,-0.180009484
-0.201867849,-0.00361407804,-0.332907289,-0.00656081131
-0.186206758,0.0822101608,-0.304230452,0.13603361
-0.173314735,0.129272267,-0.279386699,0.213318497
-0.174597621,0.137079477,-0.280912399,0.226568207
-0.190052822,0.119074412,-0.303208232,0.197671562
-0.208934873,0.0939280242,-0.334333807,0.157519951
-0.216289788,0.0764117688,-0.348221064,0.129044488
-0.201434985,0.0719308481,-0.32739988,0.121022694
-0.163553044,0.0763608739,-0.269216746,0.12840125
-0.111453854,0.0800517499,-0.185330257,0.137475789
-0.0580771714,0.0732106566,-0.0979481265,0.124554522
-0.0133533534,0.0499812067,-0.0218169522,0.0855834708
0.0201770552,0.00996413082,0.0344957784,0.0192250963
0.0464859121,-0.0424287543,0.0789664164,-0.069720991
0.0708202571,-0.0995486677,0.114486694,-0.163039252
0.0938050449,-0.152041569,0.151044384,-0.2500512
0.109059006,-0.190249443,0.172791332,-0.309866995
0.106314048,-0.206006944,0.168750599,-0.335889548
0.07848268,-0.195107907,0.125047773,-0.32133007
0.0283711981,-0.159744933,0.0437423103,-0.269066662
-0.0294708516,-0.109340422,-0.0507275239,-0.186001539
-0.073684141,-0.0582922623,-0.122426301,-0.0991722345
-0.0857750624,-0.0205599573,-0.145006999,-0.0330460221
-0.0594736449,-0.00308416109,-0.102149539,-0.00323744956
-0.00448886491,-0.0014730891,-0.0107424976,-0.000366650318
0.057778351,-0.00102765218,0.094674401,-0.00106549694
0.104600735,0.016216794,0.172710091,0.0241007656
0.122923166,0.0611387603,0.204113126,0.0957874879
0.115024149,0.129075855,0.190688401,0.205651313
0.0957068875,0.198414654,0.159802645,0.316716284
0.0825763717,0.238336042,0.137037188,0.380904347
0.0848955736,0.223086327,0.141426638,0.36255008
0.0974494293,0.146150231,0.164284378,0.24414061
0.103169866,0.0268025585,0.175721496,0.0497959144
0.0833970234,-0.0953971222,0.14016141,-0.156373292
0.030241102,-0.176762208,0.0500972494,-0.291851193
-0.0459653698,-0.189176813,-0.075416185,-0.312784523
-0.118780792,-0.133733451,-0.197172403,-0.223482445
-0.156995744,-0.0410530977,-0.261826038,-0.0695612282
-0.139873058,0.0426651239,-0.234240934,0.0722071901
-0.0686351657,0.0776005611,-0.117983833,0.13353093
0.0318443552,0.049616769,0.0520818122,0.0900327563
0.12245439,-0.022856662,0.202264369,-0.0350355431
0.166239515,-0.0981834307,0.271895111,-0.161372319
0.144257456,-0.132792369,0.236508042,-0.221857294
0.0636821687,-0.10384398,0.106873453,-0.179318339
-0.0453429334,-0.0218065213,-0.0744575188,-0.0425389148
-0.142387167,0.0736485347,-0.231467485,0.117370658
-0.193093523,0.132662669,-0.309326768,0.217963755
-0.182142988,0.119767517,-0.294937313,0.202913374
-0.117761962,0.0317765139,-0.195910245,0.0641170219
-0.0267214235,-0.0999448746,-0.0487795286,-0.156764552
0.0572333112,-0.223923102,0.0876587555,-0.357957244
0.106344759,-0.292473793,0.158693984,-0.460932046
0.10820543,-0.283198297,0.16566214,-0.450861603
0.0686259344,-0.207696855,0.106687948,-0.34351486
0.00789807551,-0.103795156,0.0114966361,-0.180040583
-0.0474068113,-0.0159378499,-0.0792064369,-0.0298214965
-0.0739098713,0.0258970354,-0.122791015,0.0442427658
-0.0591098852,0.0182169639,-0.10007561,0.0340166874
-0.0051405211,-0.0183492415,-0.0113239335,-0.0266485494
0.0722927377,-0.053384237,0.116182059,-0.0871502087
0.149374619,-0.064481616,0.241809681,-0.108822078
0.202379644,-0.0487107858,0.325513989,-0.0846890584
0.215982661,-0.0219409168,0.350990057,-0.0417438895
0.188724101,-0.00716981431,0.310420841,-0.016039053
0.13335754,-0.0190611221,0.223002762,-0.033473935
0.0715723857,-0.0537927598,0.12240538,-0.0907349437
0.0249277465,-0.090131402,0.0434630699,-0.150717378
0.00574289309,-0.101224825,0.00698474422,-0.169682428
0.0120890494,-0.0705218613,0.0165697671,-0.120397285
0.0294268001,-0.0028198089,0.0448148772,-0.00937670097
0.0383528024,0.0760094225,0.0644123182,0.122526489
0.0247986354,0.130964965,0.0450304821,0.215724334
-0.0124601405,0.135553539,-0.0141235935,0.2257047
-0.0609942302,0.0859702229,-0.0952406302,0.146752596
-0.101242386,0.00434530294,-0.165955842,0.0136253294
-0.117049299,-0.0708410516,-0.194246113,-0.112082221
-0.104538605,-0.102545924,-0.176610678,-0.168098629
-0.0743008628,-0.0724410787,-0.129856944,-0.122312345
-0.0454041138,0.0106351553,-0.0782060027,0.0145571344
-0.0343229137,0.114840247,-0.0572271198,0.186969012
-0.0449842624,0.199684694,-0.0692334175,0.323300511
-0.0658651516,0.233461916,-0.0998819843,0.376347959
-0.076365307,0.205674052,-0.118304223,0.338918179
-0.0594133176,0.129369989,-0.0964244157,0.221262425
-0.013363895,0.0334468037,-0.0231390353,0.0636937842
0.0439490341,-0.0504833981,0.0705680549,-0.0803089589
0.0822400898,-0.100255117,0.133914068,-0.167634726
0.0740505978,-0.109410144,0.12255808,-0.186333835
0.0104975076,-0.0861794502,0.0200865306,-0.148784831
-0.0912435725,-0.047329165,-0.149329111,-0.0825700983
-0.193610132,-0.0107285939,-0.314746082,-0.0161029864
-0.255539358,0.0101103429,-0.409227252,0.0206332356
-0.252411962,0.00834986381,-0.407140046,0.0196561944
-0.188740566,-0.0161711331,-0.314199924,-0.0179951899
-0.0965902433,-0.0577071197,-0.166080058,-0.0881171003
-0.0199507792,-0.10535264,-0.0369634405,-0.171927005
0.00729719177,-0.14429231,0.0112497266,-0.239643738
-0.021452602,-0.158729509,-0.0353742018,-0.264154464
-0.0822732896,-0.136925861,-0.137143806,-0.227715895
-0.133306652,-0.0770020783,-0.22122632,-0.128701061
-0.136898875,0.00942170527,-0.230723396,0.015239859
-0.0798398331,0.098697342,-0.137501642,0.164493918
0.0188909695,0.162675202,0.0292523932,0.270328134
0.117057376,0.179999292,0.19100669,0.293796301
0.170300677,0.146211758,0.280823529,0.238022819
0.154627949,0.0773419589,0.26205036,0.127721384
0.0786839873,0.00422403123,0.138969257,0.00587781752
-0.0204669442,-0.0407305695,-0.0306806136,-0.0693562552
-0.0958023071,-0.038445577,-0.161059767,-0.0642351583
-0.113523431,0.00753932167,-0.193052977,0.0132924747
-0.0691774189,0.0724464282,-0.120026618,0.121542618
0.0112184454,0.122189857,0.0164632201,0.204139695
0.0851631686,0.13030535,0.142188579,0.215324402
0.115230329,0.0914550945,0.194619715,0.151792035
0.0871298686,0.0244627073,0.150645569,0.0419536754
0.0154745486,-0.0370385647,0.0310099311,-0.0620809048
-0.0648844093,-0.0619148947,-0.106210552,-0.10385675
-0.116677269,-0.0380927511,-0.195733339,-0.0636277795
-0.117635548,0.0202208906,-0.199474603,0.0331802182
-0.0688652545,0.0786710158,-0.116454169,0.130734026
0.00914284587,0.099473998,0.0136544993,0.168842703
0.089494206,0.0604630075,0.149514288,0.105481029
0.153061271,-0.0331373885,0.25307408,-0.0515354872
0.196092471,-0.150231272,0.314550042,-0.239251822
0.227741987,-0.248008624,0.347796172,-0.385558814
0.259892821,-0.291723311,0.384643406,-0.44399938
0.295898408,-0.270310402,0.434822291,-0.41153577
0.32523495,-0.200293183,0.485679299,-0.311925411
0.327494562,-0.116460085,0.501452029,-0.189174265
0.283749938,-0.0544631965,0.450214416,-0.0940881819
0.1890807,-0.0343539342,0.314977288,-0.0626614541
0.0592398867,-0.0531963594,0.10494367,-0.0910452157
-0.0725963637,-0.0898622721,-0.116287589,-0.148972809
-0.167964056,-0.118656404,-0.273620129,-0.190836489
-0.198593408,-0.12396916,-0.325842172,-0.196442321
-0.158055231,-0.107995324,-0.265729278,-0.173159197
-0.0643163025,-0.0876505375,-0.115000091,-0.143163741
0.0476852842,-0.0828659758,0.0728100687,-0.135568529
0.139797881,-0.103155121,0.226052552,-0.169481099
0.184573084,-0.14021489,0.296881825,-0.228349969
0.17366299,-0.170940414,0.280955911,-0.278084069
0.117996164,-0.169477671,0.192037284,-0.281299114
0.0408296585,-0.121931724,0.068295002,-0.208223477
-0.0324440524,-0.0357712023,-0.054155875,-0.0659181029
-0.0831957012,0.0613582283,-0.136576086,0.098737061
-0.104029641,0.133222371,-0.169120654,0.218988806
-0.0981599391,0.151419118,-0.158965409,0.253252804
-0.0752461925,0.108578458,-0.121478297,0.185452476
-0.0462824292,0.0219340697,-0.0752316043,0.0439595021
-0.0198030267,-0.0743064061,-0.032987766,-0.11883004
-0.000456510374,-0.143896043,-0.00384374522,-0.236491725
0.0103289764,-0.163571075,0.0142932078,-0.271119356
0.0126858996,-0.131333679,0.0171192791,-0.222105846
0.00684815645,-0.0648565292,0.00829725899,-0.112979069
-0.00737157045,0.00821152236,-0.0123638185,0.0104784891
-0.0300925151,0.0626663417,-0.0482936949,0.103627972
-0.0603276156,0.0849411637,-0.0977672935,0.14327459
-0.0951020345,0.0755339935,-0.154617488,0.128490865
-0.129354,0.0449842662,-0.211532816,0.0797538459
-0.156902447,0.0068279393,-0.257401139,0.0154856946
-0.172274426,-0.0282205977,-0.283448994,-0.0408810377
-0.172704503,-0.0542344563,-0.285816312,-0.0846544057
-0.159356952,-0.0684023499,-0.263170511,-0.108600356
-0.136975005,-0.0681890473,-0.229137138,-0.110175788
-0.111787178,-0.0501716174,-0.188866079,-0.0819678232
-0.0884047151,-0.011813961,-0.149422318,-0.0203652252
-0.0671951771,0.0449626446,-0.114035681,0.0748056024
-0.043722678,0.111178443,-0.0730117857,0.18299602
-0.0110563552,0.171684116,-0.016838247,0.281414777
0.035712,0.210038036,0.060642682,0.340841711
0.0948395953,0.215290606,0.154009134,0.350013673
0.155857295,0.187073424,0.252870828,0.301275849
0.201873973,0.135963216,0.328942239,0.220242321
-0.108017854,-0.00490990235,-0.150377333,-0.00945412461
-0.0737079084,-0.068901591,-0.138401657,-0.107354961
0.00339002581,-0.119290695,-0.000305816939,-0.194068655
0.0959201604,-0.143015549,0.15134187,-0.234818682
0.173875988,-0.137608871,0.276549011,-0.226361766
0.21416451,-0.11144682,0.341813713,-0.184949562
0.206579685,-0.0789350718,0.336191505,-0.133704528
0.155058607,-0.0534772612,0.258292407,-0.0932870284
0.074860394,-0.0419324487,0.128339708,-0.0736193284
-0.012687753,-0.0430559404,-0.0166684352,-0.0738790482
-0.0860997066,-0.0500151999,-0.142366216,-0.0825416967
-0.128928915,-0.0549479537,-0.214101627,-0.0885646567
-0.133399338,-0.0528378189,-0.222467452,-0.0832935795
-0.101959601,-0.0429210626,-0.17236492,-0.0685346201
-0.0464742891,-0.0276226327,-0.080800578,-0.0436475724
0.0149323028,-0.0104515143,0.0212652758,-0.0165248681
0.0628445372,0.00547466846,0.103923552,0.00775317987
0.0821615234,0.0175430737,0.138422862,0.0267405678
0.0667165816,0.0229863673,0.114134602,0.0363961495
0.0213554557,0.0187475979,0.0384171158,0.030812908
-0.0393774211,0.00273579569,-0.061890319,0.00389186316
-0.0956674591,-0.0239264015,-0.158125922,-0.036646653
-0.128598869,-0.0552365072,-0.212341204,-0.0875532255
-0.12608476,-0.0809603855,-0.211271122,-0.130288735
-0.0866988078,-0.0901891813,-0.148373693,-0.148586899
-0.0202942491,-0.0765583739,-0.0387152173,-0.126688883
0.0546798892,-0.0424833149,0.0861320272,-0.0712462664
0.116335787,0.000207468882,0.189694375,-0.00190091517
0.145572275,0.0342314504,0.241132677,0.0532264486
0.131766111,0.0439714976,0.220367432,0.0694768429
0.0764261037,0.0224658363,0.131500453,0.0358967148
-0.00635310123,-0.0251937117,-0.00530236913,-0.0425575227
-0.093183212,-0.0838124827,-0.150443628,-0.135958999
-0.158022225,-0.134452716,-0.259729207,-0.214750513
-0.180589229,-0.162052557,-0.29462266,-0.256767869
-0.153940722,-0.160655349,-0.25561583,-0.257336229
-0.0882451758,-0.134061784,-0.152934328,-0.219486013
-0.00860326644,-0.0922696665,-0.0227464866,-0.153274909
0.0532358848,-0.0462273136,0.0852122456,-0.0798757449
0.0708296522,-0.00397830736,0.120273367,-0.00814519543
0.0341861807,0.0300171115,0.0601043329,0.0459570102
-0.0447651409,0.0528640561,-0.0686694086,0.0863696858
-0.13542527,0.0607896671,-0.217284128,0.101746365
-0.200026333,0.0487332568,-0.322071254,0.0838704482
-0.209127322,0.0128954239,-0.34223333,0.0280229189
-0.154605538,-0.0451024882,-0.259654135,-0.0663900897
-0.054206863,-0.115328804,-0.0961751491,-0.185819224
0.0548926331,-0.180520073,0.0823495612,-0.292698145
0.131219953,-0.221462145,0.205176532,-0.357270241
0.146457598,-0.224623859,0.229965016,-0.363957375
0.0975170657,-0.188216314,0.157808021,-0.312351584
0.00774690509,-0.123295389,0.0135337953,-0.211338222
-0.0833740309,-0.048986759,-0.137143031,-0.0852947757
-0.137465566,0.015930457,-0.228406683,0.0271047782
-0.1336402,0.0607932135,-0.222212464,0.103902616
-0.0767429471,0.0861785188,-0.131659225,0.14687711
0.00604002737,0.100925356,0.0066787228,0.169925407
0.0782758221,0.114996269,0.127647042,0.190737188
0.110769957,0.132441103,0.185449883,0.212976113
0.0938222632,0.148617372,0.160373196,0.240832373
0.0399324931,0.153312922,0.0724528953,0.25138092
-0.0236801654,0.137926936,-0.0341058038,0.229161322
-0.0686312914,0.102404878,-0.109861732,0.173834607
-0.0783320516,0.0576350577,-0.129634649,0.0991680622
-0.0544177331,0.0215288252,-0.0922155157,0.0395387895
-0.0141714085,0.0106103113,-0.026561426,0.0190466922
0.0191495959,0.0315760523,0.0298013855,0.0522102788
0.0280198511,0.0774348676,0.0487096272,0.125025839
0.00877833832,0.130402744,0.0173139498,0.212922245
-0.0273095351,0.170080736,-0.0403112844,0.280023783
-0.0600204617,0.182641178,-0.0927301049,0.299069256
-0.0699454024,0.16634348,-0.109812923,0.275910288
-0.0474281348,0.130859062,-0.0780767947,0.220055506
0.00316028669,0.0913135931,0.00438214187,0.155191258
0.0652500167,0.0606745705,0.107940212,0.10220211
0.116729133,0.0446224809,0.192647025,0.0708167627
0.13833636,0.0411849581,0.230147213,0.0644042715
0.120400555,0.0444159806,0.201905847,0.0694213584
0.0656217039,0.0491206907,0.114391997,0.0779777616
-0.0126319723,0.0534023903,-0.017360609,0.0879315957
-0.0953748599,0.0576678514,-0.154665783,0.0963576362
-0.164293319,0.0613888092,-0.267778426,0.10268788
-0.207055688,0.0606049076,-0.334434509,0.101186387
-0.220029876,0.0487203151,-0.356270105,0.084224008
-0.207808435,0.0208159927,-0.33950159,0.0399901047
-0.180040896,-0.0210390873,-0.29592365,-0.0286746398
-0.14697209,-0.0652998984,-0.244739816,-0.102695554
-0.115522698,-0.0939435363,-0.194260493,-0.152051613
-0.0875284821,-0.090483956,-0.148332343,-0.149864271
-0.0608455054,-0.0492273159,-0.105135091,-0.0849351361
-0.0326896794,0.0194178075,-0.0578357875,0.0298491996
-0.00335978041,0.0912004113,-0.00692133419,0.149926484
0.0219478887,0.137605369,0.0374469906,0.227993309
0.034775462,0.138402313,0.0611550435,0.229908049
0.0282472707,0.0908763111,0.050028801,0.154868424
0.00285319891,0.0109171662,0.00857333094,0.0230060425
-0.0302365646,-0.0746532828,-0.0483202562,-0.120781608
-0.0511239432,-0.140477657,-0.0852254555,-0.230815619
-0.0388142243,-0.173258483,-0.0684660152,-0.282619148
0.0182231572,-0.175162718,0.0230527967,-0.286188334
0.113595143,-0.158794388,0.17631197,-0.261262327
0.221595496,-0.137292966,0.347158104,-0.222366586
0.305050373,-0.115783393,0.470960647,-0.186969921
0.330095381,-0.0893693864,0.509105206,-0.145807207
0.281620115,-0.0487161167,0.448882908,-0.0865874067
0.171877339,0.010538823,0.287463456,0.00722602382
0.0372683778,0.0808722526,0.0686910376,0.127492458
-0.0762887448,0.143480688,-0.119829997,0.234538987
-0.133247986,0.176906124,-0.213278621,0.289948493
-0.124287166,0.169084445,-0.200242832,0.281315386
-0.0701893121,0.125636488,-0.116141483,0.214278251
-0.0113305841,0.0688826591,-0.0191431399,0.11960426
0.0125485603,0.0272150468,0.0233115815,0.0468814895
-0.0174958892,0.0202171132,-0.0264845472,0.0327458121
-0.0896555185,0.0478637367,-0.145667449,0.0777707249
-0.166922078,0.0903339982,-0.268466562,0.147760659
-0.205705151,0.119197004,-0.329998612,0.195505261
-0.178314224,0.114145286,-0.29021883,0.192706257
-0.087886177,0.0758612528,-0.15026927,0.132753536
0.0320390649,0.0272716042,0.0494528934,0.0506989993
0.133350059,0.00169553014,0.218550146,0.00226135761
0.17672874,0.0238576904,0.290798992,0.0332356356
0.150690585,0.0941877514,0.249359459,0.144373387
0.0765566528,0.185569495,0.131018713,0.294358253
-0.00318374392,0.255186647,0.00230064336,0.406097412
-0.0470722169,0.265804648,-0.0696489662,0.427278936
-0.0359048732,0.205341861,-0.0547761805,0.341985673
0.0180463698,0.0941015482,0.0312078875,0.164706796
0.0785584375,-0.0245495122,0.131104395,-0.0364108756
0.105689578,-0.105375476,0.173509136,-0.1756365
0.0780055299,-0.123185597,0.128444046,-0.209259331
0.00502637541,-0.0838958919,0.00991790462,-0.14550671
-0.0767638311,-0.0191082619,-0.127596393,-0.03521033
-0.122402228,0.0323821381,-0.203519195,0.0547535233
-0.101911835,0.0456401482,-0.172415704,0.0814293101
-0.0166322384,0.0215225015,-0.0322501808,0.0406753458
0.100008003,-0.0167729948,0.161249846,-0.0237811059
0.197710842,-0.039874237,0.319165289,-0.0681979209
0.232853949,-0.0311294273,0.375350475,-0.0566741787
0.188656896,0.00323398644,0.312535852,-0.00385512202
0.0822516456,0.0388699174,0.14320454,0.0599934794
-0.0442498736,0.0501483232,-0.0673747435,0.0830811337
-0.143618286,0.0286991689,-0.233411998,0.0510243289
-0.184183642,-0.00819925312,-0.301898986,-0.0073227277
-0.161512658,-0.0256203935,-0.269307911,-0.0371346027
-0.0964467749,0.00811009854,-0.166905105,0.0154885212
-0.0219498053,0.0993374586,-0.0414966084,0.16256918
0.0335433967,0.219337076,0.0551580898,0.349891573
0.0577307083,0.314319402,0.0955024734,0.48712793
0.0560444072,0.331659496,0.0959263295,0.515476286
0.0440545864,0.249089181,0.0798807591,0.405324548
0.0361646675,0.0907027274,0.0688510686,0.15968436
0.037316639,-0.0803345293,0.0646952465,-0.127599731
0.0418802723,-0.190382868,0.0656982586,-0.311635166
0.0393551588,-0.191472113,0.0585737005,-0.316951811
0.0226772428,-0.0863258019,0.0315598212,-0.153137162
-0.00613399362,0.0714329779,-0.0115964171,0.110888906
-0.0361951031,0.203026518,-0.0561388098,0.326855421
-0.0533448271,0.243691638,-0.0794661939,0.395596564
-0.0475153886,0.17531006,-0.0719262809,0.295504272
-0.0175782498,0.0354811028,-0.0268301908,0.0697901994
0.0288060755,-0.101979092,0.0447752252,-0.164040104
0.0796983317,-0.165270969,0.125282466,-0.273461729
0.124688037,-0.121863887,0.198910043,-0.209510162
0.158573002,0.00455481466,0.256678432,-0.00319902087
0.181220308,0.146224916,0.292426616,0.22830382
0.194500238,0.22618331,0.310669899,0.352555364
0.19892706,0.19768174,0.321815938,0.315862417
0.19249858,0.0677293986,0.321168154,0.114807978
0.172418952,-0.107209839,0.285773128,-0.170741677
0.138215303,-0.250705242,0.218472764,-0.396865129
0.0937167257,-0.305312186,0.141966149,-0.481734544
0.0461663976,-0.260620654,0.0688150823,-0.423084944
0.00283726072,-0.156111091,0.000274586288,-0.26508376
-0.0325384326,-0.0579734109,-0.0563172065,-0.101093657
-0.060841199,-0.0226629004,-0.100947216,-0.0366776735
-0.0850429013,-0.0666104406,-0.140985325,-0.107297644
-0.105606154,-0.15784578,-0.173258349,-0.25240168
-0.117201366,-0.233487278,-0.190621883,-0.370393544
-0.109853193,-0.23348105,-0.18255046,-0.374382168
-0.0750408545,-0.132766813,-0.132058501,-0.22496143
-0.0137901409,0.0446784757,-0.0310425535,0.0673696101
0.0583912022,0.236689135,0.0930291787,0.373879611
0.11409872,0.372508228,0.177977502,0.558452129
0.124739967,0.40574047,0.192821488,0.597349584
0.0750925243,0.334282428,0.128748119,0.519500554
-0.0257458109,0.198231578,-0.0287999269,0.327782214
-0.143802449,0.0582780465,-0.228236705,0.102945767
-0.232190832,-0.0334352329,-0.372337759,-0.0477199517
-0.251207203,-0.0552590527,-0.407018453,-0.0846540406
-0.187303409,-0.0209838394,-0.314404398,-0.0306888241
-0.0612851419,0.0325810909,-0.110509358,0.056108173
0.0791964456,0.0670538247,0.127389058,0.113204241
0.180116579,0.0610890426,0.295527756,0.0992950648
0.205049381,0.017291626,0.338741481,0.0254242066
0.15103732,-0.044141598,0.255118996,-0.0749391168
0.0485266857,-0.0994075611,0.0856108218,-0.167763934
-0.0545563325,-0.133812428,-0.0875324532,-0.221748665
-0.116516717,-0.146397308,-0.192683876,-0.238230258
-0.121420398,-0.145335123,-0.203399941,-0.235100314
-0.0847592652,-0.138629153,-0.145801201,-0.225589991
-0.0428545773,-0.126996219,-0.0748479515,-0.20906575
-0.0320422873,-0.103723988,-0.05364592,-0.174345091
-0.0688183084,-0.0613273382,-0.115398824,-0.105778225
-0.141278282,-0.000191037281,-0.232032284,-0.00299652526
-0.215916604,0.0670549423,-0.346995592,0.108764112
-0.255609483,0.119085647,-0.40532288,0.192530483
-0.238853142,0.136011973,-0.380434155,0.222102284
-0.170085251,0.110416248,-0.278300196,0.188090086
-0.076143764,0.0526341423,-0.129957303,0.0954838395
0.00840809755,-0.0133300787,0.0124830091,-0.0188861378
0.0585273094,-0.0615167059,0.0961434767,-0.102335423
0.0690931976,-0.0770751089,0.114123851,-0.132016584
0.0534690879,-0.0633742213,0.0893864036,-0.108965218
0.0322254226,-0.0390319079,0.0534953438,-0.0689285249
0.019535102,-0.0263877269,0.0318274163,-0.0442623384
0.0156464707,-0.03787449,0.0250351671,-0.0624253638
0.00972082,-0.0681097358,0.0154876057,-0.112001948
-0.0092846239,-0.0964638069,-0.0160167776,-0.161480933
-0.0411329269,-0.0989987701,-0.0698677227,-0.165674523
-0.0702190548,-0.0632574037,-0.119846672,-0.107933469
-0.0724469647,0.0025260353,-0.123744853,0.00271214079
-0.0297937412,0.0714572072,-0.052447021,0.11889594
0.0559257157,0.110888436,0.0910320207,0.18535842
0.15892902,0.0997713804,0.259689808,0.165655166
0.238834098,0.0412485227,0.385402828,0.0650570691
0.259738773,-0.0366201736,0.417886734,-0.0597101301
0.209229991,-0.0931190923,0.341841519,-0.155673698
0.106760547,-0.0944824517,0.179784268,-0.162188396
-0.00400368776,-0.0311846957,-0.00582786417,-0.0591033474
-0.0757738799,0.0758710206,-0.127823338,0.120665841
-0.0808665082,0.183689177,-0.132968739,0.299767137
-0.0249014925,0.246316567,-0.0401567928,0.399837226
0.0565031171,0.23571898,0.0931010693,0.384520859
0.116621979,0.154488787,0.194587976,0.256459564
0.122329675,0.0344641581,0.208447114,0.0604340881
0.0715904906,-0.0778652579,0.123123802,-0.130024225
-0.0056219832,-0.142075717,-0.0074756695,-0.237441286
-0.0635866001,-0.140914321,-0.10789527,-0.234543264
-0.0657341033,-0.0861252919,-0.116902843,-0.146351144
-0.00498187402,-0.010927042,-0.0153394192,-0.0190865751
0.0913459063,0.0466409288,0.148500368,0.0770878494
0.174742654,0.0613167845,0.287070572,0.0981686264
0.200063199,0.0310674403,0.330353588,0.0494091362
0.148649231,-0.023855485,0.251447797,-0.0406202078
0.0381247252,-0.0719627663,0.069918178,-0.122488067
-0.0860077888,-0.0858617052,-0.139132559,-0.144381598
-0.172396556,-0.0545766503,-0.283847123,-0.089437522
-0.188085213,0.012455577,-0.312161565,0.0214844011
-0.1328419,0.0907878727,-0.223440677,0.150948882
-0.0370089859,0.152505577,-0.0639878064,0.252653152
0.0549965799,0.178226694,0.0914700478,0.294122189
0.106276788,0.164267272,0.177989125,0.267378449
0.102992713,0.122405209,0.174688473,0.201060236
0.05675295,0.0732305497,0.0993157998,0.120720752
-0.00576833589,0.0367430858,-0.0065007871,0.0599256977
-0.05891883,0.0245495122,-0.0972277671,0.0412783064
-0.0904753804,0.0366734527,-0.150441617,0.0610887706
-0.104012072,0.0635185912,-0.172270104,0.105936244
-0.111218907,0.0912150964,-0.183021978,0.151672214
-0.120057091,0.107468016,-0.195402414,0.180441245
-0.12673761,0.105429605,-0.205526441,0.177738905
-0.116773129,0.084576346,-0.191658854,0.144025236
-0.0745484158,0.0491854697,-0.125449732,0.0876159221
0.00452831294,0.00593630271,0.00470881071,0.0154165179
0.107020766,-0.0379426293,0.173857421,-0.0613005497
0.204492524,-0.0754461884,0.328101814,-0.12478704
0.265640229,-0.0999587476,0.418739319,-0.162280202
0.271197259,-0.105759978,0.428327471,-0.173358917
0.223416522,-0.0894698724,0.362303257,-0.15134193
0.144752443,-0.0521114692,0.240812123,-0.0927259102
0.0662847832,-0.000595145451,0.112467825,-0.00568336388
0.0121308519,0.0527693219,0.0214742888,0.0855538324
-0.0116586844,0.0933886543,-0.0200126693,0.155108511
-0.0177265368,0.109407313,-0.0276865959,0.183223695
-0.027446283,0.096621938,-0.0416215323,0.162568569
-0.0562391169,0.0608557835,-0.0906211436,0.104402661
-0.10275697,0.0161987953,-0.16684033,0.0301822051
-0.148411825,-0.0206479803,-0.242609993,-0.0294085257
-0.167912185,-0.0377022773,-0.276603669,-0.0587461181
-0.145128518,-0.0333812758,-0.244505122,-0.0513949357
-0.0852736384,-0.0176628791,-0.146441147,-0.0275589656
-0.0159715526,-0.0077948533,-0.0288657509,-0.00928566512
0.0244414788,-0.0201913863,0.0400824398,-0.0341107249
0.00611022115,-0.0621186718,0.0118093649,-0.102509528
-0.0753180161,-0.127098486,-0.118946813,-0.207605466
-0.192966297,-0.196393207,-0.304525256,-0.30915162
-0.298102647,-0.246161252,-0.453019559,-0.366400629
-0.340981841,-0.257208943,-0.508711278,-0.373983592
-0.293698043,-0.223022148,-0.456133902,-0.334404945
-0.164313599,-0.152561128,-0.277054161,-0.244932145
0.00457101688,-0.0667537153,-0.00444762409,-0.11424356
0.152485132,0.00949695613,0.246307686,0.0113959275
0.225724399,0.0560859442,0.366971314,0.0858154222
0.199198753,0.0635496452,0.330876201,0.0988276526
0.0862037465,0.0340352319,0.152680397,0.0538573377
-0.0676390007,-0.0220248811,-0.103823222,-0.0357196219
-0.203130767,-0.0910465941,-0.325897306,-0.143600315
-0.270670563,-0.160414264,-0.42635715,-0.242453665
-0.248334676,-0.220036581,-0.392411023,-0.33296591
-0.148147717,-0.261774063,-0.244269103,-0.405627161
-0.00912179705,-0.278603405,-0.0280300379,-0.439728886
0.119045481,-0.265358299,0.177507713,-0.420831323
0.194550082,-0.221431017,0.301511973,-0.355540633
0.197224632,-0.153887019,0.31518501,-0.255520672
0.132998496,-0.0783584192,0.221773893,-0.137956038
0.028598126,-0.0157277212,0.0529515296,-0.031226417
-0.0803817064,0.015161721,-0.128028587,0.0247338023
-0.162907764,0.00590654509,-0.265805066,0.0138400914
-0.202386916,-0.0362341367,-0.330059141,-0.0524047725
-0.19978185,-0.0897368342,-0.327698976,-0.138387069
-0.169533357,-0.127288878,-0.280969024,-0.202878177
-0.130577922,-0.128079921,-0.218613878,-0.207800314
-0.0965060294,-0.0881925002,-0.164452523,-0.146723092
-0.0691264346,-0.0236791875,-0.117288135,-0.0415863283
-0.0382757932,0.0358948968,-0.0661277398,0.0588156916
0.0119092958,0.0610263683,0.0190621056,0.103551209
0.0929225385,0.0367869101,0.153100014,0.0644887313
0.202649862,-0.0287632756,0.327020109,-0.0456349291
0.321673959,-0.106654026,0.492901027,-0.1669669
0.417750508,-0.159006089,0.603730142,-0.237393379
0.457516044,-0.155548722,0.64567554,-0.230407178
0.420916229,-0.0869840756,0.617755711,-0.139746696
0.311978608,0.0309868176,0.490821511,0.0339922495
0.160500526,0.164656103,0.268043607,0.254351646
0.0128567647,0.276739627,0.0296559781,0.434923112
-0.0850173086,0.341290265,-0.122825943,0.525158882
-0.105564691,0.352282256,-0.157019958,0.540706933
-0.0506608374,0.322525859,-0.0756074563,0.507864654
0.0493309349,0.27447921,0.0788212568,0.441006839
0.148393959,0.228316203,0.238300011,0.364473462
0.204093888,0.193417206,0.328420967,0.304871708
0.194757968,0.167046636,0.319128186,0.264668584
0.127073646,0.139835358,0.216039285,0.224463761
0.0310402568,0.10410282,0.0599118546,0.171664208
-0.0549202077,0.059907645,-0.0870395452,0.101679675
-0.101430424,0.0154623492,-0.168244094,0.0308446027
-0.100039631,-0.017956879,-0.169184387,-0.0269367397
-0.0643872917,-0.0332714543,-0.110402696,-0.0532999113
-0.0209029987,-0.0325629488,-0.0388403423,-0.0539344735
0.00567800226,-0.0267372355,0.00876412913,-0.04522416
0.00451284042,-0.0300244689,0.00783620123,-0.0488790199
-0.017289374,-0.0524107032,-0.0267530736,-0.086776413
-0.0401504524,-0.0942209885,-0.0669640005,-0.154444993
-0.0435553305,-0.145791411,-0.0751096085,-0.238126397
-0.0173053462,-0.192285046,-0.0351418331,-0.311215341
0.0332677811,-0.220897526,0.0472621843,-0.356065005
0.0903980732,-0.22652857,0.138542697,-0.366965324
0.133126631,-0.213046953,0.208835155,-0.344944209
0.147509813,-0.189857006,0.235040888,-0.309955746
0.132515967,-0.166064739,0.213791147,-0.27514562
0.0990095511,-0.145689651,0.161835194,-0.243574813
0.0630656034,-0.126508191,0.102629386,-0.212095439
0.0377220921,-0.102849826,0.0610301681,-0.173333496
0.0276794732,-0.0703669414,0.0428801477,-0.118498422
0.029349491,-0.0297818966,0.0472683907,-0.0518250018
0.0353915244,0.0126100658,0.057392247,0.0190501865
0.0403839201,0.0478878729,0.0683681592,0.0777846277
0.0439514816,0.0690889582,0.0759389326,0.114706099
0.0495885871,0.0747690648,0.0842320174,0.12472
0.0603387766,0.0696161985,0.102180138,0.115855053
0.0746058896,0.0619907863,0.124688394,0.10243091
0.0853687897,0.0599840917,0.142781213,0.0979150683
0.0839171112,0.0682210252,0.141103536,0.111105584
0.0661919266,0.0868913457,0.113596335,0.140844643
0.0377562642,0.11294502,0.0656653717,0.185601443
0.013684649,0.142076984,0.025444299,0.233203158
0.0122825978,0.169892728,0.0220819246,0.279539794
0.0451612994,0.191592231,0.07502345,0.313602954
0.108760901,0.200943157,0.176716924,0.324653327
0.182356447,0.190193564,0.292967975,0.303446531
0.234690025,0.152199551,0.375713021,0.240241945
0.237010404,0.0845283419,0.386626005,0.133597687
0.176720113,-0.00643646298,0.29664287,-0.0111578088
0.0649870709,-0.104141675,0.114099413,-0.173110932
-0.0658233315,-0.18514353,-0.10492371,-0.301868707
-0.174323171,-0.226643026,-0.277202308,-0.358927637
-0.226684541,-0.215424389,-0.360685289,-0.335206777
-0.21021226,-0.154076681,-0.34371531,-0.24510555
-0.137815952,-0.0611924417,-0.236340135,-0.101411715
-0.041527044,0.0351073183,-0.0768223852,0.058852002
0.041729968,0.107763901,0.0677331612,0.178751022
0.0854783207,0.140835583,0.142562851,0.230951607
0.0833254755,0.13452825,0.143146038,0.221474022
0.0490990244,0.103107952,0.0867737234,0.172780961
0.00829618238,0.0670203418,0.0173911359,0.11146608
-0.0144511769,0.0432377756,-0.0226690061,0.0732553303
-0.00585310021,0.0384730175,-0.0105390064,0.0642406344
0.0320119448,0.0481891483,0.0526748486,0.0818121359
0.0849456787,0.0612650961,0.140179932,0.100630641
0.134445831,0.067376107,0.221128419,0.108537674
0.16564548,0.0630299225,0.272740155,0.101638637
0.171670049,0.0532215238,0.283400774,0.0853608921
0.153239101,0.0481533334,0.254989386,0.0759659037
0.115096383,0.0570317954,0.194250137,0.0908029526
0.0622904822,0.0822884738,0.107081085,0.132848993
-0.00122236263,0.117130004,0.00213098316,0.190806732
-0.0711994022,0.147509739,-0.112402655,0.243593186
-0.140640602,0.157487825,-0.222602949,0.257912964
-0.198812053,0.135565832,-0.316043794,0.22348243
-0.233448803,0.0794617534,-0.372199506,0.135693386
-0.235666469,-0.0022747959,-0.378765911,0.00581834791
-0.205034629,-0.0920851678,-0.334316999,-0.142085776
-0.151605785,-0.167887703,-0.250386566,-0.265034944
-0.0929891765,-0.208950609,-0.1565907,-0.334198087
-0.047201328,-0.201784328,-0.0826676562,-0.329835147
-0.0245621409,-0.144711062,-0.0447194874,-0.24204424
-0.022844078,-0.0497905314,-0.0412739627,-0.088652119
-0.0285447184,0.0590010434,-0.0483674146,0.0943433344
-0.02410735,0.151688188,-0.0393703766,0.247828022
0.00227978034,0.201268852,0.00495102117,0.328835309
0.0492823012,0.193088248,0.0827670321,0.318715006
0.101450868,0.130983293,0.169223964,0.218960464
0.135595798,0.0370750055,0.226963937,0.0638330877
0.131668136,-0.0556954071,0.220262364,-0.0925204456
0.0828836262,-0.115994953,0.138678372,-0.193934575
3.22558626e-05,-0.126531094,0.00224679685,-0.214254171
-0.0922892019,-0.0909156948,-0.153043985,-0.154457346
-0.165800735,-0.0314997956,-0.273831785,-0.0528284237
-0.200170726,0.0211851411,-0.328276783,0.0364743732
-0.190648004,0.042596478,-0.312305033,0.0756182373
-0.148319826,0.0251647234,-0.247032851,0.0469048582
-0.0934061259,-0.0193291809,-0.157017812,-0.0260653794
-0.0454350114,-0.0671358481,-0.0790956989,-0.109364487
-0.0154341348,-0.0957716331,-0.0285042785,-0.158134013
-0.00379566359,-0.0960372463,-0.00842932984,-0.160171673
-0.00411024736,-0.0763041377,-0.00839617848,-0.130540937
-0.00991917122,-0.056685105,-0.0177550931,-0.0947228223
-0.0198772866,-0.056298539,-0.0334625542,-0.0950921774
-0.0380547941,-0.0808435827,-0.0621729344,-0.1318883
-0.0693040639,-0.117810316,-0.115134194,-0.192358777
-0.112903908,-0.142607063,-0.186502174,-0.232800305
-0.159090921,-0.132763267,-0.261643261,-0.215818867
-0.191649303,-0.0825044885,-0.315866858,-0.135510921
-0.196132585,-0.00920644216,-0.324332654,-0.0138377855
-0.169530302,0.0528058186,-0.282411247,0.0876719356
-0.125515446,0.0688785911,-0.207875356,0.116836317
-0.0910409614,0.022858914,-0.149702758,0.0450497828
-0.0944227353,-0.0719197243,-0.15450944,-0.114744775
-0.149962649,-0.176026255,-0.239488557,-0.281078607
-0.246920034,-0.240992814,-0.381472945,-0.368642271
-0.349461526,-0.232129425,-0.519077778,-0.341308653
-0.409324467,-0.145831302,-0.60329175,-0.213604987
-0.386559725,-0.0125363376,-0.588810384,-0.0170204751
-0.269091815,0.116462663,-0.433983386,0.187279791
-0.0815018713,0.192079127,-0.139887691,0.318931699
0.122097656,0.189189225,0.195369959,0.31229654
0.27889809,0.116692878,0.440296412,0.185678631
0.343055159,0.0115046175,0.532929361,0.0155259585
0.304600388,-0.079852134,0.481253266,-0.130167872
0.192828536,-0.122490354,0.314853102,-0.205604628
0.0624815114,-0.106918715,0.107278742,-0.18499516
-0.0309212711,-0.0494968183,-0.0519585013,-0.0865601525
-0.0551821366,0.0190797709,-0.0957987681,0.0309697483
-0.0139021836,0.0700491816,-0.0273579583,0.118853107
0.0580708794,0.0888126194,0.093923077,0.149286062
0.113475278,0.0775840655,0.18816191,0.129497305
0.116314851,0.048859641,0.197256595,0.0798142254
0.0589592122,0.0152066229,0.105317652,0.0226649232
-0.0351981558,-0.0177172963,-0.0524565279,-0.0306729991
-0.124146588,-0.0508653186,-0.203132451,-0.0817515999
-0.16808103,-0.0853612199,-0.276659995,-0.134365395
-0.148241594,-0.115299709,-0.248683393,-0.182621047
-0.0748384446,-0.12583366,-0.131750509,-0.204960659
0.0191298611,-0.0992356986,0.0246010013,-0.165284947
0.0943647996,-0.0262607988,0.151625112,-0.0487042479
0.123525627,0.0839268789,0.202170581,0.12994504
0.102442987,0.202142596,0.169869542,0.318641067
0.0495285317,0.288621843,0.0863963515,0.451632917
-0.00528610451,0.310010999,-0.00046460572,0.488721669
-0.0357835479,0.25561589,-0.0489544645,0.413959593
-0.0311283749,0.144161448,-0.0475166664,0.245702356
0.0012497463,0.0167308599,0.00372798764,0.0336300246
0.0418918766,-0.081369102,0.0670764968,-0.133346677
0.0704386011,-0.121120848,0.112756461,-0.202141508
0.0754878074,-0.102460332,0.12286485,-0.175924942
0.0584457405,-0.0527083538,0.0961037502,-0.093556799
0.0303481128,-0.011638293,0.0521009937,-0.0226818286
0.00443261629,-0.0108855832,0.00933340471,-0.0176197775
-0.0109010227,-0.0581939146,-0.0164778344,-0.0942022279
-0.0150015671,-0.134285226,-0.0256874748,-0.215995952
-0.0128667839,-0.20343928,-0.0246814135,-0.32821092
-0.0101720141,-0.231792688,-0.022332279,-0.375616878
-0.00899302866,-0.203667819,-0.020777531,-0.33560127
-0.00692983158,-0.12776947,-0.0158606749,-0.216495425
0.000120483106,-0.0308380276,-0.00291058305,-0.0569410734
0.0137517303,0.0569242276,0.0219623335,0.0924156234
0.0305382125,0.116288289,0.0511489622,0.190347046
0.0432215855,0.145625561,0.0739720464,0.238458738
0.0451061092,0.15689522,0.0770545006,0.257071674
0.0349127986,0.164289251,0.0616859011,0.267873198
0.018752642,0.172803059,0.0356134363,0.28183502
0.00741485367,0.173686817,0.0172325019,0.283882201
0.00999695156,0.149472654,0.0205547735,0.24850361
0.0273731481,0.0855916142,0.047143288,0.147154585
0.0495762154,-0.0182640068,0.0847118124,-0.0252537318
0.0593573637,-0.143787235,0.098124519,-0.232249931
0.0408538692,-0.259563535,0.0648935586,-0.413114488
-0.0107717663,-0.333836466,-0.0198601186,-0.518993437
-0.0839079544,-0.347983509,-0.132871911,-0.534016609
-0.152783185,-0.303848892,-0.240755036,-0.471004277
-0.187269866,-0.221474603,-0.301825821,-0.351240695
-0.166143075,-0.12888597,-0.277219445,-0.209567189
-0.0877023265,-0.0495801792,-0.152733296,-0.0819955766
0.0274348725,0.00587111013,0.0407051779,0.0101809995
0.143096998,0.0403957441,0.234569862,0.0666588768
0.221245885,0.0639566258,0.359992355,0.101102561
0.236788243,0.0845519677,0.382341921,0.13036637
0.187231153,0.102136172,0.310032636,0.160154536
0.0932594389,0.108762719,0.161061138,0.176073402
-0.00968483463,0.0943966582,-0.00915280636,0.156083778
-0.0849968791,0.0545616522,-0.137774304,0.0951504335
0.0638287365,-0.00981980469,0.0932577103,-0.00817078538
0.103351623,0.000543936854,0.173290417,-0.00706146657
0.111775786,0.0233596638,0.185487613,0.0334154963
0.100458644,0.0573175028,0.170487255,0.0912135243
0.0836570859,0.089250125,0.140683159,0.145265192
0.0701417699,0.102156587,0.118632585,0.168903708
0.059022814,0.0864934847,0.102317385,0.144354865
0.0419463366,0.0484338775,0.0721582174,0.0817036256
0.0102092214,0.00997338723,0.0211261809,0.0165727381
-0.0374921635,-0.000218148547,-0.0613587648,-0.00163988536
-0.0914063528,0.0386447422,-0.151050523,0.0606599487
-0.133638501,0.126672789,-0.217350468,0.205163315
-0.146368474,0.239299491,-0.230293229,0.377936214
-0.120990418,0.33523497,-0.183207735,0.51542151
-0.0630789474,0.373710036,-0.0915712267,0.569167376
0.00973477773,0.333383799,0.0206519458,0.521961272
0.0759991705,0.223806813,0.128402352,0.367686599
0.120383278,0.0833207369,0.202940032,0.143496737
0.139923871,-0.0364944525,0.23417069,-0.059249267
0.143241063,-0.0931811035,0.234824449,-0.155697197
0.143374816,-0.0723303556,0.233221203,-0.125063956
0.148552522,0.00591906626,0.243126556,0.00255086552
0.156408563,0.0961469859,0.256545335,0.151038885
0.155192912,0.148598969,0.256361753,0.237006977
0.131416157,0.132130772,0.220321804,0.217546761
0.0795115605,0.0484467261,0.140090629,0.0826339871
0.00770932063,-0.0689700395,0.0182719901,-0.111943968
-0.0637126863,-0.170582041,-0.103121541,-0.276704997
-0.111360356,-0.213629976,-0.183607355,-0.342697114
-0.12021587,-0.18131797,-0.201792315,-0.295225352
-0.0913994014,-0.0895634666,-0.158183619,-0.151090071
-0.0417744406,0.0213880688,-0.0753183961,0.0329510123
0.0045995363,0.106006622,0.00707143033,0.175210193
0.0286303852,0.133916318,0.049695909,0.223218784
0.025366053,0.102267057,0.0468922481,0.173166066
0.00517688319,0.0348536074,0.0131881163,0.0625198036
-0.0136218742,-0.0307271909,-0.0206178799,-0.0485442579
-0.0164835565,-0.0611317903,-0.0285635367,-0.101476021
-0.00199507619,-0.0418850221,-0.00823789462,-0.0709955767
0.0165135171,0.0177959558,0.0248987656,0.0247913711
0.0181933139,0.0912393555,0.0309778508,0.148733199
-0.0131600024,0.147685647,-0.0162437726,0.241378531
-0.0787379444,0.166008204,-0.122293919,0.272385508
-0.161995903,0.142634913,-0.256192684,0.235813513
-0.235301837,0.090921618,-0.372469962,0.153187335
-0.272609144,0.033458665,-0.432132125,0.0608941391
-0.261575639,-0.00826620776,-0.420011252,-0.00550234085
-0.208912104,-0.0219812095,-0.344650298,-0.0307736322
-0.136436388,-0.0075218454,-0.230956122,-0.00933599751
-0.0702442974,0.0256037731,-0.121815927,0.0427587181
-0.0288669933,0.0637374148,-0.0497063883,0.105320275
-0.0164447222,0.0946641788,-0.0256811697,0.157523677
-0.0238655042,0.111066975,-0.0360601917,0.184904248
-0.0363429897,0.111230291,-0.0577900261,0.186015278
-0.0425785668,0.0977499709,-0.0685735121,0.16494979
-0.0402501039,0.0755126402,-0.0661919862,0.128809586
-0.035143882,0.0498852059,-0.0580271669,0.0859470293
-0.0351622254,0.0254234411,-0.057250578,0.0436386988
-0.0433785059,0.00502758939,-0.0720434189,0.0107009076
-0.0546281822,-0.010464129,-0.0907393023,-0.0170129649
-0.0577663928,-0.0220023766,-0.0962567553,-0.0347502045
-0.0421936177,-0.0311354939,-0.0727925897,-0.0505446568
-0.00467736926,-0.0381407849,-0.0104565592,-0.0619642809
0.0476376526,-0.0404342525,0.0769271404,-0.0667054877
0.0998405293,-0.0325823054,0.164138049,-0.054933358
0.136001796,-0.00874633901,0.223674998,-0.0190072246
0.146255031,0.0329583883,0.242762059,0.0497605279
0.130390763,0.0862543285,0.217558637,0.13682957
0.0963362232,0.13543874,0.161639109,0.218331426
0.0549068749,0.159030885,0.0948745459,0.259754181
0.0142189618,0.137987643,0.0292710941,0.230754077
-0.022998685,0.0654045045,-0.0335278884,0.11420653
-0.0580558479,-0.0470206253,-0.0927616581,-0.0723942444
-0.0924354047,-0.169833928,-0.150517464,-0.271483153
-0.124458544,-0.265049189,-0.199018806,-0.415709108
-0.148990244,-0.300712675,-0.236571983,-0.465091139
-0.160486475,-0.264637083,-0.25756976,-0.416659623
-0.157268986,-0.170760378,-0.260604143,-0.278682142
-0.143896192,-0.0544969812,-0.243427023,-0.0909066349
-0.129599541,0.0415422171,-0.21621196,0.068175301
-0.123333983,0.0853714943,-0.200636491,0.144041061
-0.128409564,0.0689067766,-0.209674016,0.119744338
-0.140312806,0.0104958992,-0.230112359,0.0230615605
-0.149618804,-0.0545072779,-0.245768607,-0.0833710656
-0.148744747,-0.0906368643,-0.246159062,-0.145324007
-0.138592944,-0.0786211938,-0.23127082,-0.129879966
-0.130637646,-0.0234188382,-0.219450653,-0.040589422
-0.142255262,0.0495538823,-0.235777274,0.0792146549
-0.186971098,0.107717454,-0.299910009,0.176975444
-0.264614731,0.127293468,-0.412051082,0.204358831
-0.357117206,0.104051046,-0.536514223,0.164756238
-0.433193296,0.0538764484,-0.631365836,0.0887587667
-0.460603952,0.00349853188,-0.663072884,0.0145812342
-0.420499653,-0.0234122518,-0.624215961,-0.0255528912
-0.316845149,-0.0175460577,-0.501367867,-0.0209941957
-0.17605184,0.0128017655,-0.296473593,0.0261018816
-0.0366805121,0.0475556739,-0.066591531,0.0805329159
0.0660356656,0.0660765171,0.107941739,0.110837072
0.113609441,0.0576046854,0.191650271,0.095607914
0.109605111,0.0256456658,0.187515989,0.0420165472
0.0749393031,-0.0154093392,0.127738595,-0.0262518879
0.0361869708,-0.0489228033,0.0611021072,-0.0818851739
0.0130052706,-0.064834483,0.0207283814,-0.109011538
0.0106240204,-0.0639241338,0.01570867,-0.108512007
0.0202561356,-0.0556234568,0.0319512263,-0.0934152156
0.0261011384,-0.051151488,0.0420644917,-0.0860820934
0.0146058416,-0.0561766773,0.0238671023,-0.0964143872
-0.0187806711,-0.0671680644,-0.028994618,-0.1129997
-0.0680897608,-0.0732833073,-0.113709725,-0.122668095
-0.120231025,-0.0624824725,-0.200885564,-0.104017355
-0.160698473,-0.028344404,-0.26593712,-0.0465061888
-0.178556457,0.026067581,-0.293955415,0.0426212102
-0.168958828,0.0890946612,-0.278258443,0.147419244
-0.13329713,0.145292729,-0.218699485,0.23921895
-0.0781876892,0.181426913,-0.127613842,0.298649997
-0.0143211801,0.190707609,-0.0211373772,0.313902527
0.0448364802,0.173720032,0.0752327666,0.287128001
0.0853082538,0.136489674,0.141926199,0.226295009
0.0963669419,0.0874746218,0.162706539,0.145495221
0.0749829561,0.0352807418,0.129381895,0.0595793501
0.0287269969,-0.0122273983,0.0508827791,-0.0215333477
-0.0253374428,-0.0480717197,-0.0409842767,-0.0807565898
-0.0666544512,-0.0667587966,-0.111724809,-0.111339182
-0.0801590532,-0.0659162179,-0.135973647,-0.109156184
-0.0639602318,-0.0482652634,-0.110956095,-0.0803310573
-0.0311874766,-0.0222771931,-0.0555712506,-0.0369850323
-0.00396472309,-9.43426712e-05,-0.0089398697,-0.0002791117
-0.00169291487,0.00721449591,-0.00151675765,0.012414909
-0.029459415,-0.00490990235,-0.0462673344,-0.00765973888
-0.0731560662,-0.0314165987,-0.120153509,-0.0498485714
-0.10491319,-0.0592106134,-0.17374438,-0.0957718864
-0.0970183685,-0.0733941942,-0.165355325,-0.11967732
-0.0374784842,-0.0654295832,-0.069258824,-0.106809415
0.0612431653,-0.0389022678,0.0957420021,-0.0652183667
0.165754527,-0.00930756237,0.269150287,-0.0184108578
0.236601144,0.00280298246,0.381268471,0.00158657576
0.247202784,-0.0176591538,0.399175793,-0.0316508897
0.196885303,-0.0714555532,0.324207038,-0.119481735
0.110748522,-0.142732143,0.185690567,-0.235987261
0.0260517523,-0.205072358,0.0427235849,-0.33576259
-0.0277267322,-0.23330985,-0.0479402877,-0.378768444
-0.0442050286,-0.215308428,-0.0772447661,-0.349365294
-0.0420687944,-0.157677203,-0.0743540451,-0.262144148
-0.0522677489,-0.0823926553,-0.0892442316,-0.140925094
-0.0974389985,-0.0160254613,-0.161462575,-0.0293232277
-0.175368935,0.0228145663,-0.283371747,0.0379890427
-0.25656122,0.0312643759,-0.406687856,0.0558891669
-0.298348606,0.0212916788,-0.468617409,0.040414881
-0.268535644,0.0109319743,-0.432038128,0.0243534483
-0.165592998,0.012865115,-0.280189723,0.0274194535
-0.023525605,0.026967179,-0.0468120836,0.0480418801
0.102551781,0.0411801971,0.167157158,0.0678204447
0.163493916,0.040235199,0.271080464,0.0636487678
0.141761646,0.0171172749,0.239181474,0.0256291442
0.0615246184,-0.0196750853,0.109141991,-0.0354377963
-0.0230492894,-0.0479176752,-0.0350616761,-0.0806443095
-0.0559785739,-0.0423477441,-0.0946007073,-0.0698196366
-0.00961979851,0.0110530891,-0.0228883047,0.0173102636
0.0993193239,0.104916349,0.156297103,0.168754935
0.216927275,0.210469514,0.339221239,0.32695359
0.279266506,0.288510263,0.423063993,0.424921036
0.245699361,0.306441098,0.379267186,0.455641299
0.120960072,0.253076553,0.206565008,0.400136858
-0.0457148328,0.143863574,-0.0610937662,0.239794597
-0.184115157,0.0139286602,-0.294498384,0.0295317341
-0.237107888,-0.0975263044,-0.381679863,-0.147607073
-0.187671766,-0.163723648,-0.309885293,-0.255327135
-0.0652757213,-0.17978102,-0.118000083,-0.290787995
0.0710104257,-0.161118686,0.106262647,-0.26555419
0.163112342,-0.132553592,0.259859443,-0.218093455
0.181899831,-0.114408039,0.295745313,-0.189595684
0.138221562,-0.112975836,0.229983315,-0.189107895
0.0723635107,-0.119791463,0.122480243,-0.200064972
0.0289812274,-0.119108558,0.0465169922,-0.199233517
0.031966038,-0.0986571163,0.0486493669,-0.165173531
0.0729382485,-0.0574251711,0.116627149,-0.0973628536
0.118838087,-0.00642466871,0.195315972,-0.0138064502
0.133216202,0.037319839,0.221614838,0.0576231517
0.0984284431,0.0595296137,0.169784546,0.0965136513
0.0260081775,0.0549732298,0.0486396067,0.09117762
-0.0502802208,0.0280581284,-0.0797238871,0.0486369133
-0.094125241,-0.0118112341,-0.156005874,-0.0158562697
-0.0873764902,-0.0564655066,-0.147755697,-0.0902675912
-0.039840471,-0.102462567,-0.0698377192,-0.166343644
0.0171587393,-0.149651244,0.023696743,-0.244258866
0.0492905378,-0.19618091,0.0770467371,-0.318729371
0.0387960672,-0.234014124,0.0603214949,-0.378179759
-0.00619221898,-0.249023229,-0.0120688369,-0.401898652
-0.0576729216,-0.226961672,-0.0957915261,-0.368580639
-0.0851628557,-0.162621364,-0.144667551,-0.26855275
-0.0739096403,-0.0667795315,-0.128850669,-0.114201181
-0.0331140198,0.0340619422,-0.0595241897,0.0546471588
0.0105600106,0.106579781,0.0160207562,0.175457433
0.0300817452,0.124743588,0.0534689203,0.208053917
0.0153016783,0.0823078081,0.032592468,0.140329584
-0.0202322192,-0.00298970938,-0.0304836202,-0.00170273392
-0.0472842157,-0.0963008106,-0.0783905461,-0.154697627
-0.0392696112,-0.160725906,-0.069180578,-0.262469649
0.0099436352,-0.173296154,0.00869421754,-0.284509301
0.0796858221,-0.133990869,0.124819003,-0.224793494
0.132084891,-0.0634810627,0.214828625,-0.110418193
0.132845283,0.00879637059,0.221395895,0.00663434807
0.0716620162,0.0595894046,0.125294283,0.0940087512
-0.0295720957,0.0817686021,-0.043232955,0.134941816
-0.126104668,0.0842459872,-0.203746125,0.140400365
-0.172805086,0.0826430246,-0.28100282,0.13963899
-0.14787443,0.0867520571,-0.245148107,0.146805838
-0.0648637936,0.0926258862,-0.111751921,0.157432348
0.0337603688,0.0843810141,0.0542608835,0.145101845
0.0982946232,0.0450239033,0.164753169,0.0777592734
0.0972310156,-0.0299315061,0.165959269,-0.0486986861
0.0329338722,-0.124391533,0.0605830774,-0.206098944
-0.0606099479,-0.204833359,-0.0968568251,-0.33212164
-0.136414289,-0.234270707,-0.221076533,-0.373509496
-0.159190744,-0.190425158,-0.263038278,-0.306854069
-0.12281125,-0.0786499754,-0.212087974,-0.132391021
-0.0514930971,0.0676283538,-0.0914879218,0.108177401
0.0152812125,0.199953422,0.0237740017,0.324553847
0.0453067496,0.275397509,0.0776707605,0.436754525
0.0311225224,0.274686337,0.0588978864,0.438401639
-0.00693203043,0.209115326,-0.00270274188,0.344964564
-0.0332255922,0.113209456,-0.0503817089,0.194003701
-0.0175444465,0.0273138918,-0.0284898859,0.0516430363
0.0475620963,-0.0207891669,0.0745548233,-0.0319391042
0.142123446,-0.0261090696,0.229272783,-0.0448592417
0.228899643,-0.00412613666,0.365450889,-0.0114063472
0.272437483,0.0216371007,0.433808208,0.0278668646
0.256659925,0.0345151275,0.41557765,0.0490594245
0.19194141,0.0336261615,0.31832853,0.0494718514
0.108683221,0.0322522447,0.184692949,0.0499415398
0.0416316651,0.047345724,0.0729210898,0.0749364942
0.0136034703,0.0869047493,0.0228473693,0.142378166
0.026746789,0.143030852,0.0434907004,0.234876871
0.0646995753,0.195022881,0.106963187,0.316516042
0.103006676,0.220901504,0.170995861,0.355060279
0.121321782,0.210715324,0.200109318,0.338437557
0.111101225,0.173736155,0.185765401,0.282708585
0.076071769,0.134938017,0.131534025,0.221911818
0.0272150524,0.122148678,0.0505603068,0.199966446
-0.023388382,0.150614351,-0.0352572091,0.245540127
-0.0660802051,0.213415578,-0.103464499,0.34246698
-0.093653895,0.283227265,-0.142235398,0.445208549
-0.100037873,0.324897736,-0.148801744,0.504903972
-0.0806960762,0.312505066,-0.120472483,0.491565347
-0.0360214412,0.242091954,-0.0532883108,0.395393342
0.0241763927,0.133518443,0.0436015241,0.227988735
0.0791556165,0.0205788407,0.133915693,0.0386707447
0.102070682,-0.0653646141,0.169269368,-0.108328708
0.0709530562,-0.109731369,0.118384384,-0.185068712
-0.01877046,-0.119829476,-0.0278066769,-0.202299297
-0.147241533,-0.118514068,-0.236331403,-0.19515188
-0.27406615,-0.130207464,-0.429682523,-0.201489434
-0.353365451,-0.16690506,-0.533321381,-0.243358076
-0.353952348,-0.221482009,-0.528930485,-0.318203807
-0.274888784,-0.271510839,-0.423065603,-0.399101198
-0.147948086,-0.291218221,-0.24081631,-0.446897984
-0.0245495122,-0.265134722,-0.0493870378,-0.423484981
0.0473892801,-0.196460068,0.0708607808,-0.325854242
0.0456980094,-0.106233738,0.0740187019,-0.184641466
-0.015753489,-0.0242352057,-0.0242694281,-0.0455801673
-0.0940778404,0.0234922729,-0.154549211,0.0382625014
-0.138441548,0.0244530458,-0.227211922,0.0456461608
-0.114824168,-0.0172109306,-0.193530023,-0.0204961672
-0.0222739074,-0.0846697912,-0.0434538051,-0.133902475
0.107134834,-0.156377673,0.167767435,-0.253751934
0.224143311,-0.213799015,0.345026225,-0.336811841
0.285622507,-0.245784417,0.428791255,-0.377470195
0.273699492,-0.249006718,0.414438397,-0.386351436
0.201756552,-0.226050526,0.316528767,-0.361661077
0.105455317,-0.183360562,0.171286404,-0.305098623
0.0244947579,-0.13020727,0.0392574556,-0.221424505
-0.0151209878,-0.0781392381,-0.0281665381,-0.132042289
-0.00981769059,-0.0394357741,-0.0196984969,-0.0675644055
0.0247603096,-0.0236375984,0.0366836935,-0.0384647548
0.0653807521,-0.0329819806,0.107407197,-0.0533298217
0.0938925892,-0.0592376851,0.154638112,-0.0980489776
0.104152694,-0.0846701488,0.172106951,-0.142796054
0.100684099,-0.0881496891,0.164644748,-0.149028942
0.0916592926,-0.0545088276,0.150437638,-0.0952761993
0.0817386732,0.0171584133,0.134476602,0.023045944
0.0695287585,0.110861264,0.115421519,0.178798735
0.0507578738,0.199003592,0.0858474374,0.319701225
0.0242082793,0.253891319,0.0445095859,0.405591011
-0.00439626025,0.260237008,-0.000569479598,0.417334676
-0.0238610487,0.222438574,-0.0323626809,0.362944663
-0.023883203,0.162691429,-0.0368098058,0.271886021
-0.0022635092,0.110546663,-0.00108991133,0.186211139
0.0320734419,0.0889927298,0.0532204397,0.149161518
0.0629477575,0.104072377,0.104361236,0.170195654
0.0760506019,0.143291995,0.127428204,0.232381687
0.0680638254,0.183472052,0.114547729,0.29640314
0.0499356911,0.203665748,0.0868678167,0.330054134
0.0415412821,0.196080118,0.0727580488,0.321225345
0.0600168481,0.169091627,0.100322969,0.280319214
0.108155206,0.140879989,0.178377301,0.232872382
0.169839859,0.127492413,0.276147306,0.204769343
0.215989932,0.132353082,0.347991765,0.208079308
0.218687594,0.143504769,0.353130728,0.223858863
0.166300088,0.140531942,0.276716352,0.22426036
0.0713309869,0.107527502,0.127112716,0.176304609
-0.0337615199,0.0447542705,-0.0493401773,0.0770569295
-0.111229815,-0.0280164517,-0.182679504,-0.0426688902
-0.135919958,-0.0791720822,-0.227627069,-0.125484526
-0.107156038,-0.0805566311,-0.183236212,-0.132016599
-0.0483742021,-0.0225601997,-0.0877827108,-0.038984146
0.00538850296,0.0791692138,0.0066229431,0.127446428
0.0256871581,0.189426944,0.0432160273,0.304803669
0.00512382155,0.269119859,0.015884921,0.428335637
-0.0393474139,0.293092549,-0.0527771376,0.461894035
-0.0758116469,0.260997802,-0.113659404,0.420598924
-0.0744536594,0.195649967,-0.117420495,0.324793369
-0.023438571,0.129876003,-0.0382727049,0.219925955
0.0643931404,0.0889798328,0.102489896,0.149892494
0.157115012,0.0782509744,0.254226297,0.126611397
0.218421593,0.082183592,0.353667259,0.128874719
0.223945796,0.0756641179,0.365559101,0.11649967
0.171365738,0.0407754369,0.287370652,0.0635017827
0.0800731853,-0.0203461051,0.140380993,-0.0342162363
-0.0184547491,-0.0841693208,-0.0261255503,-0.139624476
-0.0941680148,-0.117296167,-0.156155765,-0.193327665
-0.129299939,-0.0950751603,-0.216827273,-0.158910915
-0.122253075,-0.0173132624,-0.20837976,-0.0320205428
-0.0842205584,0.0878170729,-0.143697903,0.144960076
-0.0317519978,0.174650118,-0.0533819124,0.286997437
0.0202856101,0.200919405,0.0362309255,0.329408526
0.0622139759,0.148431867,0.10604462,0.249808699
0.0891067386,0.032995481,0.152145103,0.0600442477
0.09837953,-0.101770423,0.16454716,-0.165750355
0.0880918428,-0.20409508,0.140756369,-0.331584096
0.0575253107,-0.237751603,0.0899497792,-0.386916757
0.00958115514,-0.198273063,0.0120093925,-0.330110997
-0.0470181517,-0.113868788,-0.0798931196,-0.194959417
-0.0978852957,-0.0308029577,-0.164238051,-0.054462295
-0.12637049,0.00937860832,-0.209426582,0.01766566
-0.119230442,-0.0104591018,-0.197674721,-0.0117901303
-0.0722224787,-0.0758782029,-0.123502254,-0.119233042
0.00686672004,-0.149293154,0.00578122726,-0.23992303
0.0992145985,-0.189339876,0.152374357,-0.307901293
0.179844439,-0.171392933,0.282054991,-0.281311691
0.224887341,-0.0992804915,0.356677383,-0.168257087
0.219028518,-0.00295449141,0.355101049,-0.0157486424
0.160964102,0.0761014745,0.2695131,0.118331023
0.0651812777,0.104169734,0.115619987,0.168480247
-0.0408706814,0.0699765906,-0.0593600385,0.120040655
-0.124128804,-0.0117288064,-0.202581584,-0.0125971092
-0.156343043,-0.108429916,-0.258051306,-0.169201493
-0.124646142,-0.18505007,-0.208546638,-0.292349368
-0.0383158624,-0.218469933,-0.0726104379,-0.351482332
0.0719034672,-0.204899147,0.106558107,-0.333584815
0.163363785,-0.157803029,0.257118434,-0.25927043
0.197723567,-0.0988469049,0.318068653,-0.165707186
0.157857552,-0.0472548604,0.262274355,-0.0845890418
0.0578005314,-0.0128374184,0.102218606,-0.0270240046
-0.0601611845,0.00480870577,-0.0953766182,0.00636278652
-0.14193958,0.0120213833,-0.232132092,0.023017779
-0.14573288,0.0152409226,-0.244116962,0.030823037
-0.0631013289,0.0172725506,-0.11063946,0.0319351628
0.0736654401,0.0173404925,0.117216498,0.0310652591
0.203140557,0.0139760813,0.328104138,0.0206717532
0.261685371,0.00805557892,0.419757605,0.0080114333
0.213974148,0.00345679023,0.353421181,0.000273667014
0.0723823756,0.00461363094,0.130570814,0.0019023635
-0.105268322,0.0125144655,-0.167167991,0.0174327157
-0.240136713,0.0219807047,-0.383877754,0.038037762
-0.268425494,0.0225557946,-0.431249976,0.0421344861
-0.1720386,0.00328668836,-0.290439099,0.0135530122
0.0114742815,-0.0407387242,0.0093562752,-0.0609388947
0.205384061,-0.103612728,0.324024916,-0.165311754
0.329390377,-0.168586761,0.499092638,-0.261352688
0.337292254,-0.213582277,0.506171525,-0.326337814
0.238176852,-0.220194548,0.373166025,-0.349917591
0.0905120969,-0.18220605,0.150480077,-0.306331336
-0.0279486291,-0.109575354,-0.0462419651,-0.188506469
-0.0592745543,-0.0257728361,-0.103925616,-0.0447112992
0.00634071184,0.0407098569,0.00380982202,0.0698444396
0.127393007,0.0672443658,0.20653896,0.112722985
0.234375581,0.0458497182,0.37635836,0.0743348449
0.267266929,-0.0137102688,0.430394083,-0.0238550156
0.20756416,-0.087706998,0.341216892,-0.145681337
0.0881321058,-0.147513583,0.150623977,-0.245995343
-0.0242216215,-0.170368463,-0.039359469,-0.281584948
-0.0642539039,-0.147759885,-0.111956261,-0.245381549
-0.00324254599,-0.088423714,-0.0145252626,-0.147679925
0.134902582,-0.0150208045,0.212847427,-0.0269199815
0.284774333,0.0441891216,0.446210802,0.066035226
0.372043639,0.0656940043,0.566702127,0.0940654054
0.350619614,0.0394932032,0.544906139,0.0550868772
0.225377038,-0.0267910548,0.374218225,-0.0472993143
0.0491528064,-0.110031173,0.0906382427,-0.184074938
-0.103887238,-0.179475978,-0.166135564,-0.291030765
-0.174421221,-0.207904816,-0.281971812,-0.329210341
-0.145207524,-0.18218334,-0.243765324,-0.292576104
-0.0461693294,-0.109185688,-0.087173447,-0.181958407
0.0640375689,-0.0143738762,0.0996227339,-0.0276536979
0.129306391,0.0670955107,0.215301394,0.10659796
0.123586468,0.103851803,0.208975822,0.168045864
0.0609312057,0.0812473446,0.110761546,0.134990215
-0.0157401096,0.00826490019,-0.0207940396,0.0171316098
-0.0597426035,-0.0850872174,-0.0987658948,-0.136842594
-0.045498196,-0.159564584,-0.0808178857,-0.259531826
0.0197529029,-0.18321982,0.024814887,-0.300782621
0.10245055,-0.145698264,0.159886941,-0.242548436
0.162474856,-0.0637260526,0.262058437,-0.112494409
0.174577609,0.0252898093,0.288228035,0.033242099
0.13993521,0.0794046819,0.234739393,0.126513585
0.0825149491,0.0712385997,0.14467676,0.117783666
0.0335788205,0.00144792045,0.0610793978,0.0058597126
0.0138125084,-0.0999286696,0.0215928722,-0.161406636
0.0230720695,-0.185488775,0.0338927247,-0.302011877
0.0427180901,-0.210981563,0.0629447401,-0.345022112
0.0481297076,-0.155341759,0.074059166,-0.261985987
0.0235253386,-0.0311774872,0.0375742093,-0.0627160817
-0.0294211432,0.119241133,-0.0474341623,0.189473465
-0.0934767351,0.240960255,-0.14429757,0.384361476
-0.146240264,0.288897544,-0.220371708,0.453529179
-0.172313213,0.246100232,-0.265286714,0.395009875
-0.170057327,0.129878253,-0.270795614,0.220572516
-0.149497285,-0.0164358169,-0.245298207,-0.017108079
-0.123471856,-0.141903549,-0.205071166,-0.22615023
-0.098116979,-0.208093807,-0.163581595,-0.335292697
-0.0688956007,-0.202204615,-0.118404567,-0.329819411
-0.0247360766,-0.138276175,-0.0483430624,-0.231446221
0.0423031561,-0.0473270155,0.0644090399,-0.0837552994
0.127959833,0.0378735997,0.207345814,0.0590091422
0.213251129,0.095927678,0.343819529,0.151712552
0.270766765,0.122307539,0.429467708,0.189461544
0.276941866,0.126087338,0.440177262,0.192392737
0.223964378,0.12116383,0.367204428,0.188122988
0.124998525,0.117441192,0.213525936,0.18899399
0.00989245344,0.11658483,0.0238272436,0.190900087
-0.0865352005,0.113768093,-0.137840718,0.186793
-0.137903586,0.103281356,-0.224261656,0.173588112
-0.135188967,0.0839209259,-0.222525433,0.144078597
-0.0877048373,0.0606732555,-0.14765881,0.106081471
-0.0168808363,0.0418143533,-0.0302389432,0.0733248889
0.0531640612,0.0335090458,0.086038813,0.0564610884
0.103562959,0.0355493464,0.171171159,0.0582713224
0.124339588,0.0411357805,0.207220078,0.0666351467
0.113899507,0.0410666168,0.191792592,0.0662058741
0.0766636357,0.0299004,0.131714255,0.0477392226
0.0212491229,0.0102849556,0.0394951813,0.0164774507
-0.0400491543,-0.00744724832,-0.0643159226,-0.0133750103
-0.0917172134,-0.0106123611,-0.151229173,-0.0174200442
-0.117404141,0.00832645036,-0.195675522,0.0146611268
-0.105029911,0.0463431962,-0.177236155,0.0779340416
-0.053040985,0.0898537561,-0.0917587951,0.150140971
0.0256619044,0.120604984,0.0399578586,0.20087643
0.105474025,0.124634467,0.173351705,0.205410942
0.156376675,0.09963613,0.260006398,0.16280508
0.155979604,0.0567180291,0.261995524,0.0901823193
0.0998399481,0.0153995203,0.171727777,0.0233510993
0.00463979086,-0.00575305382,0.0135373957,-0.0126436614
-0.0980751961,0.00187113171,-0.159504756,0.000401696423
-0.175182223,0.0328413881,-0.286520302,0.0551196076
-0.206095994,0.070495896,-0.334906876,0.117074065
-0.190824211,0.0950410888,-0.312647641,0.160725057
-0.148020774,0.0926684067,-0.244395718,0.156143576
-0.104204819,0.0610903054,-0.173614159,0.107948937
-0.0798745379,0.00902947318,-0.132003903,0.0200898368
-0.0797719508,-0.0494412296,-0.132825956,-0.0787364766
-0.0922007486,-0.10210228,-0.154402733,-0.165566996
-0.097342059,-0.143164232,-0.163023949,-0.232170567
-0.0796696395,-0.172892705,-0.135904044,-0.280277848
-0.0374815352,-0.193106771,-0.067317009,-0.313308299
0.0156530701,-0.201981202,0.0179732479,-0.3283225
0.0581307001,-0.192096397,0.0893751904,-0.315079182
0.0720042288,-0.153742194,0.115518861,-0.257835269
0.0525290817,-0.0821531042,0.0875095278,-0.142472744
0.0103299171,0.0154567333,0.0185695793,0.020252835
-0.034786582,0.117773198,-0.0559710339,0.190194473
-0.0646356344,0.194725648,-0.102628104,0.316892833
-0.0718367621,0.218932137,-0.112227358,0.356819928
-0.0622232333,0.178272814,-0.0970917642,0.297077417
-0.0493356586,0.0833215266,-0.0783317387,0.146875784
-0.0444770269,-0.0347296819,-0.0732852519,-0.0528110079
-0.048402071,-0.135674268,-0.080574505,-0.220496267
-0.0498098135,-0.186746746,-0.0832809433,-0.305309683
-0.0319069996,-0.176570341,-0.0585518442,-0.291622996
0.0164017249,-0.120012224,0.0199536886,-0.203223303
0.0910230577,-0.0513594151,0.144718036,-0.0883451849
0.170629904,-0.008609185,0.277125955,-0.0170388129
0.224031374,-0.0158794075,0.363889605,-0.0263958834
0.223952934,-0.071960859,0.364471257,-0.117055476
0.160682991,-0.150338575,0.264594972,-0.246030092
0.0487959906,-0.21083793,0.0819232911,-0.344941139
-0.0766718388,-0.217788175,-0.123710483,-0.354919046
-0.173262328,-0.156643525,-0.281894624,-0.255304664
-0.207744241,-0.0416662134,-0.34164834,-0.0707399175
-0.16919823,0.0887949988,-0.281968951,0.144687831
-0.073112458,0.187502608,-0.123387545,0.30916658
0.0448839553,0.217598274,0.072627835,0.357385188
0.142662749,0.167871103,0.234004289,0.275259256
0.18689236,0.0577202179,0.310802639,0.0965600014
0.164139271,-0.0701635405,0.274848878,-0.114471979
0.0841128081,-0.166356146,0.14117144,-0.274136633
-0.0253290869,-0.193821609,-0.0392833278,-0.32070908
-0.128865182,-0.142058477,-0.211765423,-0.236431181
-0.195956513,-0.0308701769,-0.323948383,-0.0542357042
-0.210543945,0.0974720269,-0.344363511,0.157177642
-0.175356016,0.194397137,-0.281738997,0.315204561
-0.109867036,0.223157197,-0.175159678,0.36493206
-0.0428634137,0.171969965,-0.0674771369,0.290015876
-0.00211833254,0.0573666133,-0.000705558923,0.103729486
-0.00454732683,-0.083154425,-0.00380385411,-0.132076845
-0.050173644,-0.205901086,-0.0795186162,-0.331120789
-0.12213295,-0.277136266,-0.193588316,-0.435309887
-0.192933917,-0.28422901,-0.302641869,-0.439081013
-0.23483187,-0.237696618,-0.37061888,-0.368243068
-0.230380684,-0.163931653,-0.371424645,-0.258912861
-0.178902596,-0.0923235491,-0.299550414,-0.148830578
-0.0961371511,-0.0427265055,-0.166181847,-0.0682942122
-0.00722259376,-0.0187997967,-0.0168489981,-0.0288749356
-0.127657473,-0.029459415,-0.198137015,-0.0513701178
-0.102969289,-0.00775066437,-0.181176946,-0.0095296083
-0.0433640666,-0.0482901521,-0.0750919729,-0.074110955
0.017571399,-0.117880262,0.0246691778,-0.192651644
0.0524672493,-0.168707669,0.0831447244,-0.277090073
0.0527029335,-0.163219959,0.0836267993,-0.272126794
0.0302140377,-0.0931580365,0.0488549545,-0.161592141
0.00816639699,0.0166286137,0.011343563,0.021297479
0.00601156661,0.120869875,0.0115765752,0.196861133
0.0273320973,0.175998241,0.0465117916,0.289984196
0.0572298057,0.160347551,0.098473385,0.26590845
0.0707135201,0.0828020126,0.122643389,0.142206326
0.0474563949,-0.023282133,0.085183233,-0.0352860279
-0.0153051959,-0.116580881,-0.0225030165,-0.191659868
-0.0991066992,-0.165853709,-0.160578683,-0.27196312
-0.172303438,-0.161045521,-0.280530512,-0.26046893
-0.205941826,-0.113527477,-0.337721795,-0.182772025
-0.189121291,-0.0474378578,-0.314287126,-0.0765731931
-0.135429755,0.0120212482,-0.228216037,0.023326721
-0.0764824897,0.0473358892,-0.130305737,0.0816080719
-0.0453494377,0.0515508056,-0.0740638599,0.0884359926
-0.0582265183,0.0262924898,-0.0931665078,0.0472002439
-0.104110084,-0.0216732249,-0.169621915,-0.0332388245
-0.148569256,-0.0824155062,-0.243044674,-0.129191741
-0.150666654,-0.142895341,-0.248742133,-0.227699488
-0.085142009,-0.187113956,-0.147063673,-0.299046576
0.0412962958,-0.198872551,0.0556500331,-0.322719455
0.18849647,-0.167745575,0.290380359,-0.273125559
0.298265755,-0.0958251208,0.460448772,-0.159001693
0.320422351,-0.000861310633,0.501117349,-0.0115789864
0.237592027,0.0877080336,0.387149215,0.130057544
0.0766771883,0.139746994,0.137162745,0.2236325
-0.0994139537,0.137951523,-0.151778236,0.226824522
-0.217193097,0.0869966224,-0.345184386,0.147609726
-0.224415421,0.0127174072,-0.365085781,0.0317495875
-0.114090808,-0.0494327173,-0.197968736,-0.0722331554
0.070500128,-0.0715461522,0.10658671,-0.116163991
0.252698272,-0.047377158,0.396556795,-0.0803475827
0.35437423,0.00427601673,0.543030679,-0.00280040386
0.329096556,0.0492701083,0.516989887,0.0665142462
0.182056651,0.0562673397,0.309276402,0.0851795375
-0.0319918878,0.0139109027,-0.0394197851,0.0220758207
-0.231839061,-0.0622312091,-0.367231607,-0.0946167931
-0.343796223,-0.13695322,-0.524332702,-0.199298099
-0.331742823,-0.173312992,-0.511705041,-0.255245388
-0.210438043,-0.151701227,-0.347953051,-0.238031894
-0.036919374,-0.0798591301,-0.0743238032,-0.133915693
0.115474306,0.0115524819,0.184746683,0.0140629224
0.188515589,0.0853819773,0.308613122,0.132514417
0.162155226,0.117391579,0.27192679,0.18664977
0.0598018952,0.107985064,0.108955145,0.176188618
-0.0653047413,0.079875879,-0.100240514,0.133267924
-0.155374587,0.0631650537,-0.253039926,0.106664866
-0.173105851,0.0763828456,-0.285325438,0.129478842
-0.115569063,0.114394166,-0.193056658,0.190650865
-0.0118450001,0.150307983,-0.0239765737,0.25075981
0.0929854959,0.150695086,0.152789384,0.250079393
0.159002706,0.09583693,0.262866348,0.159034148
0.167745382,-0.00636106404,0.280844778,-0.0093752807
0.126858667,-0.120971084,0.21220012,-0.199220851
0.0623903386,-0.201553658,0.102390334,-0.330390394
0.00386533188,-0.212825984,0.00241761748,-0.349212497
-0.0298972297,-0.148691952,-0.0549011827,-0.251380295
-0.0375153385,-0.0361241251,-0.0686456785,-0.0665037557
-0.0319866352,0.0772225633,-0.0561109185,0.12474595
-0.0305866767,0.145297587,-0.0477256514,0.2402246
-0.0437054448,0.14445436,-0.067217581,0.242332831
-0.0685687289,0.0824555829,-0.109168775,0.142929062
-0.0907900557,-0.00815469213,-0.148814082,-0.00628781039
-0.0924826115,-0.087910071,-0.155004308,-0.140577123
-0.0624274202,-0.129573584,-0.107859902,-0.212809354
-0.00305442116,-0.128684253,-0.0106943324,-0.214570984
0.0691192672,-0.100949481,0.10921821,-0.169471711
0.129607916,-0.0694196895,0.211376771,-0.118359625
0.155612752,-0.0497688167,0.25723061,-0.0862954259
0.134872928,-0.0423866324,0.226016909,-0.0733655542
0.070156686,-0.0353741571,0.122805424,-0.0631696805
-0.0219389889,-0.0157615896,-0.0323443785,-0.0306344833
-0.116797052,0.0186708476,-0.191315249,0.0286216084
-0.189604819,0.0548496433,-0.307389468,0.0912531316
-0.222431064,0.0705168918,-0.358465433,0.11869631
-0.208652169,0.0477739349,-0.339027822,0.0839897618
-0.15401417,-0.0139478473,-0.255903751,-0.0144557683
-0.0745425522,-0.093633607,-0.12765044,-0.147774041
0.00800028257,-0.156601176,0.00759446668,-0.25486815
0.0721480176,-0.17112729,0.111935332,-0.283029884
0.10297136,-0.125115126,0.165268481,-0.212951764
0.0968501568,-0.0336401686,0.161109939,-0.0654503033
0.0629760101,0.0671737418,0.10778328,0.106848761
0.0203908663,0.137236565,0.0388195626,0.22470063
-0.00913823117,0.151880383,-0.0119154863,0.250638336
-0.0101653133,0.113545075,-0.0136479083,0.192254841
0.0191456676,0.0497443527,0.0330418125,0.0894646198
0.0651117191,-0.00151320384,0.107477792,-0.00144526188
0.103695333,-0.0111551508,0.170598194,-0.0204531308
0.111249596,0.0267406851,0.184513569,0.0382894017
0.0763657689,0.0930576175,0.130566031,0.148617759
0.00718196435,0.154578194,0.0180700831,0.251534373
-0.0699441805,0.181590959,-0.107013479,0.297080517
-0.120693661,0.162816584,-0.192206606,0.270146489
-0.117916085,0.110134669,-0.191597089,0.190029502
-0.0548441634,0.0512659028,-0.0945406482,0.0910954997
0.0499736667,0.01490336,0.0786246583,0.0276703294
0.15881215,0.0164087079,0.257648647,0.0248521157
0.229653984,0.0513287969,0.370300025,0.0771326199
0.233325824,0.0993762463,0.379029423,0.151318699
0.165261865,0.135853633,0.276327223,0.212376058
0.0467847995,0.143888161,0.0878065377,0.233686656
-0.0842853487,0.121076487,-0.13063933,0.201783091
-0.189009205,0.0778016523,-0.303495556,0.132055312
-0.241579503,0.0293054003,-0.388060421,0.055053331
-0.236455768,-0.0131788114,-0.384344786,-0.0139281312
-0.186314717,-0.0469883792,-0.30949831,-0.0705702305
-0.113309838,-0.0761218444,-0.192160726,-0.120401435
-0.0389465317,-0.104812704,-0.0699854791,-0.170785651
0.0223777071,-0.1312536,0.0330301449,-0.216750398
0.0640299246,-0.145906582,0.101809651,-0.241556689
0.0835671872,-0.135896638,0.133009508,-0.227695838
0.0788153261,-0.0931397676,0.128334686,-0.159078553
0.0471213236,-0.0213850047,0.0796570033,-0.0425428376
-0.0113833528,0.0623082817,-0.0152688604,0.0978069529
-0.0889199302,0.133172244,-0.142117843,0.217977062
-0.167727947,0.169024989,-0.264653683,0.276398391
-0.223383382,0.160215214,-0.350753009,0.260737479
-0.233626634,0.114219017,-0.371865541,0.189484909
-0.188903913,0.0525756367,-0.310181439,0.0956775248
-0.0990139544,0.00168223027,-0.170383975,0.0108036781
0.00844570901,-0.0180978645,0.00795164611,-0.0276849661
0.0981980488,-3.53270807e-18,0.159333795,-0.00389806414
0.141796187,0.0479647331,0.23391436,0.0719317868
0.12970753,0.108005911,0.216759756,0.172141314
0.074984327,0.160692662,0.12826021,0.257900625
0.00654940819,0.192218944,0.015932316,0.312512547
-0.0447005108,0.197892189,-0.0669443682,0.323798507
-0.0601526089,0.181279227,-0.0954085216,0.300158054
-0.0411364548,0.150596663,-0.0675628409,0.251608193
-0.0064494228,0.114794038,-0.00921334885,0.194063321
0.0186004732,0.0811293125,0.0321859866,0.137540907
0.0157655291,0.0545591526,0.0292618703,0.0919247121
-0.0169070866,0.0380260758,-0.0247746389,0.0635747463
-0.0646062493,0.0324776769,-0.105298817,0.0538386516
-0.103806987,0.036206238,-0.170888633,0.0627386793
-0.114294,0.0441670641,-0.190090925,0.0760581344
-0.0889068022,0.0484523438,-0.149763539,0.0848167911
-0.0363714024,0.0406034589,-0.0619202182,0.0710506216
0.0235550907,0.0152059374,0.0377047732,0.0284555107
0.0694952905,-0.0269457083,0.115672626,-0.0441080034
0.0873952359,-0.0780507699,0.145874798,-0.12926659
0.0748996362,-0.125800431,0.12387614,-0.208034307
0.0399806127,-0.158335164,0.0664807037,-0.261843085
-0.00427001249,-0.16932191,-0.00778050115,-0.279679984
-0.0452567637,-0.160511628,-0.0759745017,-0.265779078
-0.0741644949,-0.140329793,-0.124396287,-0.230986536
-0.0863171741,-0.119149677,-0.146119803,-0.196938232
-0.0800591856,-0.103748113,-0.135377303,-0.169748828
-0.0561950356,-0.0939734429,-0.0978518873,-0.154950336
-0.0188869238,-0.083509095,-0.0356649719,-0.139057338
0.0230022911,-0.0643801764,0.0336893611,-0.107428417
0.0563038439,-0.0327471979,0.0915863365,-0.0572317652
0.0672422498,0.00726262154,0.112960599,0.00856867991
0.0477846861,0.0439550839,0.0832920447,0.0703005493
0.00154982193,0.0627298877,0.00797788519,0.103971019
-0.0547047406,0.0527509637,-0.0867796466,0.0905061215
-0.0963616371,0.0122878691,-0.15844807,0.024790518
-0.101733819,-0.0499275886,-0.169902474,-0.0771580189
-0.0634880811,-0.117930949,-0.109545521,-0.190705746
0.00554771489,-0.174647763,0.00246602995,-0.283094853
0.076347217,-0.207907766,0.116200984,-0.336876541
0.116723172,-0.213668242,0.183700114,-0.348052651
0.10759683,-0.19543691,0.17192626,-0.321647882
0.0541366301,-0.160912082,0.0894944817,-0.270826995
-0.0147464229,-0.118106134,-0.0235393643,-0.200818211
-0.0594150461,-0.0730652586,-0.101899453,-0.124177329
-0.0492384173,-0.029957369,-0.0872206986,-0.049357418
0.0208436754,0.00733764842,0.0292309392,0.0121970102
0.125873089,0.0339237414,0.203696266,0.055757802
0.221664518,0.0443282761,0.357569814,0.0685836822
0.266076714,0.0348085538,0.427295923,0.0525496677
0.2401997,0.00617830874,0.391726047,0.00530171953
0.158405855,-0.0348410197,0.265960991,-0.061998371
0.0615740754,-0.0771020576,0.107666433,-0.129957661
-0.00359017425,-0.109101139,-0.00728197489,-0.183008313
-0.00880592037,-0.123752132,-0.01838452,-0.203741461
0.0405166969,-0.121309318,0.0608380474,-0.200787023
0.107234046,-0.108661003,0.172396109,-0.180928543
0.141126469,-0.0950981081,0.229278401,-0.160869047
0.10502705,-0.0866463557,0.176061362,-0.14782843
-0.00487334654,-0.0820203424,-0.00191588246,-0.140280217
-0.155057207,-0.0726059452,-0.249424636,-0.121351704
-0.289297104,-0.0468658656,-0.455351889,-0.0723625198
-0.354633301,0.00279616308,-0.546128452,0.00791622791
-0.325732321,0.0741449594,-0.509563506,0.119984135
-0.215602115,0.15339832,-0.349807113,0.249138027
-0.0677626953,0.219009876,-0.114132039,0.357152194
0.0655097663,0.249648079,0.105096273,0.401608914
0.147336468,0.232981324,0.238640413,0.370761782
0.170518711,0.171354935,0.280951977,0.276857406
0.155368283,0.0817449912,0.260793984,0.135435596
0.133460432,-0.0101246471,0.224577457,-0.0150944507
0.127073064,-0.0790828317,0.208351329,-0.1330605
0.135984138,-0.109398037,0.219915852,-0.181980684
0.138824448,-0.0997136086,0.226167619,-0.168296009
0.10787221,-0.0622803979,0.179270446,-0.109032542
0.0286088269,-0.0171531811,0.0517035238,-0.0341688581
-0.0873502791,0.0160087869,-0.138809621,0.0249890406
-0.203744695,0.0251594838,-0.327229708,0.0428438932
-0.27547285,0.00941958744,-0.437351137,0.0213109273
-0.270704538,-0.0220131986,-0.432991326,-0.0271317773
-0.187672824,-0.0546558723,-0.312396497,-0.0808611959
-0.0571209826,-0.0749475881,-0.1030562,-0.121206723
0.0711926892,-0.0752860308,0.111690231,-0.125848278
0.151249528,-0.0560552664,0.246656746,-0.0968347713
0.161356553,-0.0242055915,0.266892165,-0.0459771343
0.112384565,0.0106147053,0.189557418,0.0118448827
0.0399757586,0.0404597931,0.0710569993,0.0648588687
-0.0147102652,0.0620348267,-0.0217122808,0.103877231
-0.0254867692,0.0769718885,-0.0433097668,0.129954129
0.0075448053,0.0894747749,0.0099585792,0.149776921
0.0610486344,0.102607943,0.100312293,0.17110312
0.103359483,0.115185171,0.171657413,0.187652424
0.11264313,0.121019132,0.188756138,0.196577579
0.088412635,0.111255661,0.150549129,0.182665691
0.0504913889,0.0790402815,0.0890467763,0.13165246
0.0265066363,0.0244927723,0.0465891287,0.0443750098
0.035183493,-0.0424843319,0.0576431304,-0.0658773705
0.0748230442,-0.103360668,0.119787298,-0.17030105
0.123373397,-0.136284709,0.197294399,-0.225815535
0.150141999,-0.123845361,0.241699368,-0.208432138
0.132896706,-0.0602874868,0.218793035,-0.109044448
0.0711876303,0.0448813178,0.122190475,0.065782778
-0.0113348356,0.16864942,-0.0148129836,0.270317435
-0.0771252811,0.281222105,-0.115500256,0.44314146
-0.092539005,0.355237305,-0.135143667,0.542775869
-0.0444060974,0.373984694,-0.0636822805,0.571653605
0.0528192036,0.335631788,0.0843212456,0.52411586
0.162855387,0.252235234,0.259804189,0.400860578
0.243543774,0.144520849,0.390082181,0.23171325
0.265368968,0.0350060835,0.427337646,0.0537040755
0.223969147,-0.0576965846,0.365990728,-0.0970188603
0.141159475,-0.121639811,0.23422353,-0.203362599
0.0545064174,-0.151371777,0.0902567506,-0.251506746
0.000676723663,-0.146295846,-0.000905746303,-0.243843049
0.000243935167,-0.109391063,-0.00542504806,-0.184200764
0.0504330546,-0.0472881123,0.0779110789,-0.0815674588
0.128268376,0.0287713092,0.208005413,0.0444961824
0.201835364,0.10270144,0.325591058,0.160890758
0.24408485,0.155701295,0.388302118,0.2411623
0.243106365,0.171155989,0.388717413,0.264860243
0.204986215,0.140873596,0.337087065,0.22238639
0.148961559,0.0698265508,0.252718955,0.115182579
0.0978467464,-0.0234395079,0.168270096,-0.0375873148
0.0682831705,-0.111950293,0.11236348,-0.183625132
0.0648219585,-0.169640422,0.102116048,-0.277216673
0.0797284693,-0.181250334,0.125391632,-0.298297465
0.0978192464,-0.14842245,0.156194225,-0.248802722
0.103725225,-0.0889975578,0.169208139,-0.153276667
0.0883782431,-0.029459415,0.146464199,-0.053675659
0.052255258,0.00634280406,0.0912806913,0.0086860545
0.00448527699,0.00720520318,0.0115349824,0.0122343265
-0.041392263,-0.0212327819,-0.0670952201,-0.0324071348
-0.073059164,-0.0600232743,-0.122353859,-0.0976937786
-0.0841618255,-0.086492449,-0.140465438,-0.141856268
-0.0764168724,-0.0853204578,-0.13151142,-0.14117749
-0.0584323741,-0.0558454581,-0.0996396691,-0.0933315307
-0.0418542586,-0.0121189961,-0.0714840889,-0.0217470359
-0.0364208743,0.0242771432,-0.0611020438,0.0390928835
-0.0458761454,0.035146866,-0.0755038634,0.0593012013
-0.066331923,0.0150047448,-0.108969383,0.0270307418
-0.0877154097,-0.0257670376,-0.146196887,-0.040256016
-0.0977410823,-0.0655450597,-0.164163515,-0.104910217
-0.0868671164,-0.0817333981,-0.148268923,-0.133549809
-0.0523220748,-0.0617889054,-0.0915868133,-0.104718819
0.00032980126,-0.00970297866,-0.00508761918,-0.0192279909
0.0586400479,0.0552415028,0.0941002965,0.0891357735
0.107141145,0.106977582,0.176838085,0.172824726
0.132162392,0.124531075,0.218670398,0.203046456
0.125900641,0.101769827,0.211705863,0.16716136
0.0884785578,0.0505058542,0.152259976,0.0846968666
0.0275602676,-0.00448639831,0.0496874861,-0.00676433602
-0.0440576896,-0.0362442471,-0.0718061775,-0.0613961071
-0.111932039,-0.0272633787,-0.185640112,-0.0470723584
-0.163495541,0.023225639,-0.268784493,0.036286775
-0.190812886,0.0994987562,-0.310627311,0.161388099
-0.192106679,0.176752508,-0.307362258,0.284561545
-0.17186144,0.232102707,-0.269780844,0.37094745
-0.139491484,0.254081935,-0.217080027,0.404752433
-0.106745109,0.246439353,-0.166007727,0.397506118
-0.0843181312,0.224833354,-0.132143915,0.365416139
-0.0785338804,0.208328739,-0.124425001,0.33958897
-0.0892129689,0.20989795,-0.140724227,0.339922637
-0.109734647,0.230353042,-0.171963438,0.369946331
-0.129638255,0.258291632,-0.20046182,0.40816617
-0.139072746,0.275695145,-0.214401141,0.435372442
-0.133410186,0.266228765,-0.207080394,0.423629522
-0.115940504,0.222270653,-0.182872877,0.361804426
-0.0971103609,0.147637025,-0.154418796,0.248056412
-0.0901722386,0.0552767664,-0.147664294,0.0979231596
-0.104810335,-0.0383488201,-0.172184467,-0.0582529642
-0.141496927,-0.119139344,-0.231664538,-0.19181177
-0.189346403,-0.178762183,-0.303446949,-0.282276094
-0.228925362,-0.214584038,-0.361635715,-0.332228303
-0.239342138,-0.227166027,-0.376879126,-0.348420084
-0.206926048,-0.217586398,-0.333849907,-0.33837536
-0.131873369,-0.186608285,-0.221771359,-0.298487306
-0.0298814923,-0.136203289,-0.059131436,-0.225474566
0.0722110793,-0.0721244588,0.111605868,-0.123991489
0.145275399,-0.00523056183,0.237370864,-0.0130667314
0.167852864,0.0502310805,0.27742967,0.07741566
0.133397877,0.0813883096,0.226258323,0.130701989
0.0521225221,0.0824935809,0.0942997932,0.134730771
-0.0530357026,0.0585110411,-0.0811620653,0.0983655378
-0.15452303,0.0240616314,-0.251126856,0.0425749272
-0.229144245,-0.00251607387,-0.367479175,0.00122908782
-0.264647931,-0.00755049661,-0.424214721,-0.00830813125
-0.261871368,0.0112109389,-0.422230929,0.0215322003
-0.232233137,0.0431258567,-0.375738978,0.0733741298
-0.192044571,0.0696369335,-0.314751714,0.117698394
-0.156036541,0.0735733286,-0.256128103,0.125589475
-0.132448062,0.0482131988,-0.218185708,0.0855061114
-0.121181518,0.00138648343,-0.200288013,0.00778669119
-0.115310445,-0.0477631502,-0.191461325,-0.0753412768
-0.105075955,-0.0780072436,-0.17696932,-0.127206072
-0.082748495,-0.076700002,-0.141696796,-0.126825094
-0.0465214662,-0.0463937484,-0.08122693,-0.0785008892
-0.00195624307,-0.00383544154,-0.00745685492,-0.00629334897
0.0396786258,0.02834801,0.0651895925,0.0455285758
0.0657331347,0.033134602,0.110894121,0.0544269495
0.067658335,0.00786563754,0.115659706,0.0136645297
0.045482602,-0.0343084298,0.0790494829,-0.057259731
0.00921709836,-0.0711292326,0.0153176216,-0.118450858
-0.0238936711,-0.0826651752,-0.0397397839,-0.138638571
-0.0357308723,-0.0615689717,-0.0621392541,-0.104853123
-0.0150388591,-0.0168490633,-0.0290052798,-0.0289763603
0.0366689153,0.0307483319,0.0563587062,0.0520052835
0.103931099,0.0592424124,0.17040965,0.0974735767
0.162094995,0.0562453121,0.267115384,0.0920762494
0.186724678,0.0244823378,0.308073431,0.0377808809
0.164125621,-0.0206868406,0.274114788,-0.0361334942
0.098518081,-0.0600962788,0.167548969,-0.102480181
0.0123692565,-0.0809283704,0.0228746738,-0.136507854
-0.0609615073,-0.0826038718,-0.1020087,-0.137997538
-0.089843452,-0.0753414631,-0.15065147,-0.124106809
-0.0573750995,-0.0725184605,-0.101480983,-0.117291927
0.0306243785,-0.0814810023,0.0445043072,-0.133327216
0.146224394,-0.0983107686,0.232607052,-0.160576999
0.248763338,-0.109758995,0.391222298,-0.178152099
0.299556345,-0.101383127,0.465981632,-0.165750101
0.276229173,-0.0672207698,0.438655078,-0.116346568
0.181059882,-0.0152307209,0.301700264,-0.0334391445
0.0401047878,0.0350815579,0.0752964094,0.0531180091
-0.106423855,0.0621056445,-0.170529038,0.102054261
-0.218629152,0.0537933335,-0.350531906,0.0917133987
-0.2705836,0.0151646407,-0.432212681,0.0311512537
-0.258060306,-0.0327832587,-0.416827381,-0.0455319472
-0.197798625,-0.0627202988,-0.328576148,-0.0956354216
-0.119190678,-0.0545130447,-0.203652933,-0.0880749524
-0.0521499701,-0.00571747264,-0.0916108117,-0.0113802636
-0.0161274485,0.0665006563,-0.0287009291,0.106827989
-0.0144066904,0.133207068,-0.0212173518,0.21818915
-0.035405349,0.167462796,-0.0548705794,0.274808526
-0.0597965382,0.157115221,-0.0932304263,0.261446238
-0.0700305849,0.110241473,-0.112605512,0.187333405
-0.0581271611,0.0506655499,-0.0969607159,0.0894526392
-0.0286086574,0.00602170872,-0.0483406,0.0129897892
0.00434132759,-0.00550548593,0.00529968226,-0.00979722757
0.0239400864,0.0167833064,0.0386516117,0.0263197273
0.0188241862,0.0569184721,0.0334223732,0.0916206241
-0.0115155401,0.0909527838,-0.0148593932,0.1510313
-0.0561916903,0.0987215117,-0.0888896063,0.166463226
-0.0973992199,0.0727357641,-0.157633841,0.124759525
-0.117861956,0.020239979,-0.195531681,0.0374327004
-0.107954532,-0.0417331569,-0.18061842,-0.0637953877
-0.0694442838,-0.0949789435,-0.119008906,-0.152603194
-0.0143869277,-0.127690598,-0.029180143,-0.209102213
0.0400866792,-0.137510598,0.0617171824,-0.227486014
0.0785612911,-0.129508138,0.127028942,-0.216337875
0.0926258266,-0.111325435,0.150842875,-0.186323553
0.0825143456,-0.0888631716,0.136109367,-0.15050666
0.0548782796,-0.0648818463,0.0923603401,-0.111475982
0.0183898397,-0.0406137593,0.0321028121,-0.0711589754
-0.020198917,-0.0184341632,-0.0330645777,-0.0314308293
-0.0574616641,-0.00309801497,-0.0954445899,-0.00531278411
-0.0917810351,-0.000259500899,-0.1516359,0.00103447877
-0.120398186,-0.0130798845,-0.200316906,-0.0180541296
-0.137477264,-0.0392792188,-0.228396162,-0.0613842905
-0.135065049,-0.0709450692,-0.224970981,-0.112918206
-0.106984623,-0.0977524668,-0.181729436,-0.158159405
-0.0536254123,-0.112003185,-0.0948349237,-0.18383868
0.0154510951,-0.112507202,0.0199337415,-0.186115041
0.0834048986,-0.104766756,0.132524133,-0.17474626
0.132482782,-0.0970344618,0.215817824,-0.162095219
0.152110547,-0.0943886116,0.248234019,-0.158595204
0.144450128,-0.0944262668,0.237441584,-0.159009233
0.123906165,-0.0875322819,0.204477847,-0.148813844
0.109955631,-0.0621722452,0.180086792,-0.107185267
0.116333678,-0.0126492782,0.190568581,-0.0255725067
0.142062336,0.0549946912,0.233057603,0.0849643126
0.169530869,0.122652128,0.276498973,0.193758667
0.17165792,0.166354403,0.280929953,0.262452424
0.125505641,0.166481078,0.211372882,0.269610256
0.0259477179,0.117140844,0.0540122166,0.195513144
-0.107766896,0.0300579127,-0.169550672,0.0535012223
-0.236784741,-0.0691031739,-0.376642406,-0.104629114
-0.317600131,-0.150370106,-0.490952671,-0.22352092
-0.320819974,-0.190633953,-0.494278729,-0.281471968
-0.24503082,-0.181413516,-0.394249797,-0.280545771
-0.118950434,-0.130195305,-0.206678882,-0.211145416
0.00959811825,-0.0555709153,0.00628796266,-0.094986327
0.0931156576,0.0208225138,0.152128756,0.0296475459
0.103482686,0.0816110075,0.174011931,0.129901335
0.0421186611,0.117457524,0.0778376758,0.191971198
-0.0628974289,0.126868084,-0.094649747,0.208812699
-0.170622364,0.113657176,-0.271401107,0.187128395
-0.244872153,0.084337689,-0.389790744,0.140593976
-0.267374396,0.0467823222,-0.424737841,0.0815761909
-0.241130978,0.00988978706,-0.392091393,0.0219348632
-0.184070617,-0.0170827564,-0.305207819,-0.0204792041
-0.117903709,-0.0266057216,-0.198919579,-0.0389874466
-0.0588102378,-0.0160793737,-0.101535968,-0.0259631947
-0.0144759947,0.0096332524,-0.0258830953,0.0156760756
0.0124957478,0.0385204516,0.019914614,0.0618749931
0.0188635048,0.0555462353,0.0340789221,0.09242443
-0.00197926653,0.0492981076,0.000200441107,0.0829506069
-0.0567714423,0.0179589521,-0.0890848786,0.0298883226
-0.144678861,-0.0288333613,-0.234731019,-0.044212088
-0.250372231,-0.0738210231,-0.396831095,-0.113821611
-0.343736798,-0.100166664,-0.527088344,-0.147759229
-0.388809443,-0.0996601507,-0.583237231,-0.143381134
-0.359094352,-0.0766256601,-0.552394509,-0.110188253
-0.251895547,-0.0452125072,-0.411061406,-0.065350011
-0.0935581699,-0.0214130487,-0.164868027,-0.0305111557
0.0686175972,-0.0142553393,0.108331934,-0.0212175082
0.185302317,-0.0212815609,0.301094145,-0.0364869237
0.226382211,-0.0310867764,0.368508816,-0.0564448982
0.194084466,-0.0315597951,0.32008478,-0.0578455478
0.121091604,-0.0189008582,0.205401018,-0.0365839899
0.0541740842,-0.00167649367,0.0928471535,-0.00645370642
0.0313523076,0.00320074242,0.0528503694,0.00483251829
0.064114064,-0.0190664325,0.10510534,-0.0294258017
0.133723199,-0.0700695589,0.215180829,-0.113406718
0.203312874,-0.133345127,0.324531376,-0.215191796
0.239087954,-0.179679483,0.373181105,-0.287585407
0.22906135,-0.180909693,0.359279156,-0.293111175
0.189046845,-0.125416532,0.304654241,-0.212180048
0.152549654,-0.0268015098,0.250016123,-0.0538315885
0.15007858,0.0797715485,0.245142266,0.12511985
0.189435974,0.152761146,0.30466646,0.242849842
0.248350054,0.163811505,0.393450409,0.256703466
0.284340739,0.111736417,0.450952679,0.174657509
0.257323205,0.0234296285,0.418735564,0.0360676423
0.153192893,-0.0591559149,0.259805322,-0.101555608
-0.00449025538,-0.0994781703,-0.000581422297,-0.169769123
-0.161803275,-0.083785519,-0.26235345,-0.140643224
-0.258040369,-0.0263965931,-0.41418609,-0.0407140553
-0.254204422,0.0397160649,-0.412548333,0.067772314
-0.152134418,0.0817522928,-0.25707829,0.140664637
0.00553433644,0.0849712044,0.00233659847,0.147125289
0.154781863,0.0598568022,0.250838012,0.100621864
0.239437267,0.0347238742,0.386175811,0.0524937548
0.235837623,0.0380156226,0.382971823,0.0555068403
0.161052823,0.0803250223,0.269791245,0.121796764
0.0613443069,0.146417618,0.106512204,0.233715862
-0.0124667687,0.202055857,-0.0160550997,0.327353209
-0.0297628082,0.21221,-0.0445155166,0.347278714
0.00734349061,0.160818115,0.01483016,0.270319492
0.0691486448,0.0612018481,0.116024375,0.107756719
0.117155947,-0.0488203503,0.195293263,-0.0775750056
0.125635639,-0.124840148,0.206850916,-0.207098424
0.0942551866,-0.137471959,0.155199006,-0.231491342
0.0455640741,-0.0863834321,0.0742382184,-0.150609732
0.00969086401,0.000410662236,0.015370694,-0.00541920215
0.00554109598,0.0812222362,0.007665521,0.133204713
0.0293678027,0.121228114,0.0497458503,0.202836663
0.057124041,0.108013682,0.0967438743,0.1830533
0.0591076501,0.0544759408,0.104127847,0.0918802842
0.0184891429,-0.0113280816,0.0356233716,-0.0187682435
-0.0568449385,-0.0626938194,-0.0910020694,-0.103215076
-0.135996476,-0.0874356329,-0.222487554,-0.143191293
-0.179720253,-0.0906375051,-0.294457614,-0.144914925
-0.160378695,-0.0864995643,-0.267655462,-0.136189625
-0.0766409934,-0.0853775367,-0.133656532,-0.137818396
0.0448046252,-0.0848243907,0.0675974414,-0.140329272
0.161369443,-0.0707199499,0.259010255,-0.118424252
0.234164,-0.0280730836,0.376039356,-0.0523668379
0.245062321,0.045286689,0.394787252,0.0627984181
0.202901632,0.131263554,0.33167994,0.202501893
0.136436477,0.196206138,0.225543126,0.309875041
0.0785528496,0.206605881,0.13369599,0.334620416
0.0503835678,0.147751346,0.0887582973,0.246835455
0.0533131175,0.0347551666,0.0924389884,0.0639725477
0.0720473975,-0.0911443532,0.119508304,-0.146120727
0.0857976675,-0.18029952,0.135378987,-0.29537791
0.0805898383,-0.197829887,0.12800777,-0.326582164
0.0558287688,-0.140266448,0.0885540769,-0.238024712
0.0221770667,-0.0367499664,0.0352595635,-0.0692040771
-0.00690721814,0.0660508499,-0.0117556211,0.105291948
-0.0240879543,0.127413243,-0.0363153554,0.210566968
-0.031802047,0.131990656,-0.0499009006,0.22284919
-0.0385422111,0.0949650928,-0.0612278841,0.161776766
-0.0504829288,0.0505040288,-0.0822538882,0.08832068
-0.0642500222,0.0302667916,-0.107146636,0.0519463345
-0.0661233962,0.044157289,-0.110889018,0.0726465881
-0.0391060673,0.0742206872,-0.0680931583,0.122908793
0.0256700087,0.0852155536,0.0399757549,0.145296261
0.119858332,0.046015285,0.196741164,0.0802816749
0.217134014,-0.0502013527,0.349744856,-0.0776886046
0.282499015,-0.178559199,0.436965048,-0.276295066
0.287813008,-0.292583048,0.427141756,-0.438937217
0.225886524,-0.346877068,0.333663344,-0.521354854
0.115647592,-0.320455253,0.178014129,-0.503507316
-0.00485403743,-0.228194088,-0.0089966543,-0.377754539
-0.0946723744,-0.114067197,-0.158311531,-0.194366187
0.43698132,0.274954528,0.556305587,0.368812323
0.3396222,0.309442163,0.523059011,0.438036919
0.203678668,0.286391497,0.326312035,0.435333014
0.0786694214,0.215226129,0.139562845,0.350219011
0.00616546767,0.126562327,0.015928505,0.213385448
0.00550402608,0.0573361032,0.00963525195,0.0998667628
0.0686256364,0.0328982323,0.110545255,0.0560845919
0.165270329,0.0549397022,0.266150147,0.0878519192
0.255690753,0.101179361,0.40526247,0.155646488
0.305448234,0.136909887,0.475141436,0.205735952
0.296661079,0.13266024,0.467950493,0.202284127
0.232093886,0.0792581588,0.38102603,0.125943288
0.131624058,-0.00711041223,0.225102127,-0.01210762
0.0234844498,-0.0923357531,0.0437710285,-0.154843092
-0.0658380538,-0.140720084,-0.10967508,-0.231380954
-0.119412221,-0.132324457,-0.199065298,-0.216304913
-0.133277565,-0.0729719028,-0.223716721,-0.122884996
-0.115305886,0.00790665019,-0.19669579,0.0136496583
-0.080853723,0.0705944374,-0.137310311,0.117775209
-0.0471710712,0.0833132416,-0.078725487,0.142333969
-0.02832794,0.0368227176,-0.0449696183,0.0664450154
-0.0317814685,-0.0513632335,-0.0518228449,-0.0811614916
-0.0570502579,-0.144996509,-0.093086727,-0.237244263
-0.0965019017,-0.205511883,-0.157757774,-0.330267817
-0.137957022,-0.209187627,-0.225402012,-0.336433172
-0.168518499,-0.157196686,-0.276921421,-0.255426139
-0.178684205,-0.0741311759,-0.296037257,-0.121703573
-0.16552332,0.00401313091,-0.274987072,0.00828747172
-0.133746639,0.0465766899,-0.2225499,0.0810045823
-0.0940636098,0.0418572053,-0.156580135,0.0754724219
-0.0592172854,0.00141959323,-0.097920619,0.00626877835
-0.0391355939,-0.0466107987,-0.064161703,-0.0755885467
-0.0372000895,-0.0718029886,-0.0635099113,-0.119357482
-0.04932319,-0.0563168526,-0.0834788457,-0.0962181166
-0.0663573518,-0.00340403453,-0.111892268,-0.00745287538
-0.0788136125,0.0643546283,-0.131679714,0.105012022
-0.0816873759,0.116026506,-0.133737192,0.193406016
-0.0770102739,0.127154678,-0.125570357,0.21319972
-0.0727437139,0.0913767815,-0.117484309,0.157073185
-0.0783830509,0.0234485455,-0.128015712,0.045960702
-0.0993164182,-0.0475437976,-0.161833316,-0.0750944763
-0.132733747,-0.0913664699,-0.218108565,-0.148711532
-0.167287797,-0.0899211317,-0.274367839,-0.146648288
-0.187006056,-0.0445236452,-0.308052003,-0.0726241842
-0.177930146,0.0258571226,-0.296001166,0.0427169539
-0.134587288,0.0940654427,-0.224548474,0.157044634
-0.0633426234,0.137077227,-0.106311537,0.227883995
0.0190155152,0.145310864,0.0314571001,0.243893474
0.091041714,0.124932878,0.152207196,0.207052901
0.134453431,0.0928194895,0.223804772,0.15120469
0.14084217,0.0673745424,0.234912053,0.108316578
0.114609562,0.0600704066,0.194237337,0.0959904566
0.0710478872,0.0716665462,0.122460753,0.115630992
0.030435374,0.0942311957,0.0528507344,0.155316502
0.0105100889,0.11696545,0.0195847824,0.193584189
0.02016728,0.132084802,0.0345303379,0.219178215
0.0566017777,0.137488946,0.093743071,0.227387786
0.106736094,0.13522175,0.176079348,0.222249731
0.152215794,0.127389267,0.250354111,0.20527336
0.17607291,0.112696707,0.289565653,0.182975098
0.168698862,0.0862459391,0.280368626,0.139255598
0.131101161,0.0430526398,0.222347215,0.0695850924
0.074375838,-0.0167764481,0.12769036,-0.0279391445
0.0156025309,-0.0845899507,0.0283246189,-0.13920252
-0.0284126066,-0.144131854,-0.0472994857,-0.237157002
-0.0473275222,-0.177136824,-0.0818764046,-0.289594769
-0.0410874002,-0.171095029,-0.0725658983,-0.28211996
-0.0198207684,-0.125212878,-0.0382076316,-0.211654454
0.000343882828,-0.0512946658,-0.00343101379,-0.0901612863
0.00407048501,0.0311492942,0.00690527912,0.0490723588
-0.0164557192,0.103187568,-0.0257216096,0.167860568
-0.0577369705,0.153912023,-0.0894988626,0.253243536
-0.10595125,0.183245003,-0.166886419,0.299136817
-0.14259775,0.19884488,-0.225141257,0.322676271
-0.152573705,0.209097683,-0.241588861,0.338908494
-0.131183982,0.21634692,-0.207996279,0.350644976
-0.0868306905,0.214370012,-0.139067277,0.34931013
-0.0379185118,0.191707522,-0.0583841205,0.316283226
-0.00510792295,0.139111236,-0.00624659332,0.235523626
-0.0022607604,0.056955345,0.00207550707,0.100386478
-0.0301584881,-0.0416839458,-0.0471744314,-0.0662488118
-0.0759056583,-0.134330064,-0.123253375,-0.217753634
-0.118354715,-0.197430685,-0.192673028,-0.317230523
-0.137116343,-0.215647191,-0.225180671,-0.343853474
-0.121095367,-0.1875339,-0.202385068,-0.304132462
-0.0728057474,-0.124962248,-0.127847925,-0.207131058
-0.00679594651,-0.0469341576,-0.0165918507,-0.0803073943
0.0567045808,0.0287406556,0.0915910378,0.0455388688
0.0997190997,0.0915867612,0.165900245,0.149241582
0.112444639,0.139640346,0.186759189,0.225488096
0.0949548259,0.17584084,0.159374848,0.283662826
0.0548003018,0.202488691,0.0948585868,0.326613843
0.00258091325,0.217500478,0.0111665139,0.352217823
-0.0518577583,0.214841992,-0.0768186152,0.349424422
-0.100935891,0.188797891,-0.157079101,0.309278905
-0.138709754,0.139278159,-0.221125573,0.232048586
-0.159719408,0.0746197551,-0.258541077,0.128537074
-0.15912579,0.00974933617,-0.262445003,0.0219313279
-0.13477011,-0.0397039987,-0.22439827,-0.060601525
-0.0900303796,-0.0643154234,-0.153078824,-0.104102515
-0.0352219827,-0.0650355592,-0.0630980879,-0.10834571
0.0143405963,-0.0522956997,0.0209055059,-0.0880070329
0.0436843857,-0.0404796302,0.0715853125,-0.0692189485
0.0447270311,-0.040717259,0.0753189772,-0.0684083551
0.0205605626,-0.0558086336,0.0372290388,-0.0930712298
-0.015336209,-0.0798147693,-0.0258072224,-0.133149162
-0.0452738591,-0.102218218,-0.0768769383,-0.169183597
-0.0561863184,-0.114085421,-0.0957362354,-0.187934011
-0.0465362184,-0.112742275,-0.0814512447,-0.185642838
-0.0272814725,-0.102558233,-0.0492002964,-0.170651421
-0.0158418845,-0.091803737,-0.028705392,-0.153518528
-0.0258732811,-0.0877645761,-0.043407768,-0.145571336
-0.0583151132,-0.0930789113,-0.09735284,-0.154300034
-0.0989882275,-0.105231009,-0.164798915,-0.171188876
-0.124821946,-0.119020067,-0.206893429,-0.193083018
-0.116117269,-0.129988447,-0.195466682,-0.210178137
-0.0686003938,-0.136385471,-0.119049095,-0.222002864
0.0014863637,-0.138476372,-0.00528441882,-0.229088306
0.0628353432,-0.136033431,0.0987624824,-0.224908382
0.0832500234,-0.126294881,0.137031019,-0.210844815
0.0459003411,-0.104518905,0.0778650418,-0.177921444
-0.0406049378,-0.0674971566,-0.0639659017,-0.117047854
-0.143926412,-0.01810099,-0.234695584,-0.0316877253
-0.221328631,0.0323632434,-0.357026249,0.0536357723
-0.238553509,0.0665009171,-0.38549915,0.111930139
-0.185150281,0.0678514615,-0.306750536,0.117854767
-0.0787854567,0.0295685399,-0.135309085,0.057427112
0.0434747338,-0.0398934819,0.0668945611,-0.0601708069
0.142387167,-0.11783766,0.229549021,-0.190750867
0.193556696,-0.175669,0.307541728,-0.282668591
0.195920795,-0.191159055,0.308432221,-0.30974105
0.168040708,-0.15881221,0.269978493,-0.264110774
0.135032251,-0.0930079222,0.220390633,-0.160551161
0.113765888,-0.0219610613,0.189100072,-0.0433911122
0.104514942,0.0248861108,0.173035756,0.0378945135
0.0933043361,0.0300570745,0.157041326,0.0502680019
0.0630370528,-0.00450908113,0.108768493,-0.00625874801
0.00650735013,-0.0591789819,0.0158586409,-0.0971267745
-0.0665796474,-0.106331773,-0.107867628,-0.175247043
-0.132931679,-0.122988842,-0.21784471,-0.201604664
-0.167639539,-0.100184292,-0.277170062,-0.162871137
-0.157975212,-0.0450122133,-0.265751779,-0.0731169209
-0.110951982,0.024653988,-0.189229518,0.0412855558
-0.0499903634,0.0890849084,-0.0858755857,0.14832516
-0.0022359807,0.134246349,-0.00301627326,0.222224265
0.0164308753,0.154549494,0.0307418555,0.255464196
0.0100529799,0.150714085,0.0209629592,0.249413744
-0.000380717771,0.125628039,0.00298339641,0.210400671
0.00968912058,0.0818753093,0.0186707359,0.138589978
0.0519679785,0.0228218231,0.0859153867,0.0414235182
0.115367807,-0.0439437665,0.188800812,-0.0706568286
0.168925479,-0.104304329,0.27338019,-0.17112872
0.17700243,-0.139756903,0.286862433,-0.229590058
0.119185172,-0.134577125,0.197285652,-0.227115214
0.00415972201,-0.0848742351,0.0111827552,-0.14783363
-0.130547985,-0.00413443428,-0.212808207,-0.0112471124
-0.2338925,0.0792537108,-0.374196649,0.127892777
-0.264620632,0.133023396,-0.4164612,0.214602381
-0.210989535,0.136110649,-0.340075374,0.226795703
-0.0967881903,0.0901463628,-0.164141491,0.158168703
0.0296227485,0.0205642376,0.0448118113,0.0400819294
0.117916718,-0.0346130468,0.194960833,-0.0573859103
0.138817862,-0.043712981,0.229897141,-0.0772842616
0.0962131023,0.00121634826,0.162697971,-0.00590426149
0.0227832608,0.0779666677,0.043108508,0.122959018
-0.0379462764,0.143027142,-0.0591485985,0.233336881
-0.0535091534,0.152372137,-0.0856166631,0.255116731
-0.0172273275,0.0843189359,-0.0277631488,0.148784325
0.0510338657,-0.04711603,0.0848091617,-0.0711718947
0.117248319,-0.195704743,0.185724393,-0.31180051
0.151183084,-0.302464694,0.229136601,-0.469963074
0.140098453,-0.322139859,0.21112904,-0.502027154
0.0915652514,-0.244012758,0.141110837,-0.399786592
0.02535793,-0.096944809,0.038925875,-0.174278587
-0.0395077728,0.0637754947,-0.0657402351,0.0977362022
-0.0943395272,0.181313112,-0.150226355,0.294530869
-0.141501129,0.221846819,-0.220244467,0.359097719
-0.186840922,0.187255114,-0.291958958,0.306855321
-0.229773641,0.110567726,-0.363289922,0.18452552
-0.258547723,0.0374358706,-0.410857826,0.0665666014
-0.254942298,0.00348189077,-0.40954268,0.0101180095
-0.206415072,0.0187501051,-0.341241002,0.0327067748
-0.118341215,0.0661733896,-0.200883016,0.111778677
-0.0178606454,0.113496818,-0.0337072872,0.189524874
0.055002328,0.131454289,0.0929640979,0.217962563
0.0659740567,0.108506963,0.114742577,0.180076182
0.00561218336,0.0550914295,0.0162265114,0.0925500765
-0.101994127,-0.00366990129,-0.163051516,-0.00519077433
-0.20712322,-0.0418579727,-0.332996845,-0.0657392591
-0.256543934,-0.0454523675,-0.411631554,-0.0696265325
-0.219459996,-0.0175201539,-0.3609173,-0.0237153079
-0.103939719,0.0257929768,-0.181949988,0.046856124
0.0453804657,0.0651646107,0.0689607412,0.110187016
0.168178782,0.0879248604,0.273935676,0.142167479
0.217977911,0.0927049443,0.354792416,0.147631094
0.185391828,0.0873144865,0.308352262,0.136953622
0.102852188,0.0821905136,0.176286474,0.133546203
0.0278177634,0.0838625431,0.0511638299,0.137497351
0.0125895692,0.0921667516,0.0206559338,0.154368803
0.0760467872,0.102152385,0.12254075,0.171214163
0.192011312,0.108631715,0.307339162,0.176225692
0.300690532,0.109950274,0.469182193,0.167586893
0.337903559,0.108484544,0.52140975,0.160439655
0.267605156,0.107832268,0.430784017,0.162703946
0.101354279,0.108973563,0.179494068,0.172082707
-0.105172396,0.108359635,-0.161252841,0.175870299
-0.277041674,0.0995431617,-0.431583613,0.162115797
-0.354088187,0.0775132701,-0.540845215,0.126196936
-0.31749624,0.0429483131,-0.498452276,0.0773755535
-0.196312279,0.00342748803,-0.328059435,0.0150223495
-0.0514376126,-0.029600272,-0.0936988145,-0.0437545814
0.0542571209,-0.0466739275,0.0868696943,-0.0779828653
0.0846513957,-0.0457270294,0.142397359,-0.0798611119
0.0442157947,-0.0338309743,0.0772913322,-0.0610659979
-0.0286656041,-0.0240543,-0.0441150032,-0.0424005352
-0.0840944722,-0.028969558,-0.13919656,-0.0476831011
-0.0865592211,-0.0542293899,-0.147158936,-0.0871422738
-0.0312862024,-0.0955668762,-0.0559165515,-0.154907033
0.0562297404,-0.140635297,0.0864916518,-0.22984153
0.135754287,-0.174476415,0.214594722,-0.285720497
0.173686743,-0.185639843,0.274355501,-0.300891817
0.158894032,-0.170027792,0.256273299,-0.279555947
0.105474927,-0.13121523,0.173629761,-0.222379744
0.042354729,-0.0781201869,0.0719287023,-0.134783179
-0.00352070644,-0.0220915042,-0.00539021799,-0.0389084853
-0.0208700467,0.024935009,-0.037116006,0.0406555645
-0.0176196918,0.0511376336,-0.0290112309,0.0858217478
-0.0133190798,0.0457528792,-0.0212165266,0.07819096
-0.0255402755,0.00177687278,-0.0392094404,0.00719986996
-0.0582784191,-0.0795558095,-0.0935274437,-0.127557889
-0.0987561718,-0.184679583,-0.160591558,-0.2948277
-0.124085553,-0.287404358,-0.197124615,-0.445018649
-0.113832578,-0.354888767,-0.181087568,-0.535747886
-0.0615775585,-0.359253228,-0.105411887,-0.548027337
0.0205458533,-0.290496469,0.0220678374,-0.462903649
0.1063786,-0.164317012,0.162115753,-0.274201483
0.166659504,-0.0196717605,0.270401269,-0.041728463
0.180732504,0.0946571231,0.297491491,0.148065016
0.14361389,0.13959527,0.243085712,0.224484071
0.0658718497,0.102713555,0.117485747,0.170820802
-0.0324737653,0.00423024502,-0.0452985801,0.012172319
-0.130244702,-0.111492261,-0.210086465,-0.177298382
-0.211562559,-0.195515186,-0.335901529,-0.304742575
-0.26827538,-0.215844467,-0.417141795,-0.330939084
-0.298704237,-0.170562014,-0.465060681,-0.262211025
-0.304786205,-0.0862932131,-0.480362087,-0.134044781
-0.289785862,-0.00314055826,-0.462678581,-0.00249250676
-0.257513911,0.0458951592,-0.414097637,0.0786534473
-0.212505654,0.0502875522,-0.344479978,0.0879113749
-0.159945667,0.0244260468,-0.264351964,0.0466263145
-0.104650624,-0.00349505548,-0.176341131,-0.00263605011
-0.0496025458,-0.00939453021,-0.0860328227,-0.0135271866
0.00464277063,0.0123049896,0.00484074512,0.0186155867
0.0586239994,0.0459669679,0.0955050513,0.0757504851
0.110999353,0.0651096702,0.184497938,0.107264318
0.155716315,0.0496861562,0.256720632,0.081172727
0.181666389,2.82616646e-17,0.299739897,-0.00155292382
0.176143423,-0.0612861998,0.291422963,-0.101833358
0.131211564,-0.100891039,0.218160182,-0.170320034
0.0499404222,-0.0942727253,0.0843420997,-0.161340088
-0.0512164459,-0.0417292714,-0.0846785009,-0.0747386664
-0.146163419,0.0283689294,-0.238294974,0.0443042219
-0.208250225,0.0720660537,-0.336065471,0.11924126
-0.220899031,0.0522384904,-0.355568469,0.0930172801
-0.184692174,-0.0406275652,-0.302817822,-0.0551103465
-0.117218971,-0.180526212,-0.194613174,-0.282987326
-0.0454539806,-0.315687507,-0.0784342661,-0.487312019
0.00577318482,-0.391645819,0.00203929027,-0.588608325
0.0236157831,-0.376277238,0.0280787665,-0.575277507
0.0106453393,-0.274374366,0.0108950771,-0.443151295
-0.0194102917,-0.124712341,-0.0371854194,-0.216139317
-0.0508067682,0.0184849184,-0.085466288,0.0256165061
-0.0744338334,0.110016331,-0.122089386,0.182748914
-0.091067791,0.131937727,-0.146365598,0.222716689
-0.10755983,0.0972516388,-0.175049022,0.164486647
-0.12852259,0.0386842266,-0.209538743,0.0683249086
-0.148892134,-0.0102123972,-0.244896889,-0.0120500885
-0.152487233,-0.0311531406,-0.253774941,-0.0487439446
-0.118404806,-0.0265217721,-0.200057074,-0.042505946
-0.0325381644,-0.0128198685,-0.0604498461,-0.0184012409
0.101782307,-0.00761847803,0.162247896,-0.00977957435
0.260144413,-0.018500248,0.409922749,-0.0306629855
0.403270721,-0.0403413996,0.600026369,-0.0661934614
0.490989208,-0.0615441017,0.688333869,-0.093736589
0.497782528,-0.0741024688,0.693940938,-0.111928165
0.422758043,-0.0801504776,0.62293607,-0.12749216
0.289519668,-0.0901912972,0.460014284,-0.149658769
0.136302635,-0.113904826,0.229428381,-0.192107096
0.00129049248,-0.149695963,0.00602139393,-0.248037666
-0.0900577828,-0.180609345,-0.147037566,-0.293106228
-0.130445004,-0.180784121,-0.21650292,-0.292197704
-0.127787635,-0.130129382,-0.214991018,-0.214662075
-0.0969752595,-0.0292071421,-0.167524725,-0.0519825928
-0.0515734032,0.0950073376,-0.0895155072,0.154943809
0.000232178601,0.197586849,0.00149002031,0.321126878
0.0543742366,0.235702559,0.09039101,0.381787091
0.106711388,0.19063817,0.178139731,0.312613606
0.149919122,0.0799745023,0.250274718,0.136278898
0.174385056,-0.0476023145,0.286885351,-0.0752148032
0.172995538,-0.133687541,0.27920267,-0.22090815
0.14669168,-0.137875602,0.236345187,-0.231293097
0.106643878,-0.0580284223,0.175883874,-0.104806311
0.0706005245,0.0675142631,0.117523581,0.1039318
0.0544849671,0.177545369,0.0924547017,0.286829442
0.0635492206,0.217153043,0.106141321,0.352384806
0.0883003101,0.16416581,0.149284691,0.272718042
0.108238049,0.0398207232,0.184552476,0.0719991773
0.102224283,-0.101550072,0.170968339,-0.163697034
0.0603645928,-0.19854188,0.0979428366,-0.324616373
-0.00906557683,-0.211413115,-0.0175410025,-0.349373639
-0.0819179863,-0.139470845,-0.139023408,-0.235455588
-0.129216924,-0.0190579109,-0.215655759,-0.0374693349
-0.131688207,0.0960302874,-0.219456226,0.157945737
-0.0903128833,0.161248624,-0.149355307,0.267436594
-0.027168816,0.161626041,-0.0432173721,0.271930844
0.0243177153,0.116062321,0.0435287207,0.197657913
0.0351049341,0.0644526258,0.0622363426,0.10950394
-0.00554594072,0.0451315492,-0.00558844721,0.0735896751
-0.0849302188,0.0745317116,-0.135960445,0.120673306
-0.173037857,0.139135763,-0.276643455,0.223161653
-0.236722127,0.203050688,-0.367780209,0.31977582
-0.254650235,0.226560086,-0.388900489,0.357170105
-0.225623548,0.185900137,-0.352558494,0.302613139
-0.166551858,0.0846049488,-0.271209717,0.148226976
-0.101881437,-0.048384048,-0.170880094,-0.0698932633
-0.0506297909,-0.171877086,-0.0866566375,-0.275310665
-0.0180707928,-0.249741435,-0.0321794711,-0.400020838
0.00383116817,-0.2640903,0.000821853231,-0.424078912
0.028201323,-0.219087929,0.0398116,-0.359886229
0.0625488237,-0.135253429,0.0964775831,-0.229315802
0.102102727,-0.038602408,0.165696383,-0.0704507157
0.131217256,0.0494172461,0.216546342,0.0760443658
0.13211149,0.116863959,0.219476834,0.18764469
0.0958954319,0.160316765,0.16292277,0.25759837
0.0294067636,0.18044509,0.0568631999,0.293863535
-0.0463539213,0.177915856,-0.0694222972,0.291371286
-0.105712391,0.15233472,-0.168146521,0.253716201
-0.13076961,0.104410745,-0.213189602,0.177914113
-0.120076194,0.0392466225,-0.20005843,0.0715964213
-0.0887588188,-0.032086879,-0.149460644,-0.0464865938
-0.0599534102,-0.0944329202,-0.103090003,-0.153486535
-0.0521507151,-0.13346988,-0.0891960114,-0.220424682
-0.069312118,-0.141360104,-0.11655964,-0.233108714
-0.0991163477,-0.120248377,-0.165628716,-0.198753655
-0.12026158,-0.0817415416,-0.200283349,-0.135819286
-0.11479722,-0.0424590223,-0.193754509,-0.0698092729
-0.0787007958,-0.0175832305,-0.133819252,-0.0273605827
-0.0248552877,-0.0151614109,-0.0434694104,-0.0222051311
0.0232932437,-0.0334286466,0.036800649,-0.0541808046
0.0440527834,-0.0620126836,0.0721849352,-0.104329303
0.029172603,-0.0862861574,0.0490645319,-0.144197345
-0.0114038382,-0.0930329859,-0.0172869191,-0.157127902
-0.0543424189,-0.0753176287,-0.0917772353,-0.125685975
-0.0748308077,-0.0349161774,-0.126964271,-0.0580721498
-0.0594100952,0.0184185617,-0.102754675,0.0311151464
-0.0130893486,0.0705555156,-0.0244003385,0.118890122
0.0428631008,0.108238235,0.0704924464,0.178309411
0.0812158659,0.124177493,0.136293277,0.205147848
0.0818462595,0.120041996,0.140339553,0.197818115
0.0410604291,0.10592404,0.0740883201,0.175779194
-0.0272034779,0.0960440785,-0.0386735648,0.159425348
-0.098391816,0.10203547,-0.158720136,0.168586329
-0.148625284,0.126508787,-0.242062777,0.207541645
-0.164554372,0.159996614,-0.263640612,0.261015117
-0.14734076,0.183359653,-0.23779878,0.298742503
-0.109712288,0.175461993,-0.177281827,0.290790409
-0.068580173,0.123295732,-0.111510113,0.210326493
-0.0375125781,0.0300449915,-0.0611033738,0.0579609834
-0.0226546992,-0.0831257477,-0.0374164134,-0.134491667
-0.0231534727,-0.183321238,-0.038976036,-0.297405005
-0.0344410725,-0.238299206,-0.059214659,-0.382867008
-0.0514604934,-0.229918912,-0.0881016105,-0.373680353
-0.0696955174,-0.162580371,-0.119515523,-0.271287173
-0.0840058774,-0.0624497868,-0.14392513,-0.107891686
-0.0872421488,0.0326873027,-0.146828502,0.0527729057
-0.0710353479,0.0887476355,-0.119408645,0.149017915
-0.0296540856,0.0891170353,-0.0504715778,0.153271779
0.0346892178,0.0407393351,0.0582215004,0.0728878304
0.108554572,-0.0300704055,0.177769303,-0.0467179939
0.16927363,-0.0899311453,0.274209917,-0.148530826
0.19299002,-0.112995498,0.309825122,-0.187900141
0.165911049,-0.0912097842,0.270982265,-0.156680226
0.0933120474,-0.0359646231,0.157187149,-0.067493163
0.000907148817,0.0288714301,0.00510255247,0.0440935194
-0.0736485347,0.0785584375,-0.11827302,0.129802778
-0.0964709595,0.0979819223,-0.157957733,0.166249216
-0.0535651743,0.0864349455,-0.0909483805,0.149506047
0.0405511223,0.0553271398,0.0644612983,0.0970570147
0.146750927,0.0209898204,0.241576508,0.0354044139
0.217057928,-0.00324706687,0.350918144,-0.00971865095
0.215749443,-0.0118806548,0.35296756,-0.024013726
0.136248738,-0.007355446,0.231151044,-0.0178287551
0.00570114795,0.00346926181,0.0162380934,0.00205833674
-0.125432789,0.0138332574,-0.203087509,0.0221170168
-0.204512224,0.0200336892,-0.330629885,0.0362125151
-0.199237347,0.0218008123,-0.327892959,0.0401858538
-0.111449629,0.0208239146,-0.192287102,0.0400811955
0.0239297077,0.0190528836,0.0337683707,0.0350917503
0.154147491,0.0180068575,0.248989508,0.0291623455
0.230961576,0.0191183425,0.373064935,0.0262423754
0.229995787,0.0241183806,0.375773191,0.0327296667
0.158777729,0.0344227217,0.266940475,0.052373942
0.0506515503,0.0494577922,0.0914454013,0.0777735114
-0.0517011173,0.065123789,-0.0803866237,0.106301315
-0.114961259,0.0740989298,-0.187771231,0.123993389
-0.127561837,0.0688594505,-0.210854858,0.118324496
-0.100871749,0.0464603752,-0.170184717,0.0820277855
-0.0599230789,0.0124310507,-0.100722201,0.0255342219
-0.0292485766,-0.0191562939,-0.0502336435,-0.0301418938
-0.0211428795,-0.0307556111,-0.0354205035,-0.0520462655
-0.0317360386,-0.00996790454,-0.053068988,-0.0189832505
-0.0458994843,0.0424297452,-0.0766648203,0.068031244
-0.0475254655,0.109749377,-0.0775860697,0.181324393
-0.029340582,0.164526641,-0.0464589,0.272186399
0.00285995984,0.180123776,0.00568026491,0.29679358
0.0334412381,0.143624768,0.0572438389,0.241551638
0.0455660671,0.0634574443,0.0809207931,0.109733641
0.0305457693,-0.0327629969,0.0536231734,-0.0527966768
-0.00692316238,-0.109953217,-0.0110234367,-0.183817774
-0.0502050444,-0.141599208,-0.0841611028,-0.235555738
-0.0780508518,-0.122250825,-0.13163428,-0.20487617
-0.0742287189,-0.069997631,-0.128692538,-0.11806234
-0.0349833928,-0.0173372328,-0.0636541247,-0.0304400437
0.0289202631,0.00520198606,0.0445345044,0.00965001248
0.0962230563,-0.0155577827,0.159909979,-0.0250701606
0.143286586,-0.0689590722,0.236156806,-0.113758005
0.152816057,-0.12631163,0.24923721,-0.207929537
0.119838722,-0.155991495,0.195150495,-0.259232938
0.0530401319,-0.139957353,0.0879503563,-0.236771598
-0.0284908488,-0.0830385834,-0.0472123064,-0.143628567
-0.101493508,-0.010161873,-0.168684781,-0.021014832
-0.145458207,0.0469281003,-0.239534274,0.078615129
-0.148184404,0.0663393363,-0.244791254,0.113908306
-0.108684145,0.0472310036,-0.181939378,0.0840169489
-0.0370128676,0.00967347063,-0.0646572933,0.0206993017
0.0486803167,-0.0165787619,0.0777059421,-0.0264395792
0.127080724,-0.00822018739,0.20733887,-0.0161850601
0.17943199,0.0392903574,0.291353256,0.0572041124
0.194609255,0.109764472,0.317455947,0.171007231
0.172076076,0.175502643,0.281078935,0.27600646
0.121673346,0.21244815,0.202841565,0.337238401
0.0600989982,0.212873071,0.104228787,0.343863487
0.00513174105,0.188655049,0.0142894806,0.309909165
-0.0303489193,0.163446918,-0.0467387587,0.270442396
-0.042222552,0.158177644,-0.067106083,0.262331843
-0.0352823995,0.178003818,-0.0570477657,0.291872382
-0.0196524896,0.20806776,-0.0300594438,0.337464094
-0.0051463698,0.220652387,-0.0053166179,0.35822767
0.00371856033,0.190150321,0.0120455017,0.314706147
0.00956545305,0.108009592,0.0204543509,0.184973478
0.0198622663,-0.0102682002,0.0366914272,-0.0119047267
0.0415758677,-0.129927859,0.0678193048,-0.211648107
0.0755332634,-0.211383373,0.117531978,-0.341945112
0.113606408,-0.227287203,0.174873024,-0.367561787
0.140610844,-0.174125001,0.222708464,-0.289795816
0.140513808,-0.0731602833,0.227894738,-0.130576208
0.104280189,0.0391122177,0.176038161,0.0573499128
0.0355938375,0.125955731,0.0640626922,0.204212323
-0.0486022569,0.163743839,-0.0735090971,0.268498361
-0.12354403,0.148182347,-0.195598394,0.246608049
-0.166070968,0.0919405445,-0.268641442,0.157160774
-0.16405353,0.0163943544,-0.270683616,0.0346948765
-0.121629976,-0.0576513037,-0.204429299,-0.0884967297
-0.0577902123,-0.11604394,-0.100245446,-0.186677784
0.00124727644,-0.15261215,-0.00369526981,-0.251794547
0.0326629616,-0.167059079,0.0498786345,-0.275078028
0.0261316411,-0.162159488,0.0415227152,-0.269287139
-0.012454289,-0.142384097,-0.0211370718,-0.236179486
-0.0640770271,-0.114161201,-0.106698938,-0.192294642
-0.104956403,-0.0862518996,-0.174664736,-0.143712536
-0.116415709,-0.0684044957,-0.196453765,-0.110483646
-0.0919981375,-0.0677727982,-0.155916467,-0.108898237
-0.0389912874,-0.084604755,-0.0695850402,-0.137600869
0.0258866865,-0.109978095,0.0386778861,-0.180289373
0.0843200758,-0.127852514,0.134780124,-0.211491734
0.124042034,-0.121514432,0.199543074,-0.20246172
0.1429445,-0.0818196088,0.233185783,-0.141420051
0.148145601,-0.013117264,0.242248267,-0.0272910595
0.150922701,0.0665756389,0.249597922,0.103851736
0.160270229,0.13188237,0.262915969,0.211251646
0.178303316,0.160266653,0.290391594,0.255262554
0.199651316,0.141416296,0.324924439,0.225768968
0.214931175,0.0814000517,0.350875199,0.132243559
0.216359496,-0.000208694459,0.353223413,-0.000142550329
0.202516809,-0.078541249,0.329728246,-0.130103305
0.179706529,-0.132773891,0.291820407,-0.217476383
0.159047976,-0.152229309,0.254415035,-0.250207275
0.150605649,-0.137033895,0.242470711,-0.22901094
0.157454327,-0.0942971036,0.254387349,-0.161291614
0.172818959,-0.0330918096,0.280623645,-0.0622511804
0.182130396,0.0383520201,0.298121423,0.0562468916
0.169539481,0.111863412,0.279196173,0.176060408
0.126163498,0.176455349,0.209773496,0.27956894
0.0561859421,0.216709256,0.0995937511,0.348122895
-0.0224712715,0.215322718,-0.0274210814,0.351874202
-0.0839675814,0.160096377,-0.131415576,0.267624438
-0.104974821,0.0523322076,-0.171794444,0.09571217
-0.0754704401,-0.08830484,-0.126220509,-0.136085942
-0.00499611534,-0.226541281,-0.0144477393,-0.359338075
0.0789854527,-0.322426647,0.11421553,-0.49897939
0.140797704,-0.346556842,0.205741897,-0.531151533
0.150905862,-0.292765051,0.228996918,-0.462286055
0.0991335437,-0.181835726,0.15990302,-0.30699122
0.000942318991,-0.0536229126,0.00357163837,-0.0989714637
-0.106491305,0.049517747,-0.173942432,0.0798523873
-0.177533239,0.100619629,-0.285581201,0.166566059
-0.17579262,0.0989526585,-0.287454396,0.168664068
-0.0892245919,0.0685998648,-0.152714685,0.12168739
0.0636623055,0.0453861542,0.0976355374,0.0795669258
0.239355609,0.05847314,0.378096342,0.0903837159
0.384763777,0.115593329,0.574319243,0.163362458
0.456577003,0.199137107,0.640923798,0.267160594
0.137477264,-0.0196396094,0.25740096,-0.028139025
0.110982232,-0.066854164,0.174881309,-0.112585001
0.0285273977,-0.0947470963,0.0511499345,-0.161829159
-0.0833910853,-0.0907307342,-0.13599886,-0.154248819
-0.188102573,-0.0527228154,-0.307336211,-0.0882422328
-0.253706068,0.00871562865,-0.408408791,0.015815055
-0.264815152,0.0739523172,-0.424307793,0.120913692
-0.22608991,0.122136548,-0.364444256,0.200364694
-0.156681955,0.139726549,-0.255320281,0.233164325
-0.0790931359,0.125684842,-0.130383119,0.213217035
-0.00842348859,0.0909301564,-0.0139743742,0.155645445
0.0526039861,0.0524206981,0.0870878696,0.089757055
0.110720314,0.0248181,0.18325077,0.0426506363
0.173415467,0.0137733519,0.282539994,0.0198092349
0.239667118,0.0139813386,0.385543197,0.0198841281
0.295639724,0.0127682304,0.465702951,0.0152022308
0.318359405,-0.00268626399,0.498673677,-0.00863031298
0.286206275,-0.0380436219,0.456066966,-0.0655906349
0.191350296,-0.0878857002,0.317482293,-0.148002326
0.0478474833,-0.136968642,0.0851044133,-0.230990216
-0.109242208,-0.16605401,-0.175485313,-0.272477001
-0.234379113,-0.159754917,-0.371669114,-0.252776414
-0.287900716,-0.113118656,-0.455417901,-0.176454544
-0.251511246,-0.0343712121,-0.411036819,-0.0526707359
-0.136251569,0.0570935495,-0.23326233,0.0966364965
0.0206970237,0.136583626,0.0273546949,0.227185354
0.16936864,0.181684822,0.270896256,0.291505009
0.265252501,0.179037198,0.418668181,0.276143223
0.285101265,0.12828809,0.454205453,0.197002396
0.234040797,0.0421851166,0.385495216,0.0667826533
0.141372219,-0.0571015775,0.239257887,-0.0967630893
0.0471508875,-0.144342631,0.0795251504,-0.237968683
-0.0146285249,-0.198502973,-0.0257737376,-0.325056523
-0.0291666538,-0.208782554,-0.0536894165,-0.340105504
-0.00497768261,-0.177556813,-0.0140997618,-0.294201285
0.0323900767,-0.119139493,0.046651721,-0.20204407
0.0539232641,-0.0545941554,0.0876011476,-0.0946523324
0.0417702831,-0.0042600357,0.0698193014,-0.0106722917
-0.00173342729,0.0193287544,0.00119737617,0.0314283781
-0.0548243932,0.0153951542,-0.0889783129,0.026343381
-0.0866787136,-0.00589371007,-0.142972067,-0.00703891274
-0.0728262961,-0.028712457,-0.123938881,-0.0441732258
-0.00856197346,-0.0390847065,-0.0193099398,-0.0630397052
0.0861076415,-0.0312931016,0.136707902,-0.0520140901
0.17289795,-0.0102883903,0.280395448,-0.021134723
0.210913092,0.0110053234,0.343177944,0.0132012405
0.17501542,0.0182041526,0.292709798,0.0262935553
0.0686947256,0.00268179108,0.122182243,0.0020945454
-0.0748008862,-0.0339757986,-0.116405837,-0.0565637089
-0.20437704,-0.0804087743,-0.329488069,-0.125370726
-0.271528661,-0.120561302,-0.431232363,-0.184070081
-0.250681013,-0.140895769,-0.403042346,-0.215853155
-0.150429368,-0.136247993,-0.254737139,-0.217431143
-0.0103685567,-0.111578323,-0.0283102915,-0.183261201
0.11551439,-0.0789575428,0.183809459,-0.133109286
0.181831107,-0.0514671467,0.297778249,-0.0895599574
0.171056971,-0.0371054932,0.283710301,-0.0658114329
0.100452475,-0.0356071517,0.171243593,-0.0629476532
0.013503083,-0.0394745655,0.0260198899,-0.0687223673
-0.0402473137,-0.0383833684,-0.0674387142,-0.0653193742
-0.0277924091,-0.0245665554,-0.0506393611,-0.0397560745
0.0525760874,0.00345561607,0.0809100196,0.00552326208
0.170940503,0.0403550006,0.275462538,0.0639900714
0.279747009,0.076527603,0.440325618,0.116113722
0.335413665,0.10212101,0.517252862,0.150162622
0.317503273,0.11058338,0.4961842,0.164024502
0.236821651,0.100390188,0.387830496,0.155552417
0.129212067,0.0747666508,0.22115767,0.120965943
0.038548965,0.0401801467,0.0673471168,0.0660922453
-0.00276002148,0.00463025272,-0.00515543157,0.0100825094
0.0132175256,-0.0236785579,0.0198358912,-0.0395150706
0.0688145384,-0.0373741947,0.11130508,-0.0639652908
0.131030992,-0.0311067086,0.212511271,-0.054546345
0.167484775,-0.00307662413,0.273293257,-0.00989891123
0.160270944,0.0435704403,0.265456229,0.0651519746
0.111775771,0.100468278,0.188017502,0.158570305
0.0409608148,0.155714557,0.0729459822,0.252054691
-0.0267265625,0.197457448,-0.0382729769,0.320584893
-0.0701843649,0.218121439,-0.108748212,0.354230613
-0.0792800337,0.217257813,-0.124624975,0.354149461
-0.0553889051,0.201315865,-0.08762604,0.329934239
-0.00745254708,0.180036888,-0.0112791667,0.297825426
0.0529262535,0.161017686,0.087914966,0.266543269
0.114372686,0.145247549,0.189096197,0.238884836
0.165959552,0.126257598,0.271234155,0.205119088
0.196505845,0.093827337,0.320316792,0.150377691
0.195518494,0.0407341942,0.322584182,0.0647060126
0.156994164,-0.0308990236,0.262346685,-0.0514723845
0.0846706852,-0.107362092,0.144453019,-0.179182395
-0.00478141429,-0.167176515,-0.00650360947,-0.276789516
-0.0840970948,-0.189913318,-0.138733387,-0.311289817
-0.124215856,-0.16615133,-0.206339657,-0.270046711
-0.106662758,-0.103649698,-0.184459075,-0.172532737
-0.0337508097,-0.0261801556,-0.0639147535,-0.0445393845
0.069191806,0.0352339931,0.110205315,0.0589589961
0.162101358,0.0552282371,0.265601099,0.0894768462
0.206351057,0.0254496224,0.339530557,0.0407030582
0.18181935,-0.0409876667,0.303176284,-0.06886971
0.0967041254,-0.114339441,0.165343359,-0.191254616
-0.0150922788,-0.160557821,-0.022393791,-0.267829448
-0.108355448,-0.155812949,-0.179169059,-0.255655527
-0.146276206,-0.0967975855,-0.245095357,-0.160797134
-0.116271086,-0.00220981752,-0.198383242,-0.00613424974
-0.0344707444,0.095271416,-0.0626503006,0.157863364
0.0630331561,0.162970424,0.101697192,0.267067611
0.137611091,0.181989521,0.225071475,0.294148594
0.165489942,0.154759735,0.27438572,0.250165164
0.146741986,0.103169411,0.246498585,0.168191075
0.102034681,0.0582498983,0.175581738,0.0945970416
0.0596401915,0.046065934,0.10222511,0.0742741227
0.0400027521,0.0760294721,0.0674760714,0.124015316
0.0459747389,0.136702552,0.0758038387,0.221924841
0.0633749738,0.200844467,0.104286686,0.323505908
0.070783712,0.237456173,0.118921667,0.380374908
0.0526157878,0.225591063,0.0923734233,0.365987867
0.00808877032,0.163969964,0.0214429479,0.273798734
-0.0486407876,0.0722291619,-0.0736058056,0.124677278
-0.0967744663,-0.0168310851,-0.157838717,-0.025183972
-0.12052191,-0.0708185509,-0.201503813,-0.114265755
-0.117364191,-0.0714578703,-0.199184388,-0.116825938
-0.0983801261,-0.0225987323,-0.16738762,-0.0388659425
-0.080774866,0.0510190316,-0.135241523,0.0819690451
-0.0772222355,0.113948189,-0.127715901,0.188439861
-0.0883488953,0.135053664,-0.141911566,0.225072518
-0.102722466,0.101072714,-0.165669605,0.173217744
-0.104240753,0.0228500403,-0.170880333,0.0452044643
-0.082455419,-0.0686516762,-0.139592469,-0.108064815
-0.0396243669,-0.135140687,-0.069613561,-0.219881445
0.00981980469,-0.147297069,0.00947071146,-0.243748844
0.0472540185,-0.0976121724,0.0736119151,-0.168109849
0.0607317798,-0.00411391724,0.100421131,-0.0142526971
0.0523061864,0.096818991,0.0895576924,0.154929787
0.0372323357,0.165597886,0.0645552203,0.269961894
0.035050571,0.176020339,0.0605218299,0.289857656
0.057302773,0.126117632,0.0976953208,0.212617427
0.0988530517,0.0385560654,0.165747017,0.0691817552
0.138138026,-0.0494872592,0.227570042,-0.0811082497
0.146964163,-0.102416895,0.240501568,-0.171690643
0.105222166,-0.101183131,0.174458683,-0.173233122
0.0129659539,-0.0507148765,0.0251069907,-0.0923611596
-0.106655851,0.0230415668,-0.172967985,0.0342123583
-0.215615064,0.084666729,-0.344925493,0.137741596
-0.276734054,0.103968754,-0.433092892,0.170407981
-0.269497275,0.0674617067,-0.428362608,0.118118741
-0.198494077,-0.0177894998,-0.327874929,-0.0178500153
-0.0907542557,-0.128625557,-0.156150579,-0.202234417
0.0163183585,-0.235610649,0.0191349518,-0.373719275
0.0903609544,-0.313466907,0.133057177,-0.487721413
0.115645371,-0.347992033,0.171921596,-0.534048259
0.0961531103,-0.337697864,0.143889025,-0.523222923
0.0499757417,-0.291076303,0.075791575,-0.464361787
-0.0009904037,-0.221970201,-0.00564740691,-0.364451885
-0.0404467881,-0.145415276,-0.0700113624,-0.24376443
-0.0620085448,-0.0749869868,-0.106408194,-0.126539305
-0.0676283687,-0.0212438442,-0.114284597,-0.0351817124
-0.0625968948,0.0096897427,-0.10500662,0.0165191367
-0.0509615242,0.0177482422,-0.0881167054,0.0317791253
-0.0341313556,0.00995092001,-0.0568022877,0.0181356817
-0.0128273172,-0.00063370174,-0.0225396063,-0.000490986567
0.00986578688,0.00112625444,0.0142488247,0.00194785919
0.0272946712,0.0262728464,0.044690419,0.0424094312
0.0314715579,0.0759976879,0.0518287458,0.123437345
0.0178431012,0.139450476,0.0321152955,0.227505416
-0.0103207966,0.197045952,-0.0116664972,0.320701957
-0.0410484783,0.228496566,-0.0609803349,0.370242059
-0.0576345511,0.222055361,-0.0874502659,0.362091362
-0.0460029766,0.180322453,-0.0722457096,0.299146563
-0.00186968863,0.11934077,-0.00328814378,0.202808812
0.0660991147,0.0610751733,0.108907484,0.104483329
0.139022455,0.0229851846,0.228054047,0.0357975662
0.195315704,0.0101975435,0.318311334,0.0129895639
0.219408467,0.0145767322,0.355078131,0.0191532876
0.20753713,0.0212550294,0.341410697,0.0306845084
0.168066755,0.0189102739,0.279134661,0.0266240314
0.116615131,0.0077221836,0.197718695,0.0107782958
0.068748042,4.40542726e-06,0.117506452,-0.00126122532
0.033895798,0.012606781,0.0578214936,0.0178315938
0.0130798444,0.0551116765,0.0214242227,0.0883734301
0.000789711718,0.120764457,0.00182498363,0.196928129
-0.0107432073,0.186109543,-0.0140415458,0.303006887
-0.0274534319,0.220714748,-0.0384619944,0.358710974
-0.0513955243,0.202556089,-0.0773777962,0.332392395
-0.0810158253,0.13088797,-0.126868859,0.222455353
-0.112642705,0.0290718656,-0.183810562,0.0560567081
-0.141776085,-0.0651572943,-0.233139753,-0.102193527
-0.163532287,-0.117682502,-0.268419623,-0.18936494
-0.172754705,-0.115057081,-0.284710526,-0.185428068
-0.164878935,-0.0713544413,-0.273132533,-0.115865655
-0.138119489,-0.0206475332,-0.232340693,-0.0331349522
-0.0962279215,0.00135386072,-0.163665146,0.00415321393
-0.0499164648,-0.0231454074,-0.0853071287,-0.0329325981
-0.0150389764,-0.0839840099,-0.0274259429,-0.136620745
-0.00708818482,-0.148343891,-0.0133290756,-0.242604434
-0.0338368304,-0.178894669,-0.0558752567,-0.294185251
-0.0896765515,-0.155005723,-0.150127143,-0.258114964
-0.155161485,-0.0851485431,-0.255364925,-0.142791331
-0.203130141,-0.00310411281,-0.332213789,-0.00500602694
-0.209479928,0.0505524091,-0.341846168,0.0847102329
-0.163943782,0.0517764352,-0.27129969,0.0924003869
-0.0756768361,0.00801871251,-0.129165486,0.0199281052
0.0293782596,-0.0443223901,0.0438585058,-0.0701447129
0.118477643,-0.0597089119,0.192016333,-0.101524949
0.164904639,-0.0104707666,0.268707931,-0.024835825
0.157714427,0.0938118473,0.258567423,0.144730583
0.10409449,0.206178635,0.173240259,0.324688435
0.0238699969,0.263220787,0.0466775857,0.418028146
-0.0603544451,0.217476398,-0.0883250386,0.357566833
-0.131993815,0.0648241639,-0.209064603,0.118291624
-0.183932886,-0.148000062,-0.292532474,-0.224517167
-0.215823159,-0.341068625,-0.327379048,-0.500205338
-0.228189886,-0.436630994,-0.330117732,-0.609535098
-0.21811825,-0.395327538,-0.325563073,-0.573061526
-0.180029243,-0.235404775,-0.293928206,-0.375878781
-0.111460052,-0.0251820721,-0.195444465,-0.0488877073
-0.0200137887,0.147841319,-0.0371153392,0.240382358
0.0738773942,0.216360226,0.121756636,0.350981712
0.141865581,0.162239075,0.235039592,0.268194139
0.159355029,0.0216629952,0.267902374,0.0401172079
0.118513688,-0.134972155,0.198133796,-0.217331037
0.0353805907,-0.237549946,0.0572215617,-0.384670615
-0.0539660305,-0.247799426,-0.0896934867,-0.40205583
-0.107812583,-0.173110604,-0.181962833,-0.286660492
-0.0976077914,-0.057485655,-0.167908281,-0.097393848
-0.0219982676,0.0438464731,-0.0430315994,0.0740268603
0.0913148001,0.0920920968,0.14804484,0.154569104
0.197480157,0.0809292123,0.320371062,0.131845161
0.254739374,0.0342416316,0.411427796,0.0540430881
0.243131101,-0.01110538,0.394853503,-0.0226623435
0.172373995,-0.026738096,0.288501173,-0.0505738966
0.0751340538,-0.00673056766,0.129613996,-0.0177646764
-0.0105516333,0.03244422,-0.0159106236,0.049626112
-0.0602994449,0.0642295331,-0.0981018469,0.10691458
-0.0738315135,0.0683667213,-0.121539354,0.116796255
-0.0716002509,0.0418237336,-0.118872136,0.0751256123
-0.0799395293,-0.00116483786,-0.131160155,0.00211208174
-0.11341124,-0.0386664569,-0.185359776,-0.0614307597
-0.164545864,-0.0536399409,-0.269474357,-0.0861840844
-0.207024559,-0.0419741422,-0.338762373,-0.0660330877
-0.210752457,-0.011942585,-0.345140308,-0.0166767258
-0.160416648,0.023366591,-0.268982887,0.041494336
-0.0668601021,0.054955557,-0.116650313,0.0951739028
0.0356919616,0.0822177231,0.0565544739,0.137227103
0.105770469,0.11024341,0.174952433,0.179743052
0.115819968,0.142649502,0.193580121,0.229777157
0.066881299,0.17551516,0.116167516,0.283792794
-0.0115407994,0.197248012,-0.00969464798,0.319351971
-0.0768701583,0.195118308,-0.118161365,0.319656938
-0.0961541533,0.164426893,-0.153904006,0.274277717
-0.0638242885,0.113970935,-0.104236305,0.194519356
-0.00461817812,0.063305527,-0.00953660719,0.110179529
0.0403810143,0.0323430821,0.0657657385,0.0555265285
0.0373931713,0.0290410183,0.0645347238,0.0467905998
-0.0195114315,0.0429438353,-0.0275088288,0.0696447492
-0.102538146,0.0495913401,-0.16581516,0.0840021595
-0.162964791,0.0245667044,-0.266662866,0.0465820879
-0.15659444,-0.0402117707,-0.259861261,-0.0567356311
-0.0687386319,-0.127657473,-0.120691955,-0.202933848
0.0746949092,-0.200525522,0.111761518,-0.32258141
0.216583237,-0.219181508,0.329807848,-0.347975314
0.29447484,-0.163471147,0.449776858,-0.263628483
0.270301342,-0.0467678308,0.430905223,-0.0870461464
0.148958266,0.0864596516,0.251283556,0.130488366
-0.0237422977,0.179803029,-0.0273174848,0.288396537
-0.182817772,0.191876829,-0.280826658,0.309836835
-0.274630338,0.117340378,-0.427877575,0.196008712
-0.280859917,-0.0093516726,-0.445536822,-0.00104541203
-0.224128366,-0.130118072,-0.363853276,-0.197015703
-0.15300934,-0.191527605,-0.253084809,-0.303750396
-0.11474669,-0.17076613,-0.192040175,-0.279694855
-0.130140066,-0.0858236849,-0.215937659,-0.146472231
-0.183606058,0.0153988851,-0.299535453,0.0216570627
-0.233239055,0.081241563,-0.372760713,0.134115711
-0.235133529,0.0837570429,-0.37777096,0.14159061
-0.168825582,0.0328665413,-0.279608101,0.0643689558
-0.0502825566,-0.0302759781,-0.0890412331,-0.0425251797
0.0744643137,-0.0569880381,0.118349046,-0.0954061821
0.151768863,-0.0189049318,0.245744199,-0.0394065306
0.147282377,0.075186722,0.244210839,0.113107666
0.0635100752,0.182726547,0.111592725,0.289991558
-0.0608404055,0.249249756,-0.0879843533,0.39665544
-0.169151098,0.237058192,-0.257933378,0.379157245
-0.21335201,0.145358503,-0.335906297,0.24422884
-0.175253525,0.0111498954,-0.289839417,0.0310564302
-0.0725465789,-0.109520108,-0.126415238,-0.172178462
0.0525671802,-0.169868231,0.0768186375,-0.277816266
0.155300483,-0.155252546,0.24508284,-0.256409734
0.209020406,-0.0887536779,0.334211081,-0.151253358
0.2144593,-0.0170143601,0.348409086,-0.0352369398
0.193767697,0.0155853732,0.318774432,0.0222287625
0.174044102,-0.00962685049,0.287744969,-0.0154256048
0.170330867,-0.0769047737,0.27812171,-0.125817627
0.177751139,-0.146209136,0.284804583,-0.23813948
0.176843584,-0.176063463,0.280656099,-0.287071079
0.148446769,-0.146412909,0.23901169,-0.245509952
0.0889766961,-0.0691880286,0.147455543,-0.122654669
0.0166509952,0.0186899565,0.0290505495,0.0251095761
-0.0357111767,0.0754883513,-0.0571840368,0.126360625
-0.0380303003,0.0767043382,-0.0627721921,0.132823735
0.0188630912,0.0270570181,0.0299352296,0.0516889952
0.11458753,-0.0436073281,0.185515285,-0.0679671541
0.205821529,-0.0976057723,0.328585207,-0.158819094
0.245917961,-0.109985478,0.390285432,-0.181455374
0.208146021,-0.0810707957,0.340984941,-0.140476555
0.100715026,-0.0345146395,0.172410801,-0.0655682608
-0.034636423,-0.00254417607,-0.0513467044,-0.00787525252
-0.140686661,-0.00702789146,-0.229991153,-0.0103963632
-0.171224117,-0.0469615832,-0.283667862,-0.0698770657
-0.113303639,-0.0990825221,-0.193262443,-0.156478286
0.00567693124,-0.130913109,-0.000809163903,-0.212334007
0.129831955,-0.118778668,0.204681814,-0.196729392
0.200206578,-0.0608927682,0.323034406,-0.105756655
0.181833237,0.0213821903,0.30012086,0.0248607825
0.079718329,0.0943765119,0.14015229,0.14769794
-0.0636101216,0.128865927,-0.0961677879,0.210900724
-0.187561512,0.113719538,-0.296704024,0.189454719
-0.240565643,0.0595929027,-0.384652019,0.104141973
-0.202107906,-0.00846729614,-0.33269909,-0.00473817578
-0.0898724124,-0.064678289,-0.157807678,-0.0993078426
0.0504654795,-0.0946612805,0.0760456771,-0.154498771
0.167033777,-0.0997890979,0.267597944,-0.165144622
0.224315241,-0.0923012048,0.361881763,-0.152008608
0.216009587,-0.0850317627,0.351353467,-0.144154042
0.16313304,-0.0823483765,0.269872934,-0.13865146
0.0997532755,-0.0777131319,0.167697176,-0.133328587
0.0545479357,-0.0590343624,0.0905747786,-0.102838859
0.0377198793,-0.0182459317,0.0613897592,-0.0339110643
0.0392944925,0.0409380421,0.0649937764,0.0651430413
0.0385113321,0.102038249,0.0646275654,0.167552814
0.0182714909,0.142574996,0.0346330851,0.234858155
-0.0236638598,0.14506866,-0.0334751718,0.240446702
-0.0728038475,0.106296055,-0.11476361,0.180437267
-0.106110632,0.0397253819,-0.17285113,0.0712409988
-0.105409645,-0.0302549079,-0.175846979,-0.0448618606
-0.0684108809,-0.0793246403,-0.118175983,-0.127729803
-0.0111110909,-0.0937993452,-0.0244142432,-0.155641675
0.0399058722,-0.0755800977,0.0624514818,-0.127667576
0.0612266287,-0.0394424796,0.100571625,-0.0692201406
0.0450380556,-0.00465456815,0.0756968781,-0.0113317864
0.00346824201,0.0143796606,0.00706163235,0.0226743128
-0.0376625992,0.0137254931,-0.0607423186,0.023698356
-0.0525435992,-0.000497441448,-0.0882373229,0.00133548665
-0.0293608978,-0.0174053609,-0.0515413657,-0.0276358239
0.0228664596,-0.0279385876,0.0340487584,-0.0452752188
0.0783792958,-0.0289653335,0.12785095,-0.0499518327
0.107775688,-0.0230493657,0.177972466,-0.040272329
0.0934231654,-0.0148127237,0.157674417,-0.0284268875
0.0391710065,-0.006785315,0.0689619482,-0.0144149764
-0.0308116786,0.00231695175,-0.048246108,0.00204056338
-0.0836831331,0.0157207008,-0.138955519,0.0256864633
-0.0942523479,0.0344218612,-0.158952042,0.0592714027
-0.0577004664,0.0536354035,-0.0996110961,0.0911547616
0.00780602777,0.0626216158,0.0112417983,0.10650707
0.0699992329,0.048752252,0.11664021,0.0822849944
0.0984392613,0.00414603995,0.166656062,0.00762778986
0.0794667229,-0.0685348362,0.136259764,-0.11293187
0.0226752236,-0.154477164,0.0403698944,-0.254449099
-0.0442745648,-0.230769917,-0.071089685,-0.370179802
-0.0897780657,-0.274832994,-0.145676211,-0.433138877
-0.0941684395,-0.273693204,-0.155338749,-0.431330234
-0.059406016,-0.229961574,-0.105034538,-0.371051818
-0.00787125714,-0.161676556,-0.0209649429,-0.268790007
0.0289024711,-0.0957861394,0.0441735983,-0.162001535
0.0257420577,-0.0577610731,0.0449203998,-0.099477075
-0.0241323002,-0.0614759177,-0.0368349664,-0.102521047
-0.106255829,-0.103416011,-0.172716469,-0.168668434
-0.192157805,-0.163568929,-0.306830555,-0.257536471
-0.252580196,-0.212771431,-0.395427644,-0.326249003
-0.26988849,-0.223821446,-0.420371711,-0.339798599
-0.24379997,-0.182222217,-0.391409218,-0.285164952
-0.188396558,-0.0924910754,-0.31361711,-0.149821267
-0.12299528,0.0224969778,-0.209574163,0.0340492539
-0.0623598285,0.129163727,-0.10431242,0.211400107
-0.0115059968,0.195295125,-0.0183272175,0.318946898
0.0327083059,0.202122658,0.0571720228,0.332302183
0.0750817806,0.151742488,0.127213091,0.253336638
0.115286976,0.0667120069,0.19434613,0.114219926
0.145379975,-0.0184312183,0.241460338,-0.0290918052
0.153416187,-0.0707131624,0.250742704,-0.119760215
0.131154045,-0.0720107257,0.216636389,-0.124760047
0.0811519474,-0.0265269727,0.136412889,-0.0504046194
0.0186119359,0.0409493223,0.034014564,0.0636051744
-0.0338704959,0.0955910087,-0.0537515134,0.157831699
-0.0564621091,0.10759142,-0.0914066583,0.180753723
-0.0419667214,0.0652619675,-0.0687180758,0.115367703
3.00280194e-17,-0.0196396094,6.36036129e-05,-0.0245547164
0.0471852906,-0.11679481,0.0754841566,-0.18991527
0.0755154714,-0.190264836,0.121403083,-0.310384959
0.0712226704,-0.213631868,0.111893043,-0.347723484
0.0380458869,-0.1805031,0.0601621419,-0.301351845
-0.00435571512,-0.105797023,-0.0102046784,-0.182057902
-0.0301696341,-0.0176637303,-0.0519791842,-0.0322637334
-0.0205223747,0.0556795336,-0.0369529314,0.0915100798
0.0267469324,0.09768942,0.0445402153,0.163733572
0.0956444964,0.108370878,0.156551972,0.18017818
0.159692049,0.100593872,0.262113988,0.164939463
0.194837853,0.0906069949,0.3187747,0.144130215
0.191066265,0.0883051604,0.31489706,0.138596252
0.156845242,0.0925336406,0.260715097,0.145278469
0.114220753,0.0935956612,0.19294107,0.150524497
0.0871260911,0.0809508115,0.146774217,0.134367168
0.0888893604,0.051186759,0.149089932,0.086242348
0.115273468,0.0113277761,0.190112501,0.0194594823
0.14654161,-0.0246054102,0.241482198,-0.0410972126
0.157490134,-0.0437894166,0.258417815,-0.0752729475
0.13044484,-0.0425964035,0.216839284,-0.0761722028
0.0648221895,-0.0293622836,0.111596957,-0.0545978695
-0.0213708039,-0.0198041704,-0.0328335464,-0.0350043848
-0.0987612158,-0.027284611,-0.162155077,-0.0440872312
-0.139083222,-0.0533898547,-0.230223373,-0.0835922137
-0.127113238,-0.0845665112,-0.213599086,-0.133858025
-0.0668051839,-0.0975295976,-0.116606049,-0.158059984
0.020707082,-0.0713596269,0.02748999,-0.119381793
0.105796643,-0.000247020042,0.169386059,-0.00500807632
0.161495015,0.100036964,0.262612432,0.156026274
0.172299355,0.196030825,0.279581368,0.306343853
0.137473509,0.249749213,0.225549042,0.390500486
0.068520695,0.235203192,0.119216323,0.378529429
-0.0169505924,0.150417343,-0.0190544836,0.25368914
-0.101654232,0.0191208348,-0.161128983,0.0399974361
-0.172685504,-0.118719988,-0.278519869,-0.185131565
-0.222333312,-0.222975522,-0.350672245,-0.342916459
-0.24659878,-0.268456817,-0.38153857,-0.405944735
-0.243309036,-0.252296954,-0.381392032,-0.385858715
-0.211421028,-0.190989375,-0.342210144,-0.301811397
-0.151950568,-0.109663591,-0.256038904,-0.179351538
-0.0697115511,-0.0297277551,-0.123217165,-0.0502276495
0.0255751349,0.0388293862,0.0386618897,0.0638761893
0.119963042,0.0972905532,0.194866061,0.158091128
0.197968036,0.151554644,0.31749332,0.239229634
0.246441588,0.203749001,0.387288034,0.31243524
0.258217454,0.247439384,0.400565028,0.374606788
0.23420997,0.26930815,0.366063893,0.4077757
0.183270305,0.25621888,0.294167519,0.395948738
0.119900845,0.203420758,0.201125294,0.328515917
0.0605360121,0.119008318,0.10790617,0.198701978
0.0193637889,0.0219142605,0.0359049514,0.0397257768
0.00465237116,-0.0656332523,0.00983786024,-0.106121093
0.0164110716,-0.127200782,0.0238739289,-0.210266635
0.0460379235,-0.158032924,0.0711359382,-0.26146549
0.0783301368,-0.164855182,0.123416744,-0.272181749
0.0957391784,-0.160120621,0.153582647,-0.264844984
0.0840211585,-0.15419881,0.136085257,-0.256019145
0.0376708806,-0.149917349,0.0626361966,-0.249488071
-0.0368688442,-0.142283261,-0.0591883957,-0.237417191
-0.121878117,-0.123117842,-0.200825199,-0.20294565
-0.193357453,-0.0875320733,-0.315630466,-0.141194925
-0.229074851,-0.0382330008,-0.373950928,-0.0597991459
-0.216864929,0.0149400802,-0.354971856,0.0271537043
-0.159848496,0.0599656403,-0.267044932,0.102059297
-0.0761290789,0.0891216099,-0.130096838,0.151529565
0.00737083424,0.10312476,0.0111541804,0.173863873
0.0647823587,0.110399239,0.107963026,0.181845248
0.080974564,0.121771134,0.137316152,0.199028641
0.0570267774,0.143567607,0.0983004496,0.233783856
0.00913174544,0.173100412,0.0201228298,0.280626237
-0.0386389419,0.199253201,-0.0570432208,0.322769284
-0.0646049082,0.20806019,-0.102173641,0.340505809
-0.0583606623,0.190339088,-0.0926860645,0.314516604
-0.0245131142,0.147202477,-0.0389670692,0.247494504
0.020137148,0.0903276503,0.034197934,0.154037476
0.0544358157,0.036664445,0.0932964832,0.0620027557
0.0620338209,0.000292616372,0.104973815,-0.000790764054
0.037764553,-0.0142423697,0.0646740124,-0.0260861721
-0.0113569861,-0.0134785874,-0.0180771369,-0.0237471052
-0.070480518,-0.0105037056,-0.115665048,-0.0176639576
-0.124120824,-0.0166268554,-0.203955516,-0.0247381162
-0.162600756,-0.0336841531,-0.269218326,-0.052251149
-0.184815615,-0.0512860753,-0.302586138,-0.0797969475
-0.196459562,-0.0509480052,-0.32116276,-0.07905972
-0.205187902,-0.0155820521,-0.337229729,-0.0240957104
-0.215603963,0.0600249097,-0.349659175,0.0968979672
-0.226783589,0.162949219,-0.359633178,0.258653671
-0.233458355,0.263644099,-0.355686843,0.406793088
-0.229873851,0.325399905,-0.339968443,0.490470171
-0.213872135,0.318317324,-0.315546244,0.487515301
-0.188697904,0.232154295,-0.290822804,0.374759674
-0.161400318,0.082584694,-0.259825438,0.14677465
-0.138726115,-0.0921029374,-0.227339283,-0.139598355
-0.122941814,-0.243072748,-0.19991903,-0.379512519
-0.11019823,-0.327486426,-0.175664335,-0.50183928
-0.0927105397,-0.323410839,-0.152508274,-0.503113449
-0.0638557971,-0.237517536,-0.110576637,-0.386458993
-0.0234655514,-0.102678299,-0.0468978733,-0.176961496
0.0198376551,0.0336745717,0.029264776,0.0507930629
0.0511002578,0.126140729,0.0854682699,0.207254395
0.055665832,0.146824047,0.0974608362,0.242657587
0.0269673318,0.0941058695,0.0529004969,0.161514297
-0.0285143293,-0.00828458555,-0.0431819037,-0.0094861798
-0.0920881703,-0.121232904,-0.149403363,-0.194094568
-0.139763623,-0.205197692,-0.226224676,-0.324747711
-0.152441099,-0.234360665,-0.248044997,-0.37022236
-0.124693833,-0.204682902,-0.209442347,-0.329507947
-0.06778346,-0.133163273,-0.120683946,-0.221806407
-0.00509251049,-0.0491830707,-0.0140472399,-0.085102722
0.0382369459,0.0180673487,0.0622166842,0.0279782359
0.0467448644,0.0507354178,0.0810121372,0.0840802342
0.0217186585,0.0476294793,0.0407857113,0.0796508566
-0.01965723,0.0220925417,-0.0285531189,0.0377989449
-0.0528616533,-0.0058792131,-0.0866215378,-0.00725653395
-0.0583084486,-0.0192159228,-0.0990716442,-0.0312222261
-0.0313726291,-0.0106213065,-0.0553639345,-0.0175705608
0.0148684466,0.0160480589,0.0209069271,0.025553273
0.0557752103,0.0497555323,0.0929080322,0.0809862688
0.0674120635,0.0789257661,0.115094215,0.128816813
0.0390482396,0.0970397815,0.0691366121,0.160429686
-0.0203294959,0.104410015,-0.0287609454,0.17368795
-0.0849917904,0.105687506,-0.135161608,0.176412746
-0.123900481,0.105072722,-0.201341838,0.175692379
-0.115411133,0.102408394,-0.190020412,0.172812462
-0.0583013818,0.0926978663,-0.0990677476,0.158367664
0.0262576509,0.0694975257,0.0419120938,0.118228696
0.102992989,0.0302564483,0.172090173,0.0522697382
-0.0785584375,-0.0883782431,-0.111014396,-0.146691307
0.0211355891,-0.114198744,0.0165898316,-0.186558783
0.0627591312,-0.0884190276,0.102056265,-0.15387243
0.0288772602,-0.032664191,0.050379701,-0.0606753416
-0.0652953982,0.0241860095,-0.103030831,0.0366128162
-0.179240361,0.0599957258,-0.287879318,0.0976860598
-0.265885562,0.0680072978,-0.420317233,0.114349663
-0.292348742,0.0569519997,-0.460863501,0.0985637531
-0.252625495,0.0438551642,-0.406889021,0.0770819485
-0.166761324,0.0439877324,-0.278501749,0.0787129253
-0.0682497323,0.0631380081,-0.118343979,0.108428068
0.0127487378,0.0955814198,0.0196004175,0.157812953
0.0613618903,0.127989873,0.103182085,0.20972234
0.0796966851,0.146688044,0.134331107,0.237962067
0.0790966898,0.144401178,0.134176522,0.236764669
0.0690781027,0.123312749,0.118220426,0.205298811
0.0503676832,0.0932981819,0.0877076089,0.154850394
0.0162418559,0.0665303916,0.0308663622,0.110614039
-0.0392794497,0.0512150265,-0.0607695542,0.0848967582
-0.112397335,0.0474325791,-0.182559118,0.07821206
-0.186361477,0.0469933003,-0.300982475,0.0793582797
-0.2372486,0.0374000967,-0.380440384,0.0655433983
-0.246043205,0.00822603144,-0.396245331,0.0196935516
-0.210026607,-0.0428662598,-0.343757153,-0.0602948964
-0.146268234,-0.107206099,-0.244205192,-0.167848796
-0.0842460915,-0.166891605,-0.141196072,-0.268248916
-0.0509387925,-0.20097515,-0.0863291174,-0.326667219
-0.0564319305,-0.193846226,-0.094860509,-0.31720981
-0.0882906914,-0.142420948,-0.148367494,-0.237121537
-0.118336864,-0.0589075275,-0.199389473,-0.0996854231
-0.118520372,0.0324782096,-0.199244007,0.0532366969
-0.0772325024,0.103956588,-0.129697874,0.174531296
-0.00681465538,0.134517655,-0.0126078818,0.226676747
0.0623214804,0.117775746,0.103969932,0.19707723
0.0981208384,0.0638331473,0.165954009,0.107507348
0.0849704593,-0.00576161454,0.145701885,-0.00876280293
0.0333466865,-0.0676638409,0.0590115227,-0.113979794
-0.0246425364,-0.106435575,-0.0405722223,-0.177500919
-0.051784955,-0.119665362,-0.0888283551,-0.196448639
-0.0256021693,-0.116155587,-0.0478972532,-0.192506
0.0492407903,-0.108423062,0.074759014,-0.178111419
0.142771617,-0.103816822,0.226499885,-0.171955273
0.214905366,-0.0993890464,0.343831539,-0.165317893
0.235862702,-0.0836745799,0.37779972,-0.140177459
0.200884059,-0.0446746871,0.329269528,-0.0801325738
0.131504923,0.0203539301,0.220229954,0.0258256067
0.0630441308,0.0991355181,0.107872576,0.158508256
0.0254331511,0.166667983,0.0449745171,0.271340519
0.0279564392,0.195354477,0.048387032,0.319570839
0.0560383387,0.168279678,0.0969272777,0.278687358
0.0813429207,0.0887342319,0.139089972,0.151478097
0.0790416226,-0.0194443259,0.136321858,-0.0292087253
0.0422886424,-0.121582933,0.0728577375,-0.199411854
-0.0142081389,-0.187481865,-0.024468502,-0.308006495
-0.0632620454,-0.204676986,-0.106036298,-0.334273964
-0.0814403296,-0.18282038,-0.13987802,-0.298170805
-0.0629771277,-0.146889254,-0.109531038,-0.242410749
-0.0233527124,-0.122864448,-0.0428036228,-0.202821553
0.00945798401,-0.123622127,0.0121851414,-0.204639971
0.0109654274,-0.142727986,0.0168658216,-0.236260012
-0.0258533284,-0.159517959,-0.0426397361,-0.263643742
-0.0866184533,-0.152565911,-0.142877489,-0.252599359
-0.143913642,-0.113836914,-0.237771273,-0.187705338
-0.17313607,-0.0552484579,-0.287499279,-0.0897177011
-0.166689947,-0.00347182527,-0.278022856,-0.00374847162
-0.138288453,0.01456556,-0.230995834,0.0286924727
-0.114757836,-0.0124650365,-0.191086471,-0.0161346179
-0.119906172,-0.0722017437,-0.196947351,-0.114002913
-0.15965721,-0.133416995,-0.257924408,-0.212801352
-0.217104957,-0.161834285,-0.347801775,-0.255225152
-0.260675043,-0.138688102,-0.414222747,-0.217669919
-0.261218727,-0.0718080625,-0.420244128,-0.112928547
-0.208728641,0.0073179109,-0.345332474,0.0139259305
-0.119345345,0.0595490858,-0.20179829,0.102013573
-0.0284870416,0.058925502,-0.0485905074,0.103798985
0.0265316945,0.00707726693,0.0456242301,0.0153860161
0.0252495166,-0.0669423193,0.0462146774,-0.108815864
-0.0258110799,-0.121830545,-0.0399165228,-0.201812595
-0.0970539525,-0.126407608,-0.161439076,-0.21153456
-0.151675582,-0.0771468505,-0.251570672,-0.128861994
-0.165013641,-0.00105796778,-0.275238633,-0.00185909041
-0.137068748,0.0581979528,-0.228679866,0.0985317156
-0.0915735066,0.0639859065,-0.152710289,0.110247999
-0.0621827506,0.00760410912,-0.102278225,0.0182649177
-0.073218964,-0.0850810483,-0.120220438,-0.135650694
-0.125292599,-0.165457711,-0.203456908,-0.266491026
-0.19354482,-0.186851427,-0.311378062,-0.295963317
-0.239635512,-0.129418999,-0.385059953,-0.207361802
-0.231421039,-0.0121124703,-0.378941864,-0.020118637
-0.160253078,0.114974417,-0.266850978,0.189373687
-0.0469917394,0.194475636,-0.080817312,0.32110399
0.0665171444,0.189976394,0.109072439,0.314453721
0.136527911,0.104337521,0.22816436,0.17536886
0.137903124,-0.0211902,0.233921304,-0.0317395851
0.0762582272,-0.126668468,0.131542102,-0.20968546
-0.014000251,-0.162157312,-0.021751985,-0.270048171
-0.0848537013,-0.111207187,-0.143440276,-0.189073592
-0.0961657092,0.00215239404,-0.165612578,-0.000164629761
-0.0339186266,0.125794739,-0.0619279593,0.206761777
0.0827009603,0.204544693,0.130667657,0.333509892
0.208248451,0.205351382,0.329523414,0.326291025
0.288919151,0.130691916,0.456955343,0.205331951
0.283973962,0.0147672677,0.457256228,0.0222524647
0.18217048,-0.0942810997,0.305199414,-0.156436339
0.00696593849,-0.156517744,0.0192038976,-0.262767226
-0.191243097,-0.156007975,-0.304245442,-0.253684968
-0.352732152,-0.103812538,-0.537855983,-0.157790095
-0.429346591,-0.0286877118,-0.634744823,-0.038399376
-0.401139438,0.0381740704,-0.601752281,0.0637378916
-0.282859415,0.0761635676,-0.452482253,0.127461135
-0.118037753,0.0803942382,-0.200379759,0.139497563
0.0371773317,0.0583671592,0.0578487925,0.102216631
0.134577245,0.0220536217,0.223159999,0.0371399224
0.15124315,-0.0191449784,0.252945781,-0.0357849561
0.0970727056,-0.0608890653,0.165142387,-0.103612751
0.00941488054,-0.101779759,0.0196058527,-0.171141878
-0.0632779822,-0.139563844,-0.10414546,-0.228835776
-0.0823292956,-0.1692186,-0.139238402,-0.275128841
-0.0356258936,-0.184568375,-0.0661196485,-0.299524814
0.0569519661,-0.182154045,0.0829877853,-0.297458798
0.152116671,-0.164190903,0.238958433,-0.268397301
0.202365473,-0.137916446,0.323093951,-0.228654727
0.177490696,-0.111157708,0.29034397,-0.187165037
0.0787679851,-0.0868442133,0.135079831,-0.149571598
-0.0607917756,-0.060440369,-0.0946599394,-0.104910694
-0.190518618,-0.022846438,-0.309808671,-0.0377810933
-0.264259934,0.0321058445,-0.423154026,0.0529466793
-0.260550827,0.0998073742,-0.415761948,0.163250476
-0.191486195,0.162026778,-0.31083855,0.263846397
-0.096239984,0.192261115,-0.158736065,0.317031175
-0.0223916713,0.167981654,-0.0344363637,0.280486733
-0.00394562725,0.0840808153,-0.00131654099,0.145431146
-0.0463720895,-0.039849855,-0.0695643425,-0.0617965385
-0.125463754,-0.163471326,-0.201120093,-0.260917574
-0.200049475,-0.240550309,-0.314178139,-0.374434948
-0.231987342,-0.238622174,-0.366107523,-0.368773252
-0.203621432,-0.154326066,-0.334656566,-0.247902736
-0.124540567,-0.0167426411,-0.21546486,-0.0298784804
-0.0250572097,0.123489946,-0.0472454615,0.201942265
0.059578523,0.21473293,0.0975700468,0.346566081
0.105927564,0.225339815,0.17754674,0.363390625
0.111835681,0.155627638,0.189030111,0.256780207
0.09456487,0.0357263386,0.163369551,0.0645203963
0.0794682801,-0.0890749991,0.132861733,-0.145344302
0.0857089907,-0.178149268,0.137816623,-0.29136318
0.116521932,-0.211240038,0.181427941,-0.34485513
0.158613577,-0.193379506,0.247698098,-0.315366238
0.190233544,-0.147951916,0.301548988,-0.243965045
0.193006784,-0.102513641,0.310777217,-0.172603264
0.161062911,-0.0749257058,0.265356421,-0.12730743
0.102958374,-0.0663503632,0.173047915,-0.11346747
0.0360736363,-0.0635731593,0.0625160038,-0.110267662
-0.0228032395,-0.048275169,-0.0371405147,-0.0828348175
-0.0652749836,-0.00779132638,-0.109870672,-0.0143952565
-0.0934427306,0.0581035465,-0.155192629,0.0948369056
-0.115740143,0.137123346,-0.189075232,0.22270757
-0.139479354,0.210165679,-0.220393345,0.336037457
-0.164763659,0.259186596,-0.252844781,0.408237487
-0.1833729,0.273289233,-0.280027926,0.429570138
-0.183188766,0.250778079,-0.281482816,0.400229305
-0.155497015,0.197466418,-0.246378705,0.324888885
-0.100902855,0.123336539,-0.165527001,0.209806904
-0.0304564424,0.0398333818,-0.0517305881,0.0734332204
0.0386670418,-0.0411947593,0.062893495,-0.0645668283
0.0905598179,-0.107570291,0.148192093,-0.177736193
0.117063433,-0.147437721,0.190262228,-0.244001105
0.12001127,-0.151596814,0.193596914,-0.252242059
0.108372003,-0.117151089,0.176095977,-0.198711574
0.0922742262,-0.0506431572,0.152416065,-0.0904895291
0.0774987042,0.031571392,0.129623264,0.0465420224
0.0635386854,0.106936596,0.106859915,0.172815397
0.0460892655,0.153544828,0.0801865011,0.251975536
0.0221534483,0.157636911,0.0410345942,0.2601825
-0.00561745092,0.118534856,-0.00312755397,0.201173633
-0.0283058826,0.0487682372,-0.0426254123,0.0849833488
-0.0346088335,-0.0307214838,-0.0568676181,-0.0476990491
-0.0172873735,-0.0982236415,-0.0317036957,-0.159739837
0.0214456618,-0.138510942,0.029822683,-0.227371335
0.068936795,-0.146852449,0.108196065,-0.243097603
0.106645174,-0.128587723,0.171371937,-0.215571702
0.118421257,-0.0950822011,0.194115818,-0.161691815
0.0985386893,-0.0582826622,0.165295511,-0.10106615
0.0553338155,-0.0263030045,0.0942147374,-0.0468963869
0.00828235969,-0.00157888932,0.0156735182,-0.00595761137
-0.0204783399,0.0182578191,-0.0353484415,0.0300343111
-0.0163656026,0.0377829894,-0.0286410656,0.0624757782
0.0205292832,0.0609039553,0.0311747007,0.100967377
0.0749382451,0.0888662711,0.123794548,0.147499949
0.12299265,0.119646028,0.203459203,0.193923697
0.142990991,0.148609042,0.234903187,0.237657607
0.125427589,0.169985786,0.20872815,0.272814274
0.0776027516,0.178656906,0.132827044,0.288217068
0.0205842163,0.171804249,0.0400346145,0.282452196
-0.0201927684,0.150019243,-0.0292608459,0.249677613
-0.0264459718,0.117488541,-0.0422358438,0.197427943
0.00456856284,0.0810222551,0.00758348824,0.138702407
0.0586605705,0.0480467826,0.096674487,0.0820084587
0.110971332,0.0241707508,0.182965606,0.0389825441
0.137072325,0.0112898778,0.227407724,0.0156001477
0.123858862,0.00713656284,0.207902074,0.00791080296
0.0753047019,0.00660699932,0.128179118,0.00743030338
0.0105157001,0.00433158781,0.0209966861,0.00527525181
-0.0449350439,-0.00274734898,-0.0734933391,-0.00488455035
-0.0703377202,-0.0141208284,-0.117590256,-0.0216268208
-0.0586231202,-0.0264624488,-0.101691976,-0.0435656905
-0.0186463855,-0.0359704718,-0.0341316983,-0.0578890108
0.0298540741,-0.0409608819,0.0466258302,-0.0692514852
0.0660018101,-0.043166291,0.108472563,-0.0726706982
0.0774691105,-0.0468941219,0.128833577,-0.0801775306
0.0655287728,-0.0564398766,0.11015892,-0.0965230092
0.0432877131,-0.0732232034,0.0734086558,-0.122735441
0.0283118095,-0.0943593979,0.0453979485,-0.155747861
0.0335444994,-0.113602914,0.0532807633,-0.188241333
0.061081022,-0.124221675,0.0975168794,-0.205774635
0.101697445,-0.122192562,0.163146809,-0.202395871
0.139958754,-0.107876286,0.227107763,-0.181107476
0.161879823,-0.0852227658,0.263409168,-0.14442201
0.160985693,-0.0590748563,0.263973922,-0.10298311
0.139772743,-0.0323594548,0.23127085,-0.0576045215
0.106320634,-0.00508511253,0.178989664,-0.0119971167
0.0685783476,0.0240555517,0.116710015,0.0357527286
0.0300644711,0.0544347987,0.0514778197,0.088007845
-0.0103221387,0.0808576718,-0.0154942973,0.134133533
-0.0543892495,0.0937880054,-0.0863917619,0.157733724
-0.0994144604,0.0831566453,-0.161899701,0.14048712
-0.135502338,0.0442417488,-0.221150473,0.079257153
-0.148154035,-0.0175462645,-0.245254681,-0.0227312651
-0.12554352,-0.0861305296,-0.209715843,-0.135370046
-0.0668039992,-0.139746919,-0.116810843,-0.226921856
0.0136820124,-0.159800619,0.015859168,-0.262656689
0.0894287974,-0.139605522,0.141897947,-0.233430848
0.13204366,-0.0885736644,0.21443525,-0.152798027
0.124002621,-0.0293189324,0.206718266,-0.0542359836
0.067531772,0.0114779305,0.116530612,0.015875658
-0.0154505558,0.0144396499,-0.0209834427,0.0234609302
-0.0930064693,-0.0241579488,-0.152308911,-0.0369799025
-0.138031498,-0.0909453034,-0.226162672,-0.143843547
-0.140792549,-0.161484778,-0.234245375,-0.255949348
-0.112489745,-0.210732698,-0.187233552,-0.336022854
-0.0777119473,-0.222910464,-0.131227821,-0.357527912
-0.0596115962,-0.196343601,-0.10336075,-0.320687205
-0.065801315,-0.141607091,-0.110609911,-0.236294448
-0.0829614401,-0.074747391,-0.139703095,-0.126069307
-0.0837140307,-0.00960289035,-0.141970128,-0.0158160329
-0.0426647551,0.0468051881,-0.0749561787,0.0790613145
0.0468156673,0.0940041319,0.0734745935,0.157079682
0.164500728,0.134059057,0.264201969,0.216543049
0.269228488,0.166975424,0.420400381,0.256103784
0.3169038,0.188677847,0.487546921,0.28103894
0.282034397,0.192843497,0.444136322,0.291643113
0.171857402,0.175304919,0.28711924,0.27669394
0.0253990162,0.138060898,0.0519509725,0.226964802
-0.102761477,0.0901349336,-0.162461445,0.151013851
-0.166476056,0.044440411,-0.271854192,0.0787245408
-0.148163527,0.0122606177,-0.247293457,0.0248570535
-0.0653516799,-0.00156087219,-0.11489138,0.00208890019
0.0392792188,-1.41308323e-17,0.0599785298,0.000937941892
0.118981384,0.00890807249,0.196532696,0.0116541944
0.144384041,0.0172510501,0.241428927,0.0235177334
0.114779562,0.0217415206,0.195647627,0.0329168402
0.0543927252,0.0249291696,0.0958047733,0.038601771
-0.00326333055,0.0325746164,-0.00316667114,0.0525681786
-0.0338522941,0.0490051061,-0.0565033592,0.0832620189
-0.033518631,0.0734950602,-0.057305675,0.122096077
-0.0175595302,0.100031108,-0.0284620039,0.166661441
-0.00827049837,0.120640509,-0.0117212171,0.200772941
-0.0197272375,0.130129978,-0.0274721477,0.216327533
-0.0486438014,0.129072532,-0.0764614567,0.216525301
-0.0765953586,0.122886486,-0.124225229,0.204656482
-0.0820974559,0.11732959,-0.134295195,0.196078956
-0.0551973246,0.113186821,-0.0920586139,0.191505104
-0.00567799062,0.103799105,-0.00913189817,0.173679739
0.0404185429,0.0776826888,0.0678825453,0.132358104
0.05452355,0.0255046599,0.0937413946,0.04507716
0.0220793337,-0.0521957017,0.0430297628,-0.0856628269
-0.0474688858,-0.141159713,-0.0744239837,-0.230359375
-0.12323451,-0.216429338,-0.197126582,-0.345486611
-0.167235211,-0.251692563,-0.267641544,-0.392916381
-0.15327692,-0.230850324,-0.251273185,-0.366517186
-0.0805297345,-0.156121984,-0.142466336,-0.256674826
0.0253393911,-0.0483975485,0.0324907824,-0.0857808068
0.124075904,0.0607179739,0.20196335,0.0958753303
0.179587618,0.14158085,0.290802419,0.224026248
0.175931618,0.177971065,0.288931012,0.282021374
0.122679181,0.172101453,0.20672816,0.27727136
0.0476156995,0.14127104,0.0868558139,0.232000798
-0.0186273456,0.108422883,-0.0257716291,0.180618823
-0.0575287044,0.0916372985,-0.0933973938,0.152872056
-0.0695655048,0.0975836366,-0.115236171,0.16389975
-0.0702157691,0.12135493,-0.114987858,0.201572433
-0.0782717615,0.15152064,-0.125471443,0.249407679
-0.103517607,0.17671065,-0.163120791,0.289258927
-0.140567586,0.189907029,-0.222432882,0.307804614
-0.171723336,0.188723087,-0.271050334,0.306480974
-0.176538765,0.172825024,-0.281429768,0.283817053
-0.14235425,0.141443923,-0.231819183,0.235393897
-0.0701528937,0.0935308039,-0.117673859,0.160962567
0.0266645197,0.0308447145,0.0412298515,0.0566200428
0.128758088,-0.0383261032,0.210248679,-0.062191017
0.218122169,-0.0982322693,0.348695099,-0.160480112
0.282099515,-0.12968798,0.43987295,-0.208237469
0.312996715,-0.118186183,0.482373387,-0.190861836
0.305499166,-0.0622366816,0.476887405,-0.107194662
0.255560666,0.0229528882,0.411805183,0.0256674513
0.163042426,0.109465413,0.274075508,0.169849738
0.0370165482,0.167404249,0.0696259141,0.269553661
-0.100364372,0.177561477,-0.153501749,0.288975298
-0.215961069,0.139691994,-0.337662458,0.230351374
-0.275382012,0.0719530731,-0.434293389,0.122499347
-0.257311463,0.00154919783,-0.41459915,0.011393874
-0.165590227,-0.0486860573,-0.277609408,-0.0720965192
-0.0319040604,-0.0707552806,-0.0611554235,-0.115350723
0.0941709429,-0.0734976158,0.149611562,-0.122775249
0.164664194,-0.0751963481,0.269251496,-0.125714585
0.153704002,-0.0910619795,0.254123867,-0.151976973
0.0690885261,-0.12277475,0.118813604,-0.206165642
-0.0511874743,-0.156213537,-0.0796042606,-0.257938266
-0.156301484,-0.168964386,-0.252825737,-0.272969663
-0.205693126,-0.143654376,-0.335337669,-0.229731843
-0.186676592,-0.0796841905,-0.311587065,-0.127217382
-0.118084393,0.00347182527,-0.203600466,0.00603216048
-0.0385719426,0.0738034695,-0.0691878647,0.124622829
0.0139682079,0.101667248,0.024840394,0.169691265
0.0210506748,0.0744660869,0.0392137095,0.125730291
-0.00916715246,0.00344893686,-0.00983592682,0.00787526369
-0.0491957106,-0.0809816271,-0.0792596117,-0.130625442
-0.0693658292,-0.143090606,-0.116583645,-0.233763695
-0.0550085939,-0.157728374,-0.0959378853,-0.258516431
-0.0141832707,-0.120443344,-0.0301073175,-0.201814175
0.0280280802,-0.0472032242,0.0425188839,-0.0825675055
0.0450800359,0.035268046,0.075330995,0.0537072308
0.025360072,0.102766559,0.0458394326,0.167666674
-0.0199493449,0.143345416,-0.0274669286,0.234539658
-0.0620609038,0.158955112,-0.0982039124,0.261245072
-0.0700303763,0.15935114,-0.112056397,0.264080226
-0.0279620867,0.152979657,-0.0466368683,0.255967796
0.0555001721,0.140860915,0.0890096053,0.233882502
0.150627032,0.11713627,0.246394783,0.191467673
0.221169114,0.0754685774,0.35958901,0.119170226
0.242218494,0.0166501645,0.392092735,0.0245985333
0.211892828,-0.0480785929,0.348207414,-0.081247516
0.150855303,-0.100832678,0.251100004,-0.168490112
0.0903135613,-0.126263604,0.147886917,-0.211244434
0.0552484766,-0.120685458,0.0892717838,-0.202640489
0.0519270264,-0.0952473432,0.0821138546,-0.162144989
0.066128321,-0.0704663694,0.107235447,-0.120215468
0.072540313,-0.0645671859,0.119703241,-0.108918019
0.0498056076,-0.0821198747,0.0830804557,-0.1368303
-0.0070779915,-0.109911449,-0.00958769955,-0.184396654
-0.0835129991,-0.12330918,-0.137239143,-0.204302952
-0.152556092,-0.100454189,-0.251501679,-0.16557616
-0.18840158,-0.036761865,-0.310878456,-0.0603347979
-0.178800628,0.0487143286,-0.297050744,0.0801017806
-0.130147591,0.119675741,-0.21634841,0.198815271
-0.0632280484,0.139618859,-0.105194353,0.233943924
-0.00261351466,0.0913407132,-0.00232008798,0.158061191
0.0343283601,-0.0113110924,0.0607134998,-0.0137828207
0.0433023646,-0.12633875,0.0726816133,-0.205735072
0.0316814706,-0.200869054,0.0497759245,-0.327834576
0.0118190804,-0.195140481,0.0142278513,-0.323305279
-0.00637057377,-0.101788282,-0.0159854647,-0.177272245
-0.0193078723,0.0490711816,-0.035375867,0.0739149526
-0.0285649654,0.201749131,-0.0461211838,0.322535217
-0.0363607518,0.298523515,-0.0525738969,0.469563991
-0.0413955674,0.303922951,-0.0569910519,0.480826735
-0.0381487235,0.218686625,-0.0549986251,0.362008542
-0.0202623922,0.0774714574,-0.0294843912,0.139216781
0.0141875017,-0.067834653,0.0231768116,-0.10736756
0.0591166131,-0.170792177,0.0929884538,-0.277947307
0.101251356,-0.208489805,0.156729639,-0.340888679
0.125445917,-0.18739289,0.198194042,-0.308145761
0.121874824,-0.135658011,0.198705167,-0.228881195
0.0912456214,-0.0869991481,0.152527004,-0.149279192
0.0451533385,-0.0645553768,0.0774948597,-0.108576708
0.00130081433,-0.0722128078,0.00372134894,-0.120949671
-0.023970237,-0.0964018181,-0.0396740064,-0.158811718
-0.0220797509,-0.116040304,-0.0398835652,-0.190423295
0.00545136491,-0.114722669,0.00420676498,-0.190467
0.0494037643,-0.0889725611,0.0758647323,-0.150676429
0.0981917977,-0.049097158,0.160309494,-0.0848808512
0.143017173,-0.0131759886,0.233435079,-0.0253243241
0.180244386,0.00211969856,0.295318872,0.00067402306
0.210260242,-0.0107616819,0.342049599,-0.0201087184
0.234126002,-0.0472881682,0.377938956,-0.0784136206
0.250405043,-0.093288146,0.39757812,-0.151735708
0.254163712,-0.13103953,0.402640373,-0.211077422
0.238694847,-0.146069646,0.377551496,-0.237601236
0.198948309,-0.132030606,0.320400029,-0.218214288
0.134852678,-0.0922630206,0.223058075,-0.158661023
0.0529775769,-0.0380613282,0.0905636474,-0.0690308213
-0.0340491012,0.0153735839,-0.0545929708,0.0216627885
-0.109991416,0.0539039411,-0.181015775,0.0891137049
-0.158501938,0.0689375177,-0.259301662,0.117067233
-0.166938767,0.0601763241,-0.273503155,0.105589278
-0.130002216,0.0357108079,-0.21606946,0.0662898719
-0.0526128188,0.00916333869,-0.0915145874,0.02014146
0.0489658751,-0.00544263143,0.0772543922,-0.00711186975
0.149055123,0.000655300275,0.243267596,-0.00117308111
0.218370065,0.027118424,0.352679223,0.0378140919
0.233043984,0.0644548684,0.377181411,0.0966036171
0.18416582,0.0982183889,0.305312932,0.153123155
0.0837090909,0.115848131,0.146617189,0.188778296
-0.0368800759,0.112944514,-0.0522690006,0.187160686
-0.136562645,0.0956637785,-0.220256999,0.160745904
-0.180222139,0.0776128247,-0.294134915,0.131019816
-0.15358223,0.0724560171,-0.255100757,0.123864301
-0.0704654455,0.085957706,-0.121046685,0.146056622
0.0319725983,0.111901127,0.0499767512,0.18630667
0.109039828,0.134611547,0.178936422,0.219683543
0.128780603,0.137354255,0.216248259,0.222822681
0.0873122141,0.112446316,0.151993096,0.185128778
0.0114534888,0.06746573,0.0260753296,0.113896087
-0.053402476,0.0235005915,-0.086082153,0.040779192
-0.0650320724,0.00539078843,-0.111196771,0.011263134
-0.00554549089,0.0283799265,-0.0158138946,0.0479265265
0.108422659,0.0880820006,0.170977935,0.142989993
0.231877178,0.159620583,0.36565277,0.249086544
0.311468571,0.207477719,0.475768328,0.309623867
0.309970498,0.202058837,0.478441983,0.304182351
0.223532259,0.135106593,0.367392391,0.212377325
0.0834687725,0.0260509234,0.150989518,0.043905478
-0.0581045188,-0.0845685527,-0.0903899968,-0.137526527
-0.151652783,-0.152205616,-0.247751966,-0.244554505
-0.171302408,-0.148175076,-0.284266174,-0.237639084
-0.123819105,-0.0728516877,-0.214319035,-0.122244969
-0.041988939,0.0442502983,-0.0760512426,0.0706651285
0.0333238542,0.157717973,0.0522758439,0.255886465
0.072913602,0.226566911,0.122395508,0.362782031
0.0710412562,0.232009485,0.120930895,0.375606388
0.0442889407,0.184337571,0.0790384114,0.302369833
0.0193474349,0.115968756,0.0371594429,0.195949376
0.0170633774,0.0644408464,0.0306497775,0.108785398
0.0413372777,0.0538928583,0.0675471649,0.0887851045
0.0781953409,0.0840434656,0.128307357,0.136231706
0.104601197,0.13174361,0.174138099,0.213833228
0.101535834,0.163892075,0.170025155,0.263697535
0.064140372,0.155008703,0.113277301,0.253145814
0.00391241163,0.100704111,0.0151758799,0.170543015
-0.0574520379,0.0205340758,-0.0905284211,0.0400255919
-0.0986462682,-0.0509796143,-0.16297105,-0.08107052
-0.108054161,-0.0807039887,-0.181119412,-0.132720739
-0.0874623507,-0.0528164506,-0.150622383,-0.0904990658
-0.0493378304,0.0230899993,-0.0860397518,0.0350475386
-0.0101763858,0.115302421,-0.0194304548,0.188574627
0.0161500666,0.18303296,0.0291013364,0.29956615
0.0221026745,0.193335131,0.0413856655,0.316572875
0.00669187494,0.134594738,0.0186299961,0.227420956
-0.0262509026,0.0210918542,-0.0388247892,0.0418032557
-0.0696832389,-0.112885423,-0.110611148,-0.1814861
-0.113930605,-0.22656633,-0.184712157,-0.359385371
-0.147046655,-0.288171321,-0.234836787,-0.446697652
-0.156614602,-0.286220282,-0.251061976,-0.44337669
-0.133828953,-0.232531786,-0.222962439,-0.371031076
-0.0786680505,-0.156173855,-0.137132153,-0.257692665
-0.00317565422,-0.0910884142,-0.0121738985,-0.151954994
0.0701988637,-0.062375322,0.112832792,-0.104239769
0.116116606,-0.0765561983,0.191627339,-0.127225235
0.117271006,-0.119508103,0.1935599,-0.196456298
0.073632583,-0.162782297,0.121475883,-0.269338578
0.00483040977,-0.175775468,0.00607534358,-0.291145295
-0.0566223972,-0.13888967,-0.0967240557,-0.233917937
-0.0789566264,-0.0523259714,-0.137446314,-0.0915347114
-0.0454756282,0.0632006824,-0.0807444677,0.1036513
0.0374270603,0.174292624,0.0572079159,0.283809811
0.142733961,0.248112604,0.226018146,0.391078562
0.234729871,0.265479684,0.362581313,0.406496108
0.284545898,0.228166252,0.439799547,0.346188039
0.281673461,0.15718554,0.445283085,0.243327498
0.236039788,0.0828653052,0.386200726,0.129413173
0.170325652,0.0312772132,0.285167634,0.0474957004
0.107337832,0.0133189512,0.181017429,0.0188077204
0.0595882237,0.0214941837,0.100816995,0.0333523303
0.0265057087,0.0357052647,0.045783259,0.0576139688
-3.1526768e-05,0.0349403135,0.00245582149,0.0586270951
-0.0261329114,0.00881840382,-0.0413716249,0.0167064331
-0.048891753,-0.036915753,-0.0807569996,-0.0592925102
-0.0567970462,-0.0836808234,-0.0958685204,-0.136171952
-0.0376588777,-0.110240869,-0.0664528012,-0.181397885
0.0108133862,-0.104235061,0.0122972941,-0.171687812
0.0747913942,-0.0687956661,0.120082505,-0.117533371
0.127393469,-0.0206637848,0.208043545,-0.0383953266
0.140686303,0.0191207007,0.23471953,0.0268863719
0.100779727,0.036732167,0.173435867,0.0583800226
0.0176937729,0.0327379517,0.0366241299,0.0524908639
-0.0761656687,0.0207397807,-0.123988494,0.0349677987
-0.139278263,0.0180720817,-0.229582429,0.0330260359
-0.140026808,0.0338012911,-0.234195247,0.0573460124
-0.0720739439,0.061135564,-0.124394923,0.103908233
0.0417488962,0.0792383328,0.0640424266,0.13476719
0.159153745,0.0643198341,0.259168655,0.106938951
0.236939326,0.00446728757,0.38294822,0.00720985327
0.249246016,-0.0900130048,0.40248099,-0.144121572
0.196870416,-0.187252492,0.315838456,-0.301562101
0.103903465,-0.246522322,0.166866466,-0.396771103
0.00454501389,-0.237552986,0.00722062122,-0.388714254
-0.0723929182,-0.156996489,-0.124171428,-0.262626946
-0.113455713,-0.0332446098,-0.191170469,-0.0597684719
-0.121053919,0.0838568434,-0.202313721,0.135654375
-0.106242888,0.144434452,-0.172712386,0.239650488
-0.0795942545,0.121406175,-0.128299281,0.207701132
-0.0462179556,0.0238046534,-0.0751437992,0.0483378619
-0.00748498132,-0.106064744,-0.0134487031,-0.169142455
0.0329067744,-0.210713729,0.0481794514,-0.340263575
0.0640440062,-0.242640808,0.0969750136,-0.392936796
0.0689909011,-0.185053408,0.107687011,-0.308349758
0.0328950845,-0.0587644316,0.0537761822,-0.107776031
-0.0461809225,0.0875629336,-0.0726247504,0.137963742
-0.150649875,0.198928148,-0.235742897,0.319306612
-0.246500537,0.237197027,-0.373206019,0.373146087
-0.296457678,0.195655987,-0.449393779,0.309737116
-0.277548015,0.099098742,-0.436727941,0.169118449
-0.194081008,-0.00945306104,-0.320481479,-0.00442399969
-0.191486195,0.122747563,-0.312682718,0.187805355
-0.0926263481,0.0589867942,-0.154782727,0.116541699
-0.00119580538,-0.069434233,-0.00288984901,-0.106729925
0.057447087,-0.223802954,0.0917866901,-0.356963158
0.0683547631,-0.349776089,0.101896085,-0.536901355
0.0328837149,-0.399470627,0.0441502295,-0.600212216
-0.0316418894,-0.352927119,-0.0540250652,-0.547409058
-0.0988100171,-0.228441134,-0.164648429,-0.372625887
-0.143737227,-0.0758499727,-0.24118112,-0.130413249
-0.152702838,0.0450733975,-0.252413064,0.0734077916
-0.127467096,0.0913971141,-0.211892262,0.157057315
-0.0825123265,0.0561772697,-0.13660343,0.101476669
-0.0369105339,-0.0295350011,-0.0628932416,-0.0417040847
-0.00507112127,-0.113060996,-0.00984454621,-0.184000492
0.00906829443,-0.146886095,0.0113753397,-0.244282559
0.0118936924,-0.112547189,0.016355779,-0.191828072
0.0147422729,-0.0296031032,0.0210888591,-0.055658929
0.0267018043,0.0548479185,0.0435835905,0.0880661905
0.0496426374,0.0907610208,0.0839302018,0.15165478
0.0779485479,0.0513018705,0.131835073,0.09005858
0.10256435,-0.0527617782,0.171101421,-0.0828442052
0.116549447,-0.177703127,0.189332902,-0.2862041
0.11868374,-0.268018723,0.183180228,-0.423591673
0.113102071,-0.283260584,0.171692088,-0.450419009
0.10550198,-0.216939881,0.165314093,-0.357102871
0.0986018106,-0.0982622057,0.159463525,-0.171321899
0.0899432898,0.0235473085,0.147719294,0.0308694299
0.0736067221,0.103689529,0.124595284,0.168695211
0.0448830128,0.122230887,0.0800778121,0.204211414
0.00497249933,0.0904079005,0.0135973208,0.152594224
-0.0374241993,0.0405130945,-0.0581658259,0.0698370188
-0.0690276325,0.00582072977,-0.114635475,0.0103873666
-0.0781495199,0.00198054407,-0.132003292,0.00423504319
-0.0608133562,0.0199679155,-0.104067631,0.034899503
-0.0233503655,0.0339360945,-0.0417555906,0.0588917956
0.0201756284,0.0189574789,0.0324750617,0.0351918973
0.0545417331,-0.031764295,0.0923294723,-0.0511182062
0.0705509037,-0.100207679,0.116620734,-0.165552795
0.0690819919,-0.151452586,0.111802779,-0.250975102
0.0599458478,-0.152172551,0.0959621891,-0.254427612
0.0562589392,-0.0897771567,0.0902254581,-0.157151714
0.0673546568,0.0182335153,0.109250315,0.0233602077
0.0938630551,0.130067006,0.153917357,0.210090667
0.12726292,0.198056504,0.206729576,0.316945463
0.153790459,0.190648586,0.252234071,0.306713849
0.160463765,0.10714338,0.26795876,0.177809745
0.140258148,-0.0218582284,0.23816739,-0.0343494192
0.0943538919,-0.148151726,0.158365905,-0.241515771
0.0311529338,-0.226801068,0.0482361317,-0.368309766
-0.0367182009,-0.234189972,-0.0621867515,-0.382048637
-0.0957473367,-0.175310135,-0.161272585,-0.289470851
-0.134178624,-0.0780930147,-0.224475756,-0.131552652
-0.143926769,0.0211276133,-0.240133286,0.0337654725
-0.122236952,0.093293488,-0.202383339,0.156570852
-0.0731690675,0.126246646,-0.122939698,0.212536022
-0.00808351487,0.125067368,-0.0142879123,0.20992814
0.0561935194,0.104852311,0.093167685,0.175683975
0.102199562,0.0809712857,0.172070488,0.133275658
0.118595019,0.0620538183,0.199419841,0.101401493
0.105935775,0.0484573618,0.180237636,0.0773963928
0.0779520273,0.035535641,0.133159235,0.0585235097
0.0563471392,0.0186740104,0.0961550102,0.0299211945
0.0603752658,-0.00312119629,0.100789681,-0.00364250923
0.0957966894,-0.0266298726,0.1575986,-0.0435767435
0.149186283,-0.0462228693,0.242113248,-0.0763438046
0.191733971,-0.0562521853,0.31147638,-0.095412232
0.192105621,-0.0525295399,0.313745767,-0.0906137675
0.132828847,-0.0327142365,0.22246255,-0.0600591674
0.0218885485,0.00342585123,0.0430271626,0.000781022361
-0.107320458,0.0529055707,-0.17325078,0.0843883976
-0.209102958,0.107756399,-0.334730685,0.17466557
-0.246208593,0.154211938,-0.389040262,0.248164758
-0.208168149,0.174871013,-0.332703441,0.284607083
-0.117544159,0.154600561,-0.193169057,0.260096997
-0.0200167149,0.0884732977,-0.0330442786,0.154839352
0.0375711694,-0.0121566439,0.0652127042,-0.015234434
0.0305278506,-0.119640306,0.0538715608,-0.194895178
-0.0309607033,-0.198006734,-0.049394723,-0.323854119
-0.106638148,-0.216827482,-0.173474431,-0.351763248
-0.146564081,-0.165188164,-0.242866144,-0.269372642
-0.116926439,-0.0588364676,-0.202367067,-0.100584544
-0.0180399958,0.0639757589,-0.0377597325,0.104596309
0.114879556,0.157261938,0.182899624,0.255804241
0.228704229,0.186582431,0.362272799,0.293207169
0.278414845,0.143979341,0.441515505,0.223511919
0.248711661,0.0512758344,0.406924635,0.0813268945
0.160178095,-0.0501704589,0.271298558,-0.085216254
0.0572257675,-0.118572786,0.0979199186,-0.198942676
-0.0152874524,-0.130538374,-0.0277847107,-0.220274195
-0.0340418294,-0.0905328095,-0.0614189208,-0.154014692
-0.00626348751,-0.0265672561,-0.0149642136,-0.0464209989
0.038395226,0.0253868178,0.0610899627,0.0420433059
0.0676992908,0.0401165597,0.113577999,0.0658855885
0.0666372329,0.0154509591,0.114646345,0.0268655103
0.0457848497,-0.0279575642,0.0788619593,-0.0449230708
0.0336304531,-0.0588376261,0.0544484034,-0.0988661796
0.0576298945,-0.0527754426,0.0926419273,-0.0897567272
0.125333473,-0.00566631556,0.202970877,-0.0117794685
0.216945961,0.063831225,0.347002983,0.0973676443
0.294108331,0.123889595,0.460050732,0.18736513
0.320265293,0.145875439,0.497031599,0.218281016
0.2811158,0.118805639,0.448946744,0.182933703
0.193329379,0.0544703007,0.322265834,0.086770229
0.0962274224,-0.0190934595,0.165782183,-0.0317466371
0.030818928,-0.0719433725,0.0530599728,-0.120801695
0.0179099478,-0.0866552293,0.0262470096,-0.145090908
0.0477072597,-0.065429233,0.0751720443,-0.111170039
0.0868916288,-0.026710378,0.141240224,-0.0479736775
0.0991380364,0.00614406727,0.166466132,0.00751247071
0.0672202632,0.0175663941,0.116033621,0.0272921156
0.00373533531,0.00697936118,0.0118325697,0.0107907457
-0.0560970306,-0.0129136704,-0.0922395512,-0.02032483
-0.0757111832,-0.0250202846,-0.127859935,-0.0396125689
-0.0402674638,-0.0183043685,-0.0713260844,-0.0294161811
0.0322724208,0.00637207599,0.0493957773,0.0109442454
0.0993483961,0.0381511785,0.163919628,0.0617976077
0.117535323,0.0642319396,0.198150203,0.102872491
0.0687333345,0.0787968785,0.12024717,0.128346115
-0.0264231917,0.0870351866,-0.0381877944,0.141951188
-0.116641633,0.101458587,-0.187828228,0.167300746
-0.146382228,0.132443637,-0.238442972,0.219423473
-0.0868176147,0.178689748,-0.145780027,0.295140445
0.0457846634,0.223818943,0.0692609176,0.364580274
0.195246831,0.242210478,0.304096043,0.379850417
0.29268676,0.211982384,0.45299691,0.323208123
0.292015582,0.128639638,0.464606017,0.198101729
0.194925979,0.0118139507,0.329024374,0.0178228989
0.0516176671,-0.0994874015,0.094676055,-0.16534546
-0.0638287365,-0.162026778,-0.104686946,-0.267407358
-0.0909738019,-0.14730902,-0.156267807,-0.242446259
-0.013904091,-0.0554324314,-0.0352826193,-0.0959281996
0.130742177,0.083085306,0.204606727,0.131086633
0.272812486,0.2188541,0.418536931,0.329223454
0.344646305,0.303539425,0.503399312,0.431563795
0.315065801,0.309200168,0.468560964,0.445824772
0.203653246,0.238406032,0.331751317,0.370309412
0.0683297291,0.120958053,0.123756006,0.201985076
-0.0264589675,-0.000639407488,-0.0403201096,0.00397174433
-0.0435149781,-0.089726992,-0.0760457441,-0.144284189
0.00937846862,-0.129412323,0.00772287976,-0.213934258
0.0866176561,-0.125991881,0.136143357,-0.208748832
0.131978035,-0.101411536,0.214312032,-0.172565237
0.110276274,-0.079571493,0.184968323,-0.137326196
0.0259778686,-0.0738282278,0.0480002016,-0.126810893
-0.0810430124,-0.0817800686,-0.130787,-0.136745334
-0.159446463,-0.0892156586,-0.261692971,-0.143396884
-0.176027313,-0.0802545249,-0.290420562,-0.126525462
-0.134077415,-0.0477145948,-0.227583855,-0.0769171417
-0.070274204,0.00197494868,-0.121755049,0.00448069302
-0.0321833082,0.0517632514,-0.0546669848,0.0846232697
-0.0494890809,0.0829591304,-0.0779018477,0.13799496
-0.115622029,0.0851361305,-0.184199095,0.140826434
-0.190573722,0.061542131,-0.305935323,0.10469386
-0.223691627,0.0271358099,-0.360074669,0.0494287275
-0.183844194,0.000381961552,-0.305040032,0.00635433756
-0.0799141228,-0.00673246197,-0.140458092,-0.00761989923
0.0403800942,0.0049110814,0.0620328672,0.00925858133
0.113557391,0.0221931506,0.188761175,0.0351296067
0.093501538,0.0270952601,0.160809293,0.0412127152
-0.0229400601,0.00687972177,-0.0295167472,0.00954257697
-0.191744819,-0.0382700898,-0.305380344,-0.0601547137
-0.341560066,-0.0942252576,-0.522432089,-0.13688837
-0.407644272,-0.13915129,-0.601308703,-0.194638208
-0.362614334,-0.153899148,-0.552578628,-0.222941801
-0.228508413,-0.131285056,-0.376589388,-0.202518433
-0.064507328,-0.0795645937,-0.117992803,-0.130035192
0.0628003702,-0.0183819253,0.0993453935,-0.0328869298
0.111100033,0.0306884479,0.185442582,0.0466404185
0.0801290572,0.054177966,0.138246864,0.08625976
0.00751562649,0.052309759,0.0198077708,0.0871658996
-0.0537926592,0.0374983512,-0.0851052105,0.0643912181
-0.0638411567,0.0268423613,-0.10889703,0.0476689562
-0.0149588697,0.0327714272,-0.029410325,0.0561485291
0.0670899227,0.056843996,0.107646614,0.0940826163
0.139225677,0.0898581147,0.228629798,0.144202799
0.164733753,0.117929362,0.270802498,0.187483296
0.131637856,0.130906194,0.222425252,0.211198211
0.0566946194,0.128224298,0.100750312,0.210542127
-0.0258035902,0.118767902,-0.0376584604,0.197165698
-0.0831863806,0.114740469,-0.134687394,0.190269917
-0.100698203,0.123079076,-0.165786847,0.205284655
-0.0865288004,0.13958621,-0.142283291,0.232658297
-0.0638875365,0.149683639,-0.103008218,0.248289749
-0.0555163622,0.136073261,-0.0869505629,0.227059722
-0.0697031245,0.0895205587,-0.110686429,0.153768405
-0.0954109952,0.0167302322,-0.156287402,0.03240899
-0.108737767,-0.0597313866,-0.179615811,-0.0946969166
-0.0867260471,-0.110576421,-0.148408756,-0.179401368
-0.0208847579,-0.114152037,-0.0410796143,-0.189882591
0.0766390637,-0.0688321814,0.120208792,-0.118002638
0.177143052,0.00348732225,0.286160052,0.00147294928
0.247332349,0.0657075644,0.39566201,0.100985825
0.263160855,0.0826259404,0.423254848,0.12655744
0.219194755,0.0388933383,0.361501485,0.0604709461
0.129827559,-0.0512624383,0.221983194,-0.083475329
0.0226904973,-0.14819698,0.042222973,-0.244087175
-0.0721528903,-0.203943685,-0.117168017,-0.331844896
-0.132513821,-0.184718803,-0.219934136,-0.299587458
-0.150228277,-0.0881219879,-0.252712786,-0.148630694
-0.131746277,0.053683009,-0.222425967,0.0848519132
-0.0939362422,0.18707554,-0.15388073,0.303804636
-0.0571604222,0.260777533,-0.0882112458,0.41864875
-0.0379621461,0.249337092,-0.0561631955,0.40472737
-0.0433975719,0.165099815,-0.0641204491,0.278573513
-0.0685462132,0.0527480729,-0.108263403,0.0941028371
-0.0981170759,-0.0312445927,-0.162482128,-0.0493186787
-0.112127475,-0.0446541421,-0.189148679,-0.0744544193
-0.0942650661,0.0212041531,-0.161280558,0.0326006748
-0.0400964953,0.137927622,-0.0713833347,0.224671602
0.0384500362,0.253635228,0.0610049181,0.404830992
0.115135156,0.316978186,0.182164952,0.491183132
0.15836677,0.300026089,0.252286315,0.464332193
0.144172415,0.209405959,0.240497261,0.337631315
0.0677730814,0.0810811743,0.123572469,0.137363553
-0.0518750176,-0.0378136002,-0.0791921392,-0.061902348
-0.177573726,-0.110630848,-0.285748065,-0.177718401
-0.267885476,-0.125786126,-0.424497873,-0.195076391
-0.293839425,-0.0978252664,-0.46544528,-0.149122626
-0.250786126,-0.0556895025,-0.407314509,-0.0848736167
-0.15977031,-0.0252776016,-0.269659519,-0.0372927859
-0.057652615,-0.0158420336,-0.101602815,-0.0231382735
0.0193574969,-0.0171562154,0.0305472519,-0.0276501793
0.0508939363,-0.0082935039,0.0854336396,-0.0159054883
0.0392380804,0.0274381302,0.0668601766,0.0413458496
0.00498494692,0.0900585428,0.0116947582,0.145450637
-0.0254877843,0.160125777,-0.039793659,0.261178643
-0.0338070728,0.207432717,-0.0511591546,0.337550074
-0.0175039265,0.206762582,-0.0257239435,0.340646863
0.011504746,0.152359083,0.0224314351,0.256507695
0.036029309,0.0632335767,0.0634506792,0.109952509
0.0444214419,-0.0239778142,0.0770861879,-0.0384804569
0.0366556458,-0.0715541393,0.0602220632,-0.121423624
0.0224455204,-0.0587229244,0.0355668366,-0.101593383
0.0131537132,0.00763526279,0.0207654908,0.00775647769
0.0130587779,0.0949829221,0.0216367133,0.153112084
0.0158872008,0.159118637,0.0289633963,0.260629296
0.0091779856,0.163759127,0.019284796,0.27048403
-0.0159997419,0.0967131108,-0.0193719398,0.165774882
-0.0561555848,-0.0246640909,-0.0895764679,-0.0348985344
-0.0935104117,-0.161004335,-0.151711449,-0.256887317
-0.103480376,-0.2677885,-0.16897288,-0.418899477
-0.0682081059,-0.313832432,-0.115098633,-0.487879008
0.011270362,-0.293292224,0.00768785039,-0.464093357
0.111656122,-0.226316124,0.168045759,-0.367410213
0.195886895,-0.148675635,0.307441384,-0.2456709
0.230075046,-0.0954555422,0.36929512,-0.159378648
0.200414747,-0.0861223042,0.327556133,-0.144917205
0.120966554,-0.117233731,0.203449041,-0.195427388
0.0276175588,-0.16540806,0.0486542284,-0.271675706
-0.0392788015,-0.198687986,-0.0663997978,-0.324043334
-0.0549097098,-0.191060603,-0.0963512585,-0.312565893
-0.0222674664,-0.133924782,-0.0456890315,-0.224525824
0.0299060568,-0.039924752,0.0436005108,-0.0713309348
0.0626498163,0.0620805919,0.103677548,0.0980023295
0.0478256084,0.138534099,0.0819783732,0.224266723
-0.0162942111,0.164361194,-0.0179653354,0.270372421
-0.103107952,0.132567361,-0.15967159,0.221083418
-0.170575902,0.0566186309,-0.2743451,0.101688236
-0.182396978,-0.035107214,-0.299121231,-0.0487683453
-0.126711041,-0.110438466,-0.213672146,-0.174343199
-0.0229249597,-0.145668998,-0.0474362746,-0.237548247
0.086601533,-0.134206757,0.134929657,-0.223705098
0.155655727,-0.0883573219,0.251887202,-0.151464164
0.154563218,-0.0337107107,0.256636918,-0.0640145764
0.0822324008,0.00151512062,0.143233478,-0.00233101891
-0.0351361334,-0.0021004267,-0.0518648215,-0.00361041771
-0.156894669,-0.0474652834,-0.254639357,-0.0735286698
-0.245277613,-0.119865865,-0.389776319,-0.182232618
-0.278892666,-0.192657664,-0.436163604,-0.2908476
-0.257065773,-0.237255067,-0.401299655,-0.358692527
-0.194972888,-0.233357161,-0.314428866,-0.363099456
-0.113943547,-0.175525635,-0.194152236,-0.285499811
-0.0327296406,-0.0739897043,-0.0628276542,-0.126529932
0.0364224166,0.0499681421,0.0557262711,0.0799357146
0.0867599174,0.171620756,0.141853333,0.276321799
0.113954172,0.270179302,0.183060914,0.424061179
0.114444576,0.333406568,0.183783367,0.509745538
0.0867655575,0.35854739,0.14199993,0.543312907
0.0345628895,0.350334376,0.0622926503,0.537643909
-0.0317481607,0.317731947,-0.0391777605,0.498260736
-0.0971239656,0.270941257,-0.143610388,0.432756424
-0.147672236,0.219343841,-0.228786707,0.356416106
-0.177061245,0.170203611,-0.279783726,0.278744042
-0.189457417,0.127659008,-0.304170728,0.211060122
-0.196504667,0.0919243991,-0.31705752,0.154169157
-0.20939292,0.0592536703,-0.336936176,0.101633079
-0.230400771,0.0234523155,-0.371300846,0.0441824645
-0.249249578,-0.0208437331,-0.398502707,-0.0271998309
-0.24729979,-0.0740888044,-0.396480322,-0.110838711
-0.208141059,-0.128984064,-0.339149326,-0.199927106
-0.129003674,-0.171010941,-0.216601193,-0.272603184
-0.0261916202,-0.183221787,-0.0524257571,-0.299368978
0.0695721284,-0.153960854,0.106296949,-0.254654288
0.12660794,-0.0841635615,0.205700219,-0.145664409
0.1280808,0.00969930552,0.211826175,0.00818351749
0.0816894323,0.099463515,0.139292553,0.159777269
0.0173978899,0.155212626,0.0355774723,0.254498035
-0.0265733451,0.15737468,-0.0401734523,0.260650098
-0.0229048394,0.105404302,-0.0358576588,0.181433693
0.0302982591,0.0185783766,0.0488891006,0.0367958397
0.107487373,-0.0720206872,0.174499243,-0.11602588
0.167803645,-0.136916205,0.269412935,-0.223513737
0.175642699,-0.160719752,0.281112522,-0.263608098
0.119316041,-0.147551,0.19606252,-0.24747321
0.018147897,-0.116658464,0.0323112048,-0.198508397
-0.0859160125,-0.0905062035,-0.141163379,-0.152194247
-0.148226827,-0.0816215873,-0.243924364,-0.131821737
-0.142978474,-0.0853487179,-0.240299463,-0.135339379
-0.0755945146,-0.0826978981,-0.134892642,-0.133309424
0.0201920848,-0.0521173179,0.027640393,-0.0869273469
0.0989574492,0.0159898773,0.159669027,0.0211436581
0.125436515,0.110096149,0.206283301,0.172794253
0.090682663,0.199444339,0.152895138,0.317546606
0.0147454543,0.24709332,0.0329543352,0.395479292
-0.0649351627,0.228155658,-0.0968299061,0.369537026
-0.113037445,0.144012213,-0.178866088,0.243770346
-0.113677315,0.0247016568,-0.187909201,0.051268138
-0.0769762322,-0.0827306658,-0.130099684,-0.130978942
-0.0321078449,-0.135090306,-0.0581609122,-0.223113462
-0.0109952465,-0.113332003,-0.0217040963,-0.192217633
-0.0313486308,-0.0323355682,-0.0544227026,-0.0599188097
-0.0876552984,0.065001227,-0.144711837,0.103735551
-0.154326037,0.12699306,-0.247415468,0.208083227
-0.198910266,0.116834112,-0.316582114,0.195525497
-0.198378935,0.0295506325,-0.322052598,0.0580399372
-0.150313586,-0.105751894,-0.248589039,-0.161679402
-0.073778443,-0.239293292,-0.123977199,-0.375643134
3.30908952e-05,-0.323165804,-0.00819446053,-0.502597809
0.0423723906,-0.332297772,0.0589445382,-0.51887536
0.0395778604,-0.274134576,0.0572225079,-0.44164601
-0.00193068583,-0.182995021,-0.00673380541,-0.307252705
-0.0600026585,-0.102472469,-0.100843817,-0.17347306
-0.107698672,-0.0647673756,-0.178732753,-0.106497444
-0.125326678,-0.0768556744,-0.208178952,-0.122829542
-0.108133107,-0.119616345,-0.180604175,-0.191339999
-0.0667212307,-0.159511074,-0.114433035,-0.259606957
-0.0207904,-0.166425034,-0.0390996747,-0.274099737
0.0103839412,-0.128701106,0.012282718,-0.216609836
0.0163246728,-0.0582804978,0.0249386374,-0.102149531
-0.000816881482,0.0159702338,-0.000285448972,0.0235969257
-0.0281062666,0.0628990903,-0.0439546853,0.104596853
-0.0480730422,0.0642571598,-0.0772522613,0.109745562
-0.0465042777,0.0231924132,-0.077315703,0.0428211018
-0.0186175257,-0.0376252979,-0.0326724723,-0.0591874905
0.0286963526,-0.0868875086,0.0451458991,-0.144089669
0.0793050379,-0.0991331711,0.12750493,-0.167329565
0.113986209,-0.0661511421,0.186555237,-0.11372228
0.118020304,-0.000427976251,0.195965096,-0.00850679632
0.0873746946,0.0704273954,0.147525936,0.112306125
0.0310115963,0.115432568,0.0564482585,0.188537896
-0.0318438411,0.112967715,-0.0466131791,0.188503131
-0.0787489638,0.0593459904,-0.126583979,0.102230825
-0.0928416178,-0.029850496,-0.152745187,-0.043931976
-0.0698266551,-0.12571241,-0.119430669,-0.201497242
-0.0200055279,-0.196591154,-0.0380281545,-0.316989124
0.0359086245,-0.219295889,0.0514613912,-0.357481122
0.0757459551,-0.187007114,0.117411211,-0.310287476
0.08582405,-0.111407638,0.138270676,-0.192265689
0.0673165992,-0.0185554083,0.112127215,-0.0372481942
0.0358265974,0.0599851534,0.0611131489,0.0985817537
0.0139830699,0.0978043228,0.0258399621,0.162789583
0.0202633273,0.0826183558,0.035637401,0.141143948
0.0593007654,0.0205702893,0.0996982753,0.0391089171
0.118525505,-0.0656749383,0.195390776,-0.104596563
0.173128545,-0.144547135,0.276364088,-0.23489441
0.197323292,-0.186403468,0.310114056,-0.300806105
0.176666364,-0.173824579,0.282111406,-0.285588056
0.115458421,-0.107668273,0.189917624,-0.184515253
0.035461951,-0.00663534598,0.0611271188,-0.0208063982
-0.0336617567,0.099493742,-0.0542233139,0.161520123
-0.0677193925,0.180378526,-0.107853025,0.295314193
-0.0587545447,0.215405986,-0.0913148671,0.351762563
-0.0180532355,0.199961275,-0.0267192051,0.330538005
0.0299623702,0.145635381,0.0515836142,0.244746789
0.0598082989,0.0748131275,0.101545043,0.127307132
0.0569363199,0.0122165298,0.0983330011,0.0213774871
0.0237658489,-0.0231554136,0.0418604314,-0.0392984934
-0.0230198391,-0.0229143146,-0.037802238,-0.0390962735
-0.0622102208,0.0100575304,-0.103987016,0.0150408177
-0.0795998573,0.064384304,-0.133927599,0.105944887
-0.0752801746,0.124532931,-0.122989908,0.205357477
-0.0629673526,0.174874738,-0.100618996,0.287175804
-0.0618439838,0.202535853,-0.0960921794,0.330885321
-0.0853002518,0.199138001,-0.132694378,0.325647384
-0.132567361,0.162026778,-0.208545849,0.267586678
-0.187735483,0.0952973515,-0.29930532,0.160463601
-0.226833269,0.0101834768,-0.364510089,0.0254803635
-0.22948572,-0.076153636,-0.370874345,-0.114207864
-0.189283773,-0.144163385,-0.311369449,-0.225523144
-0.11759726,-0.177436978,-0.198295251,-0.2838929
-0.0388210379,-0.168549716,-0.0707142353,-0.277923524
0.0206874181,-0.122733504,0.0275084898,-0.206849888
0.044584956,-0.0572929494,0.0724139139,-0.0997177884
0.0335892253,0.00371124991,0.0570772365,0.00203215587
0.00418812502,0.0378470086,0.00980070047,0.0627774373
-0.0202886388,0.0324980356,-0.0311460961,0.0559913367
-0.0217902064,-0.0105810612,-0.035594672,-0.012914367
0.00314797158,-0.0763111338,0.00482707191,-0.123583697
0.0415404551,-0.142444298,0.0652954206,-0.233281329
0.0705310032,-0.188061774,0.111761406,-0.307378322
0.0692818984,-0.200680077,0.110868938,-0.329432815
0.0303939842,-0.179053918,0.0496010371,-0.297952235
-0.0348121338,-0.130948812,-0.0581133589,-0.221216187
-0.0999923423,-0.0675949156,-0.167855933,-0.114561923
-0.135054156,0.00200005458,-0.225482002,0.00332127954
-0.119950488,0.073911339,-0.203135431,0.122894555
-0.0545710623,0.148090139,-0.0937846005,0.244585618
0.040071737,0.224154621,0.0617082715,0.361312002
0.130262464,0.296925813,0.203980491,0.461287767
0.184075013,0.354649156,0.281616628,0.526122212
0.185479283,0.381465703,0.281215668,0.558178306
0.141573697,0.36345908,0.222435683,0.54323864
0.0794167742,0.295636415,0.136225924,0.464189917
0.0336110704,0.186479509,0.0622736476,0.309380174
0.0300902911,0.0575848185,0.0535297692,0.102710612
0.0734864175,-0.0620145351,0.11826466,-0.0983332321
0.144041538,-0.144936576,0.230165303,-0.234682038
0.205821335,-0.174516499,0.324377596,-0.282016724
0.222833559,-0.150333405,0.351387531,-0.248323739
0.175905406,-0.0880381614,0.288213551,-0.15315333
0.0726059675,-0.013528984,0.126247779,-0.0294055678
-0.0545322485,0.0463267416,-0.0843903869,0.0743021891
-0.161016896,0.0729642585,-0.261036068,0.120359004
-0.209037408,0.0620011538,-0.338061243,0.107156023
-0.183527038,0.0236791428,-0.302603364,0.0475273803
-0.0985300615,-0.0221051592,-0.168904439,-0.0303251762
0.00888524298,-0.0541280024,0.00959244929,-0.0866952911
0.094329305,-0.0582420044,0.153312519,-0.0980845615
0.124335632,-0.0325988606,0.204315931,-0.0586571321
0.0891542807,0.0122784562,0.151859179,0.0139172412
0.00486514671,0.0584685951,0.0128196375,0.093201831
-0.09536504,0.088504523,-0.152255684,0.145396546
-0.176173329,0.0927417949,-0.284125745,0.155407235
-0.21392256,0.0730834678,-0.343939811,0.126002923
-0.203636125,0.0414888524,-0.332437932,0.0742426515
-0.156802356,0.0140212253,-0.260151625,0.0279534422
-0.0924886391,0.00323242182,-0.156731725,0.00879957248
-0.0271707904,0.0124736521,-0.0478468314,0.0218217783
0.0313594341,0.0348241739,0.0500045046,0.0586453825
0.0834710449,0.0571021289,0.137585461,0.0944039449
0.131958798,0.0669067949,0.218005463,0.111039191
0.17538169,0.0590913855,0.28878656,0.09455733
0.205060601,0.0383132026,0.333746463,0.0608419925
0.207973748,0.0163033027,0.340369016,0.022905346
0.17417419,0.00527028879,0.289061844,0.00426158169
0.104517989,0.0109685715,0.179328546,0.0131806312
0.014020036,0.0292577296,0.0278074164,0.0443217307
-0.0716855302,0.0482105389,-0.116752259,0.0788734704
-0.125683591,0.0548513345,-0.204885125,0.0935628042
-0.130696401,0.0429848544,-0.217588603,0.0755993053
-0.0864081532,0.0177609604,-0.146758839,0.0348881632
-0.00972140301,-0.00584449712,-0.0194586366,-0.00680083921
0.0720997155,-0.0102816755,0.116983384,-0.0175944977
0.132094637,0.015100345,0.217240512,0.0219214056
0.153201401,0.0673010275,0.251992375,0.103510067
0.132799178,0.129415244,0.220647439,0.205631196
0.0809537396,0.177417055,0.137784034,0.285417676
0.0141620943,0.190858021,0.0296944454,0.312153608
-0.0518311001,0.162226856,-0.0774800256,0.268533409
-0.106819771,0.100297019,-0.171130702,0.170237705
-0.147070691,0.0258284975,-0.240727544,0.0470049828
-0.17321822,-0.0380943455,-0.284283519,-0.0562499724
-0.187295094,-0.0760974661,-0.307923555,-0.120976672
-0.190909073,-0.0858836919,-0.313230097,-0.136810228
-0.185230389,-0.0765222386,-0.305455595,-0.122445956
-0.171953678,-0.0611240491,-0.284138232,-0.0975093171
-0.153758705,-0.0483554192,-0.256620765,-0.0774675161
-0.133384347,-0.0377101079,-0.222428173,-0.0589959212
-0.111763306,-0.0211644415,-0.18766816,-0.0341541171
-0.0867403671,0.00992129371,-0.146430299,0.0178405549
-0.0538711511,0.0568947755,-0.0917555094,0.0949677229
-0.00955902599,0.109816954,-0.0169339553,0.181453988
0.0449337699,0.150148034,0.0726834834,0.248672456
0.101125866,0.159084141,0.167244568,0.260795474
0.144698918,0.127204984,0.238454193,0.208712667
0.160830617,0.0601552241,0.267226398,0.100432396
0.141330317,-0.0229121149,0.237050533,-0.0383461528
0.0899816453,-0.0975339711,0.153224632,-0.164163455
0.0229388401,-0.144587114,0.0387461558,-0.240028217
-0.0366936475,-0.157883734,-0.0626648217,-0.261710733
-0.0679712743,-0.144909874,-0.115763173,-0.239568159
-0.0606921315,-0.12068212,-0.10456305,-0.198555917
-0.0192680322,-0.098443374,-0.0371847935,-0.16335088
0.0400503874,-0.0825450718,0.063077867,-0.137051597
0.097189799,-0.067472294,0.158837199,-0.113973178
0.137444139,-0.0433626175,0.225157306,-0.0750533044
0.157223657,-0.00459267478,0.257792234,-0.0139361611
0.163628995,0.0438060611,0.269683033,0.0661243647
0.168420464,0.0859655067,0.27643618,0.137034968
0.179904208,0.101796314,0.2945894,0.163017392
0.197274745,0.0771042332,0.322618574,0.124894969
0.210517332,0.0118497489,0.345557749,0.0198129937
0.205898061,-0.0779349804,0.335733622,-0.125562429
0.174038455,-0.165761396,0.281722486,-0.268429905
0.116206892,-0.225139931,0.18652384,-0.363623142
0.0454415902,-0.239829853,0.0716389194,-0.389968157
-0.0181526411,-0.209211856,-0.0326876119,-0.344444424
-0.0556273945,-0.146857575,-0.0947883576,-0.244965106
-0.0569838881,-0.0738442019,-0.0998629034,-0.125208661
-0.0250296369,-0.010625205,-0.0465726107,-0.0186500736
0.0260762367,0.0287887305,0.0429158211,0.0474640764
0.0763989538,0.0386410952,0.126071051,0.0644535422
0.10709925,0.0201198272,0.180063754,0.0332549252
0.105772421,-0.0207398385,0.17896454,-0.0342626981
0.0687845573,-0.0741004422,0.117852367,-0.12444108
0.000854219077,-0.126364678,0.00365481689,-0.209490463
-0.0868370086,-0.161028802,-0.141540319,-0.263950109
-0.17882821,-0.162328318,-0.289253294,-0.262051493
-0.257569939,-0.121829756,-0.409912467,-0.193026736
-0.306139171,-0.0453484058,-0.482461542,-0.0701505765
-0.31196785,0.0442214012,-0.490869462,0.0726257935
-0.271125615,0.111786522,-0.429421246,0.181404099
-0.176756486,0.0785584375,-0.29092738,0.138713822
-0.157681346,0.0929654092,-0.256498307,0.151655093
-0.127496868,0.0953729823,-0.208986074,0.16138792
-0.0856036916,0.0779167488,-0.141566843,0.133290142
-0.0301004332,0.0437321179,-0.0510163903,0.0771298334
0.0368911438,0.00560601987,0.0590882748,0.0125238979
0.105307333,-0.0218237843,0.171830744,-0.0369283371
0.158229142,-0.0314699262,0.259052455,-0.054749582
0.178540111,-0.0286999233,0.292981982,-0.0523312725
0.157958061,-0.0281968676,0.261741906,-0.0502047017
0.103127874,-0.0441711247,0.17503193,-0.0755579919
0.0344962701,-0.0797162354,0.059612222,-0.133170366
-0.0224768091,-0.122199655,-0.0364758894,-0.201808229
-0.0496820472,-0.148466557,-0.0839964896,-0.244260296
-0.0456633605,-0.137899697,-0.0800395757,-0.227579638
-0.0263510719,-0.0862934887,-0.0488071479,-0.145820484
-0.0161550865,-0.0121768089,-0.0290927403,-0.0256737545
-0.0337590277,0.049247019,-0.0549119413,0.0790971965
-0.080288887,0.0626672655,-0.129119962,0.106138386
-0.136739135,0.0116354525,-0.221909374,0.025040064
-0.172815859,-0.0903001353,-0.281653345,-0.139258206
-0.163126811,-0.203070059,-0.266468555,-0.31583181
-0.10230685,-0.277476162,-0.169486806,-0.432757229
-0.0107134124,-0.27826637,-0.0277829394,-0.443503708
0.0730609521,-0.201212928,0.109174937,-0.333178759
0.109755315,-0.0752390176,0.176646963,-0.134113222
0.0785063207,0.0517317466,0.132347047,0.0780486837
-0.0122825438,0.136003524,-0.011985071,0.221370876
-0.12801376,0.158408865,-0.198133335,0.260185719
-0.223630384,0.131266251,-0.351498991,0.216654688
-0.264284223,0.0887770951,-0.418626785,0.149257377
-0.240715459,0.0665678233,-0.389473855,0.114024498
-0.171882525,0.0818518028,-0.285958439,0.137657687
-0.0939317122,0.125116482,-0.157726005,0.209832847
-0.0415012762,0.167637482,-0.0663921237,0.276400238
-0.0310320184,0.180146158,-0.0447941273,0.296562076
-0.0543749779,0.151646405,-0.0822525844,0.251941085
-0.0853915215,0.0972713083,-0.137223914,0.164681047
-0.0954558104,0.0503072031,-0.156653747,0.0871825814
-0.0693546087,0.0426366962,-0.11903774,0.0718693957
-0.0132483374,0.0847266465,-0.0260538496,0.140212208
0.0491438396,0.156956539,0.0798560679,0.254791915
0.0896518156,0.218022659,0.147841021,0.349491775
0.0907995924,0.22662127,0.152877554,0.365085125
0.0549401082,0.164895609,0.0987322703,0.272704691
0.00277678948,0.0506133996,0.0129707204,0.0891331509
-0.0376178771,-0.0692555383,-0.0612999126,-0.110999905
-0.0452663228,-0.14094691,-0.0779794827,-0.231358141
-0.0166287404,-0.130885303,-0.0322722569,-0.218229145
0.0333517678,-0.0430465192,0.0492636375,-0.0792954192
0.0796702579,0.0826420486,0.129245773,0.130779579
0.100428604,0.190237924,0.166481569,0.303660452
0.0877824798,0.235703051,0.146734729,0.376553416
0.0511231422,0.20822078,0.0919940546,0.339654684
0.0111583658,0.133887634,0.0257346407,0.226250902
-0.0117229121,0.060186144,-0.0159561764,0.104710653
-0.00860204175,0.0298423823,-0.0157254618,0.0512478985
0.0130782593,0.0581470877,0.0197910964,0.0939575955
0.033351168,0.125681251,0.0546132773,0.204211071
0.0303301308,0.189892724,0.0530546345,0.307748377
-0.00771357864,0.20880121,-0.00459789718,0.338564545
-0.0747692436,0.16378352,-0.114221357,0.273128331
-0.147787124,0.0692466721,-0.236487463,0.120719351
-0.195557952,-0.0355876423,-0.317222714,-0.0509893559
-0.191937342,-0.107771121,-0.315362543,-0.168066785
-0.127670467,-0.122785404,-0.216461569,-0.200283393
-0.0157204531,-0.085803844,-0.0364300758,-0.143843353
0.112211578,-0.0264706593,0.178989589,-0.0453785099
0.216650426,0.0191565156,0.348037332,0.0265927669
0.264507771,0.0289241802,0.424042344,0.0419845395
0.240992174,0.0057252273,0.39219743,0.00601914385
0.154800549,-0.0264351126,0.259728193,-0.04739438
0.0347534567,-0.0386557616,0.0631263182,-0.0707591772
-0.0807366222,-0.0159132387,-0.132389992,-0.0300361533
-0.157355517,0.0326515101,-0.259869903,0.0537174679
-0.176641032,0.0780255571,-0.290725827,0.129375696
-0.14151448,0.0879192874,-0.233656079,0.150531441
-0.0736966059,0.0463198796,-0.123767406,0.0844335631
-0.00420822762,-0.0351664908,-0.00828990899,-0.0529696569
0.0392066799,-0.120941654,0.0632438958,-0.198003188
0.0427439734,-0.168583691,0.0685773268,-0.277955562
0.0111173009,-0.150680378,0.0179336146,-0.25260362
-0.035605032,-0.0697976947,-0.061195448,-0.122716688
-0.0713490844,0.0414112285,-0.121632978,0.062614724
-0.0754508451,0.135196403,-0.124490902,0.222240999
-0.0412244536,0.171255365,-0.0667000636,0.284326732
0.0218767282,0.135568395,0.0381540917,0.230169013
0.0931473821,0.0464239642,0.156357899,0.0823861435
0.150044426,-0.0547743104,0.247018367,-0.0879532173
0.177663475,-0.122763015,0.286533535,-0.201782331
0.173992112,-0.12806049,0.280782878,-0.214786246
0.148846954,-0.0679309815,0.242836654,-0.119972959
0.117514461,0.0353678651,0.194145739,0.0495594963
0.0926126316,0.146607786,0.152609646,0.234478563
0.0783481672,0.232933462,0.129411474,0.371261567
0.0698856264,0.275119334,0.116548643,0.436085761
0.0577679388,0.27063182,0.0982515439,0.431156993
0.034694463,0.229198992,0.0642154664,0.372632712
0.00083128782,0.165132433,0.00700837374,0.273474574
-0.0352538563,0.0912112668,-0.0529946424,0.154774904
-0.060510397,0.0167118385,-0.0990934297,0.0317647345
-0.064038083,-0.0510860793,-0.10826277,-0.0819950104
-0.0428797826,-0.104736045,-0.074498646,-0.170749694
-0.00392544735,-0.136482656,-0.0107630575,-0.223953784
0.0390156843,-0.14077282,0.059293434,-0.233822405
0.0713781118,-0.11768306,0.114278652,-0.19806613
0.0840312317,-0.0745103136,0.139372125,-0.128833383
0.0764312223,-0.0238023289,0.127555951,-0.0457127728
0.0554121919,0.0215409435,0.0936663374,0.0317314826
0.0306446068,0.0533967279,0.0521808043,0.0862289742
0.00945588015,0.0707417056,0.0176041331,0.119337879
-0.0061734356,0.0778223574,-0.00825931225,0.12967138
-0.0190410055,0.079504922,-0.0302159879,0.13291572
-0.0332872644,0.0770459622,-0.0538124964,0.129007831
-0.0503977276,0.0673434883,-0.0823168233,0.113662325
-0.0671778694,0.0464449637,-0.109391674,0.0804915279
-0.0770182014,0.0150792645,-0.12742433,0.0279811528
-0.0738242418,-0.0178032592,-0.124812968,-0.0255265534
-0.0564127788,-0.036749389,-0.0970163345,-0.0594817288
-0.0308305062,-0.0269876067,-0.0548126772,-0.0462732986
-0.00909615587,0.0163625032,-0.0159262419,0.0249837786
-0.0047126296,0.0824774131,-0.00922938809,0.134018436
-0.0269489605,0.146712855,-0.0401060209,0.240131602
-0.0765079632,0.180588469,-0.118963122,0.294372767
-0.144513011,0.165642351,-0.227795497,0.272502571
-0.215185151,0.104185417,-0.339793205,0.175495476
-0.270967573,0.020887645,-0.428438276,0.0428926535
-0.297960579,-0.0465519428,-0.469463021,-0.0658002496
-0.289684236,-0.0638287365,-0.460999161,-0.0954526514
-0.248157039,-0.0158743225,-0.403455973,-0.0230822377
-0.182473734,0.0855518878,-0.301701128,0.138156936
-0.105892375,0.206232384,-0.172160298,0.330733389
-0.0326120853,0.303667665,-0.0486023203,0.475751728
0.0249394793,0.344208479,0.0438469909,0.532381833
0.058021117,0.315197855,0.0987157151,0.495605707
0.0627491772,0.227133855,0.109951891,0.370901734
0.040601857,0.106142789,0.0744916275,0.180423334
-0.00182840927,-0.0182713233,0.00207769498,-0.0279784109
-0.0540130921,-0.123613946,-0.0874421075,-0.201608717
-0.103624649,-0.198411614,-0.168288842,-0.320901513
-0.139300689,-0.239638612,-0.22604157,-0.378464669
-0.153345779,-0.247226119,-0.248746067,-0.39004451
-0.143568024,-0.220511168,-0.235375956,-0.35149771
-0.113680698,-0.159431979,-0.192437083,-0.26061973
-0.0721743926,-0.0694234297,-0.126374498,-0.117907837
-0.0300458744,0.0341587514,-0.0536209568,0.0540661179
0.0019603034,0.126582503,0.00287185377,0.208133623
0.0159421638,0.18093738,0.0282068066,0.296525151
0.00877434015,0.179352924,0.0201989394,0.295729458
-0.0169363692,0.122438602,-0.0202331059,0.207699656
-0.053113956,0.0312263612,-0.0833300725,0.0577745289
-0.0878662691,-0.0605455451,-0.14362298,-0.0972207859
-0.108485252,-0.120781578,-0.17981191,-0.196384355
-0.105300538,-0.133093387,-0.178265139,-0.217777252
-0.0753247887,-0.103390627,-0.131092757,-0.172151044
-0.0242692232,-0.0555011332,-0.045765359,-0.0934566334
0.0342840031,-0.0180714522,0.0541323237,-0.0306742676
0.0828548372,-0.00966278184,0.13609913,-0.0161026716
0.106133886,-0.0299240537,0.177193522,-0.0506056398
0.0969168544,-0.0613954552,0.162859052,-0.102485947
0.0593426712,-0.0806691274,0.099723056,-0.138061285
0.00773755601,-0.0725201741,0.0135661652,-0.125856847
-0.0388143994,-0.039057903,-0.0661273673,-0.066370979
-0.0640760437,0.00119818782,-0.107589133,0.000905933266
-0.0611877553,0.0237382278,-0.10346926,0.0407411456
-0.0352055542,0.0120761087,-0.0597828738,0.0242828932
-0.00048383465,-0.0325432159,-0.00231235498,-0.0513287112
0.0258824173,-0.0912194774,0.0418417566,-0.149435565
0.0315077938,-0.137258738,0.0505503714,-0.226833835
0.0136508159,-0.150375023,0.0212033633,-0.250847638
-0.0204717051,-0.127397522,-0.0357160978,-0.214047506
-0.057795085,-0.0836246684,-0.0981480181,-0.142469719
-0.0856362879,-0.0441611223,-0.1440534,-0.0732751936
-0.0968886241,-0.030068608,-0.162549734,-0.0472887717
-0.0918291584,-0.0469135679,-0.155051127,-0.074671708
-0.0761398003,-0.0818393007,-0.129219219,-0.131500602
-0.0567517765,-0.110527724,-0.0962872207,-0.181511298
-0.0381010994,-0.11005459,-0.0675165728,-0.182905734
-0.0208566096,-0.0706439838,-0.0383991525,-0.120169796
-0.0035300951,-0.000246717653,-0.00785627868,-0.00380520499
0.0144022815,0.0799735263,0.0235388018,0.129573256
0.0301162321,0.146214366,0.0502514727,0.239394486
0.0375408083,0.182675168,0.0651382506,0.29939872
0.0301442109,0.186815321,0.0538472272,0.306730926
0.00493715797,0.167288408,0.01437594,0.277101249
-0.034583278,0.13687335,-0.0520331934,0.227567211
-0.0783283412,0.105228826,-0.125397116,0.175642163
-0.112635382,0.0757060349,-0.18487677,0.127643406
-0.125073388,0.0473473668,-0.206732169,0.083260648
-0.108856998,0.0196502358,-0.182518706,0.0354037397
-0.0650308728,-0.0040414799,-0.111185871,-0.00382950366
-0.0018165732,-0.0174839441,-0.00769240689,-0.0273666866
0.0681429654,-0.0165167209,0.109591946,-0.0289247204
0.131211042,-0.00457737083,0.214319572,-0.0103773903
0.17565155,0.00572704244,0.288904399,0.0056300899
0.193585768,-0.00261533749,0.317008227,-0.00752098532
0.182293877,-0.0415419303,0.300004601,-0.0691224262
0.145181999,-0.108852215,0.240725324,-0.178035393
0.0921419114,-0.185378984,0.150116682,-0.301079571
0.0383822508,-0.241338849,0.0601278171,-0.389629662
0.000848404423,-0.249756604,-0.00446635298,-0.404334813
-0.00759121217,-0.200456142,-0.0195243657,-0.330309063
0.0156525634,-0.107023485,0.0197240692,-0.183407024
0.0593768172,-0.00229248335,0.0937314704,-0.00886607729
0.100578815,0.0761886388,0.165318936,0.123847082
0.112658523,0.103733979,0.190130711,0.170176253
0.0773384348,0.0801426992,0.135277137,0.132932812
-0.00484470138,0.029146418,-0.000273217796,0.0492942408
-0.11105442,-0.0142882168,-0.179014564,-0.0234703626
-0.202752247,-0.0223404523,-0.329530358,-0.0352051221
-0.240851343,0.0111741237,-0.390900284,0.0198744237
-0.203336865,0.0678098202,-0.335408747,0.113669373
-0.0971826166,0.11453779,-0.166938379,0.193894103
0.0417884924,0.121458173,0.0657258332,0.206595942
0.162229344,0.0777604729,0.264804214,0.130856901
0.2186189,-0.00246309093,0.357091069,-0.0041380832
0.191228896,-0.0874355286,0.314545184,-0.145476982
0.0953807458,-0.143846571,0.160463586,-0.241259113
-0.0246946905,-0.153190762,-0.0405311733,-0.256426245
-0.114972591,-0.119717076,-0.191841915,-0.198472261
-0.13514699,-0.0662217513,-0.227841362,-0.108286396
-0.0758172795,-0.0206251275,-0.132794753,-0.0317608751
0.0383969918,-0.00114433689,0.057664793,-0.000432175468
0.160892785,-0.00825395249,0.259955078,-0.013414178
0.2442763,-0.0274162199,0.392838567,-0.0470645092
0.260692358,-0.0402422436,0.418373257,-0.069710508
0.212176621,-0.0369529389,0.347662449,-0.0671224296
0.12712276,-0.0224696603,0.21488522,-0.0433990359
0.045705162,-0.0124484915,0.0790411457,-0.0224668682
0.00197583553,-0.0217429511,0.0045203804,-0.0366359204
0.0110810352,-0.0525272749,0.0163722429,-0.0856715441
0.0665831193,-0.0898153484,0.104786046,-0.147016957
0.147351101,-0.107966952,0.235486925,-0.177219346
0.228932366,-0.0852690935,0.362576306,-0.142335564
0.293014973,-0.0185329765,0.459111512,-0.0379498824
0.330871344,0.0710827857,0.511608422,0.0991689116
0.340875715,0.145483479,0.52147454,0.212867573
0.323697448,0.16756089,0.500134468,0.250138253
0.279571772,0.120767489,0.445703328,0.187339172
0.209854946,0.0198642928,0.347412407,0.0332990959
0.121440485,-0.0936229974,0.206196919,-0.154787183
0.029968828,-0.169986621,0.0502351932,-0.280655354
-0.0420914292,-0.175270081,-0.0707971677,-0.291013986
-0.0733923391,-0.108666696,-0.126896396,-0.184040591
-0.0544390492,-0.004340983,-0.097363241,-0.0113456761
0.00484271161,0.0838145986,0.00317025301,0.139832288
0.0760220885,0.107503474,0.126841024,0.180365041
0.122892104,0.04735066,0.207606077,0.0826600865
0.117974512,-0.0769926682,0.199319243,-0.124205038
0.0569708794,-0.214834005,0.0960731506,-0.346161038
-0.0365784205,-0.306732357,-0.0580970608,-0.48178634
-0.119878501,-0.310652494,-0.19060871,-0.483303338
-0.149652913,-0.220026299,-0.245997041,-0.354393244
-0.102630712,-0.0659431815,-0.180873811,-0.112948552
0.0121504487,0.096722126,0.0117790112,0.15795958
0.15560703,0.21223256,0.244956017,0.338181168
0.274954528,0.245495126,0.421687305,0.373722404
0.326802611,0.193281442,0.500475645,0.290727556
0.296269655,0.0817188323,0.472327203,0.128186718
0.203176796,-0.0470706597,0.337743282,-0.0773664489
0.0925085694,-0.152127534,0.155780196,-0.251980066
0.0137752192,-0.207152143,0.0206831228,-0.338951111
-0.000964490522,-0.205864817,-0.00963257998,-0.335338265
0.0496949144,-0.159134611,0.0721498504,-0.265556842
0.137733907,-0.0872366801,0.218680263,-0.148254484
0.220053926,-0.0116647389,0.353678137,-0.0236360915
0.258603394,0.0503622405,0.414622545,0.0729566738
0.236708432,0.0879517868,0.383768708,0.135105431
0.164452314,0.0963217393,0.275626361,0.151974306
0.0715865344,0.0759845525,0.125086755,0.125892311
-0.00760346139,0.0321816914,-0.00779755041,0.0566096194
-0.0496876091,-0.0257776193,-0.0824626461,-0.0379789695
-0.0505840443,-0.0861556903,-0.086674206,-0.140437543
-0.0240191165,-0.137734905,-0.0445659831,-0.224429324
0.008022191,-0.173207968,0.00889939815,-0.283100605
0.0271570142,-0.19126448,0.0405342691,-0.313097835
0.0265802667,-0.195882186,0.0402038991,-0.321033865
0.0116243819,-0.192775488,0.0172012784,-0.317469239
-0.00639585638,-0.184787974,-0.0130503401,-0.303671688
-0.0188297872,-0.169046968,-0.0350956693,-0.278909385
-0.0255639553,-0.138088748,-0.046442084,-0.229989469
-0.0347058959,-0.0850287676,-0.0610415153,-0.145059898
-0.0563109294,-0.0102885431,-0.0954963118,-0.021146372
-0.0938567817,0.074086532,-0.156155869,0.120943867
-0.138632014,0.145823702,-0.222944841,0.237580627
-0.170872614,0.180125982,-0.27094385,0.29278785
-0.168001503,0.160797313,-0.268338472,0.26693213
-0.116439626,0.0895316377,-0.192229971,0.156499401
-0.0211439505,-0.0117174266,-0.0377380475,-0.0108442446
0.0924530774,-0.107464463,0.147118837,-0.172433689
0.186171383,-0.162339941,0.293491334,-0.263618678
0.223982722,-0.155827016,0.353825748,-0.25718075
0.187853947,-0.0912481695,0.306997091,-0.158521011
0.0872628614,0.00550999772,0.149693772,-0.000405276922
-0.0425530188,0.0973577276,-0.0645265281,0.156633705
-0.153718948,0.15244846,-0.244355023,0.248306796
-0.205091909,0.158128411,-0.324712574,0.258874804
-0.179560289,0.125812158,-0.291836172,0.212025002
-0.0914365947,0.084405981,-0.155560166,0.146531269
0.0197435003,0.0653212443,0.0280811023,0.11267139
0.106613919,0.0861657783,0.175208151,0.140813813
0.134900481,0.140910342,0.222256392,0.224381417
0.0983221605,0.201340139,0.167275563,0.319876492
0.0204815902,0.229328603,0.0418459065,0.367648393
-0.057246469,0.194410563,-0.0838900506,0.321231276
-0.0961271152,0.0886584222,-0.15385291,0.155204982
-0.0789274052,-0.0678954199,-0.131825492,-0.102551796
-0.0179308187,-0.23373583,-0.0338683128,-0.369772315
0.0520082489,-0.361360282,0.0709289983,-0.548782229
0.0920582041,-0.415037662,0.127505898,-0.615544438
0.0803267285,-0.383364618,0.114777744,-0.58083272
0.0242878012,-0.28178072,0.032533206,-0.454603314
-0.042090755,-0.144802213,-0.0738288239,-0.246365145
-0.0756491199,-0.0121014034,-0.128880516,-0.0239830073
-0.0473341644,0.0852643624,-0.0820581168,0.14296937
0.040460147,0.132995054,0.0633857176,0.22272554
0.151936427,0.133765161,0.246977925,0.219216645
0.23320663,0.101057552,0.376366407,0.161257938
0.23790662,0.0507757105,0.38813436,0.0779494196
0.150527075,-0.00493203849,0.25753209,-0.0101418458
-0.0044587655,-0.0591655672,0.00201450894,-0.101522893
-0.172752425,-0.107592732,-0.276757509,-0.17354244
-0.295081019,-0.144461662,-0.458991826,-0.21942462
-0.334576011,-0.160693347,-0.513097882,-0.238010511
-0.29302761,-0.145952538,-0.461796135,-0.221369401
-0.207879469,-0.0939939618,-0.34373486,-0.148850322
-0.131623566,-0.00834307354,-0.224456906,-0.0134674516
-0.104293942,0.0952486321,-0.172572508,0.154345393
-0.133311555,0.191751853,-0.210461482,0.30813542
-0.191071555,0.254698396,-0.290988863,0.39967531
-0.231344193,0.265792608,-0.349115521,0.413563013
-0.21564573,0.222027868,-0.33433494,0.357512295
-0.135461181,0.136985451,-0.222488865,0.234227777
-0.0183892678,0.0355940461,-0.0347850733,0.0682998374
0.0851864889,-0.0553857796,0.139744118,-0.0894132331
0.127929285,-0.116990678,0.209121153,-0.194855168
0.0902242661,-0.143732309,0.148148313,-0.240231633
-0.00938871037,-0.143252254,-0.012476394,-0.240555137
-0.12356735,-0.130732864,-0.199659884,-0.216472715
-0.200352624,-0.121125445,-0.324570417,-0.193008915
-0.20939824,-0.122900128,-0.341916174,-0.192935422
-0.156455979,-0.135834992,-0.260593057,-0.214970157
-0.0786790848,-0.153097391,-0.136692509,-0.247547761
-0.023566952,-0.16577749,-0.0428076573,-0.271879971
-0.0230248272,-0.167172819,-0.0394823588,-0.275404274
-0.0764296576,-0.154807642,-0.124635331,-0.256332129
-0.151547581,-0.12984404,-0.246281058,-0.212387055
-0.202441797,-0.0951325223,-0.330248177,-0.15432474
-0.194428757,-0.0537214763,-0.321499795,-0.085909307
-0.122568764,-0.00892561581,-0.210678831,-0.0116778258
-0.0139503768,0.0344043225,-0.0286863763,0.0593983941
0.0870270059,0.068953909,0.141625747,0.113391533
0.141997784,0.0859617293,0.23505488,0.13929227
0.137815401,0.0785745978,0.233825043,0.128043666
0.091435872,0.0461562052,0.158160985,0.0755857602
0.038456928,-0.00303648552,0.0683097839,-0.00531945191
0.0122625325,-0.0531013682,0.0191733595,-0.0884469077
0.0256488677,-0.0860942975,0.0387785174,-0.142755985
0.0650431663,-0.0898880661,0.104041934,-0.151774392
0.100097202,-0.0644336194,0.163007006,-0.11076352
0.102730155,-0.0227655638,0.169701576,-0.0425057709
0.0644883588,0.0145798987,0.10930074,0.0200179592
0.00223125773,0.029644968,0.00812722556,0.0471482314
-0.0510941558,0.0168095734,-0.0824597925,0.0296023618
-0.0653207228,-0.0130190635,-0.109630391,-0.0181030054
-0.0308290701,-0.0366671793,-0.0542221814,-0.058808323
0.0349266715,-0.0301053729,0.0541445911,-0.0506433807
0.0959945098,0.0182144586,0.157283083,0.0261029452
0.117040753,0.0988708436,0.19405885,0.156523213
0.0825861022,0.182757914,0.139451832,0.291074008
0.00585975964,0.232510671,0.0185954943,0.3726013
-0.0775526762,0.219332218,-0.116566956,0.35772267
-0.127852097,0.137419134,-0.203042477,0.233218729
-0.121285416,0.00883793645,-0.20032534,0.0260789562
-0.061929889,-0.124050632,-0.106431551,-0.196169168
0.0208161883,-0.215658709,0.0262687337,-0.34820354
0.0871573761,-0.236139923,0.133264661,-0.382676601
0.106006563,-0.183599517,0.167837754,-0.305041403
0.0683931634,-0.0839710534,0.112581849,-0.14904587
-0.0110021532,0.0212322604,-0.0160431452,0.0276886597
-0.103636339,0.0934109017,-0.165594071,0.153771475
-0.181787357,0.112933256,-0.290162116,0.186773762
-0.229849398,0.0854663998,-0.366857976,0.144994348
-0.246865377,0.0361541025,-0.395790935,0.0668331832
-0.240585223,-0.00490990235,-0.389495105,-0.00117123756
-0.218285531,-0.018448364,-0.354889452,-0.0263290182
-0.180955127,-0.00527935103,-0.300122976,-0.00547689898
-0.124628544,0.0151325734,-0.21115607,0.0287435725
-0.0475564674,0.0156976972,-0.0830766335,0.0304427985
0.0422278531,-0.0234616809,0.069536455,-0.0354764611
0.124966659,-0.103728421,0.204816237,-0.167484865
0.175516307,-0.205627218,0.278438687,-0.326827705
0.175339848,-0.296284646,0.268480539,-0.459651798
0.123552583,-0.342982024,0.187312886,-0.526521862
0.0402529277,-0.326478124,0.0598832555,-0.512650609
-0.0407184847,-0.24830249,-0.0680596232,-0.404819071
-0.086612381,-0.129352137,-0.148580551,-0.218111292
-0.0807946771,-0.00116146239,-0.140012726,-0.00617974158
-0.0301391277,0.105806932,-0.0538961217,0.175274566
0.039118994,0.171830207,0.0640477166,0.281423122
0.0948689356,0.192160904,0.156735569,0.313313961
0.114841342,0.175279185,0.19132781,0.285452694
0.0964445025,0.137152612,0.16522631,0.224528521
0.0560053736,0.0946230516,0.0995076224,0.156265423
0.0185222104,0.0605232231,0.0341471732,0.102256887
0.00399522483,0.0415930077,0.00655152882,0.07057634
0.0177950375,0.0387282148,0.0281341635,0.0645348206
0.0497502387,0.0483446009,0.0815631524,0.0814903006
0.0814627334,0.063853249,0.135749981,0.104632676
0.0968567282,0.076992169,0.162251562,0.125174806
0.0896723717,0.0793690011,0.152244076,0.130057231
0.0640824586,0.0645751581,0.110102914,0.107948512
0.0291536432,0.0306544397,0.0512311086,0.051995378
-0.00836467929,-0.0179967433,-0.0114549519,-0.0283903889
-0.0477404334,-0.0704849064,-0.0790204629,-0.114713289
-0.0919623598,-0.111738905,-0.15258792,-0.184445694
-0.141270742,-0.12694253,-0.231076658,-0.206543654
-0.18746601,-0.106635697,-0.306879371,-0.172028914
-0.213820398,-0.0505183525,-0.349114418,-0.0805030465
-0.201993048,0.0316379443,-0.333297491,0.0528378859
-0.142677963,0.122448198,-0.237304837,0.201258048
-0.0437286124,0.201884881,-0.0736145899,0.329913586
0.0697716251,0.252970427,0.112453327,0.405066639
0.16476509,0.266254663,0.258780926,0.41536808
0.214645684,0.241764829,0.340762854,0.375247568
0.211321384,0.188142344,0.342857391,0.297081769
0.168209583,0.119619705,0.281662554,0.193148538
0.112252094,0.0519956648,0.191885397,0.0850349367
0.0691720024,-0.00123129762,0.116891921,-0.00187455781
0.0501429178,-0.0317348391,0.0832568035,-0.0537131131
0.0474029779,-0.0377959982,0.078292273,-0.0649090335
0.0413191132,-0.0241631251,0.0688248128,-0.043255236
0.0147632081,-0.000411741086,0.0252681524,-0.00382234878
-0.0337731019,0.0218944252,-0.0532291606,0.0344292112
-0.0864504203,0.0326376185,-0.142095819,0.0562088527
-0.114611179,0.026264919,-0.18973048,0.0464144796
-0.0952584967,0.00356578035,-0.160728559,0.0115469247
-0.0261846539,-0.028650932,-0.0468217134,-0.0427986905
0.069353573,-0.0600614026,0.109517127,-0.0984436199
0.152015492,-0.0807183832,0.244670674,-0.13490428
0.185552597,-0.084851943,0.30119136,-0.142559707
0.155701265,-0.0729852691,0.257697344,-0.126812384
0.0783419386,-0.0513692945,0.133664533,-0.0905490741
-0.0080275517,-0.028858874,-0.0115052359,-0.0513140783
-0.0619787164,-0.0125182606,-0.103839092,-0.0214144997
-0.0606733859,-0.00391433761,-0.103288777,-0.00352908554
-0.011619553,0.00211754465,-0.0236186422,0.00460534031
0.0518344678,0.0154450685,0.0843750536,0.0258156061
0.0889739171,0.0459761359,0.147269949,0.0734072104
0.0741859749,0.0982278287,0.126260325,0.157854483
0.0111461831,0.167502657,0.0241053514,0.270676821
-0.0691286176,0.239573836,-0.10528639,0.382435977
-0.125413731,0.29447034,-0.190181404,0.461117536
-0.129278228,0.313296169,-0.195984691,0.48951295
-0.0813046694,0.285664201,-0.124849543,0.455520958
-0.0114621911,0.214832261,-0.0166321397,0.355398893
0.0368446186,0.118253715,0.0656088963,0.201710254
0.030603746,0.0228444375,0.055482056,0.0411397703
-0.0339395776,-0.0437191427,-0.0523202717,-0.0715443492
-0.127683237,-0.0626716167,-0.20919171,-0.104914263
-0.202534318,-0.0311536565,-0.330368996,-0.0513648801
-0.215656474,0.0363530219,-0.354230493,0.0604443364
-0.151530147,0.113023147,-0.253401786,0.186720654
-0.030459905,0.169439167,-0.0541436076,0.279475629
0.10068921,0.184361577,0.162857801,0.3028754
0.190554306,0.152171031,0.310235888,0.244388789
0.206822082,0.0838798806,0.340165406,0.133940443
0.149678558,0.00131980784,0.254785597,0.00061180722
0.0492670424,-0.0728407651,0.0873511657,-0.123362966
-0.0503660254,-0.124624223,-0.0813823789,-0.206275165
-0.111833617,-0.153327912,-0.185606271,-0.249690875
-0.119100317,-0.169018507,-0.200116232,-0.272599369
-0.0800384209,-0.18433091,-0.137719318,-0.297091454
-0.017548807,-0.204996362,-0.0356207006,-0.330046743
0.0442305095,-0.224435136,0.0641551986,-0.361568302
0.0904980972,-0.2258894,0.14021948,-0.367562443
0.118117176,-0.191683859,0.186137959,-0.315443069
0.130279019,-0.115172915,0.209602118,-0.195643201
0.128715858,-0.00890436303,0.21155946,-0.0237161014
0.109647177,0.0962191448,0.182937264,0.153003439
0.0665878356,0.161812931,0.116622746,0.262116581
-0.00186190638,0.158760011,0.00450536795,0.26236096
-0.0848825723,0.0821263641,-0.133367673,0.142515972
-0.158722803,-0.0433851629,-0.256639689,-0.0626380667
-0.194516122,-0.171084464,-0.313239992,-0.265530229
-0.171454653,-0.250549048,-0.277355731,-0.388464391
-0.0884223953,-0.248668909,-0.152341321,-0.394621223
0.0326614045,-0.163905859,0.0413609296,-0.274834305
0.154440477,-0.0270458348,0.245000333,-0.0516783744
0.239491746,0.112055227,0.380447447,0.17033878
0.266015857,0.205642834,0.41838026,0.312062025
0.236081868,0.227374122,0.373951346,0.351120919
0.172520891,0.181056038,0.285253108,0.290341198
0.106477216,0.0953910574,0.182855994,0.161145985
0.0623444617,0.00814129412,0.108160757,0.0154632758
0.0478059053,-0.0519563928,0.0777057782,-0.0859604552
0.0535404272,-0.0766177773,0.0866374969,-0.128762379
0.0617269129,-0.0778042451,0.100848019,-0.132265553
0.0578467958,-0.0771604329,0.0959858894,-0.131050497
0.038950555,-0.0916226804,0.06589818,-0.152769402
0.0140802627,-0.123257369,0.0225282274,-0.204123884
-0.00269677234,-0.158557624,-0.00764145097,-0.260329217
-0.00199132971,-0.176941559,-0.00654529314,-0.291412354
0.014404363,-0.163137317,0.0171922743,-0.270573527
0.0339502729,-0.116256468,0.0519758686,-0.196490958
0.0402317196,-0.0505565591,0.065754205,-0.0899426043
0.0220568087,0.0122047663,0.0372653119,0.0171799194
-0.0205085129,0.0541659221,-0.0302732121,0.0890410617
-0.0763928667,0.0699210837,-0.123478733,0.117797278
-0.129462048,0.0675615296,-0.20953232,0.114234187
-0.16632092,0.0620466657,-0.269539833,0.105025664
-0.181393251,0.0652168021,-0.297293633,0.109557897
-0.00981980469,0.034369316,-0.028588444,0.0671751946
-0.10300789,0.0727517977,-0.158250123,0.111986682
-0.159032702,0.0890436172,-0.258240581,0.148908868
-0.16296272,0.0850675479,-0.266637087,0.144289806
-0.120121755,0.0702429563,-0.200613528,0.122320376
-0.0518988445,0.0544091538,-0.0903238803,0.0951213539
0.0148497708,0.0416284837,0.0235343818,0.0703362674
0.0592992455,0.0282129701,0.0997051075,0.0467109755
0.073712036,0.00592106907,0.125580728,0.00957852509
0.0634818077,-0.0315017626,0.107746989,-0.0518636629
0.0413654894,-0.0821458921,0.0704386085,-0.136680946
0.0198453646,-0.13383688,0.0322791412,-0.22169067
0.0059299795,-0.167860284,0.00798763148,-0.276599824
0.000701621932,-0.167226359,-0.00262089376,-0.275908709
0.00283831381,-0.125594243,-3.80750134e-05,-0.211224154
0.01298685,-0.0522113554,0.0165776834,-0.0922111645
0.03554805,0.0301631652,0.0572412983,0.0477545746
0.0762572959,0.0940466747,0.123871811,0.154221058
0.13677761,0.118974797,0.223245621,0.194519266
0.209682256,0.100656182,0.339617878,0.162291408
0.277402878,0.0529344194,0.440006495,0.0833407789
0.316789806,0.00129982608,0.49491483,-0.00236072903
0.307911634,-0.0291323774,0.484089971,-0.0520212278
0.243259043,-0.0253802836,0.394141912,-0.0486845188
0.132964224,0.00773278996,0.225721896,0.00437832344
0.00331345689,0.0508432165,0.0116225956,0.0799705386
-0.111148037,0.0805601478,-0.178678095,0.133464769
-0.178786993,0.0817576721,-0.289688408,0.13727966
-0.180924952,0.0551782884,-0.294929326,0.0968406424
-0.117128477,0.0162871052,-0.197837159,0.0342495032
-0.00437148241,-0.0140443845,-0.0136602763,-0.0181202162
0.128831059,-0.0219909567,0.208504125,-0.0369927026
0.250687867,-0.00946663693,0.398886293,-0.0191056877
0.334058434,0.00600736402,0.51655525,0.00216636574
0.362255663,0.000659742567,0.55568552,-0.00601842534
0.332095385,-0.0416230895,0.517526031,-0.068556428
0.254215479,-0.118257515,0.408534229,-0.189844683
0.150715917,-0.206048518,0.245175391,-0.331745118
0.0500553325,-0.270069927,0.0792422742,-0.430295408
-0.0204768442,-0.279343694,-0.0370519608,-0.446116239
-0.0432953276,-0.221586391,-0.0766528398,-0.362821549
-0.0173335336,-0.109538168,-0.0373597965,-0.186162055
0.0401013307,0.0244166274,0.0610578023,0.0358528048
0.0985344872,0.142642692,0.161309078,0.231292456
0.125907972,0.218355551,0.205358401,0.347226143
0.102537006,0.245362535,0.171269074,0.388938576
0.0313510038,0.236888498,0.0610313825,0.380500376
-0.0610173382,0.214840502,-0.0894631222,0.348723561
-0.134120971,0.195964277,-0.210271791,0.318884194
-0.151225686,0.182838544,-0.2415272,0.29954654
-0.0969219878,0.164704993,-0.160632312,0.275859922
0.013635572,0.127356842,0.0208256003,0.216989622
0.139035925,0.0659258142,0.226134896,0.112186261
0.228428796,-0.00751658157,0.369961113,-0.0120434277
0.243612856,-0.0668931529,0.393458426,-0.110787325
0.176152214,-0.0849397406,0.290756464,-0.144640177
0.0512270853,-0.0492777489,0.0908206478,-0.0919847563
-0.0838883221,0.0274376161,-0.136288688,0.0396651737
-0.181362092,0.109947816,-0.29234764,0.178937152
-0.214010954,0.155576751,-0.340222329,0.254438251
-0.185946152,0.135283053,-0.301397175,0.227483824
-0.127694681,0.0498938821,-0.211487889,0.0926342085
-0.078632243,-0.0674347803,-0.129806712,-0.105138816
-0.0659194887,-0.164866731,-0.108359315,-0.26791057
-0.0907609314,-0.195758104,-0.148996547,-0.319268048
-0.128866851,-0.141323209,-0.214039147,-0.235334292
-0.144554168,-0.0207943898,-0.241545364,-0.0392761827
-0.110867664,0.116305791,-0.188337862,0.190326855
-0.0251092967,0.212370336,-0.0424586236,0.346220702
0.0882626623,0.227777511,0.142625153,0.370412558
0.188703567,0.158286482,0.307668656,0.258017808
0.238729924,0.0355742574,0.390144616,0.0582341738
0.221294805,-0.0888706893,0.362156779,-0.142631203
0.146831334,-0.168136954,0.240354329,-0.275418699
0.0470762141,-0.180434078,0.077506654,-0.301456213
-0.0403403193,-0.136095703,-0.0686775371,-0.229795381
-0.0881753638,-0.0685651749,-0.151037812,-0.115995906
-0.08868929,-0.0150505025,-0.151448429,-0.0249223392
-0.0521326177,0.00258481409,-0.0890935883,0.00833681971
0.00281270361,-0.0130715379,0.00226194272,-0.0175890103
0.0599938408,-0.0398115739,0.0988891274,-0.0663990006
0.111610152,-0.050915651,0.182932451,-0.0862197652
0.156323344,-0.0316080078,0.25518471,-0.056238465
0.192350239,0.0123063084,0.313794672,0.0144911716
0.211549059,0.058058355,0.343817651,0.0882644579
0.199826732,0.0792645067,0.327367336,0.12422052
0.144907013,0.0611636415,0.244908467,0.0986682698
0.047221683,0.00907398574,0.0864016712,0.0145310219
-0.0732687712,-0.0545883663,-0.115320168,-0.0892852396
-0.180120513,-0.102864563,-0.290951341,-0.164144665
-0.233867601,-0.119144015,-0.377036601,-0.187922135
-0.210215867,-0.105901718,-0.345487148,-0.166243568
-0.113697045,-0.082318671,-0.196268991,-0.131891176
0.0211137868,-0.0721343458,0.0262761116,-0.11832609
0.142777652,-0.0886517391,0.229714215,-0.145071775
0.205051929,-0.1255382,0.328856736,-0.204481572
0.187343106,-0.158957362,0.303769112,-0.260316372
0.103429295,-0.160310373,0.171321616,-0.268448383
-0.00596353924,-0.112883255,-0.00810228568,-0.195425078
-0.0930114537,-0.0232858583,-0.155104071,-0.0447873771
-0.125071302,0.0789027065,-0.208016947,0.129468441
-0.0983220413,0.153707072,-0.163199037,0.25460887
-0.0364016406,0.169462711,-0.0605704784,0.284225851
0.0243990514,0.118202969,0.0440756567,0.201960549
0.0549361333,0.0198610332,0.0957992747,0.0391435884
0.0473693237,-0.086859256,0.0824661404,-0.142362535
0.0166128185,-0.16226092,0.0270951986,-0.267433226
-0.0107422061,-0.183059677,-0.0215352327,-0.301672071
-0.0130117657,-0.150805131,-0.0271833763,-0.25068289
0.0142000457,-0.087582998,0.0173247196,-0.148791969
0.0566879138,-0.0219755489,0.0921612233,-0.0386851653
0.0916241631,0.0267676506,0.150397763,0.0428656489
0.102462508,0.0577625521,0.170818955,0.0918496773
0.089618437,0.0861068144,0.151185721,0.138252109
0.0703639835,0.130835414,0.119273752,0.212953761
0.0678087324,0.200308457,0.111470751,0.320945948
0.0954006836,0.283560604,0.153562561,0.442371577
0.146264523,0.352921426,0.224589571,0.531278551
0.194180727,0.377070457,0.292434573,0.554476082
0.206451401,0.337903887,0.316698015,0.506706476
0.161984175,0.242253229,0.265951037,0.382384449
0.0645980611,0.12187437,0.118993372,0.203289911
-0.0562091582,0.021012079,-0.0867438987,0.0362158567
-0.15812701,-0.0228038076,-0.258166343,-0.0357480869
-0.206166461,0.00446884008,-0.337240458,0.00882797968
-0.189572722,0.0871596485,-0.312689483,0.140884221
-0.126565024,0.187186465,-0.20921658,0.304153472
-0.0543676428,0.261284232,-0.0849315822,0.417676896
-0.00981980469,0.27986443,-0.00856835116,0.446833849
-0.0108295931,0.238680884,-0.00958610047,0.38733238
-0.0483756587,0.158274665,-0.0715132132,0.264507651
-0.0929991305,0.0722723529,-0.14911209,0.124683142
-0.111932427,0.0109094102,-0.185714051,0.0222561229
-0.08742024,-0.0119463792,-0.149078101,-0.0174917094
-0.026383901,-0.00228489097,-0.0493963026,-0.00241221325
0.0435185879,0.0208912641,0.069989942,0.0347558558
0.0889428183,0.0383195095,0.148924634,0.0618802235
0.0886280462,0.0419660434,0.150832653,0.0686879307
0.0442937091,0.0391389579,0.0791369006,0.0632870868
-0.0209234413,0.0472756699,-0.030836409,0.0775924921
-0.0751928166,0.0824693218,-0.124582119,0.135041475
-0.0946427435,0.148073539,-0.154718786,0.241895065
-0.0749190375,0.229642466,-0.120975956,0.368450582
-0.0317922793,0.299163163,-0.0475730114,0.47070232
0.00884164032,0.326776057,0.0187044181,0.510462821
0.0255033951,0.294389278,0.0482493863,0.468301415
0.0120292613,0.204638556,0.0285982769,0.337855577
-0.0208708458,0.0809158087,-0.0280307736,0.141902402
-0.0535811298,-0.0415260233,-0.0878813416,-0.0640763864
-0.06991864,-0.129242957,-0.118885309,-0.210173026
-0.066499345,-0.162881538,-0.114869632,-0.268329173
-0.0538486242,-0.142880827,-0.093829982,-0.237373203
-0.0489534922,-0.0867269859,-0.085489884,-0.146821678
-0.0639268383,-0.019836951,-0.107770696,-0.0349956974
-0.0975938365,0.0352058858,-0.160548151,0.0579699725
-0.134986103,0.0661528036,-0.220873624,0.110392004
-0.155086666,0.0725678802,-0.254371971,0.123204753
-0.14241986,0.0617640465,-0.234627753,0.107708618
-0.0959217548,0.0423172116,-0.160871103,0.0758470297
-0.0301202834,0.0190543905,-0.0522054695,0.0345291607
0.0319876261,-0.0079100728,0.0527322777,-0.0108999116
0.0703687146,-0.0400886834,0.116744824,-0.0665595606
0.077434428,-0.075874649,0.129425213,-0.12733984
0.0605750047,-0.107472196,0.100715324,-0.179788634
0.036732994,-0.12188974,0.0592079461,-0.203823626
0.0223903637,-0.106082745,0.034359511,-0.178940415
0.0246858988,-0.0539195351,0.0373118296,-0.0934756771
0.0384602211,0.0286113881,0.0612050109,0.042326577
0.0504981428,0.12296202,0.0823280364,0.198607534
0.0481817238,0.203224823,0.0814987049,0.327618897
0.0274615604,0.245175809,0.0514947623,0.394063771
-0.00430826377,0.235458612,-0.000221559516,0.381837696
-0.032054849,0.176975891,-0.0456839725,0.295100272
-0.0409096144,0.0881062299,-0.0648134202,0.153176725
-0.0238976683,-0.00402267138,-0.0393100791,-0.000572436489
0.0146791916,-0.0734878778,0.0209043641,-0.119685628
0.0616503246,-0.10476312,0.0978887081,-0.17510888
0.101480171,-0.0976004377,0.164738193,-0.165923536
0.123207375,-0.0659303591,0.200902343,-0.113335967
0.124374703,-0.0315469205,0.205076203,-0.0573800057
0.110548198,-0.0152987204,0.184724838,-0.028014414
0.0915281177,-0.0292332955,0.154088587,-0.0493018329
0.076831229,-0.0724792555,0.129043087,-0.11867667
0.0727619454,-0.132018045,0.119058803,-0.216384649
0.0818149298,-0.18764323,0.129749507,-0.30613634
0.103471361,-0.219047934,0.161718577,-0.354218215
0.13481915,-0.212525234,0.208191231,-0.34446615
0.170188501,-0.165207371,0.268358529,-0.273199111
0.200475648,-0.0857862607,0.320715815,-0.148325145
0.213815391,0.00818412378,0.346318364,0.00395232299
0.198848724,0.0953630283,0.325147271,0.145903289
0.150079682,0.156504363,0.249197587,0.248275325
0.0728061348,0.179488108,0.125895321,0.290960848
-0.0157015007,0.162156746,-0.0178558938,0.26751256
-0.0908411816,0.112235218,-0.144059956,0.190655917
-0.130247161,0.0444337688,-0.212616295,0.0792105794
-0.124278843,-0.0243251454,-0.208053485,-0.0334430002
-0.0820511952,-0.0799957365,-0.140603915,-0.127952576
-0.0291097723,-0.115108132,-0.0520264916,-0.189959556
0.00324421981,-0.129839584,0.00201193313,-0.215316206
-0.00745271752,-0.130205393,-0.0139558399,-0.216742113
-0.0632929727,-0.124271907,-0.102683827,-0.207031846
-0.143588662,-0.118121713,-0.233449161,-0.194365442
-0.213472858,-0.113387421,-0.344738245,-0.179841384
-0.239942014,-0.107410625,-0.386033505,-0.167525098
-0.207832515,-0.0957862809,-0.343014598,-0.150344819
-0.127929226,-0.0758339241,-0.218620807,-0.120973498
-0.0330386423,-0.0490280204,-0.061914444,-0.0811794177
0.0363346078,-0.0209333468,0.0584965348,-0.036609415
0.0500075743,0.00147731532,0.0847643688,-0.000293554825
0.00137380266,0.0137571273,0.00720538618,0.0201309863
-0.0901686475,0.0169600658,-0.146876588,0.0280144885
-0.188385248,0.0177617073,-0.3035115,0.0297525842
-0.256257981,0.0252351016,-0.409575939,0.0435617194
-0.271253645,0.045612216,-0.433390677,0.0781681016
-0.233024403,0.0776451007,-0.376220465,0.128317848
-0.160812095,0.11118412,-0.264626831,0.186552778
-0.0828294307,0.130198449,-0.137677163,0.218617201
-0.0233177301,0.119297519,-0.0373138376,0.201733619
0.00667885318,0.0709459931,0.0155088278,0.120857343
0.0113376211,-0.010015781,0.0216444824,-0.0124869486
0.00521930447,-0.106855057,0.00827846117,-0.174886808
0.00494249072,-0.19647406,0.00535194902,-0.316933542
0.021631062,-0.25765872,0.0292289928,-0.4094899
0.0570957661,-0.278448671,0.0829236209,-0.442230284
0.104338661,-0.259483188,0.156921819,-0.415801734
0.150988609,-0.212139383,0.233449459,-0.344589442
0.183613181,-0.152747035,0.291034281,-0.250777692
0.191447333,-0.0958934203,0.30842942,-0.162400573
0.169105157,-0.0499690138,0.278676003,-0.0869453847
0.118388325,-0.0166486911,0.197704628,-0.0321405828
0.0490487143,0.00621552998,0.0864546821,0.0073200725
-0.0222418662,0.0205786638,-0.0338545889,0.0326905251
-0.0755639672,0.0257290471,-0.123530492,0.0441995785
-0.093975544,0.0188597869,-0.155661851,0.0342257842
-0.0705093071,-0.00180514762,-0.120124586,0.00138625549
-0.0127809895,-0.0334824696,-0.0242718123,-0.0533480346
0.0578366034,-0.0674165115,0.0919695571,-0.110929906
0.113446668,-0.0909470767,0.184438959,-0.152660415
0.130978033,-0.0924034193,0.214199618,-0.15674907
0.102639198,-0.066438742,0.172325999,-0.117846973
0.0400503911,-0.0169881266,0.0688662231,-0.0335840024
-0.0307953712,0.0438161492,-0.050201159,0.0698365718
-0.082021229,0.100322418,-0.135152057,0.164478034
-0.0978523865,0.139282122,-0.15927799,0.230283737
-0.0827146322,0.154063672,-0.1355436,0.255408674
-0.0585877039,0.145247549,-0.0947596654,0.242338628
-0.0522668101,0.117795736,-0.082309708,0.199289203
-0.0788946748,0.0769382343,-0.125289991,0.130627155
-0.130843371,0.0255689062,-0.211878777,0.0459192544
-0.178923905,-0.0351223499,-0.292337596,-0.0508306623
-0.186684966,-0.102242686,-0.305666625,-0.159050092
-0.131292313,-0.167500615,-0.220331565,-0.266117811
-0.0200783536,-0.216304526,-0.0425792299,-0.346511066
0.107004605,-0.231416345,0.159772947,-0.370585322
0.192233935,-0.200292811,0.298710644,-0.324261755
0.186576292,-0.122747563,0.301833272,-0.209798157
0.0753857344,-0.0146825826,0.131496951,-0.0348130092
-0.109797351,0.0949449241,-0.172727183,0.149007767
-0.300533116,0.173586428,-0.454283148,0.269220889
-0.419034004,0.197316423,-0.597872734,0.291891664
-0.411992699,0.16037342,-0.599424124,0.245261461
-0.275045931,0.0774982721,-0.441070676,0.136632904
-0.0561310798,-0.0222393963,-0.10354732,-0.0249437317
0.164289594,-0.107439399,0.258557558,-0.170706853
0.307307661,-0.156742245,0.469531834,-0.247981876
0.328436315,-0.166008025,0.501261413,-0.262106866
0.234493867,-0.147345677,0.37617597,-0.242214605
0.0774653926,-0.121036135,0.133790538,-0.207591116
-0.0708320364,-0.104747012,-0.112429522,-0.175474659
-0.150788844,-0.105461158,-0.247384518,-0.17032963
-0.138878033,-0.117795125,-0.233552039,-0.187212721
-0.0532704554,-0.128875643,-0.097942628,-0.209736377
0.0596604981,-0.126573339,0.0906609893,-0.210061908
0.149815589,-0.106423035,0.239461765,-0.177265018
0.186315447,-0.0736654401,0.30295378,-0.125868157
0.16840294,-0.0397891179,0.278409392,-0.0715424046
0.120674849,-0.016023092,0.204340026,-0.0307436176
0.0769751444,-0.00771990046,0.130614147,-0.0133440485
0.0622768626,-0.012719308,0.104383536,-0.0218625721
0.0817102268,-0.024192933,0.134400055,-0.041209504
0.121171832,-0.0357249305,0.198935494,-0.0594782047
0.157548621,-0.045125939,0.258072436,-0.0767062679
0.171965688,-0.0544468872,0.281195462,-0.0929678008
0.158808693,-0.0662564784,0.26140964,-0.111890391
0.12646997,-0.0788716674,0.208775893,-0.133479312
0.0906914398,-0.0842196569,0.149967596,-0.142249793
0.0652001724,-0.0706322789,0.107954904,-0.121130601
0.0551218353,-0.0298125837,0.0888188705,-0.0530640297
0.0563358851,0.0357640348,0.093032673,0.0556167401
0.0601495057,0.109784387,0.100966036,0.178680032
0.0597078055,0.16636996,0.100879528,0.271479428
0.0540228821,0.180846974,0.0930626914,0.296163827
0.0474529415,0.142269105,0.0835579708,0.236863866
0.0455112867,0.0612188727,0.0793766677,0.106287286
0.050121814,-0.0319291428,0.0848385617,-0.0504055843
0.0575751401,-0.0986335129,0.0939916968,-0.16324617
0.0605313256,-0.108945936,0.0967057273,-0.183958769
0.0527424589,-0.0555947646,0.0857819766,-0.0979094431
0.0334133357,0.041663602,0.0551939495,0.0623063184
0.00833700411,0.144063413,0.0156264137,0.234260619
-0.013043684,0.210867763,-0.0163998324,0.343101948
-0.0229545608,0.217523381,-0.0317789465,0.355300814
-0.019787576,0.166291624,-0.0287127104,0.278065979
-0.00902064238,0.0842752531,-0.0128567591,0.145478457
7.19336604e-05,0.00989719853,0.00241390336,0.0188405868
2.51435231e-05,-0.0254685115,0.000664341962,-0.0438140668
-0.0102002984,-0.0117233442,-0.0171465054,-0.0230009388
-0.0243505649,0.0366441905,-0.0403969586,0.0566605851
-0.0323370807,0.0893570781,-0.052754309,0.146822318
-0.0260643642,0.116387874,-0.0432721786,0.193952024
-0.00427784165,0.102910526,-0.00423134957,0.174527153
0.026357064,0.0557149947,0.0456986316,0.0959348306
0.0545531623,-0.00170732138,0.0927578732,-0.00120186084
0.0701667443,-0.0422566645,0.117856771,-0.0701732785
0.0691325814,-0.049246341,0.11474321,-0.0849221721
0.0548161641,-0.0239449702,0.0929171741,-0.0450965874
0.0351715051,0.0170021318,0.0595070831,0.0242766291
0.0175623614,0.0523235463,0.0309604425,0.0862762555
0.00444803061,0.0687136799,0.00968246907,0.115810439
-0.00743712066,0.0681006312,-0.00972659141,0.114494406
-0.0239290688,0.0655348077,-0.0378103703,0.109855168
-0.0482774191,0.0789606795,-0.079069443,0.131392524
-0.0772601143,0.116738036,-0.124174334,0.192401841
-0.101194739,0.170148015,-0.163456663,0.277484298
-0.10821604,0.215491176,-0.171359152,0.34851554
-0.0906201601,0.225169033,-0.142789572,0.367308706
-0.0496991053,0.182153627,-0.0786629021,0.303979397
0.00384858926,0.0902001187,0.00847858563,0.155665323
0.0544590242,-0.0258134287,0.0923734978,-0.0373413973
0.0889318138,-0.129972726,0.146618277,-0.210610673
0.102473125,-0.190971747,0.163549781,-0.312364966
0.100208685,-0.195539758,0.158657208,-0.321017087
0.0932596847,-0.15302524,0.148678243,-0.257668167
0.0915061608,-0.0891056582,0.147755563,-0.152200356
0.0971044004,-0.0321948268,0.160462841,-0.0573533066
0.102556989,0.000225428856,0.170613945,-0.00309364148
0.094730638,0.00832033344,0.158470675,0.0132544953
0.0629302785,0.00653278967,0.108506806,0.00781542063
0.00673841545,0.0124794794,0.014287807,0.0185981821
-0.0608490221,0.0345885865,-0.0992422625,0.0556858368
-0.117238805,0.0655350387,-0.191240236,0.109186187
-0.139731362,0.0852803439,-0.228878245,0.143816382
-0.116378479,0.0722113773,-0.193012074,0.125164196
-0.0529360473,0.0163554847,-0.0890743956,0.0350370631
0.0277217962,-0.0726465508,0.0437873267,-0.116004854
0.0938953832,-0.167497456,0.150689155,-0.272422552
0.117615603,-0.234643668,0.185118064,-0.377047479
0.0860009938,-0.249640256,0.136323988,-0.404265374
0.00646765623,-0.20881702,0.00900187157,-0.346335471
-0.0963979661,-0.131348789,-0.158566296,-0.221638799
-0.190823957,-0.0506249629,-0.310885519,-0.0854884014
-0.250329435,0.000853535312,-0.401413769,0.00504116574
-0.263467401,0.00568162138,-0.420695961,0.0179692209
-0.237028629,-0.031895116,-0.384028614,-0.0427145101
-0.191821828,-0.0898684785,-0.314790308,-0.137027308
-0.153206244,-0.140368029,-0.2519086,-0.224281639
-0.140465617,-0.163342163,-0.230867296,-0.26318413
-0.159220859,-0.155263841,-0.260369658,-0.249857247
-0.199547589,-0.128971055,-0.323076129,-0.206961036
-0.240098804,-0.105394803,-0.386257738,-0.16636169
-0.256333888,-0.101905629,-0.409580022,-0.156691551
-0.229697049,-0.123355843,-0.370875925,-0.189163059
-0.154556826,-0.160094202,-0.257871151,-0.251634717
-0.0407255143,-0.193411693,-0.0751792565,-0.311530352
0.0890622139,-0.205125451,0.133686066,-0.332395762
0.205755115,-0.186225668,0.318831861,-0.30088529
0.282556236,-0.140442625,0.437090635,-0.227606833
0.30283618,-0.081521377,0.472545207,-0.135803595
0.265001893,-0.0262301769,0.425360054,-0.0514913276
0.182837903,0.0130192442,0.304159224,0.0149940802
0.0811900273,0.0323983319,0.140941411,0.0491602644
-0.0116876261,0.036282558,-0.0163234267,0.0602881648
-0.0726963282,0.0333321057,-0.119382933,0.0576925501
-0.0905826762,0.0316481441,-0.15151158,0.0551064499
-0.068557173,0.0355103277,-0.117807828,0.0627191886
-0.0220416635,0.0447607413,-0.0388358049,0.0767659992
0.0275198631,0.056181889,0.0434937887,0.0931555778
0.0604372583,0.0653026327,0.102262095,0.107597433
0.0652646795,0.0674026981,0.111000977,0.110679515
0.0417301916,0.0576565787,0.0718301907,0.0940484926
-0.000692913425,0.0314044505,0.00263896934,0.0525682494
-0.0476305485,-0.0143770641,-0.0775386691,-0.021252552
-0.0858532563,-0.0783480704,-0.141813636,-0.126589552
-0.108017854,-0.152206972,-0.177242711,-0.244664922
-0.114366367,-0.220387444,-0.187396958,-0.349859208
-0.111074269,-0.26357159,-0.181209117,-0.414369881
-0.106376477,-0.265571028,-0.17280972,-0.421155006
-0.106420204,-0.220863551,-0.176707208,-0.357251823
-0.112693295,-0.138924047,-0.189281851,-0.23036091
-0.121980183,-0.0423953235,-0.204644725,-0.0730045214
-0.128571838,0.04106123,-0.213264257,0.0682558194
-0.127471462,0.0900442824,-0.208868787,0.15061605
-0.117006101,0.098556444,-0.190450862,0.166268125
-0.0996598378,0.0782796964,-0.164468423,0.133701697
-0.0808408335,0.0523826666,-0.133503333,0.0901920646
-0.0662462711,0.0435377322,-0.110744633,0.0747133419
-0.0590806045,0.062022239,-0.0993318632,0.103943117
-0.0583924241,0.100078173,-0.0957781374,0.165136129
-0.0592667237,0.135741591,-0.0965064242,0.22357522
-0.0548034348,0.14451088,-0.0874927714,0.240994647
-0.0390745588,0.112989582,-0.0630927607,0.192362562
-0.00986865163,0.0473164208,-0.0149952807,0.0842082277
0.0298729632,-0.0283654612,0.0493515506,-0.0448980629
0.0725143626,-0.0830751806,0.117569663,-0.136454478
0.107952096,-0.0943601951,0.175539836,-0.159556359
0.126840532,-0.059994705,0.207766563,-0.104642123
0.123693883,0.00021669612,0.205163077,-0.00761314714
0.0987976566,0.053782858,0.165132821,0.0850580931
0.0582859926,0.0714976937,0.100901641,0.117410548
0.0123710902,0.0419802666,0.0250191893,0.0707784742
-0.0276804976,-0.0226649996,-0.0441598892,-0.033497829
-0.0528490506,-0.09300033,-0.088053681,-0.149658948
-0.058925502,-0.137054116,-0.100388363,-0.223727107
-0.0476077944,-0.136122227,-0.0833493322,-0.225154892
-0.0258802176,-0.0934386253,-0.0477821119,-0.158142984
-0.00392395537,-0.031369146,-0.00965614058,-0.0564473309
0.00782919489,0.0211544074,0.0142539376,0.0326590873
0.00172855717,0.044118356,0.0054879901,0.0734939277
-0.0247209333,0.0365334749,-0.0394911468,0.0622735396
-0.0677288473,0.0158521589,-0.110798851,0.0276393481
-0.117691122,0.00719885528,-0.192741677,0.0126785329
-0.161325783,0.0284262951,-0.267224342,0.0469252951
-0.185160846,0.0792450309,-0.302616298,0.131280392
-0.179630861,0.140431151,-0.291510582,0.229950681
-0.142652482,0.183616519,-0.229975954,0.300514847
-0.0813994855,0.186394557,-0.132009089,0.309674025
-0.011276342,0.144566312,-0.018294679,0.244572341
0.048133757,0.0748863593,0.0822441205,0.129907086
0.0792571828,0.00680640619,0.133447468,0.0128899179
0.0729141161,-0.0323452838,0.123040356,-0.0566050224
0.0324691646,-0.03080488,0.0555351265,-0.0553499311
-0.0262374915,0.00267583528,-0.0422475487,0.00139391341
-0.0797761232,0.0447817147,-0.131788671,0.0747700408
-0.105529927,0.0709369928,-0.174081475,0.119096726
-0.0906668678,0.0684591606,-0.152065292,0.118444443
-0.0381153896,0.0423094779,-0.066558376,0.0760964006
0.0331926346,0.0104716523,0.052994635,0.0197736267
0.0944571942,-0.00808207877,0.155287072,-0.0148939304
0.117597237,-0.00563767692,0.195238709,-0.0133010494
0.0863829628,0.00914564356,0.146707416,0.0108078606
0.00372098316,0.0165112447,0.00992763601,0.0246784426
-0.107989937,-0.00153352658,-0.174995109,-0.00197432027
-0.213874549,-0.048205331,-0.34458667,-0.0743324161
-0.278506666,-0.106723338,-0.439961523,-0.160675749
-0.278322101,-0.146762297,-0.440563858,-0.222211659
-0.209898457,-0.139958441,-0.34412393,-0.219252795
-0.0911149904,-0.0764552876,-0.162691295,-0.127104029
0.0450315289,0.0267277956,0.0666419417,0.0406146795
0.161443785,0.130867839,0.259270906,0.208485082
0.228644118,0.192593426,0.364571482,0.299612373
0.233133361,0.184666097,0.373554081,0.287700415
0.179900333,0.109900437,0.301919818,0.17800343
0.0889148861,0.000734663452,0.157468617,0.00231849356
-0.0124837076,-0.0958653763,-0.0160750132,-0.158664092
-0.0983092263,-0.140920907,-0.162530556,-0.232020691
-0.150922254,-0.122140206,-0.249331489,-0.20087494
-0.164546296,-0.0593320169,-0.275278807,-0.0967642069
-0.14497295,0.00625337288,-0.243658587,0.0121357962
-0.106269702,0.0332496352,-0.179045931,0.060834527
-0.0658669025,0.00130387302,-0.109739408,0.0089155212
-0.039411895,-0.0787291825,-0.0666148439,-0.126467809
-0.0364957303,-0.170618087,-0.0607228577,-0.275479972
-0.0580445081,-0.231454343,-0.0953304619,-0.371491164
-0.0959220156,-0.233496517,-0.157303691,-0.375035048
-0.13501887,-0.177933142,-0.222304925,-0.290220946
-0.157645226,-0.0936386958,-0.262837976,-0.156412899
-0.149353296,-0.0218176842,-0.248955026,-0.0344008282
-0.104580007,0.00531430822,-0.176709577,0.0140822949
-0.0300966557,-0.0192772225,-0.0535079502,-0.0272751432
0.0554428659,-0.074634634,0.0882046893,-0.119340584
0.126427844,-0.123575002,0.203812689,-0.202600032
0.158579826,-0.132671505,0.256539285,-0.220962271
0.13791278,-0.0899449736,0.226354107,-0.156275615
0.0669447631,-0.0111241061,0.114247978,-0.0260743052
-0.0346331298,0.0686007738,-0.0540186986,0.109093748
-0.135704711,0.112855151,-0.21738559,0.185478583
-0.204221666,0.102804884,-0.326394528,0.17228426
-0.218651682,0.0466656275,-0.353589088,0.0842783451
-0.175889835,-0.0247677267,-0.291581631,-0.0312086362
-0.0923074856,-0.0740773827,-0.159823313,-0.117863797
0.00270361942,-0.0763203353,-0.00278126239,-0.126529291
0.0782052428,-0.0314488374,0.126156509,-0.0566343293
0.113502614,0.0361996368,0.187444076,0.0543375313
0.1052958,0.0909094214,0.178349033,0.146426082
0.0671698451,0.104307398,0.116882987,0.170139164
0.02175726,0.0702042207,0.0414633416,0.118880428
-0.0107783303,0.0080318898,-0.0152608762,0.0174903236
-0.0225424133,-0.0468396619,-0.0392470919,-0.0769095719
-0.0213044006,-0.06105287,-0.0379448421,-0.102770805
-0.0257359799,-0.0205572732,-0.0462048389,-0.0366511345
-0.0546276122,0.0613020957,-0.0908894837,0.0978274643
-0.115247771,0.148932979,-0.183581293,0.241083309
-0.196691826,0.20053263,-0.305075526,0.321082592
-0.271954507,0.187524945,-0.415046155,0.298379034
-0.308422983,0.10839472,-0.474379569,0.179667875
-0.282371432,-0.00939622708,-0.449905872,-0.00181221182
-0.190822437,-0.120235622,-0.31531468,-0.182786912
-0.0549906828,-0.179078013,-0.100945711,-0.289990544
0.0868191123,-0.159891888,0.131102905,-0.26402986
0.194147021,-0.0660732388,0.30888316,-0.117086776
0.240674943,0.0712229982,0.385066867,0.102185726
0.224574029,0.20565927,0.357477695,0.313687682
0.168163657,0.293615669,0.269576222,0.448245198
0.106997684,0.310024858,0.176153332,0.481144279
0.0733736753,0.256095648,0.124889955,0.412099987
0.0818434283,0.156561732,0.138300404,0.263446599
0.123338178,0.0484203659,0.204006091,0.0836485848
0.17044799,-0.0337044671,0.279314488,-0.0550996885
0.191155002,-0.0695960298,0.310327321,-0.117727362
0.16442135,-0.0585118309,0.270985842,-0.102801181
0.0903222635,-0.0161331482,0.153273568,-0.0338602029
0.0196396094,-0.0245495122,0.0368436985,-0.0410049409
0.0734031573,-0.0516397245,0.116339996,-0.0829474777
0.075812988,-0.0866869539,0.127246961,-0.145324066
0.0367410704,-0.120806701,0.0623993389,-0.201034382
-0.0136879599,-0.137526274,-0.0240871757,-0.229331493
-0.0417077057,-0.123849191,-0.0725053474,-0.206860229
-0.0283601619,-0.0805386677,-0.0531044677,-0.135950536
0.0200226679,-0.0247247405,0.0280158035,-0.0415790677
0.0750797987,0.0176000632,0.122416474,0.0282423701
0.101965144,0.0254737791,0.170604602,0.0399807617
0.0790314898,-0.00466905022,0.135980546,-0.00770999445
0.0109801292,-0.055710651,0.022544181,-0.0923671126
-0.072058484,-0.0982939899,-0.117021427,-0.161780342
-0.129695013,-0.106903404,-0.214589894,-0.175017387
-0.133104205,-0.0747660249,-0.224363253,-0.12179061
-0.0818738267,-0.018899601,-0.143967733,-0.030998474
-0.00632552383,0.0282209069,-0.0147508644,0.0469255559
0.0468949787,0.036474973,0.0790230557,0.0607527792
0.039228674,-0.00410907483,0.0700618476,-0.005375484
-0.0379116833,-0.0755946487,-0.0573364496,-0.125038162
-0.155709013,-0.139386252,-0.249296933,-0.225239664
-0.259894222,-0.155441821,-0.409871578,-0.242971301
-0.297033429,-0.103723831,-0.470726192,-0.161497802
-0.242270306,0.00347772799,-0.397463053,0.00626213802
-0.114193268,0.125290915,-0.195483699,0.20642817
0.0315412134,0.210761979,0.0484424084,0.34460488
0.127632946,0.223053604,0.207769483,0.358891726
0.127570421,0.157173261,0.216419846,0.257614553
0.0290253349,0.0422624759,0.0598087311,0.0726771057
-0.1237626,-0.0726706684,-0.196319848,-0.116982199
-0.260310501,-0.142300725,-0.409817636,-0.223012134
-0.317272842,-0.145968303,-0.493680418,-0.221242398
-0.268560886,-0.0958079994,-0.43463397,-0.148627207
-0.137361422,-0.0284904335,-0.237892538,-0.0436627567
0.0158391055,0.0146048497,0.0177907329,0.0266400725
0.12319506,0.00836840179,0.204250202,0.0154436752
0.142495885,-0.0444084257,0.240081251,-0.0737492293
0.0769321024,-0.116008043,0.132028371,-0.193324596
-0.0278722923,-0.168989837,-0.043554578,-0.279691577
-0.107642524,-0.175254062,-0.177759826,-0.286866874
-0.111868463,-0.129221693,-0.192055106,-0.212638378
-0.0286911223,-0.0490405895,-0.0576982275,-0.0828439891
0.109749958,0.0337967649,0.173447996,0.0539796278
0.243536428,0.0902707428,0.386889488,0.141162276
0.314143091,0.106779322,0.490888417,0.160544619
0.291971415,0.089169383,0.46599403,0.135518387
0.189121336,0.0569366701,0.317842394,0.0881670415
0.0521075688,0.0317301266,0.095955275,0.0507566929
-0.0608064719,0.0266559105,-0.0984424427,0.0432500802
-0.105942436,0.0415918864,-0.177053869,0.0701861978
-0.0716700107,0.0658821315,-0.122791491,0.111057229
0.020199528,0.0857304782,0.0300348494,0.145126522
0.12793456,0.0915659145,0.208910689,0.15237467
0.210220084,0.0814811885,0.340819299,0.130741403
0.243001699,0.0597260036,0.392135173,0.0920416415
0.225658879,0.0322705284,0.367931694,0.0475447327
0.175605118,0.00286145811,0.291934282,0.00053348497
0.116237193,-0.0278822631,0.195101395,-0.0478211939
0.0655670986,-0.0601751134,0.11000853,-0.101578332
0.0310537443,-0.0916935205,0.0514767356,-0.152715981
0.0116698071,-0.115977518,0.0177808329,-0.192749485
0.00393533893,-0.124233119,0.00382709573,-0.205589831
0.00694249244,-0.109826989,0.00742574409,-0.183860764
0.022952171,-0.0728301331,0.0344052725,-0.124986477
0.0536599904,-0.021673359,0.0870644674,-0.040040873
0.0953530818,0.0294659529,0.156361729,0.045722466
0.136978596,0.0664546788,0.22594966,0.10538663
0.163230538,0.0811907947,0.270376533,0.130955681
0.16143547,0.0746404454,0.26891768,0.119826406
0.128405839,0.0554440878,0.217461318,0.0898793861
0.0731628984,0.0351081416,0.126145139,0.0554607771
0.0136723882,0.0226409286,0.0252014138,0.0372559577
-0.0308755692,0.021594001,-0.0498389564,0.0353205688
-0.0482088514,0.0308038723,-0.0799106061,0.0509895831
-0.0373517498,0.0477356017,-0.0633323565,0.0813452154
-0.00728713954,0.0716935247,-0.0117762582,0.119435161
0.0288095344,0.104314826,0.0473320372,0.174017891
0.0601630993,0.146642268,0.100398272,0.23996985
0.0821458846,0.194551885,0.135338053,0.312232524
0.0956016481,0.235842183,0.156401619,0.374514937
0.103046134,0.251827627,0.169162229,0.399918675
0.104892157,0.223927706,0.17388171,0.360681295
0.0985451266,0.142747164,0.168066382,0.238345474
0.0810200348,0.0152093424,0.139165819,0.0295289457
0.0531029999,-0.134359941,0.0898153782,-0.217328295
0.021763226,-0.270700514,0.0348332673,-0.427950114
-0.00156147743,-0.359522641,-0.00918200985,-0.550570548
-0.00652851816,-0.379949629,-0.0179324765,-0.576382518
0.00971545,-0.332109183,0.00671534659,-0.517265499
0.0393648669,-0.236578107,0.0545165911,-0.386952609
0.0665773228,-0.126030967,0.104153022,-0.215039372
0.0751695707,-0.0328458212,0.124907129,-0.0587900355
0.0574846528,0.0220445152,0.0983070061,0.0337852836
0.0194093995,0.0347197801,0.0359627195,0.058128804
-0.0216915756,0.0167284366,-0.0333244875,0.0301139727
-0.0455255471,-0.0119259087,-0.0763067529,-0.0183852427
-0.0395552665,-0.0316108093,-0.0682745352,-0.0514787808
-0.0059979246,-0.0299647711,-0.0136203626,-0.0488353781
0.0388941728,-0.00470627565,0.0621021874,-0.0107616633
0.0731428117,0.0376360379,0.121585615,0.0599631891
0.0805615559,0.0854555592,0.134567961,0.138467431
0.0591793917,0.126257867,0.101547465,0.20510757
0.0218450632,0.149979308,0.0417968631,0.246313557
-0.0114327632,0.151115477,-0.0135412142,0.249587193
-0.0252237339,0.129928127,-0.0383977555,0.216914952
-0.0179284234,0.0928658843,-0.0274387728,0.158080235
-0.0032367825,0.0518038794,-0.00447179563,0.0886219069
-0.00273048761,0.021446228,-0.00339507242,0.0367143378
-0.033477135,0.0147399213,-0.0529432409,0.0236755721
-0.0973173827,0.0373439454,-0.158055559,0.0606472977
-0.177752495,0.0833966509,-0.286359817,0.13513723
-0.246327966,0.135126203,-0.388136715,0.216568366
-0.275379866,0.16771929,-0.427880347,0.266296595
-0.250700295,0.158562467,-0.394390881,0.257232964
-0.177837491,0.0975384563,-0.290071756,0.168731198
-0.0791902989,-0.00618193392,-0.13398011,-0.00146198692
0.0161798913,-0.124574296,0.0236951057,-0.198303804
0.0846132264,-0.219332337,0.133108363,-0.351937175
0.115961254,-0.255853891,0.179015681,-0.409897447
0.114546902,-0.21716024,0.178788319,-0.356110781
0.0937929451,-0.111797959,0.151365787,-0.193707168
0.0684097558,0.0280146636,0.113386571,0.037032105
0.0485622771,0.157713726,0.0810308382,0.254267305
0.0384138636,0.236844286,0.0658951476,0.381169081
0.0383557752,0.244037032,0.0667138994,0.395496905
0.0480742157,0.184472099,0.0824994072,0.306379497
0.067647256,0.0869497731,0.115380496,0.149765968
0.095888257,-0.00798572414,0.159745485,-0.0111286957
0.127657473,-0.0638287365,0.210033178,-0.105695203
0.153056175,-0.0614130571,0.248636886,-0.107331507
0.160388783,-0.00471152551,0.2619344,-0.0160424579
0.142118052,0.082541272,0.234793201,0.127503872
0.100495853,0.167298868,0.168239132,0.266859293
0.0489344187,0.220019951,0.0843175128,0.353213698
0.00716839638,0.224701852,0.0174534526,0.365755618
-0.0081279641,0.182663396,-0.00941011216,0.30341506
0.00750429276,0.109501645,0.0157188307,0.186554804
0.0427287556,0.027411731,0.0721074641,0.049098108
0.0751497224,-0.043429587,0.124840468,-0.0712506622
0.0825713947,-0.0909280851,0.13606593,-0.151973277
0.0550554059,-0.112717085,0.0915326402,-0.190689817
0.00109996903,-0.113676511,0.00319135352,-0.192863688
-0.0559159704,-0.101327755,-0.0926548913,-0.169940218
-0.0896545276,-0.0816834569,-0.150455043,-0.135609806
-0.0849599764,-0.0574668869,-0.144390494,-0.0943506286
-0.0465011932,-0.0291482266,-0.0823921487,-0.0479820818
0.00310671004,0.00227352721,0.00025614418,0.00323146628
0.035089273,0.0326764621,0.0594953969,0.0522428043
0.0300785135,0.0541828759,0.0533888973,0.0877199695
-0.0109679932,0.0571989827,-0.0140413335,0.0952875316
-0.0666082203,0.0344028361,-0.106653407,0.0586410426
-0.105875261,-0.0151610896,-0.174573079,-0.0204033889
-0.104640514,-0.0839760527,-0.174930632,-0.132237822
-0.0586376823,-0.157272905,-0.101139203,-0.253808498
0.0138636129,-0.217459083,0.0151713481,-0.348986208
0.0811750442,-0.250144511,0.122090049,-0.402113765
0.114188947,-0.249310553,0.175608441,-0.400848418
0.100722216,-0.219402209,0.160401478,-0.359550148
0.0507331491,-0.173370376,0.083060652,-0.288712263
-0.00995260198,-0.127419427,-0.0184784848,-0.213483721
-0.0535169877,-0.0946493447,-0.0895919204,-0.158041134
-0.0638278127,-0.0802667439,-0.107464604,-0.13135688
-0.0426676795,-0.0803407952,-0.0749937817,-0.132721275
-0.00580968242,-0.0845130458,-0.012741914,-0.1405292
0.0279196762,-0.0813464299,0.0443123318,-0.136495784
0.0476886518,-0.063900575,0.0779724047,-0.108822353
0.055331137,-0.0331240334,0.0899933502,-0.0574480295
0.0613575019,0.00228528213,0.102483392,0.00143127516
0.07542447,0.0293147024,0.125215992,0.0481306612
0.097726658,0.0357636102,0.162152544,0.0582205541
0.117075309,0.0149049843,0.194426268,0.0234679561
0.11715062,-0.0320538171,0.196106181,-0.0532799698
0.0871760324,-0.0963534266,0.147032499,-0.158419967
0.0302821007,-0.164368182,0.0515230745,-0.270519048
-0.0360180549,-0.221326247,-0.0598335043,-0.357787132
-0.0881429762,-0.254753053,-0.143451437,-0.405514389
-0.10902366,-0.256824702,-0.179734632,-0.405618072
-0.0975601226,-0.225461021,-0.164327458,-0.361863911
-0.0691001862,-0.164400324,-0.121140987,-0.271428436
-0.0462646857,-0.0825282112,-0.0820830315,-0.140346348
-0.0452631377,0.00747266598,-0.0771102607,0.00920177344
-0.0658062473,0.0912333727,-0.108262435,0.149074763
-0.0909103006,0.155512452,-0.147321045,0.254104853
-0.097179845,0.191241488,-0.154338062,0.311567247
-0.0698025823,0.195903957,-0.111332148,0.322339833
-0.0132793617,0.174253225,-0.020506788,0.290440142
0.0490694158,0.136805907,0.082234174,0.230013445
0.0874543041,0.096393317,0.146792904,0.160931483
0.0833456665,0.0639288202,0.141936719,0.103569925
0.0423658453,0.0449867621,0.0762539953,0.0729686096
-0.0058356775,0.0385191254,-0.00785550941,0.0634055063
-0.021946203,0.0381452031,-0.037011832,0.0643269494
0.0213244222,0.0353562571,0.0325125568,0.0601387545
0.121870771,0.0232116822,0.19726254,0.0397296734
0.245198175,-0.000979268691,0.390732735,-0.00260441657
0.338595718,-0.0348992124,0.523417413,-0.0577460453
0.356077939,-0.0723709166,0.546870291,-0.116484709
0.281606674,-0.105626293,0.447013825,-0.172283143
0.138536394,-0.127648056,0.233300105,-0.215331748
-0.0198967252,-0.133813471,-0.0284301136,-0.224931628
-0.134508952,-0.122618638,-0.221331701,-0.201505929
-0.166624561,-0.0957061201,-0.276212305,-0.155556157
-0.114052661,-0.0575177073,-0.197275355,-0.0916773528
-0.00926653016,-0.0146812722,-0.0224471837,-0.0240335595
0.0982287899,0.025019275,0.159035668,0.0400356501
0.165484041,0.0542597435,0.271383822,0.085742414
0.173501179,0.0682218,0.287433952,0.107344314
0.13055326,0.0664329529,0.222101182,0.106503651
0.0617083982,0.0534863621,0.10831055,0.0867926553
-0.00780087151,0.0379498117,-0.00951981544,0.0628210232
-0.065211527,0.0295061022,-0.105775625,0.0505508892
-0.112183653,0.0352761149,-0.184784934,0.0587639138
-0.156490371,0.0568508059,-0.255691558,0.0945662186
-0.200229898,0.0894122645,-0.322925597,0.147788167
-0.233197853,0.123446226,-0.370176136,0.200007349
-0.236399233,0.148349389,-0.373970091,0.241900846
-0.193861678,0.156338528,-0.312545776,0.257351518
-0.105191499,0.14496173,-0.174009979,0.242443055
0.00970067084,0.117259093,0.013587947,0.198876992
0.117825732,0.0798108652,0.193247378,0.133810371
0.189079165,0.0398903117,0.309407949,0.063733831
0.211948141,0.00318608433,0.34601,0.00144719775
0.199402317,-0.0270107854,0.326990217,-0.0486682691
0.18068932,-0.0492520332,0.29625535,-0.0843850076
0.183004007,-0.0628906712,0.298076719,-0.10499166
0.213404194,-0.0675421879,0.342781991,-0.113560624
0.251950532,-0.0634494126,0.399704486,-0.10611973
0.261147261,-0.0523093939,0.417017907,-0.0887507126
0.207458124,-0.0376355872,0.340240091,-0.0667946711
0.0832333565,-0.0239760354,0.145537853,-0.0457968786
-0.0837392285,-0.0151542099,-0.131887645,-0.028223861
-0.239647835,-0.0125625096,-0.381158859,-0.0173588805
-0.329270333,-0.0147590144,-0.512036204,-0.0166480895
-0.323220015,-0.0189156197,-0.506872058,-0.0206658319
-0.233079702,-0.0233881641,-0.38197121,-0.0309587307
-0.105667427,-0.029649945,-0.183351204,-0.0434737578
0.00118644326,-0.0418504365,-0.00260002236,-0.0667279735
0.0487129167,-0.0635538995,0.0813881308,-0.105714358
0.0368651375,-0.093167834,0.0635649338,-0.156957373
0.00255642249,-0.121002406,0.00504817069,-0.20096086
-0.00302028819,-0.130722627,-0.0086044874,-0.216999456
0.0541143157,-0.105901316,0.0827686191,-0.175817147
0.167817801,-0.0393334441,0.267471284,-0.0692107901
0.290786803,0.0595899597,0.452416062,0.0857522264
0.357136846,0.164240688,0.536596835,0.23691389
0.31748566,0.23894015,0.484791279,0.348055869
0.168173447,0.253619611,0.277751625,0.391588867
-0.0413441658,0.198623762,-0.0505049042,0.323719054
-0.227923945,0.092129752,-0.354677051,0.15623492
-0.312129766,-0.0246810336,-0.488603592,-0.0258283112
-0.25528729,-0.103939876,-0.413932741,-0.15659897
-0.0778147653,-0.11219985,-0.143156484,-0.181176558
0.150204659,-0.0464975089,0.232333779,-0.0790365711
0.341357529,0.0628749281,0.520597517,0.0867514089
0.43006146,0.1651811,0.62314707,0.227096647
0.399597555,0.21234937,0.586852551,0.297934622
0.284774333,0.181666389,0.450125486,0.276450127
0.150542796,0.0869956166,0.2581999,0.142823383
0.0586538687,-0.0273384079,0.10381712,-0.0436878577
0.0394863524,-0.107490979,0.0633010045,-0.17649667
0.0822756588,-0.115944296,0.129478261,-0.195482001
0.146679074,-0.049688518,0.23494263,-0.08748281
0.187621549,0.0582478829,0.304639131,0.0860963166
0.179390669,0.154754698,0.29369235,0.241917655
0.126709446,0.192265555,0.213317499,0.307319432
0.0584886,0.151454628,0.104482904,0.251995504
0.00945921522,0.0499445125,0.0216272827,0.0893960223
0.000767057412,-0.0669626519,0.00210805656,-0.106798589
0.0300471615,-0.148532659,0.0455401316,-0.243406892
0.075342685,-0.16251719,0.117243253,-0.269381315
0.109285891,-0.10897053,0.17594263,-0.186545044
0.114694387,-0.0176900495,0.189329863,-0.0368977226
0.0928058103,0.0685050786,0.155078858,0.108445577
0.0602916181,0.115419306,0.103786409,0.189451367
0.0378254764,0.112835385,0.0669434443,0.188724235
0.0374924727,0.076274842,0.065715991,0.130534768
0.0563508198,0.0353778936,0.0940744057,0.060561765
0.0793348402,0.0161247253,0.132932484,0.0250999052
0.0890725628,0.0269143526,0.149411872,0.0423419699
0.076393418,0.0557785444,0.128170222,0.0881931186
0.045363199,0.0794509947,0.0799382105,0.130722955
0.0102963494,0.0783697292,0.021164421,0.131215364
-0.0129660331,0.0486291461,-0.0177609921,0.0840827078
-0.0160417426,0.00400283048,-0.0260049906,0.0100276219
-0.00199731905,-0.0328906067,-0.00532172434,-0.0551915094
0.0176488757,-0.044848375,0.0275504198,-0.0740969181
0.0306708161,-0.0311852917,0.0489224903,-0.0541061722
0.0317234583,-0.00890265871,0.0522859171,-0.0169287436
0.0252440553,-0.00288351928,0.0427816249,-0.0050370791
0.0221481305,-0.0304770656,0.0388061926,-0.0491526276
0.032542903,-0.08928141,0.0534516163,-0.146432877
0.0589176714,-0.155446425,0.094152458,-0.253134698
0.0937828198,-0.194167301,0.148521677,-0.315952748
0.122966915,-0.17731455,0.193432122,-0.293713629
0.132501051,-0.0990433022,0.214393139,-0.172166169
0.115167558,0.0189858135,0.190715685,0.0223205257
0.0733351335,0.135858446,0.123971231,0.217411309
0.017120529,0.20926486,0.0344025493,0.337710798
-0.0403961278,0.21418573,-0.0585381687,0.350494951
-0.0878571048,0.153313547,-0.137377933,0.258426875
-0.117881007,0.0544733144,-0.191528276,0.0979291052
-0.126624927,-0.0430782922,-0.209737629,-0.0655016154
-0.112326205,-0.106241696,-0.189224467,-0.17326504
-0.0749614462,-0.120936893,-0.129704446,-0.199004769
-0.0178847983,-0.0947030559,-0.0362830535,-0.158918142
0.0497628599,-0.0491332188,0.0761238933,-0.084204413
0.11240916,-0.00729097519,0.183510214,-0.0129692201
0.151192173,0.0168940481,0.249770805,0.0252367202
0.150676206,0.0222973172,0.252145171,0.0332945436
0.10630355,0.0168291014,0.180431843,0.0250155348
0.0284802262,0.00986631308,0.0530915372,0.0144581497
-0.0596646369,0.00607431121,-0.0949238017,0.00832693838
-0.130657241,0.00411255565,-0.216257319,0.00879966654
-0.163562536,9.95832161e-05,-0.269140005,0.0038626038
-0.152057394,-0.007452894,-0.253981501,-0.00782112777
-0.105608404,-0.0152727626,-0.179151818,-0.0220145918
-0.0432896651,-0.0175132658,-0.0751574859,-0.0264679417
0.0162046999,-0.0110423574,0.0240267701,-0.0181321185
0.062719211,0.000135136332,0.103316717,-0.000413025467
0.0964960456,0.00515360618,0.160715044,0.0073628379
0.123096496,-0.00778605696,0.204998314,-0.0136493184
0.145048141,-0.0427984931,0.23832348,-0.0724692643
0.156062976,-0.0904187188,0.255571097,-0.149562538
0.142292783,-0.129066616,0.232377172,-0.212812498
0.0907817855,-0.134611011,0.150055021,-0.228601307
0.000491987739,-0.0938207805,0.00191119534,-0.16194953
-0.111085027,-0.0143990591,-0.183005795,-0.0287164785
-0.210997477,0.0748436525,-0.339460582,0.119810656
-0.263711959,0.135364801,-0.41452828,0.217278123
-0.248103648,0.137180075,-0.392955124,0.225624681
-0.169702396,0.0750055462,-0.277891427,0.132107288
-0.0609120615,-0.0266661197,-0.105047457,-0.0347169079
0.0322631896,-0.123412699,0.0492295884,-0.201311931
0.0713209286,-0.171890542,0.113260314,-0.284116715
0.0439238884,-0.151999697,0.071868822,-0.256857246
-0.0295405928,-0.078791298,-0.0488457829,-0.13660343
-0.105407193,0.00279893191,-0.174169362,0.00190523698
-0.138004944,0.0389080308,-0.228399411,0.068613112
-0.102373824,-0.00621623592,-0.171614513,-0.00105272629
-0.00704904646,-0.130336702,-0.0178425275,-0.204150543
0.10961277,-0.290813327,0.164292246,-0.44815436
0.197830409,-0.421708584,0.277570099,-0.607391775
0.220367268,-0.462903351,0.298482627,-0.647915602
0.170180991,-0.38761732,0.244980782,-0.580523014
0.0731771663,-0.21521844,0.114955597,-0.362870663
-0.0249158554,-0.00312921009,-0.0441309065,-0.0174756292
-0.0806337073,0.178373829,-0.132322758,0.287515581
-0.0727429315,0.27653265,-0.113272727,0.441636294
-0.0105757369,0.277418047,-0.0139531568,0.446370393
0.0725148991,0.208552733,0.119963445,0.34467712
0.136291429,0.122389376,0.224216655,0.202033997
0.152190566,0.0693443865,0.253941,0.111620873
0.114250615,0.0737661794,0.193002492,0.115975931
0.0380626172,0.124249406,0.0684697479,0.19949308
-0.0500855893,0.182256594,-0.0747033432,0.295638174
-0.126944646,0.203902915,-0.19719997,0.331193358
-0.181371272,0.163521633,-0.28759703,0.269820124
-0.214692146,0.0672172159,-0.341868788,0.118542865
-0.233715311,-0.0499840863,-0.374757558,-0.0709081814
-0.241868839,-0.141438082,-0.38644284,-0.218045801
-0.234576136,-0.171637714,-0.374071509,-0.268572658
-0.201955497,-0.13306357,-0.332066894,-0.212819561
-0.137177229,-0.0490944237,-0.234332114,-0.0822036192
-0.0451414548,0.0379325524,-0.082110092,0.0619307123
0.054341305,0.0871528983,0.0882007107,0.145296156
0.131738186,0.0779022127,0.218484253,0.130329311
0.159542218,0.0178680867,0.266938418,0.030097384
0.12498191,-0.0626132414,0.211617723,-0.104003385
0.0372665487,-0.126491249,0.0672452748,-0.211758733
-0.0745063275,-0.147790685,-0.120115869,-0.245786145
-0.172125801,-0.122516952,-0.281075716,-0.200721607
-0.222947806,-0.067915149,-0.363859355,-0.107961155
-0.212041855,-0.0114321178,-0.34833315,-0.0165063627
-0.146830082,0.024193028,-0.246992931,0.0448050797
-0.0528787635,0.0317524374,-0.0923425406,0.0580165014
0.0366363935,0.0209736675,0.0593785569,0.0380207933
0.0930106193,0.0104296831,0.154306322,0.0168933664
0.100995027,0.0149595262,0.1706433,0.0225140601
0.0620875098,0.0358689763,0.106552593,0.0555749871
-0.00784717873,0.0595103987,-0.00922006182,0.0969898477
-0.0847127512,0.0651764423,-0.137522474,0.110030621
-0.143596694,0.0380676426,-0.234690532,0.0677823052
-0.165493578,-0.0198547598,-0.271711648,-0.0264265295
-0.142176703,-0.0874631926,-0.236201316,-0.137284085
-0.0785584375,-0.132567361,-0.135033205,-0.214648828
0.00800344907,-0.127070576,0.00627017068,-0.21114926
0.0918284506,-0.0617992394,0.146176592,-0.108410329
0.146130696,0.0466286689,0.239361539,0.0690386221
0.151710406,0.160885066,0.249167711,0.253430277
0.104235969,0.23815614,0.174912572,0.376379967
0.0169259124,0.248631373,0.0380094983,0.399022251
-0.0832823813,0.188592166,-0.124295689,0.311754912
-0.165352955,0.08188124,-0.264665812,0.142521128
-0.205984652,-0.0309452768,-0.334306687,-0.0413579457
-0.198554665,-0.110593453,-0.324848741,-0.172851011
-0.154929802,-0.135596752,-0.257575423,-0.217161328
-0.0990283713,-0.109774083,-0.168897182,-0.180966124
-0.0550050251,-0.0574721694,-0.096375145,-0.0969546437
-0.0357524119,-0.00950659718,-0.0599414743,-0.0166465044
-0.0374764651,0.0128415981,-0.0613176487,0.0219451282
-0.0431822166,0.00774630578,-0.0707045719,0.0157201663
-0.0333701447,-0.00799081195,-0.0556365103,-0.0118235676
0.00159608165,-0.00956864934,-0.000135622424,-0.0163901504
0.0540692955,0.0212879349,0.0880764425,0.0332598798
0.100903161,0.0855988637,0.165530309,0.136957049
0.114014961,0.165671051,0.187673375,0.264033198
0.0746796131,0.233411938,0.128403738,0.370589644
-0.0156334229,0.263837367,-0.0132459337,0.418239087
-0.133561954,0.246669546,-0.201159403,0.395080924
-0.242531374,0.190194115,-0.371384084,0.306411982
-0.307920605,0.115834609,-0.473995894,0.188679442
-0.311603636,0.0468359776,-0.487196028,0.0831202641
-0.259071738,-0.00262927893,-0.4186427,0.00391591899
-0.175987586,-0.0322201326,-0.293161958,-0.0471353792
-0.0961151198,-0.0520245135,-0.163078457,-0.0816692635
-0.0465403236,-0.073622331,-0.0785550699,-0.120802216
-0.0370395407,-0.101253286,-0.0620129369,-0.167002663
-0.0580514111,-0.128446653,-0.0954235122,-0.210129052
-0.0873465315,-0.142107785,-0.145133913,-0.233163968
-0.101440221,-0.131566063,-0.171410665,-0.216740102
-0.0860173106,-0.0970564038,-0.14807941,-0.160163984
-0.0407988615,-0.0522896424,-0.0735587925,-0.0895529911
0.0224926528,-0.0190949719,0.0335033759,-0.0312742405
0.0869545266,-0.0167133696,0.143274248,-0.0276638363
0.138069078,-0.0515539907,0.227233574,-0.0838375241
0.168354571,-0.113202132,0.274880588,-0.184057772
0.177623093,-0.17912434,0.283601165,-0.288473606
0.169938251,-0.22569184,0.267358482,-0.360287935
0.149888113,-0.239562452,0.235891178,-0.384872466
0.120573305,-0.223196208,0.189702764,-0.362841696
0.0841271728,-0.19155091,0.134345949,-0.314983338
0.0437407121,-0.162012041,0.0700915307,-0.268774062
0.00520612905,-0.143517986,0.00751558924,-0.238235876
-0.0235733874,-0.131371528,-0.0389393792,-0.217893004
-0.0352047794,-0.110986114,-0.0605894215,-0.184795991
-0.0261496138,-0.0685661733,-0.0467903428,-0.11486271
0.00121782406,-0.00244380068,-0.00152083288,-0.00670760684
0.0391876772,0.0719887987,0.0633623004,0.1171332
0.0777734593,0.127491891,0.128955454,0.208242744
0.108677514,0.138376117,0.180616841,0.227771804
0.128098547,0.0951976776,0.215016186,0.158886924
0.137033328,0.0125528425,0.229799688,0.0216235816
0.139195338,-0.0749972165,0.231824175,-0.123194352
0.13800697,-0.127667829,0.222671747,-0.210407555
0.134532377,-0.118832938,0.217410117,-0.201276362
0.12749207,-0.0477678701,0.208383426,-0.0885580704
0.115109161,0.0598721839,0.189770713,0.09060473
0.0973503143,0.164210752,0.159916446,0.263425618
0.0768736303,0.229778484,0.12876308,0.369093627
0.0578420609,0.241130576,0.0986272469,0.389348477
0.0431901328,0.207685307,0.0758574083,0.338507831
0.0320639871,0.155833125,0.0570470765,0.257956058
0.0192664769,0.113133088,0.0345031172,0.188440785
-0.00250115269,0.0934614465,-0.00028287989,0.15447773
-0.0384459905,0.0911385193,-0.0596319139,0.151146308
-0.0876821429,0.0868547633,-0.141487092,0.145770028
-0.141743973,0.0615626909,-0.229552075,0.103966609
-0.186819911,0.0100906026,-0.302659184,0.0223609731
-0.209045544,-0.053511858,-0.340616673,-0.0800300688
-0.200555563,-0.102151357,-0.327459931,-0.160362557
-0.163462028,-0.110106736,-0.272309721,-0.176994175
-0.109806404,-0.0677130371,-0.188349828,-0.113173328
-0.0573870912,0.0118836416,-0.1009335,0.0170951895
-0.0232575163,0.0977676064,-0.0390796624,0.159900472
-0.0176854376,0.155511543,-0.0257476438,0.256329149
-0.0410153903,0.16310215,-0.0615078509,0.26775679
-0.0844347551,0.120225415,-0.133737981,0.203699917
-0.13389194,0.046401199,-0.216858968,0.0834691823
-0.175222412,-0.0303878486,-0.285179973,-0.0432920232
-0.19840318,-0.0878951997,-0.322991759,-0.137344524
-0.199677184,-0.118824236,-0.325324833,-0.188240334
-0.18148005,-0.130526766,-0.298714966,-0.207618624
-0.150968954,-0.136354685,-0.250852227,-0.217060134
-0.118100867,-0.144609004,-0.198048905,-0.233165294
-0.0937375203,-0.152141348,-0.157516316,-0.246839538
-0.087663047,-0.146538332,-0.146718323,-0.240960658
-0.106217749,-0.115377173,-0.176418409,-0.19115454
-0.149688646,-0.0565494932,-0.246480346,-0.0947668105
-0.210370749,0.0171791837,-0.340118706,0.0280139949
-0.272711635,0.0828313082,-0.429948658,0.133176848
-0.316618174,0.11893335,-0.487465471,0.189481616
-0.323736489,0.117589317,-0.497751594,0.189777613
-0.284822047,0.0895554498,-0.448620677,0.149555892
-0.205115765,0.0587247834,-0.336671412,0.10236571
-0.104774736,0.0485643148,-0.179140791,0.0845185146
-0.0131246746,0.0680148527,-0.0252561457,0.114037812
0.0417791568,0.105172023,0.068944484,0.17283769
0.0443177111,0.13303344,0.0782815516,0.216862142
-0.00169146224,0.124828845,0.00413627224,0.20713757
-0.0737260282,0.0707261115,-0.116273202,0.121035472
-0.139378816,-0.0136334682,-0.227709398,-0.0158263817
-0.169892356,-0.0922990888,-0.279088646,-0.144687638
-0.152565956,-0.126052618,-0.254678875,-0.202638865
-0.0963142514,-0.0928062201,-0.167714387,-0.153376788
-0.0275271833,-0.000532599515,-0.0530244336,-0.00476111984
0.0221859477,0.114569262,0.0347797647,0.184680298
0.030850213,0.204371437,0.0539750494,0.329620749
-0.00342285563,0.231631562,0.00351077528,0.374743015
-0.0615343936,0.187811866,-0.0924506485,0.310273081
-0.112741992,0.0968614668,-0.17891264,0.166450948
-0.129942164,0.00314445631,-0.214929089,0.0128846588
-0.103495874,-0.050175067,-0.175933018,-0.0793410912
-0.0466531776,-0.0412574969,-0.0846759528,-0.0687404796
0.0104315048,0.0216873027,0.0134425685,0.0320333764
0.0354964286,0.106746577,0.0589978285,0.171960518
0.010654415,0.175503492,0.0230840724,0.284661591
-0.0576894097,0.201574832,-0.0859380364,0.32868287
-0.14073199,0.180990607,-0.218781427,0.297131211
-0.200453773,0.129980296,-0.318778902,0.215668634
-0.207841575,0.0728311017,-0.336824656,0.124835275
-0.157157034,0.027621286,-0.262575001,0.0520175546
-0.0689934194,-0.00193455978,-0.120565616,0.0014948037
0.255314946,0.186576292,0.374475211,0.281913579
0.0453163609,0.0865133926,0.112051956,0.144315019
-0.127061322,-0.043818485,-0.201694727,-0.0665631071
-0.191716045,-0.166969344,-0.310815156,-0.259729624
-0.129416332,-0.248587996,-0.216168195,-0.387275755
0.0206066649,-0.271684647,0.018059127,-0.428831577
0.180438161,-0.243407071,0.272293419,-0.386915326
0.270866454,-0.190586016,0.417328954,-0.30252403
0.248202652,-0.145823553,0.394898117,-0.23917985
0.122975469,-0.13083756,0.207509026,-0.220605284
-0.0478081778,-0.145439535,-0.0718023181,-0.241863236
-0.190015376,-0.167862415,-0.302427679,-0.267900497
-0.248162329,-0.166419372,-0.395606816,-0.257751703
-0.209938243,-0.116622053,-0.347150415,-0.186061233
-0.108212218,-0.0150143178,-0.190415397,-0.0245849341
-0.00102311571,0.117358334,-0.00707856286,0.190570161
0.0589843728,0.243581653,0.0961983427,0.385780185
0.0495965742,0.327152401,0.0869700909,0.503830731
-0.0137190269,0.347673535,-0.0102367159,0.536188662
-0.0906884819,0.308317125,-0.131797001,0.484159917
-0.140955284,0.231927603,-0.216215149,0.376669824
-0.14663437,0.148576006,-0.234785274,0.250493646
-0.120605282,0.0815272406,-0.199727103,0.140780762
-0.0967212841,0.0388201885,-0.160084456,0.0675500855
-0.108088739,0.0140621625,-0.177455008,0.0250411574
-0.165886998,-0.00522917975,-0.270098776,-0.0077090417
-0.250601172,-0.0273633692,-0.397315741,-0.0401007086
-0.320554584,-0.0504620597,-0.498678446,-0.0722176582
-0.333165556,-0.0638853386,-0.517986953,-0.0919588134
-0.267530352,-0.0556905866,-0.431316167,-0.0830564722
-0.136324227,-0.0212040227,-0.235097915,-0.031204002
0.0192098562,0.0326629877,0.0236050244,0.0537101626
0.148464873,0.0899849907,0.240844145,0.144684702
0.214831159,0.133721545,0.348652512,0.210304081
0.211303428,0.15425095,0.343241394,0.241037682
0.160806149,0.153574869,0.267753482,0.244963527
0.101855941,0.142894521,0.172968328,0.232498169
0.0676943138,0.135198757,0.114519998,0.222451761
0.0699981079,0.13736178,0.11730206,0.226393878
0.0953286067,0.146368399,0.158649072,0.239070967
0.115394823,0.151682615,0.191813216,0.246507347
0.104869992,0.142079249,0.178227067,0.231002137
0.0567788444,0.112704098,0.101022542,0.185345396
-0.0128205651,0.0682027116,-0.0150116617,0.114427067
-0.0731184855,0.0203282163,-0.118168704,0.0358133577
-0.0950616077,-0.0181442481,-0.159430012,-0.0275267921
-0.0670968145,-0.0392319523,-0.115729906,-0.0628266633
-0.00177708152,-0.0417660512,-0.0087427916,-0.0681963637
0.070155479,-0.0287900008,0.112872921,-0.0497499406
0.114994809,-0.00269276858,0.190675169,-0.00776005583
0.112659603,0.0379675031,0.188193545,0.0576962531
0.0662061125,0.0970929712,0.115088224,0.156606779
-0.000350365473,0.175464213,0.00466225529,0.283250034
-0.0545051396,0.264568597,-0.0819189027,0.418735504
-0.0715490356,0.344648302,-0.104536943,0.52917701
-0.0465489067,0.389857769,-0.0651978105,0.586760402
0.00367553649,0.37927717,0.00982035231,0.578711689
0.0492102392,0.308529735,0.0827413946,0.487665862
0.0618758574,0.195392728,0.10888911,0.322313458
0.029073948,0.0752000958,0.0567272827,0.127953559
-0.039697744,-0.0130151808,-0.0607119948,-0.0203756839
-0.116368979,-0.0435219519,-0.190773487,-0.0729100034
-0.166000694,-0.0156641155,-0.274240971,-0.0252922289
-0.161431879,0.0458286479,-0.269521624,0.0752292797
-0.0947685614,0.102614485,-0.161459297,0.172808677
0.018689787,0.121019304,0.0271290522,0.204112977
0.14526704,0.0877894908,0.23722215,0.146818534
0.244372055,0.0155021539,0.393783808,0.025893772
0.282367975,-0.0648619011,0.448605359,-0.105764024
0.244133577,-0.120060928,0.391022652,-0.196920127
0.138625965,-0.130944476,0.229440004,-0.221061423
-0.00326902326,-0.10067483,-0.00240926049,-0.175020725
-0.138001144,-0.0510396734,-0.226748928,-0.087164782
-0.223032057,-0.0094996132,-0.361096442,-0.0127640897
-0.230770975,0.00560610415,-0.377139837,0.0154641625
-0.158237115,-0.00632662326,-0.266030848,-0.00269296672
-0.0289041884,-0.0299820006,-0.0545738973,-0.0451937877
0.114480726,-0.0446828939,0.182307824,-0.0726800635
0.224175245,-0.0372535512,0.359230906,-0.0631758794
0.264023006,-0.00976584945,0.422685534,-0.0229122639
0.222208619,0.0220451374,0.364418328,0.0282376576
0.115094945,0.038450595,0.198423579,0.0577726439
-0.019634692,0.0276656486,-0.0241377894,0.0443999022
-0.137934491,-0.00689414376,-0.222351834,-0.00892178435
-0.20632112,-0.0481419787,-0.335113704,-0.0724606887
-0.213654041,-0.0746426061,-0.351085752,-0.115567736
-0.172877878,-0.0723404139,-0.289208382,-0.114805371
-0.112372085,-0.0420812108,-0.191519096,-0.0682860687
-0.0613228306,0.00113401352,-0.10640648,0.0018100366
-0.0362238064,0.036464978,-0.0611214601,0.0616773665
-0.0348596685,0.0482236519,-0.0557084084,0.0833589137
-0.0402591228,0.0333836377,-0.0660923198,0.0590905733
-0.0320484862,0.00172983471,-0.0554760545,0.00595255895
0.00104227592,-0.030846864,-0.00124879612,-0.0508623421
0.0541824922,-0.0515296534,0.0867752805,-0.0858321264
0.108559594,-0.0567116402,0.176884279,-0.0959545299
0.141312942,-0.0517300926,0.232474312,-0.0883055404
0.137820765,-0.0449131206,0.227979884,-0.0771055147
0.0996724293,-0.0401485004,0.167927951,-0.0702922866
0.0440403745,-0.0330116823,0.0766813159,-0.0578316078
-0.00515858084,-0.0131842857,-0.00801191572,-0.0246630888
-0.0294852834,0.0281245895,-0.0504834726,0.0443693101
-0.0249625184,0.090326868,-0.0423084982,0.14916198
-0.00301900529,0.160285681,-0.00421173777,0.262092531
0.0169753041,0.216356352,0.0301557947,0.350532651
0.0193299279,0.237952024,0.0361277834,0.383402735
0.00128352083,0.21558395,0.00947464444,0.351393968
-0.0253205411,0.155825779,-0.0351451412,0.260507405
-0.0409346782,0.0783663616,-0.06532868,0.135120228
-0.0300116632,0.00670891255,-0.0499834046,0.0156374648
0.00898176339,-0.0423866101,0.0119321002,-0.0698144361
0.0609054901,-0.0649970025,0.097832188,-0.10734269
0.10036274,-0.0686097369,0.164973333,-0.116812631
0.104012266,-0.0645348504,0.174442276,-0.111678623
0.0624019168,-0.059100423,0.105816662,-0.102085568
-0.014809614,-0.0492275394,-0.0211087205,-0.0849142596
-0.102863111,-0.0252806749,-0.169477269,-0.0444035232
-0.172918841,0.0204158407,-0.283970863,0.0340235643
-0.20433259,0.084682554,-0.331115544,0.138561219
-0.192084923,0.150143936,-0.309963584,0.243112281
-0.146179557,0.19049336,-0.235026285,0.309921354
-0.0842907056,0.182540193,-0.13593176,0.303092003
-0.0224193707,0.119067393,-0.0351894237,0.205165029
0.0310926437,0.0154950451,0.0534287095,0.0321445055
0.0753554553,-0.0938711166,0.124008015,-0.152773604
0.111732453,-0.16902326,0.176947176,-0.275968134
0.137974337,-0.18100214,0.217917189,-0.298064977
0.146337464,-0.124381892,0.235816479,-0.210724026
0.127657473,-0.0196396094,0.210782677,-0.0425294973
0.0792530477,0.0955579355,0.134365499,0.15020597
0.011524166,0.181883216,0.0252702218,0.294375867
-0.0518737249,0.21347934,-0.0772983208,0.347883046
-0.0821236968,0.186173379,-0.128436789,0.308519781
-0.0586313531,0.11599496,-0.0962578952,0.199742109
0.0189207699,0.0299174655,0.0296884328,0.0572742112
0.1266976,-0.0460222661,0.204087332,-0.07393758
0.22425811,-0.0957199484,0.357444346,-0.15757212
0.271037221,-0.115937136,0.426012605,-0.188695997
0.244412124,-0.113432877,0.39013505,-0.187899813
0.15067251,-0.0991709456,0.25093919,-0.170031637
0.0232941415,-0.0830659717,0.0441416912,-0.142050311
-0.0910461545,-0.0713815093,-0.14924103,-0.118205585
-0.15232569,-0.0667699277,-0.252509832,-0.10576085
-0.143697813,-0.0694608688,-0.240435258,-0.110421084
-0.0772249475,-0.078042157,-0.135100484,-0.125058889
0.013264752,-0.0893780068,0.0159638785,-0.145388603
0.0880957469,-0.0984631032,0.140970454,-0.162498489
0.118476085,-0.0993961617,0.194321334,-0.166699424
0.0963845551,-0.0878470913,0.160415307,-0.150313199
0.0340219997,-0.0639752597,0.0582085364,-0.110035881
-0.0452884249,-0.0338237099,-0.0735127106,-0.0582722351
-0.118931085,-0.00760417152,-0.196594685,-0.0108303092
-0.173277512,0.00502739567,-0.283940494,0.0106251342
-0.205073461,0.000575285521,-0.331750154,0.0055708033
-0.216981024,-0.0149955004,-0.352695733,-0.0201335289
-0.211544275,-0.0276777446,-0.345740885,-0.0397723913
-0.188122034,-0.0215978604,-0.309538126,-0.0312075056
-0.144721657,0.0127495816,-0.24342218,0.0230106767
-0.0829606429,0.0724110156,-0.141044065,0.119050935
-0.0119839879,0.141500592,-0.0217842143,0.232324839
0.0523744449,0.197093129,0.0852531418,0.319799364
0.093818903,0.218916908,0.156404659,0.352331311
0.104053274,0.198191807,0.17444554,0.321391344
0.0882651284,0.141294554,0.152872279,0.232688531
0.0635639951,0.0665619001,0.108678393,0.112796091
0.0502086207,-0.00394778,0.0847403556,-0.00512449397
0.0599284731,-0.0534383468,0.0979412049,-0.0883539766
0.0879712924,-0.0757023096,0.142954975,-0.127206251
0.114066519,-0.0746442601,0.185792133,-0.12622124
0.112793498,-0.0591465011,0.18730031,-0.102805853
0.0683747008,-0.0368570499,0.117321625,-0.0651334599
-0.0141814221,-0.0107065095,-0.020304881,-0.0219104849
-0.108382426,0.0200656019,-0.177617967,0.0317068398
-0.177509844,0.0555955507,-0.289520204,0.0919113159
-0.192753494,0.0911556408,-0.312742084,0.152078807
-0.148872524,0.116339013,-0.24607487,0.194605857
-0.068647489,0.118846744,-0.115785182,0.201586142
0.00712257065,0.0910390019,0.0118047101,0.155819178
0.0396845676,0.0353979282,0.0700707138,0.0619334243
0.0123491175,-0.034679465,0.0254582707,-0.0555237643
-0.0601980872,-0.0998460576,-0.0967710465,-0.163771033
-0.138762459,-0.143294245,-0.226221234,-0.232144684
-0.179756239,-0.158332244,-0.293117613,-0.253472775
-0.158417091,-0.150868952,-0.262987673,-0.241205052
-0.0828870609,-0.135308251,-0.145078331,-0.220519155
0.00872373115,-0.125997543,0.00676250691,-0.206683248
0.0674239695,-0.128928706,0.109002098,-0.212797672
0.0591060556,-0.138368666,0.0982164368,-0.231023476
-0.0163692124,-0.140443563,-0.0240467805,-0.234113485
-0.12307626,-0.121845946,-0.201172411,-0.203099146
-0.205647767,-0.0789088383,-0.334774613,-0.129134074
-0.216618925,-0.0219312105,-0.355494648,-0.033188682
-0.140702367,0.0279191379,-0.238615423,0.0506441258
-0.0034704383,0.0478673838,-0.0126695139,0.0850955248
0.140281931,0.0243992917,0.22860007,0.0434637405
0.232857183,-0.0397280641,0.376959085,-0.0633565485
0.241450518,-0.125848398,0.386716336,-0.201936185
0.17339468,-0.206919998,0.278498113,-0.332410812
0.0712301582,-0.258528143,0.114425525,-0.415987879
-0.00968901813,-0.268162191,-0.0182685889,-0.429795474
-0.0294270553,-0.23874402,-0.0552929565,-0.385762721
0.0169734396,-0.18543753,0.0181355141,-0.305809081
0.0984830037,-0.128001034,0.153161749,-0.213059962
0.165802613,-0.0826997161,0.26718393,-0.141588345
0.178266436,-0.0573538356,0.292923957,-0.0986896157
0.125716582,-0.0509722084,0.21174711,-0.0885406807
0.0339036845,-0.0569564551,0.0611576997,-0.0979332998
-0.0493168049,-0.0674072579,-0.0814961046,-0.112846173
-0.0796358511,-0.0762204379,-0.135229558,-0.124162361
-0.0402415134,-0.0800294206,-0.0734008923,-0.130507782
0.0485737957,-0.0775936246,0.0737006217,-0.127504691
0.139298305,-0.0689686164,0.22480461,-0.11474739
0.181572229,-0.0554005243,0.296875417,-0.0952820256
0.148501411,-0.0398287177,0.248751163,-0.0708126575
0.0513321161,-0.0270365998,0.0901033357,-0.0499035269
-0.065138042,-0.0225273576,-0.103429586,-0.0388965979
-0.144198507,-0.0301240273,-0.236230865,-0.0468543097
-0.145050183,-0.0494418703,-0.244597137,-0.0751999095
-0.0628927499,-0.0748901069,-0.110775113,-0.118693009
0.0686353743,-0.0972544774,0.105442964,-0.158397362
0.19363372,-0.107462764,0.307971567,-0.175619125
0.260441899,-0.100721523,0.413124114,-0.166352734
0.245271146,-0.0787736923,0.393796772,-0.132773295
0.161582291,-0.0489426106,0.26994136,-0.0890148357
0.051263418,-0.0204296075,0.0907950997,-0.0382337421
-0.0371890552,4.99031412e-05,-0.0605214424,-0.00126735272
-0.0720731542,0.010797062,-0.119813517,0.0202356372
-0.0518162213,0.014450294,-0.090242058,0.0263774563
-0.00222421205,0.0147360554,-0.00640381686,0.026323827
0.0399336554,0.0129679171,0.0656725466,0.0206300542
0.0477317944,0.00685531925,0.0809497759,0.0111098224
0.0181859415,-0.00726178754,0.0340961479,-0.011646294
-0.0275010318,-0.0299609005,-0.0442847461,-0.048768077
-0.0571638346,-0.0550452136,-0.0945612267,-0.0916299075
-0.0468811467,-0.0695984736,-0.081598781,-0.112772949
0.0043539498,-0.0588186644,0.00152709975,-0.098724395
0.0724891871,-0.0137550803,0.116056748,-0.0273096655
0.120105393,0.0620898008,0.197252303,0.0960686207
0.115940422,0.151342943,0.193885013,0.241711199
0.0520666018,0.228192985,0.092288807,0.363403141
-0.0503596291,0.268716604,-0.0700205788,0.427250355
-0.150076196,0.261267364,-0.227497697,0.41542086
-0.205216631,0.211659014,-0.31871739,0.341316998
-0.193710655,0.140295595,-0.310348868,0.234397814
-0.124365225,0.0724936649,-0.207806766,0.126398638
-0.0329390615,0.0268272441,-0.0585334152,0.0488252714
0.03507673,0.00741211371,0.057447888,0.0119113456
0.0466642678,0.00396961812,0.0795456767,0.00280717458
-0.00236670766,-0.000653830648,-0.000144799124,-0.00192110171
-0.0849331841,-0.0198269561,-0.13764222,-0.0307915453
-0.155474052,-0.0552686341,-0.253882974,-0.0868324041
-0.171929583,-0.0962558016,-0.283925712,-0.151413366
-0.116384156,-0.126165077,-0.197828546,-0.202318877
-0.00445761252,-0.132475212,-0.0176415872,-0.216670275
0.1211069,-0.114426598,0.190039188,-0.190542415
0.209691465,-0.0838945284,0.335549086,-0.14216657
0.225855514,-0.05891883,0.365617871,-0.101512656
0.165420055,-0.0535456203,0.277363181,-0.0940857083
0.0571769103,-0.0697847232,0.100829057,-0.118898004
-0.0503825769,-0.0963355675,-0.0815961882,-0.161474437
-0.110957496,-0.114918873,-0.186558098,-0.188523874
-0.100742318,-0.110720016,-0.173166558,-0.180506691
-0.0279657152,-0.0810594484,-0.0543955192,-0.13490212
0.0722404197,-0.0373272859,0.11347767,-0.0634565726
0.154629141,0.00103938091,0.250804782,-0.00227519777
0.184038952,0.0172845442,0.304531097,0.0252870955
0.149628818,0.0068213325,0.252378196,0.00845762808
0.067107603,-0.0198561847,0.117708482,-0.0371098407
-0.0310675222,-0.0425825305,-0.0479194559,-0.0729329735
-0.111878805,-0.0424091518,-0.185700178,-0.0713237002
-0.156083435,-0.0120837549,-0.25854978,-0.019673137
-0.164050698,0.0395904854,-0.271887511,0.066510506
-0.151220754,0.0919340178,-0.248148903,0.153296933
-0.136688277,0.122931607,-0.222708255,0.204307556
-0.131651968,0.120565705,-0.21325326,0.203271464
-0.134003744,0.0889962167,-0.218630955,0.15149942
-0.131573632,0.0464226864,-0.216144308,0.0818422362
-0.111614943,0.0158500653,-0.186003327,0.0306111742
-0.0706881434,0.0136002572,-0.119282186,0.0238046199
-0.0189935863,0.0413979217,-0.0340951532,0.0690676942
0.0235846452,0.0858168304,0.0390027054,0.141423061
0.0377269164,0.125022799,0.0657049045,0.206360504
0.0155764576,0.139181748,0.0313517079,0.228488684
-0.033889588,0.119408809,-0.0504832454,0.199528962
-0.0882960856,0.0712841824,-0.142505497,0.122238591
-0.122614272,0.0118998624,-0.201540634,0.0249209013
-0.121660449,-0.0375478342,-0.204608783,-0.0587379038
-0.0877028927,-0.0599635839,-0.150325045,-0.0967874527
-0.0390512757,-0.048034016,-0.0692788064,-0.0799144581
-0.000314298435,-0.0058164224,-0.00339882402,-0.0120202955
0.010484485,0.0533545017,0.0191631299,0.0863569602
-0.00898170657,0.111079708,-0.01182862,0.181253955
-0.0448793024,0.148656309,-0.0682289079,0.24520126
-0.0755420402,0.151476622,-0.120620586,0.251229793
-0.0838825554,0.112704769,-0.13614361,0.192994475
-0.0668978244,0.0358222574,-0.110347129,0.0663904101
-0.0368767716,-0.0648289919,-0.0622942746,-0.101501241
-0.0135777714,-0.166572422,-0.0236289427,-0.269663364
-0.0118158143,-0.244362235,-0.0221697446,-0.390046328
-0.0316795595,-0.278974384,-0.0528853536,-0.444008946
-0.0573386177,-0.264519334,-0.0972743034,-0.422830671
-0.0656683743,-0.211738631,-0.112869427,-0.344899327
-0.0402547754,-0.144745156,-0.0739611387,-0.240222618
0.0170870181,-0.0916764811,0.0225224942,-0.153492197
0.0842870548,-0.0728620142,0.137987107,-0.120391861
0.128601789,-0.0918352902,0.210810885,-0.150988981
0.123502694,-0.133672625,0.204821512,-0.221077219
0.0641222671,-0.171853542,0.107549332,-0.28339687
-0.0274082012,-0.180656165,-0.0444060974,-0.299451798
-0.110560372,-0.14720276,-0.183195919,-0.243998885
-0.145559579,-0.07729581,-0.244779572,-0.128493413
-0.113845766,0.00774239562,-0.19693853,0.012597966
-0.0293198582,0.0814356506,-0.053310249,0.137263432
0.0659848303,0.124279514,0.107254982,0.206271604
0.120515645,0.131438673,0.200231791,0.215474531
0.09752132,0.11241357,0.16814363,0.184422985
-0.00665139966,0.0835598931,-0.00143002265,0.137912959
-0.159338519,0.0582233705,-0.252087057,0.0958988667
-0.305229902,0.0403394289,-0.473856926,0.0683071911
-0.390558034,0.0250351503,-0.587233603,0.0449257046
-0.386401892,0.00540337246,-0.585098088,0.0159091316
-0.300307602,-0.0192472823,-0.477643579,-0.0210911687
-0.17126894,-0.0394153669,-0.287552476,-0.057275258
-0.0511613898,-0.038978003,-0.0917397439,-0.0624837205
0.0180636775,-0.00493633794,0.0280850139,-0.0109223584
0.0207269918,0.0621726699,0.0365069322,0.0994179547
-0.0295298062,0.143809631,-0.0444266684,0.232731387
-0.0999618247,0.208735183,-0.155187026,0.335216641
-0.15590404,0.226587594,-0.243016854,0.36404115
-0.176029414,0.183294788,-0.277375072,0.300765544
-0.15885359,0.0901543722,-0.258404404,0.157029495
-0.118877649,-0.0189048424,-0.198955372,-0.0229665209
-0.0761357471,-0.101501063,-0.12847963,-0.164659977
-0.0456357971,-0.12601909,-0.0798811615,-0.20850946
-0.032116171,-0.0865344256,-0.057818491,-0.148504063
-0.0317110568,-0.00592131959,-0.0556716695,-0.0143462876
-0.0379595682,0.0746332258,-0.064067468,0.122689873
-0.0474948548,0.114742085,-0.0763979331,0.190589622
-0.0616978779,0.0933195725,-0.0974524021,0.159127235
-0.0837274045,0.0176245756,-0.13653563,0.0350863449
-0.113549225,-0.0812004209,-0.185634091,-0.128504053
-0.144877523,-0.163451776,-0.236494064,-0.261596948
-0.166588619,-0.199261889,-0.270695895,-0.316035777
-0.168119699,-0.181211278,-0.276614368,-0.291551948
-0.145605505,-0.125635013,-0.244528189,-0.204742879
-0.104811743,-0.0629315898,-0.17927964,-0.104293801
-0.0587652847,-0.0224237628,-0.101739623,-0.0362853035
-0.0212363675,-0.0194068309,-0.0378441624,-0.0297140013
0.000134098664,-0.0501829237,-0.000728340237,-0.0820325688
0.00693149259,-0.0964126363,0.0111475457,-0.158603713
0.00740911486,-0.135522678,0.0114711756,-0.224108279
0.00990801398,-0.151491091,0.0121028079,-0.25105831
0.0165018141,-0.141007319,0.0238596927,-0.234859481
0.0211385116,-0.112985961,0.0320301913,-0.188599795
0.0138396844,-0.0828403458,0.0212581437,-0.140208021
-0.0113778608,-0.065002121,-0.0186382066,-0.11005453
-0.0498920381,-0.0671402439,-0.081647329,-0.111927398
-0.0859247893,-0.0878989697,-0.142764091,-0.143600419
-0.0994622558,-0.118011452,-0.167056501,-0.191419914
-0.0774767846,-0.143496603,-0.131288558,-0.233513772
-0.023160914,-0.149645656,-0.0449641049,-0.245729282
0.0427448973,-0.125119865,0.0646223426,-0.208170384
0.0904841498,-0.0658510849,0.145536125,-0.114860155
0.0960966572,0.0219021719,0.160937056,0.02924213
0.0549324043,0.12071386,0.0946933851,0.193789512
-0.0137398439,0.204955474,-0.0151445558,0.330588162
-0.0743693709,0.248125583,-0.112572059,0.397937715
-0.0918930247,0.232902214,-0.143851936,0.379147232
-0.0493575744,0.160002947,-0.078204982,0.27085939
0.0428218134,0.0511475839,0.0701333806,0.0936972275
0.151159227,-0.0568545684,0.246018738,-0.0905366167
0.235145003,-0.125948042,0.370523512,-0.203397408
0.266969472,-0.133313283,0.418316513,-0.218231022
0.244746298,-0.082827583,0.391295224,-0.143053263
0.192363217,-0.00515902601,0.316305429,-0.0186698679
0.146115884,0.05497282,0.24250491,0.0855369046
0.135282651,0.0595185943,0.225268409,0.0977442637
0.166978434,-0.00360986148,0.275248885,-0.002720027
0.22323674,-0.112296812,0.356483489,-0.176446587
0.271594971,-0.217965603,0.415502906,-0.336494863
0.283142209,-0.26669547,0.422861844,-0.407587558
0.248034433,-0.224351987,0.381023794,-0.357941896
0.18005228,-0.0939060822,0.291731536,-0.1680011
0.107975706,0.0836121812,0.179830998,0.125394687
0.05891883,0.245495126,0.0989556611,0.3880907
0.0431984104,0.333811253,0.071830757,0.518650174
0.0493311509,0.319849908,0.0823854655,0.502116561
0.0519299358,0.215465784,0.0910179317,0.355003595
0.0278812293,0.066518411,0.0546788238,0.118105009
-0.02858942,-0.0679625124,-0.0424955115,-0.108474769
-0.100799963,-0.14082934,-0.164827779,-0.230943903
-0.157670334,-0.134657651,-0.259541214,-0.221870586
-0.170667455,-0.0650623292,-0.284463167,-0.109066688
-0.130174279,0.0305318851,-0.219832674,0.0493379012
-0.0519590601,0.111962497,-0.0899138674,0.187645793
0.0301422086,0.153619409,0.049452994,0.254596233
0.0814980343,0.152309,0.137292951,0.250611514
0.0844242945,0.123497598,0.144850597,0.204033569
0.0465586446,0.0896076933,0.0823007673,0.147731081
-0.00476061832,0.0673582554,-0.00413864478,0.111285143
-0.0388481915,0.0605386682,-0.0639230087,0.100841329
-0.0393771119,0.0608756989,-0.0658518374,0.103968807
-0.0132229282,0.0551126041,-0.0217201076,0.0942050889
0.0147486292,0.0335340872,0.0248171352,0.0580257289
0.018037444,-0.0047760806,0.0321749896,-0.00661411323
-0.0135235945,-0.0521197282,-0.0204252657,-0.0865859687
-0.0650115013,-0.0967021137,-0.10521844,-0.160895139
-0.102746844,-0.128258348,-0.17052938,-0.210323453
-0.093043983,-0.141614601,-0.157990411,-0.230056092
-0.023288019,-0.136854842,-0.0449094325,-0.223587602
0.0867667049,-0.117038593,0.134456441,-0.194870085
0.190831363,-0.0856862813,0.304202348,-0.143775016
0.237273142,-0.0458718985,0.381276816,-0.0815787539
0.195273578,-0.00120044476,0.324526608,-0.0104181906
0.0722568333,0.0426327586,0.129749805,0.064673014
-0.0871142522,0.0775209516,-0.136309639,0.12664187
-0.22070688,0.0948292688,-0.350701749,0.155378073
-0.277941525,0.0888445973,-0.439140081,0.146579713
-0.243506819,0.0599020794,-0.393074751,0.104393959
-0.143716469,0.0152491303,-0.24211362,0.0343360193
-0.0323041864,-0.0330871306,-0.0586610027,-0.0493332893
0.036989443,-0.0724688247,0.0605574101,-0.120124429
0.0369637422,-0.0937814862,0.0624369755,-0.158563659
-0.0208041687,-0.0936160013,-0.0334081054,-0.159868315
-0.0938745141,-0.0738564581,-0.155786276,-0.123200603
-0.132353842,-0.0395677127,-0.221172869,-0.0660647079
-0.105274037,0.00313205482,-0.179904982,0.00735149253
-0.0162563231,0.0479635336,-0.0330043472,0.081634298
0.0992312133,0.0881884918,0.15953891,0.146137282
0.192899942,0.116353773,0.312191546,0.18474035
0.228456378,0.125465646,0.370571494,0.196137831
0.199136451,0.111890353,0.327425689,0.177669868
0.12925373,0.078620635,0.221151993,0.127445713
0.0597981624,0.0365209468,0.105583258,0.0606909357
0.0264403503,0.00168393191,0.0443516448,0.00313678943
0.0418093391,-0.0109300902,0.067225799,-0.0177617725
0.0909796953,0.00507721677,0.149100184,0.00606361264
0.141603366,0.0430425256,0.233138472,0.0660180971
0.162294716,0.0848106667,0.26666519,0.134423286
0.138936952,0.108590499,0.232896075,0.175042644
0.0804299489,0.0997749865,0.139623404,0.164175138
0.0117090186,0.059264835,0.0267103966,0.100880221
-0.041067034,0.00452402839,-0.0663300976,0.0100585641
-0.0643536225,-0.0379605591,-0.107244886,-0.0610544756
-0.0625063702,-0.0456148013,-0.107653797,-0.0748033524
-0.0523191765,-0.0117359599,-0.0896423832,-0.0207018964
-0.0508978441,0.0498482548,-0.0854560584,0.0805056542
-0.0645275861,0.110280782,-0.105233692,0.181282431
-0.085153155,0.139017552,-0.135788172,0.230839416
-0.0962412208,0.118521556,-0.155722335,0.200565368
-0.0840952545,0.0529429018,-0.138824269,0.0959232152
-0.0474957041,-0.033605516,-0.0813237727,-0.0496854298
0.000348963804,-0.108264729,-0.00163707114,-0.176159218
0.0388723798,-0.144411683,0.0593864545,-0.23992607
0.0521250367,-0.132918552,0.0820597485,-0.22330609
0.038533926,-0.0843999386,0.0641334206,-0.146175042
0.0125220688,-0.0220557656,0.0205718856,-0.0408753939
-0.00324528385,0.0304052029,-0.00573791889,0.0485478714
0.00924101751,0.0590739399,0.0152285984,0.0988543779
0.0525882989,0.0632708669,0.0870026276,0.107587397
0.111603305,0.0512950234,0.184016496,0.0857294872
0.16078192,0.0321641378,0.264695883,0.0519478656
0.177675232,0.00905669015,0.292702049,0.0124156373
0.154816598,-0.0213488061,0.258912146,-0.0385677628
0.103696324,-0.0635155737,0.17519021,-0.106504053
0.0486942045,-0.115657926,0.0820853412,-0.191946581
0.0144041078,-0.165892109,0.0206762403,-0.271641344
0.0133035155,-0.195508763,0.0175379887,-0.320300519
0.0403141677,-0.188473001,0.0589905009,-0.310701162
0.0767949522,-0.14196533,0.12026152,-0.238635048
0.101252966,-0.0713435784,0.165561616,-0.124852307
0.100542374,-0.00543408049,0.166829646,-0.0128111187
0.0754587948,0.026659511,0.129021123,0.0424244255
0.0382008478,0.0109176058,0.0687786043,0.0186497308
0.00397545798,-0.0423419885,0.00880245399,-0.0677626282
-0.0177648757,-0.101043977,-0.0304144416,-0.164948776
-0.0271637011,-0.125552833,-0.0484523252,-0.207414553
-0.0309631117,-0.0880328715,-0.0552940182,-0.14970544
-0.0351714902,0.0126234768,-0.0607054196,0.016187245
-0.0386562906,0.148103669,-0.0640552193,0.238780245
-0.0323216803,0.272085845,-0.0483453088,0.430763423
-0.00492960494,0.340556711,-0.00308819162,0.527706385
0.0477859788,0.331321657,0.0796230659,0.516707718
0.116549179,0.253369182,0.188683152,0.407345057
0.179295704,0.14181082,0.292221189,0.233567581
0.209912628,0.0412157513,0.345263064,0.0652495921
0.190814659,-0.0143480385,0.315194696,-0.0294079147
0.122573122,-0.0150803197,0.206185952,-0.031676881
0.0250396412,0.0229234267,0.0459145755,0.0301813129
-0.0710604712,0.0679086819,-0.114105433,0.110278763
-0.137786314,0.088672258,-0.224311933,0.149832338
-0.161617011,0.0685976148,-0.264756501,0.118492268
-0.14692758,0.0112987887,-0.242505953,0.0269100126
-0.109876268,-0.0636024848,-0.184497863,-0.0989131853
-0.0668662563,-0.131176084,-0.114750601,-0.212446496
-0.0249133632,-0.172435358,-0.0449013673,-0.281844407
0.0199810117,-0.180970639,0.0265354216,-0.297802031
0.0754076615,-0.162947997,0.117175847,-0.268873334
0.1409982,-0.131988049,0.22444962,-0.218446299
0.200908333,-0.102443069,0.32181561,-0.171241969
0.226805195,-0.0843222588,0.36379078,-0.139775813
0.191799045,-0.0812498853,0.315638036,-0.137510851
0.0886650831,-0.090858005,0.151260167,-0.156078324
-0.0582671352,-0.106168956,-0.0923719481,-0.178213865
-0.19628416,-0.117071725,-0.315949917,-0.188330799
-0.263924003,-0.112147644,-0.421156734,-0.173330069
-0.219339594,-0.0816704258,-0.362742633,-0.127774939
-0.063675791,-0.0219236631,-0.118531466,-0.0343599394
0.153406069,0.0605805852,0.239957184,0.098031424
0.351053894,0.147623733,0.528692424,0.21773465
0.451125175,0.212856472,0.636701286,0.288725853
0.413431108,0.230550691,0.596539974,0.320240885
0.211125806,-0.206215903,0.357598275,-0.302893579
0.225859508,-0.151660338,0.339582741,-0.261253476
0.18946065,-0.0743052363,0.309665054,-0.130372345
0.114135779,-0.00043028692,0.192905441,-0.00875116047
0.0226750411,0.0575357452,0.0428720564,0.0924497619
-0.0606777184,0.101140574,-0.0953521058,0.167260885
-0.118124358,0.137498453,-0.1913822,0.227640107
-0.141965628,0.16915226,-0.229056835,0.276897043
-0.133510888,0.189401492,-0.21336332,0.308286309
-0.0991037861,0.186195195,-0.160122722,0.307848513
-0.046133019,0.151804134,-0.0743167624,0.256415904
0.0187931899,0.091497995,0.0310202986,0.157284498
0.0891320854,0.0248285159,0.149023324,0.0431723185
0.156548798,-0.0223627556,0.255536646,-0.0387483798
0.210039586,-0.0311897378,0.3385562,-0.0558097214
0.237478569,-0.000539207482,0.382172048,-0.00793071836
0.229410514,0.0513057187,0.370913565,0.0754265711
0.183335736,0.0959066227,0.303371221,0.149981722
0.106131546,0.110087842,0.182639331,0.178579479
0.0129878707,0.0889743268,0.0282617081,0.149067387
-0.0770852193,0.0490861423,-0.124134354,0.0848980322
-0.147398844,0.0193582345,-0.240454569,0.0355275869
-0.188746795,0.0247901808,-0.308565766,0.0442088358
-0.201417789,0.0717562735,-0.328240216,0.117995448
-0.193398133,0.143281519,-0.312091261,0.232096136
-0.175872743,0.207140177,-0.278307885,0.331808031
-0.158272341,0.23249796,-0.246601105,0.372809112
-0.145100757,0.206028193,-0.227661759,0.335852563
-0.135694891,0.138710842,-0.217268541,0.233674973
-0.12653546,0.0597192198,-0.206277862,0.104727663
-0.114532694,0.000972153386,-0.19133763,0.00608811388
-0.0994200259,-0.0189847108,-0.167596802,-0.0299762655
-0.0840606317,-0.0029586216,-0.142468259,-0.00609675376
-0.0726863518,0.0290372912,-0.121455923,0.0477171242
-0.0681871474,0.0530665219,-0.112029381,0.0891291425
-0.0700133443,0.0555799715,-0.115063861,0.0948045626
-0.0738725811,0.0403136611,-0.121939108,0.0710385665
-0.0734501928,0.0239209868,-0.121657982,0.0416502431
-0.0633590221,0.0232915394,-0.106798023,0.0409657136
-0.0419260375,0.0425402634,-0.0718140006,0.0709343553
-0.0124958446,0.0679516569,-0.021778604,0.114073411
0.0174033344,0.0745190084,0.030791942,0.125452891
0.03876004,0.0407948308,0.0654367134,0.0701727867
0.0445957519,-0.0364133716,0.076961793,-0.0582435764
0.0329147726,-0.136346385,0.0548971817,-0.220586896
0.00791629311,-0.221684501,0.0120349983,-0.358164787
-0.0210654121,-0.255843222,-0.037816532,-0.41096127
-0.0426093638,-0.221291989,-0.0758265853,-0.360812992
-0.0472458154,-0.129137173,-0.0836360827,-0.218825102
-0.03109839,-0.0147101451,-0.0567776747,-0.0293402914
0.00218739198,0.0786822513,0.0009683682,0.128767863
0.0420317464,0.119442426,0.0711734667,0.197281346
0.0740024671,0.100747786,0.124980204,0.171405375
0.08448603,0.0407288708,0.143539652,0.0709406957
0.0654051155,-0.0294651948,0.11222963,-0.0478581488
0.0173082259,-0.0825780705,0.032082621,-0.138726532
-0.0503599793,-0.107794084,-0.0833997428,-0.180433154
-0.122022085,-0.112602644,-0.199863777,-0.184763625
-0.180850014,-0.114026152,-0.295240879,-0.182973832
-0.214015543,-0.125270531,-0.346335202,-0.197235852
-0.216387093,-0.146127984,-0.349760741,-0.228289753
-0.191353068,-0.162830338,-0.312958419,-0.2562536
-0.148607031,-0.157190114,-0.246925339,-0.252064109
-0.0999537483,-0.119260229,-0.171521723,-0.197008446
-0.0549535342,-0.0556514077,-0.0960317776,-0.0945270658
-0.0181765705,0.0117700631,-0.0327723697,0.0185319521
0.0109845977,0.0563898683,0.0189179704,0.0947815254
0.0362074226,0.0606980324,0.0611151755,0.102295116
0.0611250252,0.0255981535,0.103541464,0.045840852
0.0868526399,-0.0301601198,0.145838812,-0.0483059101
0.111341737,-0.0801236853,0.183089659,-0.133525059
0.130721509,-0.104107641,0.212606743,-0.17247726
0.141724586,-0.0981337503,0.230157182,-0.165450543
0.143741742,-0.0748798698,0.235866964,-0.128990382
0.139287829,-0.0546912104,0.229112715,-0.0942548588
0.132564738,-0.0526149347,0.219316676,-0.0892064199
0.126898333,-0.0691179782,0.210034654,-0.116747737
0.122526065,-0.0898958743,0.199615315,-0.151539624
0.116124414,-0.09481325,0.190411538,-0.159556895
0.102598689,-0.0706588253,0.16819866,-0.12082468
0.0784238875,-0.0201492459,0.130987659,-0.0394236036
0.0448559523,0.0382319018,0.0762559026,0.0604546778
0.00915853959,0.0796716958,0.0192079004,0.131048068
-0.0172244087,0.0864633024,-0.0251117107,0.146125719
-0.0231848508,0.0577867031,-0.036520388,0.0998467132
-0.00336251245,0.0101950057,-0.00673224451,0.020754179
0.0380540825,-0.0315786414,0.0615643524,-0.0505680032
0.0872254372,-0.048375193,0.142046705,-0.0819898397
0.124884047,-0.0371837914,0.204208449,-0.0650278702
0.133592084,-0.0125390114,0.221138999,-0.0252282005
0.105218112,0.00213195849,0.177311525,-0.0011430576
0.0454142988,-0.0115327071,0.08070191,-0.0197434835
-0.0271297749,-0.0552845374,-0.0416453779,-0.090480186
-0.0868248791,-0.111549459,-0.142569482,-0.180708393
-0.110595345,-0.15115054,-0.184093699,-0.244790554
-0.0869255289,-0.147457585,-0.149559692,-0.241240606
-0.0208388213,-0.0896045044,-0.0433772169,-0.15191476
0.0673791021,0.0119096246,0.105943456,0.0141379461
0.14940007,0.129730836,0.241115451,0.20503521
0.199250951,0.231474727,0.316158652,0.356641501
0.202776954,0.292576134,0.317779094,0.443939358
0.162422791,0.303952277,0.259473324,0.466232449
0.0955289379,0.271617532,0.160708919,0.429455847
0.0270397067,0.209925458,0.0524820276,0.343513072
-0.020199189,0.133230776,-0.0278190784,0.223765388
-0.0335048437,0.0508357659,-0.0541053563,0.0910475329
-0.0136379572,-0.0326546356,-0.0243646149,-0.0494601317
0.0276077725,-0.113150768,0.0436956212,-0.185450464
0.0738856122,-0.183018729,0.116691053,-0.297533691
0.111561082,-0.230747685,0.173606187,-0.370924085
0.134418637,-0.245221987,0.207472086,-0.392292112
0.143972263,-0.222152889,0.225867346,-0.359022081
0.145832598,-0.16842787,0.232011646,-0.27782613
0.144516245,-0.101033337,0.234270707,-0.17218399
0.13971962,-0.0403113663,0.229153097,-0.0711983144
0.126142994,-0.000776369532,0.211152315,-0.00468358817
0.096957095,0.0155565403,0.163664386,0.0231946893
0.0489937328,0.0194929857,0.0852211118,0.0307873152
-0.0132517144,0.0281815492,-0.0178990997,0.0453191511
-0.0771875381,0.0551496409,-0.127009541,0.0901717842
-0.125867128,0.102155991,-0.206578851,0.168579012
-0.144392237,0.157238841,-0.23312737,0.257021755
-0.126082182,0.200013861,-0.202539057,0.324202925
-0.0755518824,0.211411759,-0.121403843,0.346466184
-0.00726497639,0.182779685,-0.0110583734,0.304833472
0.0597887449,0.119799733,0.100480132,0.20251441
0.108932599,0.0396066792,0.183271706,0.0672075972
0.131263271,-0.0369013026,0.217998073,-0.0600014776
0.127657473,-0.093288146,0.211133003,-0.15597634
0.106933028,-0.122294441,0.175568432,-0.204242736
0.0814376473,-0.125402287,0.133480102,-0.211192772
0.0622025691,-0.108663253,0.101157472,-0.182386771
0.0555616543,-0.0780803412,0.090639554,-0.133645833
0.0620948672,-0.0375280306,0.102262579,-0.0652445033
0.0775760114,0.00994530693,0.126922637,0.0135548878
0.0949200243,0.0591098852,0.157884598,0.0941769928
0.106182463,0.100791268,0.177488104,0.163993299
0.10422536,0.123516262,0.174676374,0.202124402
0.0842089057,0.118390635,0.143954143,0.19486706
0.0451538265,0.0846230686,0.0812272877,0.142240092
-0.00861828309,0.0321961194,-0.0105469823,0.0553910695
-0.0669592246,-0.0205651075,-0.109168231,-0.0326546989
-0.115283854,-0.0540109947,-0.189943269,-0.0886044949
-0.138331711,-0.0555733591,-0.230657786,-0.0899691656
-0.125573307,-0.0253561232,-0.212835267,-0.0407223105
-0.0763059855,0.0239728168,-0.13121374,0.0398316383
-0.00198175595,0.0729323104,-0.00859039836,0.122838356
0.0759767815,0.103654101,0.124719381,0.172462434
0.132817507,0.106767826,0.219713748,0.175137699
0.149385929,0.0836037621,0.249700278,0.134674191
0.119788945,0.0432900749,0.204415783,0.0698295236
0.0543999225,-0.00293020788,0.0958093926,-0.00641100761
-0.0234198496,-0.0466351323,-0.0354741998,-0.0769844055
-0.0858496055,-0.0838421732,-0.142252937,-0.137233526
-0.111024216,-0.113155372,-0.186833471,-0.183568582
-0.0910839513,-0.132601336,-0.15545164,-0.215132371
-0.034604881,-0.138062954,-0.0633480847,-0.225662351
0.0374119841,-0.124945208,0.0562474243,-0.208590537
0.100079812,-0.0922442228,0.160636738,-0.154559284
0.133993462,-0.046160806,0.220731243,-0.0822765604
0.131648049,-0.000199458562,0.219179645,-0.00582471956
0.098687388,0.0293927882,0.168126255,0.0447739437
0.0501211919,0.0310384315,0.0875576884,0.0519064888
0.00367820356,0.00410737237,0.0101596648,0.00861999672
-0.0267071631,-0.0398428552,-0.0428915247,-0.0634266287
-0.0348526724,-0.082240954,-0.0606844388,-0.135918543
-0.0228108317,-0.10680563,-0.0413343012,-0.176805139
0.0014601897,-0.10802196,-0.00140426494,-0.180724487
0.0276493281,-0.0938526541,0.042997051,-0.158801258
0.0462958738,-0.0806926489,0.0755877271,-0.135524049
0.0507747531,-0.0829608142,0.0830728561,-0.140033141
0.0380398817,-0.103091195,0.0627835616,-0.17118293
0.00859171525,-0.127982259,0.0138825784,-0.212524444
-0.0338944755,-0.134755582,-0.0568518862,-0.22621794
-0.083188422,-0.103521258,-0.139702857,-0.174301609
-0.131563053,-0.0305342618,-0.219463676,-0.0530875586
-0.171422929,0.0658257529,-0.280926257,0.106177986
-0.197251976,0.150598213,-0.315734029,0.242397651
-0.207210287,0.187719658,-0.326446027,0.302098185
-0.20360373,0.15825142,-0.322129697,0.260794997
-0.191827223,0.0719886571,-0.308609784,0.127144769
-0.178091601,-0.0342734829,-0.290762633,-0.0455393083
-0.166896895,-0.112159953,-0.272610903,-0.176416293
-0.15941377,-0.124170974,-0.263977736,-0.201554641
-0.153528303,-0.0625145733,-0.256058007,-0.105618179
-0.14548552,0.0451632701,-0.243495941,0.0720205978
-0.132272884,0.146651104,-0.216551676,0.240735918
-0.11354398,0.188207686,-0.182249367,0.308181465
-0.0921657458,0.139316007,-0.148127645,0.236829892
-0.0732015818,0.00763427885,-0.119841456,0.0218326692
-0.0619040392,-0.162943795,-0.101860218,-0.258695513
-0.0616858453,-0.310386747,-0.100113086,-0.480400324
-0.0729083344,-0.380607247,-0.117102705,-0.57352531
-0.0928231031,-0.349826008,-0.148158029,-0.538293004
-0.116463482,-0.23348321,-0.191982657,-0.380093932
-0.138001263,-0.078336373,-0.231443211,-0.134290814
-0.152134359,0.0579837672,-0.253157139,0.0925656185
-0.155287698,0.130400777,-0.251814485,0.2148287
-0.146543324,0.12261609,-0.236848354,0.207653269
-0.128141463,0.0499515608,-0.210255072,0.0911077708
-0.105222069,-0.0509160943,-0.174842358,-0.0773422346
-0.0844742209,-0.139348313,-0.141613171,-0.22490111
-0.0717350394,-0.186889529,-0.120656148,-0.303272545
-0.0692562908,-0.185480937,-0.116993755,-0.303725153
-0.0739490315,-0.145602167,-0.125813857,-0.241889253
-0.0779221952,-0.08711458,-0.133143336,-0.147814736
-0.07178545,-0.0284776781,-0.122729838,-0.0487250984
-0.0497269295,0.0202554427,-0.0856876895,0.0341671109
-0.0140335206,0.0581420287,-0.0239480305,0.098236233
0.0236325338,0.0889411345,0.0385265611,0.14877598
0.0457650386,0.115301155,0.0784886926,0.190854564
0.0366141014,0.135400549,0.0653149262,0.222646266
-0.00929795578,0.143862769,-0.00885561015,0.236982435
-0.0820624828,0.135891929,-0.127754912,0.225299194
-0.158001333,0.111563459,-0.253104091,0.185586691
-0.208365157,0.0771708488,-0.334230274,0.130256116
-0.211804464,0.0424258597,-0.343754083,0.0752900764
-0.164857537,0.0149866743,-0.273155808,0.0305233188
-0.0849585682,-0.00434194785,-0.145935416,-0.00273936801
-0.00365065597,-0.0224761125,-0.00993781444,-0.035642419
0.0475506261,-0.0498218462,0.0792228058,-0.0809268653
0.052205734,-0.0927958339,0.0870880112,-0.153161943
0.0174320452,-0.147207886,0.0293296669,-0.242186502
-0.0289275888,-0.196747214,-0.0481290445,-0.32035023
-0.0517849475,-0.218522102,-0.0889126435,-0.354566664
-0.0267931335,-0.193899006,-0.0517122224,-0.317809135
0.046008952,-0.119649604,0.0662384555,-0.201166347
0.140088439,-0.0134521481,0.224041611,-0.0281817857
0.213606805,0.0901165605,0.343376309,0.138604924
0.229035497,0.152574047,0.368702292,0.23860541
0.17184332,0.148327723,0.286566436,0.236949369
0.0589524731,0.0775322691,0.108611956,0.130495533
-0.0675957203,-0.0316693224,-0.106867105,-0.0469902717
-0.159132823,-0.133695036,-0.257648945,-0.211840659
-0.182317063,-0.185026109,-0.298759729,-0.293230981
-0.134006172,-0.164167747,-0.227909774,-0.265668392
-0.0418813564,-0.0826876462,-0.0804033577,-0.140741274
0.0493869223,0.018437745,0.0766065791,0.0281529985
0.0995742232,0.0862916782,0.166313276,0.13925983
0.0914524272,0.0797996074,0.157818168,0.132387966
0.0375803523,-0.0110290768,0.0710809454,-0.015273042
-0.0275561698,-0.15953134,-0.0410047285,-0.256866693
-0.065663293,-0.313429534,-0.105894126,-0.482889891
-0.053731177,-0.417602181,-0.0893675014,-0.613881946
0.00529431645,-0.438048393,-0.00345256249,-0.641414464
0.0850692689,-0.375843346,0.116239697,-0.571770549
0.149655282,-0.26465717,0.225209087,-0.423271298
0.171113044,-0.153367221,0.271443397,-0.256608516
0.141997814,-0.0825205147,0.234589174,-0.140095547
0.0770080239,-0.0662822798,0.132006794,-0.111714408
0.0038962306,-0.0885581374,0.0100574205,-0.147582546
-0.0508429743,-0.114670202,-0.0845599025,-0.189560279
-0.0738158599,-0.11201667,-0.125815287,-0.186387613
-0.0683928058,-0.0686346665,-0.118884638,-0.114792399
-0.0493061505,0.000142469944,-0.0858492181,-0.000412572175
-0.0322067402,0.0603434183,-0.0542371236,0.0992285162
-0.0245495122,0.0785584375,-0.0387318134,0.133106411
-0.0228459742,0.0412494801,-0.0355231352,0.0738894865
-0.017265385,-0.0363752022,-0.0269705486,-0.0551010668
-0.000198186943,-0.116938129,-0.00241564144,-0.19103232
0.0268072374,-0.159665689,0.0400761701,-0.2642802
0.0521911718,-0.141486019,0.0803375095,-0.237033933
0.060349796,-0.0691860691,0.0973103121,-0.121378884
0.0410425998,0.0240009688,0.0679950714,0.0330822133
-0.00328833493,0.0957526192,-0.00170379528,0.156007349
-0.0567779355,0.116848357,-0.0886979252,0.194642067
-0.0968406796,0.0863939077,-0.156690791,0.148406073
-0.105009601,0.0318808183,-0.173039794,0.0577230528
-0.0762255117,-0.00608130917,-0.130377039,-0.00652499078
-0.0216228031,0.00368681876,-0.0397877842,0.00494791754
0.0367055796,0.0651426092,0.0581512377,0.104860485
0.0762312114,0.151625425,0.126499236,0.244282469
0.0843184367,0.218936011,0.139865309,0.351337969
0.0630895197,0.228244632,0.108633675,0.367622674
0.0265725963,0.166914552,0.0528632775,0.277061999
-0.00798073411,0.0563185066,-0.00736006442,0.100815155
-0.0296981502,-0.0575506762,-0.0490162522,-0.0919815302
-0.0393842347,-0.125974283,-0.0679729506,-0.207611412
-0.0477799773,-0.120808333,-0.0827913657,-0.204832822
-0.0679476187,-0.0475095287,-0.115302801,-0.083763808
-0.10613066,0.058357425,-0.17595087,0.0925280824
-0.156236947,0.148872763,-0.24973391,0.240368009
-0.20113489,0.186439186,-0.313739687,0.300487995
-0.220329657,0.160010651,-0.346181273,0.261994153
-0.200222969,0.0873567462,-0.324604809,0.150981322
-0.141781256,0.00333564496,-0.236833751,0.0140135838
-0.0616924427,-0.0588005334,-0.107837528,-0.0942605361
0.0137292966,-0.0830705166,0.0191739574,-0.137907103
0.0591621846,-0.0758042186,0.0961459205,-0.128502712
0.0606206544,-0.0586218238,0.102415584,-0.10062287
0.0209696461,-0.0543150716,0.0372910276,-0.0916665494
-0.0416389257,-0.0738266036,-0.0672613382,-0.122394077
-0.101477847,-0.111117162,-0.168306574,-0.179746196
-0.135611057,-0.147809774,-0.223705634,-0.236260071
-0.132537872,-0.164061204,-0.221056387,-0.264251947
-0.0957514048,-0.149149269,-0.164465889,-0.243562818
-0.0411443524,-0.106173746,-0.0755670741,-0.176244676
0.0102870632,-0.04915962,0.0134314056,-0.0841397941
0.0412576571,0.00477001211,0.06786827,0.00482013216
0.044961758,0.0431691408,0.0763156191,0.0712622628
0.0272039678,0.0618745051,0.04824825,0.102384716
0.00317000085,0.0634995401,0.00793575309,0.106026106
-0.00981221534,0.0531668365,-0.0139860976,0.0887063518
-0.000598912768,0.0351454839,-0.00218380545,0.0603376925
0.0298105143,0.0127104791,0.0491519719,0.022418974
0.0673895478,-0.00937860925,0.112708732,-0.0163854975
0.0901110172,-0.0227512214,0.150255144,-0.0402717218
0.0773037374,-0.0166982077,0.129774988,-0.0312506892
0.0197018683,0.0165198091,0.0360299125,0.0228527859
-0.0742162615,0.0750396773,-0.118775383,0.120287433
-0.17892313,0.144100696,-0.284379661,0.231968641
-0.260154933,0.199685052,-0.399944305,0.313267797
-0.288037091,0.218856722,-0.437142879,0.34093073
-0.249684677,0.19208771,-0.389902771,0.308512241
-0.15560092,0.130578279,-0.25488174,0.222035497
-0.036506176,0.0632894337,-0.0631386042,0.112697184
0.0686234534,0.0236378442,0.112193041,0.040648941
0.12837787,0.0318530351,0.212314993,0.0475904085
0.131561428,0.082349278,0.218714118,0.128102481
0.0907969624,0.143817037,0.154563352,0.229843602
0.0353139266,0.173489064,0.0645873249,0.283623904
-0.00367876538,0.139291018,0.000367409695,0.23385179
-0.00793916639,0.038597554,-0.00973257981,0.072369948
0.0198956672,-0.0968704522,0.0324663371,-0.154690772
0.0593169518,-0.213835552,0.091895543,-0.343421251
0.0841976479,-0.262540668,0.129465088,-0.420326382
0.0777888224,-0.221780464,0.120651856,-0.364599645
0.0424162969,-0.110830419,0.0673191324,-0.192835882
-0.00148161617,0.018563129,-0.00290377997,0.0241008569
-0.026705429,0.106817588,-0.043027807,0.175424516
-0.0150934979,0.115650922,-0.0232095849,0.197732478
0.0308433697,0.0468876287,0.0525025874,0.0852167755
0.0871804208,-0.0588757023,0.144544467,-0.0930698439
0.119853832,-0.143260911,0.195200115,-0.233546108
0.102611139,-0.16004917,0.166829988,-0.268733591
0.0324059241,-0.0986304805,0.0536878519,-0.173290402
-0.0661320314,0.0111527517,-0.108348206,0.0111992825
-0.150187388,0.115174502,-0.242658883,0.18659839
-0.178113773,0.16361782,-0.286377162,0.268069655
-0.129320025,0.136930838,-0.212363183,0.232189834
-0.0148060853,0.0555624738,-0.0283453371,0.100981697
0.127020478,-0.0314744003,0.20425792,-0.0474267453
0.247310713,-0.0729768798,0.389903188,-0.120205857
0.308241755,-0.0428203195,0.480784774,-0.0765894651
0.298586994,0.0462382808,0.470705092,0.0596549548
0.236161634,0.149311125,0.379113764,0.225303575
0.156670362,0.212853074,0.257893622,0.333321214
0.095268704,0.202287674,0.161147833,0.329148382
0.0704502091,0.119259112,0.122693099,0.202373892
0.0780845135,-0.00026192161,0.132119358,0.0056316494
0.0976682678,-0.105510361,0.161620826,-0.1728248
0.106309511,-0.157321617,0.170873418,-0.260056317
0.0921645463,-0.147262156,0.149458468,-0.247188494
0.0599257015,-0.0995947272,0.0986371785,-0.170241266
0.0258615259,-0.0555783324,0.0431448109,-0.0967259109
0.00599900261,-0.0490690544,0.00943380222,-0.0817836449
0.00488424161,-0.0868760645,0.00617801817,-0.141788825
0.0118519766,-0.144543856,0.018487826,-0.237740859
0.00722780265,-0.179793611,0.00954221562,-0.295846492
-0.025026029,-0.156346872,-0.0419168919,-0.262124866
-0.0856565237,-0.065329127,-0.143109351,-0.115354985
-0.156605497,0.0672435462,-0.257050633,0.104632057
-0.208366871,0.19106406,-0.327580214,0.302400351
-0.21482715,0.254980981,-0.331464231,0.401385576
-0.167778641,0.231489271,-0.262669295,0.374103695
-0.0830752701,0.13005659,-0.135672331,0.226051062
0.00540197035,-0.00713505084,0.008862813,-0.00226500561
0.0613944568,-0.124610052,0.101325572,-0.202329844
0.0637678355,-0.178437471,0.102806859,-0.294843048
0.0169380624,-0.154543906,0.0264353491,-0.261840075
-0.0511963926,-0.0723254904,-0.0867490023,-0.126197308
-0.102884158,0.0270827226,-0.172025576,0.0409912504
-0.108919434,0.10117726,-0.180358484,0.167854428
-0.0626816377,0.124841109,-0.104916014,0.211170182
0.0169753116,0.0989245176,0.0266776048,0.169207066
0.0950804055,0.0457794219,0.157227367,0.0783683881
0.137201607,-0.00459103985,0.228066981,-0.00806969777
0.125139758,-0.0300121605,0.209520668,-0.0516746938
0.0643548965,-0.0256095547,0.110838614,-0.0473570973
-0.0196937136,-0.0034745927,-0.0285096988,-0.00882808119
-0.0936003774,0.0160151031,-0.153139547,0.0274789892
-0.13008745,0.015842814,-0.214010373,0.0289851688
-0.117575116,-0.00918709859,-0.19644919,-0.00874856394
-0.0617967024,-0.0509516299,-0.107155591,-0.0806227848
0.0196396094,-0.093288146,0.026832493,-0.152984753
0.105653934,-0.12050993,0.16976665,-0.198302671
0.178488448,-0.12449345,0.285997391,-0.206552595
0.226406693,-0.107066706,0.359380364,-0.17784065
0.242894605,-0.0773034468,0.386909187,-0.131023481
0.225031048,-0.0460063592,0.363632083,-0.0814619064
0.173554376,-0.0207673386,0.287922949,-0.0397297069
0.0950733572,-0.00413032621,0.16253382,-0.011680278
0.00438815961,0.00475654658,0.011684644,0.00704166014
-0.0762005076,0.00672608241,-0.123736605,0.010861787
-0.12248145,5.75078157e-05,-0.203447059,0.0040865927
-0.117712207,-0.0192473512,-0.198432118,-0.0275212303
-0.0616864748,-0.0543093085,-0.108083792,-0.0852611288
0.0256473124,-0.103198394,0.0362033322,-0.167632952
0.109281667,-0.15650183,0.173229381,-0.254572451
0.152135223,-0.198732242,0.241354316,-0.32128343
0.13084349,-0.213741392,0.207872495,-0.348572284
0.0471750349,-0.192060739,0.0782406777,-0.319662154
-0.0707129687,-0.136697203,-0.115940109,-0.230886474
-0.178540856,-0.0641617998,-0.292589873,-0.106361821
-0.233682036,0.000573561236,-0.379085213,0.00264539244
-0.212771118,0.0337024964,-0.347879678,0.0616473556
-0.121374004,0.0229143538,-0.206249848,0.0459187441
0.00848173443,-0.0262440387,0.00866707508,-0.0372182392
0.131611869,-0.0913026854,0.212445661,-0.14731212
0.207732603,-0.141372055,0.331356674,-0.230404675
0.216380343,-0.150009066,0.344338983,-0.246012792
0.162694469,-0.106943697,0.267609715,-0.184479713
0.0725492537,-0.0232581664,0.123655207,-0.0481651202
-0.0196868069,0.0727361292,-0.0304296445,0.116167992
-0.0846668333,0.147516832,-0.135215521,0.242364764
-0.107053541,0.177064702,-0.171525463,0.29289028
-0.0871099904,0.157520741,-0.141246676,0.263981134
-0.0358758382,0.106640585,-0.0570462681,0.183961168
0.0323079824,0.0551011413,0.0522856265,0.0943972096
0.105686143,0.0315997005,0.173151717,0.0528050624
0.176894829,0.0488654189,0.287519157,0.0760573223
0.240953952,0.0974837989,0.384811163,0.150885224
0.291888118,0.15074493,0.454358459,0.226933762
0.320906371,0.178268924,0.492981076,0.265795469
0.31779319,0.161649033,0.491759241,0.243687645
0.275010496,0.10415107,0.439987153,0.161305681
0.192259282,0.0293781813,0.321401238,0.0454961658
0.0788528621,-0.0305892304,0.138833761,-0.0547190048
-0.0476610959,-0.0515746735,-0.0755139887,-0.0881355703
-0.166295305,-0.0297176763,-0.271702826,-0.0494485497
-0.258843213,0.0166397355,-0.413397968,0.028688794
-0.314944834,0.0566945896,-0.490280092,0.0930500254
-0.334093869,0.0635013059,-0.516264141,0.106125847
-0.324154198,0.0282515716,-0.503435493,0.0538040362
-0.297418177,-0.0350884646,-0.469168544,-0.0456783697
-0.266015172,-0.0972508192,-0.423670679,-0.145308629
-0.238345459,-0.129171222,-0.382257074,-0.200267509
-0.217439443,-0.117063634,-0.352826893,-0.186748996
-0.201250568,-0.068832919,-0.330561817,-0.112291463
-0.184318423,-0.00840709638,-0.304691315,-0.0137586836
-0.160114497,0.0386414379,-0.264174402,0.0668293908
-0.123529136,0.0598372072,-0.205448523,0.102835916
-0.0730884746,0.0622621924,-0.123778701,0.10804905
-0.0124517987,0.0667871237,-0.0224971175,0.112968765
0.0493738353,0.0932760239,0.0801226795,0.154270351
0.0995953903,0.145531356,0.164576963,0.23525089
0.125012964,0.205418542,0.204692781,0.326956004
0.116475128,0.240736067,0.191697508,0.380937219
0.0729083344,0.223490372,0.126143619,0.361246765
0.0031525516,0.148686618,0.0130262999,0.2495673
-0.0756203458,0.0424329117,-0.119116038,0.0751226768
-0.142854318,-0.0467972122,-0.233583093,-0.0729661062
-0.181368783,-0.0709016398,-0.298112154,-0.112407163
-0.183358118,-0.00788438041,-0.305827349,-0.015785614
-0.153093964,0.123122483,-0.254219174,0.196612984
-0.104990199,0.266654968,-0.166895583,0.4207578
-0.0576022603,0.354773819,-0.0838465616,0.545891166
-0.0259308964,0.339134067,-0.0315369405,0.529264271
-0.0152565157,0.215498507,-0.0166337136,0.358917356
-0.0192039907,0.0280161258,-0.0255864747,0.0575086549
-0.0229981449,-0.149632767,-0.038056273,-0.23985143
-0.0106369192,-0.247562528,-0.021707762,-0.397156119
0.0270585138,-0.231437385,0.035722997,-0.378155351
0.0870763585,-0.117287658,0.134317681,-0.202195123
0.154093176,0.0375478975,0.249005049,0.0528600216
0.206020102,0.162426546,0.331281602,0.253165901
0.223205358,0.206231639,0.356447339,0.320944697
0.197566152,0.159029111,0.324467719,0.253567576
0.137669921,0.0527701676,0.236292377,0.0895315334
0.0671826378,-0.057863377,0.116412647,-0.0935196131
0.0166805331,-0.1235919,0.0264070239,-0.205327004
0.0116064632,-0.123064183,0.0146221146,-0.206259742
0.0610201098,-0.0691630095,0.0937004834,-0.119425431
0.151898608,0.00237810775,0.24565734,0.000908616115
0.251894683,0.0543034114,0.401678085,0.0828424245
0.320237964,0.0669534951,0.49930048,0.0997000784
0.323081821,0.0454214588,0.505922079,0.0663105771
0.247448266,0.012422285,0.40365392,0.0142552499
0.108023338,-0.00741644856,0.186591774,-0.0188283268
-0.0564394407,-0.00197716593,-0.0873123854,-0.00772666838
-0.196297273,0.0233173352,-0.315928757,0.0379079357
-0.268975526,0.0517136045,-0.427597135,0.0862617418
-0.254688352,0.0675789863,-0.409300715,0.11472027
-0.163544342,0.0667065829,-0.27338022,0.116460308
-0.0310397595,0.057985682,-0.0579141453,0.101764776
0.0962710455,0.0557678379,0.156319648,0.0933636576
0.17898789,0.0683198944,0.291767448,0.107713975
0.199363127,0.0903138965,0.326592237,0.140382394
0.166134372,0.104788765,0.276789695,0.165706888
0.108013175,0.0939591229,0.185205564,0.153993756
0.0591587014,0.0523601286,0.10287983,0.0875050277
0.0434281938,-0.00621836865,0.0738600269,-0.00716725411
0.0645223632,-0.0533176437,0.106897809,-0.0886567011
0.106194258,-0.0604544133,0.173607513,-0.103826933
0.141870022,-0.0160010122,0.231839254,-0.0329686329
0.148635015,0.0656103492,0.243693382,0.100122429
0.11865443,0.148597956,0.198826194,0.236673892
0.0625865087,0.19309786,0.109272353,0.312551618
0.00363015523,0.176319733,0.013579376,0.291727364
-0.0345097259,0.106118865,-0.0543461032,0.182974681
-0.0395396277,0.0190182179,-0.0644860044,0.0367366523
-0.0163916573,-0.0371773392,-0.0292718373,-0.0607232712
0.0158723742,-0.0276721735,0.0229749139,-0.0491761081
0.0343605094,0.0506380126,0.0549684726,0.0777094662
0.0245654676,0.165981352,0.0415018946,0.2672337
-0.0116818938,0.265969157,-0.0134713398,0.420719981
-0.0565042049,0.302222013,-0.0812616721,0.476103902
-0.0843746439,0.253002435,-0.127187639,0.410669893
-0.0745071173,0.132723734,-0.118564337,0.229757175
-0.02125418,-0.015819883,-0.0368852839,-0.0171199981
0.0623941906,-0.141783401,0.0984287336,-0.229318067
0.149719566,-0.208422154,0.23339951,-0.335614175
-0.0490990244,0.0196396094,-0.0735708252,0.00453589205
-0.0515284687,0.0402369872,-0.089659825,0.0796213225
-0.0465232097,0.0230466947,-0.0757566988,0.0424360447
-0.0306757819,-0.0139464187,-0.0519596525,-0.0198395029
-0.0069048414,-0.0442110263,-0.0145245856,-0.0736023858
0.0161631908,-0.0472349413,0.0252786651,-0.0783711895
0.0283570848,-0.0191444494,0.0455664843,-0.0350597091
0.0236675125,0.0261818022,0.0403145254,0.0410754159
0.0043410561,0.0658284277,0.00913909636,0.10808561
-0.0192299914,0.0813343674,-0.02881887,0.136455759
-0.0333037712,0.0693367273,-0.0541648977,0.11857041
-0.0281575676,0.0434006006,-0.0460354015,0.0750491619
-0.00424106373,0.0260265153,-0.00890294183,0.0441912115
0.0264275707,0.0353317969,0.0433251001,0.0575633273
0.0449730791,0.073889412,0.0736852214,0.12113741
0.0347187631,0.12601909,0.0614765026,0.205799744
-0.00963007659,0.165135741,-0.0105530126,0.270814836
-0.0773517862,0.167201817,-0.119117074,0.273883939
-0.144399837,0.123009503,-0.228988975,0.206762448
-0.182770163,0.0427718423,-0.296108037,0.0785020217
-0.172595769,-0.0491462052,-0.285382658,-0.0721957088
-0.111504041,-0.126073033,-0.188194603,-0.19956395
-0.0168468636,-0.170718998,-0.0357025564,-0.277621925
0.0803888589,-0.180454522,0.124103986,-0.29433614
0.147391379,-0.163981527,0.233334109,-0.26979655
0.161902308,-0.132410631,0.260979056,-0.221377596
0.119905517,-0.0910185203,0.199437782,-0.156843871
0.0357031971,-0.0373122804,0.0635677204,-0.0694566593
-0.064981088,0.0331825353,-0.105607979,0.050941892
-0.155217201,0.117268816,-0.249931574,0.190795958
-0.215700284,0.197526768,-0.338007182,0.314901352
-0.238787845,0.244699284,-0.364203393,0.383221567
-0.227108166,0.229840428,-0.350828826,0.364916444
-0.188820779,0.140880689,-0.301689088,0.237097368
-0.132849306,-0.0054708831,-0.219004452,0.00396251306
-0.0666551441,-0.164410904,-0.112843677,-0.259571701
0.00300707831,-0.278360426,-0.00214009406,-0.438977152
0.0680551901,-0.301240981,0.0970316976,-0.476789951
0.118321568,-0.22056067,0.181964859,-0.363932014
0.143689245,-0.066104427,0.231555089,-0.119895838
0.138601571,0.100209534,0.227318525,0.154557511
0.106426418,0.209801272,0.177332565,0.333338648
0.0606008656,0.217055112,0.107461855,0.351998299
0.0208576173,0.119476788,0.0426173173,0.204439372
0.00548915705,-0.0410914235,0.012305676,-0.060291186
0.0230689291,-0.196864277,0.0342892148,-0.314774394
0.067851685,-0.283621311,0.0997966677,-0.44860664
0.121596932,-0.267791271,0.183909461,-0.428274274
0.161437854,-0.159040719,0.253357917,-0.267172188
0.170258254,-0.00340471254,0.277136952,-0.0176673625
0.144564286,0.138850302,0.239728212,0.217403159
0.0959315002,0.219713628,0.163601562,0.349885494
0.0452919193,0.222127825,0.0818608627,0.361866564
0.0129622603,0.163280711,0.0290172938,0.273228943
0.00947278272,0.0825868323,0.0182345752,0.144094333
0.0317539722,0.0214335267,0.0530904792,0.0377361178
0.0663205162,0.00476386026,0.108889304,0.00726762321
0.0973247886,0.0325461999,0.160531327,0.0489693508
0.114794247,0.0836319104,0.19025293,0.133355752
0.118439786,0.128476202,0.197388232,0.208207756
0.11510402,0.143628582,0.19173263,0.233993843
0.111721978,0.121170178,0.188052922,0.198627263
0.10842935,0.0697112605,0.183144942,0.116072364
0.0965380892,0.0080298204,0.164424956,0.0154201062
0.0633352622,-0.0443935245,0.107662037,-0.0765589625
0.00150791346,-0.0751240551,0.00468430482,-0.127865285
-0.0822089761,-0.0818201154,-0.132775381,-0.137032285
-0.164879054,-0.0704498515,-0.270114541,-0.11451818
-0.21441555,-0.0507875755,-0.348264903,-0.0792025253
-0.203626335,-0.031936042,-0.334706157,-0.0479937904
-0.124793388,-0.0197235215,-0.212303132,-0.027146304
0.00284765312,-0.0162723456,-0.00347785535,-0.0231590644
0.137557238,-0.0208614729,0.222220019,-0.0336783417
0.23069194,-0.0309677422,0.369897783,-0.0535309985
0.247003078,-0.0429204367,0.398467898,-0.0755133927
0.18037793,-0.0523250327,0.299873143,-0.0922652632
0.0574250557,-0.0547157228,0.10220366,-0.0963701531
-0.0732074082,-0.04661984,-0.117429189,-0.0808298886
-0.161186323,-0.0266787186,-0.265502334,-0.0442986675
-0.175304115,0.00382431154,-0.292182356,0.00950735528
-0.11531423,0.0414351597,-0.195745811,0.0712341815
-0.00969434436,0.081775181,-0.0207868982,0.138610289
0.0990130529,0.120799787,0.16132845,0.198541611
0.173818856,0.155309409,0.282443464,0.247812763
0.198379204,0.182558343,0.320079893,0.286929756
0.180771068,0.199605957,0.292341202,0.312427312
0.145109057,0.203424379,0.23855716,0.324354291
0.116275758,0.192330614,0.192533582,0.309636295
0.106214583,0.168221846,0.175679192,0.273453504
0.108934075,0.138062701,0.181101829,0.225081861
0.106399998,0.11291001,0.178460181,0.184107229
0.081531696,0.103830658,0.139009044,0.169782802
0.0307274032,0.11595457,0.0549698062,0.189087018
-0.0313127227,0.143551335,-0.0470780581,0.235323176
-0.0774471238,0.169304565,-0.122616418,0.278270423
-0.0817525536,0.169403076,-0.132798761,0.280445248
-0.0337494351,0.123232931,-0.0563844927,0.210399747
0.0545460433,0.0237475373,0.0894204602,0.0494633354
0.152844578,-0.116442166,0.247707829,-0.185043603
0.226289973,-0.266790867,0.344775856,-0.408714116
0.251798779,-0.388484925,0.358624279,-0.561320424
0.228639022,-0.448400378,0.314516932,-0.63075459
0.177689523,-0.431464344,0.247465879,-0.623699605
0.129627764,-0.346053958,0.189911529,-0.533646941
0.108087741,-0.220172375,0.168281704,-0.362674326
0.116595633,-0.0903178379,0.187156066,-0.156368732
0.136326611,0.0118628321,0.222724035,0.0143068843
0.136245146,0.0694092587,0.226886407,0.110104367
0.0907329842,0.082746014,0.155938834,0.134987012
-0.00432774192,0.0652462095,0.0015552995,0.109613314
-0.125675589,0.0348828696,-0.202197969,0.0581492595
-0.230819941,0.00642217975,-0.369798899,0.0139704049
-0.277053684,-0.0125495289,-0.440947235,-0.0153943095
-0.242460474,-0.0211076047,-0.395201951,-0.0270952564
-0.138532743,-0.0217944309,-0.236255839,-0.0302926563
-0.00758833671,-0.017505331,-0.0202405285,-0.0246182438
0.0947468877,-0.0103025017,0.155673385,-0.0172451939
0.124468796,-0.0020819495,0.209165454,-0.00811017305
0.0700934827,0.00450850511,0.122927301,0.00173238432
-0.0405206233,0.00657997141,-0.0617234744,0.00956162158
-0.151260391,0.00323373522,-0.245269015,0.00651618838
-0.202368826,-0.00201924704,-0.332990915,0.000621477724
-0.157773152,-0.00103988277,-0.266419262,0.0040156357
-0.0227410179,0.015506288,-0.0478014015,0.0300908685
0.156438813,0.0519853085,0.247720733,0.0844525769
0.311085999,0.102186725,0.481081963,0.152491987
0.379146934,0.148253217,0.568680286,0.21329236
0.331903458,0.166329056,0.513422787,0.245008811
0.186576292,0.137477264,0.312514126,0.216663584
-0.000762049633,0.0588920638,0.012162555,0.0996286944
-0.158830449,-0.0508083925,-0.253855914,-0.0771282688
-0.230901346,-0.156267747,-0.369089723,-0.240169689
-0.197651476,-0.219300777,-0.321851045,-0.339372218
-0.0833218098,-0.216176555,-0.148427591,-0.346749216
0.0570132919,-0.149867296,0.0814564005,-0.249899626
0.162830979,-0.050527364,0.262277603,-0.0904294252
0.194499135,0.0371107161,0.318140149,0.0533605181
0.148812607,0.0741432458,0.250757128,0.117019728
0.0572515316,0.0460725427,0.103550471,0.0782849938
-0.0314094685,-0.0297407471,-0.047254134,-0.0458495244
-0.0753714517,-0.11191608,-0.125965849,-0.181038946
-0.059301164,-0.154850125,-0.105042748,-0.251810104
-1.01568139e-05,-0.131048515,-0.00848448835,-0.217361644
0.0638894439,-0.0450621396,0.100542568,-0.079778567
0.0928388461,0.0679292083,0.153812438,0.104585446
0.0672229007,0.1583139,0.115227371,0.255170256
-0.00204031682,0.185154721,0.00505537493,0.302255124
-0.0784305781,0.134966463,-0.120070376,0.227613896
-0.117889643,0.0271936432,-0.191608027,0.0539395362
-0.0912040398,-0.0958744437,-0.154209852,-0.149318993
0.000265171257,-0.189314634,-0.00838566478,-0.305667102
0.123333156,-0.225690544,0.187057644,-0.361671776
0.227120772,-0.205350727,0.347914398,-0.326951742
0.266076684,-0.152515784,0.414999157,-0.24732101
0.221105218,-0.100091763,0.358677119,-0.17022568
0.108845644,-0.0716500878,0.186673522,-0.124962218
-0.0252987519,-0.0699634925,-0.0373944864,-0.11832346
-0.127174661,-0.0775948539,-0.207939446,-0.126846284
-0.157679856,-0.0685196444,-0.262350142,-0.109885313
-0.109444015,-0.0240962859,-0.189018399,-0.0387402214
-0.00893667806,0.0552415736,-0.0224459935,0.0910976902
0.0966017097,0.148595914,0.155259773,0.240300685
0.161046043,0.223970711,0.259705007,0.351884872
0.159897536,0.25332135,0.260339826,0.395358115
0.100207672,0.225565523,0.170908809,0.362426013
0.0158707779,0.151245877,0.0343436971,0.25181672
-0.0489617921,0.0570334978,-0.0769095495,0.100809969
-0.0603670813,-0.0266369302,-0.101048395,-0.0391576737
-0.00971821509,-0.0784254074,-0.0222913437,-0.127601147
0.0830441713,-0.093384631,0.132206097,-0.156022087
0.178705499,-0.0819168463,0.284566343,-0.136386633
0.235847443,-0.0619213022,0.37851885,-0.104991898
0.227898121,-0.0487589762,0.370133013,-0.0844976977
0.153032809,-0.0481275804,0.257669866,-0.0859784782
0.0334925912,-0.0548495501,0.0619743317,-0.0948758796
-0.0943368077,-0.057286825,-0.153157786,-0.096250698
-0.194109917,-0.0444058403,-0.315847009,-0.0708424002
-0.241936311,-0.0116813602,-0.391211718,-0.0158541538
-0.232597843,0.0368124284,-0.378721088,0.0614305884
-0.178298146,0.0905160755,-0.294660389,0.1516442
-0.10176637,0.137050077,-0.169937789,0.228152186
-0.0272709895,0.166920558,-0.0451219417,0.27665481
0.0269503277,0.176275462,0.0469963774,0.290598929
0.0527133197,0.167058334,0.0906753093,0.275764555
0.0520007052,0.14519839,0.0909988359,0.238875747
0.0341365598,0.118086278,0.0610230677,0.195835695
0.0115259439,0.0924128219,0.022644667,0.15511778
-0.00464852294,0.0728503689,-0.005822103,0.122786991
-0.00775285903,0.0615265332,-0.0106107928,0.103883557
0.00263152691,0.058059372,0.00490574725,0.0975718647
0.0210972447,0.0600302592,0.0345365666,0.100436799
0.0388499871,0.0638904497,0.065339081,0.104825869
0.0475587472,0.0662114173,0.0812681317,0.110126935
0.0432727709,0.0649244636,0.0736381933,0.107519984
0.0286899619,0.0600028485,0.0501429141,0.0982215777
0.0124373678,0.0531772152,0.023199955,0.0874582455
0.00522548845,0.0467675887,0.0109790824,0.0770914629
0.0143291298,0.0422833003,0.0239074975,0.0715070441
0.0390145294,0.0396712236,0.0644782633,0.0657454357
0.0695081577,0.0377357714,0.115347117,0.061920777
0.0906515047,0.0354594588,0.152109638,0.0567904003
0.0890538767,0.0332264304,0.150698438,0.0526856109
0.060486909,0.0328492671,0.103244938,0.0536284149
0.0136402631,0.036027316,0.0268827658,0.0584960319
-0.03227273,0.0420615338,-0.0509503931,0.0699924976
-0.0556817576,0.0465369374,-0.0923451409,0.0800385624
-0.0431698672,0.0425287187,-0.0732583404,0.0734349117
0.00271687703,0.0245335586,0.00317333313,0.0444882736
0.0625891685,-0.00658950815,0.101735547,-0.00857301988
0.107439324,-0.0406960249,0.17657806,-0.0678235888
0.111233942,-0.0601534508,0.186184794,-0.103168778
0.0632884055,-0.046902068,0.107440911,-0.0823311731
-0.0254442953,0.00774769671,-0.0395767055,0.00662035728
-0.125470489,0.0954107419,-0.204044551,0.153253123
-0.200261503,0.189837471,-0.315687716,0.301348984
-0.221240029,0.255090445,-0.339733422,0.398048609
-0.179618776,0.260284901,-0.279831886,0.414481401
-0.0898626596,0.194567442,-0.145024478,0.325835854
0.0166219734,0.0748619214,0.0284104235,0.133864805
0.104550123,-0.0584451668,0.173278853,-0.0932570696
0.148656115,-0.157209411,0.240448728,-0.256053805
0.142450079,-0.186184287,0.227275446,-0.306750536
0.0985316709,-0.139141977,0.159332573,-0.236060455
0.0411520861,-0.0424678139,0.0666662678,-0.0781125799
-0.00494662393,0.0561434291,-0.00893282611,0.090688929
-0.0242214929,0.109121323,-0.0393441394,0.182287261
-0.0147022009,0.0907015204,-0.0231298637,0.155920744
0.0138595933,0.00857207179,0.0245935619,0.021329144
0.0460597016,-0.100114591,0.0762478188,-0.160887554
0.0676537082,-0.186418191,0.107199311,-0.304345101
0.0701153055,-0.21237497,0.109492734,-0.348064661
0.0517945848,-0.167853132,0.0811353922,-0.281260878
0.016518807,-0.0735930875,0.0242967755,-0.130077019
-0.0285318196,0.0304753613,-0.0470785573,0.0455670878
-0.0742473081,0.105228618,-0.120260008,0.173559785
-0.110181905,0.130348504,-0.176713854,0.217033893
-0.12534748,0.111474536,-0.204705209,0.188209936
-0.110371001,0.0736079365,-0.182520479,0.127157584
-0.0611369982,0.0451098084,-0.103957862,0.0796794891
0.017513575,0.041355066,0.0252822023,0.070990175
0.110409506,0.0568783283,0.180711269,0.0932305381
0.194906861,0.069924064,0.315925092,0.111109503
0.247977704,0.0564302206,0.399325192,0.0874349475
0.255110532,0.00536842784,0.413087279,0.00669722212
0.217044175,-0.0732485875,0.35591355,-0.119659469
0.150711894,-0.152245283,0.246369362,-0.248871714
0.0831286982,-0.201023832,0.13396506,-0.329720974
0.0402886868,-0.201720864,0.0616759099,-0.332149744
0.0357906856,-0.158988968,0.0530601405,-0.264665842
0.0644423589,-0.0980320945,0.100458384,-0.165760383
0.104075745,-0.0518203974,0.169430673,-0.0892733485
0.125103071,-0.0441715308,0.207767293,-0.073197715
0.103712432,-0.0775363594,0.174674481,-0.130386963
0.0328297205,-0.131772593,0.0575507954,-0.21846284
-0.0740493536,-0.174371019,-0.117836356,-0.28586337
-0.187787607,-0.176666602,-0.301807314,-0.283546925
-0.274954528,-0.127657473,-0.434867948,-0.199377254
-0.310486704,-0.0386119001,-0.489367902,-0.0584323816
-0.286258608,0.0633106381,-0.455855191,0.101987191
-0.212361783,0.148469597,-0.342604131,0.241084725
-0.111381657,0.197883546,-0.181098267,0.323658198
-0.00898879021,0.20950596,-0.0136353662,0.345489621
0.0746877715,0.195218071,0.123509347,0.319380581
0.129527986,0.171321049,0.213334426,0.277438223
0.154893726,0.148634821,0.255417734,0.239226148
0.155808136,0.128000394,0.259338021,0.205762208
0.138763174,0.103367329,0.233897313,0.167494327
0.109504797,0.0698999092,0.18704167,0.115070358
0.0733283535,0.0314258151,0.1269245,0.0518645942
0.0365552939,0.00187623105,0.0625566468,0.00263391458
0.00709113805,-0.00104230526,0.0130357454,-0.00376229989
-0.00729324017,0.0331109054,-0.0117974337,0.0528232157
-0.00256722281,0.0980829149,-0.00482410053,0.160558477
0.018090833,0.16921179,0.0306551997,0.274479479
0.043440666,0.211755335,0.0727735534,0.344082087
0.0573168844,0.196212068,0.0973015055,0.319781393
0.0450049005,0.113456793,0.0802456886,0.192429543
0.000134734713,-0.0180676989,0.00543905422,-0.0245305523
-0.0712939203,-0.157430425,-0.11473278,-0.254570752
-0.152027547,-0.257071286,-0.240586847,-0.402088463
-0.219684288,-0.28262791,-0.341892034,-0.431592822
-0.255283058,-0.227774084,-0.402136534,-0.351183146
-0.250323147,-0.11724212,-0.402136862,-0.18679899
-0.209222719,0.00342079415,-0.34457159,0.0055552274
-0.146185502,0.0867828876,-0.243684337,0.146364257
-0.0782727301,0.102755688,-0.129569501,0.17522867
-0.018228462,0.0498597324,-0.029668957,0.0889780447
0.0294585098,-0.04587432,0.0496191047,-0.071721904
0.0676086023,-0.143146992,0.109404691,-0.233774707
0.101498142,-0.202835187,0.158876717,-0.329692334
0.133109644,-0.202969417,0.208573952,-0.331968427
0.157887429,-0.145358145,0.250374764,-0.241624177
0.165969178,-0.0521451458,0.269479841,-0.0936054885
0.147384435,0.0449788645,0.243197083,0.0675701872
0.0984948575,0.117508441,0.16823414,0.190472975
0.0261568893,0.149441883,0.048904188,0.24459058
-0.052872058,0.140189573,-0.0801382214,0.23403956
-0.117423162,0.101324767,-0.188822612,0.170136467
-0.149992302,0.0499356464,-0.24520658,0.0875806957
-0.143762022,0.00207909429,-0.239440888,0.00884586666
-0.1053598,-0.031187674,-0.17876938,-0.0497332066
-0.0520962253,-0.0446468778,-0.0915458873,-0.0721697658
-0.00492861494,-0.037743248,-0.0115828067,-0.0636768341
0.0197509788,-0.0130849816,0.0319341272,-0.023505006
0.0160289127,0.0242692977,0.0293908212,0.0367143713
-0.0102048265,0.0668011829,-0.0146188559,0.108949929
-0.0447088666,0.104773879,-0.070743829,0.173403546
-0.0713092759,0.127747372,-0.114569373,0.212067753
-0.0784405395,0.127560809,-0.127093002,0.213760689
-0.0632338673,0.101803549,-0.103395969,0.17303741
-0.0318643376,0.056040965,-0.0526791885,0.0987414047
0.00351755531,0.00325931283,0.0045564007,0.00862174481
0.0297184084,-0.0398581401,0.0493892953,-0.0652108788
0.0373220779,-0.0586613677,0.0611489601,-0.0990223885
0.0237864647,-0.0459656082,0.039665442,-0.081071943
-0.00596672576,-0.00478462642,-0.00939160679,-0.0120552946
-0.041374281,0.0529599823,-0.068331793,0.0848452598
-0.069723554,0.1113028,-0.113594837,0.184461847
-0.0802370831,0.156585112,-0.129551768,0.258252472
-0.0675964803,0.182506874,-0.107422814,0.299639463
-0.0338758491,0.191690594,-0.0538968034,0.315303832
0.01181377,0.193190962,0.020870572,0.317160666
0.0560887009,0.19726713,0.0939882398,0.320907176
0.0858037323,0.209980294,0.143408269,0.337834209
0.0928788483,0.230190739,0.154428765,0.367421597
0.0776122436,0.250309527,0.130396143,0.397245616
0.0489474908,0.260305285,0.0854807124,0.414074987
0.0212206952,0.252884835,0.0401319377,0.406268954
0.00840268563,0.227228552,0.0199815053,0.369096518
0.0181220789,0.189426407,0.0327422097,0.312296927
0.0481278747,0.149443537,0.0817463994,0.249352649
0.0869891569,0.116198741,0.144481659,0.191830441
0.118990079,0.0932866186,0.19781588,0.152975768
0.13116692,0.0775324479,0.21868223,0.125094995
0.119251676,0.0611101463,0.201460764,0.0986561105
0.089618355,0.0361184254,0.152382776,0.0586044714
0.0561401956,-0.000761714007,0.0971890464,-0.000734957284
0.0333482251,-0.0459555387,0.0566733703,-0.0744787455
0.0292059891,-0.0902525261,0.0466501005,-0.149506167
0.041148439,-0.123015724,0.0654570162,-0.203256175
0.0575033166,-0.137202069,0.0922058076,-0.227059782
0.0637092143,-0.132645488,0.103422746,-0.221182615
0.0502168089,-0.115977757,0.082638815,-0.194395065
0.017947223,-0.0973283648,0.0298137255,-0.164265588
-0.0217028148,-0.0856114253,-0.0358923972,-0.143203467
-0.0525553674,-0.0848836228,-0.0885567516,-0.140327692
-0.0622612536,-0.0935762078,-0.104989424,-0.154522881
-0.0493398346,-0.106744975,-0.0859612226,-0.176228762
-0.0247613881,-0.11976666,-0.0452428125,-0.19725123
-0.0068819616,-0.131109655,-0.0137193063,-0.217010736
-0.0120104663,-0.142400056,-0.0211561378,-0.234849244
-0.0453317687,-0.155688703,-0.0747033879,-0.256881982
-0.0969885886,-0.169660211,-0.159300998,-0.276608497
-0.145690039,-0.177430823,-0.237342417,-0.284046263
-0.168434396,-0.167947397,-0.276996762,-0.269164175
-0.15172939,-0.131056324,-0.254161686,-0.21254158
-0.0987528488,-0.0640581846,-0.172004715,-0.107304268
-0.0287776999,0.0237384811,-0.0527444817,0.0379031189
0.0310111884,0.111463256,0.0493639819,0.181254148
0.0573793054,0.172927216,0.0977810025,0.280810952
0.0408171192,0.186557084,0.0731410459,0.305401057
-0.0114436625,0.144777745,-0.0105513334,0.241505101
-0.0803635567,0.0584054068,-0.127277896,0.103928544
-0.145112023,-0.0463952459,-0.237012222,-0.07017003
-0.192786396,-0.137719274,-0.311949492,-0.216642544
-0.222800493,-0.190149426,-0.356055856,-0.295872152
-0.243927166,-0.194335133,-0.385929465,-0.301882267
-0.266046047,-0.159767598,-0.42036894,-0.248419076
-0.291570812,-0.109652996,-0.458255172,-0.169477224
-0.311715961,-0.0703407601,-0.488910735,-0.104525335
-0.310080528,-0.0601353124,-0.487398803,-0.0858247727
-0.271901101,-0.0824107155,-0.436492413,-0.121849246
-0.193996623,-0.125775203,-0.318576813,-0.194461226
-0.0897357911,-0.170694724,-0.154573128,-0.272527367
0.0142384209,-0.19909595,0.0154098803,-0.324558616
0.0885085166,-0.202361077,0.137589142,-0.331108928
0.11367958,-0.184216827,0.181991309,-0.302815884
0.0891163051,-0.157656953,0.145017907,-0.262833893
0.0331312343,-0.137873277,0.0560844503,-0.23079063
-0.0256199073,-0.13485454,-0.0426329598,-0.223208234
-0.0613535121,-0.149139643,-0.102817982,-0.2429322
-0.0625024736,-0.172416747,-0.105798654,-0.279383302
-0.0357330702,-0.192227811,-0.0630552471,-0.313255906
-0.000974268012,-0.198176757,-0.00672511384,-0.323853672
0.0196396094,-0.186576292,0.0276121628,-0.305937588
0.0130733056,-0.161493167,0.0179828983,-0.269703537
-0.0187221989,-0.1320429,-0.031663008,-0.221123248
-0.0609026141,-0.107571244,-0.102563359,-0.179788321
-0.0940814242,-0.0932133198,-0.157179058,-0.153805181
-0.104078233,-0.0879304335,-0.175232336,-0.144530699
-0.0878522694,-0.0857826471,-0.150446355,-0.1382339
-0.0529136173,-0.0796038955,-0.0919975117,-0.132133216
-0.0113532208,-0.0651534125,-0.0230287407,-0.108532608
0.0273990519,-0.0436802395,0.0435210504,-0.0742125735
0.0605642051,-0.0216533225,0.100355357,-0.0375573225
0.0905426443,-0.00776282791,0.151052937,-0.0141836517
0.119397849,-0.00857113767,0.197846889,-0.0152451675
0.14344804,-0.0248364303,0.237483427,-0.0419317186
0.152259856,-0.0502803288,0.249881133,-0.0850325301
0.133687347,-0.0735308155,0.221544325,-0.123089641
0.0826364532,-0.0825721845,0.138593763,-0.140054241
0.0083160717,-0.0698625743,0.0151735768,-0.119841233
-0.0652470961,-0.0358557031,-0.107451521,-0.062983036
-0.107413962,0.010775785,-0.179468691,0.0159300733
-0.0949644744,0.056541089,-0.16011171,0.095584482
-0.0252165832,0.0888368338,-0.0449483767,0.14988263
0.0790083408,0.101456665,0.128307566,0.169490308
0.176361233,0.0972908363,0.286384463,0.157073706
0.223797873,0.0867300853,0.363755673,0.136246249
0.195874736,0.0822516009,0.324026853,0.129481524
0.0972486362,0.0915942863,0.169565737,0.144618452
-0.0380911231,0.112862274,-0.0549795739,0.182655871
-0.161078423,0.134248123,-0.256563365,0.218643799
-0.22889477,0.138992533,-0.362059951,0.226154506
-0.223315448,0.113595434,-0.358190387,0.189609185
-0.157359168,0.0554389954,-0.261478841,0.10073036
-0.0672390759,-0.0240973458,-0.117036842,-0.0315536335
0.00613425439,-0.103042461,0.00818007253,-0.166929096
0.036741145,-0.157674029,0.0591471381,-0.25900501
0.024427399,-0.17290628,0.0382433161,-0.286948144
-0.00786344334,-0.149291858,-0.0140675539,-0.249605671
-0.0286061056,-0.103077285,-0.0518165827,-0.173340753
-0.01598588,-0.0589964427,-0.0315060839,-0.0984367505
0.0297586173,-0.039050024,0.0465151742,-0.0643610433
0.0863397121,-0.0525928959,0.140300155,-0.0875950828
0.121559121,-0.0925112069,0.199690685,-0.152673796
0.11097496,-0.139302969,0.181649551,-0.230666474
0.0516626462,-0.170941114,0.0869069397,-0.282213598
-0.0351943076,-0.173509762,-0.0588476472,-0.287583828
-0.11419256,-0.147279233,-0.18638128,-0.242094755
-0.152837291,-0.105321392,-0.253637701,-0.170987666
-0.13699007,-0.0657001808,-0.231766582,-0.106514946
-0.0767895281,-0.0416238122,-0.134790853,-0.0659240186
-0.000364890817,-0.0349224731,-0.00559368357,-0.0567388833
0.0609013177,-0.0362898633,0.100587614,-0.0597550869
0.087546289,-0.0319426917,0.145995617,-0.0568063036
0.079755865,-0.0127780195,0.133914798,-0.0255177747
0.0541139208,0.0192815587,0.0916131511,0.0280494653
0.0319386274,0.0514851995,0.0540233776,0.0839815661
0.026270669,0.0670287609,0.0461918823,0.111414656
0.0350378193,0.0546796098,0.0594811998,0.0939044133
0.0441512018,0.0158081017,0.0755128711,0.0284560136
0.0384351201,-0.0352835357,0.0660084784,-0.0583080463
0.0136485985,-0.0781561211,0.024320174,-0.131175458
-0.0179467015,-0.0965664014,-0.0311687943,-0.162526742
-0.0324685834,-0.0866814554,-0.0573061705,-0.144860417
-0.00774995051,-0.0585945435,-0.0178075489,-0.098428227
0.0619962774,-0.0302453693,0.0980067998,-0.0505823605
0.158657163,-0.0171123911,0.257319093,-0.0295245685
0.244980693,-0.0234910194,0.392485678,-0.0400814302
0.280363172,-0.0403712764,0.446186483,-0.0692367703
0.240317509,-0.0512554832,0.390221477,-0.0878318623
0.129790232,-0.0427195169,0.221124694,-0.0774600431
-0.0169107653,-0.0136715099,-0.0226423759,-0.0279566087
-0.150312781,0.0222325195,-0.243820384,0.034874782
-0.227694333,0.0428735614,-0.367272884,0.073248595
-0.232218385,0.0296250563,-0.376404852,0.0547136143
-0.179907411,-0.0214342885,-0.298042536,-0.0262120944
-0.110960379,-0.0953950211,-0.187340766,-0.148447588
-0.0696183294,-0.164223298,-0.116311401,-0.265416652
-0.0824469626,-0.199789673,-0.134200469,-0.324671626
-0.145663813,-0.187643155,-0.234955654,-0.303287119
-0.227613777,-0.134327576,-0.36436066,-0.215756983
-0.284974545,-0.0642718375,-0.451972544,-0.100199625
-0.284530789,-0.00770507706,-0.4537808,-0.0076271724
-0.219742134,0.0142318988,-0.362210214,0.0304886196
-0.114083856,-0.000479130424,-0.195315987,0.00706904242
-0.00979580916,-0.0346578881,-0.0196986403,-0.052664008
0.0521508195,-0.0616767704,0.0855570361,-0.103792846
0.0509370305,-0.0597848669,0.0844686776,-0.10303171
-0.00541457022,-0.0234551784,-0.00689695496,-0.0438635275
-0.0852824003,0.0340839028,-0.138949856,0.0533560701
-0.149411067,0.0882270858,-0.244065583,0.145798877
-0.169308603,0.116165809,-0.275716126,0.192734018
-0.139027953,0.108828589,-0.227622926,0.185023099
-0.0750588179,0.07541278,-0.125937134,0.130348474
-0.00528793735,0.038382303,-0.010595452,0.0677933767
0.0465580896,0.0218105521,0.0766436979,0.0363857187
0.0726214573,0.0392464064,0.121122822,0.0620098375
0.0828209594,0.0872314647,0.137214497,0.140973181
0.0964054242,0.147400722,0.160366878,0.238183096
0.128128916,0.195605978,0.209013268,0.315132588
0.176840037,0.213126376,0.284078926,0.336820632
0.222987637,0.194433987,0.355858237,0.306186825
0.236869529,0.148229465,0.381001234,0.233317301
0.193810806,0.0921162814,0.321537107,0.146675438
0.0887241736,0.0442938507,0.15452759,0.0711136609
-0.0574565195,0.0165353846,-0.0881763622,0.0250942875
-0.203197762,0.0113060828,-0.327127486,0.0183834732
-0.301730692,0.0232749786,-0.473576725,0.0397984944
-0.319700301,0.0432928316,-0.50002265,0.0750271976
-0.250855148,0.0622827262,-0.40579915,0.106846236
-0.118799858,0.0734649301,-0.20270668,0.128967062
0.0322143473,0.0729682148,0.048143439,0.124969885
0.154230252,0.0599364005,0.252059937,0.0974490121
0.212900192,0.0370423347,0.347164512,0.0571686439
0.198134691,0.0111707356,0.326690555,0.0149917519
0.124436431,-0.0070379898,0.211249575,-0.0169732757
0.0219818708,-0.00605606334,0.0412843414,-0.0139418263
-0.0767052099,0.0213675611,-0.125427961,0.0332118273
-0.148417756,0.0728267059,-0.24254407,0.119426526
-0.184819117,0.133900613,-0.299307078,0.217089772
-0.190836027,0.181337267,-0.30417043,0.292778403
-0.178210303,0.191699132,-0.281600267,0.312304944
-0.158278093,0.152179092,-0.253494352,0.253323883
-0.137548193,0.0683426708,-0.22300984,0.119330391
-0.117469579,-0.0357372612,-0.195084408,-0.0505956039
-0.0972591788,-0.126112074,-0.161927179,-0.20183298
-0.0771767795,-0.173045784,-0.132069454,-0.281254679
-0.0598600842,-0.164070353,-0.102775611,-0.271303356
-0.0489490107,-0.109516025,-0.0857316554,-0.185755938
-0.0461660773,-0.0374678485,-0.078306593,-0.0666585118
0.142387167,-0.029459415,0.220757157,-0.0423367061
0.150353044,0.0445188023,0.25345245,0.0608429946
0.142805845,0.123707436,0.235441983,0.195260644
0.112094678,0.189775184,0.186204448,0.30282703
0.0572747402,0.224118084,0.0994590893,0.360042572
-0.0120623205,0.213495031,-0.011501383,0.348264843
-0.0771494806,0.155459091,-0.120044187,0.259493411
-0.116934173,0.0611907244,-0.190042287,0.10828495
-0.117570236,-0.0461843647,-0.195043236,-0.0682493597
-0.07966616,-0.138098985,-0.135815725,-0.223107308
-0.0191146694,-0.190032572,-0.0372254066,-0.308748096
0.0395795219,-0.190467894,0.0584352762,-0.312996775
0.074604854,-0.145506844,0.117570579,-0.244362742
0.0772387013,-0.0767773166,0.126436681,-0.134180501
0.0559418164,-0.0129741021,0.0933123752,-0.0262520649
0.0317990817,0.0217874721,0.0543707684,0.0346146487
0.0273770951,0.0179827679,0.0470277406,0.0309868548
0.0545643866,-0.0153492,0.0889448375,-0.0225160196
0.107642718,-0.0546361655,0.175637633,-0.0900354311
0.165274784,-0.0723102018,0.266693056,-0.121098168
0.200565591,-0.0494090654,0.325445592,-0.0877997428
0.194202319,0.0152606657,0.317658544,0.0164794456
0.144068211,0.103516378,0.241557688,0.161153868
0.0665081665,0.184601814,0.115653269,0.296211034
-0.0113280434,0.227558509,-0.0123285903,0.366405517
-0.0641348585,0.213878021,-0.0960203484,0.351675779
-0.079730168,0.145063266,-0.12706922,0.245078117
-0.0634650588,0.0420302674,-0.103991792,0.0789375603
-0.0339118615,-0.0631088093,-0.0570534952,-0.0982012525
-0.012458534,-0.139103845,-0.0231571756,-0.228166118
-0.0124079995,-0.166284114,-0.0231184959,-0.275012583
-0.0331470296,-0.14174147,-0.0574745946,-0.237463534
-0.0620304272,-0.0775744319,-0.104647428,-0.133855119
-0.082456395,0.00604436547,-0.139030308,0.00748504652
-0.083431825,0.089190647,-0.13983351,0.147407711
-0.0653892681,0.158103928,-0.107456848,0.26176548
-0.039309293,0.206715494,-0.0631954223,0.335016966
-0.0199904256,0.234355137,-0.0269024316,0.378552824
-0.0174932126,0.242086604,-0.0236665327,0.389555663
-0.0316476263,0.23039794,-0.04719669,0.373917043
-0.0526409671,0.19963029,-0.0801011696,0.327539384
-0.0671884492,0.15245831,-0.105129167,0.254979551
-0.0666077062,0.0962047279,-0.107183814,0.163328856
-0.0520431213,0.0427054875,-0.0869263709,0.0758323967
-0.0337114371,0.00489703706,-0.0550381057,0.00989663787
-0.0244653299,-0.00857468881,-0.0403722003,-0.0139567656
-0.0312927552,0.00210730266,-0.0522288643,0.00273882272
-0.0497232378,0.0270361938,-0.0821005553,0.0440867171
-0.0646949261,0.0504106767,-0.109169386,0.0856816098
-0.0579578988,0.0576505177,-0.0964139625,0.0984257758
-0.0184046496,0.0424111448,-0.0321611241,0.0746892542
0.0501590557,0.00986593124,0.0797564164,0.0194575805
0.128275856,-0.0256652702,0.209520817,-0.0417241976
0.188138396,-0.047815945,0.305243313,-0.0810315534
0.205781594,-0.0465665311,0.336296767,-0.0822830498
0.172335222,-0.0236804858,0.28629154,-0.0465423986
0.0987406746,0.00769731402,0.168977976,0.00768968603
0.0114297029,0.0292545557,0.0225506909,0.0460713245
-0.0591199845,0.0265530944,-0.0947049111,0.0454007722
-0.0915312916,-0.0035650779,-0.1530222,-0.00114799454
-0.0821421668,-0.0508903787,-0.137344331,-0.0802229568
-0.0451410227,-0.09611509,-0.0799757317,-0.156577095
-0.00449189497,-0.119351313,-0.0103153484,-0.197669566
0.0180848967,-0.108750641,0.0266017653,-0.182491288
0.0130448956,-0.0651646107,0.0195030887,-0.112703323
-0.0138551351,-0.000891273899,-0.0242949128,-0.0053158598
-0.0463098846,0.0664616078,-0.0755042732,0.109528743
-0.0671102926,0.121663071,-0.108630709,0.201153979
-0.0673302859,0.157283619,-0.109336793,0.259764344
-0.0502159894,0.17453818,-0.0798452124,0.28830573
-0.0279844664,0.179794371,-0.0430907011,0.29727006
-0.0136540178,0.179220438,-0.0197944958,0.295070261
-0.0127103906,0.174777716,-0.0157156605,0.287944317
-0.0194358192,0.163702101,-0.027863076,0.270815849
-0.0200947057,0.141455933,-0.0293638911,0.235573769
-0.00130900647,0.106114119,-0.000672778231,0.179447502
0.0410374179,0.0613833256,0.0678352937,0.10536541
0.097507067,0.0163038503,0.162861601,0.0290352032
0.148225725,-0.0183878131,0.243613109,-0.031056866
0.172235772,-0.0353587493,0.283748716,-0.0606531166
0.158423021,-0.0345346779,0.262681037,-0.0612802841
0.112235934,-0.0236513093,0.187374339,-0.0441244654
0.0543459021,-0.0151575357,0.0933940262,-0.0281780623
0.011451656,-0.0209470969,0.0207539909,-0.0367565677
0.00353616686,-0.0473704152,0.00464523397,-0.0772141591
0.0338915251,-0.0926765949,0.0529915504,-0.15184781
0.0870312229,-0.147737592,0.138635159,-0.240877926
0.135752141,-0.199384272,0.214332759,-0.320895493
0.154023945,-0.234726653,0.240929812,-0.37589103
0.129414409,-0.244808108,0.204282016,-0.39302358
0.0689461753,-0.226654962,0.111108884,-0.370144933
-0.00444254139,-0.183658138,-0.00813817978,-0.305043429
-0.0629535615,-0.124726243,-0.106658198,-0.209767029
-0.0868858919,-0.0626122877,-0.148168042,-0.103966579
-0.0730268136,-0.0115075093,-0.125161842,-0.0195869859
-0.0344648473,0.0161224138,-0.0597548299,0.0280376859
0.00770863984,0.013130893,0.0114458278,0.0248131547
0.0361707285,-0.0192885716,0.0612153783,-0.0311961081
0.0462745577,-0.0706280842,0.0779366195,-0.116115406
0.0474048518,-0.123328872,0.0781272426,-0.204362378
0.0562069081,-0.158275411,0.0893514305,-0.259797096
0.0855183229,-0.161847919,0.135583937,-0.266971946
0.135192469,-0.131624073,0.213693082,-0.220276877
0.190052539,-0.0778633803,0.305782169,-0.132160768
0.226430774,-0.0194970425,0.363856822,-0.0379673429
0.22410965,0.0241073426,0.364837974,0.0318515338
0.17744486,0.042065043,0.295772076,0.0640268773
0.0996570289,0.0373024344,0.170828432,0.059324652
0.0176858362,0.0254042782,0.0331302062,0.0407433175
-0.0401229449,0.0270944666,-0.0656504408,0.0450529829
-0.0574090853,0.0576718152,-0.0966827944,0.0972789228
-0.0374431498,0.118483834,-0.0639136434,0.194820449
-0.000992624788,0.19482173,-0.00141691219,0.316914409
0.0246778466,0.261660635,0.0429893732,0.416790932
0.0201752279,0.294833988,0.039050635,0.464801013
-0.0156330541,0.28242594,-0.016342897,0.448995501
-0.0646755323,0.230847642,-0.096433267,0.375329733
-0.0989182889,0.162476063,-0.157858595,0.27166748
-0.0953206196,0.105749048,-0.156199515,0.178873166
-0.0489743464,0.0822660774,-0.0846804529,0.139167115
0.0224249829,0.0969410166,0.034778595,0.160105079
0.0854806155,0.135842025,0.139499217,0.220517799
0.106470779,0.172727287,0.17640391,0.278046966
0.0679864287,0.181208551,0.118764184,0.29382655
-0.0212565623,0.146904841,-0.0253109839,0.243949324
-0.1284789,0.0740696639,-0.203620628,0.126637548
-0.210288092,-0.0161564481,-0.338553607,-0.0196859147
-0.231631994,-0.0948449522,-0.375061125,-0.143763617
-0.181666389,-0.137477264,-0.301414013,-0.215987191
-0.0792243332,-0.133837685,-0.140774533,-0.217194915
0.034762878,-0.0915043131,0.0481263325,-0.153104261
0.114653893,-0.0318368487,0.184273675,-0.0564853922
0.129644454,0.0194142759,0.216412783,0.0277943593
0.0768729821,0.0427073352,0.135057777,0.0680908263
-0.0176228285,0.0322133079,-0.0218138844,0.053435076
-0.110424332,-0.00247917743,-0.180253193,-0.00249117799
-0.159606814,-0.0406988114,-0.263039798,-0.0635465309
-0.14273873,-0.0590557605,-0.240989342,-0.0933931768
-0.0662879497,-0.0405771285,-0.119090021,-0.0651949421
0.0374545194,0.0186239444,0.0549030043,0.0282206573
0.124415882,0.107322916,0.202346683,0.171639398
0.157599092,0.202370882,0.255218059,0.318224698
0.122696213,0.276019841,0.199249059,0.430191576
0.0339369662,0.305042773,0.0637526736,0.475171477
-0.0721007809,0.278692842,-0.102277048,0.443643659
-0.15189293,0.202772602,-0.235354707,0.332710475
-0.172964156,0.0981895849,-0.280487925,0.169230595
-0.126924843,-0.00583268469,-0.214068323,-0.00159051293
-0.0322527513,-0.0817418322,-0.0597354807,-0.130593598
0.0740503222,-0.11326506,0.114753135,-0.187453225
0.152103007,-0.100884035,0.244515881,-0.172023579
0.175296143,-0.060799323,0.285714597,-0.106401831
0.140148595,-0.0175751932,0.23490569,-0.0348174088
0.0659744889,0.00659554871,0.115764171,0.00654832087
-0.0150009179,0.00140264025,-0.0205698144,0.0019753112
-0.0722943246,-0.027570257,-0.117986508,-0.0434163027
-0.0898730904,-0.0622541681,-0.150857136,-0.0994092003
-0.0713347867,-0.0814363435,-0.121898249,-0.132969037
-0.035621047,-0.0716786534,-0.0644155815,-0.121019483
-0.0058006295,-0.0345713645,-0.0134715475,-0.0601433106
0.00333778863,0.0132795777,0.0062433281,0.0198238771
-0.00728365453,0.0476744696,-0.0103623001,0.0788608491
-0.0221873801,0.0481771305,-0.0353073701,0.0824270993
-0.0203785561,0.00796660222,-0.0339502655,0.0187640823
0.0124064395,-0.062553674,0.0188050698,-0.0987313911
0.0745763332,-0.140071183,0.119109906,-0.227221534
0.147521704,-0.198409557,0.231754035,-0.319000095
0.203290492,-0.219376609,0.313537657,-0.348921686
0.217514247,-0.199280456,0.338775188,-0.320406139
0.181261361,-0.148362085,0.292546898,-0.247685403
0.105897188,-0.0840843171,0.175995365,-0.146658838
0.018413255,-0.0222592466,0.0336794183,-0.0413973629
-0.050620582,0.0291897915,-0.0815347061,0.0467744432
-0.080684863,0.070819743,-0.135074019,0.116080254
-0.0699714497,0.106943481,-0.116069607,0.178303286
-0.0350437984,0.138955727,-0.0576750562,0.230489105
-0.00195380975,0.161128148,-0.00199426431,0.265747458
0.00656028092,0.161794722,0.0154067622,0.26841411
-0.0185613465,0.12964569,-0.0252831187,0.215677246
-0.0696029738,0.0617339537,-0.110260263,0.106141903
-0.127173916,-0.0314756855,-0.207171142,-0.0463041402
-0.170268387,-0.127366245,-0.277535915,-0.201477855
-0.185800433,-0.198848292,-0.300140798,-0.310847223
-0.172905326,-0.225130439,-0.279453397,-0.35387069
-0.140531644,-0.200460851,-0.232664168,-0.321062982
-0.100646868,-0.136552736,-0.171660841,-0.22649534
-0.061596863,-0.0574444719,-0.106344588,-0.0979760215
-0.0256017484,0.0107853739,-0.0457896478,0.0163517445
0.00854280591,0.0506101288,0.0147860004,0.0842105299
0.0399652086,0.0591432638,0.0677357987,0.0995548368
0.0617423058,0.0472851172,0.104045272,0.0795438215
0.0619192198,0.0329165719,0.10454502,0.0545153618
0.0298083518,0.0318420976,0.0525356494,0.0518887453
-0.0357942395,0.0508879796,-0.0576108769,0.082388714
-0.121686704,0.0860663056,-0.197023034,0.140822917
-0.202594742,0.125963241,-0.322781205,0.204905033
-0.25084883,0.157998294,-0.392614186,0.252947628
-0.249088585,0.174157798,-0.390788943,0.279723763
-0.199319273,0.173572987,-0.317334563,0.28303349
-0.122920722,0.161265343,-0.20114933,0.267466992
-0.0507217869,0.144359574,-0.0830322281,0.241415948
-0.00770001207,0.128061637,-0.01084744,0.214213759
-0.000226280725,0.113375127,0.00360274175,0.188755423
-0.0129772676,0.0973023474,-0.0182083193,0.161261544
-0.0178049896,0.0749669522,-0.0274372455,0.126685321
0.00962042809,0.0423978455,0.0155259511,0.0751685202
0.0742079392,-0.00118527131,0.120902702,-0.000285980321
0.155779466,-0.0521778464,0.253336668,-0.0851839185
0.217404231,-0.102576256,0.347876072,-0.166971043
0.224359617,-0.141099453,0.358786851,-0.229145765
0.164194822,-0.155523747,0.267459542,-0.258429408
0.0569510162,-0.13626954,0.095762305,-0.2318822
-0.0510063097,-0.080752641,-0.084517099,-0.14022541
-0.107840769,0.00289186183,-0.181828469,0.0029519794
-0.082141906,0.0947940722,-0.140977204,0.156633213
0.0191806573,0.166857287,0.0272677001,0.276253462
0.150859892,0.191039979,0.241027296,0.309439003
0.248448908,0.150242686,0.395966023,0.236695275
0.258388579,0.0475300066,0.421150208,0.0752105564
0.164681524,-0.0910227597,0.2804766,-0.14870134
-0.00115176174,-0.222636983,0.00596585684,-0.362106949
-0.172498643,-0.302249879,-0.26472193,-0.464450002
-0.277379751,-0.299939692,-0.41970861,-0.44482705
-0.271817237,-0.214022219,-0.42906791,-0.328600794
-0.16106765,-0.0735239834,-0.277592778,-0.120301835
0.00157790061,0.0720390528,-0.00801698957,0.118554324
0.138226777,0.171985894,0.222832695,0.277885675
0.181385219,0.194870472,0.297447145,0.308892459
0.104449101,0.14100045,0.184235319,0.229334325
-0.0662081093,0.0413819477,-0.0959141627,0.0707187429
-0.262809843,-0.0565153398,-0.409866333,-0.0850938559
-0.405790061,-0.109712996,-0.600468397,-0.156302854
-0.437842637,-0.0978388414,-0.642669916,-0.137098402
-0.347326458,-0.0302656684,-0.54335928,-0.0422653854
-0.171368852,0.0605709553,-0.291572988,0.104418442
0.0215207301,0.135937929,0.0290446244,0.227854148
0.160567701,0.169267371,0.260926753,0.271557063
0.200424671,0.157467499,0.327157468,0.250801176
0.136066005,0.120092385,0.23287861,0.193784952
0.000119736207,0.0875394493,0.0113514019,0.143558264
-0.154140398,0.0847672895,-0.244820505,0.13817504
-0.275283694,0.118882306,-0.430111706,0.189040154
-0.331791699,0.176534429,-0.502811074,0.271617651
-0.319224238,0.23178719,-0.478467017,0.352358609
-0.255705029,0.259797543,-0.389296174,0.40234378
-0.170018375,0.248985469,-0.266846627,0.397114694
-0.0888447538,0.205628753,-0.141245291,0.339886546
-0.0285422187,0.149133533,-0.0449664481,0.250299811
0.006449115,0.101193786,0.0131418686,0.170053005
0.0200310666,0.075017646,0.0346049331,0.12553364
0.0191392619,0.0702949911,0.0343106389,0.115240164
0.00992962625,0.0760591924,0.0192458834,0.127097771
-0.00314786308,0.0791072398,-0.00289393472,0.132583886
-0.0161407031,0.0726853088,-0.0248693936,0.122313589
-0.0242177546,0.0602905378,-0.0382380448,0.102299027
-0.0218478199,0.0524998829,-0.0363537259,0.0897841752
-0.00490990235,0.05891883,-0.00914613716,0.0987219065
0.0264066346,0.0802634954,0.0422224514,0.134572417
0.0658247098,0.105602697,0.109141409,0.174401835
0.101840258,0.116882816,0.168094888,0.192362159
0.121419288,0.0986568555,0.203847185,0.161615834
0.115215033,0.0477889143,0.196048528,0.0808637366
0.0820608512,-0.0224105287,0.140599146,-0.036182981
0.0306110792,-0.0864050984,0.0530960858,-0.143503711
-0.0228909664,-0.117405064,-0.038185887,-0.195764646
-0.0601342879,-0.0998118669,-0.101727299,-0.16859141
-0.0675488785,-0.0368818864,-0.117114902,-0.0644570664
-0.0417497233,0.0503507294,-0.0745240077,0.0823765397
0.00864837971,0.132463023,0.0121705141,0.21798864
0.0658053234,0.184711188,0.109229364,0.301138878
0.109216809,0.197315514,0.180000737,0.318840891
0.123685241,0.177991554,0.20649904,0.287607372
0.105565235,0.145780727,0.178496346,0.236891136
0.0645898804,0.119693287,0.112564877,0.197073251
0.0201840438,0.108263463,0.0374952182,0.178769603
-0.00659379642,0.105513275,-0.0081424769,0.175888851
-0.00234744302,0.0953708142,-0.00288357865,0.160556674
0.032096874,0.062097542,0.0552814454,0.106786877
0.0809982568,0.00107441819,0.133729324,0.00570807559
0.119658858,-0.0759747103,0.197817206,-0.123713605
0.124865517,-0.144447759,0.204006821,-0.237781852
0.0854225457,-0.177703932,0.138515994,-0.293268412
0.00800929591,-0.160131618,0.0134540079,-0.269302964
-0.0845684856,-0.0959948003,-0.140670419,-0.163469121
-0.162316009,-0.00948721729,-0.267669857,-0.0182210188
-0.200401828,0.0644427165,-0.325565368,0.105477594
-0.189418107,0.0945584625,-0.308242261,0.159297287
-0.138866663,0.0666408464,-0.229426607,0.117429167
-0.0722816214,-0.0103103397,-0.121957861,-0.0090577649
-0.0163206644,-0.107684463,-0.0279868543,-0.172869846
0.0110110911,-0.188988432,0.0154311461,-0.307300478
0.00751666958,-0.224502623,0.00876434892,-0.365446717
-0.0137851415,-0.202609822,-0.0267951079,-0.333565027
-0.0322788917,-0.133278802,-0.058101844,-0.225049764
-0.0303047094,-0.0427828543,-0.0553368703,-0.0745535195
-0.00136244239,0.0375196226,-0.00556336576,0.0627152249
0.0477715656,0.0832793936,0.0782528967,0.13883765
0.101391576,0.0851890817,0.168153927,0.143120512
0.14272806,0.0502345823,0.236394197,0.0833171681
0.160893068,-0.00342444796,0.266388327,-0.00637556566
0.153525025,-0.0549535081,0.255776018,-0.0916897357
0.124625482,-0.088759616,0.207227573,-0.148345828
0.0800063163,-0.0987270549,0.132047147,-0.167350128
0.0239834134,-0.0877526104,0.0402477346,-0.148563668
-0.0402557477,-0.0637672395,-0.0665254816,-0.109095074
-0.10704878,-0.0347651094,-0.178381756,-0.0588535592
-0.164550766,-0.00534911547,-0.270891041,-0.00723558571
-0.194765016,0.0238537677,-0.319328457,0.0408625789
-0.179214507,0.0541599691,-0.295981675,0.0909829959
-0.108524173,0.0856878906,-0.183499202,0.146208018
0.00900760852,0.114995249,0.0107570589,0.193289325
0.145426512,0.134833634,0.233351946,0.220275462
0.260635853,0.136251897,0.411736637,0.212036595
0.317438662,0.112176158,0.495252728,0.169422269
0.297619611,0.0609598421,0.473671794,0.0926160738
0.211053133,-0.0115762502,0.35002479,-0.0213976521
0.0925054625,-0.0925144106,0.159558386,-0.15517278
-0.0133536458,-0.164677322,-0.0201047324,-0.270693988
-0.0720946193,-0.211187765,-0.120236926,-0.342416197
-0.0750842765,-0.220461681,-0.127854243,-0.354369313
-0.0425043106,-0.190150321,-0.0760621205,-0.31061244
-0.0119374832,-0.128721565,-0.0265131257,-0.21578981
-0.0179799981,-0.0538986772,-0.0310436916,-0.0948575288
-0.0731669739,0.0119897779,-0.120396733,0.0170903113
-0.160144493,0.0486950688,-0.258467495,0.0808076933
-0.239469305,0.04482105,-0.382130474,0.0776831359
-0.269405752,0.00232520676,-0.429722339,0.0119283237
-0.227751076,-0.0632168874,-0.3718656,-0.0925376862
-0.124426223,-0.127271533,-0.21265322,-0.201554313
0.00188679807,-0.164781228,-0.00644999649,-0.269206971
0.101659596,-0.159513593,0.160222843,-0.263308674
0.138071761,-0.110689141,0.222510532,-0.188725114
0.10432028,-0.033946529,0.175663605,-0.0651165918
0.0259556044,0.0442020819,0.0469207689,0.0676225945
-0.0528086312,0.0965429917,-0.0840018764,0.159140855
-0.0916594863,0.105906352,-0.150456473,0.179270864
-0.0740074366,0.0719061717,-0.123579793,0.126744404
-0.0140419817,0.0106349429,-0.0262831897,0.0227590743
0.0522409864,-0.0526729897,0.0838249177,-0.0860778987
0.0869460478,-0.0947756097,0.142167106,-0.158236235
0.0704705939,-0.104280971,0.116040967,-0.17658484
0.0114477128,-0.085673362,0.021143334,-0.146735787
-0.0584670007,-0.0556952655,-0.0959125683,-0.0953643024
-0.101792149,-0.0339763761,-0.170001328,-0.0543085225
-0.0950080305,-0.0326491408,-0.161254749,-0.0510184914
-0.0404338986,-0.0502109192,-0.0721686855,-0.0806149095
0.0358234718,-0.0727461129,0.0559275486,-0.120155491
0.0983005464,-0.0818328261,0.160438076,-0.13643536
0.120889127,-0.0649514869,0.199332178,-0.111971661
0.0996849313,-0.0228347108,0.167095423,-0.0435466766
0.0532866642,0.0302608386,0.0918199271,0.0452230871
0.0108498819,0.0736539513,0.019880278,0.121122032
-0.00512155378,0.0910238698,-0.00584739121,0.151757151
0.00848530047,0.0790993348,0.0142119564,0.133593261
0.0342332609,0.049455449,0.0571697876,0.0844272822
0.0451589897,0.0222556163,0.0761460662,0.0365768932
0.0217676982,0.0151638798,0.0377983563,0.0234716088
-0.0346177854,0.0334147736,-0.0547947288,0.0530668683
-0.0999073982,0.0665823743,-0.162181184,0.108492255
-0.138314426,0.0940596238,-0.226657584,0.157331795
-0.120959707,0.0964768007,-0.200320765,0.163064614
-0.0422608294,0.0668595284,-0.0727078542,0.116656348
0.074758403,0.0152213033,0.121984094,0.030134527
0.187502399,-0.0362900905,0.304059148,-0.0584337302
0.253051758,-0.0653701127,0.40170598,-0.108573899
0.24816224,-0.0621875376,0.399116337,-0.106498204
0.18005079,-0.0354839638,0.29914695,-0.0685141385
0.0825833678,-0.00826828927,0.143163309,-0.0187730491
-0.000230492486,-0.00492231594,0.00251448248,-0.0080893822
-0.035252478,-0.0365411825,-0.058537703,-0.0568897873
-0.0154398242,-0.0928011388,-0.0287089776,-0.151148632
0.0379887149,-0.145533189,0.0570164286,-0.237258509
0.087159045,-0.162939906,0.137876242,-0.270161778
0.0968991518,-0.127311364,0.156811625,-0.217114761
0.0522390865,-0.0465753525,0.0868557915,-0.0862099901
-0.034342777,0.0473054647,-0.0539253652,0.072873801
-0.12908642,0.113337167,-0.207635775,0.186745077
-0.193140432,0.122785412,-0.308041155,0.203809872
-0.200751007,0.0756522268,-0.324982017,0.132032424
-0.150833696,0.00301532587,-0.250902683,0.0128208194
-0.0668256581,-0.0471510477,-0.118070647,-0.0726902708
0.0145736374,-0.0343764387,0.0188457314,-0.0600275435
0.0600910969,0.0518429279,0.0969636887,0.0792722926
0.0542038642,0.183439076,0.092247732,0.29096967
0.00490990235,0.304413944,0.0152510945,0.472760797
-0.0609674305,0.356427997,-0.084023796,0.546684086
-0.110101119,0.307128996,-0.161888853,0.483725905
-0.116739698,0.167086944,-0.184723198,0.284049511
-0.0725459158,-0.0135313673,-0.120750152,-0.00958936941
0.0113151576,-0.167450458,0.013188838,-0.268714458
0.109681711,-0.241186529,0.166087106,-0.38682121
0.193275541,-0.219234854,0.296508014,-0.353887916
0.238534927,-0.129649952,0.374634683,-0.216478214
0.233851165,-0.0284045804,0.376390278,-0.0557115413
0.180844992,0.0294516217,0.300757647,0.0436960645
0.091578424,0.0172474384,0.159029931,0.0281234924
-0.0161101222,-0.0509725474,-0.0195204094,-0.0828938112
-0.12301451,-0.129147097,-0.198648691,-0.206918821
-0.211621195,-0.164118618,-0.339128494,-0.259146839
-0.267958701,-0.123817548,-0.427173972,-0.195092469
-0.283038378,-0.014332681,-0.45382762,-0.0231934451
-0.254478335,0.122587003,-0.406885594,0.193967953
-0.188068941,0.229951128,-0.297954381,0.365605444
-0.098213464,0.263194978,-0.153841481,0.423545748
-0.0059959949,0.211069778,-0.0074261236,0.350702614
0.0656382069,0.0996126309,0.110745907,0.171658143
0.0987123996,-0.0220433977,0.166742012,-0.0329514481
0.0868096501,-0.106066912,0.145929575,-0.177256152
0.0386027507,-0.127838358,0.0651699528,-0.216360807
-0.0238039363,-0.0946410522,-0.0395576917,-0.163110226
-0.0719827339,-0.0377664901,-0.12067157,-0.0660092235
-0.0816660672,0.0066345199,-0.138708055,0.0131618399
-0.0427462012,0.0171827395,-0.0747361481,0.0324983224
0.0353938192,-0.0028939317,0.0553294793,-0.000972988899
0.125928193,-0.0301376563,0.204828113,-0.0477246903
0.193891466,-0.0360262617,0.314457029,-0.0635356307
0.209532693,-0.00395324267,0.341827512,-0.0143838646
0.160533354,0.061364349,0.267251581,0.0914606005
0.0579928942,0.136761129,0.102546312,0.218352556
-0.0666180477,0.193520486,-0.0990428478,0.312288076
-0.172691435,0.212667868,-0.267633975,0.342284262
-0.225586072,0.194129005,-0.352027357,0.311971843
-0.209532917,0.155058071,-0.334329605,0.254619718
-0.133085683,0.118888527,-0.220392436,0.201549813
-0.0249626599,0.101750985,-0.0455369353,0.172199175
0.077811271,0.104058884,0.128387213,0.172663957
0.144331828,0.111791678,0.238847032,0.181655616
0.160745844,0.10630618,0.267097324,0.172636688
0.133374736,0.0766665712,0.224736586,0.125486508
0.0833245069,0.0272048544,0.144400105,0.0453687981
0.0356343426,-0.0240709353,0.0620728731,-0.0405125283
0.00819609594,-0.0552664734,0.0134224463,-0.0917468891
0.00533680944,-0.0529431552,0.00826083124,-0.0898164734
0.018388724,-0.0199650917,0.0287606698,-0.0364149399
0.0321236625,0.0255805012,0.052285146,0.0404886305
0.0333085954,0.0597435795,0.0559645034,0.0972689465
0.0170521792,0.0650812238,0.0311771575,0.10884288
-0.0118180579,0.039196346,-0.0171418861,0.0682224482
-0.0423456505,-0.00508657098,-0.0681316033,-0.00532021374
-0.0635420233,-0.0476398282,-0.106768295,-0.0765944421
-0.0695996955,-0.0722590461,-0.119669862,-0.118502572
-0.0617546663,-0.0747418478,-0.105304174,-0.124233119
-0.0464242622,-0.0634335428,-0.0810554773,-0.104791917
-0.0312578268,-0.0524016805,-0.0532793142,-0.0880660191
-0.0215720218,-0.0517473631,-0.0364677832,-0.0859970078
-0.0189663116,-0.061166618,-0.0323618427,-0.10128586
-0.0222902466,-0.0708046257,-0.0377940685,-0.117874093
-0.029641021,-0.0689113289,-0.0515412875,-0.115902677
-0.0396281555,-0.0514817089,-0.0675130114,-0.0872944891
-0.050964091,-0.0275454838,-0.0863658935,-0.0468304604
-0.0609151088,-0.0160702597,-0.100949921,-0.0254742857
-0.0642418563,-0.0353612006,-0.108120039,-0.0560749844
-0.0541739725,-0.0905977488,-0.0909053385,-0.145749629
-0.0256607514,-0.166931421,-0.04543579,-0.270145059
0.020597307,-0.233140633,0.0270912852,-0.37334311
0.0758567303,-0.255304098,0.114072829,-0.4085702
0.124814577,-0.214232042,0.193909094,-0.350124031
0.150998667,-0.117666282,0.241720572,-0.200878695
0.143876672,-0.00021813887,0.236574724,-0.00995749701
0.104140081,0.0901198834,0.17662327,0.142739624
0.0441648029,0.113192357,0.0807411522,0.1879116
-0.0170122199,0.055642169,-0.0208592955,0.0975043774
-0.0619204566,-0.0617595129,-0.100062512,-0.0938316807
-0.0819142982,-0.1924209,-0.134541094,-0.305670083
-0.0796229914,-0.284360468,-0.132246584,-0.446059376
-0.0652867779,-0.303315252,-0.110604264,-0.475049853
-0.0491050109,-0.247713029,-0.0864108801,-0.401102781
-0.0341285169,-0.14857842,-0.0621819794,-0.249285012
-0.0141406199,-0.0546470098,-0.0275452267,-0.094501093
0.0217442345,-0.00992183667,0.0338755585,-0.0163785815
0.0800028369,-0.0342504308,0.131467775,-0.0548282638
0.154398218,-0.115705989,0.249167606,-0.186514825
0.223922819,-0.217665851,0.346588671,-0.341309875
0.259509444,-0.296495229,0.385506213,-0.449856371
0.237275347,-0.321066231,0.352326632,-0.487152934
0.152023867,-0.285087496,0.235198274,-0.452530414
0.0237174314,-0.207236454,0.0381520912,-0.345299751
-0.107510127,-0.120167799,-0.176304474,-0.203589216
-0.196726456,-0.0545496792,-0.321204692,-0.0877174959
-0.213448256,-0.0260016415,-0.347687989,-0.0367182195
-0.15575321,-0.0306307767,-0.260996789,-0.0429216959
-0.052164875,-0.0501860529,-0.0942796841,-0.0793536007
0.0501925945,-0.063175492,0.0797090679,-0.103496023
0.106092468,-0.0558869615,0.174871519,-0.0954627171
0.0919854045,-0.0280584376,0.154920965,-0.0521734171
0.0158880074,0.00878285896,0.0320367515,0.0104764523
-0.0871345177,0.0384442806,-0.139111638,0.0624398813
-0.171559736,0.0483448282,-0.278997034,0.0820409358
-0.202084363,0.0346664637,-0.329415441,0.0614415668
-0.16869238,0.00230019074,-0.279962242,0.0111328755
-0.0894262046,-0.0395043828,-0.153076917,-0.0592476726
-0.000282643829,-0.082739979,-0.00491472706,-0.133415177
0.0622331202,-0.12418735,0.0982819051,-0.204072133
0.0772454888,-0.165155962,0.125054345,-0.270890594
0.0469432585,-0.208027288,0.0765478015,-0.340527713
-0.00733048795,-0.252021253,-0.0127439909,-0.404418916
-0.0573025718,-0.290936679,-0.0941439494,-0.458454579
-0.0815693587,-0.314394593,-0.133115098,-0.487913907
-0.0741887093,-0.312102407,-0.122823261,-0.485622257
-0.0446126945,-0.278983951,-0.0790544972,-0.443295211
-0.0102226445,-0.21854721,-0.0238716137,-0.356590182
0.0137230782,-0.142766476,0.0164683983,-0.240170345
0.0212543122,-0.0684757605,0.0339889452,-0.11795754
0.0167630464,-0.0118816029,0.0270084832,-0.0222893059
0.0104641235,0.0164863076,0.017888587,0.0282509103
0.0116711678,0.0145083852,0.0202206019,0.0268930271
0.0239897259,-0.0117571773,0.0398739092,-0.0175557937
0.0447926484,-0.0506227426,0.0743479803,-0.0836404338
0.0684436709,-0.0882677957,0.111727372,-0.146063074
0.0904958397,-0.111919731,0.146104544,-0.186790511
0.109813556,-0.112128206,0.178107023,-0.187020048
0.127292112,-0.0842431411,0.206884205,-0.142841816
0.0147297075,0.0981980488,0.0292681567,0.146253601
-0.065595001,0.0652518198,-0.100751281,0.119130619
-0.113986701,0.0215096381,-0.187700152,0.0397889055
-0.11960727,-0.0292963088,-0.199461207,-0.0430616215
-0.088194184,-0.0824114382,-0.14940457,-0.131900355
-0.0383297764,-0.130739182,-0.067057468,-0.212445468
0.00654284982,-0.165548876,0.00620410359,-0.272160202
0.0272292104,-0.179197952,0.0412916802,-0.296355247
0.0158845615,-0.168409288,0.0245746635,-0.280323148
-0.021122884,-0.136112645,-0.0354718789,-0.227549851
-0.0654073507,-0.0905711204,-0.109261945,-0.152328119
-0.093101643,-0.0420444608,-0.155587345,-0.0705432892
-0.0836640745,0.00132303499,-0.14236407,0.00268755783
-0.0280329976,0.0362248383,-0.0504214913,0.063050434
0.0668287575,0.0641422421,0.108812466,0.107403591
0.178973332,0.0887406394,0.289060503,0.143196955
0.278180927,0.1124155,0.436691076,0.17355442
0.336219013,0.134175569,0.516120791,0.197937161
0.336867481,0.150219336,0.517862737,0.221276909
0.281693578,0.156872153,0.445242345,0.237585708
0.189077675,0.15399085,0.311289519,0.241990343
0.0867734402,0.146465704,0.150755018,0.236208707
0.00113948027,0.142420292,0.00729055144,0.234483778
-0.052277334,0.14865309,-0.0825925097,0.246368855
-0.0727440789,0.165701479,-0.116109915,0.272182047
-0.0714557245,0.185533181,-0.11468666,0.305020303
-0.063624464,0.193793654,-0.101464987,0.318923801
-0.0598138385,0.176202133,-0.0925566852,0.291266888
-0.0609977581,0.126289159,-0.0959812477,0.213450521
-0.0596973523,0.0505389608,-0.0965515599,0.0890436098
-0.0461903289,-0.0321179964,-0.0776411518,-0.048332274
-0.0159986205,-0.0969132632,-0.0304969456,-0.158732191
0.0258276481,-0.123320766,0.0382593274,-0.204716742
0.0662904084,-0.104005367,0.104795277,-0.175481483
0.0911920071,-0.0482720174,0.148177221,-0.0866005644
0.0933171436,0.021890562,0.155890673,0.0312779956
0.0773152038,0.0815293044,0.130552828,0.129936785
0.0582136661,0.113685645,0.0994884819,0.186577961
0.0539629385,0.116345063,0.0919836611,0.192046285
0.0757953972,0.102002792,0.125546306,0.170930013
0.121577598,0.0900796428,0.200058341,0.148539707
0.175906092,0.095989868,0.286917895,0.153303027
0.217157319,0.122389123,0.348999232,0.191236466
0.227954194,0.157103315,0.36489445,0.243892804
0.203613758,0.178923786,0.329826862,0.280099452
0.154161841,0.168483421,0.256225228,0.271518797
0.0989182889,0.118796952,0.171038106,0.196520507
0.0566201247,0.040103294,0.0986638665,0.0695603266
0.0363967754,-0.0436015762,0.0613659918,-0.0691477805
0.0343578197,-0.104857765,0.0550249591,-0.172700316
0.0374112129,-0.124979183,0.0587505922,-0.207723022
0.0319378227,-0.102358006,0.0502668843,-0.173198685
0.0123131787,-0.0528670773,0.0200368129,-0.0937430188
-0.0155610805,-0.00225169631,-0.0262745209,-0.00653028628
-0.0376855619,0.0257193614,-0.0623122007,0.0438342206
-0.0403654501,0.01960719,-0.0670286119,0.0360139534
-0.0187701099,-0.01567645,-0.0324666016,-0.0219048783
0.0192905441,-0.0627533346,0.0284189731,-0.102613494
0.0566559248,-0.101197392,0.0919205099,-0.167444065
0.0754922032,-0.117497392,0.122941285,-0.196111485
0.0666195303,-0.110567063,0.110032134,-0.185775861
0.0343075432,-0.0903434753,0.0577561669,-0.153933987
-0.00620311452,-0.0707180798,-0.0109988423,-0.118880145
-0.0371994004,-0.0609647818,-0.0616100319,-0.101232477
-0.0484011546,-0.0604591072,-0.0817273781,-0.0995903313
-0.0427902937,-0.0595394894,-0.0754072443,-0.0989759713
-0.0350053646,-0.0459207259,-0.0613505766,-0.0766398832
-0.0429374985,-0.0129835028,-0.072685577,-0.0230457
-0.0768910944,0.0348165631,-0.126618639,0.0561141521
-0.132133171,0.0826722309,-0.215028301,0.136708334
-0.189054027,0.112236321,-0.302814603,0.183510348
-0.221318737,0.111136831,-0.353002548,0.184587419
-0.208287537,0.0802021921,-0.339029491,0.137921318
-0.145719945,0.0344040543,-0.24388124,0.0648013875
-0.0494791903,-0.00335139595,-0.088775821,-0.0022398755
0.0497660376,-0.0128002251,0.0796305984,-0.0213589128
0.118639074,0.0138230221,0.193594977,0.0182765443
0.134653285,0.0675098076,0.223767564,0.104276083
0.0954339802,0.12598598,0.161674574,0.202936769
0.0197580401,0.163454846,0.0404374562,0.266029
-0.05978138,0.162044585,-0.0900399312,0.266253352
-0.109232306,0.119670391,-0.174919829,0.202545881
-0.105795443,0.050801713,-0.174637511,0.0915212855
-0.0457134657,-0.019992888,-0.079265967,-0.0270893667
0.0549796224,-0.0685499161,0.0857687518,-0.112247556
0.166542411,-0.0808314979,0.268090159,-0.134142816
0.255814165,-0.0576976798,0.404577494,-0.0985494405
0.296994179,-0.0130846305,0.467251599,-0.0294343904
0.279473096,0.0330079235,0.445897102,0.0432054587
0.210538894,0.063195169,0.345469028,0.0950161591
0.112475671,0.0692109987,0.192850322,0.11082074
0.0151980417,0.0538200475,0.0312371496,0.089950718
-0.0532241687,0.0280119684,-0.0848458782,0.0487786122
-0.0752230808,0.00535398442,-0.124205887,0.0110777272
-0.0488580875,-0.00375569495,-0.0839612186,-0.00519532105
0.0122667849,0.004359602,0.016354531,0.00759213185
0.0842904896,0.0262800828,0.13758646,0.0424721204
0.141741857,0.0538530387,0.232781112,0.0853265449
0.166381791,0.0779364407,0.273904264,0.122958645
0.152911514,0.091970861,0.255507618,0.147027194
0.10942632,0.0942000151,0.185292184,0.153298035
0.0526788011,0.087967962,0.0927029476,0.145140529
0.000443703349,0.0801100954,0.00397466309,0.133176789
-0.0355058536,0.0779476315,-0.05683963,0.128928125
-0.0527320765,0.0858159214,-0.0878916532,0.143327489
-0.0566154122,0.102370948,-0.0942091867,0.17104286
-0.0552908778,0.119947366,-0.0883306563,0.200391859
-0.0540861711,0.126755536,-0.0865692198,0.210391313
-0.0526065193,0.111643627,-0.0839778259,0.187987477
-0.0459963866,0.0698168352,-0.074154608,0.121456094
-0.0294515435,0.00694047753,-0.0477691144,0.0157896429
-0.00311403652,-0.0608540289,-0.00500349421,-0.0980064943
0.0258362871,-0.112094156,0.0401077047,-0.184450865
0.0455499925,-0.12886481,0.0717574358,-0.216140717
0.0454228707,-0.105862223,0.0739964098,-0.179378361
0.022460822,-0.0551230237,0.0354654901,-0.0963422954
-0.0155389151,-0.00325598149,-0.0247176681,-0.00782991014
-0.0521347895,0.0187913384,-0.0863410756,0.0316824764
-0.0690852851,-0.0103481114,-0.114306346,-0.0135317976
-0.054681398,-0.0910477489,-0.0919022337,-0.143216535
-0.00939827878,-0.199603215,-0.0194890164,-0.319546878
0.0540698953,-0.295965999,0.0784982964,-0.463714153
0.11651013,-0.339826941,0.170255288,-0.522127271
0.1608174,-0.30833295,0.240026951,-0.482194901
0.179255098,-0.207371712,0.279481769,-0.339938581
0.17580086,-0.0708191618,0.284849495,-0.126919806
0.162601054,0.0525422096,0.265672952,0.0780395865
0.152587518,0.119002946,0.252231121,0.191248655
0.152206972,0.108017854,0.253065944,0.177255824
0.158014253,0.0303430315,0.263364464,0.0520860106
0.158751711,-0.0773129538,0.261717826,-0.125598148
0.141652003,-0.168461621,0.229122922,-0.27484718
0.0995869413,-0.206307366,0.158961713,-0.337137073
0.035398446,-0.177794397,0.0562165603,-0.299295336
-0.0386578962,-0.0964488536,-0.0666658357,-0.167535618
-0.105878681,0.00624215696,-0.17712675,0.0067550689
-0.151870951,0.0958839208,-0.247527227,0.156616986
-0.169811219,0.149150044,-0.274393648,0.244490504
-0.161922112,0.160537854,-0.259897679,0.265569299
-0.136912793,0.139999777,-0.221765652,0.234996974
-0.105064586,0.104270801,-0.171925858,0.176444739
-0.0735374466,0.0674427226,-0.122145221,0.117387168
-0.0440229475,0.0358265042,-0.0738143846,0.0643471926
-0.0134861311,0.00897574052,-0.0240879133,0.017585719
0.0227691215,-0.015088724,0.036576625,-0.0242481008
0.0673821867,-0.0346918777,0.110499859,-0.0584620573
0.118254147,-0.0431237109,0.193915695,-0.0718243271
0.167929024,-0.0320757553,0.273222595,-0.0566707216
0.205184877,0.00235841912,0.332625836,-0.00190149015
0.218282416,0.0551338419,0.353428632,0.0823273361
0.198931769,0.112378336,0.323730111,0.174622267
0.145875394,0.156579658,0.243705556,0.248661697
0.0669365972,0.174100086,0.117864639,0.280780256
-0.0215004086,0.160791323,-0.0271626171,0.265245497
-0.0981332585,0.122561581,-0.156267956,0.205181047
-0.143080309,0.0707705095,-0.233848348,0.122150794
-0.145184666,0.0154687511,-0.240480155,0.0334055983
-0.107496962,-0.0391874053,-0.183838695,-0.0594437569
-0.0480815433,-0.0944007859,-0.0843110755,-0.153112933
0.00534010679,-0.151455432,0.00449379208,-0.245886326
0.0258424934,-0.205340624,0.0391065665,-0.335102886
-0.000921525585,-0.24206841,-0.00317531521,-0.390598029
-0.0688127279,-0.242622554,-0.112488359,-0.390919924
-0.151489615,-0.192525312,-0.24492231,-0.31303376
-0.211980924,-0.09220092,-0.347537816,-0.151530355
-0.218329847,0.0380209386,-0.357903808,0.0612417161
-0.158725142,0.162249371,-0.261765897,0.263808906
-0.0489633605,0.241983667,-0.082129471,0.393042415
0.0720413327,0.252136618,0.116289392,0.406547397
0.157712504,0.192427009,0.257512063,0.313114047
0.173956141,0.0882647783,0.291709632,0.144271359
0.115020521,-0.0197157189,0.198860407,-0.0337520801
0.00751072913,-0.0926723406,0.0179395415,-0.156463563
-0.0998988897,-0.109058447,-0.163598835,-0.182276919
-0.156984478,-0.0714397058,-0.26205501,-0.117109887
-0.133782834,-0.0020176915,-0.228605077,-0.00182917179
-0.0339163244,0.069973886,-0.0644935966,0.118292958
0.106641889,0.1219678,0.170448527,0.202036351
0.234880403,0.145889997,0.371465147,0.230090246
0.303305864,0.146963522,0.473020583,0.22343564
0.289723217,0.13563332,0.457282156,0.205244079
0.205638528,0.118476376,0.339003205,0.185226575
0.0899545476,0.0940214843,0.158503443,0.152651817
-0.0087768361,0.0558836684,-0.0107513685,0.0938812718
-0.0534080081,0.000707109692,-0.0888536423,0.00461179065
-0.0333829224,-0.0648755506,-0.059796486,-0.104156859
0.0320719555,-0.123664461,0.0472807214,-0.202185288
0.103384532,-0.155161202,0.164379165,-0.254741073
0.137976184,-0.147004277,0.222334936,-0.244830474
0.107871301,-0.103688136,0.179049581,-0.178622141
0.0104924934,-0.0465573668,0.0217336211,-0.085202679
-0.131046265,-0.00379144121,-0.21171999,-0.00724653574
-0.277337223,0.00490990235,-0.435542107,0.0117508313
-0.38732329,-0.0195125248,-0.582315505,-0.0214680694
-0.432295889,-0.053986121,-0.63392657,-0.0685538054
-0.404308736,-0.0645434633,-0.604957819,-0.0884869993
-0.316680878,-0.0251902789,-0.501100302,-0.0340991952
-0.197308406,0.0655431449,-0.328545034,0.108952336
-0.0778641179,0.179907307,-0.131643966,0.293171257
0.0170079488,0.271825522,0.0291881356,0.431910336
0.0768042207,0.298789114,0.125706956,0.469112813
0.106412441,0.2438308,0.177154496,0.391894937
0.121452592,0.125898853,0.205400661,0.212962523
0.139736012,-0.00750298519,0.233098224,-0.00958586577
0.172280774,-0.102433398,0.279015988,-0.16667591
0.217555568,-0.124518991,0.344559729,-0.205823496
0.261471301,-0.0755939856,0.412245363,-0.127994001
0.28337121,0.00771071482,0.44789809,0.00251370482
0.26567933,0.0728697777,0.425173879,0.108194202
0.203054547,0.0782156736,0.335695535,0.124400996
0.106794022,0.013807904,0.187383085,0.0238629058
0.00210154918,-0.0942069367,0.00961017609,-0.153407276
-0.0810028687,-0.197695777,-0.131255776,-0.317284048
-0.119323052,-0.251424491,-0.195814326,-0.3970505
-0.105482332,-0.235591561,-0.178217992,-0.377346814
-0.0501643643,-0.16443865,-0.0913013145,-0.272055209
0.023352921,-0.0770240128,0.0332161933,-0.131775916
0.0895998552,-0.0157878213,0.145954266,-0.0275220573
0.131102055,-0.00480697444,0.21828635,-0.00837160461
0.143452585,-0.0393193066,0.239234567,-0.0656101033
0.133191049,-0.0915218368,0.220584959,-0.152038693
0.110334761,-0.128552929,0.180301517,-0.214312628
0.0803061575,-0.132004738,0.132243901,-0.221201733
0.0402409397,-0.107846446,0.0656571239,-0.183286771
-0.0179589242,-0.0814001635,-0.0291247442,-0.137658805
-0.0995359719,-0.0806660727,-0.161806643,-0.131822541
-0.198694497,-0.117938064,-0.318498045,-0.186641201
-0.295753449,-0.180565491,-0.455512971,-0.270593613
-0.362380415,-0.236432865,-0.535647154,-0.337169886
-0.373169422,-0.251272768,-0.546843529,-0.358085185
-0.318008453,-0.20809558,-0.489671975,-0.310092598
-0.208730415,-0.117684402,-0.345879734,-0.188786149
-0.0761324242,-0.0140296277,-0.138129234,-0.0244894233
0.0417031981,0.0629956201,0.0650123358,0.103572033
0.114339471,0.088231191,0.191315249,0.144878104
0.130016744,0.0637132823,0.218352765,0.105358869
0.097711876,0.016146671,0.167050555,0.0252771806
0.0398874208,-0.0191590078,0.0703430697,-0.03358474
-0.0196112525,-0.0188318565,-0.0319981948,-0.0337877236
-0.0658392236,0.015133786,-0.110110119,0.0234544985
-0.0960911065,0.0567009263,-0.158302546,0.0946940482
-0.115517527,0.0712377727,-0.190528184,0.120153897
-0.128825247,0.0364826806,-0.211260512,0.0661235303
-0.134004399,-0.0428161174,-0.221455619,-0.0638070852
-0.122470714,-0.135082558,-0.203879431,-0.214972481
-0.085707508,-0.197297782,-0.144477889,-0.317729145
-0.0240533445,-0.197544411,-0.0467213318,-0.322908133
0.0485402867,-0.132576853,0.0709690824,-0.224295482
0.107910857,-0.0307966005,0.175337955,-0.0573106483
0.130521804,0.0612304024,0.216673404,0.0961909965
0.10617511,0.101794161,0.180878028,0.165794447
0.0451972708,0.0746281967,0.083235696,0.125880226
-0.024808228,-0.00352896168,-0.0350911655,-0.00028661851
-0.0718897209,-0.0920070186,-0.11879272,-0.149283513
-0.0759184211,-0.146766618,-0.128603131,-0.238862932
-0.0391977765,-0.141507551,-0.0716409534,-0.234768301
0.0147297075,-0.0785584375,0.0174835511,-0.135285169
0.0540038645,0.0153391697,0.086590603,0.020768337
0.056376446,0.105021432,0.0948294848,0.169589102
0.022253219,0.165300578,0.0430635363,0.269296378
-0.0247509535,0.191734165,-0.0332650878,0.313590676
-0.0506121032,0.198570445,-0.079937622,0.325998843
-0.0303771496,0.206142813,-0.0481344312,0.337533414
0.0364527851,0.225839823,0.0587976165,0.364308894
0.123589508,0.25180912,0.197118804,0.397883713
0.190657884,0.26432988,0.301665366,0.40890339
0.204518989,0.242825359,0.325218499,0.377080351
0.15767239,0.180772528,0.262738556,0.290064245
0.0733390749,0.0935106352,0.130555466,0.157295868
-0.0061528557,0.0138213634,-0.00588813005,0.0253056362
-0.0418825932,-0.0230466258,-0.0712834224,-0.0377295651
-0.0196830928,0.00270612561,-0.0391286798,0.00283490121
0.041519478,0.0840163976,0.0644921958,0.136237219
0.0994032919,0.188247323,0.161158338,0.299726099
0.111212023,0.270870894,0.181881934,0.423171848
0.0577575415,0.294968843,0.102357283,0.462600648
-0.0446725897,0.247216299,-0.0588070564,0.399364501
-0.151358813,0.143038243,-0.237658665,0.240591109
-0.21182479,0.0191550869,-0.341305315,0.0412944183
-0.196264356,-0.0822643861,-0.323236465,-0.125527576
-0.111609906,-0.130190328,-0.190437406,-0.209308311
0.00146517588,-0.114994295,-0.00540013099,-0.191287488
0.0891500264,-0.0491581969,0.144709036,-0.0859624967
0.111818455,0.0400747694,0.186298639,0.0595094971
0.0636277646,0.12150833,0.111230001,0.194818184
-0.0257954299,0.169442236,-0.0337020829,0.274774313
-0.108051024,0.169087946,-0.169736296,0.278601855
-0.141654834,0.118022904,-0.227864176,0.200166285
-0.112725481,0.0253271181,-0.187418848,0.0511852577
-0.0397802591,-0.0902382508,-0.0694644973,-0.140855655
0.0392318219,-0.203056768,0.0574696139,-0.325807989
0.0896685496,-0.285542607,0.136384696,-0.450187683
0.0994959325,-0.315590739,0.149131775,-0.494516253
0.0842322931,-0.28506735,0.126176566,-0.455610812
0.0750499666,-0.205684394,0.116910785,-0.340150148
0.0973247737,-0.108162768,0.15338251,-0.185862631
0.152488366,-0.0328091048,0.245922118,-0.0577935465
0.214219153,-0.0138313118,0.345941544,-0.0248964895
0.241802111,-0.0637241378,0.389622539,-0.101431705
0.203516483,-0.165381402,0.329432756,-0.265354246
0.0968371853,-0.276933014,0.156198606,-0.438442886
-0.0464245602,-0.348515153,-0.0704191625,-0.537536085
-0.173784867,-0.344039559,-0.265370667,-0.520955741
-0.237835184,-0.25784421,-0.371677339,-0.398616016
-0.220388696,-0.117895536,-0.3637802,-0.190764874
-0.141827613,0.0265650395,-0.242913559,0.042940028
-0.0502560847,0.12736544,-0.0878722519,0.21181041
0.00402262714,0.159011155,0.00960502028,0.264344782
-0.00487076538,0.12899904,-0.000781327835,0.216067597
-0.0649897009,0.0718788654,-0.100916326,0.123582684
-0.133664608,0.0303410403,-0.21749118,0.0525268652
-0.161355034,0.0332060382,-0.267047256,0.0566302165
-0.119437732,0.08165095,-0.201601014,0.136013955
-0.0169539191,0.150519535,-0.0323407911,0.248683482
0.102759764,0.203487486,0.165020391,0.329963923
0.18386431,0.213504806,0.295038193,0.337712198
0.186720401,0.177266657,0.306506962,0.281897157
0.10836561,0.115916416,0.188863993,0.189958975
-0.0159070771,0.0618854798,-0.0168350339,0.101607829
-0.130484223,0.0395170748,-0.211915851,0.0668772385
-0.187274173,0.0506393053,-0.306860209,0.0844726041
-0.168891132,0.0735574439,-0.279936165,0.124033451
-0.0954254642,0.0764334723,-0.162080392,0.13082853
-0.0119338678,0.0377903096,-0.0224299189,0.0685062408
0.0361155607,-0.037522573,0.0617904142,-0.0590292029
0.0262601543,-0.116588026,0.0451110117,-0.192067996
-0.030683022,-0.153125957,-0.0503646433,-0.254264295
-0.0980949625,-0.111826368,-0.163443729,-0.188219175
-0.133952484,0.0102461744,-0.226655811,0.0112933777
-0.112892017,0.176954597,-0.18759045,0.286142826
-0.0385046229,0.325772941,-0.0599487349,0.505657136
0.0597705804,0.394669682,0.0928573161,0.593989372
0.142427891,0.350498885,0.22277987,0.534565985
0.179293975,0.205004752,0.29305926,0.331770897
0.16240038,0.0103837019,0.27493605,0.0236282814
0.106534153,-0.163681,0.176906034,-0.265993834
0.0387000814,-0.260532945,0.0609773137,-0.419168651
-0.0165746734,-0.260049552,-0.0327667743,-0.417943299
-0.0477886461,-0.18425633,-0.0832502693,-0.306372553
-0.057894323,-0.0831404254,-0.103063658,-0.141971245
-0.0574044548,-0.00845052302,-0.0984669849,-0.0161663406
-0.0547011383,0.0111837974,-0.091007039,0.0207201466
-0.0501069054,-0.0182626434,-0.0819833577,-0.0272898711
-0.037269935,-0.0629843324,-0.0629876852,-0.101999715
-0.0104021067,-0.0818997249,-0.0198204666,-0.136476278
0.0279804114,-0.0498102233,0.0428292453,-0.0860041305
0.0645763651,0.0288022347,0.104703337,0.0415888764
0.0805605426,0.122026011,0.13384673,0.196982443
0.0621045344,0.187074661,0.106658027,0.301995963
0.0100408485,0.192208469,0.0254998226,0.316201657
-0.0575045645,0.132712558,-0.0874576271,0.222949788
-0.112012863,0.0330593847,-0.181324378,0.0617437288
-0.128130674,-0.0653548986,-0.212956771,-0.101892255
-0.096988447,-0.124256805,-0.164365157,-0.200467229
-0.0320570022,-0.126084164,-0.0593532957,-0.209323034
0.0360116661,-0.0805745125,0.0540950336,-0.136407852
0.0733853951,-0.0176978074,0.12070886,-0.0346295573
0.0590247996,0.0287997518,0.100227542,0.0431802347
-0.00536207343,0.0385310389,-0.00242740684,0.0643947721
-0.096311897,0.0137014044,-0.155421242,0.0251866262
-0.179873332,-0.0237419289,-0.29151535,-0.0349959135
-0.227317438,-0.0449723192,-0.367648989,-0.0665291846
-0.22742787,-0.0301829837,-0.370018423,-0.04446394
-0.189576283,0.0206435379,-0.313002944,0.0352523662
-0.136740491,0.0873494372,-0.228645444,0.145450324
-0.0927660465,0.139487967,-0.150986403,0.230419248
-0.0708182827,0.151314482,-0.112900183,0.251824617
-0.0688574389,0.114416495,-0.109716967,0.194369212
-0.0738648325,0.0419414416,-0.119394831,0.0763054341
-0.0717653856,-0.0373650566,-0.117997967,-0.0572257042
-0.0570942201,-0.0922067612,-0.0975221917,-0.150295764
-0.0368944742,-0.102593839,-0.0658645108,-0.170517877
-0.0267341062,-0.0681619346,-0.0477474816,-0.116833597
-0.0411657728,-0.00746874278,-0.0682495981,-0.0151230479
-0.084029004,0.0509406552,-0.137389123,0.0829610974
-0.144113049,0.0812763572,-0.232795775,0.136169896
-0.198865056,0.0712397546,-0.318423957,0.122558869
-0.224577054,0.0262371376,-0.362073541,0.0481451973
-0.208037674,-0.0342591628,-0.33918342,-0.0482328534
-0.153742075,-0.0860281214,-0.257506669,-0.134169623
-0.0828384757,-0.110662624,-0.142315865,-0.179529652
-0.0239879508,-0.102793723,-0.0424738452,-0.172368437
-0.000252480881,-0.0712121353,-0.00248450041,-0.120733507
-0.0181125198,-0.0339390785,-0.0296097193,-0.0598944761
-0.0638287365,-0.00981980469,-0.10391821,-0.0176366903
-0.10904517,-0.0104149245,-0.179693922,-0.0157594606
-0.123327889,-0.0354904532,-0.205447793,-0.0527450778
-0.0881516859,-0.0736378431,-0.151067138,-0.117638953
-0.00609975075,-0.107354656,-0.0163902808,-0.174703538
0.0989545286,-0.12021973,0.154802024,-0.198913082
0.191034123,-0.103218377,0.304682881,-0.172682047
0.236880317,-0.0579028614,0.379279375,-0.100676276
0.220142573,0.00448564533,0.359837353,-0.000825991912
0.148790732,0.0672169924,0.250122637,0.102808289
0.0523780398,0.11376249,0.0926734582,0.184674501
-0.0299149472,0.132856667,-0.0435059704,0.220801979
-0.0655064508,0.121332251,-0.105595492,0.204280287
-0.0419775248,0.0841374025,-0.0699735656,0.14623946
0.0279598273,0.0319858082,0.0447325632,0.0575614795
0.112365238,-0.022218341,0.183047712,-0.0341048017
0.174321458,-0.0668751374,0.285366386,-0.110321864
0.18820329,-0.0941095129,0.306059539,-0.156332433
0.150602624,-0.100690357,0.249053806,-0.170961738
0.0809025168,-0.0875846744,0.135691583,-0.150606945
0.0112729203,-0.0586551279,0.0202383883,-0.101653449
-0.0291100815,-0.0191234816,-0.0493903831,-0.0344832502
-0.027963493,0.0256776363,-0.0490546338,0.0424914695
0.00493236911,0.0709647164,0.00624014996,0.117744654
0.0439053178,0.112531744,0.0741231441,0.185750082
0.0618312098,0.146338478,0.103224888,0.237807468
0.045447696,0.168025166,0.0791573972,0.274443448
0.00346119702,0.172791198,0.0120580262,0.2823053
-0.037160445,0.155991077,-0.055759605,0.258897126
-0.0452858508,0.114532031,-0.0718458071,0.194524154
-0.00311129494,0.0487487465,-0.00675378926,0.0870924294
0.0821309388,-0.0359727405,0.132569,-0.0547534488
0.178893,-0.128737152,0.285062134,-0.206936345
0.244953886,-0.214551821,0.377292901,-0.336500019
0.247740492,-0.27767542,0.373785019,-0.425533295
0.181256175,-0.306100458,0.2770904,-0.474978685
0.0707575679,-0.295639753,0.10996332,-0.469847739
-0.0378381833,-0.251903683,-0.0617078692,-0.407328784
-0.0991995037,-0.189028516,-0.165365249,-0.308473498
-0.0903112441,-0.125220552,-0.154153764,-0.20695886
-0.0219664853,-0.0765475929,-0.0446318798,-0.126768976
0.0658489838,-0.0513139293,0.104516245,-0.0855685398
0.122650892,-0.0473129228,0.202565506,-0.0794653594
0.11123611,-0.0531797297,0.188533977,-0.0903980806
0.0250628497,-0.0533766672,0.0470748916,-0.0931510404
-0.109006926,-0.0347773768,-0.17555514,-0.0619087517
-0.243533358,0.00789150875,-0.387761474,0.0121935736
-0.332204163,0.0699811652,-0.513993084,0.111360967
-0.349666566,0.138937429,-0.530511558,0.215294033
-0.300194293,0.19930096,-0.460038364,0.310420841
-0.211958334,0.238332942,-0.331640065,0.378360033
-0.121046469,0.249805793,-0.191088289,0.401568562
-0.0541972555,0.234565437,-0.0834627971,0.381905913
-0.019086387,0.198147699,-0.0260617845,0.325287789
-0.00623707054,0.147150904,-0.00597988674,0.246221453
9.91790102e-07,0.0865181684,0.00336374948,0.147595689
0.00877039693,0.0191626102,0.015960278,0.033769086
0.0161211994,-0.0521071702,0.0269616339,-0.0842487365
0.00830070395,-0.121827692,0.0132931788,-0.200985149
-0.0273794457,-0.18034932,-0.0453462899,-0.294839412
-0.0910294876,-0.215028331,-0.148142233,-0.347662181
-0.165503785,-0.214189723,-0.265636265,-0.341220528
-0.222193196,-0.172326878,-0.355615735,-0.273545355
-0.234836414,-0.094114624,-0.381513387,-0.150544688
-0.194013417,0.00490990235,-0.321668893,0.00792782847
-0.114095062,0.101805806,-0.192937687,0.169614688
-0.0281344969,0.172860369,-0.0470677502,0.284996927
0.027435502,0.201041028,0.0474483892,0.329226166
0.0308182277,0.1815231,0.0572499037,0.299192011
-0.0136911962,0.123281546,-0.0152172018,0.206576735
-0.0770096183,0.0462186858,-0.122146256,0.0818181559
-0.119133025,-0.0251199063,-0.198350295,-0.035909418
-0.108957522,-0.0691162646,-0.182931498,-0.111284532
-0.0403262116,-0.0735556409,-0.0753066242,-0.121401295
0.0636578053,-0.0391303264,0.0974050388,-0.0676032901
0.160287738,0.0209364761,0.259338856,0.0294301715
0.206349999,0.0849699751,0.336246222,0.131778151
0.177690834,0.129500255,0.29358533,0.204624504
0.080253832,0.1366909,0.141553253,0.221810341
-0.0521943867,0.100413218,-0.0764158145,0.170280427
-0.17220071,0.0289882086,-0.277068764,0.0519068912
-0.237981707,-0.056653101,-0.382655174,-0.0830783248
-0.229536057,-0.129337788,-0.372559577,-0.198278844
-0.155132473,-0.164889634,-0.25799647,-0.261962533
-0.0464331135,-0.151220918,-0.0873415768,-0.249153271
0.054662168,-0.0938080996,0.0847234353,-0.159669101
0.111494035,-0.0149805266,0.182609782,-0.0308745839
0.104495227,0.0533895418,0.177227646,0.083248429
0.0358249657,0.0815188661,0.0659039766,0.133515641
-0.0735620111,0.0533146933,-0.112648882,0.0908529833
-0.192149043,-0.0268164203,-0.308172762,-0.0364812873
-0.287989557,-0.135051131,-0.44891125,-0.200755611
-0.337605089,-0.237026036,-0.506089687,-0.343816727
-0.331566155,-0.301027089,-0.488818914,-0.428244859
-0.275829673,-0.310001075,-0.417057365,-0.455016822
-0.188853785,-0.267294347,-0.304668456,-0.411472559
-0.0953177735,-0.193758786,-0.164382398,-0.315027654
-0.0180866476,-0.117739238,-0.0374985151,-0.19801718
0.0292083062,-0.0626629665,0.0459687896,-0.106032006
0.0463634282,-0.037942782,0.0779281631,-0.0645997822
0.0456834137,-0.0371805765,0.0770512223,-0.0624530427
0.0458430573,-0.044038821,0.0765482858,-0.0736290216
0.0627153143,-0.0424098745,0.103547789,-0.0719220638
0.10108085,-0.0255057048,0.166617244,-0.0450179055
0.15124464,0.000789859099,0.246886,-0.00307076541
0.192687809,0.0218930412,0.31485188,0.0332855918
0.203633621,0.0235485528,0.334532619,0.0339121148
0.172316685,0.000981538091,0.286566347,-0.000825304422
0.104454786,-0.0368661694,0.177578568,-0.063484095
0.0228088982,-0.0705372244,0.0400009789,-0.119547337
-0.0416734852,-0.0793587714,-0.0703251734,-0.133623481
-0.0634759068,-0.052272439,-0.109089851,-0.0874517709
-0.0346107222,0.00531679392,-0.0623936355,0.00774462847
0.0307361949,0.0723426417,0.047736723,0.120063096
0.101642139,0.120491177,0.166311473,0.196101263
0.143852755,0.126463473,0.238682285,0.206892595
0.135166943,0.0824347362,0.227634266,0.134076715
0.0757281408,-9.01328749e-05,0.132752612,0.0008412358
-0.0115754278,-0.0946954712,-0.0146407532,-0.156900465
-0.0908466429,-0.170589328,-0.148902893,-0.278150558
-0.128655747,-0.204430178,-0.212406442,-0.326938391
-0.108330004,-0.188340932,-0.182827234,-0.305808067
-0.0368363075,-0.131100997,-0.0701613203,-0.218361571
0.0584692024,-0.0528123677,0.0895720422,-0.0902531892
0.141409144,0.0238234717,0.230004534,0.0338273384
0.18158792,0.081425257,0.296677858,0.129137278
0.165828407,0.111904182,0.275459379,0.178707227
0.102055773,0.115740865,0.175992638,0.186921358
0.0883782431,-0.0441891216,0.152138889,-0.0627947971
0.176053107,-0.0644961074,0.278779089,-0.109890312
0.23822929,-0.0761902109,0.380169958,-0.12755163
0.251195461,-0.0643703341,0.401273489,-0.10892795
0.205417186,-0.0243161991,0.337194562,-0.0477044173
0.1097399,0.035279572,0.185720921,0.0506131947
-0.0107414629,0.096119687,-0.0119655682,0.15552102
-0.122814342,0.139045209,-0.195105374,0.227367207
-0.196511582,0.153023094,-0.311427623,0.249726385
-0.215414256,0.13970542,-0.343593061,0.230623797
-0.181796819,0.111428656,-0.296104342,0.18768914
-0.114508271,0.0841236785,-0.190255165,0.143385544
-0.0405085608,0.0692608133,-0.0709407032,0.118708901
0.0162831116,0.0692235082,0.0279029552,0.115698628
0.0440002382,0.0783178285,0.0748472884,0.130288899
0.0458711535,0.0882875994,0.0782378167,0.144464284
0.0362195969,0.0946409777,0.062238548,0.156038389
0.0316080563,0.099757053,0.0550242364,0.164240018
0.0415309183,0.110791773,0.0699802041,0.18308787
0.0631967783,0.133634776,0.105115123,0.219259605
0.0829192176,0.166696876,0.137851521,0.270381898
0.0834329873,0.198643252,0.138697162,0.320730686
0.0535978414,0.212085262,0.0943446606,0.342982322
-0.00420814939,0.191850498,0.000316240825,0.315343887
-0.0726522654,0.133666858,-0.111389883,0.224799678
-0.124887101,0.0485154018,-0.202960894,0.0855526701
-0.134686083,-0.040079549,-0.222608969,-0.0601480566
-0.0870419741,-0.104980752,-0.150369093,-0.16932191
0.0151385628,-0.126515403,0.0152669474,-0.208990932
0.150879994,-0.100464135,0.237471923,-0.168030083
0.287438571,-0.0392486416,0.447441161,-0.0694824383
0.390500933,0.0340108499,0.584073722,0.0421702452
0.434490532,0.0954457745,0.633566797,0.129747063
0.409542382,0.129544169,0.605642796,0.181710735
0.323271602,0.133365929,0.504615307,0.197828189
0.197432607,0.114613876,0.328991205,0.179898664
0.0611312501,0.0854942799,0.110579625,0.141463012
-0.0570531934,0.0561718382,-0.088965714,0.094691366
-0.135856926,0.0312757231,-0.222250685,0.0561149716
-0.165572867,0.0107066156,-0.272983402,0.0206502732
-0.14913933,-0.00669588707,-0.248866364,-0.00678336388
-0.100192592,-0.0196667071,-0.171255603,-0.0278605409
-0.038725052,-0.0238829274,-0.0686623305,-0.0376786292
0.0146156903,-0.0148168737,0.0212748405,-0.025511371
0.0442549214,0.00774019491,0.0735163093,0.0106539009
0.0439834483,0.0366517641,0.0738815442,0.0583407991
0.0185436569,0.0584784187,0.0335367694,0.0952402577
-0.018143367,0.0588929504,-0.0275187064,0.0969719216
-0.0477835946,0.0300994813,-0.076271601,0.0536148362
-0.0541696735,-0.0236478858,-0.0890322477,-0.0347997248
-0.0291952845,-0.085776709,-0.0508459322,-0.138213694
0.0237145387,-0.133262545,0.0340978764,-0.220291987
0.090144597,-0.146375403,0.141854972,-0.240701377
0.149254829,-0.117879711,0.238821164,-0.198139101
0.180964544,-0.0572294444,0.291860342,-0.102146849
0.173309952,0.0125071229,0.286058486,0.0130298659
0.127316803,0.0638913438,0.2144797,0.0996690914
0.0574688241,0.0765262246,0.100848421,0.125900015
-0.0126669221,0.0456035621,-0.0157911554,0.0790311471
-0.0583613664,-0.0161442813,-0.0941978768,-0.0222222321
-0.0625040904,-0.0838443637,-0.106268682,-0.13511239
-0.0220440216,-0.130769551,-0.0409919098,-0.214457005
0.0504717194,-0.139046654,0.0757865533,-0.230414376
0.131148025,-0.106363766,0.20852299,-0.179586589
0.193477616,-0.0461805388,0.311721444,-0.0814890862
0.218355685,0.0182283036,0.353520721,0.0232798047
0.201369375,0.0631158948,0.331697941,0.0967312008
0.154157266,0.0731218681,0.259253323,0.116548754
0.0989103988,0.0463333055,0.16963844,0.0768223032
0.0580347404,-0.00598522276,0.0999287441,-0.00878474023
0.0433738753,-0.06437888,0.0726939887,-0.106443331
0.05001707,-0.108644441,0.0822900757,-0.179927006
0.0580619909,-0.124846525,0.0921937451,-0.208436549
0.0422478989,-0.109504916,0.0694315508,-0.186154172
-0.0144441137,-0.0697926357,-0.0231057629,-0.120937057
-0.109504066,-0.0200683791,-0.178584665,-0.0360850133
-0.21779719,0.0237206072,-0.349809557,0.0386936106
-0.299226016,0.049642425,-0.467776597,0.0827552378
-0.314794749,0.0534361452,-0.493005186,0.0911187902
-0.24442786,0.0390850976,-0.397274524,0.0716449842
-0.0983984396,0.0163492393,-0.172156006,0.0345474184
0.0834948272,-0.00358878216,0.130818203,-0.00256174966
0.245592684,-0.0125684123,0.389640033,-0.0234631691
0.337556422,-0.00827450957,0.521674693,-0.0192750059
0.333999813,0.00549805257,0.521884084,-0.000106890075
0.243875906,0.0209440496,0.399925679,0.0256256387
0.105413429,0.0295427106,0.18366988,0.0436599776
-0.031011492,0.0250152387,-0.0457855798,0.0405795202
-0.124127716,0.00481646834,-0.203848049,0.0121611468
-0.157406166,-0.0300425347,-0.260475248,-0.0445957482
-0.142226651,-0.076132372,-0.236993149,-0.117732435
-0.107891552,-0.128629252,-0.18128784,-0.207179591
-0.0842064694,-0.18154338,-0.140799716,-0.293268055
-0.0857811943,-0.227362141,-0.1411203,-0.363455594
-0.105957232,-0.257100374,-0.172374561,-0.406550109
-0.123014405,-0.26182279,-0.200537801,-0.414209783
-0.114781752,-0.235870078,-0.188885152,-0.378101796
-0.0733710602,-0.180678919,-0.128345892,-0.296659678
-0.0117581636,-0.107061706,-0.0275636204,-0.180590943
0.0416500717,-0.0338968523,0.0665020198,-0.0598783828
0.0578259192,0.0173809044,0.0977367088,0.0265038982
0.0235122107,0.0308718849,0.0438780263,0.0508381613
-0.0496800542,0.00341104902,-0.077149488,0.00621668575
-0.128731415,-0.0529064275,-0.208871067,-0.0828983337
-0.174041465,-0.114936605,-0.284055829,-0.181589484
-0.158488005,-0.15835087,-0.262126207,-0.251453161
-0.081237644,-0.168993056,-0.140555918,-0.272561491
0.0306819025,-0.150246769,0.0408516079,-0.247105196
0.13398768,-0.122302629,0.212622911,-0.202390879
0.18835333,-0.112884648,0.303859681,-0.186292529
0.173988804,-0.143282324,0.284499794,-0.234875679
0.0993342623,-0.216265619,0.164425477,-0.349786848
-0.00435085222,-0.312075734,-0.00537376478,-0.486866385
-0.0982772931,-0.395131588,-0.150060251,-0.586662054
-0.153485581,-0.428960055,-0.228931993,-0.618266344
-0.161956355,-0.392659724,-0.247564718,-0.577298164
-0.136766165,-0.29111883,-0.223384023,-0.45431754
-0.102284342,-0.153921992,-0.176325023,-0.256116748
-0.0802070573,-0.0231777169,-0.137163118,-0.0412709638
-0.0787700117,0.0641933382,-0.131188333,0.106650718
-0.0902217254,0.0914920643,-0.146473601,0.153110906
-0.0970069468,0.0676972046,-0.159371436,0.115721546
-0.082648091,0.0211170781,-0.138968393,0.0406047739
-0.0412856303,-0.0152978152,-0.0734459758,-0.0223734919
0.0189246982,-0.0196422059,0.0273702908,-0.0320280306
0.0797879696,0.00975642726,0.130420223,0.0137916058
0.121798411,0.0556128882,0.202981174,0.0881328136
0.132880747,0.0920389071,0.221253604,0.148231477
0.112927757,0.0981980488,0.191031367,0.160404384
0.0725121424,0.0682203248,0.125867128,0.113663614
0.0272193085,0.0127084618,0.0493503436,0.0224740934
-0.00906678103,-0.0482187271,-0.0127521316,-0.0791424066
-0.0287079997,-0.0960423946,-0.0488689989,-0.157791227
-0.0312075391,-0.122963279,-0.0560354963,-0.203385398
-0.021121949,-0.134355828,-0.038069047,-0.222212031
-0.00494404091,-0.143747613,-0.0129330149,-0.236917615
0.0112268226,-0.16357246,0.0154578779,-0.268845707
0.0225996319,-0.197028071,0.0324545428,-0.320074052
0.0258228928,-0.235469565,0.0377125666,-0.379301518
0.0193897467,-0.26253441,0.0258068722,-0.420437396
0.00473711733,-0.262493312,0.00209753541,-0.420834213
-0.0126810819,-0.22818464,-0.0253907852,-0.372442842
-0.0237562861,-0.164383724,-0.0433241017,-0.273525268
-0.0184952375,-0.0851646438,-0.0348171704,-0.144839406
0.00929864123,-0.00711628841,0.010653968,-0.0139963776
0.0575538464,0.0576695018,0.093835786,0.0947062522
0.114437155,0.105169103,0.188901871,0.171752959
0.161604479,0.13815099,0.26508528,0.222687259
0.181609511,0.161517069,0.294986129,0.256653398
0.166372716,0.177533567,0.273417175,0.281921297
0.12241628,0.183986992,0.205352128,0.296015769
0.069585152,0.176266566,0.120963149,0.286637098
0.0329378285,0.151822746,0.0603682324,0.252620012
0.0310151502,0.11392244,0.0523819216,0.191406295
0.0659449473,0.0720132068,0.11123509,0.122308671
0.120501064,0.0380651988,0.197956458,0.0644555613
0.164262921,0.0207471494,0.26976651,0.0311477929
0.166737795,0.0207296032,0.276164711,0.0296239387
0.111782745,0.029932363,0.189988822,0.0438612066
0.00667709904,0.0353965461,0.0183233172,0.056095615
-0.118663408,0.0258786194,-0.190822229,0.0425435081
-0.22250396,-0.00229408825,-0.356247634,0.00111001311
-0.267782092,-0.0432143621,-0.427419037,-0.0594492331
-0.237296686,-0.084276095,-0.387657702,-0.126902461
-0.141109794,-0.112371087,-0.241057143,-0.176894918
-0.0130273681,-0.120107152,-0.0295351185,-0.197085589
0.10231518,-0.10885407,0.16240637,-0.18131347
0.166346982,-0.0872381926,0.26920858,-0.148006275
0.160552606,-0.0661822185,0.265253007,-0.113838047
0.0921411738,-0.0533439294,0.157053187,-0.0938510895
-0.010405927,-0.0499204621,-0.012832731,-0.0867692232
-0.109565899,-0.0512797274,-0.179764614,-0.08468505
-0.173500463,-0.0506820865,-0.284973592,-0.0793181285
-0.187352479,-0.0437245816,-0.308328986,-0.0670568869
-0.156935692,-0.0309498869,-0.262217999,-0.0473564304
-0.103916422,-0.0173209142,-0.176648214,-0.0254647695
-0.0550162196,-0.00915612839,-0.0942487121,-0.0128732286
-0.0300147925,-0.0105220675,-0.0497407019,-0.0171845723
-0.0335998461,-0.0212147571,-0.0542952381,-0.0338651501
-0.0543655939,-0.0373399109,-0.0893514082,-0.0612636916
-0.0712226555,-0.0538696796,-0.119907036,-0.0880828276
-0.0643406883,-0.0674174502,-0.110391766,-0.108690061
-0.0257475339,-0.0774874687,-0.0469635464,-0.127834082
0.0352978446,-0.0855508596,0.0535767339,-0.139897794
0.0949520171,-0.0927467644,0.152013928,-0.155341819
0.124809332,-0.097890228,0.205266789,-0.165219694
0.105252437,-0.0972471237,0.176473767,-0.164085403
0.0362203047,-0.0863709152,0.0633030161,-0.147955045
-0.0598607808,-0.0629348531,-0.0973266214,-0.10813573
-0.14511925,-0.0287991595,-0.239156991,-0.0489155166
-0.181007326,0.0100319674,-0.298694581,0.017960133
-0.144820988,0.0456412919,-0.242940262,0.0787579119
-0.0407172963,0.0713680536,-0.0742438212,0.121386699
0.100044385,0.0841168836,0.160528451,0.140558913
0.230357528,0.0845874399,0.368577451,0.133846462
0.305587053,0.0755569935,0.479253948,0.113312408
0.301167727,0.059607476,0.47792837,0.0873765349
0.221826389,0.0380286872,0.366488874,0.0561477877
0.0984538943,0.0117840227,0.170897409,0.0160396192
-0.0257636439,-0.0161098205,-0.0360131413,-0.027002627
-0.113491639,-0.0386815704,-0.187447295,-0.0638936386
-0.147427112,-0.0455538817,-0.245880619,-0.072022371
-0.134415433,-0.0266248491,-0.227866247,-0.0431302823
-0.0984080359,0.0224362481,-0.167235926,0.0382661112
-0.0665183142,0.0957361236,-0.111087054,0.156971037
-0.0554817356,0.176653653,-0.0891453996,0.287950814
-0.0651125461,0.242510781,-0.0992511362,0.388871759
-0.0813622773,0.272994667,-0.122551955,0.435360044
-0.0864826366,0.258689761,-0.132425904,0.416581035
-0.0702597871,0.20557636,-0.109721586,0.340168476
-0.0361045003,0.132996202,-0.0576447323,0.226238728
0.00108386984,0.0656574294,0.00440076133,0.113914795
0.0237117335,0.0232155379,0.0408187844,0.0395886526
0.0217691995,0.0122715663,0.0376561992,0.0180695541
-0.00123052788,0.0245407633,-0.000891643285,0.0396424718
-0.0299057737,0.0419675373,-0.047258202,0.0693060979
-0.0452369228,0.0461877435,-0.0731969401,0.0783655196
-0.0347686671,0.027675122,-0.0575001799,0.0502128825
0.000775175809,-0.00981824938,0.000570242468,-0.0131828552
0.0479131117,-0.0514882803,0.0773827508,-0.0850023776
0.0874061212,-0.0790231079,0.14254576,-0.131303221
0.103888825,-0.0796072483,0.170883283,-0.135080487
0.0930031687,-0.0520270243,0.153870076,-0.0911811963
0.0625621527,-0.00716118794,0.105887137,-0.0153443124
0.0276891999,0.0370227955,0.0478832275,0.0582375005
0.00305525307,0.0632957295,0.00794050377,0.106456906
-0.00347636803,0.0620959997,-0.00502163032,0.104986608
0.00720581086,0.0346447527,0.0125288107,0.0600314699
0.0280932114,-0.00861483719,0.0473805107,-0.0115958583
0.050852377,-0.0529598221,0.0851639286,-0.0875232071
0.0695627704,-0.0851943567,0.114471406,-0.143088847
0.0814672932,-0.0979217067,0.133641079,-0.165012971
0.0851923153,-0.0910064429,0.139612898,-0.153480917
0.0787179321,-0.0703212395,0.12978889,-0.121199682
0.059404429,-0.0447919518,0.0986617059,-0.0774011165
0.0265998784,-0.0229693875,0.0459027924,-0.041059047
-0.0149914827,-0.0100824703,-0.0229778029,-0.0177631192
-0.0542101078,-0.00618278608,-0.0899240673,-0.00878923945
-0.0766827464,-0.00582597125,-0.127421901,-0.00816351641
-0.0717309937,0.000344679691,-0.121054165,0.00264765718
-0.0394061916,0.0220616814,-0.0677895024,0.0373345315
0.00691113481,0.0646464452,0.00946359523,0.106801048
0.0450804457,0.124660827,0.0735159069,0.202853784
0.0547183827,0.188289329,0.0921868235,0.303329736
0.0285562705,0.234287769,0.0523426197,0.375170946
-0.0218441263,0.241594002,-0.0270302612,0.390887648
-0.0701566115,0.199232668,-0.108197995,0.328062713
-0.0881416053,0.114187822,-0.14332056,0.196560547
-0.0610739589,0.0127572343,-0.10231749,0.0292462725
0.00267609605,-0.0668791011,-0.000266773393,-0.106821716
0.0739229247,-0.0892013013,0.118027382,-0.150077879
0.116704896,-0.0374261364,0.19065024,-0.0699740201
0.107322596,0.076237604,0.178142369,0.115854882
0.0481809787,0.211869806,0.0845654383,0.336634308
-0.0317255668,0.31563592,-0.0410812236,0.488889992
-0.0910375789,0.341240853,-0.131596506,0.527863443
-0.0981980488,0.270044625,-0.149549454,0.435203046
-0.04983823,0.120648324,-0.0799723193,0.211176336
0.0251271743,-0.0570466183,0.0406095125,-0.0840047747
0.0790532306,-0.201438636,0.126217559,-0.323101521
0.0706117451,-0.264258713,0.109149799,-0.425077647
-0.011580728,-0.230056778,-0.0198748652,-0.378643304
-0.139768213,-0.121490844,-0.228767499,-0.206352726
-0.25829947,0.011804305,-0.412992358,0.0155549627
-0.310626775,0.115475148,-0.480872959,0.182678163
-0.268624961,0.153535977,-0.422657907,0.248373955
-0.148825422,0.121891849,-0.245752946,0.208762184
-0.0063402229,0.0467196815,-0.0145933405,0.0873784125
0.0913854018,-0.0305591729,0.152263314,-0.0485334992
0.0981843919,-0.0737735555,0.165130213,-0.126726106
0.0130575597,-0.0679066405,0.0257090982,-0.119627297
-0.11817915,-0.0232125893,-0.191769153,-0.0432072729
-0.224796832,0.0334237739,-0.362882048,0.0539701767
-0.245819792,0.0744963959,-0.395581603,0.125941321
-0.160027027,0.0865599364,-0.268409222,0.150441185
0.00380802248,0.0761444122,-0.00143288344,0.133817524
0.181408852,0.0644235089,0.29069829,0.105473973
0.304552376,0.0741148591,0.476760596,0.111823022
0.333476305,0.115945823,0.515946031,0.167344749
0.273875058,0.181892991,0.432848126,0.271425188
0.170566514,0.248552054,0.277067631,0.383558035
0.0821324512,0.288584799,0.137782931,0.450203687
0.0504465848,0.284093082,0.0849906802,0.450988829
0.0810356066,0.235040233,0.131376863,0.381987572
0.143830612,0.158689365,0.234801412,0.260569096
0.192706734,0.0807964057,0.316182971,0.132595479
0.192361355,0.0234202649,0.317516029,0.0350909494
0.137739748,-0.00440043258,0.232472524,-0.0108033791
0.0559215918,-0.00875233952,0.0975428149,-0.0191522706
-0.00970776938,-0.00537325069,-0.0150886653,-0.00964905694
-0.0236083064,-0.0101122363,-0.0400656462,-0.0147809358
0.0228985287,-0.0305922478,0.033676967,-0.0472491048
0.107784592,-0.0632223859,0.174795344,-0.103205957
0.190949112,-0.0965202972,0.306147665,-0.159108385
0.235607222,-0.11829561,0.374233395,-0.193971395
0.226347119,-0.122436807,0.362982035,-0.201226696
0.174287006,-0.111669123,0.28448391,-0.187404647
0.10746339,-0.0951717645,0.179804593,-0.163093254
0.0529467463,-0.082840547,0.0869731158,-0.140768677
0.0214834809,-0.0796526223,0.033742331,-0.133543089
0.00343182101,-0.0832241327,0.00547746103,-0.139200732
-0.0222174749,-0.0856247619,-0.03697161,-0.143270791
-0.0717118904,-0.0780880824,-0.118991531,-0.129978508
-0.143341631,-0.055816792,-0.234692007,-0.0924948752
-0.215327531,-0.0203435291,-0.347606391,-0.0302378088
-0.256307632,0.0214391686,-0.411620647,0.0382265747
-0.242485091,0.0605099723,-0.390442938,0.102288462
-0.171559826,0.08906091,-0.285072058,0.151135832
-0.0653808564,0.10216523,-0.111955933,0.17344366
0.0402820408,0.0974394679,0.0651485398,0.16544567
0.113115028,0.0738861114,0.188107282,0.124075942
0.139085934,0.0316451788,0.230652303,0.0525479093
0.126667514,-0.0264461264,0.213534236,-0.0435880609
0.0986508131,-0.0922695249,0.164874554,-0.152720928
0.0769099295,-0.151004732,0.126137167,-0.249354407
0.0693935677,-0.183121204,0.108381383,-0.300467432
0.0670244545,-0.170452118,0.105311103,-0.282563865
0.0520571396,-0.104518287,0.0846304968,-0.179498106
0.0124136815,0.00674095517,0.0192296058,0.00487959106
-0.0472381413,0.137868822,-0.0755615979,0.220448285
-0.105099365,0.252396435,-0.162245452,0.399989694
-0.133602023,0.315389037,-0.200335905,0.48900032
-0.116311193,0.30717665,-0.17645973,0.483237714
-0.0603182614,0.232146129,-0.0941764712,0.38173452
0.00393675966,0.118119657,0.00943706464,0.2043145
0.0365969986,0.00585800596,0.0641243607,0.0124908919
0.0093000615,-0.0672094226,0.0176577922,-0.111575454
-0.0781789124,-0.0820302442,-0.127610505,-0.139182091
-0.195082322,-0.0450404249,-0.31624648,-0.0753761753
-0.292985857,0.0158922449,-0.461098552,0.0260773338
-0.328873605,0.0648294166,-0.509508371,0.105924882
-0.286063164,0.0742620751,-0.454097688,0.125092387
-0.181960881,0.0371576101,-0.301110208,0.0699706227
-0.0585486665,-0.0308717079,-0.101241224,-0.0436790809
0.0392602943,-0.0999772996,0.0609529987,-0.163226262
0.0857604519,-0.140753984,0.139783144,-0.233833537
0.0852732882,-0.138023123,0.138916016,-0.232512996
0.066104956,-0.0971956328,0.106998906,-0.166848972
0.061391823,-0.0404752307,0.101520099,-0.0717245415
0.0877912939,0.00481880223,0.144958302,0.00646932889
0.134130433,0.0197681803,0.219620377,0.0311706942
0.166585177,0.00249539316,0.275145471,0.00370483031
0.147770017,-0.0321101695,0.248134598,-0.0548664033
0.0593222678,-0.0610025153,0.104191154,-0.105181821
-0.0845510811,-0.065167211,-0.134316936,-0.110506609
-0.240364447,-0.0389917679,-0.382697165,-0.0637643561
-0.354278862,0.00788715668,-0.543159783,0.0157533139
-0.387070715,0.0568819456,-0.583886802,0.0900052637
-0.33231017,0.0912026986,-0.515233576,0.147816196
-0.218516842,0.105073921,-0.3556934,0.176826403
-0.0944987908,0.106369108,-0.159534842,0.181371436
-0.00577399181,0.111260042,-0.00885089859,0.18492277
0.0257056318,0.133893594,0.0456434898,0.21958445
0.00853841752,0.176922098,0.0171114411,0.286778957
-0.0270357821,0.228375718,-0.0393557474,0.36583516
-0.0481108092,0.266991705,-0.071762152,0.425147474
-0.037401285,0.273457289,-0.0555876046,0.437428147
-0.00115000689,0.241577819,0.0013137873,0.393793941
0.0368219763,0.183079302,0.0643371269,0.302358925
0.0506351851,0.122896589,0.0881455764,0.204415202
0.0281372927,0.0868481472,0.0505355522,0.144634575
-0.0219949167,0.0879082084,-0.0331991538,0.144377291
-0.0754898414,0.118483081,-0.121994451,0.19507803
-0.106601559,0.153353781,-0.170991108,0.252575815
-0.102772273,0.162500441,-0.165582135,0.269805938
-0.0714512169,0.12763153,-0.115857296,0.216794133
-0.0353509225,0.053784471,-0.0570553839,0.0965361148
-0.0190377738,-0.0306597985,-0.0310330167,-0.0469306074
-0.0345656276,-0.086562492,-0.0566916242,-0.14339672
-0.074240461,-0.0836529657,-0.123071812,-0.141737521
-0.114472166,-0.0175195504,-0.191687956,-0.0327458009
-0.128459096,0.0850698873,-0.213967755,0.137586832
-0.100668512,0.176199093,-0.164437577,0.287268549
-0.0353133306,0.208287761,-0.0578248166,0.342690796
0.045449473,0.157086283,0.0772360116,0.266330093
0.112185836,0.0348948613,0.188583285,0.0642525554
0.14168635,-0.113009363,0.233610809,-0.181436002
0.126219466,-0.22777395,0.202907205,-0.364846438
0.0743417442,-0.26341188,0.116318807,-0.42441085
0.00403965404,-0.207750365,0.00330405496,-0.346791774
-0.0669243634,-0.0877074301,-0.114091165,-0.15164879
-0.127662718,0.0438382551,-0.211999759,0.0680940449
-0.17460078,0.133360803,-0.282424808,0.216354012
-0.206841797,0.151922941,-0.327479392,0.249885976
-0.220945612,0.108017854,-0.351810157,0.181437239
-0.209853783,0.0417495854,-0.339293718,0.0758644715
-0.167666599,0.00330148591,-0.277498275,0.00987821259
-0.0975559503,0.026461605,-0.167640939,0.043457225
-0.017110141,0.110475577,-0.0329840295,0.181780964
0.0440633036,0.219389021,0.0711924657,0.349783719
0.0555659644,0.299335152,0.0939453542,0.467212796
0.00186539453,0.305251986,0.0147185903,0.480202079
-0.105723768,0.223765761,-0.155734017,0.365794778
-0.228316173,0.0808372647,-0.356846333,0.14056015
-0.312614113,-0.0696888566,-0.485388666,-0.0982529148
-0.313474774,-0.171038702,-0.48502484,-0.253855914
-0.215861827,-0.189738557,-0.352691859,-0.294906735
-0.0452855527,-0.130365491,-0.0882716626,-0.215978265
0.139501169,-0.0318686739,0.219976038,-0.0575766228
0.26959914,0.0523161665,0.428030968,0.0781456232
0.295142382,0.0802130103,0.468346715,0.119897299
0.207435519,0.0404331014,0.347926497,0.062471427
0.0437102988,-0.0446545184,0.0836501643,-0.0752633736
-0.128032565,-0.132623509,-0.20331122,-0.216028631
-0.237495631,-0.183987349,-0.376063198,-0.285429627
-0.241187006,-0.182453871,-0.386847556,-0.282430917
-0.139330953,-0.142140985,-0.238620743,-0.229183391
0.0264250003,-0.0984105244,0.031818565,-0.161373153
0.192626238,-0.0875124708,0.306384414,-0.142715484
0.301372737,-0.125965238,0.46836105,-0.19762741
0.322920561,-0.200629309,0.488645673,-0.308325708
0.264021367,-0.274800301,0.400999516,-0.419544041
0.15971081,-0.307281762,0.245842069,-0.479447424
0.0540243611,-0.274596214,0.081975922,-0.441612482
-0.0202798899,-0.184734434,-0.0387469716,-0.309375256
-0.0534585789,-0.0750268698,-0.0929008797,-0.129413441
-0.0575149469,0.00526560796,-0.0979382992,0.00873576105
-0.0542607866,0.0192444753,-0.0900579318,0.0365887694
-0.0601260401,-0.038504947,-0.0984233171,-0.0576098971
-0.0761064216,-0.13768211,-0.12526533,-0.22139886
-0.0878961161,-0.225456148,-0.144935548,-0.358338118
-0.0755423233,-0.251081467,-0.127624393,-0.401080519
-0.0269034393,-0.190303802,-0.0525858775,-0.313179702
0.05267407,-0.057875257,0.0791092813,-0.10332711
0.139912218,0.0979207531,0.225168794,0.153682619
0.202944294,0.216340542,0.32221958,0.336225718
0.215900302,0.251127273,0.341167301,0.387322605
0.171471894,0.190923363,0.28582716,0.306728452
0.0851558596,0.0638859048,0.151459455,0.108807996
-0.0110415099,-0.0753479227,-0.0127078798,-0.122746006
-0.0825294927,-0.170083016,-0.135145828,-0.276943386
-0.107134648,-0.18608135,-0.180050984,-0.303334266
-0.084195599,-0.125176728,-0.146902949,-0.210556313
-0.0336746499,-0.0223220196,-0.0617478713,-0.0420428589
0.0140260812,0.0718754232,0.020699136,0.117392041
0.032554131,0.114598982,0.0575515591,0.189516455
0.0115857897,0.0894148871,0.0252448954,0.151276767
-0.0391026363,0.011923627,-0.0597210377,0.0247871466
-0.0949992612,-0.0793139189,-0.155028999,-0.12738584
-0.128774658,-0.141569301,-0.21220611,-0.2274234
-0.122999363,-0.14732264,-0.205818832,-0.240689352
-0.0778315365,-0.0953864008,-0.135690942,-0.158695325
-0.0104550915,-0.00929574482,-0.0243548043,-0.0179581176
0.0530175343,0.0753470883,0.0853697807,0.121920533
0.089105539,0.127879664,0.148621708,0.209062144
0.0866434723,0.135680467,0.147297576,0.222227916
0.0505104102,0.107537098,0.0919110253,0.178112075
-0.00166279776,0.0665104836,0.00160358753,0.112520568
-0.0476609468,0.0366498008,-0.0777123049,0.0613813959
-0.0696759894,0.030634867,-0.117232271,0.0522307679
-0.0602419935,0.0445262976,-0.103311777,0.0746235177
-0.0231677108,0.0618793443,-0.0403848067,0.105774932
0.0299169403,0.0645758435,0.0500995554,0.108775072
0.0849260986,0.0443226844,0.140278175,0.0755905285
0.129801348,0.00852831546,0.215404734,0.0141941579
0.156485826,-0.0227322336,0.257346898,-0.038799271
0.160573676,-0.0272684675,0.264293581,-0.0498821847
0.140164256,0.00654396787,0.232784271,0.00559448358
0.0955779105,0.0716084316,0.161740094,0.112423345
0.0305216871,0.143026873,0.0543194003,0.232081532
-0.0462195389,0.188178778,-0.0689139143,0.306763083
-0.120417863,0.181437269,-0.1890333,0.297325999
-0.174870566,0.116542697,-0.278813511,0.196927696
-0.19467257,0.0105911726,-0.316613883,0.0279168077
-0.17337288,-0.102502018,-0.285983562,-0.158896789
-0.116988964,-0.186222628,-0.195299566,-0.296205819
-0.0433260202,-0.216877475,-0.077819109,-0.350839674
0.0239476357,-0.193182305,0.0325410813,-0.317897171
0.0644082949,-0.135767326,0.10133674,-0.22974667
0.0692499578,-0.0770817026,0.114763923,-0.132298946
0.0449685678,-0.0465601273,0.0766828731,-0.0809064507
0.0103642344,-0.0578786843,0.0180396754,-0.09497042
-0.012039504,-0.103836328,-0.0193001032,-0.168507695
-0.00634365575,-0.16061841,-0.013716354,-0.261622638
0.0293809604,-0.198860198,0.0410754681,-0.321813285
0.0821754634,-0.196120009,0.126569554,-0.321101815
0.130095646,-0.145303905,0.206890181,-0.242992699
0.152094394,-0.0560370274,0.247976184,-0.100698821
0.137201518,0.0504875891,0.227330744,0.0744872466
0.0887763277,0.149877369,0.150650948,0.239951849
0.0221076962,0.22207056,0.0418779328,0.356466919
-0.0431006886,0.255331278,-0.0622063428,0.409140557
-0.0914392769,0.246432975,-0.13794446,0.397432774
-0.117435411,0.19874315,-0.183946639,0.327653557
-0.125670537,0.1204051,-0.202465713,0.204723254
-0.125861913,0.0237240605,-0.207967684,0.0458723083
-0.125949502,-0.0748770162,-0.208044589,-0.117353536
-0.127088249,-0.156071156,-0.208965316,-0.249467075
-0.123236135,-0.201366931,-0.204141602,-0.322220415
-0.105447978,-0.199001163,-0.176785722,-0.320731223
-0.0684180036,-0.149610609,-0.119677894,-0.248380974
-0.0155910654,-0.0684073195,-0.0330398604,-0.117416836
0.040117979,0.0183956865,0.0626380816,0.0274270698
0.0807088315,0.0825105608,0.133774921,0.134572253
0.0906932279,0.104504958,0.153901443,0.171419188
0.0643655062,0.0818170607,0.110888667,0.135591596
0.0092949681,0.0298028104,0.0222720802,0.051565595
-0.0556873977,-0.0251434539,-0.0907826349,-0.0406752117
-0.107257746,-0.05750129,-0.178257346,-0.0923769102
-0.126320273,-0.0540562794,-0.211425841,-0.0869257301
-0.10513927,-0.0194015447,-0.179629102,-0.0321425274
-0.0501347147,0.0271094237,-0.0888727158,0.0467586145
0.020562442,0.0613551028,0.0321949869,0.103071541
0.0836739987,0.0663280636,0.139395297,0.110611103
0.118941486,0.0399712548,0.200500831,0.0664404929
0.116037823,-0.00480201514,0.196407229,-0.00825317018
0.0780142322,-0.0475926399,0.133722007,-0.081786789
0.020320775,-0.0713382065,0.036346145,-0.120684028
-0.034190122,-0.0707030371,-0.0575453043,-0.119566105
-0.0627393052,-0.0537303351,-0.107271962,-0.090952985
-0.0503534898,-0.0361630507,-0.0873602703,-0.0593539327
0.00451191701,-0.0317844227,0.00385743007,-0.0524199121
-0.0490990244,0.0638287365,-0.0771564767,0.0966617763
0.0634596944,0.0921695903,0.0962898061,0.158198848
0.191565469,0.10713686,0.309383661,0.172562122
0.310454458,0.0996097401,0.482056975,0.152069494
0.393722385,0.0671689361,0.591125846,0.0969759822
0.41997382,0.0164902061,0.625003695,0.0192025583
0.379248708,-0.038274914,0.577660561,-0.0645366609
0.277348697,-0.0806582868,0.443539828,-0.133359775
0.136215582,-0.0983138457,0.229533464,-0.169076905
-0.0106611941,-0.0877905786,-0.013031072,-0.151055127
-0.127233833,-0.0554584563,-0.209728003,-0.0930519029
-0.185846686,-0.0142265344,-0.305967718,-0.0202429984
-0.176419914,0.0223417059,-0.292693138,0.0401756391
-0.110194415,0.0457537323,-0.187844023,0.0793579742
-0.0160407033,0.0555690117,-0.0300620776,0.0947533324
0.0698538348,0.0584255308,0.114405684,0.0977826044
0.117282435,0.0637790859,0.195864096,0.104151487
0.113128126,0.0785125047,0.192129761,0.12541087
0.0657087192,0.103013568,0.114012524,0.16734463
0.000437256967,0.13056621,0.00659757154,0.21411413
-0.0514635071,0.150339007,-0.0801146477,0.248216584
-0.0664032921,0.152604118,-0.106338024,0.253993928
-0.0382224917,0.133795008,-0.0635267049,0.224868163
0.0198753793,0.0990322679,0.033228904,0.169163451
0.0819573626,0.060797099,0.135997638,0.102724284
0.121389434,0.0340788588,0.201500043,0.0541955046
0.122673184,0.0299028531,0.206120417,0.0456214733
0.087700665,0.0500015169,0.149339706,0.0776262805
0.0337642655,0.0851264596,0.0602283515,0.139892042
-0.0153897163,0.118130699,-0.0226341914,0.193078503
-0.0409131348,0.130952299,-0.0657480732,0.217716262
-0.0370770022,0.112794802,-0.0588430613,0.190932304
-0.0125765735,0.0659523383,-0.0196271595,0.114654846
0.0152818467,0.0063758851,0.0261541884,0.0147480369
0.030132059,-0.0418738499,0.0515812486,-0.0679854825
0.024702074,-0.0564476438,0.0393088162,-0.096462667
0.00339280255,-0.0267961305,0.00524870073,-0.0488264598
-0.021758927,0.0400340222,-0.0367945284,0.0628298819
-0.0391349383,0.120931894,-0.0648357794,0.196737006
-0.0448302515,0.185505494,-0.0700277388,0.301921934
-0.0448845141,0.208664581,-0.0682622194,0.339990318
-0.0510488041,0.181518823,-0.0787050128,0.300785065
-0.0724524781,0.115529478,-0.114413455,0.197330311
-0.108080633,0.0377273634,-0.176217258,0.0677652806
-0.14481397,-0.0210879948,-0.238250822,-0.0316596627
-0.16287528,-0.039860718,-0.269428074,-0.0627333224
-0.146354914,-0.0162304062,-0.245597228,-0.0265356377
-0.0933170915,0.0332855135,-0.159601673,0.0569071695
-0.0196622685,0.0818976834,-0.0355104432,0.13630721
0.0461799428,0.105667897,0.0764009133,0.175663695
0.0758947283,0.0946536064,0.129498065,0.157117814
0.0552833602,0.0566020012,0.0981585905,0.0952230841
-0.00760325277,0.011535109,-0.00695001427,0.0208353959
-0.0849030241,-0.0197492316,-0.138209209,-0.0328568965
-0.141474903,-0.0271060225,-0.235352531,-0.0426796749
-0.151786476,-0.0163282771,-0.253384858,-0.0245214421
-0.112840988,-0.00550246052,-0.190749288,-0.00666574901
-0.0464139767,-0.0144320531,-0.0811483413,-0.0210983064
0.0110125374,-0.0528734624,0.0161803048,-0.0845462605
0.0260783993,-0.114018485,0.044283472,-0.187437743
-0.0144706164,-0.176885352,-0.0222530402,-0.289571673
-0.0960930735,-0.216500863,-0.155176908,-0.349703997
-0.182102442,-0.216527998,-0.290970296,-0.343148023
-0.23019971,-0.177611277,-0.368828952,-0.28025052
-0.21207042,-0.116952918,-0.34627533,-0.186536834
-0.126703933,-0.0593196228,-0.218348384,-0.0954231918
-0.0011592824,-0.0242898874,-0.0103174346,-0.0387966409
0.121402293,-0.01658611,0.196451604,-0.0267710313
0.200535119,-0.0246711206,0.326056957,-0.0421293974
0.215255648,-0.0283109378,0.350453079,-0.0512746163
0.171176404,-0.0109328618,0.286250681,-0.0252021365
0.0954246968,0.0300135165,0.162189007,0.0426664315
0.0226378832,0.0804269314,0.0402841158,0.13079977
-0.0207743086,0.116222925,-0.0316887125,0.192324281
-0.026780026,0.115845948,-0.0427863821,0.196022674
-0.00636699237,0.0720121637,-0.0097069703,0.125450402
0.018321896,-0.00353445089,0.029781023,-0.000963615195
0.025514055,-0.0847643465,0.0426384397,-0.138281062
0.00318737142,-0.143126711,0.00522754947,-0.236792028
-0.0474656299,-0.160276636,-0.0786727667,-0.263885528
-0.114701621,-0.135405824,-0.188186392,-0.224363014
-0.182256058,-0.0838613436,-0.299082994,-0.136895835
-0.23509486,-0.0283810981,-0.380292565,-0.0443321355
-0.262570709,0.0120310998,-0.420372486,0.0234516133
-0.258996874,0.0297601912,-0.41566506,0.0534746088
-0.223316342,0.0292928088,-0.362830311,0.0539513081
-0.159493655,0.0215728562,-0.264861852,0.0407575257
-0.0777026862,0.0159978308,-0.134907931,0.0297553018
0.00537319528,0.0149607379,0.00616320362,0.0258872695
0.0692821369,0.013882475,0.116100959,0.0228938367
0.0962685496,0.00614462933,0.162065953,0.00819033477
0.079451479,-0.0106348293,0.134928361,-0.0215367787
0.0285220183,-0.0312141106,0.0509110503,-0.0535638891
-0.0312141012,-0.0445219874,-0.0495061912,-0.0761382654
-0.0678732172,-0.0396200418,-0.114338756,-0.0649603903
-0.0572121888,-0.0121753039,-0.0985381678,-0.0221737064
0.00442134216,0.0325884297,0.00195322861,0.0542662814
0.0953899175,0.082375057,0.153986976,0.134444714
0.176024899,0.124329433,0.286367834,0.198508963
0.205770224,0.151671559,0.333880603,0.238212332
0.162739336,0.166408956,0.269866765,0.263053745
0.0561733358,0.176445648,0.102094039,0.28588739
-0.074978672,0.188875541,-0.112836994,0.305355638
-0.17768161,0.203729108,-0.277433127,0.327073157
-0.20791252,0.212373927,-0.32560724,0.339703023
-0.150489673,0.202082664,-0.24167785,0.330328405
-0.0261141863,0.164489374,-0.0462838262,0.27731216
0.117865115,0.10299816,0.191249952,0.175041214
0.228579193,0.0343546271,0.369825453,0.0561953038
0.270532131,-0.0173815042,0.434104949,-0.0326898433
0.239449859,-0.0319310091,0.387770534,-0.0594546534
0.160970882,-0.00330032199,0.26943478,-0.0148684699
0.0756933019,0.056052994,0.129360765,0.0861096382
0.0187066998,0.120009027,0.0337813906,0.195089817
0.00399378035,0.160417199,0.00871563051,0.264972687
0.0209793057,0.159738243,0.0372804999,0.265629143
0.0438496023,0.118246809,0.076357156,0.200242877
0.0476786532,0.052236326,0.0832515955,0.0891114846
0.0223142188,-0.0154895214,0.041096054,-0.0251812544
-0.0231582765,-0.0674303323,-0.0376487784,-0.111048155
-0.0670012832,-0.0989926308,-0.111802392,-0.162799537
-0.0880159065,-0.117902242,-0.148776591,-0.192602411
-0.0776071697,-0.136197671,-0.132773757,-0.222131655
-0.0441189334,-0.159866795,-0.0757803023,-0.261449009
-0.00750987418,-0.182571918,-0.0176201668,-0.29810974
0.0121005075,-0.187567562,0.0162817631,-0.308227688
0.00530867185,-0.157138318,0.0061788247,-0.263360262
-0.0222405568,-0.0843655765,-0.0379556939,-0.147490948
-0.0540089272,0.0196396094,-0.0911355838,0.0271382295
-0.0722882971,0.127695262,-0.119398527,0.207881272
-0.0676693618,0.207418278,-0.107789963,0.334766477
-0.0430217721,0.235750481,-0.0670556054,0.383864909
-0.0102919871,0.209646359,-0.013382623,0.344784141
0.0173048135,0.147225335,0.0315673128,0.246644258
0.0326588415,0.0786163434,0.057194043,0.133626655
0.037363898,0.0311413668,0.064104192,0.0524954423
0.0384736545,0.0164711028,0.0640933141,0.0268271007
0.042093534,0.0263196863,0.0699096769,0.0414726138
0.0483715348,0.0387022682,0.0805605277,0.0625914633
0.0513525084,0.0312037207,0.0877188817,0.0508480556
0.043820478,-0.00591672678,0.0749303252,-0.00852050353
0.0238138326,-0.0637289286,0.0410839282,-0.105126306
-0.00182603684,-0.118790977,-0.0032300991,-0.196106553
-0.0198079329,-0.145094827,-0.0351625383,-0.240927532
-0.0178299416,-0.127401218,-0.0343314521,-0.213653907
0.00719886599,-0.0690217093,0.00631653657,-0.118471257
0.0454355031,0.00977852289,0.0733647123,0.0121287126
0.0778466687,0.0815840885,0.12854214,0.132531911
0.0860074908,0.124498405,0.145018458,0.203073084
0.0626730025,0.131166384,0.108601347,0.217418805
0.0168886054,0.109937102,0.0349478461,0.183805004
-0.029848814,0.0783199072,-0.0456439331,0.132624865
-0.0548366643,0.0528829433,-0.090839766,0.0904475749
-0.0468201824,0.041253604,-0.0788029209,0.071872361
-0.0128451921,0.0402439721,-0.0231019519,0.0686404631
0.0249684975,0.0404206961,0.0407421514,0.067665495
0.0414403677,0.0338165238,0.0706804842,0.0559144951
0.0227337498,0.0199304819,0.0419285744,0.0325271487
-0.024906233,0.00643672235,-0.0384395346,0.0097520519
-0.0772659853,0.00427496992,-0.1272946,0.00855489261
-0.104386345,0.0201253779,-0.174821272,0.0328210294
-0.0864605382,0.0508082472,-0.146787345,0.0856305063
-0.0247623399,0.0830842033,-0.044470083,0.140980318
0.0584329478,0.0993151516,0.0949268118,0.167339996
0.130937532,0.0861813799,0.21698457,0.142439991
0.166670099,0.0419201665,0.275953889,0.0687332004
0.157849178,-0.0217420422,0.263828307,-0.0365195833
0.116881922,-0.0840783492,0.194763124,-0.140994772
0.0674054027,-0.124137402,0.111609675,-0.206809789
0.0301148389,-0.129582703,0.0471013524,-0.216641143
0.0118417377,-0.101454064,0.0156546887,-0.171780825
0.00416462217,-0.0528215356,0.00412740419,-0.0907654762
-0.008081262,-0.00228489237,-0.0131897153,-0.00759447366
-0.0341671892,0.0343848988,-0.054965809,0.0571432486
-0.0691226199,0.0505433455,-0.11291714,0.0863143653
-0.0955323279,0.0502434447,-0.157453552,0.0865766108
-0.0949673206,0.0447865948,-0.159021482,0.0775436759
-0.0621312223,0.046245575,-0.105324626,0.0797181875
-0.0123446723,0.0611226968,-0.0223679449,0.102868959
0.0237163454,0.0869670808,0.0382629223,0.144487053
0.0166516919,0.113255046,0.0307014808,0.186996982
-0.0424359441,0.125930026,-0.0630663037,0.208138153
-0.131706566,0.11353679,-0.210016057,0.188211411
-0.205025554,0.0723884851,-0.32714206,0.12282718
-0.213826656,0.00873393938,-0.347653151,0.0233715065
-0.133944526,-0.0628717542,-0.227130994,-0.0946336538
0.0171493981,-0.124355763,0.0180373993,-0.200115919
0.183483213,-0.160295993,0.28469944,-0.25846231
0.294638246,-0.163196936,0.452574462,-0.259094238
0.299823314,-0.135904893,0.466678202,-0.220168889
0.194698364,-0.0902181417,0.321340889,-0.156110287
0.0262524094,-0.0421771631,0.0525616817,-0.0788177177
-0.128253132,-0.00585450977,-0.207856014,-0.0117784766
-0.198755637,0.0118403416,-0.325269818,0.0245419908
-0.157591626,0.0131455017,-0.265904754,0.0270728767
-0.0340608768,0.00734098488,-0.0638116002,0.0179247949
0.0999464989,0.00549744396,0.161564305,0.00824151374
0.166716084,0.0145415906,0.273591191,0.0196094867
0.123401798,0.0335353836,0.211036831,0.0490411669
-0.0144203398,0.0540944822,-0.0135921575,0.0850073695
-0.179040745,0.0648620725,-0.283160657,0.104663208
-0.284244776,0.0578601919,-0.446756035,0.0976950899
-0.269546002,0.0334512033,-0.433855087,0.062162336
-0.132477209,0.00120274641,-0.228407934,0.0116768992
0.0678474084,-0.0240319315,0.103315137,-0.0352570526
0.23821345,-0.0290258266,0.377685815,-0.0506353378
0.29636842,-0.00865484122,0.469100535,-0.0223726407
0.21123673,0.0313595124,0.350637138,0.0399679728
0.0182936694,0.076854229,0.0433313549,0.119847879
-0.197369531,0.111519888,-0.310190558,0.178085789
-0.341613799,0.123820804,-0.518455803,0.195751488
-0.355256706,0.111038737,-0.541888654,0.179257631
-0.240138873,0.0786238685,-0.39043659,0.137286484
-0.0553595722,0.0357028916,-0.101860233,0.0687092468
0.113181993,-0.0102788322,0.183905229,-0.0150829721
0.193974957,-0.056456361,0.315487891,-0.0948977843
0.161540955,-0.103317417,0.26876986,-0.173287302
0.0441816971,-0.150385365,0.0792877898,-0.252291769
-0.0939316154,-0.191985458,-0.148794264,-0.312279969
-0.185562044,-0.216483891,-0.296349853,-0.340661615
-0.191141084,-0.210431978,-0.310982496,-0.330212027
-0.113203123,-0.165963292,-0.194810987,-0.267639428
0.0102128237,-0.0873844326,0.00555176055,-0.147297427
0.127122387,0.00729607651,0.204914078,0.00682131713
0.195584938,0.0918082148,0.316745043,0.143530875
0.198326081,0.142184913,0.324152142,0.222782001
0.142901927,0.147501424,0.240985811,0.237675637
0.0506965034,0.115214825,0.0928290263,0.18876493
-0.0566522591,0.0679256991,-0.0882663056,0.114091128
-0.165137261,0.0326808281,-0.266486138,0.0556182303
-0.267415822,0.0278821941,-0.424883932,0.0477147736
-0.356153131,0.0543070361,-0.542104363,0.0868625566
-0.418425322,0.0948049948,-0.613705933,0.144957632
-0.43674919,0.122870564,-0.63054961,0.185693085
-0.397337705,0.115777291,-0.590287089,0.181289151
-0.300720125,0.0656970739,-0.474000514,0.113901369
-0.167439759,-0.0165976919,-0.280656964,-0.0157967098
-0.0337903425,-0.106913209,-0.0616167076,-0.170632675
0.0617706403,-0.1786149,0.0970093384,-0.289831877
0.0951516181,-0.21362327,0.151268676,-0.347666144
0.0674008206,-0.208141148,0.107541926,-0.340382963
0.0036622039,-0.171096906,0.00641222578,-0.286336452
-0.0595109761,-0.117357694,-0.0997481048,-0.197392344
-0.0919595882,-0.0603005104,-0.156200871,-0.10128098
-0.0834763795,-0.00797424372,-0.142610535,-0.0122161629
-0.0460985713,0.0357676968,-0.0794099569,0.061053142
-0.00437515462,0.067263104,-0.00788443442,0.112079874
0.0204782095,0.0801554546,0.0345996656,0.13443324
0.0232970193,0.0667151138,0.0417541191,0.112752549
0.0172269754,0.0233091936,0.0323366523,0.040451698
0.0242736191,-0.0434224904,0.0402373634,-0.0700617284
0.059721373,-0.114492163,0.0961847529,-0.185893595
0.119711339,-0.163625315,0.190300405,-0.267289966
0.179720104,-0.168382183,0.283612758,-0.274496704
0.20567213,-0.122149877,0.326612741,-0.205563694
0.172243908,-0.0402664393,0.283709496,-0.076685071
0.0785584375,0.0441891216,0.135674536,0.0659894124
-0.0476112925,0.0942237899,-0.0725590512,0.154389367
-0.160216972,0.0862646848,-0.255468071,0.145576045
-0.215361789,0.0223430004,-0.347347379,0.0457301326
-0.191863939,-0.069562301,-0.315150142,-0.104343437
-0.101729304,-0.147977874,-0.17409274,-0.236062244
0.0147708114,-0.177533522,0.0150578702,-0.290148765
0.10713964,-0.146088094,0.168949962,-0.244880378
0.137194827,-0.0706941187,0.225409046,-0.122572228
0.0955439359,0.0107954443,0.163601711,0.0104338601
0.00468294881,0.0583999939,0.0155647062,0.0941960514
-0.0919970497,0.0496275611,-0.146893069,0.085948728
-0.14948824,-0.00976485945,-0.244732127,-0.00880684331
-0.13963221,-0.0890862718,-0.232926771,-0.138933271
-0.0609245971,-0.148118228,-0.108816698,-0.238169119
0.0634519234,-0.156592056,0.0932355076,-0.256642371
0.196906507,-0.107962072,0.308609337,-0.180017531
0.303928852,-0.0210153554,0.473175228,-0.0414289981
0.361422032,0.0706699193,0.550361812,0.0981767103
0.363193184,0.135300696,0.551425576,0.194731429
0.31770137,0.156801194,0.494097441,0.232773617
0.241973445,0.139541447,0.390564442,0.217882261
0.155258313,0.102663599,0.26009056,0.16505827
0.0747005045,0.068303138,0.130200893,0.110872939
0.0133122243,0.0506498031,0.0267186165,0.0848393589
-0.0208157618,0.0513833873,-0.0339633562,0.0849606469
-0.0251366477,0.0627023131,-0.0409108289,0.10512083
-0.00320409634,0.0746617392,-0.00570584275,0.126504749
0.0357017256,0.0814996436,0.0588406362,0.136559039
0.0788165629,0.0830753371,0.130708605,0.136739329
0.113957129,0.0813354626,0.190167755,0.133487076
0.133980736,0.0753163695,0.223949134,0.123184174
0.139451504,0.0592377782,0.232095078,0.0966425389
0.137864456,0.0260387789,0.229566917,0.0414241739
0.139461383,-0.0253540799,0.231887832,-0.0411838368
0.151564062,-0.0840004981,0.247364059,-0.138887852
0.174300551,-0.127322301,0.280894309,-0.208666444
0.199969172,-0.129699603,0.317469954,-0.214181796
0.216368571,-0.0759993866,0.345583111,-0.13194786
0.212302417,0.0270851254,0.343095392,0.0341573395
0.182374433,0.149036661,0.298922747,0.230534524
0.128750026,0.245767057,0.212011755,0.383137763
0.0594138242,0.278546065,0.103067882,0.439679801
-0.0155448429,0.23280862,-0.0160504133,0.378556013
-0.0871536955,0.1271424,-0.136921495,0.21713534
-0.1485091,0.00701699313,-0.240653336,0.0195355471
-0.193509072,-0.0747373402,-0.31483689,-0.117017992
-0.215172172,-0.0818692967,-0.351001829,-0.131329134
-0.205820471,-0.0116656423,-0.341009051,-0.0192760881
-0.160186544,0.103313915,-0.266124487,0.168334857
-0.0802793652,0.209623784,-0.132792354,0.340447545
0.0209725369,0.256550342,0.0345737413,0.413655311
0.120398425,0.217808366,0.197084382,0.354052305
0.190757751,0.101516187,0.3129296,0.169847578
0.210532829,-0.0552586205,0.346657902,-0.0860555023
0.173007801,-0.203560799,0.27805087,-0.324260533
0.089977935,-0.302322328,0.141750842,-0.476147175
-0.012316335,-0.331743598,-0.0221137498,-0.518072844
-0.103634156,-0.295509696,-0.166550919,-0.465364873
-0.161806077,-0.21325314,-0.262670755,-0.341926634
-0.180656761,-0.109223165,-0.300345182,-0.17837213
-0.170005307,-0.00375159457,-0.283094734,-0.00710415514
-0.148042619,0.0890731588,-0.245081484,0.1473701
-0.130381227,0.158797815,-0.211747646,0.259277791
-0.121802956,0.195511356,-0.192182019,0.319604456
-0.115186885,0.19046995,-0.182730719,0.312905431
-0.0980573371,0.141286105,-0.157677352,0.238076359
-0.0628333241,0.0583661087,-0.103299342,0.104153067
-0.0146050639,-0.03284017,-0.0257257447,-0.0488526151
0.0285676122,-0.0976611748,0.0455541313,-0.162369177
0.0437846705,-0.105412938,0.0712089017,-0.179235816
0.0160207748,-0.0443468392,0.0259733219,-0.0817007497
-0.0513260625,0.0695883855,-0.0828442872,0.109127529
-0.134162247,0.195979163,-0.211808607,0.312510431
-0.195833221,0.285254866,-0.296895951,0.443128288
-0.20249036,0.299753398,-0.304923058,0.465275526
-0.138644457,0.230683297,-0.219137192,0.376880944
-0.0154695855,0.102560073,-0.0280871782,0.18092978
0.132247359,-0.0374076739,0.214713126,-0.0551576652
0.259244293,-0.14011462,0.404351562,-0.223362863
0.327044427,-0.175632238,0.493121117,-0.275045067
0.317676246,-0.144617513,0.486506045,-0.232214123
0.238222122,-0.075085178,0.383289695,-0.131617427
0.11515189,-0.00691663194,0.197958812,-0.0191518608
-0.0178776607,0.0276448261,-0.0230316278,0.0430103168
-0.132552147,0.0178285427,-0.214682773,0.0321992226
-0.213300467,-0.0236339606,-0.343938768,-0.0322141908
-0.257436156,-0.0699967965,-0.412507087,-0.104438365
-0.269849688,-0.095449008,-0.430402517,-0.147529945
-0.25649938,-0.0873424187,-0.411554664,-0.135695338
-0.220754489,-0.0498819649,-0.362075925,-0.077010572
-0.164212883,0.00131272071,-0.275370508,0.00466048019
-0.0905412659,0.049373623,-0.154937103,0.0844945759
-0.00899051875,0.0846661031,-0.0173894875,0.142803445
0.0654559731,0.107023396,0.108845279,0.17684418
0.116144523,0.121499129,0.191970378,0.197667196
0.131166711,0.131472096,0.218826577,0.212150529
0.108687572,0.134312287,0.183842212,0.218614891
0.0581923239,0.122785755,0.101904012,0.202287197
-0.00316202128,0.0913177505,-0.00105268904,0.152310237
-0.0572799891,0.0427432209,-0.0921774507,0.0742199123
-0.0915771648,-0.00951811951,-0.151760027,-0.0115584685
-0.102135479,-0.0463069305,-0.171055049,-0.0739058554
-0.0925508291,-0.0526296161,-0.157092422,-0.0860293806
-0.06988208,-0.0271413419,-0.120033406,-0.0448071435
-0.0405383743,0.0146888494,-0.070765689,0.0238478631
-0.00858310238,0.0464868434,-0.0150837135,0.0777710229
0.0229260679,0.0436772108,0.0398290083,0.0744226947
0.0491208769,-0.00338370237,0.0830265209,-0.00282672583
0.0617223792,-0.082940653,0.103376895,-0.133486494
0.0506989174,-0.165935785,0.083920978,-0.270999074
0.00912840851,-0.219079643,0.0147982296,-0.356668234
-0.0610958785,-0.220499575,-0.0998234302,-0.359134912
-0.146175161,-0.170083955,-0.238510519,-0.27984193
-0.22250472,-0.0893277526,-0.359688938,-0.143630445
-0.264017671,-0.0109100221,-0.425252557,-0.0155036636
-0.251986414,0.036525216,-0.406697601,0.0626595244
-0.182903439,0.0406514369,-0.303168774,0.0744620636
-0.0706673712,0.00892765354,-0.12266703,0.0219367072
0.0581179596,-0.0377705544,0.0919846967,-0.0588253886
0.173663259,-0.0772339031,0.279917449,-0.127119943
0.253016323,-0.0969335884,0.399696618,-0.158238649
0.286208183,-0.0983245522,0.44946745,-0.160655826
0.276277781,-0.0929118246,0.437228799,-0.152632982
0.234107524,-0.0932170749,0.377760082,-0.155879423
0.171517149,-0.1043697,0.281652838,-0.174370348
0.0965908021,-0.121220097,0.160902813,-0.202569425
0.013523045,-0.132282212,0.0237428974,-0.220954359
-0.0736485347,-0.127657473,-0.121618263,-0.210992903
-0.156529337,-0.10581173,-0.254664809,-0.172640055
-0.220779374,-0.0749408454,-0.357013851,-0.120392367
-0.249493942,-0.0480702668,-0.401761353,-0.0725436583
-0.230551943,-0.0349126868,-0.375684649,-0.051159732
-0.164206505,-0.0355375856,-0.274343967,-0.0530037209
-0.0663938671,-0.039886076,-0.11655578,-0.0621341951
0.0350257494,-0.0336971097,0.0531593785,-0.054688856
0.110366143,-0.00754051004,0.180129096,-0.0159093887
0.140317738,0.036336109,0.233140886,0.0550298654
0.124427371,0.0835499689,0.207783327,0.132354423
0.0813515559,0.114141889,0.139368623,0.18550615
0.0401485637,0.112753466,0.0714342594,0.187046051
0.0263076574,0.0768678188,0.0465068296,0.131361738
0.0490811579,0.0185300745,0.0810050964,0.035158094
0.0964313149,-0.0414610282,0.159365192,-0.0669655874
0.140477791,-0.0837307274,0.228726536,-0.139257699
0.151279196,-0.0993135199,0.247323766,-0.166815415
0.112538569,-0.0926120654,0.187211946,-0.158819914
0.0315316543,-0.0769437626,0.0547084436,-0.131874457
-0.0620091781,-0.0655048266,-0.100357123,-0.111104995
-0.128195241,-0.0631716251,-0.211018696,-0.101342961
-0.135175958,-0.0640402436,-0.226568714,-0.102265082
-0.0748319253,-0.0562499501,-0.13134262,-0.0897402465
0.0316234566,-0.031325534,0.0445602834,-0.0510311201
0.141263455,0.00754846726,0.228133351,0.0102336695
0.20732227,0.0436004587,0.33668983,0.0650422052
0.199485362,0.0528177172,0.329577267,0.0807058364
0.117443994,0.0158794802,0.20310393,0.0252572447
-0.00850690436,-0.070364736,-0.00656788424,-0.115886189
-0.130191356,-0.188132852,-0.207565427,-0.298756808
-0.201900497,-0.303791016,-0.311975747,-0.457019448
-0.19924508,-0.380990803,-0.301893473,-0.554428935
-0.128199697,-0.395918816,-0.201889247,-0.583244324
-0.0206621811,-0.347470284,-0.044335518,-0.535146058
0.0809021443,-0.257489234,0.117109686,-0.416122139
0.142269403,-0.16094926,0.225314587,-0.267301232
0.151001617,-0.090717949,0.247906208,-0.155181363
0.118896775,-0.0640021861,0.199256063,-0.108866408
0.0730512068,-0.0765761212,0.124267444,-0.128207296
0.0406818539,-0.107032128,0.0681279451,-0.177605554
0.0355627649,-0.128532663,0.0555087179,-0.21214208
0.0526679158,-0.122183397,0.0820471197,-0.205044314
0.0731352568,-0.0857130513,0.116420105,-0.147279426
0.0763122216,-0.0336741619,0.126157925,-0.0606020615
0.0521363728,0.0104854954,0.088658534,0.0154749509
0.00718086399,0.0264024101,0.0164923128,0.0432094894
-0.0387680568,0.00710501615,-0.0617864989,0.0139028458
-0.0636290088,-0.0370383337,-0.105092339,-0.0580868311
-0.055470258,-0.0823655576,-0.0927963555,-0.133172259
-0.0197015088,-0.102018334,-0.0375763513,-0.168257326
0.0229871031,-0.0776287317,0.0334984921,-0.131255597
0.0470345654,-0.00764543144,0.0757155195,-0.0182725154
0.0354082398,0.0910781771,0.0607736036,0.146208704
-0.0110325282,0.188990399,-0.0128928628,0.304614216
-0.073226355,0.254538029,-0.108915202,0.405940294
-0.123020053,0.26573813,-0.186096564,0.423311472
-0.137182638,0.218324974,-0.21354273,0.356892526
-0.109228685,0.12755394,-0.176870137,0.218954951
-0.0530270115,0.0230953824,-0.0895640552,0.045673836
0.00366344559,-0.0610919707,0.00439535826,-0.0997320935
0.032479845,-0.0982954428,0.0525119826,-0.163981527
0.0178975724,-0.0779479891,0.0280010626,-0.135804743
-0.0358212367,-0.00883378275,-0.059906397,-0.0206176806
-0.107422188,0.0844129473,-0.177034274,0.135657534
-0.16946125,0.170139894,-0.267760158,0.275310904
-0.201405689,0.220590442,-0.313958049,0.351350129
-0.198383391,0.220985577,-0.309673041,0.354679137
-0.171438172,0.173655242,-0.272796899,0.286702156
-0.139708534,0.0960403606,-0.227533013,0.165226236
-0.119126588,0.01369505,-0.19750528,0.028577216
-0.113851212,-0.0488315187,-0.188566759,-0.0783662051
-0.114927486,-0.0758353621,-0.192021355,-0.124769755
-0.106605835,-0.0644621551,-0.18112281,-0.105966963
-0.0765816644,-0.0240503158,-0.132348299,-0.0407348238
-0.0243613925,0.0282092281,-0.0462656841,0.0456309766
0.0369203053,0.0732110739,0.0594322123,0.121149592
0.0862807482,0.0953273103,0.143241748,0.156979755
0.105179206,0.0859034881,0.178379178,0.142820522
0.086819306,0.0445762724,0.149101809,0.0750933364
0.0395526923,-0.0211311076,0.0715773776,-0.0342954732
-0.0173114203,-0.0973533168,-0.0263679679,-0.159795597
-0.0629187375,-0.166303858,-0.104123414,-0.271445274
-0.0844232365,-0.20961535,-0.140939593,-0.337213695
-0.0816891119,-0.21252501,-0.138164371,-0.344341129
-0.0649380013,-0.168235257,-0.112149149,-0.277786016
-0.0470630713,-0.0810774788,-0.0822606236,-0.139478549
-0.035226617,0.0331185758,-0.0620345138,0.0500308946
-0.0266439319,0.15039517,-0.0443412475,0.244349226
-0.0109927133,0.245286077,-0.0146911331,0.392524451
0.0219538342,0.298604757,0.0383845493,0.470920563
0.0739597976,0.303435922,0.120077506,0.477553219
0.134321526,0.266796678,0.215746015,0.422491431
0.183063507,0.206140891,0.295617819,0.328297496
0.200232044,0.142129913,0.325966626,0.228078723
0.176674649,0.0907822177,0.293270707,0.145427048
0.120538034,0.0583650135,0.205211625,0.0940489918
0.0556158163,0.0410277024,0.0963577107,0.0663962588
0.0117126396,0.0288640894,0.0210537184,0.0478093326
0.0113103827,0.0120039098,0.0174174551,0.0217465386
0.0588902421,-0.014460993,0.0951912031,-0.0214600526
0.138181686,-0.0490317158,0.224219546,-0.0809606761
0.218876362,-0.086115323,0.34964028,-0.141444579
0.269806713,-0.120303974,0.423905641,-0.194094166
0.272490531,-0.149858609,0.42688185,-0.23955588
0.228796467,-0.177269369,0.362737089,-0.284382612
0.159327447,-0.206607938,0.254655659,-0.333321899
0.093516171,-0.239370495,0.148932114,-0.385343879
0.0562335737,-0.271491826,0.0860638916,-0.432358384
0.0571288951,-0.293622553,0.0830530524,-0.462689638
0.0873764604,-0.294921488,0.128353059,-0.464215398
0.124866106,-0.268559158,0.189577773,-0.427378595
0.14496395,-0.216022447,0.227432266,-0.350970119
0.13163206,-0.147795394,0.213238239,-0.248170555
0.0839128122,-0.0798275992,0.139761999,-0.138722539
0.0152658848,-0.0273911115,0.0280159023,-0.0492974892
-0.0533355214,0.000717377465,-0.0859045088,-0.000316182297
-0.102940083,0.00488347001,-0.170625448,0.0100776376
-0.124356724,-0.00681227027,-0.20720388,-0.00734872464
-0.12090762,-0.0232159887,-0.201437473,-0.0358764902
-0.105518334,-0.0352880955,-0.177104697,-0.0556043796
-0.0939713344,-0.0392221175,-0.157925501,-0.063895084
-0.0975416452,-0.0362103023,-0.162039712,-0.0587015413
-0.118070416,-0.0295329001,-0.195310891,-0.0469207801
-0.147141188,-0.0211035423,-0.241826892,-0.0326376483
-0.169217691,-0.00975384284,-0.277953178,-0.0130308531
-0.167211354,0.00765499193,-0.276236326,0.0156834293
-0.128423482,0.0330251418,-0.216392472,0.0574241541
0.0196396094,0.162026778,0.0212107897,0.263852149
0.0487375744,0.0610780232,0.0929733291,0.112847149
0.0684402063,-0.0381029435,0.115229085,-0.0608877651
0.0688591525,-0.112092242,0.11413753,-0.186430365
0.0489843711,-0.147785038,0.0792884976,-0.247239888
0.0153578036,-0.144151956,0.0245820805,-0.242901132
-0.0232311897,-0.10965462,-0.0405754447,-0.18581681
-0.0610288233,-0.0577714033,-0.103049211,-0.0968147665
-0.0969628766,-0.00304077705,-0.161264166,-0.00559217855
-0.131788194,0.0413811877,-0.216952339,0.0690822154
-0.163152233,0.0652088374,-0.266115308,0.110169902
-0.182658419,0.0626654252,-0.297563761,0.106408998
-0.177901417,0.0346018933,-0.29082185,0.0637322888
-0.139194608,-0.00995826535,-0.232716724,-0.00932600163
-0.0673131719,-0.0546795316,-0.117380105,-0.0845623091
0.0227706656,-0.080333665,0.0314544365,-0.132920042
0.105449706,-0.0719638616,0.169599414,-0.121888161
0.154635221,-0.025883425,0.251548678,-0.0491345525
0.155785501,0.0471726507,0.257633984,0.0701916143
0.113465175,0.125082061,0.191422507,0.197922349
0.0499738082,0.182913542,0.0890705064,0.29662317
-0.00488065276,0.203364328,-3.05315734e-05,0.330510616
-0.0280163269,0.184059039,-0.0414915271,0.303844839
-0.0141191632,0.138049528,-0.0209915098,0.232969582
0.0222584773,0.0872647092,0.0379260294,0.147717252
0.0547281131,0.0523109622,0.091795221,0.0872027501
0.0591439009,0.0438614227,0.100996979,0.0715533122
0.0265017673,0.0598193072,0.0468490124,0.0955888927
-0.0319211781,0.089081347,-0.0490375496,0.145263076
-0.0897009522,0.119008087,-0.144467577,0.196393728
-0.117907815,0.141818196,-0.190722227,0.235853463
-0.0987935439,0.15618287,-0.16283302,0.258852452
-0.0338276587,0.163649783,-0.0574737117,0.272593498
0.0574336872,0.163087428,0.0927179158,0.268613011
0.146413282,0.147829831,0.238793865,0.240239486
0.207536489,0.108546466,0.337112486,0.173939794
0.227363169,0.0409359522,0.37249732,0.06443239
0.207162559,-0.0464636423,0.341036141,-0.0758252963
0.159034222,-0.130219117,0.260636955,-0.214298844
0.0988343507,-0.179001406,0.161588773,-0.294901013
0.0400772952,-0.167773351,0.0648752823,-0.278611213
-0.00855145138,-0.092409201,-0.017514836,-0.159603849
-0.0421822667,0.0235974565,-0.0715758651,0.0347904786
-0.0575123169,0.135580972,-0.093927145,0.222074404
-0.0518769175,0.195995122,-0.0822869688,0.321103662
-0.0246479008,0.176584512,-0.0378584787,0.29487285
0.0202231556,0.0834504962,0.0365005769,0.146334901
0.0729586482,-0.043351911,0.120687298,-0.0665699244
0.119873054,-0.146743417,0.193783551,-0.23803857
0.148255304,-0.178734615,0.23492077,-0.293178439
0.151821241,-0.123292848,0.244251832,-0.21022965
0.133531794,-0.00459890859,0.218786672,-0.0173967779
0.103813447,0.123741575,0.17270115,0.194556117
0.0748603195,0.203590214,0.126279339,0.328932554
0.0541395769,0.199283674,0.0931648687,0.327089757
0.040886052,0.11370264,0.0732524619,0.194144651
0.0277187917,-0.0141672269,0.0493884236,-0.0184049048
0.00643791677,-0.128535822,0.0112033021,-0.209500611
-0.0255884323,-0.183108553,-0.0448489748,-0.302033871
-0.062569499,-0.161460385,-0.106381141,-0.269136459
-0.0930437073,-0.0820553601,-0.158569738,-0.141995817
-0.106808394,0.0134710828,-0.180788621,0.0205710661
-0.101756535,0.0818413869,-0.168666318,0.13673757
-0.0860181749,0.0982246101,-0.141764015,0.167531565
-0.0734018013,0.0652668104,-0.120034359,0.113702953
-0.0742816404,0.00781695079,-0.121340096,0.0169257503
-0.0873195902,-0.0424096361,-0.145848811,-0.0681887493
-0.0976283327,-0.0633537769,-0.163002819,-0.103235625
-0.0837160796,-0.0518474765,-0.143009573,-0.086120531
-0.0304236654,-0.0218710117,-0.0557163209,-0.036114797
0.059031181,0.00565056037,0.0931200311,0.0105092088
0.159290805,0.0148450341,0.258853406,0.0241894685
0.230993673,0.00198922656,0.373226404,0.00240836781
0.238128632,-0.0253056604,0.387180895,-0.0452115797
0.166452706,-0.0548908003,0.278453201,-0.0945268497
0.0333284587,-0.0777165592,0.0624352954,-0.134311125
-0.117009088,-0.0914150551,-0.1867726,-0.151188865
-0.231570214,-0.0982001275,-0.371050119,-0.154883802
-0.271896213,-0.0994985327,-0.434684694,-0.15027155
-0.231201366,-0.0919333994,-0.378544986,-0.142521054
-0.136740863,-0.0682714134,-0.23424758,-0.108640209
-0.0360359736,-0.0233904067,-0.0662534535,-0.0393582322
0.0262641106,0.0384852514,0.041218251,0.0606107861
0.0293364134,0.100598946,0.0529751219,0.161671713
-0.0154280821,0.137993842,-0.0203951281,0.226486281
-0.0724519491,0.128483534,-0.114329569,0.214863747
-0.101785012,0.0650433525,-0.165329725,0.113286749
-0.0801205561,-0.0372756012,-0.133342296,-0.0543632545
-0.0121190595,-0.144611314,-0.0248008706,-0.233049303
0.073432371,-0.217343599,0.111297727,-0.350731164
0.139915556,-0.227251559,0.215403378,-0.366522521
0.16240865,-0.170527339,0.256412894,-0.283642292
0.139841661,-0.0700760856,0.227603585,-0.123886399
0.0935660899,0.0343090966,0.157667339,0.0500675961
0.0537713803,0.103329279,0.0927572921,0.16883117
0.0418319888,0.114862517,0.071960628,0.192901865
0.0586782806,0.0721866041,0.099917978,0.124038585
0.0856195688,0.000330106734,0.143275395,0.00455072615
0.0968308747,-0.0669871718,0.161267504,-0.110461123
0.0760286078,-0.103008427,0.125939146,-0.174660102
0.0274650622,-0.098659873,0.0461255163,-0.168282613
-0.0253864061,-0.0638677031,-0.0428857096,-0.109397218
-0.0530178137,-0.0200121813,-0.0901454091,-0.0352005959
-0.0375870466,0.011685824,-0.0650862977,0.0207967684
0.0150854494,0.0196503606,0.0221800227,0.0348558351
0.0765608251,0.00500398502,0.126770824,0.00969594065
0.110087216,-0.0222529843,0.183610484,-0.0365440808
0.0909148827,-0.0507760309,0.154537618,-0.0869022012
0.0216773227,-0.0744771287,0.0395435989,-0.125860289
-0.0659027919,-0.0947183818,-0.106467083,-0.158129141
-0.124704964,-0.11750894,-0.20452556,-0.190644577
-0.114891514,-0.147957206,-0.194005296,-0.238313541
-0.0242645573,-0.185503677,-0.0498302095,-0.299654543
0.124060899,-0.222671166,0.186777666,-0.353741795
0.280699998,-0.247900307,0.416778207,-0.379631996
0.39140442,-0.250823468,0.556877017,-0.367300957
0.420404226,-0.227234542,0.594752014,-0.332234055
0.36457637,-0.181426078,0.54140234,-0.280046403
0.252246737,-0.125019222,0.402816862,-0.208350286
0.128229752,-0.0729931593,0.213675484,-0.127105191
0.0332717523,-0.0385761745,0.0581802279,-0.0677744523
-0.011901482,-0.0287656356,-0.0209848527,-0.0476569273
-0.010996921,-0.0417825542,-0.0202245265,-0.0668343976
0.0154011268,-0.0671681911,0.0233722199,-0.109445743
0.0436754227,-0.088707678,0.0705845878,-0.146733031
0.0591311306,-0.0898116976,0.0979158282,-0.152837053
0.0600432903,-0.0602043644,0.0989464819,-0.103804089
0.0530340932,-0.00182552845,0.0870176256,-0.00776425609
0.0441891216,0.0687386319,0.0740747079,0.111807205
0.03245591,0.123524472,0.0558495484,0.202805519
0.00989524275,0.132500753,0.0209835321,0.220420852
-0.0313742794,0.076389052,-0.0447963327,0.131650716
-0.0902582631,-0.0420955159,-0.144618377,-0.0629296005
-0.152130127,-0.194325671,-0.243464336,-0.30462274
-0.192623615,-0.332703739,-0.295257062,-0.494439006
-0.188780412,-0.407402396,-0.282282442,-0.587663352
-0.131853908,-0.386799365,-0.208650947,-0.573282003
-0.0344626531,-0.27263099,-0.0685843453,-0.437110722
0.0726278946,-0.102109313,0.108357616,-0.17943497
0.153331771,0.0654349327,0.249121413,0.100280903
0.182530701,0.172598571,0.297229886,0.273378909
0.157445028,0.18823263,0.261709303,0.301475614
0.0980024263,0.120678313,0.169083431,0.201241046
0.0358309299,0.0131726908,0.066231586,0.0251930151
-0.00240699109,-0.0769992322,-0.00318629621,-0.12665996
-0.00848510675,-0.10600505,-0.0188222528,-0.17735289
0.00435634144,-0.0643909201,0.00178848661,-0.111678429
0.0104765715,0.0189447105,0.0161828902,0.0261489246
-0.0119592566,0.0919378623,-0.0176731125,0.150355622
-0.0666363984,0.106378227,-0.104344517,0.178501144
-0.134825423,0.0433406495,-0.216267958,0.0787921399
-0.184090167,-0.075839676,-0.298183978,-0.114134513
-0.185776949,-0.198845908,-0.29994747,-0.307983696
-0.132036746,-0.267592132,-0.217224777,-0.41694805
-0.0429079384,-0.246978492,-0.0805000961,-0.397638857
0.0411196761,-0.142887533,0.058201611,-0.242796645
0.0780699402,-0.000377628108,0.127176687,-0.0101999985
0.0456794165,0.117181301,0.0809949711,0.189417422
-0.0461265743,0.157893956,-0.0650402829,0.260504186
-0.158420578,0.105615288,-0.249297172,0.18006216
-0.241274297,-0.0128455441,-0.384455085,-0.0104497597
-0.258087456,-0.140679494,-0.410699189,-0.211665854
-0.204205841,-0.217529774,-0.33084476,-0.336988598
-0.110256165,-0.206598759,-0.189824536,-0.332839429
-0.028004067,-0.109835327,-0.0553193167,-0.186625287
-0.00521103106,0.0350889899,-0.0101967985,0.050434716
-0.0615965575,0.173399016,-0.0946943685,0.277730584
-0.177739277,0.257767439,-0.267814577,0.403448522
-0.302633584,0.267222732,-0.441757798,0.406081975
-0.376622498,0.212558508,-0.546168208,0.321153194
-0.358957529,0.127435237,-0.540744781,0.204204977
-0.246950418,0.0510033667,-0.401815146,0.0926820487
-0.0776878595,0.0109540513,-0.139562443,0.0254622493
0.088401258,0.0143783772,0.140216142,0.024427468
0.194263861,0.0490489714,0.315880179,0.0746075213
0.21067071,0.0925291628,0.343763232,0.142564923
0.147207856,0.123480886,0.247477069,0.195860595
0.0452622883,0.12979497,0.0828883648,0.211147562
-0.0429603793,0.110945046,-0.065648444,0.184820846
-0.0789798871,0.0753242746,-0.129427955,0.129515499
-0.0545563512,0.0353795588,-0.0924247876,0.0643176883
0.00705090305,0.00332163693,0.00881014857,0.00766051654
0.0647246316,-0.0113602625,0.106263503,-0.0198686812
0.0806575865,-0.00304427533,0.134724259,-0.00868971087
0.0385618694,0.0291071348,0.0698999837,0.0434057862
-0.0494832359,0.0800144151,-0.0772594064,0.129687071
-0.149973601,0.138125613,-0.239210531,0.223179683
-0.22439976,0.186889425,-0.349793226,0.297293544
-0.246642157,0.209062234,-0.38231343,0.332923502
-0.21307449,0.192946762,-0.336178333,0.312947124
-0.14133586,0.137969092,-0.230768353,0.233654082
-0.0595804937,0.0565581135,-0.100349329,0.10158439
0.00753932167,-0.0293572135,0.0117358211,-0.0433096252
0.0489630178,-0.0963215455,0.0809357241,-0.16047129
0.0689443275,-0.1284457,0.111186072,-0.214754194
0.0807083398,-0.123412639,0.129919156,-0.207468703
0.0964709595,-0.0925311819,0.156465217,-0.15634051
0.119668998,-0.0548770986,0.195060626,-0.0954560712
0.143438369,-0.0284894891,0.235309243,-0.0498273
0.155557632,-0.0229574628,0.25720942,-0.040352568
0.146455407,-0.0368102454,0.242380574,-0.0641404688
0.115419462,-0.0604658499,0.193282068,-0.103087865
0.0715047941,-0.082601063,0.119447127,-0.1403694
0.0288853608,-0.0962628722,0.0499351323,-0.163428187
-0.000401613885,-0.101608992,-0.00262370799,-0.170618266
-0.0120253256,-0.104372233,-0.021777207,-0.174458459
-0.010157764,-0.111610115,-0.0197515879,-0.184286997
-0.00337415352,-0.127583742,-0.00824639574,-0.210038781
0.00152373686,-0.152059123,-1.48763929e-05,-0.250619411
0.00375973759,-0.181442857,0.00297488924,-0.294825494
0.00817389414,-0.211251348,0.00931003224,-0.34345457
0.0203767214,-0.237728745,0.0283703934,-0.383181244
0.0405931622,-0.257389396,0.0587374121,-0.41286248
0.0604064427,-0.265170604,0.0921634808,-0.422973424
0.0651474074,-0.253371984,0.100124463,-0.408477187
0.041402936,-0.213474572,0.0649239644,-0.350093067
-0.0141316997,-0.141116783,-0.0253743604,-0.239831254
-0.0895505995,-0.0419835895,-0.150255159,-0.0744640827
-0.159972206,0.0652148873,-0.261938512,0.104221433
-0.197022483,0.151875585,-0.316739827,0.246272862
-0.181536362,0.189087987,-0.287825823,0.309243768
-0.113380767,0.160288572,-0.184806287,0.269616395
-0.0133162616,0.0710915476,-0.0232227389,0.127342254
0.0844961852,-0.0492405333,0.139028624,-0.075198248
0.146210492,-0.15680261,0.236537591,-0.253926307
0.152047232,-0.209659159,0.241451412,-0.340421945
0.103878781,-0.185134396,0.166607678,-0.309614778
0.0234546997,-0.0899232998,0.0385771543,-0.157808855
-0.0574564151,0.041941084,-0.0966559201,0.0627439767
-0.110078171,0.16277127,-0.177206844,0.262678474
-0.118808813,0.230662793,-0.187971592,0.372255445
-0.0845134854,0.226101875,-0.132577151,0.369984955
-0.0205810145,0.158522442,-0.0309246853,0.267948031
0.0551245362,0.0603247769,0.091835402,0.10786771
0.127817631,-0.0283639207,0.209310412,-0.0463080443
0.189351618,-0.0768982768,0.305944741,-0.127488479
0.237089708,-0.0755902678,0.378104955,-0.12739493
0.270162463,-0.036935702,0.427456647,-0.0673949346
0.286357671,0.0128840525,0.453216761,0.0118488586
0.28192693,0.0473387316,0.44894731,0.0685488284
0.254268676,0.0511693656,0.410283417,0.0778039396
0.205304518,0.0253012702,0.338664114,0.0390447639
0.142774269,-0.0162216742,0.24027209,-0.027169399
0.0780040696,-0.0546941049,0.131851211,-0.0925562084
0.0210939553,-0.0758741051,0.0355012752,-0.128492892
-0.0236143731,-0.0754442066,-0.0403338708,-0.126796052
-0.0587848872,-0.0588697754,-0.0998751223,-0.0993673503
-0.0908851847,-0.0366791449,-0.151181966,-0.0603074469
-0.124166362,-0.0182142295,-0.205756769,-0.0281913001
-0.155504167,-0.00715674646,-0.255983859,-0.0087940786
-0.173718125,-0.000776636763,-0.285246283,0.000908303831
-0.164641947,0.007222177,-0.27190572,0.015626749
-0.119801126,0.0220854077,-0.202361226,0.0406129733
-0.0440129824,0.0440691039,-0.0787091702,0.0754916891
0.042841807,0.0670807511,0.0685716867,0.112786323
0.111944206,0.0805303454,0.185417131,0.131651953
0.137477264,0.0736485347,0.229021966,0.120001681
0.10889814,0.0405663475,0.185014307,0.0662923604
0.0373373777,-0.0158605594,0.0674176663,-0.0261797998
-0.0475493558,-0.0831496119,-0.0753442049,-0.137080371
-0.109357104,-0.141983122,-0.179336011,-0.229937866
-0.120100185,-0.172217965,-0.200687096,-0.276054502
-0.0717742816,-0.160332963,-0.126745507,-0.261615962
0.0209434163,-0.105608046,0.0246363413,-0.177853957
0.127750352,-0.0222701784,0.204045802,-0.0406794064
0.215720311,0.0640428513,0.347137958,0.0976848155
0.261829287,0.125014618,0.415705711,0.190817401
0.259353578,0.140674904,0.415722668,0.217749387
0.216091812,0.108235747,0.354890347,0.17202948
0.146747634,0.0445035733,0.248008862,0.0732878745
0.0645702407,-0.0200327765,0.111889891,-0.0344171636
-0.0229450297,-0.0537018813,-0.0352382734,-0.0894654542
-0.112511948,-0.0376793221,-0.185361609,-0.065360561
-0.199759096,0.0247900076,-0.324592441,0.0387769379
-0.274696469,0.108636305,-0.43237868,0.171834007
-0.321969599,0.177206486,-0.487385064,0.275761724
-0.326821119,0.198289558,-0.491713911,0.306259722
-0.283794731,0.158691794,-0.439010918,0.256947666
-0.202912122,0.0704827681,-0.330413222,0.126052707
-0.108833067,-0.0342065841,-0.184039786,-0.0470030047
-0.0321167298,-0.117507473,-0.0577846095,-0.191045001
0.00379245612,-0.152486235,0.00294954726,-0.253031015
-0.0066085509,-0.134228915,-0.0136486823,-0.226290837
-0.0481321141,-0.0801799223,-0.0811672956,-0.137836143
-0.0922245234,-0.0199440271,-0.153764591,-0.0346819833
-0.111110039,0.0200122502,-0.18566744,0.0353944525
-0.0917066336,0.0289236978,-0.15518868,0.0519682765
-0.0420708768,0.0153693566,-0.0721927211,0.0306568164
0.0132011101,0.00061514671,0.0201578401,0.00300195115
0.0464756899,0.0056756502,0.0767245293,0.00861800276
0.0425693169,0.0392551124,0.0724963173,0.0622731559
0.00803665817,0.0929879472,0.0159284342,0.1495938
-0.0309125204,0.146254554,-0.0476449355,0.239459217
-0.0412225947,0.177599743,-0.0645176619,0.292751372
-0.000247398537,0.176289141,-0.00018785306,0.292877197
0.0913377255,0.147662088,0.148594573,0.246578038
0.207781687,0.109530471,0.333727479,0.17759718
0.308967173,0.0818867087,0.481637359,0.123794548
0.358625829,0.0758267194,0.546786726,0.109073587
0.34126094,0.0878788978,0.527300358,0.125661954
0.269510299,0.102762967,0.432363063,0.15408574
0.17831634,0.102812089,0.29838407,0.162045971
0.108677797,0.0785816461,0.183958143,0.129460752
0.0887550637,0.0346002989,0.149476081,0.0594097972
0.121258333,-0.0129354466,0.199396312,-0.0211190246
0.182885408,-0.0451108254,0.29540205,-0.0755788907
0.235745043,-0.0507197604,0.377041072,-0.0861676186
0.245098844,-0.0322164707,0.393711776,-0.0590532273
0.195050701,-0.0038386907,0.321763635,-0.0132980049
0.095160462,0.0169627853,0.165559426,0.0230836142
-0.0244961325,0.0198314786,-0.0347062312,0.0310868453
-0.126885056,0.00759989349,-0.206617847,0.0152016152
-0.183567017,-0.00538565079,-0.300908953,-0.00470496994
-0.185259894,-0.00184551906,-0.305998415,0.000674007402
-0.143285304,0.0277653113,-0.240422711,0.0480350554
-0.0822535306,0.0785747021,-0.140745252,0.130981654
-0.0282106344,0.132511213,-0.0466488376,0.218118459
0.00199456676,0.166964203,0.00547623914,0.27463755
0.00563210342,0.166273087,0.0158388093,0.274418116
-0.00802446529,0.129807398,-0.0077581373,0.217903376
-0.0247962475,0.0722104609,-0.0360298716,0.123510316
-0.0336263515,0.0156360753,-0.0555529408,0.0282228347
-0.0316206925,-0.0218249205,-0.0545908697,-0.0358548127
-0.0241283551,-0.0352406092,-0.0411996469,-0.0596213862
-0.0204989221,-0.0344921462,-0.0351761989,-0.0596473999
-0.0281338096,-0.0375414155,-0.046823319,-0.061811123
-0.0479585119,-0.0589169338,-0.0794828534,-0.0964194536
-0.0734347552,-0.0996693224,-0.120580859,-0.161698177
-0.0933621526,-0.144391224,-0.15334259,-0.23484017
-0.09694767,-0.167291448,-0.163049802,-0.27074182
-0.0787293091,-0.144643575,-0.134725392,-0.23708944
-0.0412068963,-0.0675930977,-0.0750087351,-0.116172455
0.00581317721,0.0510292426,0.00539637124,0.0800993741
0.0487229526,0.1794613,0.0801711828,0.28780672
0.0749554858,0.278431952,0.122690186,0.436710566
0.0773070306,0.316372752,0.12782371,0.492068112
0.056275364,0.281886518,0.098048754,0.449942946
0.0198018886,0.188255012,0.0412278362,0.313610733
-0.0192857757,0.0682864413,-0.02531703,0.119060226
-0.0471917987,-0.0381558314,-0.0770421997,-0.0592765808
-0.0532531552,-0.0987903029,-0.0911035761,-0.163276538
-0.0331614837,-0.100027114,-0.0596637838,-0.168494016
0.00944069214,-0.0505777821,0.0106235994,-0.0874273628
0.0633643866,0.0233326424,0.101702951,0.036284402
0.112291396,0.0889080614,0.18453376,0.144040689
0.138845354,0.119558074,0.230020359,0.194013327
0.12954624,0.104773358,0.218803272,0.170723468
0.0794664919,0.0535978824,0.139141411,0.0894828066
-0.0048515317,-0.00943166204,-0.00209432933,-0.0150310481
-0.105538532,-0.0542955399,-0.171709165,-0.0892667696
-0.197258741,-0.057686761,-0.320427924,-0.0937981978
-0.254274368,-0.0127285635,-0.40888837,-0.019387817
-0.25885281,0.0676733553,-0.415522605,0.10791038
-0.208188653,0.155408338,-0.336480379,0.250470996
-0.1169888,0.218108416,-0.190527856,0.354491204
-0.0140599087,0.232171848,-0.021896258,0.377927125
0.0666133016,0.192439005,0.113180749,0.315377206
0.0974811018,0.114252247,0.165809155,0.191031352
0.0674453229,0.0267886091,0.118023694,0.0448553078
-0.0138044814,-0.0395636968,-0.0190011002,-0.0670620948
-0.119194202,-0.0661787093,-0.194405675,-0.110356711
-0.214335486,-0.0535722002,-0.347523838,-0.0865802541
-0.270295233,-0.0197414439,-0.43221575,-0.0292327441
-0.273814261,0.00970362872,-0.438032538,0.0202158168
-0.230780482,0.0147678424,-0.3751764,0.0307340659
-0.16178292,-0.00891837478,-0.269641161,-0.00759069156
-0.092187807,-0.048340302,-0.156327024,-0.0751547441
-0.0416258983,-0.0804932415,-0.0719237998,-0.131230772
-0.0178094245,-0.0851464421,-0.0321553089,-0.142538741
-0.0171437319,-0.0563671812,-0.0288894344,-0.0973989591
-0.030906247,-0.0067381626,-0.0517763384,-0.0141757643
-0.0527884401,0.0381037332,-0.0858732685,0.0624503084
-0.0829860866,0.0520082861,-0.1357425,0.0886628032
-0.126196444,0.0216598418,-0.205138311,0.0401537567
-0.184712499,-0.0459994748,-0.298903108,-0.0689297765
-0.251151294,-0.126015291,-0.397560239,-0.19339864
-0.306195915,-0.186220989,-0.471210122,-0.279437363
-0.324330837,-0.201288566,-0.495255917,-0.299827188
-0.285985231,-0.163343191,-0.45180133,-0.250578642
-0.190208927,-0.08447925,-0.318595648,-0.135592133
-0.0605336539,0.00926844496,-0.110434189,0.0156178782
0.0607706718,0.0888531432,0.098109372,0.146722481
0.129182428,0.132549822,0.213092893,0.215910003
0.118322283,0.13135913,0.202074409,0.214319706
0.034369316,0.0883782431,0.0670401677,0.14684768
-0.0835298896,0.014321506,-0.130634174,0.0258434527
-0.178609788,-0.0771658644,-0.289453119,-0.119318977
-0.20153603,-0.171773404,-0.325588107,-0.26601696
-0.133717,-0.254326135,-0.220740393,-0.394618899
0.00254624756,-0.308374494,-0.00815094542,-0.479756325
0.152709976,-0.318230212,0.222908571,-0.490133315
0.254128218,-0.274268478,0.37760973,-0.423755854
0.264642358,-0.179414287,0.409536213,-0.290185779
0.182029352,-0.0527434461,0.299570352,-0.0983209163
0.0448326096,0.0733932555,0.0811097249,0.111465864
-0.0859899819,0.163282946,-0.13476181,0.264683098
-0.155813769,0.191327065,-0.245918825,0.313319802
-0.141591087,0.152928576,-0.230212793,0.257241547
-0.0614259094,0.0670988932,-0.104072787,0.120702207
0.0359294079,-0.0312174484,0.057320267,-0.0454086848
0.0961626694,-0.105977856,0.156776056,-0.175038889
0.0864991099,-0.135105222,0.141569376,-0.227160513
0.0114836255,-0.1185342,0.0197539032,-0.201513246
-0.0899994224,-0.0755004659,-0.146963045,-0.128782108
-0.164478496,-0.0328689404,-0.27134648,-0.0524179265
-0.170235038,-0.0108891251,-0.284657776,-0.012879746
-0.0971640795,-0.0139024751,-0.167606398,-0.01815244
0.0292135254,-0.0305794477,0.0426003896,-0.0469172858
0.160772949,-0.0428759158,0.258574426,-0.0703722909
0.249646753,-0.0380857699,0.398551822,-0.0654757842
0.269361824,-0.016824916,0.429436475,-0.0337316841
0.224305719,0.00764471991,0.36791563,0.00451493822
0.144016013,0.0181559306,0.242927298,0.0241775438
0.0664954036,0.00504773716,0.116026573,0.00632502744
0.0197546445,-0.0267697759,0.0346465111,-0.0433521308
0.0107485512,-0.0595985353,0.0167827066,-0.0993413925
0.0262255222,-0.0728609487,0.0405562036,-0.121244252
0.043530155,-0.0555051304,0.0698623732,-0.094914861
0.0445809327,-0.0135730729,0.0738210082,-0.0264979005
0.0254225638,0.0318402275,0.0433641747,0.0501976497
-0.00304747047,0.0555761568,-0.00211211224,0.0901222378
-0.0224542227,0.0424759947,-0.0364568606,0.0725088567
-0.0175638478,-0.00333108543,-0.0287466329,-0.00118266814
0.0157753546,-0.0592965409,0.0241857897,-0.0961374938
0.0690806061,-0.0952785015,0.111037917,-0.156860694
0.125909165,-0.0885735229,0.20316048,-0.150485024
0.169397786,-0.0350382552,0.274767756,-0.064658694
0.188452393,0.0496224985,0.306652635,0.0730798468
0.179991841,0.13880454,0.294231832,0.215806872
0.147410423,0.208887085,0.240314886,0.328117788
0.097487092,0.250114352,0.162726119,0.395343274
0.03816076,0.268484026,0.0682494342,0.426091045
-0.0219258964,0.278034419,-0.0278106369,0.440229416
-0.073143743,0.288616687,-0.108526357,0.454734504
-0.105738997,0.296914697,-0.158536926,0.466937035
-0.112825319,0.2865448,-0.171075404,0.454406887
-0.0944600105,0.237619087,-0.147248402,0.386068016
-0.0600977577,0.140353233,-0.0963633731,0.239931941
-0.0268077925,0.00456886739,-0.0422904827,0.0154614998
-0.0127651449,-0.141036361,-0.0208857059,-0.228166744
-0.0285586901,-0.260261089,-0.0470847636,-0.413692713
-0.0708815455,-0.325663298,-0.114690527,-0.503847659
-0.122662328,-0.330931395,-0.193326741,-0.51028347
-0.160572544,-0.292518944,-0.256280094,-0.45406881
-0.166672379,-0.239606217,-0.27142787,-0.376463681
-0.138149828,-0.198003665,-0.228671327,-0.315942168
-0.0895211324,-0.17705512,-0.151736513,-0.287065446
-0.0454040803,-0.16688849,-0.0802151114,-0.27158466
-0.027178932,-0.147399276,-0.0485505611,-0.244178876
-0.0406133495,-0.10350541,-0.0703101531,-0.175547466
-0.0715408921,-0.0374279954,-0.120186411,-0.0652505383
-0.092641212,0.0297045428,-0.155632019,0.0491401628
-0.0782912821,0.068524316,-0.132540196,0.116298601
-0.019672459,0.0587019809,-0.0352891646,0.102496497
0.0683596134,0.00293167843,0.111693084,0.0103520593
0.153062597,-0.0709553435,0.250198901,-0.114506632
0.199866146,-0.121998213,0.320724398,-0.200720534
0.190451607,-0.116580047,0.307835758,-0.195854262
0.133024812,-0.046647992,0.221513569,-0.0871166885
0.0587597638,0.0643306673,0.0989477113,0.0992097557
0.00572207198,0.171429321,0.0126858409,0.276629716
-0.00147860695,0.229604214,0.000697618758,0.371036649
0.0346374102,0.215471983,0.0579285696,0.353745639
0.0851557776,0.138307229,0.142946303,0.234045044
0.110085987,0.0346681997,0.186630979,0.0594174713
0.0805064589,-0.0503417924,0.137400314,-0.0852421224
-0.00419150153,-0.0852287784,-0.00408419361,-0.14676182
-0.113438807,-0.0661619008,-0.18685545,-0.11345613
-0.199071363,-0.0159890912,-0.323865056,-0.026498761
-0.218748003,0.0305600762,-0.355680376,0.0530466437
-0.157277808,0.046973031,-0.263691127,0.0823202729
-0.0348653384,0.029331468,-0.0640593246,0.0544799641
0.101990722,-0.00256601535,0.166334122,-0.00183311
0.202256441,-0.0174369626,0.327321708,-0.0316067562
0.23366195,0.00902994256,0.378269941,0.00711539015
0.195896804,0.079758741,0.322080076,0.120795138
0.117613368,0.173635498,0.198536977,0.272472441
0.0397166125,0.255733132,0.0698358342,0.404862106
-0.00563468179,0.294567287,-0.00161997112,0.465405941
-0.0092146676,0.277030081,-0.00798287243,0.443862706
0.0146848122,0.213338763,0.0282875821,0.351839274
0.0403166227,0.130060017,0.0712423995,0.218907237
0.0474006273,0.0557183214,0.0821625814,0.0955149233
0.0329152457,0.00711782742,0.0572587661,0.0118049569
0.0112453839,-0.0165088829,0.0203901064,-0.0288393199
0.00319973449,-0.0292274039,0.00508520706,-0.04975494
0.0209240206,-0.0474256761,0.0318006091,-0.078169018
0.058053907,-0.0789554492,0.094200179,-0.130781785
0.0913222656,-0.118544795,0.147424877,-0.195317909
0.0931063667,-0.151553586,0.153030619,-0.249837175
0.0479343645,-0.163186431,0.0782563761,-0.270245701
-0.0365475267,-0.147333711,-0.0585859902,-0.247904569
-0.130777434,-0.109848991,-0.213890761,-0.181604803
-0.196620077,-0.0647038892,-0.322961032,-0.103901051
-0.206080273,-0.025792174,-0.338501781,-0.0383595936
-0.155543327,0.000408388267,-0.261101812,0.00481590303
-0.0679781809,0.0169235449,-0.118576035,0.0315404721
0.0180957001,0.0321701095,0.0259658545,0.0548564605
0.0671190247,0.0525980331,0.11320021,0.0861618519
0.0629355907,0.0770252347,0.10804797,0.124227338
0.0149677088,0.0964954197,0.030561585,0.158020392
-0.0484595634,0.0999948233,-0.074785471,0.165880933
-0.0954866707,0.082614243,-0.155582622,0.140064925
-0.106390484,0.0510100536,-0.175702587,0.089315325
-0.0815841779,0.0223675761,-0.137547255,0.0414960422
-0.0385653749,0.0167472716,-0.0667956322,0.0302667711
-0.000496957917,0.0465756841,-0.00144940824,0.0751536116
0.0167139992,0.108889006,0.0274257381,0.177003592
0.011808726,0.184679702,0.0223758556,0.297931284
-0.00333647639,0.2460372,-0.00102354854,0.394214422
-0.0123226875,0.267746568,-0.0132068126,0.427316189
-0.00440204144,0.237803206,-0.0037236081,0.387136221
-0.0441891216,0.216035709,-0.065165095,0.35022369
0.0439845026,0.235042199,0.0673632547,0.38034445
0.0883048102,0.224274993,0.146666542,0.361218572
0.0826924145,0.177057177,0.141583785,0.289970487
0.0382581986,0.0959985629,0.0705157071,0.162863538
-0.0211765729,-0.00519250892,-0.0296084713,-0.00399251468
-0.0682355016,-0.103924036,-0.11216075,-0.167462662
-0.0826638713,-0.174897045,-0.138388023,-0.281685382
-0.0593973808,-0.19841662,-0.103649981,-0.321101308
-0.0105051808,-0.167793363,-0.023728298,-0.277327091
0.0402259491,-0.0927423462,0.0612259991,-0.157779381
0.0681040064,0.00302835228,0.112176158,-0.00175346795
0.0590868071,0.0896415338,0.0998448506,0.144990504
0.0166696552,0.141620636,0.0331547856,0.23253879
-0.0394695923,0.147185937,-0.0572834983,0.24309437
-0.0828379989,0.112489194,-0.131746754,0.191343114
-0.0932505503,0.0588545017,-0.152823552,0.103937387
-0.0672736987,0.0139033031,-0.113344103,0.0271219183
-0.0205259826,5.66991876e-05,-0.0383788683,0.00142446754
0.0197651666,0.0251725018,0.0302975997,0.0401864797
0.0286169965,0.0793386549,0.0483122878,0.128654465
-0.00326200016,0.139310569,-0.00132531277,0.22741729
-0.0633701459,0.178773344,-0.0980383307,0.291736335
-0.12211708,0.179978356,-0.192144468,0.295552909
-0.146389067,0.141576529,-0.23629944,0.238493234
-0.115449809,0.0790728331,-0.191590562,0.138500527
-0.0313160941,0.0176224709,-0.055757802,0.0351220816
0.0815722868,-0.0195811056,0.129547745,-0.0315454863
0.187208742,-0.0219574943,0.302464366,-0.0387613438
0.253948897,0.00379600376,0.405478269,-0.000365768065
0.267618448,0.0373221003,0.428201944,0.0523188151
0.235552222,0.0549028814,0.383813709,0.0827277377
0.180140644,0.0416043028,0.299530298,0.0648704246
0.125874639,-0.000573248777,0.2119755,-0.00126566587
0.0870220736,-0.0526033491,0.146887526,-0.0880734399
0.0623371154,-0.0866992921,0.10192842,-0.146868423
0.0391012207,-0.0792462304,0.0625388995,-0.136855334
0.00362573238,-0.0224110819,0.0059439498,-0.0424688943
-0.0480714813,0.0710365996,-0.0782220736,0.112394303
-0.105574824,0.17204161,-0.16761978,0.277081668
-0.148032367,0.246833429,-0.22981517,0.391757876
-0.154585987,0.27053836,-0.237766147,0.42949006
-0.115560204,0.236775368,-0.181938127,0.384698749
-0.0383729264,0.159172058,-0.0624204725,0.270824254
0.0549282357,0.0645545796,0.0913707912,0.112945765
0.13710624,-0.0186647214,0.225656569,-0.0304704551
0.187193245,-0.0714451298,0.303254664,-0.120029964
0.198249191,-0.0896961242,0.321246207,-0.150154769
0.177992344,-0.0826442689,0.290822774,-0.139898241
0.142791301,-0.0656761304,0.234785125,-0.11291299
0.108829714,-0.0517439209,0.181492716,-0.0894995928
0.085233666,-0.0456183627,0.142326817,-0.0772114396
0.0722599849,-0.0433616973,0.120078802,-0.0730438754
0.0644653589,-0.0365160406,0.106011674,-0.0635311827
0.0560350418,-0.0181971118,0.0947336853,-0.0326433964
0.0446676873,0.0123349121,0.0732371658,0.0196322799
0.0318528861,0.0488435589,0.0531249382,0.0792516246
0.0199792795,0.0810233653,0.035004925,0.134045467
0.00879237894,0.099203594,0.0160682108,0.164679095
-0.00597713841,0.098240912,-0.00720596779,0.163599417
-0.0305722598,0.0788150355,-0.0479399972,0.132429421
-0.0688980818,0.0460133106,-0.110776968,0.0786519796
-0.118727148,0.00656425999,-0.1947698,0.0129780956
-0.171058744,-0.0334733687,-0.279063553,-0.0522636026
-0.213406295,-0.0694788396,-0.344436288,-0.108114243
-0.235366553,-0.0977100059,-0.378819257,-0.150984973
-0.233354986,-0.114607275,-0.376711309,-0.177929819
-0.211801559,-0.11715214,-0.345804811,-0.183803543
-0.180166647,-0.104511894,-0.298170775,-0.166878358
-0.147612855,-0.0799550042,-0.246510506,-0.129551157
-0.118545249,-0.0513841882,-0.199897483,-0.0836665258
-0.0916581377,-0.0293488,-0.156185836,-0.0476535968
-0.0629304647,-0.0228707269,-0.107116416,-0.0363628566
-0.03052021,-0.0349879861,-0.0529582836,-0.056271445
0.00175261649,-0.0605564751,0.00199863827,-0.0990643278
0.0248698164,-0.0879929587,0.039149031,-0.144851089
0.0291663576,-0.104603685,0.0467011407,-0.175647482
0.010502968,-0.103005193,0.0169095434,-0.173843831
-0.0256517567,-0.0851812139,-0.042718973,-0.143496752
-0.0650215745,-0.0616491549,-0.108922988,-0.104662411
-0.090367198,-0.0457112305,-0.151307464,-0.07477507
-0.0896647498,-0.0455669649,-0.150659189,-0.0728372559
-0.062430311,-0.0585898161,-0.107730433,-0.0954251736
-0.0207839254,-0.0713201985,-0.0381143391,-0.117468975
0.0155166527,-0.0658949539,0.0244466718,-0.11087016
0.0277857631,-0.0301001836,0.0446885861,-0.0553657822
0.00674187485,0.0341064669,0.0129136629,0.0520921871
-0.0433442928,0.108510919,-0.0675777644,0.177582562
-0.106302999,0.164973721,-0.168517992,0.269422323
-0.160341784,0.177895039,-0.25285396,0.289388567
-0.18585512,0.137099952,-0.29543215,0.229155213
-0.171518803,0.0546914376,-0.28055194,0.0999026448
-0.116825558,-0.0380654857,-0.197680324,-0.0547385253
-0.0311607551,-0.103096001,-0.0579416007,-0.167160928
0.0691746473,-0.111813128,0.105604135,-0.186423004
0.16449748,-0.057922218,0.263789475,-0.101597078
0.235166103,0.0392927788,0.377428979,0.0534525663
0.265084028,0.142864376,0.418640226,0.215224028
0.245542869,0.213670671,0.388478935,0.325628608
0.178823292,0.226533055,0.291257113,0.354512513
0.0799043775,0.179694653,0.141455799,0.293678433
-0.0256359875,0.093777746,-0.0340350457,0.160280496
-0.108284488,0.00134263176,-0.176665545,0.00756744482
-0.144301474,-0.0675578788,-0.239680305,-0.105842277
-0.124791339,-0.0969614908,-0.210272819,-0.157775283
-0.0598273128,-0.0887640044,-0.106877506,-0.145686701
0.0250088647,-0.0578964874,0.0353936404,-0.0973659605
0.0988944918,-0.0223772414,0.1617167,-0.0391120911
0.138571113,0.00612101704,0.229880258,0.00677454332
0.13779515,0.0264073703,0.229716226,0.039480377
0.108876526,0.0450920276,0.183631405,0.0708490238
0.0755530223,0.0693917647,0.128819063,0.112459578
0.0608126037,0.100068599,0.102752678,0.164123669
0.0758574679,0.128840864,0.126235574,0.211993396
0.115735881,0.14191936,0.189485461,0.231896296
0.163537726,0.127778471,0.2693066,0.206829965
0.200408027,0.0848031715,0.327783883,0.136813655
0.215545982,0.0243669543,0.352029294,0.0387036726
0.210568219,-0.0327805951,0.343252689,-0.0555248298
0.196024314,-0.0654439107,0.319271982,-0.111176305
0.182528436,-0.0620176606,0.296228975,-0.107405268
0.17221573,-0.0266899839,0.280765235,-0.0498888083
0.156118348,0.0213847831,0.257355183,0.028987607
0.119562984,0.0558207743,0.20229651,0.0878236815
0.0527776927,0.0542656071,0.0932126418,0.0890188962
-0.0395881012,0.00819250103,-0.0600692928,0.0171070937
-0.136246189,-0.0730664283,-0.219740033,-0.115533583
-0.20678544,-0.165696844,-0.330042273,-0.258034021
-0.225855514,-0.240585223,-0.357094526,-0.367343962
-0.186817288,-0.274324626,-0.299360901,-0.42305854
-0.107312679,-0.25753969,-0.179719463,-0.406934917
-0.023040561,-0.197436973,-0.0471639447,-0.322728872
0.0278939828,-0.114046372,0.0416347384,-0.195117891
0.022605937,-0.0321375057,0.0378433503,-0.0593719333
-0.0357235521,0.0277486183,-0.0564672463,0.0438624509
-0.119277805,0.0557646565,-0.193553492,0.0925895423
-0.18865642,0.0546590164,-0.305076182,0.0933462977
-0.211077392,0.0369677134,-0.342441648,0.0658914074
-0.17482011,0.0190518647,-0.290729016,0.0375051796
-0.093150042,0.014461346,-0.160956502,0.0276348926
0.00353359291,0.0290592983,0.00183799316,0.0493031479
0.0827104375,0.0594854467,0.136342064,0.0972533971
0.124103621,0.0952427015,0.20531933,0.15389429
0.126587614,0.123399965,0.212457597,0.198344395
0.105223581,0.134006113,0.178238392,0.217924193
0.0812375844,0.124080382,0.137220144,0.205034092
0.0709923655,0.0985794961,0.119694404,0.163200155
0.0796909407,0.067909956,0.134626389,0.115254208
0.102195978,0.0429774188,0.169311702,0.0712020099
0.129097834,0.0298975259,0.21388033,0.047948394
0.153490558,0.0268082228,0.253502786,0.0410481468
0.174194708,0.0244652443,0.286350936,0.037249323
0.193962261,0.0106696822,0.317887902,0.0155004719
0.214627057,-0.0232727025,0.348762631,-0.038698528
0.233087301,-0.0770553946,0.374543667,-0.125717863
0.24131152,-0.139695898,0.383368343,-0.225045994
0.230782971,-0.19296819,0.360482901,-0.307375461
0.198737532,-0.218839452,0.311255842,-0.350794196
0.152136251,-0.207707226,0.24234584,-0.33794421
0.106441505,-0.163515463,0.169695765,-0.274743289
0.0792643353,-0.102995314,0.128315449,-0.176285505
0.0820212215,-0.0489236414,0.133334577,-0.085188359
0.114044555,-0.0202123299,0.186900079,-0.0357074477
0.162358448,-0.0233896393,0.265469164,-0.0388734527
0.207290232,-0.0496389568,0.336841673,-0.0818159133
0.231006712,-0.0790698752,0.372586489,-0.128911778
0.224685073,-0.0904265717,0.361534357,-0.149834454
0.191041201,-0.0716731548,0.313118905,-0.124696985
0.141623899,-0.0262629744,0.23485066,-0.0496460721
0.0909982175,0.0281720906,0.152497649,0.0410709828
0.0511462726,0.0683295801,0.0865039453,0.111953646
0.0285882205,0.0769444034,0.0505999066,0.127537474
0.0246191416,0.0519329682,0.0423730463,0.0890273303
0.0371425748,0.00825369265,0.0622143373,0.0162211563
0.0620767623,-0.0287867468,0.102934703,-0.0458435528
0.0933960304,-0.0358250625,0.152902544,-0.063208349
0.122607127,-0.00344418874,0.201886714,-0.0107686007
0.13945201,0.0581278354,0.229694933,0.0893768892
0.13500078,0.122795179,0.22413969,0.194793224
0.106351577,0.160495475,0.178929523,0.258885801
0.0602329671,0.151821628,0.105790943,0.250671983
0.0124369692,0.098373048,0.0269026123,0.166529208
-0.0181550067,0.0235720351,-0.02800427,0.0445643216
-0.0189595111,-0.0369944312,-0.0322574899,-0.0594922826
0.00822057668,-0.0517075546,0.0117756724,-0.087360166
0.0454263762,-0.00828416552,0.0701257437,-0.0168433283
0.0653655902,0.0788315907,0.107950822,0.124767609
0.0444942266,0.172890484,0.0777627379,0.279275298
-0.0239268951,0.229668975,-0.0298137162,0.36815539
-0.123935819,0.216540426,-0.188811004,0.351040423
-0.222139195,0.127502203,-0.348916143,0.213833421
-0.282419801,-0.0126009705,-0.444776982,-0.00847817212
-0.283047199,-0.156870142,-0.444121242,-0.231986582
-0.227331325,-0.254772723,-0.359153777,-0.385894716
-0.141910523,-0.272582322,-0.232522741,-0.425981939
-0.0631594136,-0.207239389,-0.110553257,-0.338804692
-0.0186563991,-0.0877222195,-0.0377204902,-0.15170826
-0.0135585666,0.0367488861,-0.023065336,0.0568129569
-0.0293042585,0.116797999,-0.0467644706,0.192497134
-0.0354381874,0.122886293,-0.0543907881,0.205915064
-0.0080897836,0.056858018,-0.011146687,0.102092974
0.0552136824,-0.0497456826,0.0904418454,-0.0752963573
0.132879019,-0.149791241,0.212275818,-0.242709145
0.190542772,-0.201001093,0.296498835,-0.321611434
0.200284868,-0.183988288,0.315535128,-0.301676422
0.157053649,-0.110168554,0.256014496,-0.189878032
0.0828627422,-0.0161956325,0.141364187,-0.0359114036
0.0159574635,0.0526227579,0.0299476311,0.0852224156
-0.00944997929,0.0626960173,-0.0134938788,0.107834361
0.0181893278,0.00741444295,0.0305561423,0.0193482563
0.0812066197,-0.0893870443,0.133885011,-0.142080039
0.142169222,-0.183320984,0.225726053,-0.294880897
0.164409667,-0.228408054,0.257033855,-0.365839303
0.132406116,-0.196843103,0.210928157,-0.325172782
0.0606527068,-0.0909669921,0.101495139,-0.161752626
-0.0141328694,0.0576841459,-0.0228914432,0.087702632
-0.0534278005,0.201647982,-0.0867758244,0.323851019
-0.038822569,0.297103345,-0.0598199293,0.469131052
0.016696142,0.321064621,0.0297318082,0.504200816
0.074533999,0.278829783,0.122529723,0.444764555
0.0904758498,0.198917612,0.153291032,0.325375795
0.0382082388,0.118476138,0.0710558966,0.197500169
-0.0762478337,0.0663382709,-0.118436255,0.108502768
-0.216873035,0.0516104698,-0.344822705,0.0848833323
-0.335327595,0.0626587868,-0.514801264,0.0985153764
-0.39432022,0.0761438906,-0.588923693,0.12272536
-0.384195179,0.0709313378,-0.579477608,0.116026297
-0.324322283,0.0396017134,-0.505300581,0.0720168203
-0.249449283,-0.0081392182,-0.402988136,-0.00449375995
-0.189414352,-0.0514897443,-0.31323877,-0.0778265148
-0.153929576,-0.070480153,-0.255973399,-0.112614594
-0.130771071,-0.0573397838,-0.219194561,-0.0932811722
-0.097688064,-0.0213202946,-0.166617095,-0.0336714908
-0.0403100029,0.0154638924,-0.0720235035,0.0255512167
0.0351142883,0.0289030708,0.0569179319,0.0518324897
0.102226272,0.00477345008,0.169219613,0.0101469839
0.128575623,-0.0544435345,0.214340359,-0.0899017826
0.0953423008,-0.131097063,0.15949972,-0.215666085
0.0112858359,-0.201139152,0.0209069084,-0.328913808
-0.0876951069,-0.245332032,-0.141194865,-0.392040879
-0.154168025,-0.257060409,-0.248054624,-0.40456146
-0.152253792,-0.243013486,-0.248653516,-0.381530583
-0.0761554241,-0.2170102,-0.133716449,-0.349146932
0.0457378142,-0.190945029,0.0650828332,-0.310652405
0.163520098,-0.168216452,0.255096197,-0.273509979
0.228814706,-0.143352449,0.361772984,-0.234455064
0.216545999,-0.10782548,0.350030184,-0.179996818
0.134763554,-0.0583596528,0.225117967,-0.104404174
0.0183422696,-0.00245534908,0.0362414904,-0.00965737831
-0.0892526135,0.0426916033,-0.144806802,0.0704180598
-0.156221882,0.0579846166,-0.254229844,0.0996518359
-0.174586713,0.033100225,-0.286755532,0.061103005
-0.159174368,-0.0257683862,-0.263484985,-0.0341940112
-0.135626122,-0.0957591906,-0.22525844,-0.151245996
-0.125031978,-0.145696715,-0.207396135,-0.235884592
-0.133626238,-0.149469197,-0.220121741,-0.242794171
-0.152206972,-0.0981980488,-0.252168387,-0.163454041
-0.164090276,-0.00533798989,-0.273269147,-0.0101506338
-0.155921593,0.0978493765,-0.25786978,0.160728186
-0.124901235,0.174461812,-0.203195184,0.284554929
-0.0789519027,0.196292043,-0.126371756,0.32233429
-0.0309269931,0.154123202,-0.0482334569,0.260231197
0.00873297174,0.0599991456,0.0168826636,0.107293382
0.0362681895,-0.0586259067,0.0620862357,-0.0921488181
0.0538160354,-0.169442475,0.0864916816,-0.275362104
0.0651552975,-0.245673746,0.0992841646,-0.395783842
0.0716441646,-0.272466779,0.108562373,-0.434902728
0.0713905245,-0.248089865,0.108291619,-0.400912195
0.0619701892,-0.181319103,0.0959643498,-0.302374214
0.0441909991,-0.08754877,0.0722681209,-0.15205887
0.0235050935,0.0144693786,0.0390928946,0.0193868857
0.0073670093,0.104979008,0.0121854637,0.170873508
-2.03982636e-05,0.16567646,0.00306742499,0.272420675
-0.00175804622,0.1832605,0.000212051484,0.300750405
-0.00750375679,0.153739065,-0.00792827271,0.257579863
-0.027276326,0.0855436772,-0.040731404,0.146365896
-0.0630803481,-0.00106926658,-0.10087771,0.00193967076
-0.103892475,-0.0796285719,-0.171142116,-0.129388928
-0.128366858,-0.126773953,-0.212471128,-0.204354763
-0.115274653,-0.131484672,-0.195339188,-0.214921057
-0.0566071719,-0.0996150002,-0.101633459,-0.164452016
0.0343604125,-0.0509080701,0.0514165387,-0.0865544602
0.12591435,-0.00933224149,0.204553485,-0.0176803619
0.181793332,0.00872931723,0.297408789,0.0105985133
0.179679632,0.00234308071,0.299262911,0.0013021417
0.124311559,-0.014455175,0.211372599,-0.0277381409
0.0472020805,-0.0215765182,0.0823764876,-0.040062245
-0.00820365082,-0.00561208092,-0.012456974,-0.0112446528
-0.00893206429,0.0307083596,-0.0176698361,0.0500995405
0.0493984371,0.0680776909,0.0784046724,0.112911478
0.139044315,0.0802362487,0.227015018,0.132334739
0.213988885,0.0490481481,0.347132057,0.0787192211
0.234400764,-0.0230760016,0.382408798,-0.0382268429
0.188605666,-0.110727891,0.311220378,-0.18114531
0.100207135,-0.175410509,0.166906297,-0.289715946
0.015734788,-0.183585286,0.0234856587,-0.305640459
-0.0210695975,-0.123890825,-0.039596457,-0.211488798
0.00558268419,-0.0144099621,0.00223101187,-0.028937906
0.0731510371,0.104368277,0.11646349,0.16910857
0.131759077,0.187899172,0.213445276,0.300286889
0.131452397,0.208202019,0.219070613,0.334035158
0.0512860231,0.16627638,0.0957447663,0.272961825
-0.0858625099,0.0899633989,-0.129554465,0.151392013
-0.221662655,0.0185017381,-0.352424264,0.0342091247
-0.290423602,-0.0179244298,-0.461302251,-0.0230798535
-0.252587676,-0.0126996022,-0.412288487,-0.0150955562
-0.115959972,0.0163109545,-0.202931523,0.0313819759
0.0668076724,0.0395995975,0.103008538,0.0690463632
0.223460883,0.0350812338,0.359095544,0.0564162768
0.297006816,0.00229947455,0.470776677,0.00020053047
0.271995723,-0.0366722681,0.438004613,-0.0648254007
0.178724632,-0.050560642,0.296555996,-0.0896973014
0.0738243237,-0.0190791152,0.127346009,-0.0401286669
0.00836577173,0.0517993197,0.0146056907,0.082591489
0.00109233824,0.129083678,-0.00076418044,0.212657362
0.0311568826,0.168309033,0.0514885709,0.278096199
0.0536803007,0.137860283,0.0932988077,0.231321707
0.0287241936,0.0389227979,0.0544816554,0.0706626996
-0.0530631356,-0.0906678736,-0.08037249,-0.145621225
-0.162796438,-0.192316711,-0.25937283,-0.306237698
-0.24812454,-0.215295509,-0.389816433,-0.334581882
-0.262198687,-0.143627927,-0.420340031,-0.227366343
-0.190621465,-0.00672674365,-0.322246403,-0.0112183997
-0.0612449795,0.13290152,-0.108172208,0.219205275
0.0688112527,0.209730729,0.11119809,0.340741664
0.141970366,0.188238457,0.235367045,0.305902213
0.129223019,0.0818036199,0.222675875,0.138641953
0.0437694825,-0.0529096723,0.0813541338,-0.0855549872
-0.0677358955,-0.144064561,-0.109625377,-0.237146646
-0.151061952,-0.141463667,-0.248403445,-0.233720452
-0.172963023,-0.04332361,-0.291097671,-0.075025551
-0.136953443,0.101058476,-0.231913626,0.163517848
-0.0783064142,0.214747399,-0.125906348,0.347340345
-0.0419573151,0.231371507,-0.0628068373,0.37740168
-0.0562744923,0.12899515,-0.0843221545,0.222086892
-0.117466681,-0.0574892797,-0.186571896,-0.083232902
-0.19292295,-0.251899123,-0.300704747,-0.383470178
-0.240874246,-0.372660398,-0.358040154,-0.538142979
-0.234659851,-0.37132743,-0.351550162,-0.540774524
-0.177649766,-0.254826009,-0.289051652,-0.401755095
-0.100592829,-0.0808781087,-0.177920043,-0.140333638
-0.0433972627,0.0704488531,-0.0762848035,0.113734894
-0.0321903527,0.13445659,-0.0495556295,0.223806113
-0.0649539009,0.0901956633,-0.100094013,0.155871347
-0.11382848,-0.0336092412,-0.184141114,-0.0469685979
-0.142436877,-0.176398426,-0.232742175,-0.276839942
-0.127939329,-0.276835412,-0.207045704,-0.430542082
-0.0749211907,-0.300712347,-0.127854824,-0.470028013
-0.013039968,-0.252225757,-0.0309878998,-0.40697667
0.0202254951,-0.164789811,0.0265981369,-0.27622515
0.00179879996,-0.0785143822,0.00202282355,-0.135782987
-0.0625843778,-0.0178832822,-0.101539679,-0.0317498557
-0.140133262,0.0181456413,-0.228031114,0.0300395098
-0.188122854,0.0492953211,-0.305967718,0.0835327357
-0.176916748,0.0958826095,-0.290133089,0.158695355
-0.106138319,0.161220729,-0.177500486,0.265179008
-0.00509804487,0.225530848,-0.00924494117,0.36587438
0.0826544017,0.255347222,0.133671314,0.407602936
0.122079045,0.223166823,0.202301815,0.358751804
0.10430035,0.12593323,0.180440694,0.211563632
0.0498405546,-0.00868237857,0.0909162387,-0.0105732186
-0.00380758336,-0.132568538,-0.00529165659,-0.217193797
-0.0229984671,-0.199181885,-0.0420198441,-0.322787225
0.00436883653,-0.185821399,0.00125175354,-0.30753985
0.0635860041,-0.104377255,0.0979644731,-0.177646205
0.122449018,0.00512783276,0.198172048,0.0012020804
0.149312392,0.0947124809,0.245262891,0.150646612
0.129670396,0.131626651,0.218157798,0.213299274
0.0724987313,0.112514295,0.127594322,0.186399847
0.00373793324,0.0616552122,0.0129798213,0.104621522
-0.0485255532,0.0151084308,-0.0773264915,0.0264757648
-0.0684591308,3.82978433e-05,-0.115718432,0.00141840964
-0.0587055385,0.0206742361,-0.100459233,0.0342368595
-0.0358650833,0.0581987612,-0.0613161437,0.0959005058
-0.0188913327,0.0838445351,-0.0312552974,0.139887854
-0.0176960099,0.0771490335,-0.0257103685,0.131280959
-0.0284513421,0.0387154147,-0.0448226221,0.0674431548
-0.0376198702,-0.00971753988,-0.0625423342,-0.0135193383
-0.0314867832,-0.0376761854,-0.0544857197,-0.0618397556
-0.00504003465,-0.023489777,-0.0115801627,-0.0405525938
0.0350166932,0.0331639275,0.0551881455,0.0517477356
0.0743724406,0.11080914,0.121081427,0.179174528
0.0992096812,0.177894026,0.16467461,0.285696179
0.103048921,0.209795758,0.171711132,0.337617695
0.0883782431,0.201306,0.149800852,0.327703536
0.0627801567,0.167562559,0.108889282,0.275104821
0.0328549445,0.133208156,0.0588593222,0.2205057
0.00043056492,0.116461009,0.00393182412,0.193923473
-0.0363556333,0.117760576,-0.0560810529,0.196498185
-0.0781857073,0.119949616,-0.125401706,0.199503094
-0.119920433,0.100090459,-0.194603994,0.169405788
-0.150373623,0.0459478423,-0.244627491,0.0821114108
-0.157821119,-0.0329510421,-0.259892493,-0.048244331
-0.138427332,-0.107000761,-0.23078008,-0.170415848
-0.102075309,-0.141029656,-0.171474218,-0.22885558
-0.0707928464,-0.114067405,-0.122317359,-0.191033393
-0.06898994,-0.0331522152,-0.1179417,-0.05977761
-0.109839953,0.0673815012,-0.180770025,0.106772669
-0.185246721,0.141962245,-0.293326825,0.230199605
-0.265815139,0.157362804,-0.411199391,0.252081245
-0.312299103,0.111248486,-0.480576843,0.182890058
-0.293711066,0.0351579525,-0.463134855,0.0668677762
-0.203185052,-0.0206669588,-0.337015361,-0.0247689802
-0.0632584766,-0.0134398304,-0.114882141,-0.0208120011
0.0825989544,0.0684633777,0.128878415,0.107358202
0.188322738,0.196962744,0.299107343,0.304916352
0.224455103,0.316049337,0.344826669,0.467085987
0.188864961,0.368494451,0.291458338,0.541051149
0.104265787,0.324154496,0.174031138,0.501338124
0.00482876087,0.195425943,0.0188144371,0.323002905
-0.0803029165,0.0318336077,-0.126272678,0.0618504249
-0.137802795,-0.103603736,-0.225452602,-0.163954183
-0.170392275,-0.164262295,-0.279009104,-0.26335603
-0.188099116,-0.14097774,-0.307408035,-0.227933243
-0.197267428,-0.0639132112,-0.325727701,-0.10432221
-0.194883823,0.0151336305,-0.321200579,0.0247626416
-0.171914473,0.0503222607,-0.282427788,0.0869212896
-0.123180769,0.0247868542,-0.205594525,0.0487346239
-0.0566535965,-0.0425685421,-0.0972988158,-0.0643866956
0.00512534846,-0.109325089,0.00637684716,-0.179301485
0.0341881402,-0.133633286,0.0531749763,-0.22156541
0.0127897821,-0.0969464853,0.0210360121,-0.166928604
-0.0533483848,-0.0133939479,-0.0884031951,-0.0280812252
-0.132921919,0.0787279084,-0.216014519,0.126228794
-0.181247368,0.1382045,-0.290709645,0.226610005
-0.161965489,0.143113688,-0.262529999,0.238311246
-0.0674041286,0.102060065,-0.115533791,0.177123934
0.0736478865,0.0487208255,0.117646798,0.0860982165
0.206181005,0.0230920836,0.331505001,0.0362151898
0.27343446,0.0498456061,0.433796734,0.0709007978
0.244072273,0.125437468,0.394236892,0.189246237
0.128524542,0.220555425,0.215307057,0.342706919
-0.0240631681,0.296052426,-0.0252831317,0.462755859
-0.14728801,0.3233383,-0.216103196,0.498975694
-0.187185764,0.298131883,-0.282587588,0.464143068
-0.125926867,0.240482718,-0.200530902,0.3909958
0.0115975328,0.181703761,0.0161891896,0.305350274
0.170787647,0.145994693,0.272542357,0.237911582
0.292841762,0.137190342,0.456581146,0.20792526
0.340005994,0.137896553,0.521223128,0.201942608
0.308809996,0.121156998,0.484828502,0.180856779
0.22631529,0.0677405745,0.371916801,0.106174767
0.133159444,-0.0209414866,0.226915956,-0.0343606882
0.0632776916,-0.121735364,0.106890254,-0.197815239
0.0306778457,-0.20121032,0.0475701466,-0.327705592
0.0287339278,-0.233345017,0.0397310331,-0.377961963
0.0402072221,-0.213542983,0.0592640229,-0.350463152
0.0506858639,-0.161052734,0.077878736,-0.268698901
0.0571916848,-0.108264588,0.0915239975,-0.183217362
0.0674566031,-0.0826598406,0.110495679,-0.139317915
0.0913394615,-0.0913707316,0.147981182,-0.149991691
0.130499125,-0.117047854,0.21113041,-0.193037674
0.173201934,-0.127662048,0.277114213,-0.211328268
0.197818935,-0.0952523351,0.316889495,-0.161781684
0.183286875,-0.0135851307,0.301227242,-0.0323595181
0.12068978,0.0950309485,0.202904105,0.146017849
0.0194643792,0.188013107,0.0395526439,0.301852345
-0.0952385664,0.222216621,-0.145529598,0.357567161
-0.192664191,0.175355822,-0.299284995,0.288805783
-0.248793229,0.0582875535,-0.394706428,0.104438744
-0.254849106,-0.0882216766,-0.406119794,-0.127088532
-0.218372226,-0.210889295,-0.348675996,-0.322543591
-0.157393157,-0.267093033,-0.254383773,-0.415159494
-0.0916179717,-0.242706046,-0.156414345,-0.390317738
-0.0353809334,-0.156312779,-0.0661713853,-0.26095745
0.00475271838,-0.0484049395,0.00351157738,-0.0851299539
0.0280331187,0.0384997502,0.0461262949,0.060509555
0.0359705351,0.0787609518,0.0625364482,0.131028429
0.0302444026,0.0725392997,0.0548939332,0.122022547
0.0133656384,0.0412112735,0.0241181832,0.069870159
-0.00912144221,0.0126915164,-0.0130117908,0.0221211817
-0.0275729969,0.00493246596,-0.0455244631,0.00724658463
-0.0303908587,0.0162892491,-0.0514617786,0.0264054947
-0.00916466117,0.0274288468,-0.016265491,0.0458912216
0.0358608067,0.0132725397,0.0590265393,0.0254400466
0.0935873836,-0.0416719392,0.153529793,-0.0658447593
0.145332009,-0.132763848,0.235250533,-0.214299694
0.172716513,-0.234973133,0.270344943,-0.370738626
0.166417196,-0.313084811,0.252131432,-0.483849317
0.131047025,-0.337324798,0.195930794,-0.520427763
0.083177872,-0.296853691,0.125068769,-0.472121119
0.0431218892,-0.204843298,0.0641418546,-0.34086439
0.0245910753,-0.0930634141,0.0365463495,-0.160694763
0.0277269837,0.00115351763,0.0436112769,-0.00152648229
0.0393585488,0.0494425446,0.0674306974,0.0821684301
0.0405144133,0.0421264693,0.0709859431,0.0723165348
0.0172609333,-0.0104642045,0.0325365104,-0.0151836658
-0.0309504475,-0.0846108198,-0.0482751839,-0.138878703
-0.0899863616,-0.153938442,-0.147267729,-0.249865949
-0.137597144,-0.199223027,-0.225831032,-0.318254471
-0.154444695,-0.213452801,-0.251557112,-0.339152366
-0.133798972,-0.201052561,-0.221317485,-0.32174781
-0.0848208293,-0.172920465,-0.145736352,-0.282128453
-0.0277586151,-0.140399441,-0.0517796725,-0.232836857
0.0163568947,-0.111043915,0.0232904553,-0.185188577
0.0360991545,-0.0875005201,0.0586265028,-0.147357151
0.034743987,-0.069003582,0.0585805029,-0.117127717
0.0275422577,-0.0538499914,0.0449001566,-0.089845404
0.0326946229,-0.0411944203,0.0537735447,-0.069177337
0.060723234,-0.031366393,0.0989056081,-0.0538350157
0.107637763,-0.0249973536,0.176090613,-0.0430171788
0.155299574,-0.021903418,0.254378945,-0.0389588512
0.178830922,-0.0206026565,0.293785632,-0.0390558429
0.157616541,-0.0187332984,0.262601465,-0.0353491679
0.0849418417,-0.0139593324,0.147668689,-0.026113037
-0.0278609209,-0.00465850858,-0.0411237366,-0.0101819951
-0.154344246,0.0100565189,-0.251137733,0.0164280999
-0.261587292,0.0308419466,-0.414700568,0.0510871038
-0.321105033,0.0585119538,-0.498893708,0.095937565
-0.318063468,0.0936389491,-0.495832145,0.151155949
-0.255794674,0.135195985,-0.407025099,0.217625201
-0.154405907,0.178844541,-0.252286613,0.292795777
0.0687386319,-0.0245495122,0.109839477,-0.0180456154
0.0732506737,-0.132197246,0.127323166,-0.223416343
0.0541911051,-0.177529827,0.0880112052,-0.294954002
0.0181920547,-0.130299494,0.0273733065,-0.222561359
-0.0225088522,0.00183634879,-0.0400641002,-0.0062417374
-0.0561986938,0.173419937,-0.0924901441,0.27754885
-0.0762536153,0.319292337,-0.114991948,0.49477011
-0.0823188052,0.382936597,-0.117136844,0.579534054
-0.0784355998,0.341696978,-0.112360038,0.531009436
-0.0699583218,0.216492638,-0.106319152,0.358506262
-0.0612381101,0.061035417,-0.098144196,0.111613221
-0.0549987108,-0.0642405078,-0.0903135836,-0.102278262
-0.0529619418,-0.120557524,-0.0904911458,-0.198831305
-0.0565292239,-0.107275777,-0.0969531164,-0.181119949
-0.0665908828,-0.0583697632,-0.112641983,-0.100437619
-0.0824911445,-0.0211545452,-0.137537986,-0.0341157392
-0.101060085,-0.0287636444,-0.166188419,-0.0447172523
-0.116777353,-0.0811378211,-0.192475989,-0.127873093
-0.123443954,-0.144769564,-0.203795835,-0.231585592
-0.116693661,-0.171469674,-0.193891943,-0.278263599
-0.0960063115,-0.126208171,-0.164047882,-0.209375113
-0.0650702193,-0.00904167071,-0.115009673,-0.0209556744
-0.0302782506,0.140999585,-0.0533560775,0.227905855
0.00177609618,0.262854755,0.0055645532,0.417929769
0.0264186822,0.303035855,0.0476377346,0.478651941
0.0416231789,0.242887512,0.0733314976,0.396545112
0.0473407842,0.109400675,0.0837194249,0.190127864
0.0443535857,-0.0362984762,0.0779233277,-0.0549207292
0.0337831117,-0.127356395,0.0540476143,-0.211799204
0.0177176166,-0.122507043,0.0245691109,-0.208377644
0.000342051237,-0.0248738732,-0.00139510771,-0.0491368957
-0.0117421299,0.120784894,-0.0195863657,0.194250986
-0.0110454382,0.250590801,-0.0154898837,0.398942381
0.00758937187,0.312293619,0.0151873045,0.489805758
0.0436245687,0.28900668,0.0741241351,0.459324121
0.0894922167,0.204684794,0.148250058,0.336742938
0.132717952,0.109566964,0.221559405,0.182546541
0.16107893,0.0537720732,0.266767561,0.0864956155
0.168415263,0.0626664385,0.277532816,0.0962406918
0.157892302,0.125992998,0.258071452,0.197713211
0.14051351,0.205230013,0.229183346,0.323050141
0.129155204,0.254338413,0.210057989,0.399881154
0.131036595,0.242755547,0.214136541,0.386860877
0.142794847,0.169193298,0.235764846,0.276997089
0.151306644,0.060253758,0.253749907,0.102474377
0.140439779,-0.044082813,0.234275594,-0.07133203
0.100547381,-0.109700397,0.167002752,-0.184071034
0.0356267355,-0.122384302,0.0583219752,-0.206513613
-0.0361444838,-0.0903842002,-0.0600102507,-0.1537081
-0.0895347819,-0.035771735,-0.148702979,-0.0615334362
-0.104010202,0.0193847474,-0.174992099,0.033397641
-0.0743533522,0.0639924705,-0.12648651,0.10791114
-0.0145971468,0.10049022,-0.0264338367,0.167306125
0.0471150428,0.138676167,0.0787119269,0.228439063
0.0805798024,0.185452804,0.134915188,0.297909796
0.0667704865,0.237105563,0.113192998,0.376759559
0.00587093085,0.278839469,0.0183877908,0.440312326
-0.0836640298,0.291837901,-0.121021532,0.459214777
-0.174249321,0.263710737,-0.262819111,0.417467743
-0.241665825,0.196314052,-0.369750351,0.315979153
-0.274593681,0.106480449,-0.428766489,0.17842029
-0.276717901,0.0191877168,-0.439245671,0.0397494249
-0.261059374,-0.043192327,-0.417766631,-0.062064331
-0.240309373,-0.0699479729,-0.388469666,-0.108096495
-0.218869537,-0.0649178773,-0.356773525,-0.101735063
-0.191050947,-0.0422531851,-0.314852148,-0.0654520169
-0.146239713,-0.0179154929,-0.245235249,-0.0268133525
-0.0778441876,-0.00181932014,-0.133544177,-9.2598355e-05
0.00930802617,0.00524297962,0.0104916561,0.0115445685
0.0976273343,0.00877438672,0.161134869,0.0140539948
0.162683785,0.0142028956,0.267809808,0.0207624733
0.183670357,0.0212879628,0.300825536,0.0293937288
0.153227001,0.0230045039,0.255688488,0.0337018333
0.0817185119,0.00981241278,0.140791789,0.0134687424
-0.00616802368,-0.0231271237,-0.00407660333,-0.0384260565
-0.0808981657,-0.0702132657,-0.131947532,-0.114402421
-0.119258426,-0.115042537,-0.196993887,-0.185456246
-0.112350419,-0.136511594,-0.18914336,-0.221023917
-0.0673807189,-0.118877649,-0.117752939,-0.195988417
-0.00324615417,-0.0608210117,-0.012626267,-0.103805341
0.0574659891,0.0213806201,0.0914998129,0.0316220559
0.0964177772,0.0988135487,0.161127463,0.158230707
0.104528435,0.141329765,0.176241219,0.228981122
0.0830151737,0.130415097,0.143815771,0.215435714
0.0412066579,0.067598775,0.0744969323,0.115678765
-0.00725137675,-0.0256215502,-0.00743657397,-0.037990585
-0.0483248346,-0.116490185,-0.0803310499,-0.189130113
-0.0708619729,-0.174483478,-0.119205728,-0.283825308
-0.0689680204,-0.183501422,-0.117943048,-0.299148083
-0.0433274247,-0.147309721,-0.0783545077,-0.24472326
-0.00109919417,-0.0859644637,-0.00822477788,-0.146170229
0.0460223705,-0.0251851361,0.0734041557,-0.0440067649
0.0854807943,0.0160805341,0.142203674,0.0259446334
0.108232483,0.0338890553,0.180319175,0.0537682138
0.112024479,0.0394346416,0.187010661,0.0623662956
0.101844549,0.0511877835,0.171797484,0.0814778581
0.0869622976,0.0831229612,0.145788133,0.134070024
0.0757511556,0.135149688,0.127145305,0.21896866
0.070885919,0.190907314,0.117543183,0.308009416
0.0676105693,0.224523097,0.114330851,0.362379462
0.0562984087,0.213420466,0.0977322832,0.347784281
0.0281615388,0.150987998,0.0538936593,0.252955675
-0.0189706124,0.0525637977,-0.0252984334,0.092529349
-0.0781803131,-0.0489066765,-0.128278673,-0.0788707063
-0.135989055,-0.116267838,-0.221497297,-0.188893139
-0.178739637,-0.124727346,-0.292792588,-0.202395082
-0.199314177,-0.0737368017,-0.327721566,-0.119564332
-0.200231612,0.0119018704,-0.330497622,0.0196084492
-0.19109495,0.0928654447,-0.311651081,0.152516767
-0.18167986,0.13342987,-0.291999549,0.220010221
-0.17476663,0.11839024,-0.280125707,0.199116796
-0.163354576,0.0604416318,-0.266459793,0.107081264
-0.134618789,-0.00599658815,-0.223854721,-0.00295933732
-0.0789846629,-0.0419657119,-0.136685371,-0.065218173
0.000747252954,-0.023982903,-0.00478582829,-0.0406056568
0.0860604048,0.0430943221,0.138540789,0.0674495995
0.148339778,0.127185762,0.242183834,0.202159375
0.161744356,0.184152752,0.264057189,0.291897267
0.117154628,0.179942578,0.199178711,0.291146219
0.0295738094,0.108768269,0.0605109669,0.18269299
-0.0659211129,-0.00210886495,-0.101735227,0.0022648857
-0.128854215,-0.104041673,-0.21146071,-0.166731432
-0.132024571,-0.149936736,-0.221453816,-0.24189271
-0.0748731419,-0.117382452,-0.133672744,-0.195254222
0.0156332888,-0.0203723703,0.0175380222,-0.0383052751
0.0976892561,0.0965921879,0.158630565,0.15440692
0.135010302,0.1795232,0.22196357,0.286420047
0.114775337,0.190899223,0.193640724,0.308564633
0.0540089272,0.127657473,0.0984083191,0.214161679
-0.00898971781,0.0221391898,-0.00955672469,0.0399582572
-0.0339270346,-0.0745799318,-0.0566851906,-0.119545735
0.00127053726,-0.118599631,-0.00476982398,-0.19624123
0.0895672739,-0.0951976329,0.138211936,-0.160297722
0.198657259,-0.0257062521,0.315789372,-0.0472197346
0.287286043,0.0442310087,0.452458978,0.0626588091
0.325407207,0.0689278767,0.508541226,0.102085255
0.307742268,0.0268596318,0.487654954,0.0395186245
0.254036814,-0.0677796528,0.411021441,-0.109928235
0.196482688,-0.172195792,0.316728979,-0.276573151
0.161522105,-0.237094671,0.252932549,-0.379198372
0.155974001,-0.232241675,0.240689769,-0.374651313
0.164754406,-0.162132546,0.259675652,-0.2707223
0.160964355,-0.063581869,0.261508763,-0.114213049
0.122393586,0.0135135464,0.206875578,0.0169816334
0.0451815203,0.0321847014,0.0811026394,0.0528132729
-0.0528038852,-0.0124044959,-0.081715703,-0.0189146511
-0.140494987,-0.0905454457,-0.22875151,-0.143232107
-0.189159587,-0.153551385,-0.306613684,-0.243126407
-0.186392546,-0.15910773,-0.306651562,-0.253789783
-0.141158283,-0.0931796879,-0.239829749,-0.15387401
-0.077639468,0.0228275154,-0.13567026,0.0349812917
-0.0218495447,0.143155321,-0.0386969037,0.233163953
0.0112590762,0.220993027,0.0210889857,0.358156681
0.0231379587,0.231719196,0.0428238697,0.377548426
0.0269977879,0.184079707,0.0484000146,0.304127127
0.0365727469,0.113829866,0.0655587316,0.19253847
0.055408217,0.063621141,0.0933188722,0.106811672
0.0733073428,0.0599857792,0.121679313,0.0967613831
0.0722347945,0.0995113775,0.120313764,0.160820439
0.0383057371,0.151199788,0.066878207,0.246274844
-0.0272560213,0.173405945,-0.0377982296,0.282887042
-0.104975447,0.136243969,-0.1667151,0.228475511
-0.164342374,0.0378054455,-0.263815343,0.0700469539
-0.178140432,-0.0939031467,-0.291128486,-0.142739594
-0.136533663,-0.21382685,-0.225978702,-0.33479628
-0.0534078218,-0.280580461,-0.0948334262,-0.440146923
0.0386334844,-0.274540484,0.0507387482,-0.439597011
0.1023883,-0.204839528,0.1571545,-0.337723434
0.112439781,-0.102929443,0.181332186,-0.177891672
0.0659500882,-0.00716627389,0.111895472,-0.017734522
-0.016965244,0.0532615818,-0.023279801,0.085968107
-0.102812462,0.067534484,-0.164597824,0.11390911
-0.159066796,0.0425656103,-0.259248137,0.0756152645
-0.16638273,-0.00496349391,-0.274585098,-0.00191896991
-0.123640634,-0.0580842793,-0.210537285,-0.0898070931
-0.0449586064,-0.105174169,-0.081261009,-0.170136392
0.0482216366,-0.139858097,0.0738459677,-0.229624599
0.135170922,-0.157387167,0.213828042,-0.256866455
0.200436786,-0.151806056,0.316569805,-0.247942239
0.234342352,-0.117134824,0.372197449,-0.193251282
0.231559664,-0.0523846,0.372403324,-0.0929955617
0.190652341,0.0331565142,0.313985109,0.0455871448
0.115928203,0.118960813,0.195374846,0.188346282
0.0202800445,0.179042205,0.0410025455,0.290531069
-0.074138388,0.192725211,-0.112693399,0.315895081
-0.140116215,0.155026123,-0.221719429,0.258998603
-0.154492766,0.0805885494,-0.251757652,0.139970824
-0.108768009,-0.00191246613,-0.183975294,0.00458815787
-0.0158173218,-0.0628357902,-0.0328443795,-0.100389101
0.0917681754,-0.0856226087,0.145386726,-0.142756715
0.172492847,-0.0743083283,0.278216869,-0.126281872
0.192016765,-0.0501713604,0.313749433,-0.0874154046
0.137434945,-0.0390324853,0.232323676,-0.0685441419
0.0230197459,-0.0560070165,0.0453565419,-0.0947613865
-0.11556673,-0.0962065831,-0.184752673,-0.156763345
-0.23613441,-0.13685751,-0.374907017,-0.214937702
-0.307079971,-0.15005976,-0.477391571,-0.227368042
-0.318917274,-0.119349577,-0.497911334,-0.179723606
-0.285250306,-0.0507773869,-0.457163602,-0.0769039989
-0.233469263,0.0281091128,-0.381494254,0.0465581007
-0.190373614,0.0814867914,-0.310169965,0.135927111
-0.170023486,0.0839674398,-0.275318772,0.142064348
-0.169439167,0.0347245932,-0.276568323,0.0650633797
-0.173358694,-0.0409332924,-0.283628821,-0.0595400073
-0.164563403,-0.103932709,-0.271778047,-0.164745018
-0.133764446,-0.121563517,-0.224219143,-0.198021397
-0.0838980749,-0.0847450346,-0.145899296,-0.140096471
-0.0272180215,-0.0130291935,-0.0503042862,-0.0237147864
0.0223056786,0.0556961372,0.03505354,0.0904554352
0.0563803017,0.0856610984,0.0946824923,0.142600983
0.0752499998,0.0630715862,0.12722601,0.10733889
0.0847494081,0.00465499284,0.144407779,0.00901312102
0.0899401307,-0.0500460453,0.149415746,-0.0838119015
0.0898188651,-0.059044376,0.149419501,-0.100421481
0.0769024044,-0.000570705335,0.126866981,-0.00882638618
0.0424316041,0.113777876,0.0718313232,0.180546343
-0.0157150514,0.242486045,-0.0189878996,0.384064406
-0.0873892084,0.332805723,-0.126570851,0.512166142
-0.151018664,0.345540613,-0.219197765,0.529546857
-0.181757912,0.273690701,-0.274104893,0.433910161
-0.163589478,0.145846352,-0.262242705,0.247593924
-0.0993268564,0.0128885321,-0.166819245,0.030560825
-0.0128388349,-0.0752304867,-0.0256563723,-0.121673249
0.0587518774,-0.0912512764,0.0930603743,-0.155048355
0.0802656859,-0.0407472476,0.131920367,-0.0737196431
0.0345339999,0.043371316,0.0607481897,0.0643732697
-0.0680994093,0.118226051,-0.105784602,0.190925434
-0.19165273,0.151041582,-0.300514668,0.245687917
-0.287568033,0.13226071,-0.443633914,0.213916302
-0.313729703,0.0763585642,-0.488412917,0.127505049
-0.25146693,0.0115588931,-0.407559723,0.027775187
-0.113379799,-0.0350764766,-0.196504861,-0.0508005284
0.061215587,-0.0492967516,0.091615364,-0.0803677142
0.221154109,-0.0329347327,0.352222562,-0.0584288277
0.322304517,0.0012413701,0.500752807,-0.00519222952
0.342786252,0.0387143381,0.532471478,0.0506000854
0.288756043,0.0705974475,0.459751666,0.101805605
0.189209238,0.0953485593,0.315362096,0.147985265
0.0828068107,0.114922538,0.143187046,0.184988514
0.00269537722,0.128937885,0.0090261111,0.212860629
-0.0344824381,0.131416574,-0.0546786226,0.218838453
-0.0315611027,0.112724639,-0.0512515642,0.189969897
-0.00571573246,0.0657998994,-0.0107455412,0.113860838
0.0214945618,-0.00719784433,0.037116088,-0.00673686992
0.0340021364,-0.0922590047,0.0571967103,-0.15034315
0.0268110819,-0.167223051,0.0429946035,-0.275552064
0.005535495,-0.210501373,0.00633695303,-0.344305962
-0.0188709367,-0.210540473,-0.0351954997,-0.344629198
-0.0368686132,-0.171107903,-0.0656970665,-0.284461528
-0.0449391827,-0.109569147,-0.0780880228,-0.185187846
-0.0459142774,-0.0489691198,-0.0793585032,-0.0833854303
-0.0453541689,-0.0079241693,-0.0759119913,-0.0135648465
-0.0464554429,0.0066560749,-0.0772754177,0.0124321263
-0.0467192382,0.000652894902,-0.0773761645,0.0029639469
-0.0385915712,-0.0123893199,-0.0651923493,-0.0188145339
-0.0140202018,-0.0194412526,-0.0269345734,-0.0315547995
0.029459415,-0.0147297075,0.045848839,-0.024913108
0.084639594,-0.00168498675,0.138551444,-0.0040233382
0.135353193,0.0104315728,0.22405462,0.0146381306
0.162431225,0.0128498152,0.268647015,0.0167369172
0.152523637,0.00279910839,0.254185885,0.00208474789
0.105560601,-0.0148027958,0.17877619,-0.0280046649
0.0368367843,-0.0301461965,0.0656271502,-0.0523090698
-0.0279765744,-0.0339529626,-0.0448432304,-0.0584968328
-0.0631802231,-0.0223606993,-0.106965989,-0.0375856832
-0.0542213321,0.00136251608,-0.0946405381,0.00324074854
-0.00440907804,0.028959116,-0.0110288337,0.047940217
0.0662671402,0.0516981781,0.108601891,0.085269995
0.129985914,0.064613007,0.214706346,0.105257615
0.163632661,0.068195872,0.269951344,0.109608397
0.159111679,0.0668898374,0.264369339,0.106572166
0.126428917,0.0655425787,0.212504998,0.105547406
0.0879665017,0.066002205,0.149981305,0.108264312
0.0666742101,0.0657588318,0.112411454,0.108321257
0.0739641413,0.0592514686,0.124942154,0.0990966782
0.103353411,0.0409833044,0.170374289,0.0677916408
0.133169651,0.00874440558,0.220946401,0.0140453493
0.137217551,-0.0346055143,0.228230476,-0.0581120066
0.0983630791,-0.0814379081,0.16549933,-0.136663392
0.0184672326,-0.121358119,0.0321695656,-0.204383492
-0.0802544653,-0.143958405,-0.129517645,-0.237632558
-0.163360566,-0.141430795,-0.265094399,-0.227448955
-0.198287159,-0.110572346,-0.325963855,-0.178863421
-0.168178812,-0.0540455319,-0.283410549,-0.0876955166
-0.079396151,0.0192731265,-0.139147773,0.0331622697
0.0404247828,0.0952787176,0.0610127375,0.158641711
0.152706996,0.157432079,0.246964127,0.25240618
0.222140014,0.191311568,0.353766054,0.298440099
0.228970364,0.189820021,0.367761344,0.294894964
0.174858749,0.156932965,0.291168302,0.249588758
0.0807622895,0.107697763,0.142474726,0.176867276
-0.0215105116,0.0633493215,-0.0296008084,0.106255487
-0.100374103,0.0426513627,-0.163883999,0.0712716207
-0.134172246,0.0528738424,-0.221842647,0.0885512382
-0.11670091,0.084835045,-0.195538923,0.142310917
-0.0575698353,0.115272559,-0.0983456299,0.193602934
0.0219322685,0.11664319,0.0344709195,0.197610751
0.0958140418,0.0706446171,0.160813376,0.121964999
0.141195938,-0.0207477454,0.236169085,-0.031091772
0.144996151,-0.132586375,0.238242641,-0.213887408
0.107763343,-0.225047097,0.173486024,-0.363644361
0.0434322059,-0.259683132,0.0680474788,-0.419437557
-0.0252882205,-0.216896832,-0.0441781916,-0.357541412
-0.0748122334,-0.106428966,-0.127659023,-0.183414102
-0.0893491507,0.03463291,-0.15293932,0.05335778
-0.0670487732,0.156218052,-0.111617759,0.255998582
-0.0208263807,0.215997979,-0.0326590575,0.352532804
0.0269962288,0.197184935,0.0480656773,0.325639337
0.0543906465,0.115200259,0.0961384997,0.19576934
0.0495822579,0.0100798458,0.0863364562,0.0185802095
0.0166623071,-0.0718474612,0.0298301596,-0.118923776
-0.0260555558,-0.0984488428,-0.0450768583,-0.166220129
-0.0545185953,-0.0649787039,-0.0930363163,-0.11011371
-0.0504541174,0.00583338039,-0.0878480375,0.00688661588
-0.0104202209,0.0762095675,-0.0198249258,0.126262277
0.0521172062,0.111733653,0.0854626969,0.186421275
0.112840205,0.0966475159,0.187775403,0.160270289
0.147857577,0.0389379673,0.246961042,0.065105252
0.144607931,-0.0364525355,0.242460117,-0.0601675659
0.106941625,-0.101944968,0.17881611,-0.169198111
0.0519328453,-0.141298026,0.0855736509,-0.235097334
0.000288483512,-0.1560314,-0.000235295418,-0.258806616
-0.0344245173,-0.161459804,-0.0592337735,-0.265687704
-0.0519326106,-0.175169587,-0.0890490785,-0.284874856
-0.0635371283,-0.204733461,-0.106444702,-0.330815762
-0.0836046189,-0.241678834,-0.136964157,-0.385105133
-0.119126976,-0.265176266,-0.191516072,-0.417755663
-0.163363293,-0.253553629,-0.25971666,-0.399172902
-0.1974262,-0.197437838,-0.318451107,-0.314371109
-0.199350327,-0.107342221,-0.328650504,-0.174237534
-0.156010807,-0.0113341184,-0.264277279,-0.0186857749
-0.0715229884,0.0564757697,-0.12505728,0.0974567607
0.0325676613,0.0711572692,0.0509290583,0.122295067
0.125768408,0.0285157599,0.20822534,0.0516809523
0.181725278,-0.0525905713,0.299147844,-0.083608292
0.189425856,-0.138198748,0.306628138,-0.224651277
0.157009482,-0.193566486,0.252717048,-0.314331204
0.106504425,-0.197149038,0.170732602,-0.324551731
0.0624371916,-0.148038626,0.0989697725,-0.250542372
0.0402364247,-0.0641349554,0.0629879907,-0.114202425
0.0401711315,0.0271924362,0.0650654659,0.0416333601
0.0494278707,0.100932464,0.0817923248,0.164581135
0.050610926,0.143195912,0.0866535529,0.235666499
0.0317708813,0.153541267,0.0587303452,0.254267603
-0.00735521223,0.141030416,-0.00652045663,0.233715907
-0.0558124557,0.117163941,-0.0867062956,0.195284441
-0.0977633968,0.0898369253,-0.159060881,0.151288092
-0.120822921,0.0611978136,-0.198837101,0.104660235
-0.121812798,0.0297229514,-0.201519951,0.0542937033
-0.107168421,-0.0055456073,-0.178982958,-0.00277172565
-0.0883830041,-0.0415779911,-0.14861311,-0.0662154779
-0.0755248666,-0.0708981082,-0.126322135,-0.115693301
-0.0725815296,-0.0843143016,-0.121989466,-0.138529718
-0.0769285783,-0.0752317086,-0.129588798,-0.126066506
-0.0826008245,-0.0431853049,-0.139349356,-0.0727647394
-0.0848622993,0.0051681092,-0.141959384,0.00836057868
-0.0830677897,0.0579193234,-0.138329238,0.0958676711
-0.080157876,0.101578876,-0.131662279,0.168921396
-0.0794000179,0.12490771,-0.128179759,0.207296401
-0.080752477,0.121619985,-0.131721735,0.202730253
-0.0794317871,0.0915378034,-0.130201906,0.156405315
-0.0678426698,0.0404874273,-0.112230331,0.0729573742
-0.0399016961,-0.0206418652,-0.0680688545,-0.0298524313
0.00473007979,-0.0776107088,0.00425679889,-0.126438722
0.0589919537,-0.115590394,0.0934613347,-0.191375345
0.110358454,-0.123063371,0.176754698,-0.205635726
0.145356014,-0.0961492881,0.235173389,-0.16332677
0.154308423,-0.0416820869,0.253278911,-0.0747139007
0.134052664,0.0229695197,0.224375606,0.0302971657
0.0877515376,0.0744848028,0.149070472,0.119540155
0.0226670001,0.0917808637,0.0430442654,0.151264414
-0.0522677079,0.064870432,-0.0813525841,0.110503882
-0.1276059,0.00034925848,-0.207399026,0.00618398562
-0.193188488,-0.0796844736,-0.313988864,-0.122780547
-0.237891108,-0.145762473,-0.379771829,-0.225552276
-0.250974774,-0.173282221,-0.398034841,-0.267861992
-0.225651801,-0.153490394,-0.365783423,-0.241346881
-0.163621962,-0.0978968143,-0.274778843,-0.15692693
-0.0778949931,-0.0335534252,-0.137217805,-0.0542755611
0.00870529748,0.00906699896,0.0105799194,0.0156428795
0.0701113343,0.010109337,0.117245249,0.0164910164
0.0866529122,-0.0304066073,0.146257371,-0.0505053736
0.0536321439,-0.0927026421,0.0934644789,-0.153795913
-0.0154668577,-0.146807253,-0.0235810317,-0.243190989
-0.093288146,-0.166936681,-0.153833419,-0.27477932
-0.149092317,-0.143587589,-0.246072814,-0.234684661
-0.161009669,-0.0873473063,-0.26793018,-0.143059433
-0.12463928,-0.0226332992,-0.212764502,-0.0357854068
-0.0542212799,0.0252572335,-0.0945145637,0.0438989252
0.0239089094,0.0429625027,0.0369275548,0.0740015283
0.0823437274,0.0350286923,0.136919647,0.0590503886
0.103061371,0.0199916344,0.173232973,0.0298085511
0.0830126852,0.018814357,0.141874954,0.0286901966
0.0332409404,0.0420495383,0.0578015484,0.0671152547
-0.026946798,0.0828220472,-0.0411891565,0.135781765
-0.0773631185,0.119624995,-0.124644674,0.197604328
-0.102648802,0.127615556,-0.166678011,0.213266939
-0.0948424935,0.0924202129,-0.1562545,0.159090579
-0.0534043387,0.0189520139,-0.0896784291,0.0397837609
0.01568502,-0.0697289333,0.0239111315,-0.111068539
0.100623973,-0.143216342,0.159544706,-0.234196007
0.184577957,-0.178720504,0.290677339,-0.289385289
0.247922033,-0.172353327,0.385420859,-0.277119428
0.273008198,-0.140717745,0.42603609,-0.228275314
0.250809163,-0.111845084,0.398147702,-0.185061038
0.18670997,-0.110151485,0.306167781,-0.183138624
0.101817496,-0.143280417,0.169145003,-0.236875683
0.0274567939,-0.197746143,0.045325987,-0.322431624
-0.00626710663,-0.24568522,-0.0137603953,-0.393652231
0.0165564436,-0.259203911,0.0184878148,-0.415266812
0.0892739221,-0.224864483,0.133504108,-0.365670174
0.183665201,-0.150854513,0.287477225,-0.249115095
0.260892987,-0.0632849485,0.41148293,-0.108921237
0.287991375,0.0062569431,0.455227971,0.0015555952
0.2523278,0.0353508554,0.410050422,0.0507191978
0.16703558,0.0201753583,0.282066911,0.029850509
0.064646028,-0.0246284604,0.114075392,-0.0425222926
-0.0180144198,-0.0748224482,-0.028114235,-0.125530168
-0.0562097095,-0.108856283,-0.0951100662,-0.178793386
-0.0469448566,-0.116902344,-0.0816060305,-0.192740723
-0.00748613849,-0.102321826,-0.0188686289,-0.170952857
0.0357580818,-0.0758294165,0.05701603,-0.128449112
0.0615384988,-0.0467647165,0.10112121,-0.0816476196
0.0634446517,-0.0172219463,0.106638476,-0.0316258371
0.0501309857,0.0173575841,0.0837274194,0.0273668002
0.036823526,0.0618178286,0.0613475069,0.10125754
0.033819627,0.113672465,0.0556609519,0.1857979
0.0392360315,0.159815729,0.0664406419,0.260635495
0.0404964574,0.180675954,0.0712763146,0.295402139
0.023604326,0.160329297,0.0446065776,0.265066147
-0.0156674702,0.0970458016,-0.0200648643,0.165620178
-0.0659695715,0.00773660373,-0.106170647,0.0183210932
-0.104249857,-0.0773712695,-0.172214836,-0.122411542
-0.107826754,-0.128186002,-0.18128337,-0.208094433
-0.06798926,-0.129812479,-0.119989149,-0.2148913
0.00300903944,-0.0911232457,-0.00232360768,-0.152794898
0.0763591826,-0.0415715016,0.122745521,-0.0724680647
0.120900057,-0.016950231,0.200203493,-0.0300478693
0.119643703,-0.0408126451,0.200347155,-0.0699627772
0.0793029517,-0.111041971,0.135732427,-0.183400676
0.0269654989,-0.198925391,0.0451753251,-0.322583824
-0.00489376113,-0.261958778,-0.0117207021,-0.417966664
0.00287871924,-0.264566064,-0.00332354149,-0.425112724
0.0441814885,-0.196621671,0.0632321909,-0.325236559
0.0896881446,-0.0804192349,0.141572997,-0.139268935
0.102466315,0.0377508365,0.168355674,0.054999724
0.059089534,0.107732058,0.103332795,0.174890578
-0.0353728123,0.097931765,-0.0481625572,0.164264172
-0.14725475,0.00957307033,-0.235387668,0.0230061486
-0.229971468,-0.123660855,-0.366201699,-0.186948329
-0.247661576,-0.249994755,-0.38453716,-0.375768691
-0.194264844,-0.320910901,-0.306298792,-0.482352465
-0.0975307971,-0.309722364,-0.164004296,-0.4815512
-0.00531121856,-0.219687074,-0.0200875737,-0.361080766
0.0389767438,-0.0794688389,0.0598620512,-0.141273528
0.0188090391,0.0703406632,0.0334309153,0.110945642
-0.0471063033,0.192547679,-0.0699823275,0.310420156
-0.115230136,0.263947338,-0.17633675,0.419012725
-0.140910044,0.278187931,-0.216189072,0.440467626
-0.102750145,0.242248848,-0.161323741,0.394166321
-0.014498936,0.170507744,-0.0235414319,0.287698686
0.0820494145,0.0801419839,0.135039419,0.138362586
0.139447495,-0.0108295633,0.23289679,-0.0168211535
0.130317822,-0.0842772275,0.218251571,-0.140136018
0.0625783652,-0.123950958,0.106306635,-0.209816232
-0.0240927637,-0.119943842,-0.0390439928,-0.203176156
-0.0788083524,-0.0741598681,-0.133379743,-0.125323743
-0.0662239939,-0.00319797941,-0.116400637,-0.00670529297
0.0146012902,0.0647654608,0.019002622,0.108795755
0.129098609,0.0997321308,0.208338514,0.164664134
0.224294022,0.0829203203,0.360881805,0.13451165
0.25507009,0.0169149786,0.412784755,0.02676709
0.205962047,-0.0729242638,0.341141999,-0.120653912
0.097555384,-0.147903398,0.165597215,-0.246792674
-0.0251139421,-0.172922432,-0.040230304,-0.28733474
-0.115361802,-0.133228734,-0.191666141,-0.221749067
-0.146625772,-0.0426835269,-0.246618971,-0.0720006004
-0.122219451,0.0611073375,-0.205148786,0.101139918
-0.0690792426,0.133130372,-0.116751559,0.222214609
-0.0202391613,0.14131397,-0.0309981201,0.237496197
0.00355159072,0.0812178105,0.0105185276,0.139569178
0.00295642321,-0.02200469,0.00812640786,-0.0310527384
-0.00435303617,-0.125262812,-0.00776748266,-0.204010025
0.0019849157,-0.187080458,-0.00100234267,-0.304909796
0.0298927426,-0.185630843,0.0424372964,-0.305654019
0.0681136101,-0.126900122,0.104886211,-0.215563565
0.091897741,-0.039770443,0.149071813,-0.0724720955
0.0777899772,0.0387104414,0.131355152,0.0589866005
0.0188455712,0.080140017,0.0372208804,0.131623656
-0.0687421784,0.0756111369,-0.10715349,0.12731716
-0.151828662,0.0362802334,-0.245303661,0.0644768327
-0.196359828,-0.0151489759,-0.319682896,-0.0183290355
-0.184757978,-0.056529019,-0.304629982,-0.087318711
-0.125282601,-0.0755129606,-0.212895975,-0.119652249
-0.0482620113,-0.0720354244,-0.086396791,-0.117892973
0.0089059649,-0.0543749332,0.011679451,-0.0920244083
0.0201743152,-0.0325257331,0.0339052193,-0.056340456
-0.0167918634,-0.0132967429,-0.0245130192,-0.0238286536
-0.0804340392,0.000524760108,-0.131163388,0.000635356759
-0.13696067,0.00784494542,-0.22519359,0.0156065794
-0.157464713,0.00684937974,-0.260384053,0.01594414
-0.131634846,-0.00471143005,-0.221016884,-0.00386741478
-0.0714134872,-0.0262388401,-0.123882078,-0.0392486304
-0.0034637365,-0.050607644,-0.00960452575,-0.0816966742
0.0449483693,-0.0638710335,0.0729034767,-0.107143857
0.0590672493,-0.050494533,0.0980491266,-0.087008521
0.0422985181,-0.00258409348,0.0711699948,-0.00971872639
0.0122852689,0.0718928501,0.0218680352,0.114426412
-0.00965510681,0.147720829,-0.0135697369,0.240562215
-0.00972737558,0.190857843,-0.0127313761,0.312930107
0.0122043258,0.174273178,0.0228164252,0.288299769
0.044031132,0.093843393,0.0765510723,0.160133243
0.0245495122,0.27986443,0.0389679484,0.425808877
0.081932798,0.170906886,0.139131337,0.296088785
0.129472569,0.0383959524,0.216973111,0.0683284998
0.141366228,-0.0733293816,0.234402746,-0.120128967
0.108241871,-0.133481473,0.178520843,-0.222245216
0.0400331579,-0.135077596,0.0661882758,-0.228701413
-0.0400653854,-0.0942930132,-0.06738469,-0.16153188
-0.106576331,-0.0402928144,-0.17713958,-0.068680048
-0.141894728,-0.00100372417,-0.23512578,-0.000419788325
-0.141263932,0.00846670475,-0.234868094,0.0188947804
-0.111587867,-0.0100020068,-0.187920749,-0.0127796456
-0.0663122684,-0.041616112,-0.113241002,-0.0662057325
-0.0199125782,-0.0679228827,-0.0359348916,-0.11046721
0.0154792732,-0.0761986598,0.0238035657,-0.127753228
0.0310380477,-0.0645736083,0.0513616689,-0.109998785
0.021336697,-0.041173961,0.0351062827,-0.0697337613
-0.0147538269,-0.01870526,-0.0226328578,-0.0340407863
-0.0721499324,-0.00788477063,-0.117604375,-0.0135455159
-0.13827002,-0.0131067177,-0.226143882,-0.0206772201
-0.194694713,-0.0319739319,-0.316242754,-0.0486135408
-0.222802192,-0.0580137335,-0.36166811,-0.0880859196
-0.211764976,-0.0843449458,-0.346445262,-0.13091816
-0.164982989,-0.106037319,-0.27484256,-0.168087378
-0.100781374,-0.120221384,-0.170926273,-0.195308059
-0.0456248596,-0.124720089,-0.0798526704,-0.205479622
-0.0221367925,-0.116969928,-0.0396633856,-0.19458282
-0.0376095474,-0.0946690515,-0.0622875988,-0.15940921
-0.0792859495,-0.058171466,-0.132111967,-0.0988373309
-0.119738661,-0.0130750788,-0.198032305,-0.0217976179
-0.130465224,0.0292103887,-0.217333779,0.0499151908
-0.0971025974,0.0543354601,-0.164073169,0.0930885598
-0.0281801708,0.0508206002,-0.0496259145,0.0898041427
0.0478017069,0.0163030364,0.07882943,0.0303492453
0.0962123349,-0.0391488038,0.159828067,-0.063137643
0.0943166241,-0.0950946659,0.158375949,-0.157936245
0.0440623127,-0.12816146,0.0758090615,-0.214973807
-0.027523756,-0.122078702,-0.0448182411,-0.206883416
-0.0812209621,-0.0758331865,-0.13753657,-0.128705159
-0.0856269374,-0.00585246924,-0.145988777,-0.0115072541
-0.034084294,0.059427388,-0.0621920526,0.0991243124
0.050464306,0.0908176899,0.0816657469,0.154031157
0.125653327,0.0708510205,0.20832698,0.118543789
0.150116339,0.00205290737,0.252317846,0.00528302742
0.103963695,-0.0927739516,0.178514838,-0.152657568
-0.0010383036,-0.17865248,0.00221542339,-0.293541819
-0.12672855,-0.221709952,-0.201255694,-0.357447773
-0.226511851,-0.202206627,-0.35958758,-0.318216741
-0.266855508,-0.122035623,-0.427101403,-0.192632765
-0.241540924,-0.0038037342,-0.396920472,-0.00499324268
-0.171868816,0.117875047,-0.283920556,0.191994652
-0.0934210047,0.209140241,-0.151898593,0.33977291
-0.0368633643,0.248567268,-0.055021856,0.402944535
-0.0130354697,0.233408391,-0.0150677711,0.380089641
-0.00986907072,0.178483203,-0.00857718568,0.295780301
-0.00209276844,0.108806588,-0.00078463793,0.183876798
0.0321799554,0.0493335836,0.0533107892,0.0867008716
0.0973621234,0.0159574356,0.1585733,0.0259405635
0.176529825,0.0110010672,0.285798848,0.0145171955
0.239749789,0.0244253278,0.384431899,0.0346707143
0.259897977,0.0397271775,0.417864978,0.0575158484
0.227291331,0.0418621525,0.372044861,0.0628412142
0.155223966,0.0240050349,0.261826694,0.0357021354
0.0734850988,-0.00938607752,0.128656536,-0.0173168518
0.0133796772,-0.0442509651,0.0244727414,-0.07279443
-0.00778605696,-0.0626373887,-0.0149545697,-0.105868556
0.00535348197,-0.0502662137,0.00518441666,-0.084606804
0.0298460592,-0.00308652758,0.0476898812,-0.00723324437
0.0375018418,0.069745414,0.0633073598,0.113688946
0.0104740029,0.147812322,0.0209249929,0.239065245
-0.0487465598,0.205890134,-0.0728507936,0.334116817
-0.117964923,0.222768709,-0.181646049,0.360757053
-0.166078091,0.189256698,-0.259975851,0.310703576
-0.168481916,0.112290762,-0.272237003,0.193143979
-0.119409367,0.0133803142,-0.199727803,0.0314804427
-0.0352633558,-0.0782837272,-0.0635681376,-0.126670569
0.0524409637,-0.135638013,0.0803215355,-0.221799806
0.110929295,-0.142839953,0.17796424,-0.238097802
0.120231003,-0.100226291,0.19667089,-0.172181144
0.0811404884,-0.023335265,0.135718286,-0.0471624658
0.0139143765,0.0634385496,0.0272905678,0.100458331
-0.0511404164,0.135866076,-0.081303671,0.222849309
-0.0866191834,0.177935034,-0.136751354,0.292946339
-0.0788584352,0.185891986,-0.127919763,0.308706015
-0.0324518718,0.167105764,-0.0533816479,0.278807878
0.0327383056,0.134841293,0.0541856438,0.2261713
0.0901384205,0.101658382,0.149853349,0.169442922
0.116737314,0.0744529888,0.195074052,0.122309364
0.101085439,0.0530904345,0.171216428,0.0857746378
0.0464115292,0.0327354893,0.0820879862,0.0523867495
-0.0316337533,0.00827392749,-0.0485085063,0.0146388235
-0.111149281,-0.0215774495,-0.181831285,-0.0341420509
-0.171478614,-0.0524803698,-0.280400962,-0.0818136856
-0.19935216,-0.0757332146,-0.32596451,-0.1180517
-0.191818431,-0.081835717,-0.316276431,-0.129858553
-0.15543972,-0.064654544,-0.260559261,-0.104223981
-0.102593243,-0.0243959334,-0.17525734,-0.0394858383
-0.0466603078,0.0317178853,-0.0824759826,0.0520168953
0.0019123794,0.0911439732,0.00147264218,0.150301114
0.0373022147,0.139306009,0.0631799623,0.228407964
0.0575481765,0.16332382,0.0977765322,0.266630918
0.0623603687,0.155152634,0.104993314,0.255133301
0.0512084961,0.113480181,0.0891310126,0.190094382
0.0231419727,0.0441111587,0.0438104235,0.0769491345
-0.0213364214,-0.0411720574,-0.0319850259,-0.0655072033
-0.0774691328,-0.127101287,-0.126844391,-0.206526369
-0.134580046,-0.198367104,-0.217283979,-0.317870766
-0.177394718,-0.243301749,-0.284053445,-0.379437
-0.190748155,-0.256808549,-0.30450654,-0.398129463
-0.166074485,-0.241537139,-0.271463126,-0.379294664
-0.10659612,-0.206734434,-0.179842666,-0.33268106
-0.0281541608,-0.165012509,-0.0538099743,-0.271767586
0.0456176624,-0.128144935,0.0691822916,-0.21338813
0.0922986269,-0.103484154,0.149095193,-0.173036441
0.100006752,-0.0923686922,0.165122077,-0.155006438
0.0725554377,-0.0909946412,0.121858485,-0.154350206
0.0276190024,-0.0930760652,0.0471305959,-0.157321021
-0.011614983,-0.0928163454,-0.0194961261,-0.155882373
-0.0275159348,-0.0867075846,-0.0475007929,-0.143910497
-0.0164446421,-0.0734922141,-0.0307802036,-0.12215621
0.00968795083,-0.052802857,0.0125634791,-0.0880937874
0.0296204407,-0.0238422602,0.0473548882,-0.0426855683
0.0236585625,0.0145693989,0.0402640402,0.0217141658
-0.016171921,0.0622117482,-0.0230793953,0.102205031
-0.0818548873,0.114931218,-0.130645514,0.188534349
-0.153084964,0.163254425,-0.242307305,0.264841765
-0.206910595,0.193847582,-0.324033588,0.309748679
-0.228265062,0.194146097,-0.355829,0.311365992
-0.216011688,0.158562958,-0.342057884,0.25995335
-0.181666389,0.093288146,-0.295497239,0.15845415
-0.141951635,0.0167242847,-0.235629007,0.0336523093
-0.109587088,-0.0457099862,-0.182203934,-0.0714109391
-0.0874638557,-0.0710080266,-0.147900835,-0.116624497
-0.0692127794,-0.0484725311,-0.118328758,-0.0819576606
-0.0454093441,0.0144594256,-0.0792037025,0.0217050649
-0.0114099719,0.0936264247,-0.0205020439,0.153923213
0.0280641932,0.156893209,0.0466020145,0.258991718
0.0604968891,0.176974684,0.102745011,0.290687501
0.0725039393,0.142985702,0.125540286,0.238778844
0.0580528229,0.0656386316,0.101783425,0.11154487
0.0229837894,-0.0263984986,0.0430849381,-0.0421779156
-0.0171523262,-0.0976903737,-0.0276499502,-0.161540851
-0.0450842567,-0.12020614,-0.0773413926,-0.200044587
-0.0512893684,-0.0846185982,-0.0893462896,-0.143847689
-0.0394812115,-0.00410714932,-0.0703300908,-0.0104987733
-0.0246514231,0.0907952264,-0.0418325923,0.147188842
-0.024280712,0.164097473,-0.0373565331,0.268278599
-0.0472624116,0.188158825,-0.0715158507,0.308541119
-0.0866514593,0.154033288,-0.134745046,0.257330775
-0.120609604,0.0745640099,-0.193946466,0.129543185
-0.121718027,-0.0206362586,-0.20304291,-0.0257332772
-0.070382379,-0.0961689427,-0.12211477,-0.154439509
0.0342633575,-0.123658806,0.0474014655,-0.20255141
0.17148976,-0.0918673128,0.270149201,-0.153651148
0.305782914,-0.0107487254,0.474663138,-0.0256905332
0.400271028,0.0917638987,0.593091905,0.124857783
0.430600137,0.179070771,0.62159878,0.246641457
0.393106133,0.218222544,0.576716363,0.307714134
0.304117173,0.19119373,0.472668588,0.288309455
0.191530794,0.101326816,0.321145564,0.165086493
0.0832155198,-0.027377069,0.145109609,-0.0415972285
-0.002316667,-0.158121631,-0.00184998196,-0.257504761
-0.0593327135,-0.253804415,-0.0998845845,-0.403875917
-0.0920847654,-0.289742082,-0.151453361,-0.454155952
-0.108483829,-0.261865348,-0.178800911,-0.416076601
-0.114132375,-0.187102288,-0.190920278,-0.307003736
-0.109679088,-0.0956583172,-0.186546177,-0.160371959
-0.092199415,-0.0182865355,-0.156362042,-0.0306679346
-0.0590971783,0.0260569043,-0.100890368,0.0448026657
-0.0119928289,0.036747437,-0.0213588681,0.0631157234
0.0414842516,0.0292751156,0.0689241067,0.0517380312
0.0887036845,0.0253690239,0.146173537,0.0406244993
0.115179934,0.0402974077,0.191521361,0.0640093759
0.108539604,0.0737451985,0.181977108,0.117868945
0.062138021,0.109113693,0.10823907,0.176430315
-0.0223491304,0.121975459,-0.0294463038,0.200142995
-0.133725658,0.0936841965,-0.212133005,0.157105535
-0.251904756,0.0231887214,-0.398802996,0.0435633175
-0.350951225,-0.0694167241,-0.534903944,-0.0986795053
-0.404800683,-0.150183409,-0.59564966,-0.211149573
-0.394873977,-0.186529696,-0.583806455,-0.264164805
-0.317379057,-0.163158208,-0.494406492,-0.243752077
-0.187170163,-0.0905906931,-0.315301538,-0.145478755
-0.0355106145,-0.00151948549,-0.0691666156,-0.00335794315
0.0987815633,0.0639054179,0.160567075,0.103511691
0.182284623,0.077089496,0.29987368,0.12421485
0.199047402,0.0350810699,0.328551233,0.0558501519
0.156437442,-0.0373862833,0.262044102,-0.0636749417
0.0816837996,-0.0992554352,0.138897121,-0.167239368
0.0101318136,-0.112671122,0.0175150223,-0.191422492
-0.0297853574,-0.0613046102,-0.0541001745,-0.106655233
-0.0280594528,0.0414155349,-0.049805738,0.0644712076
0.004201537,0.158172846,0.00587406382,0.256879091
0.04201084,0.244857118,0.0696322843,0.391819149
0.0599252321,0.270566434,0.102091737,0.430928558
0.0448904224,0.230904013,0.0807724893,0.37521255
0.00215879269,0.148406148,0.0104528945,0.247964039
-0.0484179035,0.0603395961,-0.0760233551,0.104332753
-0.0834307298,0.000221385257,-0.137314156,0.00273138029
-0.0883018002,-0.0177796893,-0.147545293,-0.029175302
-0.0645470247,-0.00418113172,-0.111891568,-0.00824357849
-0.0283625741,0.0128040649,-0.048616685,0.0229658727
-0.00166750955,0.00259085605,-0.00403109612,0.00682348898
-0.000629010203,-0.0519157089,6.07487455e-05,-0.0832201019
-0.0277476572,-0.145510063,-0.0442431383,-0.235252634
-0.0713489875,-0.252670169,-0.113542311,-0.399751514
-0.112182871,-0.338727117,-0.177171588,-0.516548753
-0.133133367,-0.374478161,-0.206819072,-0.559598684
-0.126783311,-0.347477198,-0.200873151,-0.529544532
-0.0972823203,-0.265495598,-0.162877277,-0.424274832
-0.0564529821,-0.151719034,-0.10012275,-0.252798766
-0.0172080435,-0.0349359661,-0.033549834,-0.0618445091
0.011649264,0.060438633,0.0183020495,0.0984993652
0.0267181937,0.120596878,0.0466749705,0.197757468
0.0277956184,0.143452615,0.0501202904,0.235539243
0.014926807,0.135804474,0.0296646226,0.225259051
-0.0123064425,0.108981475,-0.0150743574,0.18302463
-0.0522854291,0.0750664026,-0.0829019099,0.127322629
-0.0975307822,0.0445009582,-0.159391001,0.0754921362
-0.13315101,0.0247106608,-0.220493555,0.0446009263
-0.140354618,0.0190999396,-0.233846232,0.0352661163
-0.104737036,0.0263394602,-0.178605229,0.0463131629
-0.0254937969,0.040606752,-0.0472745486,0.0707224607
0.0800019056,0.0535425805,0.128949195,0.0904284641
0.180261672,0.0578519106,0.292465627,0.0949890614
0.24203369,0.0511813164,0.389360219,0.0785843357
0.24570556,0.0381007567,0.397856861,0.0561160296
0.195956275,0.0284936056,0.324912012,0.041011095
0.121405773,0.0324300788,0.20603776,0.0487672053
0.0622425042,0.0537765101,0.106376827,0.0872247741
0.0511334725,0.0860439613,0.0846696422,0.14134872
0.0967128053,0.113340214,0.158790261,0.186432824
0.17823568,0.11683248,0.287082165,0.189109221
0.254660487,0.0840533301,0.406841934,0.133314729
0.284111589,0.0164139345,0.453297734,0.0228009839
0.244212285,-0.0693034902,0.396841973,-0.111945681
0.143136322,-0.14690122,0.237995833,-0.241757587
0.0158654153,-0.191760272,0.0287643988,-0.315777212
-0.092318736,-0.191645533,-0.15182966,-0.313043386
-0.146605536,-0.151916802,-0.243053213,-0.246856123
-0.137212291,-0.0924450308,-0.233058214,-0.151291937
-0.0807879642,-0.0377691425,-0.139829949,-0.0616128854
-0.00882500038,-0.00553872157,-0.0192686319,-0.00759142824
0.0499627814,0.000854810933,0.0834377185,0.00129583268
0.0834956914,-0.00813787617,0.140247896,-0.0134967603
0.0991785228,-0.0157858003,0.165738314,-0.0288787782
0.114945002,-0.00930580031,0.19058004,-0.0168577116
0.144377157,0.0130377924,0.237332582,0.018224109
0.185000077,0.0418168269,0.301976383,0.06428992
0.216878995,0.0630669445,0.350684971,0.0977251083
0.212658629,0.0675027892,0.346368611,0.104800358
0.153577596,0.0566743016,0.257943898,0.088260904
0.04246125,0.042233035,0.0783243477,0.067380704
-0.0938162804,0.0385807641,-0.148995802,0.0607649274
-0.214267194,0.0532038659,-0.344205111,0.0871492848
-0.281336635,0.0805878639,-0.444043279,0.132003114
-0.277255148,0.1037516,-0.438366562,0.169688568
-0.211125806,0.103107952,-0.342981726,0.172426939
-0.113632664,0.0679847077,-0.189498469,0.120458804
-0.022631295,0.00426574424,-0.0383535251,0.0121883349
0.0327934809,-0.0665748045,0.0535102412,-0.1087531
0.0421304554,-0.117160141,0.0697674304,-0.195217162
0.0133427838,-0.12783578,0.0224822331,-0.214341283
-0.0353994854,-0.0970184803,-0.0592499822,-0.165013075
-0.0864614695,-0.0425433069,-0.145099312,-0.0729811266
-0.129882425,0.00702300807,-0.214223593,0.0115709724
-0.163890958,0.026750505,-0.269551545,0.0474348441
-0.190175667,0.0079185525,-0.309764415,0.0168716498
-0.208309293,-0.0378062278,-0.337900013,-0.0547124632
-0.21365498,-0.0847434253,-0.346281111,-0.13119556
-0.200203106,-0.106676765,-0.327777117,-0.167695239
-0.166101828,-0.0902691633,-0.276190251,-0.145399481
-0.117589951,-0.0414164737,-0.200169414,-0.0687632412
-0.0679592043,0.0185355581,-0.115873978,0.0306945536
-0.0314746201,0.0643009245,-0.0524942242,0.106910311
-0.0157297906,0.0794474185,-0.0240787659,0.133561
-0.0173536781,0.0636212304,-0.0266690515,0.10858155
-0.0242477152,0.0306825805,-0.0398837775,0.0533234589
-0.0235464443,-0.000633453135,-0.0381144434,0.000190453939
-0.0106841624,-0.0178822409,-0.0192816928,-0.0278649367
0.00622968702,-0.0215261616,0.00912682991,-0.0362943485
0.0101183886,-0.0235046875,0.0167198051,-0.0404839218
-0.0146448957,-0.0389984921,-0.0217335187,-0.065087907
-0.0708417892,-0.0764783025,-0.114933461,-0.126067534
-0.143005371,-0.131921247,-0.231815904,-0.211209387
-0.202102423,-0.190447941,-0.322100163,-0.297244191
-0.218816176,-0.234197855,-0.346693993,-0.360095769
-0.178782389,-0.251644254,-0.288621098,-0.390656859
-0.0914460793,-0.242851913,-0.156481311,-0.385238349
0.0128019368,-0.217753574,0.0119126411,-0.352896839
0.0963430405,-0.188792527,0.149422333,-0.309527159
0.132009268,-0.162679151,0.212348059,-0.268890679
0.115419365,-0.136507705,0.188437968,-0.228638068
0.0653867349,-0.10076794,0.109131783,-0.172984466
0.0122858966,-0.0474818163,0.0212448929,-0.0833156034
-0.0190679897,0.0216156263,-0.0317757316,0.0322755724
-0.0223879106,0.0922210515,-0.0383638889,0.151503697
-0.0114345765,0.142313525,-0.015920205,0.235925972
-0.00934623182,0.152525157,-0.0109431855,0.253720284
-0.0321535468,0.116389178,-0.0484631695,0.196107119
-0.0764441788,0.0445757844,-0.124574341,0.0789638981
-0.119020462,-0.0395564884,-0.194883034,-0.0600476153
-0.129584044,-0.11087323,-0.214606985,-0.177581325
-0.0897345394,-0.153878301,-0.154651836,-0.248222157
-0.0073160436,-0.168309093,-0.019460937,-0.275475204
0.0829977244,-0.165919408,0.12886557,-0.272613168
0.134768292,-0.160611406,0.216727018,-0.264802635
0.113621376,-0.158067986,0.188405842,-0.262511373
0.0174694695,-0.151460767,0.0331319645,-0.254563898
-0.118219651,-0.126279399,-0.191159368,-0.210391909
-0.234173879,-0.0717816353,-0.376597106,-0.116165534
-0.274291992,0.00779721327,-0.439961642,0.0132290358
-0.212811604,0.0896512344,-0.349841475,0.148287937
-0.0679676086,0.13993448,-0.119868018,0.235246047
0.105133824,0.129654169,0.170086443,0.218889534
0.239385441,0.0509744585,0.385110974,0.0837830976
0.286344349,-0.0750922114,0.456416845,-0.117939681
0.237831771,-0.204718992,0.374714643,-0.321813256
0.128171831,-0.289142817,0.200821221,-0.455796063
0.0164322276,-0.296126217,0.0221065637,-0.471417367
-0.0421845354,-0.224475458,-0.0749234036,-0.368075788
-0.021673359,-0.104299292,-0.0445593074,-0.178252354
0.0646619126,0.0171980578,0.100092687,0.0254228301
0.173277631,0.0973003879,0.280780315,0.156816348
0.253063381,0.116031274,0.404992729,0.183382437
0.269794285,0.0823295787,0.432815284,0.127211958
0.220509648,0.025865579,0.364171773,0.0386949144
0.131777748,-0.0203211382,0.223404676,-0.0374994949
0.044153396,-0.0367084034,0.0764044598,-0.0629067495
-0.00834419951,-0.0248904359,-0.0153148416,-0.0445955098
-0.0133191748,-0.00262802001,-0.0249683782,-0.00568044465
0.0170485582,0.00981267076,0.0259508137,0.017068373
0.0552315898,0.00350397429,0.0916596577,0.00653199805
0.0738420784,-0.0133778593,0.123895556,-0.0229097698
0.0591025166,-0.0211506765,0.100348853,-0.0389271192
0.0160628185,-0.00207439996,0.0287179109,-0.00680556661
-0.0358005911,0.0465935357,-0.0585152283,0.0748551339
-0.0730892271,0.108126335,-0.12078543,0.177309602
-0.0791701302,0.153788805,-0.128274798,0.253514379
-0.0500605144,0.158651084,-0.0821331218,0.264997452
0.0062045455,0.117070742,0.0108908582,0.200782314
0.0749182105,0.048820775,0.124714255,0.0862364098
0.141093835,-0.00841286778,0.230781928,-0.0128597766
0.193714172,-0.0171130225,0.313277841,-0.0325352736
0.226739302,0.0403939039,0.365266383,0.0569377653
0.237945467,0.1509303,0.378132403,0.228251189
0.227594882,0.274221182,0.354295284,0.411149979
0.198272273,0.360044688,0.302433372,0.529704988
0.155684307,0.370578349,0.243086725,0.552454233
0.109014466,0.297107875,0.179462641,0.467631757
0.0694407374,0.163175479,0.121450484,0.274357855
0.0466472618,0.013112043,0.0821583718,0.0279038008
0.0447451659,-0.107902363,0.0733743981,-0.175595298
0.0598497391,-0.172275707,0.0944734588,-0.28425166
0.0810052902,-0.178340971,0.128382176,-0.295030296
0.0944547728,-0.145636246,0.150352716,-0.243396193
0.0894041955,-0.1009565,0.147157148,-0.171000525
0.0625380576,-0.0633601993,0.104493186,-0.108685121
0.0191476084,-0.0361105166,0.0334210321,-0.0640289634
-0.0295058824,-0.00914787408,-0.0477633625,-0.0167772081
-0.0710708573,0.0303142909,-0.117093198,0.0487929024
-0.0967334583,0.0858225673,-0.16102232,0.141321436
-0.103536651,0.145555228,-0.170160651,0.239322126
-0.0938198715,0.185766056,-0.150339857,0.303842098
-0.0727946684,0.182164252,-0.116264872,0.302316934
-0.0460259132,0.12326473,-0.0750033632,0.210041195
-0.0181602966,0.0186832305,-0.028628407,0.0396144241
0.00695115048,-0.102042943,0.0118394252,-0.163246691
0.025678996,-0.199780628,0.0396667533,-0.324148536
0.0347683355,-0.240576565,0.0517333224,-0.388065726
0.0326486528,-0.208333954,0.0481885672,-0.343261838
0.0211585853,-0.110195607,0.0300411824,-0.189511091
0.00622590724,0.0269658715,0.00871705171,0.0378889218
-0.00362116052,0.166670278,-0.00555583835,0.269569635
-0.000748999533,0.274954706,0.00188362156,0.435492486
0.0176976062,0.329916835,0.0325942263,0.511942744
0.0477809682,0.326001614,0.0783742368,0.507854819
0.0801578164,0.272866458,0.13368234,0.435267746
0.104589507,0.190495402,0.176293671,0.31214112
0.115401596,0.102801897,0.194259077,0.171966583
0.114898168,0.0315058231,0.193441033,0.0524817407
0.112592317,-0.00868941844,0.188026726,-0.0156823788
0.120292671,-0.0130559402,0.197509646,-0.023716934
0.14542076,0.0125572924,0.238900304,0.0160140153
0.186093703,0.0539133698,0.303466052,0.0830759034
0.230765417,0.093288146,0.370426059,0.145336524
0.262905091,0.11596787,0.418946981,0.178364858
0.268530637,0.11614611,0.427209377,0.179766178
0.242860168,0.0996673778,0.392352164,0.15419443
0.192755163,0.0819703341,0.318296105,0.129171297
0.133782879,0.0815864205,0.225008324,0.128951311
0.0834501982,0.111745663,0.140741915,0.180448577
0.0539913513,0.17383261,0.0915568694,0.280916303
0.048096545,0.255828112,0.0790470988,0.405731112
0.0592466481,0.336610943,0.0966694131,0.517903447
0.0759027302,0.394170195,0.119497441,0.587251842
0.087030679,0.413881004,0.135441229,0.609540582
0.0861982852,0.393067449,0.136116311,0.587596834
0.0727137402,0.340103507,0.120242,0.524413705
0.0501001775,0.2691724,0.0872269198,0.43049708
0.0234962497,0.193920702,0.0445138253,0.319558442
-0.00233820966,0.123436309,0.000925716944,0.208142087
-0.0236998815,0.062196929,-0.0367994234,0.105713189
-0.0378001519,0.0129881827,-0.0626078397,0.0220378824
-0.0428515673,-0.0200885516,-0.0719667599,-0.0316907875
-0.0389528535,-0.0313351527,-0.0667849928,-0.0512878895
-0.0292481966,-0.0167201329,-0.0507233292,-0.0297637917
-0.0200311914,0.021200968,-0.0350472666,0.0322312154
-0.018711118,0.070265092,-0.0308282562,0.115639813
-0.0299017783,0.110573798,-0.0468982756,0.183163613
-0.0515353531,0.121580109,-0.0795706287,0.20540598
-0.073666364,0.0914040729,-0.118333951,0.156033829
-0.0817251727,0.0234544501,-0.1359092,0.0461131744
-0.0636167601,-0.0637675598,-0.107776925,-0.0993195772
-0.0174721535,-0.144442305,-0.0332564116,-0.234469011
0.0443388931,-0.197338343,0.0666034594,-0.320749819
0.0981113613,-0.215752974,0.151447609,-0.349493474
0.118469514,-0.209976524,0.186643451,-0.341699809
0.0908070281,-0.200549915,0.1472743,-0.329952985
0.0203324594,-0.20564869,0.0339725576,-0.337234586
-0.0675185248,-0.229480654,-0.109190762,-0.369904757
-0.136631221,-0.258483797,-0.218013331,-0.405290425
-0.155982003,-0.268141091,-0.251879752,-0.417427897
-0.114317551,-0.237354741,-0.192412481,-0.377946854
-0.0263947211,-0.162727147,-0.0547734424,-0.268719494
0.0727844909,-0.0644626543,0.113876365,-0.111754559
0.143469155,0.0204230696,0.234388858,0.0281388294
0.159170344,0.0552017279,0.264546812,0.0881765187
0.11853452,0.0225479268,0.203728423,0.0372916572
0.0453433096,-0.0644366071,0.0818435401,-0.10586077
-0.0232472215,-0.165865943,-0.0361911543,-0.269594371
-0.0543165915,-0.232654348,-0.0922690853,-0.373957604
-0.0339613482,-0.229948297,-0.0624185018,-0.373362571
0.027764637,-0.15479897,0.0360406265,-0.258869141
0.103593253,-0.0388513729,0.165868387,-0.0723424405
0.163384333,0.0658985302,0.265407562,0.10155151
0.188392699,0.111686639,0.309289962,0.178187355
0.178318813,0.0779097453,0.296833664,0.127173901
0.148213744,-0.018978864,0.250411302,-0.0293732788
0.11781922,-0.133557379,0.194753394,-0.217159346
0.0997446999,-0.213446558,0.157375142,-0.346059978
0.093053028,-0.224207863,0.143263847,-0.364338547
0.0854287669,-0.164749861,0.13425824,-0.276632398
0.0621558577,-0.0658446252,0.101418659,-0.116639793
0.0164091382,0.0269363448,0.0279435031,0.0399868712
-0.0451417938,0.0766504332,-0.0704109371,0.127292037
-0.104568116,0.0725468323,-0.170317188,0.124836311
-0.141416982,0.0329270363,-0.231533587,0.0607370995
-0.143023893,-0.00758793158,-0.236873344,-0.00807815976
-0.110749476,-0.0190016069,-0.187168106,-0.0296266843
-0.0588964969,0.00651825406,-0.10258501,0.0111960359
-0.00714927493,0.0501129217,-0.0134500051,0.0833029598
0.0291787311,0.0771905333,0.0498126224,0.129930407
0.0458604731,0.0578956008,0.0779981986,0.0988319516
0.0501462556,-0.0141333658,0.087203458,-0.0205369033
0.0551406443,-0.115198165,0.0914105177,-0.187410995
0.0716609806,-0.201281056,0.11253199,-0.326110393
0.102131002,-0.22955808,0.157635987,-0.370834529
0.13956815,-0.180771947,0.219373137,-0.299389541
0.171696335,-0.0708012506,0.277372479,-0.125360861
0.187451825,0.0549268238,0.30455777,0.0791406557
0.182154343,0.141880512,0.296837598,0.224176794
0.158775136,0.151870176,0.263169348,0.24556005
0.125184357,0.0810452774,0.213243097,0.135907277
0.0894806758,-0.0383554585,0.154339686,-0.0593910851
0.0562600903,-0.153279424,0.0931989402,-0.250400633
0.0257008784,-0.214630798,0.0392495282,-0.349337399
-0.00458652945,-0.199547231,-0.0121489502,-0.329899907
-0.0366091244,-0.120705202,-0.0648609549,-0.206315652
-0.0699648708,-0.018744085,-0.118010946,-0.0353993997
-0.10181205,0.0578771643,-0.168126211,0.0956646577
-0.12842077,0.0754895806,-0.209297031,0.129485071
-0.146925226,0.0295559242,-0.238480613,0.0561748669
-0.156053081,-0.0554208271,-0.255443633,-0.0836430565
-0.15566884,-0.139335096,-0.255044937,-0.220439777
-0.146061733,-0.185932189,-0.239504173,-0.296871185
-0.128148049,-0.178681999,-0.214248642,-0.289446384
-0.104885548,-0.125999391,-0.177885771,-0.208262175
-0.0828166604,-0.0544413067,-0.142352968,-0.0929952711
-0.0718536004,0.00565179344,-0.119222626,0.00793228764
-0.0820162147,0.0344928689,-0.135454893,0.0583063997
-0.117745854,0.0304576829,-0.193530262,0.0521365181
-0.172564164,0.00827321317,-0.28053394,0.0166610517
-0.227737293,-0.010079951,-0.366593122,-0.0132070994
-0.257297933,-0.0064568799,-0.413338244,-0.0070361048
-0.238589123,0.0257952865,-0.387251735,0.0445015319
-0.164020747,0.0804868117,-0.274688989,0.133060113
-0.0480333678,0.142869502,-0.08508569,0.237811282
0.075317502,0.19633399,0.120048195,0.319604099
0.164520562,0.227925405,0.264139414,0.358458579
0.187822208,0.230710402,0.301868588,0.360276878
0.137621164,0.203370273,0.231063992,0.324702531
0.0348039009,0.148915216,0.0668218061,0.245727465
-0.0797427148,0.0742591918,-0.126272261,0.125963554
-0.162959144,-0.00913283788,-0.263715506,-0.00952705368
-0.188469663,-0.0850077718,-0.308451772,-0.131591395
-0.157366291,-0.134520024,-0.260981679,-0.213782996
-0.095667094,-0.141700372,-0.164802745,-0.230904564
-0.039834328,-0.100715458,-0.072104618,-0.170238033
-0.0177733041,-0.0214068685,-0.0333075263,-0.0395541377
-0.0350003131,0.070685178,-0.0567032471,0.113972813
-0.0729350075,0.141590863,-0.115857363,0.232208103
-0.0999354497,0.161698982,-0.159661144,0.268282831
-0.0890690759,0.1189925,-0.14451836,0.203455448
-0.0331787802,0.0264936462,-0.055267781,0.0522825867
0.0506534316,-0.080423981,0.0812371224,-0.127668664
0.129480973,-0.156864226,0.20665805,-0.255187392
0.171192184,-0.166577011,0.270822257,-0.274196893
0.160751835,-0.0977537259,0.260488868,-0.170796543
0.10760618,0.0307049584,0.18062833,0.0401154086
0.0406300202,0.175642312,0.0700003058,0.279398292
-0.00650645141,0.286401212,-0.0053817844,0.450785726
-0.0118815182,0.324812442,-0.0131307514,0.508680582
-0.23567532,0.157116875,-0.34589842,0.258728385
-0.182912156,0.135304078,-0.307442099,0.224795729
-0.129371971,0.0491163358,-0.21360679,0.0913560092
-0.09111996,-0.0704046488,-0.151242584,-0.109021857
-0.071118623,-0.17883569,-0.119111754,-0.288167626
-0.0613633506,-0.234889507,-0.103717275,-0.377615988
-0.0497347414,-0.215523437,-0.0877023339,-0.351486564
-0.02752061,-0.123708397,-0.0519688465,-0.210703209
0.00614691386,0.0137911765,0.00550070964,0.0166987199
0.0445896089,0.157067776,0.0708826706,0.251764178
0.0776252821,0.267395496,0.127638593,0.422372013
0.096617043,0.319582254,0.155208349,0.494833857
0.0977639779,0.308220416,0.160021707,0.480576277
0.082359165,0.246624395,0.139382303,0.398489773
0.0547212474,0.160078898,0.0973809585,0.265347987
0.0197487529,0.0766178519,0.0380721577,0.131077677
-0.0181382336,0.0185717326,-0.0275793541,0.0325627215
-0.054280933,-0.00296144397,-0.089519836,-0.00500260247
-0.0824804604,0.0100824693,-0.138066128,0.0166381802
-0.0949729681,0.0444779843,-0.158298358,0.0729458109
-0.0847782716,0.080319047,-0.140751943,0.136008218
-0.0497443192,0.0975063294,-0.0830232054,0.165492341
0.00403073197,0.0826919302,0.00568712596,0.142387718
0.0620514601,0.034721911,0.103788935,0.0607327931
0.105789825,-0.0335862488,0.17501229,-0.0538778044
0.120270304,-0.0988133252,0.198234513,-0.163291946
0.101372704,-0.135196805,0.166803926,-0.225687206
0.0588656627,-0.125242561,0.0945945978,-0.212027848
0.0129549112,-0.0684428588,0.0208081231,-0.118587255
-0.0146052968,0.0161636602,-0.026619304,0.0222227592
-0.0107509522,0.0957308188,-0.0181746017,0.158551767
0.022452835,0.136185184,0.0365617797,0.226519063
0.0686506554,0.116728798,0.114711598,0.197132751
0.10512282,0.0398296453,0.176490217,0.0719475895
0.113860838,-0.0682695657,0.191840366,-0.110965155
0.0900973678,-0.167450607,0.14750579,-0.27357471
0.0438810103,-0.220116124,0.0695689693,-0.359384567
-0.00600087084,-0.206894025,-0.0126980841,-0.34116894
-0.0423090644,-0.134476125,-0.0749540776,-0.22609809
-0.0581464693,-0.0318989232,-0.101137176,-0.0581813157
-0.0594756976,0.0630467907,-0.100404166,0.103002533
-0.0601959825,0.120903194,-0.0979645252,0.202216685
-0.0728938654,0.13308236,-0.11536026,0.223029569
-0.100852683,0.114019729,-0.161148503,0.191245288
-0.136097774,0.0921577364,-0.219729915,0.154454768
-0.16458562,0.0943802893,-0.267157346,0.155721962
-0.175245479,0.131629154,-0.283755839,0.213684797
-0.167091161,0.192741215,-0.266186357,0.308699757
-0.149641335,0.249440312,-0.23437573,0.39642489
-0.135965511,0.269965231,-0.20980528,0.429012269
-0.132467911,0.234703347,-0.2050955,0.379582942
-0.132095858,0.146377742,-0.209631711,0.246622071
-0.116216905,0.0300890971,-0.19128935,0.0586634427
-0.0654648244,-0.0766263604,-0.111842714,-0.121925488
0.0258967597,-0.13900499,0.0350306891,-0.228763521
0.14066273,-0.138689563,0.220342606,-0.229664236
0.241285861,-0.0800854191,0.379299879,-0.136912078
0.285168886,0.012655098,0.450570822,0.00923323445
0.24607563,0.105916366,0.397833288,0.158357292
0.130599648,0.169261172,0.222673744,0.268896461
-0.0200891271,0.185204685,-0.0220001079,0.301193029
-0.146073297,0.152870476,-0.230166376,0.253731728
-0.195705265,0.0853011236,-0.316835701,0.145717174
-0.150789618,0.00273271254,-0.252416223,0.0144916372
-0.0367520005,-0.0748398826,-0.0695591792,-0.117839307
0.0884667337,-0.133090034,0.138296738,-0.216543049
0.162299976,-0.16561079,0.25903365,-0.270760238
0.148694277,-0.173336938,0.239419714,-0.28551048
0.0565836281,-0.162284032,0.0947516933,-0.271389216
-0.0643000156,-0.140744448,-0.104142137,-0.234710157
-0.148813531,-0.116658218,-0.244174227,-0.190829799
-0.150358871,-0.0955302194,-0.253076494,-0.154091775
-0.0658656135,-0.0792177469,-0.118706882,-0.127178743
0.0615692064,-0.0659937188,0.0950580761,-0.10853985
0.164389223,-0.0521425381,0.265873462,-0.0883561522
0.185877696,-0.0347637795,0.30578959,-0.0604676157
0.110838689,-0.0146455187,0.190730587,-0.0304610617
-0.0246087071,0.00243293704,-0.0333709344,-0.00155336654
-0.149852827,0.00726277241,-0.242832124,0.0148012992
-0.195176795,-0.00837534573,-0.320998073,-0.00956896972
-0.127808735,-0.046170678,-0.218098387,-0.0698294714
0.0299563929,-0.0975447074,0.0398640297,-0.156590283
0.210192487,-0.144413456,0.328221798,-0.231813282
0.331917793,-0.165292084,0.501156986,-0.256969392
0.340522647,-0.144820601,0.517262757,-0.230052233
0.234233499,-0.082506828,0.380608886,-0.143509611
0.0644337609,0.0039530755,0.11419528,-0.00380469509
-0.090008311,0.0834510326,-0.142167151,0.135021657
-0.161154792,0.123331144,-0.260834932,0.204843581
-0.123779617,0.103636093,-0.206644818,0.1782832
-0.00501093874,0.0272469204,-0.0124640372,0.0555344373
0.132012829,-0.0793081,0.213150382,-0.124031082
0.221082047,-0.175619572,0.347399116,-0.281089127
0.225112692,-0.224042788,0.351027638,-0.355282158
0.151530266,-0.206011847,0.243671596,-0.339009345
0.0442382768,-0.130546689,0.0750334412,-0.226329863
-0.0420271493,-0.0307782702,-0.0720326975,-0.0576560311
-0.0704285949,0.0502587557,-0.117807649,0.083206974
-0.0386790708,0.0783147663,-0.0664302856,0.133734331
0.0241521262,0.0426825732,0.0395845771,0.0760724396
0.0773414597,-0.0396212116,0.129836023,-0.0627722517
0.0927041695,-0.132006139,0.153188631,-0.216268554
0.0695759207,-0.194858089,0.112648241,-0.319035947
0.0327813029,-0.202786162,0.0492381789,-0.334572554
0.015712386,-0.154769376,0.0215630922,-0.258569896
0.0389585346,-0.0729562566,0.0593316741,-0.126062319
0.0970892534,0.00872635841,0.156733915,0.0113986172
0.161190182,0.0603745915,0.26388222,0.0971840322
0.19558008,0.0688570961,0.320452899,0.110608801
0.179022059,0.0419650935,0.299363822,0.0660861656
0.118207298,0.00280564884,0.201674461,0.00185942929
0.0456579439,-0.0221107882,0.0800218135,-0.0401826352
0.00293858605,-0.0150386263,0.00561630027,-0.0278724041
0.0182654671,0.0261240751,0.0257250462,0.042204868
0.0907264352,0.0886966065,0.146346778,0.145362318
0.189710259,0.152338162,0.302329153,0.242541283
0.269866079,0.198215634,0.420112461,0.301269054
0.293569326,0.215691701,0.453516722,0.325529754
0.249006435,0.204006046,0.396199763,0.315600246
0.15461266,0.169410408,0.25994122,0.269917607
0.0481287055,0.120483942,0.0880654305,0.199647769
-0.0332327746,0.0647425428,-0.0499770679,0.110193096
-0.0705787241,0.0081592584,-0.116947465,0.0182078183
-0.0697908401,-0.0430908687,-0.118428066,-0.0681363791
-0.0539719388,-0.0809796751,-0.0911941379,-0.132287964
-0.0470312759,-0.0963346586,-0.0800135881,-0.160392508
-0.0582434535,-0.082482256,-0.0976727977,-0.139124572
-0.076682888,-0.0401267484,-0.128244668,-0.0678425431
-0.0785584375,0.0196396094,-0.132719666,0.0310040414
-0.0430321842,0.0768579245,-0.07434728,0.129632279
0.0327355638,0.10921324,0.0511914007,0.183744192
0.128177628,0.101169311,0.210613579,0.169516414
0.20707275,0.0515112989,0.33602801,0.08447586
0.234704331,-0.0246564671,0.381051868,-0.0408065617
0.195449367,-0.101001769,0.321059167,-0.16699779
0.101472504,-0.150286287,0.170371771,-0.250600576
-0.0121585019,-0.155408353,-0.0195108727,-0.260891378
-0.103541516,-0.116168782,-0.172763541,-0.194886178
-0.143080115,-0.0487429425,-0.240238562,-0.081850104
-0.126183495,0.0216898695,-0.213299468,0.036886815
-0.0735320076,0.0715177134,-0.126461744,0.120553523
-0.0193480551,0.0875234976,-0.0325746574,0.149222538
0.00596221117,0.0702165663,0.0119937463,0.119951926
-0.00998918712,0.0308915321,-0.0118502993,0.0523520298
-0.0572006591,-0.0152309639,-0.0925347507,-0.0239988193
-0.110122479,-0.0557897352,-0.181050569,-0.0896072835
-0.141503692,-0.0846368149,-0.234718487,-0.135240376
-0.13596563,-0.100806974,-0.22783348,-0.163087383
-0.0967837498,-0.104858883,-0.164793134,-0.170664638
-0.0432224832,-0.0957662165,-0.0775869638,-0.158398658
-0.000522538729,-0.0708734095,-0.00506396079,-0.119310692
0.0121294688,-0.0291301534,0.0200299174,-0.050887078
-0.0100111421,0.0246810131,-0.0160363596,0.0368047021
-0.055821497,0.0781165436,-0.0899457559,0.128256783
-0.103658237,0.113952138,-0.165860832,0.189265683
-0.130437538,0.117310949,-0.21125938,0.196692139
-0.12039762,0.0836983025,-0.196938619,0.146094084
-0.0703806877,0.0233779233,-0.11856509,0.0450430028
0.00960108172,-0.0411115438,0.0128094144,-0.0634388551
0.0999041125,-0.084067069,0.161787167,-0.138387799
0.177242324,-0.0883945525,0.284504056,-0.148004413
0.221291393,-0.0541541316,0.356468707,-0.0945272148
0.220345393,0.000876662787,0.357809514,-0.0061501707
0.174769685,0.0495341532,0.289570659,0.0755004808
0.0972605497,0.0687510073,0.167938143,0.110421509
0.00940754078,0.0514545999,0.0221408214,0.0858637765
-0.0649725646,0.0105559938,-0.104876004,0.0206105877
-0.107916683,-0.0274826568,-0.179221153,-0.0415761806
-0.113889895,-0.0366360098,-0.191241667,-0.0591753609
-0.0918741524,-0.00583203277,-0.156548992,-0.00900224131
-0.0614373051,0.0536922216,-0.104333133,0.0882739872
-0.0438449159,0.112519786,-0.071689181,0.185426131
-0.0518619791,0.137181967,-0.0809862018,0.227673471
-0.0830335245,0.107488297,-0.130723938,0.179732949
-0.120051198,0.0282506645,-0.194893092,0.0540852733
-0.138598204,-0.0709362254,-0.227981716,-0.108359985
-0.119292825,-0.148362681,-0.200893596,-0.23660247
-0.0579895191,-0.16952379,-0.104507759,-0.276313543
0.0308515299,-0.12374413,0.0418280996,-0.208301902
0.119760931,-0.0298374221,0.192683116,-0.0562045313
0.180344746,0.072216168,0.293949455,0.110113025
0.195949331,0.13975139,0.318950176,0.220235616
0.168546826,0.147222325,0.278867483,0.236758113
0.11638435,0.0978225172,0.199955076,0.163208932
0.063758418,0.021412218,0.111205205,0.0383966938
0.0284633413,-0.0400971733,0.0492771566,-0.0660204366
0.0137163252,-0.0527492054,0.0214726236,-0.0899663866
0.00890738703,-0.00637406809,0.01235105,-0.0155277671
-0.00139344169,0.081051752,-0.00238328148,0.129795432
-0.02546243,0.172123685,-0.0383831523,0.280097097
-0.0566561297,0.227193102,-0.0850085765,0.365914613
-0.0749020651,0.221698031,-0.115620583,0.361245364
-0.0573785529,0.155781001,-0.0903555378,0.26382041
0.00706323283,0.0524807982,0.0117825903,0.0959196314
0.107822448,-0.053641472,0.174464539,-0.084352605
0.213176787,-0.131380677,0.336540669,-0.212210879
0.282578796,-0.164286509,0.43676427,-0.261123717
0.285262764,-0.154081106,0.44270581,-0.246796116
0.215946451,-0.115907073,0.349040121,-0.195610508
0.0992344841,-0.0690373033,0.169022754,-0.121492937
-0.0203514788,-0.0281796996,-0.0292743091,-0.0509300344
-0.0985641852,0.0007451165,-0.164191723,0.00165202166
-0.112254962,0.0194570422,-0.188938826,0.0347357318
-0.0704913363,0.0328156278,-0.12208461,0.0572937541
-0.0101215988,0.0442948863,-0.0189527068,0.076409556
0.0224611722,0.0540186428,0.0387465693,0.0889013633
-0.00531946821,0.0598691255,-0.00321820029,0.0991687477
-0.0951425284,0.0601675436,-0.151443124,0.100173824
-0.215490803,0.0556538105,-0.341814369,0.0924101993
-0.315478891,0.0492812879,-0.490729153,0.0821677074
-0.348275334,0.0440389216,-0.535490513,0.0752378181
-0.292891502,0.040461041,-0.466682613,0.0713419914
-0.163916096,0.0357578509,-0.276472896,0.066295445
-0.00465860451,0.0254515558,-0.0140157025,0.0460267179
0.132802725,0.00672171731,0.216533273,0.0116320727
0.21094726,-0.0185775384,0.344039381,-0.0332203656
0.222382843,-0.0432734862,0.361104727,-0.0744165927
0.190532148,-0.0573851615,0.312910795,-0.0991696417
0.155653909,-0.0527636185,0.256250083,-0.0912901759
0.153467089,-0.0275419708,0.252301008,-0.050011225
0.196988568,0.011958736,0.318190843,0.0160397235
0.270320177,0.0529737361,0.426772952,0.0796665624
0.337088615,0.0809667632,0.518354714,0.119522616
0.359086424,0.0850999728,0.549276292,0.124407344
0.315856516,0.0621024668,0.498450816,0.0909269676
0.215729803,0.0170627628,0.357197672,0.023183912
0.0931212381,-0.0388048217,0.161003903,-0.0659769103
-0.00648476277,-0.092095688,-0.00858691707,-0.153370738
-0.046689339,-0.131108269,-0.0802222937,-0.215045899
-0.0161123462,-0.148429304,-0.0343229808,-0.243997723
0.0670244321,-0.141856179,0.101488456,-0.234233513
0.163362816,-0.11402747,0.258412838,-0.189954132
0.22965315,-0.0713152587,0.36666733,-0.12112923
0.236772761,-0.0222701896,0.383096516,-0.0433935262
0.180598095,0.02437355,0.300599426,0.031057829
0.0814665481,0.0620435663,0.14211458,0.0990684777
-0.0266833343,0.0884619653,-0.037391264,0.146214291
-0.11188896,0.106531344,-0.181435347,0.177972183
-0.157168433,0.123011038,-0.253963619,0.204014257
-0.16538702,0.144890472,-0.268503159,0.237616822
-0.154543176,0.174727887,-0.249838859,0.284114927
-0.146520942,0.207284734,-0.231794536,0.334160954
-0.155141324,0.229731902,-0.24113448,0.368484676
-0.179265276,0.226245821,-0.277943432,0.361006409
-0.203970313,0.185508609,-0.31925416,0.303154469
-0.20884873,0.107683651,-0.333427161,0.180132419
-0.179152131,0.00707716681,-0.293864191,0.0211211592
-0.114320897,-0.0915994942,-0.192712381,-0.142221227
-0.029829327,-0.162341684,-0.0553626418,-0.263314545
0.048512049,-0.18836391,0.0726996511,-0.308931977
0.0951678976,-0.168922201,0.149824768,-0.280744821
0.0956049487,-0.11888317,0.154941842,-0.200953484
0.0524067804,-0.0610445142,0.087685734,-0.108478583
-0.0157717057,-0.015013258,-0.024507381,-0.0265136249
-0.0817446783,0.0116026253,-0.134239614,0.0198403411
-0.120401271,0.025033962,-0.197527379,0.04376081
-0.11783766,0.0392792188,-0.197418615,0.067308113
-0.07541392,0.0655718818,-0.128926814,0.111156128
-0.00757018384,0.103473917,-0.014853715,0.172651917
0.0650198534,0.138988853,0.105400048,0.228883415
0.123579115,0.151282877,0.203919381,0.246413872
0.157133892,0.124683626,0.259883016,0.202999279
0.164142832,0.0593342297,0.27359283,0.0992685631
0.15000768,-0.0258241482,0.250164479,-0.042041216
0.122489691,-0.100148819,0.202959239,-0.165673092
0.0877145976,-0.135357842,0.142563194,-0.225735441
0.0486999825,-0.11935202,0.0794541687,-0.203161791
0.00668434659,-0.0623073801,0.00895391311,-0.109123871
-0.0361019,0.00857193116,-0.060856916,0.0103595518
-0.0743523166,0.0631806701,-0.122610897,0.104249775
-0.0999518931,0.0840901807,-0.164418027,0.141176119
-0.104852803,0.0751014575,-0.171650112,0.128590599
-0.0852340385,0.0579221062,-0.141704395,0.098252818
-0.0447114035,0.0585758165,-0.0757376105,0.0995881259
0.00538186869,0.0909568742,0.00738849258,0.151517257
0.0493100248,0.146824479,0.081664294,0.239860877
0.0727713928,0.198288947,0.121269286,0.318337083
0.0688610598,0.212080359,0.118419014,0.341839284
0.0415033512,0.168234929,0.0742016509,0.278822184
0.00464182207,0.0729873851,0.0135619715,0.127142742
-0.0227873083,-0.0416565686,-0.0364920013,-0.0658852682
-0.0242959317,-0.132243797,-0.0418425277,-0.214959756
0.00716212858,-0.165120259,0.0062120012,-0.271321684
0.0654185787,-0.133587047,0.100417443,-0.224346668
0.132136926,-0.0617359765,0.211739525,-0.107774913
0.182491392,0.00745749846,0.29698962,0.00715729874
0.193587214,0.0339220278,0.317784637,0.0520915166
0.152719736,0.000961459184,0.257063687,0.00142080896
0.0625808388,-0.0762582347,0.111655936,-0.126474515
-0.0584794395,-0.158680156,-0.0908754915,-0.25802657
-0.181397691,-0.20364897,-0.288994312,-0.32299611
-0.275081038,-0.186931893,-0.431344301,-0.289121926
-0.316087157,-0.11501468,-0.494788647,-0.17703405
-0.296142757,-0.0214038473,-0.472096056,-0.0313438475
-0.224949002,0.0508863851,-0.368621677,0.0861770585
-0.127195716,0.0712890476,-0.213396981,0.124502786
-0.0346132927,0.0365751125,-0.0576809235,0.0672259033
0.0243900884,-0.0288400501,0.0420398861,-0.0444863066
0.0340352207,-0.0868214145,0.0570659824,-0.144210815
-0.00379057438,-0.105839409,-0.00489662681,-0.17939125
-0.0705582201,-0.0767686889,-0.118095711,-0.132443517
-0.137854278,-0.0160642546,-0.228225783,-0.0281449184
-0.177479878,0.0447153859,-0.291155815,0.0748673454
-0.171287075,0.0767067224,-0.281544536,0.129550293
-0.117270216,0.0688702539,-0.197106287,0.118775427
-0.029854564,0.0323719643,-0.0533540063,0.0594509654
0.0655049309,-0.00760364393,0.106281228,-0.00976488087
0.141241312,-0.0274082441,0.230774522,-0.048144944
0.176783964,-0.0187657177,0.28975457,-0.0353379287
0.164689645,0.00688851997,0.274267524,0.0055107628
0.111950338,0.025723476,0.190855876,0.0379645452
0.0365123674,0.0159768201,0.0668858513,0.0247924849
-0.0392935313,-0.0288800299,-0.0619046278,-0.0459434316
-0.0958683193,-0.095783338,-0.157870829,-0.153425932
-0.121643044,-0.158851862,-0.200271696,-0.254552782
-0.115169011,-0.193225756,-0.191225708,-0.310267717
-0.0838811472,-0.187950596,-0.142300099,-0.305204898
-0.0404772945,-0.150601506,-0.0721520334,-0.250439346
0.00160442386,-0.101249509,-0.00307752006,-0.169871375
0.0321535245,-0.059610568,0.0523759797,-0.10054937
0.0465718061,-0.0331779756,0.0781981573,-0.0559180528
0.0462467074,-0.0135296024,0.0783479363,-0.0245368872
0.0370732509,0.0168436021,0.0625215545,0.0263311584
0.0267554373,0.0711499527,0.0434841812,0.115322322
0.0218140762,0.14644064,0.0374766774,0.237406179
0.025292635,0.220878139,0.0424108133,0.355001718
0.0359307379,0.26275745,0.0635077953,0.418019652
0.0490673855,0.247175738,0.083723858,0.398944825
0.0588677078,0.171511948,0.103990301,0.286159903
0.0608901531,0.0608751103,0.107223637,0.106553867
0.0538150743,-0.0404221639,0.0918481126,-0.0649849772
0.0395056419,-0.0880349949,0.0642364547,-0.14882125
0.0213763751,-0.0582923666,0.0332315303,-0.103664957
0.00194296089,0.0398403667,0.00151610072,0.0590930209
-0.0190545376,0.167687148,-0.0304822568,0.269489855
-0.0447595604,0.27349782,-0.0669821426,0.431763977
-0.0792332962,0.314885437,-0.116030574,0.491687179
-0.124278016,0.27644664,-0.187186629,0.440917701
-0.176730365,0.17456381,-0.275249511,0.289047569
-0.227873698,0.047859434,-0.362682283,0.087505579
-0.265662551,-0.0612867847,-0.422444254,-0.0903556943
-0.279013932,-0.124839082,-0.441516548,-0.19110091
-0.262250841,-0.138416618,-0.419288307,-0.214647174
-0.217550829,-0.118389085,-0.355637193,-0.185822815
-0.154149428,-0.0896135494,-0.259579331,-0.143593088
-0.0846516639,-0.0709999651,-0.146033034,-0.116011597
-0.0202761125,-0.0664436817,-0.0368678048,-0.109478846
0.0326175503,-0.0651844367,0.0518908575,-0.109714635
0.0730994269,-0.0504337847,0.119094014,-0.0862555131
0.103338376,-0.0109606311,0.17091392,-0.0227230992
0.124982283,0.0507469848,0.205525845,0.0779101104
0.13655889,0.117857002,0.225532234,0.188030362
0.133570611,0.166077256,0.219050229,0.266352236
0.111327045,0.174279049,0.186236128,0.282482237
0.0688626617,0.133579627,0.120337836,0.222084537
0.0115183014,0.0508219637,0.0261804722,0.0892260894
-0.0495898984,-0.0545880571,-0.0797733441,-0.0866641253
-0.101257786,-0.158405468,-0.16581063,-0.253846139
-0.133240491,-0.240037471,-0.215640187,-0.377772033
-0.141998157,-0.288291365,-0.227468953,-0.446499437
-0.131136686,-0.302660286,-0.212311894,-0.468175828
-0.108391516,-0.290609479,-0.17831865,-0.455245882
-0.080992423,-0.262825221,-0.135364413,-0.417547107
-0.0521940254,-0.228709981,-0.0914936736,-0.368976265
-0.0210485868,-0.193729341,-0.0395726971,-0.317929715
0.0145111317,-0.159123883,0.0179104637,-0.263934284
0.0533594862,-0.1235511,0.0828029886,-0.207109839
0.0886893272,-0.085686639,0.142938659,-0.145560265
0.10950923,-0.0466599092,0.181442842,-0.0813140199
0.105929099,-0.0112978732,0.17710869,-0.0216652397
0.0755280927,0.0125370864,0.128318414,0.0193990804
0.0269634016,0.0166412536,0.0480203219,0.0274778996
-0.0219514426,-0.00353967282,-0.0340022445,-0.00477334298
-0.0516001694,-0.0452428982,-0.0859997347,-0.0721700639
-0.0500846319,-0.0970754325,-0.0845210776,-0.156537935
-0.0199983232,-0.141543522,-0.0368756019,-0.231736153
0.021504961,-0.161331519,0.0308397766,-0.266223162
0.050049793,-0.147178113,0.0783583596,-0.245033458
0.0455701053,-0.10372106,0.0732763037,-0.177613497
0.00236060098,-0.0498225279,0.00586313521,-0.0882989019
-0.0675740018,-0.0119892219,-0.109700285,-0.0201168712
-0.139818802,-0.0128364451,-0.22823669,-0.0200600419
-0.188986778,-0.05950775,-0.307326794,-0.090910688
-0.200513214,-0.137841806,-0.324174732,-0.21339795
-0.176756486,-0.216035709,-0.286107928,-0.336912453
-0.134322599,-0.25724265,-0.218702257,-0.402657092
-0.0942040235,-0.23595874,-0.159365043,-0.379693866
-0.0701885298,-0.150602311,-0.121012479,-0.251282096
-0.0619207546,-0.0258946512,-0.106806055,-0.0496778116
-0.0564260595,0.0967735052,-0.0953463539,0.158150986
-0.0371912532,0.176970273,-0.0606315508,0.29082337
0.00438378705,0.192683637,0.00975401513,0.316686898
0.0618040897,0.149253294,0.103679493,0.248988375
0.114962935,0.0754543543,0.192117929,0.127750248
0.139907792,0.00876728166,0.232678831,0.0138204722
0.121799335,-0.0227000769,0.205235451,-0.0396888815
0.0639677048,-0.0125227356,0.109223798,-0.0264031645
-0.0121448413,0.0235456955,-0.0184176005,0.0351414196
-0.076533474,0.0587007329,-0.125246942,0.0987203792
-0.104872361,0.07151106,-0.173956022,0.121220529
-0.0899766311,0.0585486628,-0.151224777,0.102258638
-0.0443786085,0.0362532921,-0.0757973343,0.063794218
0.00735492911,0.0309590232,0.0103918444,0.0511164479
0.0423771963,0.0625373274,0.0710036755,0.102588192
0.0518569425,0.130737215,0.0877165645,0.210764468
0.045034349,0.212033913,0.0765291899,0.339822978
0.0427535996,0.269266456,0.0733112022,0.426330894
0.0640173703,0.269491941,0.106281325,0.430754304
0.113079995,0.200980306,0.186216816,0.330131918
0.174489915,0.0805410743,0.288317859,0.135555506
0.219288066,-0.0527236238,0.354768068,-0.0834341869
0.219493583,-0.154212907,0.35170266,-0.24777174
0.163346171,-0.192851052,0.261877239,-0.315619767
0.0630911887,-0.163121,0.103323951,-0.276193053
-0.0491662025,-0.0847400501,-0.0809681043,-0.148604214
-0.135792449,0.00894525647,-0.225557178,0.0122757871
-0.170996532,0.0872032121,-0.281125724,0.143660426
-0.152401701,0.134356678,-0.249177217,0.222210497
-0.100918218,0.152691066,-0.165010571,0.254267871
-0.0490544438,0.155635685,-0.079726927,0.259044558
-0.0237626228,0.156230927,-0.0358250178,0.258407265
-0.0326796882,0.157971188,-0.0499259084,0.261121333
-0.0607764684,0.15311572,-0.0952098742,0.252194405
-0.0789888203,0.128847435,-0.12601164,0.216892481
-0.0602459945,0.0770357251,-0.100795589,0.13431327
0.00537622906,0.00144251157,0.00692003733,0.00744036864
0.104039676,-0.0820407122,0.16836223,-0.132312104
0.203264862,-0.152293473,0.321798861,-0.244499266
0.266085058,-0.192991897,0.409759313,-0.303876877
0.267229885,-0.200044855,0.412431806,-0.31678766
0.203714371,-0.182397962,0.32411164,-0.298541009
0.0953485966,-0.156109497,0.156914875,-0.26139304
-0.0242535472,-0.135434046,-0.0375856645,-0.227012858
-0.121276766,-0.126126722,-0.19981806,-0.206350714
-0.173531815,-0.124523282,-0.285234839,-0.198670641
-0.175869495,-0.122267708,-0.28989777,-0.194272771
-0.138246179,-0.11314173,-0.233411282,-0.18268238
-0.0790122449,-0.0973791853,-0.136597052,-0.159923702
-0.0175289381,-0.0807297975,-0.0335816443,-0.135596588
0.0306874719,-0.0691494569,0.0482124947,-0.114854403
0.0554885864,-0.0630298778,0.091142796,-0.107465088
0.0516800992,-0.0553678833,0.0859422013,-0.0942952111
0.0187420119,-0.0358058438,0.032270968,-0.0621821731
-0.0383178554,0.00148921681,-0.0610131696,-0.00160856987
-0.107837141,0.0511143692,-0.177996263,0.0820296928
-0.172147229,0.0958649814,-0.278518766,0.158028871
-0.211566582,0.113999002,-0.338851124,0.187265337
-0.211299285,0.0912187248,-0.339875966,0.154581204
-0.168476969,0.0307952911,-0.278570175,0.059330564
-0.0955168381,-0.0445973724,-0.162377164,-0.0669642091
-0.0170974527,-0.101735801,-0.0327356048,-0.165403858
0.0389638543,-0.112857886,0.0596440881,-0.189671054
0.0533272251,-0.0707749352,0.0876313671,-0.123694621
0.0238538347,0.0053550615,0.0410182588,0.00237567723
-0.0330265313,0.0776946694,-0.0521530807,0.125047162
-0.0894066393,0.107937872,-0.1436432,0.181199536
-0.118392833,0.0772081539,-0.193056598,0.133808061
-0.106139809,-0.00277723814,-0.176655769,0.00420339033
-0.0576686375,-0.0937390998,-0.0991756991,-0.148610651
0.006267149,-0.148878083,0.00537829008,-0.244513318
0.0595623814,-0.136326149,0.0920772851,-0.229448348
0.0831104219,-0.0561900139,0.133524701,-0.101691008
0.0729885399,0.0577873997,0.123281993,0.087988466
0.0406292789,0.15331988,0.0708747208,0.248318255
0.00533564296,0.184287429,0.0147563247,0.303774416
-0.0165876523,0.132914275,-0.0219245218,0.226564482
-0.0202270765,0.0183972791,-0.030821247,0.0386175364
-0.0136371078,-0.112295374,-0.0224062447,-0.180442959
-0.0120228771,-0.206830934,-0.022244541,-0.335268974
-0.0279254653,-0.231986776,-0.0479980931,-0.377229691
-0.0628919005,-0.188224226,-0.106992491,-0.31182912
-0.105240926,-0.107575782,-0.176487371,-0.182194576
-0.135220706,-0.0365034454,-0.224940464,-0.060887862
-0.134886548,-0.0127306767,-0.22469236,-0.0165111627
-0.0975086242,-0.047626406,-0.16376622,-0.071625255
-0.0315579176,-0.122409411,-0.0568234473,-0.196193606
0.0428459309,-0.199172318,0.0644074604,-0.321426481
0.103221178,-0.240355715,0.158804461,-0.386854291
0.134990036,-0.226555899,0.209838316,-0.367040008
0.137507036,-0.164101779,0.219078183,-0.272963732
0.122869484,-0.0795637965,0.20109722,-0.13821888
0.108285256,-0.00507479906,0.178767651,-0.0124095129
0.106101081,0.0374277942,0.176902384,0.0601797663
0.116792738,0.0451427959,0.195572063,0.0745761171
0.128681868,0.0328153633,0.21466063,0.0530124269
0.124658786,0.022576211,0.208581537,0.0331423208
0.0925175548,0.0312962122,0.157294273,0.048980616
0.0335012451,0.0621532425,0.0590333007,0.0988688543
-0.0356608182,0.104238018,-0.0542277656,0.169948608
-0.0888577104,0.139514953,-0.142884955,0.229868069
-0.102458,0.152807161,-0.166318059,0.254053444
-0.0675175413,0.139472798,-0.111660197,0.235028371
0.0036233284,0.107271262,0.00564091327,0.183269367
0.0800469741,0.0722604245,0.131411746,0.122787029
0.123856425,0.0514695644,0.206195891,0.0837576911
0.106134489,0.0561222658,0.179378495,0.0895024687
0.020481877,0.0881321207,0.0413898118,0.141270429
-0.111965492,0.140431508,-0.175402582,0.227182761
-0.24873814,0.199842274,-0.382159412,0.313756436
-0.34144932,0.250630528,-0.499533594,0.374744594
-0.354432583,0.277603805,-0.511485636,0.409942865
-0.279068708,0.268761963,-0.421312451,0.413114905
-0.137888834,0.218073308,-0.221875131,0.357513607
0.0233327597,0.128438905,0.0376614369,0.221478179
0.15237768,0.013737902,0.250394195,0.0280425921
0.209551141,-0.10196282,0.340263128,-0.166004196
0.181318358,-0.189488128,0.291895449,-0.306266367
0.0834649801,-0.223507479,0.135742962,-0.365779608
-0.0469241329,-0.192534104,-0.0758978948,-0.32057634
-0.166793615,-0.105618618,-0.273821175,-0.177579582
-0.243128404,0.00810019486,-0.393431813,0.0108856512
-0.263218671,0.108139947,-0.418445289,0.174400538
-0.0834683403,0.0834683403,-0.147938892,0.152415007
-0.040822681,0.132586136,-0.0648389608,0.213416308
0.0346694253,0.149926618,0.0555944294,0.249198303
0.124750517,0.121723905,0.205682993,0.201844722
0.195537627,0.0552709028,0.319477946,0.0923507735
0.211210594,-0.0238744859,0.347271204,-0.0410937928
0.151732057,-0.083003439,0.254211754,-0.141660973
0.0254353359,-0.0968173817,0.046961356,-0.166778043
-0.130845681,-0.058943361,-0.213022381,-0.103616618
-0.265458882,0.0148015032,-0.423114955,0.0228292122
-0.3336941,0.0929724947,-0.516331375,0.147131816
-0.317419112,0.142105281,-0.490240842,0.224860728
-0.233010918,0.141437203,-0.373845637,0.234028637
-0.123543061,0.0922609791,-0.204113811,0.161673069
-0.03889459,0.0177312382,-0.0654478595,0.0364599265
-0.0133837722,-0.0469039381,-0.020928083,-0.0771475509
-0.0516515672,-0.0694815367,-0.084258683,-0.118004479
-0.129263982,-0.0349443629,-0.210725144,-0.0613302253
-0.20707579,0.0479130186,-0.334406197,0.0754082873
-0.251620322,0.149955869,-0.397184819,0.238166645
-0.251091629,0.233988523,-0.385849267,0.363333315
-0.219141603,0.270451307,-0.334077001,0.422896922
-0.18522279,0.249656364,-0.2857095,0.398792773
-0.177128077,0.185204327,-0.277132958,0.304143041
-0.205155909,0.107163727,-0.324409574,0.180743113
-0.256133825,0.0482124351,-0.406330556,0.0822514147
-0.300150424,0.029131474,-0.471605867,0.0497395061
-0.306186497,0.0503016338,-0.48139438,0.0827955157
-0.258365929,0.0929983035,-0.414645344,0.152717412
-0.164471358,0.12960124,-0.270133227,0.215500891
-0.0525644273,0.137544394,-0.0896830782,0.23335804
0.0422997847,0.110030808,0.0705578551,0.187280908
0.0943737924,0.0581855141,0.160211951,0.0979542583
0.0984208733,0.00368774938,0.167712837,0.00505316025
0.0706035942,-0.0341198333,0.120344989,-0.0594702773
0.0391900577,-0.049635753,0.0661523491,-0.0849336907
0.0301982164,-0.0544936955,0.0493063778,-0.0910644084
0.0552542545,-0.070768863,0.0890145078,-0.11781054
0.10736645,-0.117069893,0.173870414,-0.191252023
0.166039109,-0.19487448,0.261698514,-0.310257882
0.208480686,-0.28295958,0.316495717,-0.435585886
0.220935717,-0.344060898,0.324243098,-0.51542747
0.204590499,-0.341652095,0.301220596,-0.517838418
0.17361103,-0.259098262,0.265284866,-0.414616883
0.146921709,-0.111431919,0.234801993,-0.193639249
0.13825798,0.0570644028,0.225993037,0.0844604746
0.149495333,0.189610481,0.241636813,0.299003661
0.170259655,0.240962565,0.272902727,0.379821211
0.183556125,0.197628021,0.297291905,0.317932606
0.174307108,0.0844772011,0.290764809,0.140683055
0.136583626,-0.0457932279,0.230671838,-0.0733755603
0.0762970001,-0.135714039,0.128863007,-0.226089016
0.00850253832,-0.147927299,0.0133479433,-0.248469338
-0.0490113832,-0.0803470612,-0.0850233436,-0.13958931
-0.0827004239,0.0351586677,-0.140253782,0.0531594306
-0.0877805874,0.149264649,-0.14439036,0.244552761
-0.0687198937,0.218318179,-0.108085625,0.355313331
-0.0361103825,0.222754404,-0.0559596345,0.364508986
-0.00184470648,0.172404334,-0.000301185268,0.286755055
0.0250356253,0.0973398164,0.0440041311,0.166464746
0.0401483811,0.0302597508,0.0691506639,0.0510949977
0.0429412797,-0.00972627383,0.0728549808,-0.0176485479
0.034284126,-0.0235969927,0.0577594601,-0.0404310226
0.0142420866,-0.0267638415,0.0239846483,-0.0459484607
-0.0184482671,-0.0357051939,-0.0296749119,-0.0583242662
-0.0647072643,-0.0554186925,-0.106779605,-0.0911292881
-0.122072898,-0.0753352642,-0.201864734,-0.122399069
-0.182100907,-0.0761082396,-0.297003329,-0.122994058
-0.230142519,-0.043149095,-0.372776121,-0.0682948977
-0.248567805,0.0213379115,-0.400902927,0.0351355486
-0.22292316,0.0954184979,-0.36196813,0.156565979
-0.14888306,0.146110162,-0.245025352,0.242324382
-0.036955595,0.145550147,-0.0620416775,0.246602252
0.087718077,0.086034067,0.145147085,0.147143513
0.191435561,-0.0144402776,0.311845452,-0.0205131695
0.242415071,-0.119570121,0.386872113,-0.192362294
0.222084805,-0.191608429,0.351261556,-0.307115763
0.132747382,-0.209074944,0.215647653,-0.342376292
-0.00179064181,-0.176180974,-0.00115004927,-0.297152728
-0.143421605,-0.11921297,-0.233120382,-0.199012071
-0.252401471,-0.0720196888,-0.402608663,-0.112365261
-0.300761551,-0.0584158376,-0.474830598,-0.0851411894
-0.281325787,-0.0807177126,-0.447685093,-0.117734924
-0.208944559,-0.120089293,-0.342114002,-0.185710371
-0.1137475,-0.147924259,-0.193539396,-0.238385528
-0.0294307899,-0.141681686,-0.0552943274,-0.234505489
0.0185998082,-0.0965465233,0.027474368,-0.164576784
0.0207607578,-0.0269695129,0.034826301,-0.0505002216
-0.0157552343,0.0420892648,-0.0238525104,0.06718041
-0.0719266608,0.0888147205,-0.114694409,0.145414069
-0.124849148,0.105355352,-0.201754376,0.175680101
-0.155194819,0.100111417,-0.252160937,0.168258339
-0.151783884,0.0908700377,-0.249172434,0.152705669
-0.112777218,0.0932967886,-0.188176587,0.157265499
-0.0445668623,0.111611873,-0.0767405033,0.186144441
0.0401385501,0.136621967,0.0643913001,0.225615144
0.124262333,0.151787713,0.204001322,0.247696444
0.188683435,0.143380895,0.305619925,0.228608444
0.215786591,0.108676255,0.350944519,0.172404125
0.1944516,0.0576113425,0.323515713,0.0907779261
0.125212759,0.00738181407,0.21303679,0.00872748438
0.0230207723,-0.0264646765,0.0443570353,-0.0473395102
-0.0849529356,-0.0371235684,-0.137105137,-0.0622247867
-0.167255104,-0.028007865,-0.27484268,-0.0454453044
-0.199706346,-0.00847093947,-0.326777965,-0.0130639626
-0.175909191,0.0128517179,-0.29185468,0.0254397653
-0.111484811,0.0325455032,-0.189151719,0.0577922761
-0.0389725491,0.0520438775,-0.068345286,0.0877013654
0.00549572241,0.0732057393,0.0101601481,0.121361941
-0.00161803933,0.0935950279,0.0013332169,0.153405383
-0.0596468635,0.105550691,-0.0922589526,0.174598023
-0.1426498,0.100559294,-0.228170991,0.166517019
-0.21022293,0.0765411928,-0.337147146,0.128485233
-0.22582078,0.0429926701,-0.366093367,0.0773190483
-0.174257562,0.0194325559,-0.291506022,0.038570378
-0.069973141,0.0263234973,-0.123131916,0.0471428633
0.0482790545,0.0725405067,0.0748926252,0.119644403
0.134269744,0.146544144,0.220074996,0.233916357
0.154980868,0.217496306,0.252708137,0.339929104
0.105441876,0.247676805,0.176862076,0.389713675
0.0106882341,0.211160675,0.0290660206,0.343736053
-0.0860545114,0.109394848,-0.132991537,0.187786281
-0.14326264,-0.0252089035,-0.23364079,-0.0325034112
-0.139581472,-0.141061723,-0.230781868,-0.223347455
-0.0822265074,-0.190085739,-0.140667751,-0.3061378
-0.00173071725,-0.150697142,-0.0118803801,-0.251098841
0.0638611838,-0.039550256,0.100557148,-0.0732801631
0.0872729048,0.0944233015,0.143407032,0.148788422
0.0638287365,0.191486195,0.109900832,0.307269454
0.0115021896,0.208048984,0.0273801386,0.340231895
-0.0400766097,0.136174291,-0.0582749993,0.231090918
-0.0654795319,0.00631013513,-0.105708078,0.019812597
-0.055945266,-0.127767533,-0.0940787271,-0.204019248
-0.0223662388,-0.214106768,-0.0411361121,-0.345521271
0.0121380538,-0.225460127,0.0135728344,-0.367024302
0.025624318,-0.169189438,0.0367882811,-0.283816636
0.00942107011,-0.0804225653,0.0138051501,-0.139704615
-0.0273473039,-0.0031260699,-0.0449096076,-0.00861577876
-0.0628797039,0.0306979865,-0.102923162,0.0531919934
-0.0744588152,0.013501944,-0.123827472,0.0276058447
-0.0505366102,-0.0386321396,-0.0863220543,-0.0589816943
0.00310742739,-0.0978760421,0.00159395568,-0.158792213
0.0661286414,-0.140002608,0.103720643,-0.230506361
0.113646671,-0.154842079,0.181446746,-0.255983502
0.12828055,-0.147282645,0.205796793,-0.244957283
0.108134404,-0.130059659,0.177753985,-0.219319567
0.0669589564,-0.113965727,0.112271518,-0.193430737
0.0267615672,-0.101730868,0.0434588976,-0.170329809
0.00683737872,-0.0886884406,0.0103020426,-0.147428021
0.0147303529,-0.0686779022,0.0215786174,-0.115803339
0.0433832444,-0.0404132828,0.0690341368,-0.0686712414
0.0754937977,-0.00967154093,0.123263471,-0.018242307
0.0925736502,0.0141525865,0.15561001,0.0206720792
0.0841246918,0.024524292,0.143294588,0.0401829407
0.0525877923,0.0224716626,0.0902103484,0.0374077521
0.0119772768,0.0158326589,0.0226722118,0.0257822573
-0.0188381281,0.0131366532,-0.0306387115,0.0223337505
-0.0248876736,0.0161735937,-0.0407816134,0.0287584066
-0.00189409312,0.0167661645,-0.00447327131,0.0286717974
0.0417362489,0.00102124817,0.068381004,0.00420891959
0.0883217305,-0.0404599942,0.146348268,-0.0659774542
0.118026592,-0.102380931,0.194512054,-0.168458536
0.116650328,-0.161667183,0.189278618,-0.262657821
0.081024304,-0.18530643,0.131554648,-0.306033909
0.0201023575,-0.146684244,0.0316609107,-0.248015806
-0.0484412685,-0.042326089,-0.0822128057,-0.0792951956
-0.104674272,0.10064052,-0.172744393,0.160991579
-0.133510977,0.232101411,-0.211952135,0.368834645
-0.129928216,0.299744993,-0.200184986,0.471011877
-0.100478664,0.273640066,-0.155194029,0.439663351
-0.06057854,0.162191913,-0.0931333005,0.276341826
-0.0285180975,0.0105438894,-0.0454304814,0.0268895328
-0.0183389522,-0.118969813,-0.0308961552,-0.193067253
-0.0342245251,-0.175430551,-0.058863245,-0.289413124
-0.0686096549,-0.143035248,-0.116187602,-0.241286293
-0.104894266,-0.0479489379,-0.177980855,-0.0842052251
-0.123867042,0.0553271174,-0.206593096,0.0902710184
-0.111396044,0.111330792,-0.184202,0.186181933
-0.0643107742,0.0909780711,-0.106016383,0.158213586
0.00795473345,0.00511566224,0.0124443732,0.0157619026
0.0866588205,-0.102331802,0.140900448,-0.16453442
0.15059723,-0.177726984,0.239353359,-0.287743151
0.183599859,-0.185315117,0.288293868,-0.302937567
0.179587811,-0.124858096,0.287023932,-0.211746171
0.143325195,-0.0305929687,0.23602435,-0.0603491254
0.0870550498,0.0473352075,0.146653056,0.0735501349
0.0250684675,0.0688195452,0.0469647609,0.114042431
-0.0310122315,0.0235272199,-0.0471862704,0.0434659049
-0.0741991103,-0.0654138476,-0.121807106,-0.103787333
-0.101094134,-0.154878512,-0.166021362,-0.2499571
-0.109378256,-0.204507813,-0.181180209,-0.327702403
-0.0961726978,-0.196482137,-0.162261888,-0.319230139
-0.05891883,-0.14224264,-0.103299931,-0.237050354
0.00138442265,-0.0735238492,-0.00331829372,-0.124220572
0.0766231343,-0.0234989468,0.123144731,-0.0391473398
0.150512293,-0.00874691457,0.247086227,-0.0158108566
0.20194298,-0.0216766745,0.327874511,-0.0376469158
0.212342963,-0.0368593186,0.346355587,-0.0628264546
0.174161538,-0.0270071905,0.289113879,-0.0511410981
0.0962941423,0.0206664559,0.163903758,0.0273084659
0.00306647178,0.0967044979,0.00958736893,0.154624596
-0.0738623217,0.174149603,-0.115786664,0.283155203
-0.107864559,0.22268784,-0.169987813,0.360185146
-0.0887202993,0.224187762,-0.139732942,0.3666026
-0.0276636425,0.181308702,-0.0439203903,0.302543133
0.04671368,0.115043849,0.0769767091,0.195313796
0.100423016,0.053232722,0.167240247,0.0909721702
0.108870544,0.0167492889,0.184457049,0.0252677742
0.0678719357,0.0107963234,0.116485946,0.0131165236
-0.00424418133,0.0253722854,-0.00246751169,0.0386776328
-0.0746300593,0.0436442345,-0.121368259,0.0722183734
-0.110564247,0.0527341142,-0.183183908,0.0905209929
-0.0941631645,0.0505784899,-0.159126341,0.0878356397
-0.0304448083,0.0453015603,-0.053718403,0.0787198767
0.0549667925,0.0481495671,0.0885459483,0.0812360868
0.127439499,0.0647464395,0.210126519,0.105161846
0.15886423,0.0901789889,0.261954814,0.14279066
0.139927372,0.110925883,0.234008342,0.176940545
0.0834754407,0.112487122,0.144174531,0.183521599
0.0175274909,0.0882024989,0.0346859656,0.147233695
-0.0286163632,0.0440716371,-0.0433473065,0.0752044246
-0.0384503938,-0.00329846307,-0.0645341575,-0.0025191959
-0.0157214161,-0.0345916301,-0.0295458715,-0.0561901554
0.0183559731,-0.0372558683,0.0268371124,-0.0636869818
0.0367971882,-0.0114850923,0.0607091449,-0.0231515672
0.021740282,0.0303482711,0.0391766801,0.047472626
-0.0248890277,0.0702631548,-0.0381900221,0.114938915
-0.0805037171,0.0935323685,-0.129288256,0.156073987
-0.111717455,0.0951056778,-0.181258589,0.159855381
-0.0906481594,0.0804297775,-0.150895238,0.13772817
-0.0100096026,0.0606801696,-0.0198131353,0.106147945
0.110465407,0.0454149172,0.180287942,0.0769386142
0.229940608,0.0368778035,0.369397134,0.0575466678
0.302702695,0.0290697161,0.476993769,0.0408183709
0.297705561,0.011989776,0.473620057,0.0126026692
0.212592363,-0.0213634986,0.351607859,-0.0397053771
0.0756040737,-0.069084242,0.131172091,-0.118379742
-0.0658107102,-0.118815422,-0.104421757,-0.196895823
-0.164778292,-0.15163967,-0.268555731,-0.243705779
-0.194351792,-0.149824232,-0.318798363,-0.236277357
-0.157762602,-0.105015919,-0.265413493,-0.171241343
-0.0851105899,-0.0232545696,-0.149003461,-0.0389626548
-0.0183397532,0.0754806399,-0.03358059,0.123296238
0.00824705325,0.163247332,0.0158108417,0.2661663
-0.0172314178,0.213532045,-0.0214074273,0.345454544
-0.0808240473,0.210656673,-0.121925838,0.344205111
-0.151697561,0.155756339,-0.237743333,0.258158207
-0.198403478,0.0670406595,-0.318956286,0.116503693
-0.20401825,-0.0260001589,-0.333117992,-0.0332226157
-0.172628477,-0.0926407576,-0.285624832,-0.144210264
-0.124360226,-0.111759976,-0.209469825,-0.181011289
-0.0822305009,-0.0794617981,-0.141109318,-0.132432997
-0.0583678819,-0.0103683304,-0.101299644,-0.020014355
-0.0473600328,0.0682798773,-0.0804680958,0.112260751
-0.0305075161,0.127693325,-0.0506029017,0.212581322
0.0113198943,0.149367586,0.0195217077,0.247955814
0.0834683403,0.132567361,0.136748552,0.220186129
0.170255244,0.0939071551,0.279197931,0.154832557
0.239538461,0.0588894896,0.385292441,0.0919251069
0.257613689,0.049100589,0.414329499,0.0732302368
0.207102358,0.0711531192,0.339476854,0.108713873
0.0983112454,0.113018014,0.169176638,0.179373264
-0.0326128453,0.1500168,-0.0461618379,0.243707061
-0.138826042,0.157907575,-0.219121471,0.260399371
-0.184324071,0.126591966,-0.295712948,0.211664349
-0.161245584,0.0671565682,-0.264612377,0.118888862
-0.0939662084,0.00795104727,-0.15873529,0.020479206
-0.0273854472,-0.0190735832,-0.0489001907,-0.02995901
-0.00477107707,0.00476035615,-0.0089590624,0.005367056
-0.0460013822,0.0735187232,-0.0733949989,0.117569923
-0.137142003,0.157320559,-0.216643274,0.252331913
-0.236824855,0.215587825,-0.363298923,0.338867337
-0.296539634,0.216874018,-0.446827233,0.338017225
-0.284909695,0.155442134,-0.440899074,0.251712888
-0.203893453,0.055885978,-0.33319813,0.10242597
-0.0887522697,-0.0371836573,-0.153008908,-0.0537726171
0.00837700255,-0.0798477083,0.00874575041,-0.131516188
0.0433810875,-0.0500075035,0.070997946,-0.0885291994
0.00147852383,0.0414905958,0.00412992947,0.0607075058
-0.0952981785,0.155280203,-0.150165588,0.248180911
-0.197887987,0.2412512,-0.304415315,0.378015906
-0.252387732,0.260874987,-0.380785882,0.404810399
-0.224062219,0.203235179,-0.350177526,0.330488503
-0.112171844,0.0874510854,-0.18818523,0.156432003
0.0505729094,-0.0486715809,0.0777900368,-0.0715584978
0.212680012,-0.167015091,0.33113721,-0.264368415
0.325110197,-0.244770482,0.479735196,-0.369394451
0.359291643,-0.279841512,0.515473366,-0.411694646
0.314688385,-0.284738898,0.462918788,-0.42584911
0.214324191,-0.274123311,0.329981148,-0.430583388
0.0922808647,-0.254264355,0.148157507,-0.410071433
-0.0199389514,-0.220807895,-0.0333163664,-0.361439168
-0.102205679,-0.165646091,-0.169074059,-0.271912962
-0.147383198,-0.0877613276,-0.246007845,-0.145668015
-0.157504305,-0.000235479019,-0.262851298,-0.00104047812
-0.138477623,0.0721692741,-0.229350761,0.121100836
-0.0968318135,0.104595996,-0.16103664,0.176827908
-0.0395783111,0.0865484849,-0.0659138635,0.150819167
0.0243054684,0.0303905942,0.0403929129,0.0552013144
0.0833371803,-0.0322292484,0.137476385,-0.0516593941
0.125523597,-0.0655045509,0.205992967,-0.109107599
0.142300025,-0.0487365164,0.233013108,-0.0857931897
0.132046044,0.0107825696,0.218682423,0.00972466357
0.100703314,0.0790814087,0.167937577,0.125343874
0.0587249622,0.111501411,0.102064155,0.183140963
0.015994437,0.0757860467,0.032312341,0.130455747
-0.0221668258,-0.0296460744,-0.0318226293,-0.0428596027
-0.0553214736,-0.172191992,-0.0902002826,-0.275420368
-0.0843481421,-0.298838943,-0.135559469,-0.465762973
-0.10651499,-0.360721499,-0.167778596,-0.546365261
-0.113047056,-0.336181313,-0.18289417,-0.516464412
-0.0918726772,-0.240673169,-0.155191109,-0.388759196
-0.0350373648,-0.118621901,-0.0674512684,-0.200178534
0.0531326048,-0.0216489024,0.0829545632,-0.0380481631
0.152477339,0.0155092347,0.2477047,0.0251138844
0.231697053,-0.0107779112,0.373461813,-0.017919207
0.260637403,-0.0752741992,0.417764604,-0.120750278
0.224885792,-0.14030531,0.361722201,-0.228234783
0.135132045,-0.176762834,0.222030565,-0.29247424
0.0254556667,-0.178169653,0.0433348939,-0.296973497
-0.0601101741,-0.160690904,-0.100020207,-0.26640147
-0.0872413814,-0.150070459,-0.147193596,-0.244340509
-0.0478897505,-0.163703233,-0.0849698856,-0.265686423
0.0347977169,-0.198454633,0.0492182449,-0.320159853
0.116447307,-0.231221065,0.180044055,-0.370001853
0.152207211,-0.231778234,0.234900817,-0.371679306
0.118515991,-0.180457175,0.190247983,-0.301036924
0.0251959506,-0.080543302,0.0425212868,-0.14401865
-0.0883665904,0.0416013338,-0.144055098,0.0631498098
-0.171453252,0.148712546,-0.274775088,0.239826411
-0.186001748,0.210274085,-0.293714851,0.337994903
-0.124760829,0.215970188,-0.200458437,0.353477269
-0.0148331802,0.177917138,-0.0244371761,0.297777593
0.0950186104,0.121169634,0.155932218,0.203919455
0.157032281,0.0685899183,0.260509223,0.112360135
0.146112144,0.0290721133,0.244343027,0.0436038673
0.0703237727,-0.00424835319,0.12384697,-0.0108123505
-0.0342411734,-0.0453299657,-0.0516172312,-0.0770301968
-0.12103416,-0.101948522,-0.197578982,-0.165031239
-0.154126078,-0.166425928,-0.251704723,-0.263860822
-0.122785509,-0.216597006,-0.204870388,-0.343405247
-0.0433881208,-0.227089718,-0.0810718834,-0.364874959
0.0509815887,-0.184652284,0.0742554963,-0.303429216
0.127069235,-0.0984583944,0.201819479,-0.16929327
0.165697828,0.00122592738,0.27162087,-0.0054122759
0.167372674,0.0762176886,0.27656728,0.119430922
0.147860989,0.0988601521,0.246891513,0.160400882
0.127422348,0.0658779442,0.213890299,0.110228017
0.119948618,-5.16762557e-05,0.200557858,0.00235331291
0.127358422,-0.062199939,0.210575446,-0.103012122
0.141088158,-0.089037925,0.230041429,-0.149093196
0.148597002,-0.0706353411,0.243465051,-0.122051589
0.140583336,-0.023432374,0.231607556,-0.045109231
0.11504221,0.0191904325,0.19349812,0.0273763761
0.0767494738,0.0255018715,0.131756216,0.0398582816
0.0335658118,-0.0167857856,0.0599308908,-0.0274402853
-0.00754403323,-0.0930429921,-0.0117084859,-0.15048641
-0.0423710942,-0.168585807,-0.0702655762,-0.273976237
-0.0686925128,-0.206295744,-0.114139192,-0.334279656
-0.0842891932,-0.185794726,-0.14164345,-0.305527955
-0.0858628824,-0.114257731,-0.147416905,-0.193342015
-0.0700691715,-0.0234019011,-0.121602736,-0.0421273075
-0.0361069106,0.0456480756,-0.0625006333,0.0760770887
0.0120767681,0.0618543215,0.0202273708,0.106058374
0.0659045801,0.0184641331,0.110339954,0.0355156548
0.115110293,-0.0646939948,0.18946664,-0.103262983
0.152052954,-0.151257649,0.244991124,-0.244516507
0.174809813,-0.205195174,0.275172949,-0.330682814
0.186966941,-0.206171095,0.29224658,-0.33408159
0.194001824,-0.156600177,0.306661516,-0.258897096
0.19841364,-0.0782062411,0.318583131,-0.135336831
0.196840048,-0.00100974226,0.321386307,-0.00830189511
0.1814726,0.0493309088,0.299569219,0.0762173459
0.14552255,0.0601928644,0.243384019,0.096665822
0.0897450298,0.0339546502,0.155120254,0.0560083799
0.0258114152,-0.0158741474,0.0481035449,-0.0248499829
-0.0264249332,-0.0711784065,-0.042040024,-0.117024064
-0.0474600531,-0.115125291,-0.0813914984,-0.189678222
-0.0286005531,-0.135714397,-0.0519355163,-0.222832799
0.0212971717,-0.127201736,0.0288523585,-0.211105585
0.0772341043,-0.0905429572,0.122332402,-0.152813673
0.108173996,-0.0335626602,0.178000629,-0.0609856136
0.0917695314,0.0295916256,0.154192761,0.0435747504
0.0267078243,0.0808539987,0.0495462939,0.130511165
-0.0638287365,0.103107952,-0.0992181227,0.172060937
-0.140181303,0.0865137801,-0.22724326,0.146008164
-0.162802383,0.0336754136,-0.266655982,0.0629118606
-0.11013864,-0.0393398888,-0.186205268,-0.0563163459
0.0104354313,-0.107643567,0.0100461747,-0.173160017
0.163868576,-0.146601841,0.256083637,-0.237741202
0.300533801,-0.141584799,0.459759802,-0.226626858
0.375417382,-0.093844682,0.563673913,-0.151286721
0.364976853,-0.0195962135,0.557451963,-0.0417876728
0.274584711,0.0573250353,0.441851825,0.0801650286
0.134031683,0.115606621,0.22913672,0.182449371
-0.0159716643,0.14440614,-0.0175728519,0.235942259
-0.139640018,0.145401105,-0.220993444,0.238417044
-0.2173329,0.128529236,-0.344392776,0.211507678
-0.248134673,0.104443148,-0.39498356,0.172172293
-0.244289562,0.078336671,-0.391031474,0.13216193
-0.221691504,0.0487001278,-0.359598905,0.0856340602
-0.191786304,0.0113780517,-0.313403428,0.0243862439
-0.158560917,-0.034081772,-0.262499809,-0.0509642065
-0.120962091,-0.0803513601,-0.202488363,-0.129192069
-0.0780395344,-0.113811195,-0.133247018,-0.184589982
-0.0329477489,-0.121472567,-0.0591588952,-0.201843217
0.00688827969,-0.0996030122,0.00525251077,-0.167863816
0.0334953405,-0.0587289818,0.0530780703,-0.100713767
0.0435059629,-0.0211977027,0.0724324435,-0.0364603847
0.0413436294,-0.0114273643,0.0693197697,-0.0206583776
0.038139157,-0.0432395823,0.0639963225,-0.0698880851
0.0465415008,-0.110828094,0.0764129311,-0.180118337
0.073995322,-0.188611627,0.116186567,-0.304773897
0.118064389,-0.240956619,0.181440011,-0.385214537
0.166433543,-0.237698466,0.256262064,-0.379582852
0.201839909,-0.168211877,0.314963639,-0.277674586
0.209642038,-0.0472203791,0.338695854,-0.0870541334
0.184368223,0.09055911,0.300852925,0.136751041
0.132086337,0.204448372,0.217320353,0.321168244
0.067522496,0.263909549,0.11551147,0.416173369
0.0074385684,0.259340465,0.020040622,0.416629404
-0.0364429764,0.203075051,-0.0515720099,0.334509641
-0.0615664274,0.121053874,-0.0981595814,0.20612061
-0.07388179,0.0400511995,-0.120707348,0.0718111843
-0.0829716474,-0.0229870491,-0.138063818,-0.035416428
-0.0956112444,-0.0647045746,-0.159014881,-0.10499227
-0.111133806,-0.0914629549,-0.185905725,-0.149516433
-0.121036716,-0.111176252,-0.200587273,-0.181128502
-0.113147736,-0.126127243,-0.189018592,-0.204621613
-0.0783981755,-0.130955979,-0.135614693,-0.214402273
-0.0168994144,-0.116692439,-0.0351392329,-0.193727672
0.0597783588,-0.0780953467,0.0923080817,-0.130906209
0.13155739,-0.0196566936,0.213543788,-0.0370985307
0.177084416,0.0435941815,0.289426237,0.0661931708
0.182274207,0.0914262086,0.300662994,0.14334555
0.14645502,0.107403666,0.246730164,0.172386274
0.0833059102,0.0870102271,0.144358665,0.142942712
0.0159523655,0.0407168902,0.0316317193,0.0698941275
-0.0318920687,-0.00969495811,-0.0507175475,-0.014863071
-0.0450937003,-0.0399659425,-0.0766134858,-0.0660246238
-0.0227349158,-0.0333697386,-0.0419197194,-0.0562874041
0.0221347809,0.0124602728,0.0330275111,0.0183770247
0.068444185,0.0846079141,0.112881497,0.136981085
0.0960794017,0.159859568,0.158974692,0.25865832
0.0939488858,0.21318239,0.157350138,0.34037739
0.0636905804,0.22619763,0.109159715,0.363780618
0.0176452734,0.192667603,0.0348317325,0.315536916
-0.027614722,0.119608223,-0.040834073,0.203478247
-0.05891883,0.0244049784,-0.0941233933,0.0472300202
-0.0716454536,-0.0705168396,-0.117963418,-0.111584038
-0.0701592341,-0.143617555,-0.119345389,-0.233030185
-0.0637919307,-0.179281473,-0.109384269,-0.292469233
-0.0608743094,-0.171082079,-0.105498515,-0.282178909
-0.0641881675,-0.122877881,-0.110500336,-0.206668541
-0.0702372342,-0.0476588681,-0.120136149,-0.0823439956
-0.072473526,0.0356467329,-0.121810973,0.057520844
-0.0663147345,0.106792547,-0.110137165,0.177203089
-0.0527465232,0.149175823,-0.086052388,0.247737318
-0.0381410308,0.153764918,-0.060915228,0.256468385
-0.0302075688,0.12078736,-0.0487455875,0.203001738
-0.0324367024,0.0586855188,-0.0508965328,0.103137791
-0.0405604541,-0.0191415641,-0.0671066269,-0.0277181994
-0.0436487235,-0.098455444,-0.0726937652,-0.160197988
-0.0298742671,-0.167577222,-0.0528323315,-0.273085535
0.0058988505,-0.219013557,0.00278675859,-0.35351038
0.057038933,-0.249240726,0.0842140913,-0.40023163
0.10601294,-0.257477313,0.160953626,-0.40855363
0.131618321,-0.244592667,0.203671858,-0.393264621
0.119421452,-0.212884843,0.188785985,-0.347079217
0.0700750202,-0.166616037,0.113757163,-0.278449744
0.000782811025,-0.112479962,0.00170625316,-0.190848887
-0.0615533069,-0.0590702258,-0.101451695,-0.0999138877
-0.0926263854,-0.0150179658,-0.156731829,-0.0235174205
-0.0824669003,0.0135987597,-0.139812365,0.0247127581
-0.0405444503,0.0253055114,-0.0702928826,0.0450009964
0.00870653428,0.0235475935,0.0139530441,0.0400730483
0.0379877463,0.0149186961,0.0638020784,0.0254670084
0.0308457129,0.00609901221,0.0543867648,0.00918901525
-0.0100590279,0.001074336,-0.0136064617,-0.000457212009
-0.0644873753,0.000107847365,-0.104966775,-0.000381741382
-0.105246753,0.000967415457,-0.174006239,0.00347966189
-0.11237219,0.0016059163,-0.187765092,0.00554032065
-0.083373405,0.00261270232,-0.141712204,0.00660553295
-0.0340877362,0.00784332957,-0.059702456,0.0152822537
0.0103161456,0.0226782858,0.0168259777,0.0377336107
0.0293117892,0.0507762879,0.0504530966,0.081942305
0.0183342583,0.0911480859,0.0314994827,0.1487014
-0.00882617291,0.137299106,-0.00965568982,0.225410298
-0.0280118734,0.179087237,-0.0439272523,0.292890042
-0.0188193303,0.20643653,-0.0286549497,0.335848987
0.0228819549,0.213012815,0.0379562005,0.347826272
0.0810883939,0.198018894,0.133615822,0.324553877
0.126951993,0.165384501,0.209943801,0.268454701
0.133682564,0.12115103,0.223968089,0.197337002
0.0912786871,0.0708629712,0.158777863,0.116679996
0.0131786941,0.0186436251,0.0286076237,0.0300714485
-0.0689528435,-0.0315956026,-0.110997595,-0.0518855825
-0.119883709,-0.0739505664,-0.198567003,-0.119116433
-0.117527023,-0.0994025096,-0.197863966,-0.16098249
-0.0632414222,-0.0974702463,-0.111598834,-0.159630328
0.019364547,-0.0607043691,0.0251831356,-0.102749467
0.0961982235,0.00990325864,0.156937808,0.0122560235
0.138698027,0.101694763,0.228231072,0.160462812
0.135864824,0.191917211,0.224689364,0.302368283
0.0965888873,0.254581124,0.161844075,0.401957035
0.0420085862,0.270323366,0.0751026869,0.429650754
-0.00702579459,0.235008702,-0.00311857043,0.383061081
-0.0400256366,0.162786633,-0.0599208884,0.273855537
-0.0590663068,0.0814933181,-0.0939034075,0.14103429
-0.0726716444,0.0217519086,-0.121958539,0.0396309718
-0.0859970897,0.00423925975,-0.143958509,0.00838519353
-0.0941409767,0.0307771359,-0.157963231,0.0506332777
0.186576292,0.0981980488,0.282503247,0.164807424
0.0917408392,0.235340342,0.167065188,0.359591156
0.00528049842,0.30880785,0.0178551581,0.484874427
-0.0482757129,0.29176563,-0.0683965832,0.464506537
-0.0591236986,0.191980407,-0.0903343856,0.322031528
-0.0325585529,0.0471316725,-0.0514423586,0.0893343017
0.0154958833,-0.0925142393,0.0241109431,-0.148058206
0.0655190051,-0.185350239,0.102563739,-0.30141753
0.101307169,-0.213608325,0.157685593,-0.349844992
0.114597335,-0.186169907,0.180806667,-0.309281766
0.106305271,-0.129194081,0.172547206,-0.217294395
0.0845135227,-0.0706057027,0.138578996,-0.122429401
0.0603597835,-0.0268043466,0.101218045,-0.0480718203
0.0435170308,0.00214131549,0.0723035336,0.00185845909
0.0389039665,0.0276062638,0.0657863989,0.045755595
0.0456641689,0.0617698058,0.0765698031,0.101339176
0.0585200489,0.107732199,0.0983731449,0.175765425
0.0706856027,0.155795649,0.118083507,0.254284471
0.0769704208,0.187493622,0.1284668,0.304347038
0.0757539272,0.18469277,0.129606754,0.301238686
0.0691265911,0.138689086,0.120000333,0.231539369
0.0613897331,0.0547339581,0.106095299,0.0957134515
0.0568394735,-0.0497616902,0.0972711742,-0.0800440907
0.0579741262,-0.151769996,0.0933327153,-0.247431397
0.0648707375,-0.230356574,0.101295941,-0.37157321
0.0757237449,-0.272161871,0.114081942,-0.433894992
0.0878801793,-0.273142636,0.132522494,-0.435361862
0.0985399559,-0.237273291,0.151210263,-0.383712023
0.104717024,-0.17409128,0.165864095,-0.289813101
0.102796458,-0.096622996,0.168203831,-0.166973501
0.0885627121,-0.01991353,0.147659034,-0.0394382179
0.0584798157,0.0407430157,0.100508064,0.0645654202
0.0122131053,0.0727868527,0.0240125284,0.120104745
-0.0447024591,0.0703502446,-0.0704581439,0.118861429
-0.0998349413,0.0374894664,-0.162868634,0.065326862
-0.135981873,-0.0115897199,-0.224544451,-0.0146087678
-0.136633471,-0.0566060841,-0.227745101,-0.0884498134
-0.0931123197,-0.0786558613,-0.160888702,-0.126992837
-0.0103299767,-0.0679375529,-0.0248208456,-0.112942345
0.0919696167,-0.0279078837,0.147254527,-0.0497989506
0.184052959,0.026561873,0.297603935,0.0396068469
0.236054093,0.076468803,0.3790344,0.117469832
0.229237527,0.107858777,0.372209191,0.166955173
0.163925871,0.118130594,0.275094211,0.18795985
0.0603473224,0.116060704,0.108865172,0.18957296
-0.0484908521,0.115511015,-0.0737349465,0.190325156
-0.129307434,0.126333401,-0.208136365,0.209030166
-0.161325514,0.147694573,-0.261162519,0.243242517
-0.143920049,0.167838797,-0.234597072,0.276478738
-0.0958721042,0.170733914,-0.156598046,0.28256014
-0.0466180779,0.146044791,-0.0752223805,0.246065199
-0.0233787782,0.096726194,-0.0355850086,0.164438948
-0.0397879183,0.0395456962,-0.062838845,0.0693576857
-0.0908297077,-0.00238674716,-0.147767276,-0.00186631503
-0.155958191,-0.0114998575,-0.254498899,-0.018295709
-0.208604723,0.0142655335,-0.339244694,0.0239686593
-0.2275832,0.0590546317,-0.368068576,0.0959498659
-0.205358654,0.0961010754,-0.332024962,0.158388779
-0.149886638,0.100944944,-0.247027367,0.170641243
-0.0798225328,0.0641761571,-0.133377105,0.113330133
-0.0158398841,-0.00301301572,-0.0276111122,-0.000599189836
0.027746737,-0.0736219808,0.0450916104,-0.121756308
0.0474292263,-0.117818341,0.0770900697,-0.195542321
0.0495570786,-0.117656536,0.0806463659,-0.198047116
0.0451337285,-0.0761334226,0.0725928769,-0.132165179
0.043314714,-0.0160390511,0.0697363466,-0.0301412754
0.0468288548,0.0307611506,0.078205362,0.0489503331
0.0512931012,0.0382015109,0.0870474726,0.0645904019
0.0483567044,-0.00227268878,0.0837446675,-0.00162544695
0.0308053512,-0.0786208585,0.0521744229,-0.128660813
-0.00301841553,-0.164682046,-0.00437240675,-0.267843872
-0.0476176068,-0.232392013,-0.0786394253,-0.374690592
-0.0922711119,-0.263416618,-0.150147036,-0.416718662
-0.125550836,-0.254766822,-0.20435752,-0.403811932
-0.140354559,-0.216551766,-0.229507148,-0.347203106
-0.137200803,-0.164228231,-0.229541615,-0.267238766
-0.124300331,-0.110239953,-0.209091395,-0.179767832
-0.114268042,-0.0595863424,-0.190240219,-0.0980490893
-0.118722208,-0.0110570751,-0.19922632,-0.0184496716
-0.142914757,0.0376220718,-0.235694826,0.0631355271
-0.18262732,0.0846424773,-0.295264959,0.139203757
-0.224807665,0.122554854,-0.358865499,0.199800223
-0.252048463,0.141434476,-0.395761013,0.227524281
-0.249479055,0.134864539,-0.394372493,0.219992921
-0.211509198,0.105027609,-0.340813845,0.177198038
-0.14561373,0.0636494756,-0.241754442,0.110858262
-0.071205847,0.0279273782,-0.120731995,0.0499169193
-0.0134288045,0.0134521313,-0.0249122884,0.0235245228
0.00619777991,0.0278179143,0.0100419121,0.0446627364
-0.0212378278,0.0681603774,-0.0329371057,0.111313149
-0.0872236565,0.123597749,-0.137302861,0.201357692
-0.167649895,0.180836096,-0.263765931,0.289627075
-0.231180981,0.229622141,-0.356722623,0.360037982
-0.251256943,0.265155017,-0.379950345,0.409950405
-0.216972232,0.286667317,-0.329195648,0.444482625
-0.138168052,0.29383865,-0.214279935,0.462848365
-0.0422325693,0.284009695,-0.0675569922,0.454937965
0.0364657529,0.252532929,0.0626723468,0.40907675
0.0703405887,0.196414113,0.118422821,0.322536081
0.0498002358,0.11901024,0.0902692378,0.199721158
-0.0129286908,0.0324483737,-0.0129971355,0.0558634996
-0.0891105533,-0.0446152017,-0.143390387,-0.0732013583
-0.145725101,-0.093711473,-0.239709765,-0.151259094
-0.159332737,-0.104812652,-0.263972551,-0.169010758
-0.125564635,-0.0818524212,-0.213684157,-0.132864833
-0.0601654612,-0.0422037877,-0.106374659,-0.0693650022
0.00871782936,-0.0096828565,0.0115535641,-0.0163504314
0.0534274466,-0.00397828454,0.0894587561,-0.00618408667
0.0590603203,-0.0314275026,0.101625554,-0.0528814644
0.0297077112,-0.0816551596,0.051879786,-0.135221452
-0.0139194224,-0.131893754,-0.0225801375,-0.21848765
-0.044179149,-0.157147005,-0.0756738484,-0.258199185
-0.0390205607,-0.141555697,-0.0702205747,-0.235821545
0.00821387488,-0.0857601911,0.00714012841,-0.145761892
0.0858358666,-0.00696690613,0.137388587,-0.014748415
0.168681324,0.068164587,0.274965495,0.108235016
0.228381261,0.11445839,0.367103249,0.179021493
0.244488403,0.118069775,0.393768758,0.184163019
0.211891845,0.0810771435,0.349559307,0.128395334
0.141862497,0.0192125421,0.240380436,0.0287607647
0.0569058061,-0.0457903035,0.100092851,-0.0774400905
-0.0179501325,-0.0955557153,-0.0285806935,-0.159642801
-0.0637287721,-0.122029595,-0.10698542,-0.20037663
-0.0728091151,-0.129293442,-0.124750517,-0.21208097
-0.0495609976,-0.129857168,-0.087065503,-0.214362532
-0.00690405164,-0.137388244,-0.0166892372,-0.225699455
0.0392339639,-0.159189686,0.0612093471,-0.262114942
0.0752488598,-0.191695094,0.118804477,-0.312861979
0.093288146,-0.220945612,0.147413597,-0.35712707
0.0921689719,-0.228011414,0.145429462,-0.368398964
0.0761750713,-0.197346076,0.12103188,-0.326565385
0.0526643507,-0.124791563,0.08460439,-0.212055221
0.0294547789,-0.0218349826,0.048027657,-0.0435093604
0.0126781836,0.0861198753,0.0197471064,0.13855502
0.00545246108,0.167545602,0.0117405169,0.274336815
0.00748169236,0.196249276,0.0146452971,0.321047187
0.0155560337,0.162235007,0.0295231026,0.272156596
0.0248039812,0.0773524716,0.0442619435,0.133871213
0.0303849615,-0.0273103528,0.0531516597,-0.04198258
0.0291345157,-0.11217206,0.0484722517,-0.184401453
0.0206060708,-0.144342348,0.0312209278,-0.241072685
0.00710348273,-0.111137517,0.00840608217,-0.189551651
-0.0073309103,-0.0258905888,-0.0156458728,-0.0483423732
-0.0185601115,0.0771027431,-0.0316356197,0.124361217
-0.0239161346,0.156984836,-0.0377858356,0.256889552
-0.0230000988,0.184127033,-0.0336883999,0.30296585
-0.0174084473,0.153332099,-0.0232422836,0.257195055
-0.00961615331,0.0860951543,-0.0134564172,0.147753105
-0.00167289958,0.0203841105,-0.00130030338,0.0367152318
0.0055600428,-0.00769554591,0.00877006352,-0.0123285241
0.0122369323,0.0181740932,0.0199488997,0.0264641959
0.0185852889,0.0857658237,0.0292861741,0.138672158
0.0238398686,0.159405723,0.0417653807,0.259391606
0.0258152131,0.197012782,0.0469866879,0.32152918
0.0215469021,0.171181008,0.0408582427,0.284977615
0.00881420169,0.0840569064,0.0198275354,0.144816205
-0.0122118844,-0.0316073857,-0.0181330536,-0.0477768742
-0.0381453969,-0.12634325,-0.0639544874,-0.205533221
-0.0630193576,-0.156630382,-0.107980646,-0.257892609
-0.0803135931,-0.105694748,-0.138185039,-0.178231716
-0.0855843574,0.00757858017,-0.147501633,0.00785978418
-0.0785207748,0.136109471,-0.130447477,0.220078394
-0.0634301677,0.22517395,-0.0987347588,0.363308787
-0.0478263982,0.236512914,-0.0723269135,0.385091752
-0.0396448001,0.16482909,-0.0608106963,0.278951108
-0.0442259982,0.0392418019,-0.0691180006,0.0728558376
-0.0623049438,-0.0905007571,-0.100784309,-0.145169929
-0.0897769779,-0.176118895,-0.147642821,-0.285640329
-0.11922814,-0.190710098,-0.196153507,-0.309945136
-0.142494529,-0.137587219,-0.237699091,-0.227488384
-0.153185323,-0.04495636,-0.256052852,-0.0752786547
-0.14828065,0.0497325882,-0.245654181,0.0820556358
-0.128454909,0.117350511,-0.211975738,0.195866138
-0.0973661765,0.148048624,-0.158759698,0.246457681
-0.0604904443,0.151209876,-0.097599186,0.252947688
-0.0240341257,0.145950675,-0.0372502729,0.242390946
0.00587178441,0.148354679,0.0124821104,0.246023446
0.0238483194,0.162615702,0.0422040857,0.267121613
0.0260943584,0.180390149,0.0472861193,0.295345664
0.0114413919,0.18773064,0.0238167364,0.305321485
-0.0176755041,0.174797878,-0.0240723528,0.288474619
-0.0549467131,0.142359197,-0.086305052,0.236762673
-0.0911822245,0.10135705,-0.147410825,0.170184672
-0.116657257,0.0661071464,-0.191794962,0.114071488
-0.124182895,0.0454519615,-0.204848856,0.078621529
-0.111709736,0.0373196788,-0.18580249,0.0651428178
-0.0832220092,0.0300475545,-0.140461996,0.05308415
-0.0472802594,0.00978823099,-0.0792056993,0.0204259455
-0.0136114992,-0.0303187873,-0.0244030673,-0.0479052849
0.0108602745,-0.0846643001,0.0189360883,-0.13751474
0.0247338712,-0.136805207,0.0393619575,-0.225197718
0.0322418325,-0.167605743,0.0512856245,-0.275906116
0.0405727625,-0.165498614,0.06289424,-0.273469269
0.0555975288,-0.133129731,0.0888788477,-0.223557383
0.0780679509,-0.0865232721,0.126182273,-0.147551104
0.102247417,-0.0469962768,0.168189064,-0.0811555758
0.117823809,-0.0301073734,0.195093557,-0.051575575
0.114353128,-0.0376722924,0.1917689,-0.0639895499
0.0861827582,-0.0573082119,0.146478549,-0.0965884328
0.0354910307,-0.0698888749,0.0604498498,-0.119632587
-0.0280444678,-0.0609137006,-0.0457656682,-0.104564331
-0.090787217,-0.0295239799,-0.148347646,-0.0515278429
-0.140145913,0.00997348595,-0.231937617,0.0178065822
-0.168618023,0.035238985,-0.276329368,0.0605257154
-0.175047264,0.0281343423,-0.28660211,0.0517812595
-0.162837416,-0.0144124012,-0.269040734,-0.0178087596
-0.136544868,-0.0768909827,-0.227212042,-0.119844981
-0.0991177186,-0.131314754,-0.16800651,-0.211754084
-0.0515485294,-0.150217623,-0.0910508111,-0.247102052
0.00489157531,-0.12013337,0.00192643679,-0.20147182
0.065463759,-0.0487432778,0.103686363,-0.0859798491
0.120342605,0.0380157977,0.196430445,0.0573273115
0.156453282,0.10756693,0.256795049,0.171297595
0.16268684,0.135363847,0.26929754,0.216854408
0.136161223,0.115492374,0.230963603,0.188115627
0.0859825537,0.0622259565,0.150626212,0.103365809
0.031670779,0.00215238519,0.0568470992,0.00416966109
-0.0040812837,-0.0388668403,-0.00568536436,-0.0647006705
-0.00552972639,-0.0473097637,-0.0128422407,-0.0784627646
0.0279492512,-0.0266715754,0.0430518761,-0.0469384305
0.0801553354,0.00648955768,0.131418139,0.00886568893
0.124540336,0.032376606,0.206676677,0.0513757616
0.13651292,0.0381211005,0.227961048,0.0588721856
0.105941288,0.023053674,0.180710733,0.0363549665
0.0435594171,-0.00313331629,0.0777716339,-0.00647748727
-0.0224688966,-0.0275292117,-0.0344775952,-0.0451540537
-0.058873821,-0.0418779962,-0.0995218828,-0.068327494
-0.0429730266,-0.0465385914,-0.0761843026,-0.0765544176
0.0258270372,-0.048469428,0.0373490602,-0.0795031339
0.124587454,-0.0548625179,0.201622829,-0.0901333243
0.216543823,-0.0667131022,0.346559823,-0.10994041
0.267519921,-0.0767005086,0.424361438,-0.126701921
0.261128098,-0.0731911361,0.415658832,-0.12509419
0.205296099,-0.0483930632,0.336710542,-0.0853688642
0.126948342,-0.00586946076,0.213847846,-0.0173379537
0.0576685257,0.0375413783,0.0988794193,0.0583646446
0.0177977942,0.0575886071,0.031770166,0.0953541473
0.00722462125,0.0341444202,0.0139545305,0.0595140085
0.00760091143,-0.0372043401,0.0133450199,-0.0576783195
-0.00534963096,-0.139820531,-0.00809813105,-0.226216614
-0.0462029278,-0.240544304,-0.0738272592,-0.384023428
-0.109548509,-0.302822053,-0.173038304,-0.47250995
-0.170961082,-0.30261457,-0.268069029,-0.466148317
-0.1991283,-0.239448816,-0.318631589,-0.375258982
-0.172909066,-0.13700597,-0.288342565,-0.223423675
-0.0941653252,-0.0326285549,-0.164567277,-0.0546733961
0.0108582145,0.0393872224,0.0138631361,0.0672746971
0.102940448,0.0626790375,0.16989167,0.104778945
0.148611486,0.0446855798,0.247254238,0.0725939646
0.13665098,0.0107842758,0.229693398,0.0154055031
0.0836873278,-0.0101083899,0.143096626,-0.018918721
0.0257256683,-0.000988746993,0.0435299501,-0.00446697325
-0.000272999343,0.0346733406,-0.00045712007,0.0555810966
0.0246189293,0.0755697414,0.0381354578,0.124672033
0.0915283188,0.0948232561,0.149849296,0.158900023
0.168309256,0.0752811134,0.274910212,0.12477351
0.216035709,0.0196396094,0.352499008,0.0315835886
0.208921045,-0.0500659458,0.34275192,-0.0832187906
0.147390872,-0.103445649,0.245147541,-0.172638685
0.0576829091,-0.117479004,0.0978345424,-0.20123674
-0.0215636306,-0.0886672214,-0.0366240516,-0.15184924
-0.0585050993,-0.0351075903,-0.0993469432,-0.0602759123
-0.04299872,0.0127520924,-0.0747238547,0.0223460905
0.0103346147,0.0279585309,0.0143683786,0.0482461452
0.0719468147,0.00126410171,0.119167939,0.00525158364
0.114230782,-0.0537221618,0.190148816,-0.0877621621
0.125939369,-0.107154414,0.208020762,-0.17746307
0.116294146,-0.127910256,0.189934462,-0.213990405
0.106842555,-0.0991386622,0.173550516,-0.169739649
0.116064548,-0.0264181551,0.188526124,-0.0488588549
0.145861864,0.0654837117,0.237734169,0.10133668
0.178086504,0.145235017,0.28866604,0.229132205
0.183677331,0.190082729,0.299056739,0.298508704
0.139809415,0.195547596,0.233193636,0.312532634
0.0456545316,0.174893469,0.0850680098,0.28490454
-0.0724000186,0.149287909,-0.109931014,0.244217291
-0.16993627,0.134631619,-0.270865768,0.220992461
-0.204364225,0.132687435,-0.328153491,0.218627229
-0.155848935,0.131495297,-0.257364661,0.219160438
-0.0386952795,0.114613958,-0.0690723807,0.195591837
0.102946326,0.0735435635,0.168043792,0.126211166
0.213493362,0.015701782,0.345809728,0.0250716954
0.249920607,-0.0372716226,0.40265888,-0.0631082729
0.200057879,-0.0605894141,0.32920444,-0.105156876
0.0867881104,-0.0409038141,0.149046451,-0.0752042383
-0.0433542766,0.0139178326,-0.0681857094,0.0182034243
-0.141271114,0.0759722292,-0.229829356,0.124518551
-0.175915182,0.109810665,-0.285968184,0.183590412
-0.145129412,0.0902867392,-0.240087688,0.156246886
-0.0726597607,0.0164592564,-0.123618543,0.0364091434
0.00591502571,-0.0861600935,0.00606711395,-0.136884674
0.0606825389,-0.176861301,0.0962376222,-0.287229359
0.0798728392,-0.219230413,0.124911174,-0.355188519
0.0721767619,-0.199064285,0.112940185,-0.330162019
0.0591610894,-0.131406873,0.0933934078,-0.223160982
0.0626387671,-0.0528651476,0.102426089,-0.0932916179
0.0935283676,-0.00296031963,0.152730286,-0.00607188884
0.147072673,-0.00401985319,0.242388368,-0.00499331532
0.20559898,-0.0499504358,0.333712965,-0.0822886229
0.246427238,-0.109663382,0.39198947,-0.177434489
0.25078699,-0.143326312,0.394496202,-0.23188521
0.210148692,-0.122980185,0.338689923,-0.205999255
0.128378347,-0.046877034,0.214270219,-0.0883921459
0.0201622937,0.0597132705,0.0372607149,0.0903669447
-0.0928498656,0.157341763,-0.146159038,0.254247159
-0.186916426,0.211901978,-0.291058958,0.338865817
-0.241480932,0.210588723,-0.373112798,0.33340317
-0.244492948,0.166231871,-0.381275207,0.271776885
-0.196874991,0.108328976,-0.317860067,0.182726294
-0.11439576,0.0661979541,-0.191120744,0.115603603
-0.0250344742,0.0536642596,-0.04517873,0.0921126604
0.0388620123,0.0635034218,0.065073207,0.105415851
0.0519029237,0.074230887,0.0897643939,0.122460924
0.00629365537,0.0649115518,0.015858613,0.107600182
-0.083238326,0.029254524,-0.132146537,0.0501139201
-0.183565006,-0.0192451403,-0.296143353,-0.0279197171
-0.255775183,-0.0542691015,-0.410379887,-0.0813626498
-0.271425188,-0.0520355441,-0.435050935,-0.0780489296
-0.225138158,-0.00649577379,-0.371413261,-0.00755890505
-0.13731955,0.064366214,-0.232064128,0.107986517
-0.0451337285,0.125232443,-0.0767891482,0.209381491
0.0144062657,0.140288547,0.0256498307,0.234291509
0.0212532375,0.0917830765,0.0393768586,0.155881524
-0.0192002486,-0.00928659551,-0.0263721626,-0.0120699694
-0.0802600458,-0.126122549,-0.129825994,-0.203263208
-0.128618598,-0.211634368,-0.208090693,-0.337329209
-0.142070189,-0.229162619,-0.233379155,-0.363788992
-0.12104959,-0.168571934,-0.206015125,-0.276016712
-0.0878925249,-0.0503179878,-0.153183296,-0.089337945
-0.0740896091,0.0839058608,-0.123460047,0.135649249
-0.102158658,0.188943073,-0.160549462,0.305122167
-0.171734229,0.233796656,-0.262695223,0.371978253
-0.257437766,0.211365953,-0.390537053,0.334783912
-0.320044786,0.13706176,-0.486448169,0.219584256
-0.325539201,0.0386514328,-0.505700588,0.0701679587
-0.262462288,-0.0565539859,-0.42306146,-0.0789174214
-0.148724109,-0.130838767,-0.250750214,-0.204671741
-0.0243483055,-0.178233936,-0.0481562689,-0.288648933
0.0662975758,-0.200633109,0.101664588,-0.325906277
0.0940523595,-0.201877594,0.150436237,-0.330220252
0.0568964705,-0.184112445,0.092787452,-0.30525133
-0.021040231,-0.148411199,-0.0329149552,-0.248968914
-0.102131441,-0.0983961299,-0.168612495,-0.165108487
-0.15269509,-0.0434175171,-0.253573745,-0.0702885464
-0.15653789,0.00191751658,-0.261088252,0.00399971288
-0.118621185,0.0226748548,-0.19902809,0.0419435427
-0.0583954453,0.0107433684,-0.101281464,0.0227142777
0.0023710099,-0.0298304483,0.00217523682,-0.0457424894
0.050179217,-0.08276923,0.0814057961,-0.136240259
0.0834401026,-0.125503212,0.13483867,-0.207575515
0.108283497,-0.138587579,0.173188686,-0.229396671
0.130212098,-0.114063263,0.209002107,-0.19375895
0.147374272,-0.0586476512,0.240261093,-0.103809841
0.149834663,0.0097351661,0.247185573,0.0091796834
0.125329927,0.0701942518,0.209321648,0.111081451
0.0679653659,0.107688762,0.117745675,0.174243987
-0.0155229503,0.118201599,-0.0176719986,0.19438906
-0.105961271,0.108212508,-0.168130189,0.18061237
-0.178728625,0.0894934386,-0.287209481,0.149438694
-0.214050263,0.0725338757,-0.345412374,0.123389043
-0.205284432,0.0622108392,-0.336152226,0.105860248
-0.161058784,0.0576229617,-0.267760217,0.0994931236
-0.100498341,0.055403877,-0.170531034,0.0951787904
-0.0444057882,0.0538537651,-0.0758194476,0.0909556672
-0.00708478037,0.0549766272,-0.0129526779,0.0932650641
0.00736648217,0.0630353987,0.0130950632,0.10499087
0.00333605683,0.0805624947,0.00769361341,0.13295494
-0.0113229994,0.104485236,-0.0169322696,0.173226833
-0.0300157219,0.125129849,-0.0465535372,0.207612395
-0.0490998141,0.129296184,-0.0782226026,0.21569477
-0.066313535,0.106253356,-0.107163198,0.17971459
-0.0781132281,0.0537228361,-0.127296239,0.0944774598
-0.0788364783,-0.0193095673,-0.131336927,-0.0273020733
-0.0631816909,-0.0946536362,-0.105882727,-0.152024269
-0.0308393016,-0.151190311,-0.054942023,-0.247699633
0.00998731144,-0.172686011,0.0117250485,-0.284011185
0.0434500128,-0.153788298,0.0662366748,-0.257649243
0.0522671826,-0.101768039,0.0846155882,-0.173502922
0.0268154666,-0.0335401185,0.0459382907,-0.061245285
-0.0277858004,0.0305133872,-0.0434842966,0.0476851314
-0.0912391096,0.0732897818,-0.148148701,0.121057667
-0.135800704,0.0858032778,-0.221153945,0.144840196
-0.139220059,0.068754822,-0.229730785,0.118136436
-0.096577473,0.030891357,-0.163231656,0.0573457032
-0.0245495122,-0.0147297075,-0.0438155457,-0.0189653412
0.0449404195,-0.0550669879,0.0724807158,-0.0914728492
0.0793177411,-0.0807057992,0.131447583,-0.135218024
0.0612751581,-0.0879231468,0.103328422,-0.149984807
-0.00206180126,-0.078867808,-0.00114508544,-0.134980813
-0.0817235187,-0.0599400513,-0.13403517,-0.101432249
-0.140380144,-0.0388696715,-0.232112974,-0.0628241301
-0.15022485,-0.0214224644,-0.250812173,-0.031778302
-0.10634502,-0.00897422154,-0.17951037,-0.0119410288
-0.0288338996,0.0018905648,-0.053364981,0.00513475947
0.0474136733,0.0172644984,0.0768200308,0.0294602346
0.0900041088,0.0419350304,0.149933487,0.0664333776
0.0846563056,0.0753067061,0.143723488,0.121883713
0.0413269512,0.10945151,0.0721876994,0.178897873
-0.0119316028,0.130839974,-0.0151860816,0.215133205
-0.043809019,0.125624627,-0.069172971,0.210636154
-0.0353636406,0.0863961875,-0.0577571206,0.148937225
0.0115445657,0.0171606615,0.0179029219,0.034369722
0.0768854022,-0.0663164333,0.125788912,-0.107404925
0.134033978,-0.141658738,0.21581021,-0.230519325
0.163567528,-0.188661426,0.260040253,-0.306078255
0.161783814,-0.197790116,0.258086681,-0.322068125
0.139785603,-0.174262986,0.224196196,-0.287929744
0.114468105,-0.135498688,0.184733137,-0.226365358
0.0972718447,-0.102914572,0.15963538,-0.173947871
0.0876003727,-0.0919383541,0.145770609,-0.154454261
0.0748209134,-0.105110534,0.123602986,-0.175050348
0.0475117713,-0.13168022,0.0791600272,-0.218891278
0.00412346004,-0.153817803,0.00741519313,-0.253609359
-0.0418984853,-0.15616785,-0.0695886612,-0.258753508
-0.0664974973,-0.133749366,-0.113218434,-0.222339347
-0.0473754816,-0.0941210836,-0.0846294314,-0.157760352
0.0221045632,-0.0528145097,0.0318253189,-0.0877727792
0.125463575,-0.0246523935,0.201294348,-0.0408186801
0.22717011,-0.01576389,0.363764644,-0.0272064321
0.287342012,-0.0206771381,0.455165774,-0.0387705639
0.280337036,-0.0260402579,0.447444588,-0.0476805903
0.207896844,-0.0188366286,0.342708439,-0.038105946
0.0997462869,0.00555218104,0.172953159,0.00260541914
0.000625148998,0.0400250927,0.00399248488,0.0637723505
-0.0504019856,0.0691568479,-0.0824766606,0.114440307
-0.0383932963,0.0775427222,-0.065179646,0.132213175
0.0204064175,0.0585205927,0.0315769129,0.101955481
0.0865770727,0.0183963086,0.143862173,0.0324363783
0.116911143,-0.0263057817,0.19389236,-0.0445352159
0.0858423337,-0.0572434776,0.145597264,-0.0989125296
-0.00148037355,-0.0638524443,0.000790012477,-0.11021924
-0.110824309,-0.0489411838,-0.181622401,-0.0828112736
-0.194434047,-0.0271677133,-0.317965686,-0.0421350822
-0.213062584,-0.0170710869,-0.348282427,-0.0219187122
-0.154032648,-0.0307996068,-0.258789539,-0.0439240783
-0.0369813144,-0.0669659078,-0.0692276806,-0.10345836
0.0950337648,-0.110481918,0.148991108,-0.17952989
0.194458753,-0.139626563,0.308507502,-0.228662834
0.229122654,-0.136873662,0.364379764,-0.225356191
0.194030106,-0.0980837196,0.316050202,-0.168301255
0.110339634,-0.0354891494,0.185689747,-0.0664174482
0.0130995195,0.0270177573,0.0257475767,0.0399398878
-0.0655385479,0.064068675,-0.105559468,0.107668191
-0.109329149,0.0597527735,-0.179599449,0.102406889
-0.121408708,0.0144352745,-0.201766223,0.0303207766
-0.117647424,-0.0552985854,-0.195723429,-0.0856617242
-0.114385732,-0.123167507,-0.189260483,-0.198792309
-0.117572173,-0.163118094,-0.195133388,-0.263927281
-0.119131207,-0.158554956,-0.199431688,-0.260058343
-0.102280818,-0.10758882,-0.174886212,-0.179283336
-0.0526861399,-0.0229741838,-0.0942317545,-0.0397907309
0.0307563506,0.0725401789,0.0461852923,0.11851684
0.131544545,0.153415263,0.211789414,0.247535259
0.220376626,0.198738858,0.348302543,0.310008049
0.267218769,0.197930694,0.419965684,0.304392219
0.254962176,0.153492123,0.408217221,0.239186779
0.188031554,0.0802187473,0.314899266,0.127757236
0.0915960595,0.000953285547,0.159766436,0.00156268605
0.00145835965,-0.0602405295,0.00484321639,-0.101030655
-0.0508816279,-0.0856751427,-0.0868138969,-0.142150939
-0.0511900671,-0.0699080154,-0.0899892822,-0.117807068
-0.00760022877,-0.0214788411,-0.018049052,-0.0375351347
0.0543633401,0.0406518467,0.0877747089,0.0652149096
0.104358703,0.094986923,0.172081128,0.154710233
0.121423915,0.126568601,0.203249544,0.205394551
0.103161581,0.133122265,0.175121263,0.216913819
0.0657369122,0.1251093,0.114631087,0.205900297
0.0349209197,0.11928729,0.0616650619,0.196361586
0.032662265,0.128709897,0.0559955165,0.212636247
0.0657559261,0.154266506,0.107201174,0.251887679
0.122108065,0.182526067,0.197465733,0.294625968
0.176390976,0.191695571,0.285720199,0.304651231
0.202315018,0.163262472,0.328970075,0.260881901
0.185513556,0.0935495943,0.308082312,0.151459754
0.130712301,-0.00112133136,0.222784281,-0.0016965972
0.059615463,-0.0891469121,0.102358148,-0.147461221
0.00047650488,-0.136812717,0.000921003637,-0.228795469
-0.0255655795,-0.123954155,-0.0472871363,-0.208417743
-0.0146352965,-0.054432489,-0.0290191676,-0.0939466357
0.0183533281,0.0440662913,0.0266169943,0.0691225678
0.0476949811,0.131284252,0.079427965,0.213891521
0.0505657345,0.171583578,0.0869937837,0.28006202
0.0195643008,0.148958996,0.0395058021,0.247236729
-0.0323314033,0.0728358254,-0.0479757041,0.126073837
-0.0772623643,-0.0277358536,-0.124352761,-0.0406267084
-0.0861714929,-0.118094936,-0.143358216,-0.190418348
-0.0441960618,-0.172902375,-0.0796413645,-0.280875802
0.0398727357,-0.184715077,0.055560071,-0.301863372
0.135156631,-0.162728563,0.211713508,-0.268465757
0.201231986,-0.123659596,0.320237577,-0.206594527
0.206268117,-0.0808034167,0.334494442,-0.137291491
0.142441586,-0.037780799,0.239491627,-0.0683331266
0.0312267672,0.0097709531,0.0579929575,0.00991068222
-0.0843903422,0.0663528815,-0.136220902,0.106944762
-0.157774836,0.128252566,-0.254905373,0.209906906
-0.158879533,0.18072477,-0.25570333,0.293112725
-0.0878961384,0.20339483,-0.143550992,0.335128576
0.0238485262,0.181405947,0.0382617898,0.301395416
0.126349002,0.115886003,0.208589599,0.193437532
0.171501413,0.0270179156,0.285607845,0.0456958227
0.133099616,-0.0532551669,0.224461585,-0.0907469243
0.0178963151,-0.096028477,0.0363682024,-0.163631991
-0.136692613,-0.0902287886,-0.219971359,-0.152530953
-0.276995599,-0.0491824858,-0.43838653,-0.077418983
-0.353459775,-0.00462529389,-0.543702543,-0.00113991473
-0.33874923,0.00959702488,-0.527418971,0.023285199
-0.236722857,-0.0238911323,-0.387774289,-0.0275228955
-0.0795016512,-0.0949203372,-0.139912158,-0.147804022
0.0853478909,-0.168578789,0.131236553,-0.272476226
0.211928189,-0.201291919,0.328296334,-0.322156996
0.270824313,-0.162628025,0.419743657,-0.2640571
0.256642431,-0.0520181954,0.4091869,-0.0953426808
-0.093288146,-0.0245495122,-0.129723966,-0.0501127727
-0.043970298,-0.0392693132,-0.0903059021,-0.0543336682
-0.0456742905,-0.0573174953,-0.0752766132,-0.0948679373
-0.0874838158,-0.0690223351,-0.143499762,-0.115096673
-0.138773307,-0.0682670847,-0.227162808,-0.111448102
-0.166275904,-0.0561494753,-0.27378425,-0.0901755989
-0.151791245,-0.0405684635,-0.252848864,-0.0635693744
-0.101357184,-0.0318161882,-0.172392815,-0.0484315939
-0.0412559509,-0.0365385115,-0.0727504566,-0.0590029806
-0.00320051122,-0.0534278415,-0.00741865486,-0.0873012096
-0.00675351592,-0.0731639862,-0.0109187439,-0.121485412
-0.0484316386,-0.0828689262,-0.0792390406,-0.139120221
-0.103303902,-0.0728986859,-0.170373902,-0.122595951
-0.138167888,-0.0424737409,-0.230762184,-0.0702851191
-0.129198298,-0.00115895655,-0.21705322,-0.000858058105
-0.0746254027,0.0347198248,-0.129602298,0.060089089
0.00425543636,0.0490843914,0.004726802,0.0844423026
0.0741338357,0.0331980251,0.121660881,0.0569403581
0.106744528,-0.010489434,0.177987337,-0.0169456713
0.0927898288,-0.0694161505,0.157183617,-0.116232641
0.0454554297,-0.1261563,0.0771973431,-0.208321169
-0.00797886215,-0.165182039,-0.0134102497,-0.27261582
-0.0414615311,-0.178007498,-0.0713624731,-0.291793704
-0.0438238271,-0.16469267,-0.0786986947,-0.271766305
-0.0233279224,-0.131687537,-0.0436426699,-0.219889894
-0.000923848129,-0.0877794251,-0.00488259504,-0.14791891
0.00357665494,-0.0405535251,0.00529863732,-0.0685974434
-0.0157664549,0.00495251874,-0.0251306891,0.00679390505
-0.0468907468,0.0452953912,-0.0782615468,0.0758662224
-0.0667825937,0.0767279118,-0.110614233,0.127562076
-0.0558401048,0.0942102373,-0.091951862,0.157828495
-0.0113164773,0.0924781561,-0.0201012064,0.157580331
0.0481799059,0.0688639581,0.0807526633,0.119222961
0.0904057547,0.0262568388,0.151097849,0.0452040955
0.0859560594,-0.025779143,0.146267757,-0.0432859249
0.0249613263,-0.0728917569,0.0457313657,-0.122767486
-0.0750838071,-0.100424588,-0.121642999,-0.168412492
-0.175111771,-0.0986448601,-0.285243541,-0.160171628
-0.231637463,-0.0663535595,-0.376154304,-0.104579784
-0.217041925,-0.0112413429,-0.357713968,-0.0157083664
-0.132962421,0.053072188,-0.226479679,0.0900519788
-0.0101282466,0.111806102,-0.0224558283,0.187262893
0.105267569,0.153349698,0.170052066,0.251874298
0.171943888,0.171384409,0.280434519,0.273314744
0.170825467,0.164387926,0.282608658,0.261449724
0.111319169,0.133578286,0.190070257,0.217401296
0.0243889689,0.0810914487,0.0484539866,0.134463549
-0.0532388836,0.00979046803,-0.0840329602,0.019162273
-0.0954855233,-0.0751647204,-0.158223435,-0.11812637
-0.096192807,-0.164237723,-0.161138788,-0.263329804
-0.0678608939,-0.242826357,-0.114836752,-0.385184169
-0.0320901573,-0.293346465,-0.0586224683,-0.460591108
-0.00782955438,-0.30001241,-0.0185091142,-0.473820865
-0.00373333227,-0.25461188,-0.0106898975,-0.412573755
-0.0177129935,-0.160693198,-0.0332344137,-0.269918919
-0.0422578566,-0.0339920744,-0.072994113,-0.0633715764
-0.0709748194,0.101504967,-0.116873533,0.163565323
-0.101769388,0.220490187,-0.160598695,0.353391111
-0.13493906,0.303499371,-0.202627197,0.472370952
-0.168243721,0.341465294,-0.24661696,0.520677865
-0.193305612,0.336076647,-0.283514947,0.511324704
-0.196989447,0.296339542,-0.296297699,0.460150361
-0.168101609,0.23344101,-0.262870818,0.375532955
-0.105863884,0.156591281,-0.171290025,0.262684882
-0.0246517137,0.071716994,-0.0414562523,0.126031131
0.0491186418,-0.0168585368,0.0806080848,-0.0238304809
0.0878499076,-0.103346854,0.144979283,-0.170684129
0.0765207857,-0.178450033,0.125671759,-0.29159373
0.0220252965,-0.230202988,0.0357134342,-0.373414695
-0.0477148406,-0.247920915,-0.0789142996,-0.399370939
-0.095678091,-0.227577955,-0.158335626,-0.366939813
-0.0935594514,-0.175803185,-0.160253227,-0.286973715
-0.0366459265,-0.109943174,-0.0686716661,-0.183603451
0.0522564091,-0.0532746762,0.0806097016,-0.0883619562
0.132660314,-0.0267387163,0.216825381,-0.0448680036
0.165779233,-0.0404312424,0.273102999,-0.066820845
0.134013146,-0.0885979161,0.223244607,-0.147337362
0.0505683087,-0.150700241,0.0879669562,-0.250267714
-0.0461022779,-0.19867599,-0.0742261484,-0.324160695
-0.110740028,-0.20783399,-0.18300131,-0.33520326
-0.113614634,-0.167082712,-0.192311853,-0.271303415
-0.0555069782,-0.0842098892,-0.102438457,-0.142828643
0.0324245803,0.0162148848,0.0475938134,0.0235528685
0.104108401,0.10176789,0.170709684,0.164350092
0.121752694,0.144516498,0.204148114,0.233284935
0.0751061514,0.13184011,0.13300398,0.217665032
-0.013036496,0.0712923259,-0.013499246,0.121268146
-0.0980356932,-0.0125383502,-0.157579958,-0.0182575397
-0.13582328,-0.0879015252,-0.225009158,-0.139710113
-0.105320245,-0.12839298,-0.181417674,-0.20737952
-0.0195690785,-0.122879639,-0.0413768999,-0.203183234
0.080074288,-0.0787413344,0.125248715,-0.1321951
0.143852726,-0.0172383208,0.23541528,-0.0332505256
0.137731344,0.0367410928,0.230812296,0.0557126552
0.0597700477,0.0658490583,0.106494084,0.104859017
-0.0592853352,0.067326881,-0.0890564844,0.111971818
-0.171312287,0.0528631359,-0.275925666,0.0900726169
-0.234252751,0.041571252,-0.37639913,0.0710267946
-0.231999621,0.049626518,-0.376793861,0.0841480866
-0.180993527,0.0816486329,-0.299632996,0.136309803
-0.120550208,0.128019139,-0.200049698,0.212343112
-0.0920512974,0.169390574,-0.146719918,0.276753545
-0.117543414,0.186090901,-0.184096605,0.303776473
-0.18837522,0.16770485,-0.295213312,0.272570044
-0.269336134,0.11804951,-0.417813569,0.193832576
-0.316019952,0.0531149693,-0.490953296,0.0907154381
-0.296700895,-0.00685614487,-0.470495999,-0.00199152133
-0.208001778,-0.0469678566,-0.345703185,-0.0677905306
-0.0769096985,-0.0639269575,-0.137239963,-0.101490147
0.0515140183,-0.0657469034,0.0788844228,-0.109702744
0.134497121,-0.0652438328,0.219505295,-0.110542186
0.150124386,-0.0710938796,0.248728365,-0.121443383
0.105484463,-0.0816507339,0.176535532,-0.138208762
0.0310891699,-0.0852990001,0.053567443,-0.146130875
-0.0350842625,-0.0675048456,-0.0586073697,-0.114505351
-0.0658362433,-0.0208216626,-0.111238174,-0.0373297222
-0.0565267429,0.0479218476,-0.0969182327,0.0781363994
-0.0251797065,0.117919832,-0.0423291512,0.194508776
-0.00150327734,0.16299732,-0.000343241554,0.267218411
-0.0106297331,0.164698049,-0.0108173285,0.271056354
-0.0595712885,0.123079404,-0.0908290669,0.205820173
-0.132722169,0.0589750111,-0.213666275,0.10144607
-0.198238447,0.00549621601,-0.320409864,0.0130018657
-0.222064659,-0.00786020048,-0.361981094,-0.00853427406
-0.183102757,0.0291609969,-0.304865271,0.0502317622
-0.0828716829,0.100451142,-0.145672604,0.16598776
0.0542214438,0.169427618,0.0841385797,0.277564555
0.189676136,0.196043506,0.301813066,0.313075185
0.284774333,0.157116875,0.446701974,0.243536651
0.313915819,0.059874285,0.495415866,0.0933177397
0.272593528,-0.0586740747,0.439157933,-0.095282875
0.177740797,-0.147250786,0.291081369,-0.241905555
0.0611742735,-0.164020211,0.101922512,-0.274541676
-0.0409424044,-0.097327143,-0.068924211,-0.168505594
-0.0989235342,0.0268162061,-0.16690892,0.0390781239
-0.0975596234,0.154765651,-0.162691519,0.252754092
-0.039510496,0.228734285,-0.0640033185,0.372222066
0.0562487915,0.213047355,0.0922937393,0.350893348
0.160141632,0.110871568,0.262950212,0.18876186
0.240328714,-0.03657832,0.388857573,-0.05579409
0.271670938,-0.168172792,0.424454451,-0.264893204
0.243082613,-0.230021492,0.375355422,-0.36321494
0.161168739,-0.19915475,0.256765366,-0.328845501
0.0487487055,-0.0930023566,0.0821462125,-0.165845558
-0.0617712252,0.0392848663,-0.101588264,0.0586264879
-0.138476059,0.139167741,-0.223099932,0.22598654
-0.160288662,0.164125845,-0.255917966,0.271691144
-0.123914756,0.104657918,-0.203463107,0.181383833
-0.0446655676,-0.0141310161,-0.0764946863,-0.0123774298
0.049352929,-0.14590165,0.0763291121,-0.234021515
0.127554014,-0.244216979,0.196605965,-0.388106048
0.167645246,-0.281370103,0.254658431,-0.442019403
0.162579983,-0.256888866,0.250302374,-0.410440236
0.121046141,-0.193307042,0.192631781,-0.321247786
0.0617043935,-0.122930728,0.101519838,-0.210170656
0.00414160592,-0.0729844049,0.00738148205,-0.124389015
-0.0391511321,-0.0561715886,-0.0653098971,-0.0930771232
-0.0661904886,-0.0699476302,-0.110861756,-0.112893529
-0.0831576884,-0.102942623,-0.140717968,-0.166988701
-0.0980941653,-0.143604428,-0.16407527,-0.232901469
-0.11438477,-0.185834765,-0.187715039,-0.298074752
-0.127749562,-0.228974983,-0.2083994,-0.36175105
-0.128469691,-0.273249388,-0.206088677,-0.426205993
-0.107647695,-0.314496666,-0.174621627,-0.483340263
-0.0639889389,-0.34225446,-0.107178316,-0.523978233
-0.00713450834,-0.343029767,-0.0209654458,-0.529279411
0.0447306111,-0.30728665,0.0613371469,-0.483687401
0.0722707286,-0.236240804,0.110299431,-0.38564384
0.0639198869,-0.144345284,0.102707356,-0.243773848
0.0218251105,-0.0554791316,0.0363706462,-0.0972288921
-0.0383965746,0.00587252108,-0.0613450296,0.00809496921
-0.094273448,0.0244997777,-0.154356778,0.0435674824
-0.12642473,0.000813593622,-0.207830474,0.00647579366
-0.127029017,-0.0492916033,-0.211333096,-0.0751497075
-0.102655135,-0.100955307,-0.172156423,-0.162188843
-0.0700731426,-0.130254686,-0.118979894,-0.212310642
-0.0471839719,-0.123152718,-0.0824635327,-0.204701737
-0.0436761081,-0.0798676312,-0.0739619061,-0.1349044
-0.0561593361,-0.0133095644,-0.0955941826,-0.0249769501
-0.0702472106,0.0571490563,-0.11668238,0.0950702727
-0.0685116872,0.113546975,-0.112816021,0.187189162
-0.0402251072,0.145586401,-0.0653642863,0.241358235
0.0121243093,0.153126866,0.0202806704,0.254448354
0.072932601,0.144555613,0.120227978,0.238871217
0.120239154,0.132235035,0.198702708,0.216177642
0.135832742,0.127032101,0.225426987,0.204957426
0.113732278,0.133895323,0.191774011,0.215896308
0.0629275963,0.149833769,0.110530019,0.243947566
0.00316987978,0.16482842,0.0116185052,0.269886523
-0.0439566113,0.16540204,-0.0677196085,0.273608238
-0.0642228574,0.139863938,-0.102617204,0.2346728
-0.0558246709,0.0836640522,-0.0920253694,0.145373717
-0.0282257404,0.00297835539,-0.0480256639,0.0102414554
0.00410872744,-0.0851488486,0.00609177165,-0.137574673
0.0294794459,-0.15686883,0.0443017557,-0.257570654
0.0441080853,-0.189042777,0.0691670179,-0.310467422
0.0522245131,-0.167831481,0.0802235752,-0.278880894
0.0614951104,-0.0950330645,0.0971796215,-0.163124889
0.076713942,0.0107870987,0.123660095,0.0102962507
0.0955197215,0.119519904,0.157220528,0.191813171
0.108674712,0.199598983,0.179482281,0.319531739
0.104858577,0.229162812,0.174830839,0.366668582
0.0774029791,0.203714252,0.133465767,0.330011308
0.0292697605,0.136967137,0.055603236,0.228815407
-0.0265690163,0.0544617623,-0.0376980938,0.0941204056
-0.0718363225,-0.0172429848,-0.117027722,-0.0261289794
-0.0906259939,-0.0609825365,-0.151225135,-0.0999682248
-0.0764299333,-0.074415952,-0.131755516,-0.121688306
-0.0352251083,-0.0682941452,-0.0644548312,-0.112813175
0.0167418625,-0.0588304698,0.024059426,-0.0969278961
0.059336558,-0.0582166351,0.0979551077,-0.0978013575
0.0761418715,-0.068073988,0.126724482,-0.115484387
0.0600551367,-0.0789971799,0.100598447,-0.133400932
0.0148755265,-0.0761913955,0.0256118048,-0.12975736
-0.0471333377,-0.0481397361,-0.0783429816,-0.0832253247
-0.110039406,0.00620055664,-0.182051226,0.00849325676
-0.159128934,0.0753173232,-0.25888297,0.123259351
-0.184203401,0.139185116,-0.2962192,0.225950286
-0.18083939,0.177413568,-0.288561732,0.288418323
-0.150227413,0.177600637,-0.241933092,0.292634189
-0.0985100716,0.140101373,-0.15988633,0.235997766
-0.0360553153,0.0773354843,-0.0606005415,0.135284752
0.0236719083,0.00838327687,0.0399712883,0.0175034404
0.0663549155,-0.0483853966,0.110199414,-0.0791707188
0.0804825723,-0.0814270899,0.132158995,-0.136490688
0.0616571829,-0.0887236893,0.103854939,-0.150695235
0.0157565437,-0.0767380074,0.025965672,-0.132049084
-0.0410842784,-0.056876678,-0.0665446147,-0.0970278084
-0.0867470726,-0.0413143821,-0.145666078,-0.0693170503
-0.100853845,-0.039615117,-0.168852985,-0.0630419403
-0.0732047781,-0.0566797666,-0.123456351,-0.0900559127
-0.00927384198,-0.0918496177,-0.0206621177,-0.14876987
0.0701530278,-0.138889,0.110494293,-0.22608225
0.135839611,-0.186913729,0.215688139,-0.303721637
0.161234394,-0.222612366,0.253526777,-0.357219428
0.133507162,-0.23385787,0.211319432,-0.376904696
0.0597715527,-0.213994473,0.0965354517,-0.351640165
-0.0344743095,-0.165195659,-0.0581344068,-0.275663525
-0.114489898,-0.0990385711,-0.189921677,-0.166638732
-0.149582371,-0.0332746767,-0.248472273,-0.0546880104
-0.125231877,0.014503926,-0.211580828,0.0275926236
-0.049069792,0.0338409021,-0.0859140083,0.0604562275
0.051838655,0.02581493,0.0824371129,0.0464464687
0.141430646,0.00251290598,0.231928796,0.00452324748
0.188680962,-0.0185196567,0.30858317,-0.0336500965
0.179651931,-0.0223997459,0.296677291,-0.0432165042
0.122774608,-0.00368452724,0.209510431,-0.0132178068
0.0452918671,0.0315887295,0.080113858,0.0477100499
-0.0176893435,0.0696327537,-0.0275097974,0.113259241
-0.037178915,0.0964266956,-0.0614295416,0.160997808
-0.00179353973,0.104993723,-0.00444871234,0.177485675
0.0777548626,0.0985179469,0.125245869,0.164589778
0.172904313,0.0876502842,0.279908717,0.141639978
0.248502925,0.083594285,0.396097451,0.130637228
0.276590019,0.0909804702,0.440341264,0.138268113
0.24719736,0.104733817,0.399176389,0.159788817
0.171846583,0.112927757,0.287176341,0.176879585
0.0783507004,0.104179248,0.13734737,0.170174405
-0.000932103721,0.0754014999,0.00346626551,0.126319543
-0.0425195396,0.0352969319,-0.0702079087,0.0634636283
-0.0412756987,0.0011897299,-0.0691508502,0.00391216623
-0.011906445,-0.00949176028,-0.0215288959,-0.0146851577
0.0181825552,0.0113718268,0.0289127994,0.0175466035
0.021588916,0.0574935488,0.038073048,0.0926271006
-0.0163921043,0.110446662,-0.0226595849,0.180172995
-0.0907441825,0.148369193,-0.14210549,0.242511153
-0.17859526,0.156578869,-0.281976253,0.254833549
-0.249220803,0.134391353,-0.389361888,0.219029605
-0.277706683,0.0944276974,-0.437520504,0.156206518
-0.256042659,0.0548316091,-0.411251098,0.0959835947
-0.19652538,0.0288150087,-0.324417949,0.0522102937
-0.125881344,0.0175267924,-0.211870596,0.0344427265
-0.0728612393,0.0104171103,-0.123671852,0.0193071663
-0.0551559515,-0.00702445488,-0.0908908769,-0.00951196626
-0.0718180463,-0.0426626205,-0.117992088,-0.0687290058
-0.104733512,-0.0906893089,-0.170795172,-0.147604704
-0.128313988,-0.132876992,-0.211376727,-0.213808268
-0.122593552,-0.148189813,-0.205374345,-0.24041155
-0.0832807794,-0.125828102,-0.143523663,-0.206934929
-0.0238618068,-0.0742556602,-0.0459450819,-0.125735089
0.031185247,-0.0203212872,0.0478498749,-0.0362681821
0.0585946254,0.00236125244,0.0990552604,0.00361586176
0.0478227697,-0.0293448456,0.0835229754,-0.0479822792
0.00619074004,-0.113975532,0.0138061754,-0.186336711
-0.0447410159,-0.222345918,-0.0712795854,-0.354819208
-0.0795547664,-0.308175683,-0.129718125,-0.477640957
-0.0808153749,-0.328270644,-0.133236378,-0.507519245
-0.0465554595,-0.262923449,-0.0856903642,-0.422579497
0.0099563878,-0.126591444,0.00640204828,-0.216171801
0.0674718246,0.0366815962,0.106447361,0.0519467033
0.106860586,0.171338499,0.174521968,0.272964031
0.1187554,0.23358506,0.195155874,0.372954935
0.105208576,0.209105149,0.178058535,0.339881003
0.0753785819,0.117260054,0.132533863,0.197244897
0.0385803729,0.000443633675,0.0688877553,0.00658623688
-0.000746617967,-0.0956743062,0.000924479333,-0.156133413
-0.0431159772,-0.141311467,-0.0739523545,-0.234662041
-0.089406088,-0.132407308,-0.149597555,-0.220339522
-0.135045096,-0.0875771418,-0.223759815,-0.146112666
-0.167473421,-0.0351947285,-0.277376473,-0.0576172471
-0.16963613,0.00185546,-0.279921681,0.00714765768
-0.128593713,0.0158842914,-0.217026666,0.0305771269
-0.044846572,0.0144237969,-0.0795874745,0.0280884895
0.0632440597,0.0119777014,0.10046266,0.0217712596
0.163568348,0.0191853177,0.26524508,0.0292273648
0.222212911,0.0359104276,0.358902603,0.0541220941
0.218123406,0.0519339219,0.356130928,0.0768653825
0.153331533,0.0542500541,0.258688092,0.0841713324
0.0532396063,0.0361629799,0.0960015655,0.0578667782
-0.0438468233,0.00254223752,-0.069346413,0.00541929435
-0.10333214,-0.0319486111,-0.171265244,-0.0491052009
-0.109186262,-0.0506253913,-0.184914067,-0.0801584348
-0.0697960109,-0.0440366678,-0.120609336,-0.0721397623
-0.0119790891,-0.0153650837,-0.0254970603,-0.0257338826
0.0336980037,0.0210933667,0.054880172,0.0346579403
0.0487072468,0.0474802554,0.0830411017,0.0774442032
0.0352981724,0.051698029,0.0635861903,0.0847548395
0.0137220528,0.0333710238,0.0260101352,0.0561508127
0.0095406184,0.0033458909,0.0166601967,0.00692244107
0.0379042514,-0.0226602405,0.0608447641,-0.0368047915
0.0933903456,-0.0324377716,0.151889071,-0.0544536263
0.151163295,-0.0229484402,0.247129261,-0.0413965173
0.17927435,-0.000364891341,0.29406777,-0.00608148379
0.155943424,0.0250045545,0.260939151,0.0350540355
0.082796827,0.0454334542,0.143073469,0.0722290799
-0.0131698176,0.0598882213,-0.0157585666,0.0984388068
-0.0905328393,0.073100701,-0.146941036,0.120775998
-0.112349607,0.0904412568,-0.185204133,0.151547164
-0.0639288649,0.11215397,-0.109852754,0.187616199
0.0392752029,0.131014228,0.0614105426,0.217915669
0.157646164,0.135397643,0.255565703,0.220226884
0.244549036,0.116313599,0.391298652,0.183233917
0.266579628,0.0742269978,0.428267211,0.114274167
0.217523456,0.02118662,0.359054327,0.0306466464
0.119846925,-0.0237695724,0.204831362,-0.0415680781
0.0136044901,-0.0440568738,0.0269403961,-0.0768225715
-0.0615123659,-0.0348404199,-0.102599412,-0.0598126389
-0.0824594125,-0.00676230947,-0.139880136,-0.0104408571
-0.0503490157,0.018624451,-0.0888082087,0.0341557749
0.0132584702,0.0199532248,0.0202111006,0.035738837
0.0783190206,-0.0119175017,0.128035516,-0.0172063354
0.120100297,-0.0674788728,0.200398892,-0.111578904
0.128362387,-0.121706463,0.210156113,-0.200836793
0.108544841,-0.145764709,0.177079141,-0.242176533
0.0758663639,-0.121614471,0.123641476,-0.207403198
0.0464596637,-0.0519985929,0.0765004531,-0.0934332386
0.0303254426,0.0396380648,0.0502037965,0.0619066134
0.0290172528,0.119683266,0.0487214327,0.196563348
0.0379188806,0.160301074,0.0649988726,0.261695832
0.0505736284,0.152788654,0.0875919461,0.253421605
0.0620090626,0.111495562,0.105888486,0.187411591
0.069389835,0.066174902,0.117442131,0.110421546
0.0705271438,0.0465262569,0.118381225,0.0756489784
0.0623005666,0.0667108074,0.105147772,0.105909921
0.0409635641,0.117682733,0.0705968812,0.191160813
0.00474162726,0.17124854,0.0108018601,0.278999567
-0.0428236909,0.19385612,-0.0637594163,0.316875905
-0.0913409144,0.163251981,-0.142259941,0.273038805
-0.125712186,0.0797810778,-0.203276247,0.137874022
-0.131747842,-0.0331282243,-0.217013702,-0.0471059941
-0.102798566,-0.139331579,-0.1724848,-0.221604303
-0.0439256206,-0.205938786,-0.078748323,-0.332652867
0.0289426222,-0.217117757,0.0392859057,-0.353969306
0.0949323252,-0.179361939,0.147745073,-0.297065228
0.136579812,-0.116301,0.218735501,-0.195458978
0.146578252,-0.0562808178,0.240786985,-0.0976264775
0.129626572,-0.0191909559,0.216586798,-0.0351467803
0.0986444205,-0.00887956098,0.167296723,-0.0166222416
0.0675865188,-0.0142540419,0.115035236,-0.025232831
0.0448284633,-0.0176474694,0.074456811,-0.0311438162
0.03062433,-0.00557510741,0.0513406619,-0.0104895905
0.019709263,0.0237479135,0.0334777758,0.038427975
0.007108049,0.0596508645,0.0134582063,0.0976981446
-0.00666630035,0.084862411,-0.00953478739,0.141653672
-0.0144812753,0.0845525786,-0.0228502844,0.143629223
-0.00654842518,0.0538607836,-0.0101768812,0.0926576257
0.0226306636,0.000370256632,0.0376065709,0.00459390972
0.0684872717,-0.0592362843,0.111493163,-0.0966464579
0.115627147,-0.106263459,0.188208386,-0.176464841
0.143353924,-0.127255797,0.231100366,-0.210964054
0.135225624,-0.118245512,0.220972911,-0.199360967
0.087898232,-0.0846745372,0.148095712,-0.14768362
0.0144790653,-0.0378380679,0.0262493119,-0.0680980608
-0.0598154217,0.00993380789,-0.0988476798,0.0143501321
-0.108017854,0.0490990244,-0.178699464,0.0814232975
-0.112951562,0.0745166764,-0.188450336,0.125636607
-0.0744022578,0.0849972665,-0.124910459,0.144098938
-0.00850100722,0.0818350911,-0.0159643684,0.139041513
0.0602083132,0.0674399734,0.0988101438,0.11340785
0.109932497,0.0446199253,0.183066815,0.0753253177
0.130492046,0.0163872503,0.218150824,0.0260988753
0.12578474,-0.0141541995,0.210646629,-0.0261885375
0.109234191,-0.0441053249,0.183535725,-0.075582616
0.0952336565,-0.0711047351,0.156448513,-0.11947912
0.0914299339,-0.0933214799,0.148824915,-0.15692693
0.0958255529,-0.108930886,0.157209307,-0.181425557
0.0997074097,-0.115412034,0.163106352,-0.192906454
0.0940765366,-0.109423608,0.15438129,-0.183600277
0.0754453242,-0.0879181623,0.125948548,-0.150847211
0.0475582182,-0.0504407249,0.0791585222,-0.0882931128
0.0182916764,-0.00157525402,0.0307433568,-0.00433543604
-0.00595046766,0.0481127724,-0.00839470048,0.0784857348
-0.0244626757,0.083997272,-0.0393406786,0.140141413
-0.0420938395,0.092270419,-0.066730313,0.154973507
-0.0645942315,0.0661743283,-0.104371414,0.114061512
-0.0924121439,0.0107625844,-0.150086522,0.0222065579
-0.117306948,-0.0565630421,-0.193170741,-0.088602446
-0.124846362,-0.110931553,-0.20644857,-0.177612022
-0.10241586,-0.129020527,-0.173563868,-0.211389825
-0.0486976467,-0.0987241119,-0.0877520368,-0.164313838
0.0211062953,-0.0251963884,0.0288977642,-0.0458201542
0.0784836635,0.0698093176,0.127882257,0.111685805
0.0931817889,0.155605182,0.156681642,0.250605583
0.0482651219,0.204393789,0.0878082141,0.329903156
-0.0488979332,0.202378199,-0.0695700198,0.329385608
-0.166118041,0.155379295,-0.259297073,0.255848825
-0.257985294,0.0864453688,-0.405663252,0.145347655
-0.285127193,0.0263831224,-0.452216119,0.0495196544
-0.232346222,0.00121139199,-0.38122952,0.00869215652
-0.116737276,0.021848686,-0.202129558,0.0400277339
0.0187006891,0.0803162456,0.0235498473,0.133446544
0.123520188,0.153862581,0.201033905,0.246736556
0.161908582,0.21500577,0.262106955,0.337063521
0.127979293,0.243054822,0.213302538,0.384072721
0.0470202044,0.232228607,0.0858556703,0.37293905
-0.037723735,0.193139434,-0.0535371639,0.316249669
-0.086075291,0.147336438,-0.137146503,0.245516121
-0.0793556198,0.117504768,-0.130788267,0.198061526
-0.027328806,0.117584437,-0.0472423658,0.197631583
0.0392475538,0.146902949,0.0632023066,0.240594894
0.0860092789,0.190601736,0.140757531,0.307569265
0.0929213911,0.226013973,0.154537603,0.36149618
0.0634118915,0.232298642,0.110669382,0.373936504
0.0202895403,0.199434638,0.041102577,0.325089961
-0.0087857917,0.133006692,-0.00930099841,0.22454837
-0.0079177171,0.052867692,-0.0124620944,0.0917426869
0.0177072827,-0.0139147444,0.0276366919,-0.0216477122
0.0450766087,-0.0432665236,0.0720402896,-0.0728998706
0.0474548563,-0.0236759409,0.0780917555,-0.0432850271
0.0114735337,0.0385539159,0.0204835162,0.0579469018
-0.0525497012,0.120589443,-0.0829965621,0.194777861
-0.113375008,0.190769121,-0.178174883,0.309327245
-0.133979648,0.220173419,-0.212425202,0.356203198
-0.0914977342,0.193869025,-0.147659943,0.322071642
0.00860634632,0.117467903,0.0132263163,0.203136533
0.132097512,0.0161484312,0.21713154,0.0326106511
0.230280071,-0.0739638731,0.369181395,-0.11982742
0.262365937,-0.11914669,0.415603667,-0.194952652
0.214802042,-0.101176403,0.347243994,-0.172241032
0.107741967,-0.0249769557,0.183375195,-0.052698411
-0.014751575,0.0824681371,-0.020393908,0.128729478
-0.10594099,0.181863546,-0.168540731,0.294004351
-0.138429165,0.23642309,-0.217309162,0.379578531
-0.115938574,0.226000592,-0.183244452,0.369604141
-0.0691333264,0.1549059,-0.111425839,0.262091815
-0.0379706919,0.0502543077,-0.0600137152,0.0902447551
-0.0499240495,-0.0484932214,-0.0808947161,-0.0775624663
-0.105381534,-0.104598865,-0.17357111,-0.172516555
-0.177621037,-0.0977535993,-0.290240347,-0.160618708
-0.227086455,-0.031172011,-0.370016366,-0.050468456
-0.222282186,0.0703249201,-0.362315208,0.114102639
-0.156316176,0.169964209,-0.256023973,0.277687192
-0.0506032929,0.232230097,-0.082874015,0.377833545
0.0559051223,0.234477982,0.0911314934,0.380928099
0.126041368,0.173006162,0.210241646,0.28418088
0.142078638,0.0622663498,0.241238892,0.105455428
0.112678617,-0.0713558719,0.190972105,-0.11681851
0.0659691617,-0.198079541,0.108012863,-0.320674419
0.0329883918,-0.292398185,0.0481793024,-0.462009728
0.0306887049,-0.33791554,0.0402432159,-0.522770464
0.0536369793,-0.329028547,0.0747716427,-0.513288975
0.078614451,-0.270301253,0.117156081,-0.433817863
0.0792452022,-0.174599692,0.124459155,-0.292512
0.0423898809,-0.0605471022,0.0695457011,-0.107945271
-0.0228119679,0.0507546589,-0.034930896,0.0788614154
-0.0883006752,0.139888614,-0.142118752,0.228140369
-0.121171124,0.193728,-0.191062182,0.316106975
-0.101012975,0.209154382,-0.162075698,0.341582894
-0.0313263535,0.194110081,-0.05179267,0.321130127
0.0610322133,0.164766639,0.0990277901,0.273481309
0.138140216,0.139154583,0.227051124,0.22665599
0.168756813,0.129478946,0.276901573,0.207285702
0.142595336,0.136491507,0.238750815,0.216507375
0.0742080957,0.14887917,0.129464701,0.24131164
-0.00495259929,0.14858453,-0.00149446016,0.243175864
-0.0617800094,0.120130755,-0.096947588,0.201530963
-0.076219134,0.0597699471,-0.125051394,0.104490846
-0.0484524444,-0.0201330986,-0.0827516764,-0.0273881853
0.00407624897,-0.094209753,0.00441806158,-0.152794212
0.0571356677,-0.134004861,0.0902040675,-0.221632376
0.0915929601,-0.12063536,0.146825135,-0.203664511
0.100725532,-0.0544599257,0.164562568,-0.0970607251
0.0902008116,0.0429720096,0.150492683,0.0636239573
0.0722498223,0.136097685,0.121497698,0.219439074
0.0584122241,0.188899323,0.0993765295,0.307297617
0.0551799983,0.179091707,0.0940464586,0.29505536
0.0642462447,0.10679277,0.110475928,0.182681352
0.0857117996,-0.00602147635,0.145904824,-0.00412429543
0.120696574,-0.124834776,0.197136119,-0.201349631
0.170530394,-0.216363981,0.266776115,-0.345165759
0.232538089,-0.260686129,0.350330174,-0.404627562
0.295484215,-0.256704539,0.436801672,-0.393366247
0.338894218,-0.219276115,0.500080287,-0.336138904
0.338731349,-0.170221925,0.509289145,-0.26562497
0.278088987,-0.128009245,0.437940657,-0.20912911
0.157874465,-0.10097862,0.262457043,-0.172576949
0.00126889581,-0.0867214128,0.00628585462,-0.147998884
-0.151879281,-0.0768889934,-0.246942207,-0.126900464
-0.259589761,-0.0640784651,-0.413892835,-0.0997184142
-0.295080006,-0.0467795394,-0.468648672,-0.0678195283
-0.258567065,-0.0298709292,-0.418584794,-0.0423490331
-0.177317187,-0.0208720081,-0.297337115,-0.0282765962
-0.0147297075,0.00981980469,-0.0352110974,0.0190683641
-0.0632829443,0.0403036326,-0.0952446833,0.0615471229
-0.0788288713,0.0820055008,-0.131538033,0.136918738
-0.0592074096,0.11391113,-0.0980383381,0.189646751
-0.0163030569,0.113013186,-0.026614638,0.191107199
0.0319862142,0.0656062961,0.0548851117,0.113153733
0.0705085471,-0.0251007713,0.119325534,-0.0370156802
0.0916728675,-0.138565019,0.150680855,-0.223879486
0.0948117226,-0.243930817,0.149807185,-0.390026897
0.0821485966,-0.311507106,0.12491671,-0.487905949
0.0551910102,-0.323892057,0.0820930675,-0.507069767
0.0144124981,-0.282208174,0.0180185884,-0.452233285
-0.0377673432,-0.205033422,-0.0648318827,-0.338723391
-0.0934539735,-0.120624363,-0.1569608,-0.202688232
-0.138736516,-0.055683922,-0.229326785,-0.0923789591
-0.157901898,-0.0252086092,-0.262231737,-0.0375871658
-0.140923724,-0.0274185855,-0.235294327,-0.0403888412
-0.0900943056,-0.0456825085,-0.153329805,-0.0705434233
-0.0214139279,-0.0565279052,-0.0399148092,-0.0926320329
0.0411186069,-0.0403744467,0.0650105774,-0.0688591972
0.076178208,0.00948830228,0.125167698,0.010875457
0.0754615068,0.0834576488,0.128139749,0.132811755
0.0480570719,0.159203038,0.0835742503,0.25607574
0.016016759,0.210799396,0.030090021,0.341973513
0.00291913445,0.219510674,0.00840692595,0.357240319
0.0211061314,0.181550413,0.0373062156,0.301372379
0.0642519742,0.109435052,0.107693851,0.185610399
0.109356552,0.0263986196,0.183182478,0.0455163531
0.127449051,-0.0435076877,0.212157443,-0.072807014
0.0977864861,-0.0850346833,0.163545877,-0.144642398
0.0185227264,-0.0966720879,0.0329057537,-0.164370865
-0.091360569,-0.0888306722,-0.148681119,-0.149852619
-0.199645773,-0.0765525177,-0.322479665,-0.123555116
-0.274113357,-0.0707412437,-0.434590042,-0.107979968
-0.295042992,-0.0725637376,-0.466877103,-0.107871778
-0.261437148,-0.0739041269,-0.419985473,-0.112254471
-0.18891789,-0.0634368956,-0.314585507,-0.0981969386
-0.101393953,-0.0347723961,-0.174651504,-0.0553002656
-0.0211983547,0.00809313916,-0.0378218666,0.0130628292
0.0377129391,0.0513929762,0.0629289076,0.084974356
0.0713185668,0.078305386,0.12016654,0.128757551
0.0827499032,0.078302227,0.140688524,0.130330592
0.0780374855,0.0539339632,0.132280484,0.0898430124
0.0631637722,0.0209404845,0.108592972,0.0343237221
0.0434609689,0.00101731427,0.0741383135,-4.08848355e-05
0.0243673027,0.0105852624,0.0413916819,0.0140172094
0.01164186,0.0513366908,0.0196977109,0.0836547762
0.009870301,0.107767403,0.0160367023,0.177673042
0.0198397879,0.153515562,0.0334461778,0.251424283
0.0367808416,0.163807675,0.0628239587,0.270672917
0.0514361598,0.128006026,0.0873321965,0.213448182
0.0542828068,0.0559323393,0.0940382704,0.0977891833
0.0409980528,-0.0254501775,0.072700195,-0.0401576236
0.0159377959,-0.0837155506,0.0288315862,-0.139942616
-0.00895646773,-0.0956113935,-0.0163679328,-0.161766082
-0.0199438557,-0.0577760711,-0.0366362184,-0.101043068
-0.00917643774,0.0114591094,-0.0187724717,0.0171062872
0.020036919,0.0799355805,0.0318717882,0.131374061
0.0537848882,0.115485318,0.089394629,0.191977397
0.0741986036,0.0994454175,0.126277596,0.166014045
0.0688672513,0.0340908542,0.119491361,0.0587382019
0.0377776921,-0.0587507002,0.0683196485,-0.0967706442
-0.00642251549,-0.146674588,-0.00884755608,-0.241119191
-0.0454067327,-0.199057579,-0.0766673833,-0.324501038
-0.0657179505,-0.197791845,-0.113102376,-0.322948694
-0.0668367445,-0.14275907,-0.116756901,-0.237973839
-0.0617762469,-0.0509350598,-0.108177356,-0.0888692811
-0.0693146437,0.0496386848,-0.115542017,0.0793152079
-0.101914242,0.128513187,-0.165095493,0.211319059
-0.156287581,0.161537811,-0.246330962,0.264366746
-0.212591201,0.137625158,-0.334553987,0.227749512
-0.243644729,0.0622413605,-0.387451768,0.109125055
-0.229801461,-0.0432378463,-0.372518659,-0.0580299459
-0.171405688,-0.146639019,-0.281939745,-0.228008106
-0.0914412737,-0.21394664,-0.155195102,-0.340653598
-0.0259263534,-0.220046356,-0.0495368876,-0.357589751
-0.00630504452,-0.15784651,-0.015401491,-0.266377658
-0.0428499952,-0.0420312844,-0.0724963546,-0.0787283778
-0.118125148,0.0949169174,-0.191744819,0.151236504
-0.194583818,0.213826939,-0.304214746,0.336806417
-0.232903838,0.283124834,-0.350845039,0.434500664
-0.211711749,0.290331542,-0.321841985,0.452150732
-0.138270333,0.245495752,-0.217103198,0.397592634
-0.0442790501,0.174743488,-0.0714289844,0.292828858
0.0311549362,0.106874093,0.0539804585,0.182245553
0.0623166263,0.0595715195,0.106824622,0.0988655388
0.0501760431,0.0322541855,0.0867801234,0.0511954874
0.0208122134,0.00933232531,0.0376391262,0.0156240016
0.00966667943,-0.0278420821,0.0161543228,-0.0464398488
0.0402004048,-0.0869136676,0.0648861006,-0.140995651
0.108873367,-0.156451151,0.173321739,-0.252956182
0.185213387,-0.209069207,0.287138641,-0.333232909
0.227640152,-0.214952141,0.352419317,-0.341828316
0.206966609,-0.159016937,0.329033405,-0.264677286
0.12488313,-0.0523316525,0.207386583,-0.0979816392
0.0168812014,0.0691980422,0.0321136676,0.108610988
-0.062974073,0.159450591,-0.0992060229,0.261184394
-0.0683858395,0.183442757,-0.110130101,0.30477643
0.0149452277,0.13480033,0.0238124877,0.231647611
0.159812748,0.0401440524,0.259424388,0.0725271478
0.308098376,-0.0524594486,0.477661401,-0.0816587731
0.3967053,-0.0957457349,0.588530004,-0.150154322
0.386266142,-0.0653824136,0.581622481,-0.111301951
0.278638303,0.0289100576,0.447355926,0.0296154581
0.114871912,0.148586214,0.197608784,0.230900675
-0.0448768102,0.244898066,-0.0624138415,0.389233649
-0.149169534,0.281285018,-0.225301325,0.44268465
-0.177112177,0.248347238,-0.273751795,0.397304684
-0.144034892,0.164519072,-0.23195456,0.276781768
-0.0893987343,0.0633047074,-0.147803858,0.114533007
-0.0542232469,-0.0251022838,-0.0908659622,-0.0383801982
-0.0600870512,-0.0875506103,-0.0980915651,-0.143821314
-0.100128442,-0.130006298,-0.163600117,-0.212707892
-0.145644426,-0.167943686,-0.236258626,-0.271186829
-0.163663894,-0.211725563,-0.26512605,-0.33393997
-0.135576293,-0.256298214,-0.221902966,-0.399526179
-0.0670806393,-0.281708151,-0.116062477,-0.440087408
0.0150818583,-0.264359891,0.0144323623,-0.423573554
0.0769873038,-0.192414895,0.117168762,-0.319644332
0.0941113755,-0.0760604888,0.151613235,-0.135077268
0.0620318912,0.0538817681,0.106049962,0.0814623684
-0.00354890106,0.158932611,-0.000821224821,0.257079035
-0.0763104185,0.210748315,-0.116267577,0.342223048
-0.132436559,0.204038382,-0.206179962,0.333410054
-0.16030246,0.157485694,-0.254569441,0.259837687
-0.162413254,0.102202989,-0.26325345,0.173182577
-0.150023654,0.064241603,-0.247289509,0.110580809
-0.134785816,0.0509966426,-0.223768309,0.0868635178
-0.122747563,0.0490990244,-0.203233987,0.0834731162
-0.113783948,0.034793064,-0.187814921,0.0607832149
-0.105698347,-0.00939930044,-0.175654501,-0.0113885375
-0.0992140174,-0.0816155896,-0.165204018,-0.127878666
-0.099701032,-0.159108192,-0.16421786,-0.255260468
-0.113880314,-0.209562615,-0.185948938,-0.335770458
-0.1433575,-0.209148616,-0.23288548,-0.335826963
-0.179378867,-0.15706104,-0.291646093,-0.253380984
-0.203028992,-0.0779664367,-0.333028138,-0.127729267
-0.192180946,-0.0103683816,-0.317486972,-0.0142116705
-0.132484511,0.013202535,-0.224190563,0.0267091133
-0.026863819,-0.0164933,-0.0499438047,-0.0198769085
0.101896025,-0.080151096,0.163981602,-0.128017515
0.217762962,-0.139876395,0.343531966,-0.224224165
0.284984469,-0.159231156,0.439621031,-0.252685994
0.282618076,-0.122708395,0.442205369,-0.201786563
0.213414684,-0.0442053042,0.348690748,-0.083463639
0.102949701,0.0400407836,0.176936567,0.0589770265
-0.0105670821,0.0902616531,-0.0103704277,0.148426041
-0.0911312401,0.083699137,-0.147138461,0.141527757
-0.117884353,0.026093008,-0.195565462,0.0510682017
-0.0908814371,-0.0516664907,-0.152540773,-0.0786422491
-0.028022131,-0.109552003,-0.0522099137,-0.179109648
0.0444772281,-0.118365489,0.0677563995,-0.19754757
0.103180647,-0.0732781142,0.165605053,-0.127091825
0.135242373,0.00553007796,0.22281383,0.000798145484
0.140317634,0.0844890773,0.232067034,0.131546944
0.127041757,0.133561596,0.211877257,0.214892074
0.106861793,0.139375001,0.179958373,0.227764666
0.0885758325,0.108388186,0.151284397,0.18035084
0.0758001953,0.0599176437,0.129729375,0.101956137
0.0676392764,0.014338905,0.114368632,0.0244284626
0.0612158217,-0.0163100976,0.102886654,-0.0279217958
0.0541849993,-0.030571878,0.0902953967,-0.0523829088
0.0459317826,-0.0329480544,0.0752724186,-0.0568506196
0.0372660533,-0.0270497091,0.0617501177,-0.0461492129
0.0293377787,-0.0121211661,0.0502950624,-0.0216410905
0.0227336064,0.0143632051,0.0372137874,0.0223140493
0.0173153374,0.0501156598,0.0289644077,0.0813276172
0.0127224261,0.0830091387,0.023062503,0.137163833
0.00904001109,0.092847541,0.0166492593,0.155800968
0.00714256661,0.0610158518,0.0152108558,0.105887957
0.00854364689,-0.0164920799,0.0165117756,-0.0231604893
0.0149140405,-0.120639779,0.0247686338,-0.195316732
0.0275383964,-0.212303758,0.0418374836,-0.342694342
0.0468565449,-0.247715876,0.0709563866,-0.398402721
0.0720710158,-0.200186968,0.11079029,-0.330782384
0.100800417,-0.0771760717,0.160385743,-0.137642741
0.1289469,0.0773183554,0.209184334,0.117925063
0.15113239,0.198426828,0.245872483,0.31186676
0.161980212,0.228306189,0.262955099,0.362050891
0.158073857,0.143488735,0.264878273,0.236704364
0.139818579,-0.0318568647,0.238269344,-0.0459488221
0.1120914,-0.234080434,0.178774461,-0.370487571
0.0828708857,-0.386669368,0.12101908,-0.580089509
0.0600056499,-0.433209449,0.0802783668,-0.636983752
0.0474596955,-0.361252129,0.0625319034,-0.558970392
0.0430398062,-0.205987692,0.0615888909,-0.34490326
0.0392003506,-0.0324580111,0.0610143058,-0.0653116554
0.027039364,0.0946107879,0.0461037606,0.154326335
0.001735089,0.13863574,0.0075746025,0.230919465
-0.0335100852,0.10374219,-0.0500859991,0.176740572
-0.0676079914,0.0272503551,-0.108914427,0.0528630279
-0.0864616185,-0.0426428244,-0.143909946,-0.0669177994
-0.0805921853,-0.0718191937,-0.137456715,-0.116673537
-0.0516079552,-0.0552923642,-0.0909088254,-0.0929435492
-0.0136332707,-0.0157835241,-0.0274283104,-0.0279373024
0.0119472397,0.0118904999,0.0197769739,0.0181408692
0.00659901183,0.001300873,0.0136516429,0.00195941748
-0.0351500586,-0.0512532629,-0.055626858,-0.0821590573
-0.100827299,-0.125452235,-0.164639652,-0.203442663
-0.163709566,-0.188279495,-0.26348263,-0.299441397
-0.194182858,-0.211060569,-0.310550481,-0.331317693
-0.173776433,-0.183026195,-0.285823584,-0.292690575
-0.105060078,-0.114925429,-0.182067171,-0.190153912
-0.012162718,-0.0320275053,-0.0273752827,-0.0557802618
0.0689627081,0.0386400148,0.111845151,0.0618905053
0.106346786,0.0796799734,0.178092271,0.128878593
0.0865261704,0.0880070999,0.149410605,0.14496465
0.0208255798,0.0719076842,0.0410258099,0.119479984
-0.0596807599,0.0438113883,-0.0935653448,0.0737140253
-0.118156396,0.013789692,-0.194122851,0.0268366318
-0.128275961,-0.0127483997,-0.213853493,-0.0173710361
-0.085149169,-0.0331302844,-0.14618054,-0.0512832701
-0.00605918793,-0.0441927798,-0.0175193492,-0.0724338144
0.0787312984,-0.0412753969,0.125803038,-0.0695286021
0.140102848,-0.02091139,0.229774699,-0.0397356525
0.162100166,0.0145076895,0.26791355,0.0178559814
0.146420494,0.0539303087,0.243648753,0.0820171386
0.108152993,0.0799933001,0.182683483,0.128371924
0.0660509169,0.0767332911,0.112960763,0.126932278
0.03303691,0.0390988998,0.0585967265,0.0677680448
0.011845734,-0.0213397853,0.021045208,-0.0308383964
-0.00264848676,-0.0788457468,-0.00426142383,-0.129170477
-0.0167851821,-0.10433425,-0.0285698324,-0.174941793
-0.0317773707,-0.0798693076,-0.0550559461,-0.137629628
-0.0417456105,-0.00936904177,-0.0715942234,-0.0204393566
-0.0372778364,0.0807794333,-0.065216966,0.13127017
-0.0121838693,0.152666464,-0.019704584,0.251432508
0.0308888908,0.174746096,0.051393427,0.288229436
0.0796937495,0.137952745,0.134493038,0.230811819
0.117351465,0.0616207458,0.197152585,0.105759338
0.130533069,-0.0144618805,0.219070286,-0.0229951385
0.116382986,-0.048595801,0.193767831,-0.0847221017
0.0842997655,-0.0174827985,0.139605165,-0.0354050212
0.051496543,0.0717471689,0.0853510574,0.112938002
0.0346780866,0.183987126,0.0577689335,0.294675916
0.0422618017,0.272190511,0.0692932308,0.430870175
0.0711775348,0.299353212,0.115736283,0.470490307
0.109668106,0.255804271,0.179163471,0.409689158
0.144190058,0.163447648,0.238561571,0.26843366
0.166363493,0.065000914,0.276805162,0.10887336
0.176116407,0.00358452834,0.288588285,0.00343219261
0.179531679,0.00260316185,0.294601858,-0.00114776904
0.183027312,0.0555147566,0.297656,0.0826643631
0.187583119,0.130083993,0.30495885,0.20260866
0.186607689,0.184629887,0.302063882,0.29048115
0.168847978,0.188112363,0.277163029,0.298393905
0.124786086,0.134355128,0.212054625,0.221417874
0.0529542193,0.0438682213,0.096354641,0.0741767585
-0.0373536013,-0.0470971391,-0.0578930825,-0.0764596537
-0.128479972,-0.104530267,-0.210834995,-0.170758009
-0.200653076,-0.112824708,-0.326058149,-0.181992188
-0.238899007,-0.0814679489,-0.385081023,-0.12882708
-0.237374946,-0.0393630378,-0.386018604,-0.0592201427
-0.199591696,-0.0198225453,-0.328391075,-0.0281445738
-0.135344133,-0.0435696654,-0.227650434,-0.0650889799
-0.0567192659,-0.107826263,-0.0978648663,-0.170852467
0.0245495122,-0.186576292,0.0351041071,-0.300822735
0.0976452306,-0.24187617,0.15014863,-0.387447625
0.152235657,-0.241070792,0.234696895,-0.385361165
0.17895858,-0.172181442,0.28106001,-0.284382731
0.17194441,-0.0506091155,0.279017448,-0.0936034322
0.132590473,0.0858553946,0.220734656,0.130803078
0.072106272,0.191653386,0.124583229,0.30677408
0.0101759443,0.231554747,0.0242014714,0.373710752
-0.0311489496,0.19465518,-0.0452016257,0.322739422
-0.0363564789,0.0984963402,-0.0569944717,0.171169803
-0.00396336569,-0.018278582,-0.00558893895,-0.0242607649
0.0517140925,-0.111531474,0.0814324319,-0.18266657
0.106315315,-0.148923472,0.168899894,-0.247130319
0.136583656,-0.121764645,0.220253974,-0.206391796
0.131529301,-0.0467505269,0.215548038,-0.085792236
0.0976616964,0.0426825136,0.163950205,0.0631109774
0.0550817065,0.11122869,0.0950161442,0.181866467
0.0260251556,0.136143953,0.0461001135,0.225861341
0.0217760019,0.115059428,0.0393646285,0.194679484
0.0352235995,0.0642390326,0.0602482855,0.111285038
0.0437144898,0.00882043876,0.0740480348,0.015842177
0.0214106366,-0.0298024733,0.037873596,-0.051136259
-0.0450469591,-0.0432387553,-0.0712662265,-0.0736832395
-0.146127701,-0.0377648845,-0.236218646,-0.0645273477
-0.25058496,-0.0281726252,-0.398412019,-0.0422175005
-0.318655342,-0.0275999215,-0.497420877,-0.0368838869
-0.32118538,-0.0391246565,-0.503926873,-0.0539142452
-0.254945606,-0.0538132749,-0.412997872,-0.0777423456
-0.145809814,-0.056315802,-0.248475179,-0.0873629376
-0.0374581777,-0.0348749757,-0.0701800138,-0.057663504
0.0291970111,0.00996472873,0.0469288863,0.0133937728
0.0355568528,0.0631560385,0.0622280091,0.102259181
-0.00628106017,0.101246566,-0.0056492975,0.16649656
-0.060872525,0.104001738,-0.0966247991,0.174271017
-0.0889141262,0.0655236915,-0.146139383,0.114171408
-0.0687820315,-0.00126966182,-0.115515262,0.00521860272
-0.00873271376,-0.0696965232,-0.019253185,-0.111152135
0.0569077358,-0.111804023,0.0891188905,-0.185173303
0.0858693719,-0.11211805,0.138851389,-0.187926695
0.0510327034,-0.07550928,0.0865682364,-0.131621897
-0.0437018164,-0.0248543099,-0.0692953318,-0.0464277193
-0.163400978,0.0106045967,-0.263559878,0.0171208438
-0.258380949,0.0103802821,-0.41015166,0.0217365846
-0.288660765,-0.0264593735,-0.458436102,-0.031663537
-0.244050205,-0.0805265382,-0.394728512,-0.119005628
-0.14944455,-0.121955767,-0.252655774,-0.193118006
-0.0524748005,-0.125891313,-0.0945019722,-0.207897723
0.000232504419,-0.0856474116,-0.00275574159,-0.145606086
-0.0139347948,-0.0167011637,-0.0222619846,-0.0337720662
-0.0829838142,0.0506104603,-0.135270983,0.0804794207
-0.167350426,0.0859865919,-0.268749356,0.142316967
-0.220651865,0.0740561485,-0.35306403,0.125994503
-0.213288143,0.0217491575,-0.347924858,0.0439199209
-0.146800518,-0.045408614,-0.247702599,-0.0662242472
-0.0519541018,-0.0959079862,-0.0914622545,-0.154726774
0.0279165115,-0.107152447,0.0414579771,-0.178964034
0.0592296347,-0.0751345679,0.0978601724,-0.12995322
0.0344962254,-0.0144364834,0.0592706837,-0.0312677249
-0.0254046191,0.0506710485,-0.0387539305,0.0805372447
-0.0834518671,0.0987035111,-0.135937899,0.163606063
-0.106098987,0.120214283,-0.173755035,0.200837985
-0.079700619,0.119298771,-0.131560639,0.20097743
-0.0154570993,0.107438616,-0.0263816603,0.181053638
0.0588380992,0.0940807164,0.0972326025,0.157557681
0.114816971,0.0799541846,0.191165954,0.129616246
0.138069242,0.0572135411,0.2310168,0.0931113362
0.133376539,0.0162352007,0.22411783,0.025684597
0.118520878,-0.0452266522,0.198749766,-0.0747900605
0.111135475,-0.116417617,0.182049155,-0.192202404
0.116837904,-0.175524041,0.185706094,-0.285596222
0.125785008,-0.198911741,0.198211759,-0.324323356
0.119570166,-0.173083588,0.189954787,-0.287911832
0.0841292888,-0.102896705,0.138060197,-0.177818149
0.0206717122,-0.0112500405,0.0361745246,-0.0251994543
-0.0522766747,0.0701709166,-0.0842115954,0.114203639
-0.107441589,0.114768289,-0.175852522,0.190345436
-0.123383649,0.112666607,-0.201622188,0.189954177
-0.0967239067,0.0743015334,-0.159384415,0.129345
-0.0446668193,0.0242475253,-0.074520424,0.0455397256
0.00415648334,-0.0114656985,0.00512623088,-0.0183468014
0.025770409,-0.018071495,0.0436617173,-0.0318108387
0.01485522,0.00149076572,0.025308622,-0.000906520465
-0.0115791354,0.0293252487,-0.0173702408,0.0469114184
-0.0235523097,0.0426732898,-0.038859617,0.07171233
0.00413690088,0.0258823261,0.00719441054,0.0461939462
0.0754807591,-0.0218660422,0.123125792,-0.0331493132
0.167689025,-0.0866607949,0.269970804,-0.13985309
0.240463048,-0.147167757,0.377919108,-0.236049876
0.256052077,-0.184877336,0.397763073,-0.293958962
0.199814886,-0.191863447,0.319687098,-0.311755598
0.0901406109,-0.17237702,0.15007484,-0.288994431
-0.0282574967,-0.138163179,-0.0460359231,-0.232854143
-0.105049558,-0.100753114,-0.175724521,-0.166842997
-0.108834952,-0.0653423816,-0.185074911,-0.106211305
-0.0429751687,-0.0296053234,-0.0787301287,-0.0468099378
0.0556670539,0.012259258,0.0875497237,0.0202584937
0.134793267,0.0630353019,0.220327273,0.100337528
0.152572498,0.117728308,0.252600193,0.186500221
0.0982877985,0.163698375,0.168380544,0.26218003
-0.00273835263,0.186033651,0.00438172044,0.302836418
-0.102353178,0.175470978,-0.159231871,0.287868351
-0.154047221,0.134572864,-0.247035801,0.224076599
-0.136140332,0.0785806775,-0.224969462,0.136823654
-0.0619773045,0.0300111752,-0.10711351,0.0549580418
0.0276994053,0.0092650177,0.0424674228,0.0164947417
0.0857995227,0.0256212242,0.141310126,0.0413082317
0.0822092742,0.0729309991,0.139177352,0.115236089
0.0174467415,0.132137373,0.0358880088,0.213011041
-0.0798612162,0.17952472,-0.122256242,0.292438447
-0.169534385,0.196918711,-0.264642298,0.317718178
-0.22104688,0.17918621,-0.346121728,0.289904684
-0.227975741,0.135702059,-0.362166256,0.225200668
-0.208379149,0.085286878,-0.336030751,0.144481003
-0.191662043,0.0471265316,-0.313206822,0.0825778544
-0.199802011,0.0319687873,-0.324198395,0.0549825057
-0.233646393,0.0376688056,-0.375536948,0.063635841
-0.271921635,0.0510664023,-0.430308193,0.0857916921
-0.283408523,0.0552032292,-0.448815793,0.093111597
-0.245412245,0.0383867398,-0.395961225,0.0694289505
-0.158180788,0.000711994013,-0.264084637,0.00873172935
-0.0471390337,-0.0452213585,-0.0848309398,-0.069912605
0.0485543795,-0.0799912438,0.0770789757,-0.131302595
0.0951970592,-0.0869932547,0.156852737,-0.146477178
0.0813506991,-0.0615678988,0.136289686,-0.109148413
0.0233904514,-0.0150971375,0.0422775894,-0.0305679105
-0.0431101322,0.0283799171,-0.0698627457,0.0457910597
-0.0816156119,0.0421203151,-0.134343103,0.0725692064
-0.0729856566,0.00909723248,-0.122262627,0.0210092254
-0.0245495122,-0.0687386319,-0.0438357405,-0.107583061
0.0345181599,-0.16899617,0.0538158603,-0.27284807
0.0687978417,-0.256584108,0.106789447,-0.409422487
0.0549717695,-0.297906965,0.0825750232,-0.471787512
-0.00639870903,-0.275572658,-0.0125204008,-0.44398737
-0.091270566,-0.196997389,-0.150271028,-0.325564682
-0.163933501,-0.092645824,-0.270771503,-0.154715925
-0.193874776,-0.00411449,-0.31976375,-0.00578687107
-0.169289678,0.0331128091,-0.281085521,0.0609604195
-0.10114447,0.00479778741,-0.170847535,0.0166656524
-0.0168258473,-0.0757588893,-0.032486558,-0.117574669
0.0525185019,-0.173167214,0.0824371502,-0.280333072
0.0844071507,-0.244814023,0.13243036,-0.391864628
0.0718142241,-0.258608729,0.111895196,-0.41698125
0.0225587171,-0.205862671,0.032829456,-0.341635168
-0.0465979166,-0.103909411,-0.0793182999,-0.179482713
-0.117054984,0.0121659804,-0.195241928,0.0159020908
-0.173256665,0.104455851,-0.280702174,0.170957178
-0.204379886,0.146923721,-0.32600221,0.240567237
-0.204226851,0.133670762,-0.326764345,0.222374752
-0.171463147,0.0781046599,-0.278654605,0.136324272
-0.111118473,0.00476439204,-0.186951309,0.0161894634
-0.0361506194,-0.0613740981,-0.0644776374,-0.0973745212
0.0334190801,-0.102976769,0.0512761921,-0.170685425
0.0755692273,-0.112992004,0.121870108,-0.190654188
0.0747621357,-0.0924332887,0.123082727,-0.158105627
0.0302299615,-0.0463716611,0.0529608466,-0.0826287717
-0.0407122038,0.0185577739,-0.0652910694,0.0274577159
-0.107437164,0.0937684253,-0.176237389,0.153038815
-0.138015658,0.166804299,-0.222045466,0.271267027
-0.11343091,0.220887959,-0.182181969,0.358283103
-0.0370149575,0.238335624,-0.0581407622,0.388129741
0.0661525726,0.207651764,0.107875757,0.341945529
0.160319239,0.131100476,0.262244076,0.217929557
0.215545073,0.0280909482,0.353747517,0.0478367731
0.221377328,-0.068994835,0.359688371,-0.113285892
0.19059816,-0.126248628,0.31021902,-0.210476622
0.150952756,-0.122518614,0.245710656,-0.206798747
0.129148245,-0.0598025247,0.210029572,-0.107926145
0.135703996,0.0358715318,0.222127855,0.05275492
0.158975035,0.124463402,0.260625839,0.198217541
0.171825305,0.168875352,0.280624837,0.269836992
0.147509113,0.151184797,0.247122496,0.244051665
0.0760855973,0.0804936439,0.135332227,0.13616167
-0.0278950743,-0.0114184478,-0.0392561853,-0.0163423009
-0.1311481,-0.0846118852,-0.213633969,-0.13761346
-0.198236763,-0.10877353,-0.322697103,-0.173779622
-0.210222706,-0.075931184,-0.347165883,-0.120729052
-0.175118044,-0.00245360751,-0.29376924,-0.00291443197
-0.123997681,0.0799258649,-0.206718177,0.132662192
-0.0942992046,0.139071748,-0.154222548,0.230126113
-0.108953208,0.155937761,-0.172903329,0.256777018
-0.162621588,0.130547464,-0.25736618,0.217046827
-0.222895145,0.0787346214,-0.354172647,0.132371172
-0.246491626,0.0226542074,-0.394307196,0.0440966375
-0.202408239,-0.0192881059,-0.333264828,-0.0243678931
-0.0899710432,-0.0381184965,-0.158467799,-0.0583113544
0.0579668209,-0.0339042619,0.088468574,-0.0559634231
0.188898385,-0.0113644497,0.304462105,-0.0209616367
0.254991323,0.0244614463,0.410161793,0.0327830613
0.235753223,0.0692814812,0.383148223,0.103166655
0.147656277,0.117106214,0.249407485,0.184549853
0.0359469242,0.157074377,0.0672746897,0.253698409
-0.0471256599,0.173380122,-0.0729935914,0.285072327
-0.0667048842,0.150377631,-0.106616043,0.251344472
-0.0203746613,0.0813556537,-0.0333936289,0.142924294
0.0630335361,-0.0237147436,0.103560835,-0.0332234055
0.139399439,-0.136796176,0.225244969,-0.220419377
0.171329543,-0.219445974,0.269805253,-0.351842999
0.145085275,-0.237459034,0.229030281,-0.383681685
0.074642621,-0.176174074,0.120545782,-0.297847122
-0.00782250427,-0.0488762073,-0.0138316192,-0.0927892327
-0.0688634068,0.106524542,-0.114458084,0.167602941
-0.0888631269,0.241814435,-0.142765641,0.384893179
-0.068087332,0.317557842,-0.104019873,0.497745544
-0.0220869947,0.318161964,-0.0304810591,0.500945866
0.029299764,0.256028414,0.0513659753,0.414640039
0.0722500309,0.163296625,0.122723386,0.271687478
0.1029457,0.075801909,0.172343031,0.127842128
0.124207437,0.0175000355,0.207435519,0.0272936001
0.138458848,-0.00712252967,0.228932649,-0.0145499324
0.142728448,-0.00974532962,0.236853495,-0.0198100097
0.129609913,-0.00703665568,0.215055734,-0.015785411
0.0937567875,-0.00862921495,0.15882203,-0.0175059419
0.0393898822,-0.0112434831,0.069887355,-0.020974908
-0.0169165824,-0.00202416652,-0.0259954967,-0.00557198329
-0.0513573661,0.0313702002,-0.0857415125,0.0508220345
-0.0442500412,0.0903531685,-0.075841777,0.150336787
0.00831579883,0.161278039,0.0117602684,0.26500982
0.0894484073,0.220509887,0.143867716,0.353869081
0.16684185,0.246200219,0.265805006,0.386998296
0.206767783,0.230204299,0.329633355,0.358955085
0.189889684,0.183231443,0.311540306,0.290830106
0.120700352,0.129927009,0.205861792,0.211957917
0.0254790857,0.0961673632,0.0495731272,0.158933073
-0.0603130758,0.0952884704,-0.0965031981,0.15709658
-0.108632021,0.120756522,-0.177277371,0.199500352
-0.110762589,0.149432376,-0.180145919,0.246596783
-0.0785151571,0.153884396,-0.12856482,0.256204724
-0.0346523635,0.117276594,-0.0558845997,0.200238407
0.00154565915,0.0429039225,0.00524805393,0.0758681223
0.0250809733,-0.0467310324,0.0427292027,-0.0754253194
0.0461736992,-0.120833009,0.0758235976,-0.199099705
0.080966413,-0.155450955,0.128942847,-0.256590158
0.137754545,-0.144889042,0.220192447,-0.239271611
0.207360432,-0.103531115,0.328610271,-0.172533646
0.264137983,-0.0573956743,0.417635143,-0.0985187441
0.278066218,-0.0301824361,0.443378776,-0.0529733822
0.231807232,-0.0313612297,0.37780568,-0.0554833114
0.13321957,-0.0525466017,0.226596221,-0.090846017
0.0156782717,-0.0737865344,0.0300947763,-0.126121894
-0.0751774758,-0.0760181621,-0.123666391,-0.126352862
-0.102297202,-0.0527065843,-0.173873439,-0.0862338021
-0.0552737936,-0.0142703047,-0.0988114253,-0.023064388
0.0437995419,0.0170926694,0.0648635924,0.0299812146
0.150050983,0.019351216,0.24510026,0.0335213132
0.216592371,-0.0170767289,0.352759004,-0.0282353498
0.216132104,-0.083269231,0.352392077,-0.136174291
0.152834266,-0.155192986,0.250259519,-0.254548103
0.0588362031,-0.204795912,0.0978183225,-0.335859776
-0.022386441,-0.213100001,-0.037872538,-0.348599195
-0.0571509488,-0.178684041,-0.0995447636,-0.293336451
-0.0366722047,-0.11745239,-0.0691276789,-0.196279719
0.0208540298,-0.0541070029,0.0295250732,-0.0922596976
0.0813065693,-0.00989131257,0.132649854,-0.0183606483
0.112421393,0.00713509135,0.187903166,0.00968623906
0.0990394428,0.0045539951,0.167834133,0.00581673952
0.0486092567,-0.000131038818,0.0856658816,-0.00407158677
1.41308323e-17,0.137477264,-0.000901795807,0.215467438
0.0773580447,0.0798206031,0.126938909,0.145216763
0.126131713,0.00759195164,0.210416943,0.0141392751
0.13177599,-0.0453194939,0.218536317,-0.0768366158
0.100389555,-0.0569621362,0.16816248,-0.0989023522
0.0553081781,-0.0288484562,0.0928705484,-0.0531552657
0.0246404558,0.0156917293,0.0422481224,0.0217063017
0.026036039,0.045445513,0.0435078219,0.0761161149
0.0565634258,0.0397871211,0.0943306834,0.0677786022
0.093104668,0.00125647616,0.154726654,0.0034373696
0.10339357,-0.045107007,0.172448799,-0.074782975
0.0624330118,-0.0657680482,0.106959485,-0.11193046
-0.0337337106,-0.0385898203,-0.0526411608,-0.0705283806
-0.163686812,0.032479547,-0.265119076,0.0494959168
-0.287965328,0.116638228,-0.44831115,0.182724535
-0.364760458,0.170760006,-0.543657601,0.260768294
-0.366841048,0.162176311,-0.545835197,0.252105832
-0.292261153,0.0877208337,-0.459093839,0.151133522
-0.164529458,-0.0215809513,-0.27443409,-0.0224646106
-0.0227939729,-0.113605469,-0.0450018533,-0.182132676
0.0931759402,-0.140094116,0.146598622,-0.23254995
0.156721622,-0.0810229704,0.252655953,-0.141596243
0.161548585,0.0442490987,0.265113503,0.0595332123
0.120640039,0.185189649,0.200131327,0.291434109
0.0585663319,0.283915848,0.100622676,0.443433762
0.00118060631,0.30276686,0.0097321989,0.478376865
-0.0331020989,0.24170354,-0.0455985367,0.395868033
-0.0377327614,0.136782303,-0.058318574,0.233225092
-0.0176089276,0.0406964645,-0.0299778115,0.0720036551
0.0149658304,-0.00438565901,0.0234428123,-0.00617816113
0.0458735973,0.0124162668,0.074473761,0.0179821327
0.0643135905,0.066913195,0.106856987,0.105642363
0.0660371333,0.114595704,0.112678573,0.186695322
0.0539670065,0.115710728,0.0952185839,0.192253336
0.0361893438,0.0571546704,0.0651245713,0.0995199755
0.0220197756,-0.040419627,0.038724374,-0.0636401996
0.0175350681,-0.133841231,0.0293657519,-0.218631968
0.0223900769,-0.180730879,0.0329494365,-0.296725094
0.0295426063,-0.162246138,0.0434596241,-0.271748453
0.0284747761,-0.0930914581,0.0434565842,-0.16062741
0.01086671,-0.0135835726,0.0180613045,-0.0272101108
-0.0238260049,0.0317894928,-0.0379816256,0.0531440265
-0.0659150407,0.0177429784,-0.10742002,0.0324384309
-0.0980801806,-0.0489074141,-0.15993388,-0.0742530599
-0.10259331,-0.133432105,-0.17068243,-0.212690979
-0.0701653957,-0.19184643,-0.120554797,-0.309319198
-0.00607354753,-0.19380793,-0.019101264,-0.315481871
0.0699527264,-0.137549937,0.107134104,-0.231269315
0.130777627,-0.0492638946,0.211053282,-0.0870166644
0.153012022,0.0321040228,0.253088295,0.0466581881
0.127100751,0.0758991614,0.214823842,0.121823214
0.061384961,0.0750890002,0.109230265,0.124517746
-0.021967344,0.0478542261,-0.0306780841,0.0815061182
-0.0971654132,0.0252008941,-0.158385754,0.0435678028
-0.145958468,0.0320213102,-0.24150525,0.0546915159
-0.164112821,0.0723888502,-0.270617574,0.118907392
-0.160151497,0.127194747,-0.261496663,0.209319919
-0.147595629,0.16515556,-0.238038316,0.269343168
-0.135555759,0.160753474,-0.216001198,0.266498268
-0.123364113,0.108948104,-0.200262234,0.185935944
-0.102454863,0.0284854025,-0.168720976,0.0536559969
-0.0642424673,-0.0479052775,-0.109701671,-0.0742597952
-0.00889372267,-0.0908653587,-0.0203214865,-0.149888575
0.0510131344,-0.0897067487,0.0805792436,-0.15151158
0.0951773599,-0.0573785529,0.156175077,-0.100204408
0.106823057,-0.0226503424,0.177891806,-0.0412497297
0.0843047947,-0.0140634244,0.143550545,-0.0257369168
0.0457889289,-0.0445036516,0.0793792754,-0.074113138
0.0229303092,-0.1045902,0.037800692,-0.170868099
0.0454639383,-0.168003812,0.0705158412,-0.27312699
0.12418355,-0.205353081,0.192312241,-0.330986023
0.241631359,-0.198833853,0.368746072,-0.316343307
0.356581926,-0.150037527,0.528709173,-0.23501198
0.421459317,-0.0774980634,0.616524816,-0.12477728
0.404756427,-0.00633413857,0.605429471,-0.0205332171
0.307223678,0.04366979,0.487124681,0.0592276789
0.163115367,0.0651036724,0.276095212,0.100388385
0.0251054838,0.0622088127,0.0492133051,0.101566225
-0.0600899681,0.0443698056,-0.0979114994,0.0765955448
-0.0732889622,0.0189892203,-0.124120593,0.0355975181
-0.0306661781,-0.0113977678,-0.0545563065,-0.0153808212
0.026191758,-0.0463383384,0.0412552357,-0.075056091
0.0528195649,-0.0818134099,0.0867808163,-0.137000546
0.0252127275,-0.106796771,0.0427139103,-0.178945035
-0.0482556932,-0.105851129,-0.0772994533,-0.179673553
-0.132526815,-0.0675260276,-0.218984857,-0.112584233
-0.185958102,0.00603881292,-0.30584687,0.00779013382
-0.183903679,0.0947089717,-0.302763522,0.154836684
-0.132924184,0.165390015,-0.219075382,0.271424741
-0.0677681938,0.185571641,-0.109405369,0.308403075
-0.0325413235,0.139167622,-0.0481394604,0.233702436
-0.0560853407,0.0362261459,-0.0875717327,0.0661756024
-0.134885967,-0.0894604325,-0.215293825,-0.141252905
-0.232990563,-0.194731474,-0.365563035,-0.301383138
-0.299440444,-0.24679102,-0.454412699,-0.366792083
-0.294370323,-0.23836945,-0.45587334,-0.356367737
-0.210191905,-0.190317154,-0.343771964,-0.297672421
-0.0767043531,-0.139982849,-0.137351096,-0.228005067
0.052700378,-0.121195182,0.0815111026,-0.199754775
0.126742199,-0.14622739,0.204504833,-0.237960204
0.120724507,-0.199237421,0.196179688,-0.32217738
0.0473710932,-0.244714379,0.0776869878,-0.396029383
-0.0511914194,-0.246559367,-0.0827797577,-0.398780078
-0.125737906,-0.187800407,-0.207574621,-0.3086285
-0.144729361,-0.0805997923,-0.244596541,-0.134940103
-0.108814359,0.0386675596,-0.187243968,0.0625246838
-0.047979679,0.126658663,-0.0825151205,0.210621789
-0.00350408396,0.153664947,-0.00315313018,0.256044775
-0.00471698819,0.117052734,-0.00169872132,0.199128643
-0.0529738292,0.0409844629,-0.0813268945,0.0725635886
-0.121123165,-0.0368891917,-0.197238103,-0.0566912852
-0.1683999,-0.0844582245,-0.276233733,-0.13597101
-0.162604019,-0.0900475606,-0.270081282,-0.144644782
-0.0978078321,-0.0659927204,-0.170112282,-0.107976712
0.00158503372,-0.0399331711,-0.0032694384,-0.0648287088
0.0923674554,-0.0391656347,0.150553465,-0.0648020059
0.133573115,-0.0764857233,0.221423432,-0.127659529
0.106321156,-0.144434527,0.178443342,-0.236909464
0.0226908606,-0.219931453,0.0391207226,-0.356453359
-0.0803392157,-0.275830716,-0.127739653,-0.436604083
-0.158356041,-0.292921603,-0.249928802,-0.453173459
-0.179511443,-0.266642183,-0.287614316,-0.413468152
-0.137533233,-0.206419066,-0.229631677,-0.331498384
-0.0522630699,-0.12968798,-0.0955094099,-0.213910624
0.0413859859,-0.0548820943,0.0626154989,-0.094205834
0.109772831,0.00301475171,0.180199996,0.00127831229
0.1340615,0.0334885605,0.222337484,0.0528891683
0.1151115,0.0299372524,0.195158243,0.0463317968
0.0687386319,-0.00981980469,0.119318746,-0.0163894854
0.0151070105,-0.0809046403,0.0278674755,-0.132918522
-0.0316682421,-0.168299735,-0.0533640645,-0.273154408
-0.0685964227,-0.246799111,-0.113190345,-0.39221558
-0.10182634,-0.286721915,-0.164679244,-0.447729647
-0.139666542,-0.264896423,-0.226352513,-0.417622566
-0.184971809,-0.176533282,-0.302074611,-0.28543669
-0.231104314,-0.041585017,-0.375484526,-0.0697321072
-0.263471127,0.0992708579,-0.420082718,0.156010538
-0.265716493,0.199108392,-0.410750449,0.311450839
-0.227491751,0.224109486,-0.353231817,0.357475072
-0.150217831,0.168846458,-0.241900727,0.282857686
-0.048370637,0.0596377291,-0.081225507,0.108833648
0.0541917533,-0.0564667583,0.0881683454,-0.0872098207
0.131431937,-0.132397279,0.212347031,-0.217390731
0.163305521,-0.141706869,0.262077063,-0.235661879
0.142201528,-0.0891443714,0.232733294,-0.154733747
0.0756234378,-0.00610457687,0.127392158,-0.0189125426
-0.0157605,0.0664456338,-0.0208864268,0.105049923
-0.10423784,0.0986130834,-0.167694896,0.163294107
-0.163628548,0.085179545,-0.263757765,0.144290373
-0.177691624,0.0454730503,-0.289791644,0.0810079351
-0.145497575,0.0102465991,-0.244300336,0.0230096448
-0.0816155449,0.00321325008,-0.140849978,0.00640297448
-0.0106345452,0.0275592674,-0.0215472076,0.0465435795
0.0422821008,0.0647741258,0.0692596734,0.107288308
0.0612776093,0.0861742944,0.104013763,0.143252671
0.0460299924,0.0704074576,0.0820742846,0.11762891
0.0114603247,0.0169136524,0.0227828994,0.0317882784
-0.0192555115,-0.0523948744,-0.0301629938,-0.0851622894
-0.0254980028,-0.104370102,-0.0450929441,-0.170242682
0.000988671673,-0.112656549,-0.00214100303,-0.186391652
0.0519029871,-0.0724990144,0.0797326639,-0.122991823
0.105954461,-0.00397040136,0.171559528,-0.0113387601
0.138702527,0.058429487,0.228127778,0.0922518075
0.134102777,0.0843375251,0.224659488,0.137032732
0.0922562927,0.0641934127,0.158090115,0.105437271
0.0295998212,0.0148167284,0.0540730283,0.0248460975
-0.0285947956,-0.02940109,-0.045347482,-0.0495765321
-0.0598035604,-0.0352326892,-0.101261795,-0.0592077114
-0.0543323457,0.0106107872,-0.0939617157,0.0160286035
-0.0191031452,0.092740193,-0.0358750075,0.152256608
0.0264983308,0.173285484,0.0433104038,0.281877905
0.0604425408,0.210150465,0.099463366,0.341465473
0.0685704127,0.178162768,0.119263723,0.293981731
0.0506681725,0.0824404284,0.0911729336,0.141289443
0.0193608664,-0.042729497,0.0354489759,-0.067758292
-0.00725486455,-0.148889437,-0.0128153572,-0.242374018
-0.015268621,-0.194840953,-0.0293434728,-0.317759424
-0.00199760892,-0.164159596,-0.00955405924,-0.274432391
0.022952972,-0.0707953274,0.0311885979,-0.124402314
0.0428532511,0.0490745828,0.0680554956,0.0764810666
0.0424187854,0.154081166,0.0735436752,0.249033645
0.0154792732,0.214892894,0.0324330926,0.346718431
-0.0318662487,0.22368145,-0.0443605855,0.363286644
-0.0838485658,0.192460179,-0.130275279,0.316912591
-0.121867105,0.142751172,-0.194506407,0.238681972
-0.132264182,0.0930315778,-0.216691747,0.157734558
-0.111640543,0.0507100746,-0.186255097,0.088214986
-0.0677533746,0.0121742329,-0.115533903,0.0244897623
-0.0161242783,-0.0302884001,-0.0296791773,-0.0485513099
0.0258186609,-0.0795484334,0.0412688442,-0.131206214
0.0446041636,-0.1282686,0.0738976076,-0.21180898
0.0345910303,-0.160374403,0.0553194582,-0.265119344
-0.00104680809,-0.158657163,-0.0034179138,-0.263934255
-0.0520155244,-0.114396505,-0.0879492089,-0.193828776
-0.104373805,-0.0337789506,-0.174464285,-0.0625473559
-0.144662961,0.0624777116,-0.238252252,0.100637183
-0.163654819,0.146470979,-0.264517069,0.240079299
-0.158850923,0.194190204,-0.252298892,0.315430284
-0.135085315,0.195306852,-0.215894774,0.320747018
-0.102943905,0.157273009,-0.166383922,0.262505472
-0.0752994865,0.101906091,-0.121783219,0.174210176
-0.0629671067,0.0559315272,-0.10256587,0.0979956388
-0.0709916353,0.0395051651,-0.117879763,0.0656045601
-0.0970258266,0.0575293675,-0.159754038,0.0950094461
-0.132501796,0.0973948166,-0.215363249,0.160267606
-0.166098088,0.134183049,-0.266658694,0.219758511
-0.187939718,0.141388252,-0.299102724,0.232913658
-0.192645147,0.10296946,-0.3088606,0.175560564
-0.179996982,0.0218459666,-0.293635696,0.0447723381
-0.153348058,-0.0789041519,-0.252686918,-0.120212533
-0.117129676,-0.163217574,-0.194234058,-0.261791348
-0.0752386227,-0.195369646,-0.128698692,-0.316727906
-0.0313390605,-0.154519647,-0.0588135794,-0.255891055
0.00937334169,-0.044583559,0.0102297515,-0.0814784393
0.0387111232,0.105066761,0.0626197085,0.167502999
0.0463220403,0.249124095,0.0758708045,0.393254161
0.0235831235,0.34286648,0.0447107777,0.527588248
-0.030729318,0.359187812,-0.0367027111,0.550795078
-0.106021687,0.298973233,-0.153248206,0.472143322
-0.179958805,0.190158159,-0.277495682,0.312373251
-0.224526092,0.0756227449,-0.357458562,0.131552964
-0.216539398,-0.0048868889,-0.353423715,-0.00147908041
-0.148294896,-0.0307514835,-0.25099799,-0.0449633263
-0.0331632867,-0.00716289366,-0.0624369271,-0.0110205757
0.0973117128,0.0403794907,0.154775962,0.0655922145
0.204467207,0.0807656795,0.330264449,0.127075732
0.257365942,0.0936441049,0.413063824,0.143779621
0.244903862,0.0791096836,0.397712857,0.122866906
0.179600492,0.0557826236,0.299990356,0.0875980407
0.0912584066,0.048404891,0.156700507,0.0762974992
0.0134686809,0.0716921464,0.024915725,0.116615444
-0.0306481067,0.119373284,-0.0496715158,0.195393682
-0.0368076973,0.164841563,-0.0593770035,0.271539122
-0.0184221491,0.173789978,-0.0291758366,0.287696987
0.00284950552,0.122700743,0.00812235195,0.208945751
0.00957031082,0.0135558033,0.0192208625,0.0310468655
-0.00254772557,-0.123386331,-0.00208833977,-0.199390933
-0.0236596018,-0.24103868,-0.0404154249,-0.38549909
-0.0367571339,-0.296147138,-0.0626644045,-0.467067301
-0.0283577442,-0.269205391,-0.0534094051,-0.432411849
0.00316424877,-0.173725024,-0.00413471041,-0.290703833
0.046184212,-0.0501131862,0.0713004395,-0.0899963155
0.0820019245,0.05293791,0.135303855,0.0843546167
0.0950106531,0.100419171,0.158911884,0.162671298
0.0811328739,0.0856173784,0.138844281,0.142639861
0.049839139,0.030524442,0.0871352702,0.0522830002
0.0186860729,-0.0275248513,0.0333534852,-0.045088131
0.00347368279,-0.0556573868,0.00531633338,-0.0936164334
0.0095241908,-0.0414203219,0.0144632412,-0.0709409192
0.0289150085,0.00297143939,0.0466986597,0.00180163456
0.0451572724,0.049559921,0.0755889416,0.0796643794
0.0426691808,0.0712755397,0.0739073455,0.117154345
0.0157466289,0.0570125021,0.0294586532,0.0970022902
-0.0279664844,0.0171190556,-0.0424070209,0.0309128743
-0.0714450181,-0.023276167,-0.117223836,-0.0360912345
-0.0975052342,-0.0390445292,-0.16359514,-0.063842535
-0.0981980488,-0.0196396094,-0.166758314,-0.0316197351
-0.0791828781,0.0244905278,-0.135086343,0.0402991436
-0.0566260479,0.0670398548,-0.0946544856,0.113119565
-0.0482325703,0.0796419531,-0.0777887255,0.135091782
-0.063202776,0.0468966141,-0.101133108,0.0815207586
-0.0964999124,-0.0252686068,-0.157046601,-0.0367996097
-0.130537346,-0.112080246,-0.212746769,-0.17770721
-0.143501818,-0.181660116,-0.235087931,-0.289050937
-0.12011081,-0.209764808,-0.200528696,-0.334480375
-0.0594332479,-0.190078244,-0.105516545,-0.309748769
0.0239874218,-0.135351032,0.0312726609,-0.227043495
0.106029749,-0.0696630776,0.169683516,-0.118580706
0.162823573,-0.0165364034,0.265583515,-0.0298122391
0.179782435,0.0107681667,0.297498077,0.0134070562
0.155935094,0.0123015353,0.260276437,0.0172147248
0.102309242,-0.00260291039,0.175947949,-0.00714890519
0.0360668972,-0.0230303574,0.063092187,-0.0393924341
-0.0262230672,-0.0429113992,-0.0421777852,-0.0721485987
-0.0730847344,-0.0626431853,-0.12246231,-0.10362345
-0.0991617367,-0.0856866986,-0.165373877,-0.140055209
-0.103678733,-0.113071457,-0.174231783,-0.183434963
-0.088429518,-0.13988477,-0.149496257,-0.226573914
-0.0570203774,-0.156391531,-0.0986371413,-0.255261272
-0.0155981993,-0.15338333,-0.0298892949,-0.252662688
0.0262508783,-0.128569096,0.037514139,-0.214827195
0.0562613159,-0.0899614543,0.0904577896,-0.153686792
0.0628287122,-0.0537873693,0.102972738,-0.0926216692
0.0400507376,-0.0375334248,0.0689375773,-0.0646929815
-0.0079796873,-0.0515483245,-0.00973899197,-0.0861845315
-0.0663555115,-0.0935653299,-0.107627511,-0.153762102
-0.113386914,-0.149060339,-0.186315998,-0.239419326
-0.128486216,-0.197351322,-0.212003142,-0.31450811
-0.100755386,-0.220435277,-0.169072434,-0.350633532
-0.0343863629,-0.210296318,-0.0650251433,-0.341763288
0.0518510491,-0.171391815,0.0771041214,-0.28411305
0.131187245,-0.117586456,0.208320811,-0.197321385
0.178905472,-0.0655133799,0.289989322,-0.112684064
0.181687817,-0.0277873315,0.298702538,-0.051732067
0.142387286,-0.00907270145,0.23825714,-0.0194971599
0.0783865973,-0.00616914546,0.134690449,-0.0125386445
0.0144554954,-0.0111737913,0.0259100758,-0.0194337871
-0.0267797522,-0.0155548165,-0.0448060408,-0.0258579571
-0.0329079255,-0.013119515,-0.0567199178,-0.0225661919
-0.00540937716,-0.00102835288,-0.0126595348,-0.000434571761
0.0420148224,0.0206872318,0.0668687895,0.0344225913
0.0893130526,0.0500138402,0.147257164,0.0807115063
0.117639445,0.0834566057,0.195395708,0.135170594
0.115845017,0.116174206,0.194252566,0.18729575
0.0838987455,0.142396167,0.143307239,0.230808824
0.0324821994,0.156689063,0.0586330816,0.255937666
-0.0207704809,0.155899778,-0.0289008934,0.258104712
-0.057046093,0.140779719,-0.091173552,0.233803257
-0.0623903759,0.116069198,-0.101934016,0.19502008
-0.0322774053,0.0885042921,-0.0531798378,0.150762305
0.0266399439,0.0634699687,0.0425640047,0.108957797
0.0982318595,0.0420696549,0.162436917,0.0704305321
0.16169928,0.0204560235,0.265155375,0.0324490927
0.198103473,-0.00783350971,0.324649036,-0.0159086995
0.196493044,-0.0475246534,0.321514994,-0.0794928223
0.157441899,-0.097573556,0.26060915,-0.162274346
0.0926138684,-0.149873734,0.154080689,-0.246492118
0.0204483867,-0.191765845,0.0337340124,-0.315154672
-0.0403555036,-0.211309612,-0.0671798885,-0.344299853
-0.0769174919,-0.202630386,-0.12996003,-0.329814881
-0.0853575543,-0.168476969,-0.143448502,-0.276298374
-0.0699490234,-0.118612334,-0.121242605,-0.197782934
-0.0390079804,-0.0650079995,-0.0703322887,-0.110726006
0.00016647701,-0.0166602321,-0.00227172952,-0.0285675265
0.0445830896,0.0229424927,0.0725635439,0.0371329226
0.095357053,0.0543066449,0.156639367,0.08836817
0.154220656,0.0775604323,0.251747698,0.12478856
0.218832791,0.0883943215,0.35152173,0.1388973
0.279809296,0.0776067302,0.442990124,0.118640721
0.321685851,0.0355526768,0.502338648,0.0533802882
0.328057528,-0.0402913466,0.512064397,-0.0645724088
0.288877279,-0.138843521,0.452788949,-0.218870327
0.206496403,-0.234424442,0.32627514,-0.369941473
0.0972655714,-0.293308616,0.152806431,-0.463662714
-0.0126433149,-0.286016256,-0.0212702788,-0.457502723
-0.0959134847,-0.200196132,-0.160131902,-0.330610305
-0.133820668,-0.047990147,-0.227503702,-0.085743919
-0.122944526,0.136111647,-0.205936223,0.217602566
-0.0759674534,0.306642413,-0.118804224,0.477380902
-0.0161946397,0.423143476,-0.0182398986,0.625999391
0.0318756029,0.463953018,0.0541260056,0.66722697
0.0519498624,0.432045013,0.0849457309,0.634998024
0.0414409228,0.350928217,0.0740772113,0.541570842
0.0110008651,0.253171712,0.0257333107,0.409338593
-0.0213541165,0.167206988,-0.0283896942,0.279144704
-0.038685333,0.108237706,-0.0609434508,0.18188715
-0.0323532782,0.0764859617,-0.0541488007,0.128766909
-0.00498504611,0.0621483847,-0.00936348177,0.105909213
0.031801261,0.0533816814,0.0530846976,0.0903768018
0.0635212138,0.0428489484,0.106639281,0.0707970187
0.0797518715,0.0299645532,0.133720592,0.0480201282
0.0786041394,0.018811008,0.133875221,0.0306613967
0.0667579174,0.0140541317,0.113584951,0.0215873122
0.0552314185,0.0177989453,0.0938814059,0.0283413306
0.0530898422,0.0290897638,0.0882022604,0.0470414571
0.0622774735,0.0456568114,0.104407296,0.0745417401
0.0762229785,0.0659772232,0.128168553,0.108161859
0.083049424,0.0897131786,0.139203772,0.147563502
0.0719486177,0.116032317,0.121427871,0.189925671
0.0396232978,0.141161814,0.0701565742,0.230346203
-0.00651489245,0.157459527,-0.00595083134,0.259521395
-0.0503001101,0.155565485,-0.0778025687,0.257513255
-0.0733945146,0.129172683,-0.117797665,0.216999635
-0.0636367053,0.0798839703,-0.105053037,0.136722863
-0.021211965,0.0189101249,-0.0381933041,0.037920434
0.0405093133,-0.0363192819,0.0655523315,-0.0589667
0.100214966,-0.069773376,0.164078176,-0.115850538
0.137794256,-0.075088568,0.225037619,-0.127496555
0.143165573,-0.059925966,0.236174479,-0.103216246
0.120516509,-0.0434014127,0.201149091,-0.0759121329
0.0857581645,-0.0470361896,0.144686803,-0.0792029127
0.0582832322,-0.0832831785,0.09834636,-0.136844635
0.0510202236,-0.14742884,0.082061559,-0.240998536
0.0637928545,-0.217442453,0.098821111,-0.350113899
0.0834966078,-0.262591422,0.128469974,-0.4174833
0.0912303105,-0.257210493,0.141377032,-0.413208187
0.0729130208,-0.193201348,0.114284575,-0.321708679
0.0279338602,-0.0851711109,0.0442514941,-0.149842575
-0.0288625062,0.0344823152,-0.0474096388,0.0504295975
-0.0733171776,0.128438562,-0.119370461,0.210089341
-0.0835359767,0.169393972,-0.133184671,0.280697733
-0.0512644164,0.150298938,-0.0839277431,0.253384233
0.0127543062,0.0855170488,0.0210473649,0.149066389
0.0824450478,0.00293916091,0.137782663,0.00844103005
0.127657473,-0.0687386319,0.210933983,-0.113519534
0.127744511,-0.111455694,0.210367322,-0.186977163
0.0809400529,-0.122983374,0.134042338,-0.208805516
0.0050269654,-0.114345007,0.00866572,-0.193725407
-0.0709291101,-0.101758502,-0.116882823,-0.170340806
-0.119633175,-0.0977044925,-0.200525999,-0.159556389
-0.127025336,-0.105507024,-0.21188511,-0.170562282
-0.0968081951,-0.119458869,-0.164992571,-0.194157884
-0.0463798828,-0.129465327,-0.0812923089,-0.21288754
0.00310507999,-0.127064332,2.69894044e-05,-0.212009653
0.0370552354,-0.109479547,0.0588488691,-0.183627352
0.0528801605,-0.0799336135,0.0862748697,-0.136778474
0.0582694635,-0.0447287112,0.0959976539,-0.0771511197
0.0640552193,-0.00927944109,0.104725003,-0.0177333988
0.0762304068,0.0244638789,0.125883132,0.0385390669
0.091833815,0.0578827858,0.15281941,0.0934696272
0.100892231,0.0932279974,0.167856589,0.152216449
0.0929528475,0.130478501,0.157110482,0.21253933
0.0640664026,0.16539222,0.10858161,0.267968267
0.019908268,0.189821035,0.0378331058,0.309507489
-0.0268959086,0.194137439,-0.0373588502,0.317422569
-0.0636673197,0.170678854,-0.0985397547,0.283962607
-0.0846584141,0.116865218,-0.135779604,0.197688103
-0.0938850194,0.037012998,-0.15354827,0.0671169087
-0.101998694,-0.0575478598,-0.16880998,-0.090671204
-0.118948601,-0.150033236,-0.194489121,-0.23958917
-0.146775171,-0.221269444,-0.236530393,-0.349613458
-0.176952675,-0.253991246,-0.280909628,-0.39604488
-0.194153026,-0.237767607,-0.309483528,-0.371078789
-0.184569985,-0.173346505,-0.302868336,-0.277501285
-0.14417766,-0.0746848509,-0.244275928,-0.125777766
-0.0821389034,0.0329625383,-0.143761843,0.0524547622
-0.0171847343,0.119419761,-0.0314977467,0.196933761
0.0312856883,0.15906477,0.0545855425,0.263440996
0.0526201017,0.140177414,0.0913795605,0.233590752
0.0497207791,0.0701936707,0.0879882947,0.119387634
0.0366636366,-0.0260073487,0.0632501915,-0.0394874327
0.0305598825,-0.114902437,0.0510858223,-0.187917456
0.0422850475,-0.167056605,0.0657111183,-0.273892999
0.0712386668,-0.168476447,0.111637801,-0.278873563
0.106869847,-0.125492558,0.168912843,-0.211606383
0.135721922,-0.0608298667,0.220661625,-0.106986955
0.149545163,-0.00262570893,0.247149974,-0.00962024461
0.149495527,0.0283974968,0.248005107,0.0435779653
0.143912897,0.0274248086,0.240115255,0.0439460948
0.14120096,0.00565960119,0.236099094,0.00870079175
0.142495364,-0.0177252349,0.235817134,-0.0307594966
0.139143631,-0.0273257941,0.230116054,-0.0486712083
0.117208697,-0.0204855539,0.195216164,-0.0375849642
0.0668246448,-0.00848655682,0.112719513,-0.018391097
-0.00911517534,-0.00910967123,-0.0112311859,-0.015025693
-0.092647545,-0.0345138162,-0.15089412,-0.0556739382
-0.157202214,-0.0812195912,-0.257000774,-0.128888875
-0.18015486,-0.128240421,-0.294469327,-0.202797502
-0.154850379,-0.145318314,-0.257287771,-0.232821375
-0.0951157287,-0.107827365,-0.164475709,-0.176776111
-0.0289912224,-0.0110244341,-0.0553918071,-0.023125492
0.0156614967,0.123917177,0.0231756195,0.198882088
0.02613643,0.255962491,0.0451611169,0.404501349
0.011967741,0.340352654,0.0263322294,0.525133431
-0.000526268617,0.347694844,0.00799098052,0.53721422
0.0158812683,0.277124077,0.0325713083,0.445496321
0.0712488741,0.157239407,0.120777614,0.265996575
0.148367062,0.034208145,0.244512811,0.0601430647
0.20726271,-0.0475587472,0.335009485,-0.0796911716
0.20345892,-0.0633729771,0.330976397,-0.110199772
0.111572981,-0.0169396941,0.19042021,-0.0381197929
-0.0577424094,0.0636319146,-0.0876972303,0.097001791
-0.256959349,0.139881611,-0.397134483,0.218824223
-0.418740451,0.180101857,-0.598236203,0.268276274
-0.483756512,0.171652317,-0.666986108,0.247804016
-0.426415175,0.123576246,-0.620642602,0.191432655
-0.266251802,0.0595984384,-0.42966786,0.106224447
-0.0594379939,0.00602333248,-0.109977871,0.018534543
0.125628889,-0.0191949252,0.20259954,-0.0318750329
0.237125054,-0.0114725744,0.379633695,-0.0247122496
0.259596497,0.0223467406,0.416723847,0.0269409195
0.216045544,0.0702708364,0.3538073,0.106860727
0.152379453,0.121423632,0.25320062,0.191956803
0.112712197,0.168893412,0.187240571,0.270975292
0.117930442,0.208546132,0.191738084,0.334509581
0.157612324,0.23598516,0.252176911,0.372096121
0.198267639,0.244938001,0.314013422,0.381387413
0.202715605,0.229132161,0.32451719,0.356666118
0.150314957,0.187001005,0.251054019,0.299543262
0.0480310693,0.126095951,0.0894223154,0.209822953
-0.0725296363,0.0635205135,-0.11273928,0.108561762
-0.169852093,0.0205935482,-0.27629447,0.037699122
-0.211271763,0.0133549506,-0.344666898,0.0242955443
-0.186737508,0.043504145,-0.309436977,0.0735401362
-0.111699253,0.0950396061,-0.189745814,0.158368737
-0.01884453,0.139549822,-0.0334878154,0.233329833
0.0564919114,0.14876096,0.0939111784,0.246871665
0.0901997015,0.108792387,0.153674543,0.181507036
0.0768210366,0.0289331935,0.133979633,0.0500908084
0.0285227373,-0.0602164716,0.0530367531,-0.0985459387
-0.0324361697,-0.119431399,-0.0533307344,-0.197923824
-0.0834680125,-0.119038105,-0.139672786,-0.198537111
-0.109436497,-0.0540006869,-0.186454281,-0.0920133591
-0.106093287,0.0517732948,-0.180127233,0.0821666718
-0.0791313574,0.154741153,-0.130790621,0.253235012
-0.0403886698,0.210895881,-0.063999705,0.344562709
-0.00310293562,0.19597517,-0.00139812392,0.324695617
0.0223740228,0.11696434,0.0412463434,0.20029749
0.031633798,0.00903624855,0.0571371466,0.019931715
0.0275760535,-0.0809850767,0.0453671478,-0.133884564
0.0196366962,-0.116909631,0.0298750941,-0.196272403
0.0206185281,-0.0904773772,0.0300904885,-0.155396849
0.041574806,-0.0251535494,0.0652101338,-0.0481649078
0.0863070861,0.0355992988,0.141210511,0.0572728291
0.14788641,0.0499813966,0.242717907,0.0820798501
0.209401712,-0.00110859761,0.340466172,-0.000752562948
0.249566823,-0.104016304,0.398541957,-0.165280387
0.251414627,-0.21826452,0.390184313,-0.338944852
0.210310027,-0.295614988,0.32034722,-0.45622623
0.137195632,-0.302907705,0.209933117,-0.475824505
0.0548556149,-0.237476423,0.0841799229,-0.389075011
-0.0116607351,-0.127675429,-0.0223267041,-0.218493685
-0.0461475067,-0.0185056943,-0.0807451829,-0.034470994
-0.0483828261,0.0502631254,-0.0817030445,0.0840289742
-0.0334551819,0.0624566674,-0.0550719909,0.106450804
-0.0232832395,0.0313153602,-0.0383472703,0.0561740361
-0.0344625562,-0.00971634034,-0.0559379645,-0.0139822075
-0.0687365234,-0.0260001905,-0.114443414,-0.0444301181
-0.111286134,-0.000377155782,-0.185003385,-0.00107761903
-0.138075545,0.0582149476,-0.2281266,0.0960088223
-0.128678828,0.120419882,-0.212222815,0.199212015
-0.0779168084,0.153052852,-0.12888515,0.254353821
-0.034369316,-0.034369316,-0.0527396724,-0.0415088423
-0.152569234,-0.0216997787,-0.24401623,-0.0460728668
-0.232902527,-0.000183598051,-0.377019167,0.00314186676
-0.251240969,0.0103867911,-0.40503782,0.0225360878
-0.2024685,-0.00808858126,-0.334022284,-0.00490763364
-0.100772992,-0.0605183505,-0.172696739,-0.0930274054
0.0252916161,-0.13308382,0.0352122448,-0.214377716
0.14165239,-0.197549522,0.220827848,-0.31716764
0.219154879,-0.22404246,0.337022811,-0.354526639
0.242516965,-0.196100622,0.376006007,-0.31553629
0.214709327,-0.120127328,0.343978584,-0.203160092
0.154843241,-0.0239341632,0.256202787,-0.0490674339
0.0899387971,0.0554244928,0.153247952,0.0868425816
0.0435786694,0.0887196735,0.0754604936,0.147144109
0.0261698868,0.0680260211,0.0471183546,0.115063339
0.0312636942,0.0098214997,0.0536946468,0.0206905305
0.0399084166,-0.0538354665,0.0669669583,-0.0882260278
0.0312798321,-0.0915425941,0.0510908961,-0.153905064
-0.00538626267,-0.0879852921,-0.00883731339,-0.150328904
-0.063526541,-0.0508762859,-0.106987715,-0.0888299346
-0.120655298,-0.00615043938,-0.199924424,-0.0105526056
-0.148307309,0.0158621352,-0.244934842,0.0305001568
-0.126037747,-0.003861045,-0.209642276,-0.000757846748
-0.0526774302,-0.063274309,-0.0916197598,-0.0985957906
0.0509453975,-0.140000671,0.0778414682,-0.225935042
0.149615273,-0.201757967,0.233817145,-0.32362622
0.208416402,-0.221016034,0.323457032,-0.3518233
0.207664013,-0.186770692,0.326481014,-0.305541605
0.151003271,-0.10826543,0.246358126,-0.186735839
0.0628785491,-0.00977067836,0.10668017,-0.0237276033
-0.023235945,0.0802035034,-0.0351507477,0.128764912
-0.0799683332,0.139752164,-0.128286347,0.230179861
-0.0971590355,0.159784377,-0.15556936,0.266125262
-0.0837820247,0.143878013,-0.136347607,0.241830125
-0.060293559,0.103383958,-0.0978488252,0.175656796
-0.0458943062,0.0512887239,-0.0732365102,0.0880920961
-0.0476420857,-0.00193689554,-0.0775737539,-0.000492940482
-0.0571534149,-0.0492253564,-0.0953168795,-0.0791233853
-0.0564563014,-0.0855035931,-0.0967928618,-0.138934016
-0.0296227764,-0.106150217,-0.0545604788,-0.175900087
0.0262881611,-0.107067585,0.0374752022,-0.176643401
0.0970930606,-0.0865692347,0.155097693,-0.144583926
0.156666547,-0.0477141514,0.254691273,-0.0818111673
0.179013178,0.000841705129,0.293808639,-0.00392093975
0.151108816,0.0466364473,0.252925396,0.0715542585
0.0798924193,0.0774234384,0.1379316,0.124740928
-0.0102610635,0.0856365636,-0.0103427693,0.142217427
-0.0883985087,0.0711739659,-0.142492265,0.121258616
-0.130757362,0.0412375517,-0.214887619,0.0744855702
-0.130613506,0.00746953767,-0.219397902,0.018303087
-0.0994998887,-0.0181319043,-0.167999104,-0.0267371014
-0.0596112274,-0.0267341621,-0.101845987,-0.0434179641
-0.0317496285,-0.0145291677,-0.0551993884,-0.0243289117
-0.0253379922,0.0170612484,-0.0431952998,0.0253362413
-0.0357031152,0.0620602667,-0.0580059327,0.102065139
-0.0497288145,0.110753395,-0.080743514,0.183224216
-0.0563015565,0.150596231,-0.0913161412,0.248002037
-0.0552436858,0.16785945,-0.0882913768,0.278046012
-0.059169028,0.150695935,-0.0932374597,0.252695411
-0.0865844414,0.0934771672,-0.13794753,0.16007866
-0.149574965,0.000975867326,-0.241056502,0.00679872697
-0.242850348,-0.109859101,-0.382457465,-0.167454436
-0.340836406,-0.212429464,-0.510362744,-0.310002238
-0.405711383,-0.277552307,-0.575845897,-0.382826537
-0.403616488,-0.283047199,-0.574533761,-0.391299486
-0.32160905,-0.222170785,-0.493088007,-0.330320328
-0.176794112,-0.107174978,-0.300309867,-0.173505932
-0.0122812688,0.0339398533,-0.0310842823,0.0554922521
0.119218595,0.166516125,0.191331878,0.265698165
0.177195802,0.260616869,0.28283447,0.40208745
0.150559023,0.300127745,0.244025469,0.460900366
0.0620448664,0.286121935,0.110630333,0.448966533
-0.0425392725,0.233675599,-0.0577371344,0.379373044
-0.115398377,0.164187342,-0.181011364,0.272768319
-0.128301159,0.0969414562,-0.209788531,0.165626585
-0.0844365582,0.0434400886,-0.143998012,0.0776522979
-0.0150607806,0.006204064,-0.0277913194,0.0143884774
0.0371983573,-0.0185995363,0.0615142509,-0.0310931094
0.0400182344,-0.0369533151,0.0695258752,-0.0630973727
-0.0127012031,-0.0536159351,-0.0167191606,-0.0911911279
-0.0984734148,-0.0708500221,-0.160213798,-0.117189243
-0.178382412,-0.0889567956,-0.289211839,-0.143623516
-0.217428848,-0.107324399,-0.350805849,-0.166172117
-0.202627257,-0.124795064,-0.331106424,-0.196252078
-0.149584234,-0.139125794,-0.249945939,-0.222137406
-0.094152905,-0.146376997,-0.158894271,-0.237228975
-0.0733665302,-0.14140898,-0.124063581,-0.232443646
-0.105352625,-0.120004117,-0.172950312,-0.198672652
-0.178526178,-0.0818780139,-0.290870309,-0.133618921
-0.255745053,-0.0328534134,-0.408566833,-0.0515439175
-0.291612417,0.0155035751,-0.462017506,0.0284811538
-0.254518211,0.0493121967,-0.41071704,0.0858390108
-0.142639384,0.0576821528,-0.240783125,0.101666264
0.0138771376,0.0374587514,0.0171409938,0.0696243867
0.165506944,-0.00500582298,0.268940926,-0.00609729625
0.264516354,-0.0560883135,0.419975877,-0.092485711
0.284578294,-0.100150548,0.449256808,-0.161826521
0.229874268,-0.125297725,0.37103954,-0.207438216
0.130218387,-0.126953438,0.215805233,-0.214108214
0.0256413519,-0.107858129,0.0434486121,-0.184337258
-0.0513502657,-0.0750910416,-0.0855783969,-0.128394589
-0.0872603506,-0.036238689,-0.148095474,-0.0603292473
-0.0882258564,0.00299767894,-0.148841605,0.00654567033
-0.0711460263,0.0387060679,-0.119723722,0.0652489141
-0.0514298081,0.06696859,-0.0858001783,0.112623386
-0.0345536955,0.0823954642,-0.0570410043,0.138950348
-0.0157058761,0.0788181201,-0.0244774185,0.132928222
0.0132777318,0.05240459,0.0225454792,0.0903093144
0.0547658578,0.00549997529,0.0923849493,0.0124089653
0.100170054,-0.0515477993,0.164392903,-0.0853010416
0.132384911,-0.102612197,0.216638997,-0.169209763
0.134739414,-0.131871045,0.219498649,-0.218916193
0.10128846,-0.131043151,0.167218387,-0.221420884
0.0421900861,-0.10383971,0.0697305202,-0.177897885
-0.0195146855,-0.0646914095,-0.0321146213,-0.111382946
-0.0585981384,-0.0317346938,-0.0991273597,-0.0529711023
-0.0603556149,-0.0173665602,-0.102892883,-0.026523808
-0.0284569785,-0.0214695111,-0.0502511486,-0.0330775827
0.0165509749,-0.0314299837,0.0257698111,-0.0519004837
0.0476497151,-0.0295866523,0.0771479011,-0.0518416688
0.0453996025,-0.0045052371,0.0758372471,-0.00971852336
0.00829662383,0.040146105,0.016908437,0.0636573955
-0.0460784435,0.0846775323,-0.0731497332,0.139512688
-0.0898483694,0.102052234,-0.145136401,0.171691313
-0.0990915373,0.0725110024,-0.163188905,0.126524553
-0.0662188008,-0.00331567996,-0.112465255,0.00238739303
-0.00411146507,-0.100357972,-0.00966362655,-0.160284907
0.0600705259,-0.177620441,0.0947433114,-0.288572341
0.0981980488,-0.196396098,0.153588042,-0.321804434
0.0948211998,-0.139859349,0.15205501,-0.238389343
0.0543443933,-0.0241437834,0.0903963968,-0.050346829
-0.00166520523,0.105546661,-0.00111802272,0.169770554
-0.0454144813,0.193220258,-0.0713049993,0.315698892
-0.0564339086,0.196977749,-0.0880562067,0.326554716
-0.0310694948,0.108942777,-0.0500082411,0.19011347
0.0164559875,-0.0395171456,0.0276608896,-0.055825226
0.0614905767,-0.190365463,0.0980773866,-0.304928243
0.0809387043,-0.283935636,0.122361422,-0.449132144
0.0639604181,-0.285037547,0.0965981334,-0.456793785
0.0166011844,-0.19804424,0.0238836501,-0.332199961
-0.0412748195,-0.063968353,-0.071698539,-0.113713607
-0.0848194733,0.059004426,-0.142086253,0.094453983
-0.0946063697,0.122316688,-0.154297873,0.203444928
-0.0642653182,0.108655281,-0.104746193,0.187302455
-0.00269017299,0.0385164358,-0.00405758247,0.072777018
0.069392316,-0.0408964828,0.114798754,-0.0640721694
0.126681119,-0.0787673071,0.206055447,-0.132308096
0.147651523,-0.0447038896,0.242339641,-0.0799617022
0.12142884,0.0573493131,0.202880159,0.0838669911
0.051412981,0.191256642,0.0903274119,0.302569062
-0.0451781116,0.305190921,-0.0624869466,0.475627303
-0.141796485,0.354347318,-0.204419374,0.538392901
-0.210152358,0.319428772,-0.309055239,0.489896864
-0.22902827,0.213095933,-0.351915956,0.34466669
-0.191653699,0.0725681484,-0.311673641,0.130788907
-0.108831197,-0.0571278483,-0.185888648,-0.0846968815
-0.00598567398,-0.141089618,-0.0170110185,-0.229116052
0.085574016,-0.165886477,0.134676218,-0.272810817
0.140334085,-0.140441269,0.224566177,-0.234174564
0.148566276,-0.087731488,0.241833434,-0.151073724
0.120121054,-0.0324800797,0.200461,-0.0593913198
0.079863593,0.0090488866,0.134849489,0.0115044685
0.056326773,0.0330792516,0.0945526659,0.0553008243
0.0685306266,0.0457323343,0.113083534,0.0767721534
0.117133327,0.0565842614,0.191108719,0.0935825408
0.184281677,0.0724156871,0.298664063,0.115890756
0.242397353,0.0942109227,0.386771441,0.14613381
0.267661303,0.118089877,0.42625916,0.180561021
0.251473278,0.138580531,0.402641028,0.212095097
0.204078719,0.151688591,0.332083315,0.237143889
0.148537561,0.155928403,0.247245565,0.248495951
0.108248696,0.151198238,0.181783304,0.245596409
0.0946773365,0.136941954,0.157685414,0.226350307
0.101862729,0.111462325,0.171616286,0.183658257
0.11065881,0.0733179972,0.184295908,0.121780694
0.100369021,0.0240839776,0.169198722,0.0396629237
0.0613335297,-0.0295254365,0.105251066,-0.0506451093
0.00139504077,-0.0761939883,0.00477315485,-0.127321586
-0.0575623959,-0.103847481,-0.0954220444,-0.173583105
-0.0913500413,-0.10539753,-0.154700696,-0.173961878
-0.0871528909,-0.0834471658,-0.14884755,-0.138197735
-0.0515211634,-0.0510124452,-0.0899530351,-0.0846121982
-0.00794416107,-0.0270359218,-0.0166419186,-0.0436080135
0.0151199251,-0.028147703,0.0256250259,-0.0468886159
-0.000410793902,-0.0603768863,0.00125376834,-0.0988490358
-0.0517627299,-0.115038984,-0.0841955915,-0.188631892
-0.115569301,-0.171353757,-0.188301146,-0.276886612
-0.15913257,-0.205155447,-0.258084685,-0.324899375
-0.157047242,-0.199890643,-0.257931143,-0.317677379
-0.104553923,-0.154623315,-0.179258123,-0.253228754
-0.0205437783,-0.0848901793,-0.0405485034,-0.142659888
0.0615331754,-0.0155923143,0.0969293565,-0.029498348
0.110298336,0.0308974925,0.183820024,0.0493417345
0.112105556,0.0456075557,0.1892149,0.0729951784
0.0777077302,0.0372110046,0.134388193,0.0609720498
0.0365465358,0.027135713,0.063599959,0.0430424958
0.0216284133,0.0376368687,0.0363499001,0.0614203885
0.0526869036,0.0787421614,0.0853515565,0.129765794
0.126051694,0.140975013,0.203577578,0.226286232
0.216087237,0.198229104,0.340759695,0.309286118
0.287184298,0.220173791,0.442619711,0.332822114
0.310161322,0.1885259,0.479654163,0.284393728
0.275105476,0.109024525,0.441486984,0.168898866
0.194881812,0.0124561489,0.324448705,0.0194336995
0.0983930305,-0.0569000505,0.170083821,-0.0968283936
0.0175615251,-0.0608225688,0.0299300589,-0.10656485
-0.025492752,0.0142296869,-0.0450157188,0.0179957859
-0.0254848879,0.148515001,-0.0456695668,0.239145115
0.00695380103,0.295203179,0.0109351715,0.462571979
0.0523542725,0.3992621,0.0836142674,0.595899343
0.0914193094,0.420776725,0.142337471,0.620022714
0.111781538,0.352068841,0.177938133,0.53845042
0.110372245,0.220679551,0.183773652,0.359648883
0.0918392316,0.0768363997,0.158724397,0.131534934
0.0650702789,-0.0286861416,0.111019723,-0.0458337851
0.0398861319,-0.0659473836,0.0660088658,-0.11286629
0.0248038396,-0.0366606191,0.03922984,-0.066368185
0.0255344976,0.0300548039,0.0411583595,0.0455332771
0.0435178429,0.0941207781,0.0714102983,0.154203102
0.0744743273,0.124500819,0.123455562,0.20564808
0.107985914,0.112778731,0.18052429,0.186970487
0.129482642,0.0740369484,0.217726558,0.122448377
0.125126481,0.0354916826,0.209822223,0.0564460941
0.088271074,0.0196097009,0.149895251,0.0297751129
0.0245502964,0.0310178716,0.0442884825,0.0489263535
-0.0475719273,0.0541649871,-0.0756824315,0.0870986432
-0.102267779,0.0627375022,-0.167426214,0.105128989
-0.116350405,0.035465911,-0.191862062,0.064474754
-0.0796616077,-0.030445097,-0.13518846,-0.0422443561
-0.000872830453,-0.115706794,-0.0059547089,-0.184675306
0.0945288166,-0.187308073,0.14877978,-0.302507758
0.173700914,-0.214587286,0.270449072,-0.344167233
0.209324449,-0.184639141,0.328279495,-0.299548268
0.190089568,-0.109028324,0.307402164,-0.18724522
0.124078676,-0.0183650348,0.208789542,-0.0392456427
0.0338049866,0.052356299,0.0608915463,0.0831043422
-0.0542952232,0.0800187141,-0.0851333737,0.134910524
-0.12061172,0.0629616678,-0.19685097,0.108696565
-0.158340037,0.0193017218,-0.259377092,0.036114946
-0.172514394,-0.0245660823,-0.28284812,-0.0345885754
-0.173668399,-0.0487609282,-0.286034167,-0.0762823299
-0.170306712,-0.0499955267,-0.282347322,-0.0800908059
-0.164489403,-0.0417525657,-0.272089601,-0.0664329156
-0.152554214,-0.044873789,-0.253324419,-0.0700839236
-0.129768327,-0.074056454,-0.216247693,-0.116492257
-0.0954272822,-0.127840534,-0.159527376,-0.204775989
-0.0548840463,-0.187626973,-0.0940733477,-0.30249238
-0.0171206482,-0.226293549,-0.0327949487,-0.364976138
0.0105874296,-0.22181049,0.012013644,-0.362651914
0.0274243914,-0.168669909,0.0398926213,-0.281684875
0.0399576463,-0.0812365189,0.0631669536,-0.141456813
0.058272779,0.0125135276,0.0942625999,0.0144859841
0.0893270001,0.0833982155,0.146579042,0.1352119
0.131386369,0.113150552,0.217661932,0.184654564
0.173018441,0.100377336,0.283361703,0.16474019
0.197641641,0.0580685101,0.324190795,0.0932595953
0.191486195,0.00490990235,0.316247612,0.00587645313
0.150807872,-0.0443514138,0.252330393,-0.0750777796
0.0844848379,-0.0843093023,0.143154234,-0.141805738
0.0105706789,-0.117780775,0.0188443512,-0.196833938
-0.0514040254,-0.149806589,-0.0847648904,-0.245710537
-0.0883971378,-0.181097448,-0.147798806,-0.292803675
-0.0981331915,-0.205244958,-0.163583413,-0.329506785
-0.0879076123,-0.211454272,-0.147694498,-0.339015841
-0.0691451356,-0.19104147,-0.118144296,-0.31123513
-0.0510817319,-0.143572509,-0.0901944712,-0.239610001
-0.0370509848,-0.0786816627,-0.065111421,-0.134035334
-0.0249987505,-0.0121724876,-0.0443750322,-0.021964442
-0.0112164402,0.0415513366,-0.0176190361,0.0679097995
0.00553514389,0.0763892829,0.0090879146,0.127625152
0.0223093443,0.0966769531,0.0377964117,0.16059579
0.033698637,0.113109067,0.0577970073,0.186477661
0.0356978327,0.134619325,0.0611147173,0.221677721
0.0289671645,0.160878852,0.0510316789,0.263742238
0.0191119183,0.180002436,0.0351368673,0.294716358
0.0135069164,0.173372522,0.026457468,0.286927521
0.0164629295,0.125611633,0.0308810882,0.212592423
0.0257335398,0.0347425714,0.0458542332,0.0645593256
0.0327205323,-0.0828964934,0.0567508042,-0.131995037
0.0266054794,-0.196065038,0.0419689491,-0.31721887
0.000282959983,-0.269448608,-0.00270338263,-0.430014789
-0.0451857671,-0.27736488,-0.0759723634,-0.442302465
-0.100132331,-0.214350522,-0.165547743,-0.3508614
-0.150167063,-0.0980062932,-0.249871731,-0.164381593
-0.182318211,0.037062455,-0.301632375,0.0588545799
-0.190196633,0.151540443,-0.305528283,0.243852437
-0.175675571,0.214828566,-0.277459502,0.345134944
-0.146677122,0.21443215,-0.231287852,0.348544866
-0.112835295,0.158227816,-0.180618063,0.26526621
-0.0817504153,0.0696023852,-0.133744523,0.122779429
-0.0577499568,-0.0219067913,-0.0968534797,-0.0318806805
-0.0431315154,-0.0906431824,-0.073462911,-0.149331316
-0.0401016362,-0.12213704,-0.0689549372,-0.201652601
-0.0512311198,-0.115812063,-0.0877475441,-0.192444801
-0.0775037259,-0.0830027014,-0.131008536,-0.138812661
-0.115107916,-0.0415643379,-0.192724511,-0.070435673
-0.153569922,-0.00905094668,-0.253625005,-0.0138004692
-0.177533165,0.00347163319,-0.291212082,0.00963913556
-0.172427282,-0.00478080148,-0.283481151,-0.00327389524
-0.131613404,-0.0240632035,-0.22263661,-0.0344867744
-0.0610485971,-0.0376542434,-0.107328631,-0.0595772825
0.0217358563,-0.028318584,0.0315435119,-0.0467116386
0.094659999,0.0143532576,0.153003976,0.0200688634
0.140954226,0.0884242728,0.231815308,0.138726875
0.156672955,0.178324491,0.255411655,0.28116712
0.151543245,0.258837819,0.24343954,0.401243657
0.142328486,0.303327471,0.227885887,0.467178494
0.142181486,0.293256432,0.228558749,0.457340062
0.152060196,0.225257248,0.247266278,0.360156655
0.15949513,0.112825766,0.264465511,0.186689317
0.146015853,-0.0181033164,0.244689256,-0.0253233686
0.0994642526,-0.137860462,0.166197866,-0.226302803
0.0241519995,-0.22243309,0.039810203,-0.362284482
-0.0575726144,-0.25986743,-0.0941322073,-0.416174352
-0.114345022,-0.25159198,-0.185278699,-0.400476187
-0.121404976,-0.208990604,-0.20139499,-0.336146981
-0.0746421069,-0.147560015,-0.13091737,-0.241901606
0.00496285921,-0.0816107988,0.00115485094,-0.137851298
0.0798256025,-0.0215397384,0.129596964,-0.0387760736
0.1135934,0.0261124987,0.188813224,0.0382877328
0.089382723,0.0571916848,0.153707609,0.0923087969
0.0187346656,0.0688947737,0.0366832279,0.113117844
-0.0638600811,0.0602169335,-0.101387464,0.101051323
-0.118461065,0.0334872045,-0.194091737,0.0592596456
-0.120254695,-0.0044838991,-0.200518876,-0.00229245657
-0.0723529309,-0.0431083515,-0.124882646,-0.066697374
-0.0038795704,-0.0709201023,-0.0105497139,-0.117416702
0.0458196923,-0.0795133486,0.0751756504,-0.133432746
0.0485285111,-0.0664829686,0.0826018453,-0.115603089
0.00264793122,-0.0357074104,0.00508706598,-0.0635559708
-0.0655781552,0.0052096243,-0.108360395,0.00601240108
-0.115895331,0.0488322638,-0.19185333,0.079613246
-0.115617484,0.090787448,-0.193070829,0.152403906
-0.0574243926,0.12995331,-0.0972552299,0.21638386
0.0361685716,0.165994331,0.0553663746,0.273788542
0.124089181,0.196126491,0.200830132,0.316264719
0.167737022,0.213699937,0.27154994,0.337157965
0.15060097,0.210202187,0.248226047,0.334116995
0.086164169,0.180090085,0.148566023,0.292626321
0.0101583498,0.12575528,0.0245552957,0.209674075
-0.0383998975,0.0592914,-0.0608382262,0.102285504
-0.0371199138,-0.000849911361,-0.0630607978,0.00300909462
0.00938660093,-0.0373886079,0.0102268951,-0.0597918667
0.0737394989,-0.0423344225,0.118938565,-0.071911186
0.121746205,-0.021240443,0.198644593,-0.0397129133
0.131040275,0.00918417703,0.218039066,0.00989945233
0.102295332,0.0294008628,0.172736168,0.045621708
0.0573331192,0.0271951109,0.0990035459,0.0455490313
0.0257709306,0.00419204729,0.0454671159,0.00705897622
0.0279924981,-0.0250729788,0.0459527224,-0.0405716673
0.0638861507,-0.0413917191,0.103112288,-0.0695919842
0.113253497,-0.0321585722,0.184242204,-0.0556511506
0.147204056,0.000556752551,0.241423979,-0.00394763239
0.143941924,0.0399289392,0.240292057,0.0607111901
0.100302488,0.062822856,0.171667799,0.101269014
0.0331207849,0.0524951294,0.0604391396,0.0870179012
-0.0297416709,0.00862347428,-0.04569548,0.0169112496
-0.0634246767,-0.0511534773,-0.10580533,-0.080229044
-0.0576273538,-0.0995543078,-0.0978238061,-0.16125527
-0.0201224852,-0.113749929,-0.0392134376,-0.188620031
0.0286258347,-0.0877204016,0.0417118222,-0.149081007
0.065935798,-0.0359590612,0.107094854,-0.0636598021
0.0766136125,0.0139085352,0.128244221,0.0185085479
0.0574076325,0.0359932669,0.099555172,0.0582155921
0.0153129837,0.0206124093,0.0302472711,0.035141021
-0.0377433524,-0.019626623,-0.059964221,-0.030518258
-0.0900327489,-0.0558218658,-0.147915214,-0.0903426781
-0.132485136,-0.0580706336,-0.220209196,-0.0958030075
-0.158638865,-0.0121132936,-0.262681037,-0.0198889524
-0.164184153,0.0716165751,-0.271131754,0.115000501
-0.148057014,0.161653429,-0.240954071,0.262118191
-0.114994183,0.220316127,-0.182730719,0.357040435
-0.0771548077,0.222162426,-0.120726064,0.363251984
-0.0518181585,0.166544273,-0.0812299699,0.278035522
-0.05415719,0.077770628,-0.085326001,0.136040464
-0.087703377,-0.00711586094,-0.141605675,-0.00775081664
-0.138003334,-0.0564732924,-0.225480363,-0.0917593092
-0.174819395,-0.0586592108,-0.287816018,-0.0958863869
-0.164384738,-0.0257343557,-0.275605261,-0.0405137204
-0.0873744935,0.0151269343,-0.152122259,0.0276832376
0.046298556,0.0373575203,0.070154272,0.065043956
0.194936171,0.0290829316,0.314074397,0.0481408536
0.298734635,-0.00195067853,0.470799148,-0.004570249
0.305418044,-0.0348218568,0.482544929,-0.0602706559
0.196396098,-0.0490990244,0.326841652,-0.0879848376
0.000131312918,-0.0376700275,0.0106290411,-0.070183225
-0.215544641,-0.0113529377,-0.341837645,-0.0209013149
-0.370454937,0.00730748801,-0.562624633,0.015816493
-0.406756848,-0.00251707411,-0.609295964,0.00620935066
-0.314920157,-0.0469253063,-0.498746306,-0.0599098802
-0.138100892,-0.112137742,-0.238077611,-0.173329011
0.0477786064,-0.170266554,0.0685103014,-0.274589956
0.168974519,-0.193012148,0.265511304,-0.313525945
0.187060699,-0.165953532,0.299317598,-0.274565756
0.114283733,-0.0958321393,0.190383062,-0.168169498
0.0041051358,-0.00711199036,0.0105496459,-0.0187282395
-0.0776158348,0.0700840503,-0.127856538,0.1160888
-0.0857864097,0.114044212,-0.143059835,0.191962808
-0.016869355,0.120145485,-0.0319058746,0.204119727
0.0925081074,0.100003369,0.149087921,0.168410406
0.187164217,0.0723304376,0.304911494,0.11778117
0.222897962,0.0511808544,0.364050716,0.0784750804
0.188159898,0.0383449383,0.312344909,0.0563522577
0.107044347,0.0239226837,0.184124604,0.0365839005
0.0232892651,-0.00576709444,0.0433790572,-0.00903771725
-0.0248428173,-0.0579677708,-0.0404449068,-0.0938647464
-0.0245566368,-0.127133116,-0.0434098057,-0.207150578
0.00725108152,-0.196190581,0.00647013634,-0.316624701
0.0368670672,-0.244658276,0.054588668,-0.392642975
0.0354191922,-0.258902997,0.0528813601,-0.416730851
-0.00360136363,-0.238678768,-0.00850537233,-0.389286458
-0.0609924383,-0.196323693,-0.100524984,-0.32292968
-0.104184717,-0.149253502,-0.172913566,-0.246118888
-0.107610919,-0.110186331,-0.18261604,-0.179429457
-0.0688531101,-0.0807116777,-0.119333185,-0.13209717
-0.0109021775,-0.0517688282,-0.0239794701,-0.0856855959
0.0309544485,-0.0105775688,0.0495765023,-0.0213787854
0.0300687328,0.0500927083,0.0520182885,0.0781316981
-0.0150299463,0.125655189,-0.0202683453,0.204775527
-0.0783371776,0.199956417,-0.122683294,0.32270512
-0.120072566,0.251832098,-0.185248107,0.401518762
-0.10894566,0.264300287,-0.168339893,0.423784614
-0.0405144878,0.231489405,-0.0644842237,0.379550964
0.0588442571,0.159972534,0.0970759243,0.268491626
0.144894332,0.0645055175,0.241591364,0.109433152
0.178539887,-0.038775757,0.295816809,-0.0631812885
0.14635776,-0.137623981,0.242812917,-0.22588937
0.0674934611,-0.224836022,0.111168608,-0.364382684
-0.0167166963,-0.295670718,-0.0263535418,-0.464863956
-0.0645460114,-0.344403654,-0.104054727,-0.528392732
-0.0551049672,-0.363353342,-0.0921075866,-0.5516451
0.00241787173,-0.345847756,-0.00679018116,-0.53276372
0.0760288686,-0.29160428,0.109150246,-0.461923599
0.130000159,-0.210816398,0.20111905,-0.344572335
0.144638672,-0.123382524,0.231958821,-0.20931454
0.125658944,-0.052282922,0.207219064,-0.0927113444
0.0983318239,-0.0136993099,0.165754423,-0.0253981408
0.0904383361,-0.00893055554,0.150222823,-0.0154415891
0.114415824,-0.0228757318,0.188331842,-0.0390104279
0.159339637,-0.0307430904,0.260311961,-0.0531424023
0.19746089,-0.0102734324,0.321468651,-0.0209386982
0.201386258,0.0464624874,0.328676879,0.068394497
0.161646158,0.127835721,0.265494525,0.19959563
0.0940321162,0.207042515,0.158697993,0.329472572
0.0319327153,0.254279137,0.0588969067,0.406792611
0.00762785785,0.250820518,0.0168699417,0.406237006
0.0330991857,0.19802548,0.0570889041,0.327866912
0.0915476456,0.116798811,0.15211679,0.197781444
0.145016596,0.0378411412,0.239975452,0.0643564388
0.154497147,-0.012393971,0.257332265,-0.0224439688
0.101708896,-0.0231163874,0.172653273,-0.0425338559
0.000488680089,-0.00262288889,0.00680774497,-0.00901809335
-0.108821392,0.0274459235,-0.17775321,0.0433458686
-0.179376647,0.0436158925,-0.292883009,0.0744814873
-0.181712687,0.0318593495,-0.300291896,0.0576099642
-0.118783951,-0.00676650926,-0.201604426,-0.00374299311
-0.0241455026,-0.0582816526,-0.0463645421,-0.0911330506
0.0556763895,-0.103851467,0.0880953446,-0.170249164
0.0851287097,-0.129154861,0.139444903,-0.214954913
0.0571446195,-0.130338177,0.0957673788,-0.219302401
-0.00486643147,-0.114125662,-0.00690995343,-0.192483008
-0.0611607954,-0.0928893685,-0.101748005,-0.156291261
-0.0779117867,-0.0778757557,-0.131340981,-0.127280816
-0.0454358384,-0.074206084,-0.0800590813,-0.119781613
0.0172152799,-0.0797747374,0.0241864249,-0.133316994
0.0732859373,-0.0878377631,0.117906883,-0.146202192
0.0885196552,-0.0912872255,0.146512851,-0.154181391
0.0494104736,-0.0862053409,0.0842605308,-0.147506788
-0.0301218927,-0.0732233077,-0.0453893729,-0.12651214
-0.116635397,-0.0566656217,-0.190814555,-0.0948942825
-0.174705699,-0.0424896367,-0.287690818,-0.0678300783
-0.18427664,-0.0361490212,-0.303628981,-0.0537757277
-0.14869608,-0.0409373827,-0.247983932,-0.0613395683
-0.0899453163,-0.056765046,-0.153715536,-0.0907641873
-0.0347866975,-0.0792483464,-0.061135415,-0.128521025
-0.000268282602,-0.0994675606,-0.00210795039,-0.164716274
0.0132702747,-0.105240628,0.0198547915,-0.176774338
0.0184355862,-0.0845848173,0.0277624987,-0.14320159
0.0294910595,-0.0309449229,0.0442986637,-0.0548179075
0.0510505065,0.0517582893,0.0831797868,0.0828452632
0.07393682,0.147134364,0.122791484,0.237591058
0.0807733461,0.229663745,0.134091049,0.365649015
0.0577833503,0.273397118,0.0990133137,0.433116615
0.00533286715,0.263061792,0.0182139743,0.421575576
-0.0596916974,0.202556282,-0.0889512375,0.332874924
-0.111815505,0.116083004,-0.179405987,0.196677193
-0.131139174,0.0400850289,-0.214935109,0.0716277808
-0.115610816,0.00854509417,-0.194239184,0.0174675025
-0.0838494673,0.0378911048,-0.142879799,0.0614828803
-0.0659786686,0.11865598,-0.11013823,0.191686928
-0.0866875276,0.218376309,-0.135753751,0.349351823
-0.149478942,0.295051217,-0.224168822,0.457475245
-0.231061429,0.315313399,-0.33683908,0.478913069
-0.28991437,0.268953443,-0.426731884,0.41144079
-0.28570953,0.172999278,-0.438559502,0.280840933
-0.200355917,0.0635213479,-0.327884078,0.11366076
-0.0500968508,-0.0207487196,-0.0909171253,-0.0267484579
0.117895395,-0.05503783,0.186828062,-0.0905545875
0.24359788,-0.0376002975,0.387300134,-0.0662784576
0.27899763,0.0125077395,0.443025351,0.0108669307
0.208580256,0.0669227839,0.34570995,0.0992319435
0.0563369766,0.102253228,0.105256423,0.162715957
-0.123603113,0.109784678,-0.192185491,0.180938005
-0.268315911,0.0962650999,-0.419148445,0.158004746
-0.330064178,0.0765285641,-0.510569334,0.125370547
-0.293078691,0.0630484596,-0.465459019,0.107121944
-0.177074298,0.058730986,-0.296016932,0.103218302
-0.0273845606,0.0568404011,-0.0516620316,0.100161441
0.103121452,0.0474243201,0.167897314,0.0795808658
0.172724426,0.0256689694,0.285449088,0.040088959
0.163469344,-0.00344780972,0.272988886,-0.00944458228
0.0843577683,-0.0274410993,0.1467098,-0.0499992818
0.152206972,0.093288146,0.23828873,0.142792299
0.204899758,0.10325896,0.33383739,0.167685807
0.161998689,0.0708981529,0.274330884,0.112973869
0.0447253957,0.00440373039,0.0841065273,0.00653437106
-0.0907215104,-0.0758157447,-0.145150632,-0.123100281
-0.183251411,-0.143215999,-0.297434717,-0.227301031
-0.198553428,-0.174296096,-0.32360521,-0.273504704
-0.145276293,-0.157691523,-0.243637234,-0.253189266
-0.0673119202,-0.0993619636,-0.120334923,-0.165922344
-0.0169783663,-0.0211197063,-0.0311256852,-0.0382429995
-0.0243440885,0.0476410836,-0.0385227241,0.0770114139
-0.0798926204,0.0820163041,-0.126907632,0.135308713
-0.140164793,0.0723208562,-0.226365715,0.122481555
-0.15316312,0.0284250267,-0.252488971,0.055117324
-0.0892857462,-0.0247562248,-0.15416345,-0.0335973762
0.0395501368,-0.058996886,0.0573093407,-0.0946954489
0.183459148,-0.0564425103,0.293232054,-0.0938452706
0.279230714,-0.018646067,0.439082354,-0.0365803353
0.282934964,0.0337538607,0.451624602,0.04369995
0.193024859,0.071033217,0.321106493,0.106831968
0.0516361929,0.0695374385,0.0955797508,0.112998776
-0.076468423,0.0246087052,-0.121851407,0.0434446856
-0.136003241,-0.0453875512,-0.223876074,-0.0678692758
-0.107428484,-0.106483601,-0.1838267,-0.169741645
-0.0140652591,-0.124895632,-0.0327461958,-0.205134138
0.09273462,-0.0837459415,0.14624384,-0.143588409
0.161536142,0.00751194125,0.263569862,0.00408226764
0.166620567,0.115908839,0.27403152,0.179079875
0.118354917,0.199091554,0.19844234,0.314453334
0.0538087897,0.224272981,0.0946431234,0.361083418
0.0140664466,0.183027685,0.0296696592,0.302392513
0.021358477,0.0948796272,0.0378113575,0.165581211
0.0683293641,-0.0019650755,0.114213407,0.000834434526
0.124332912,-0.0681712031,0.202253461,-0.11257904
0.154048041,-0.0806242675,0.251195341,-0.136598274
0.137320474,-0.0414069183,0.227151409,-0.0763700604
0.0792690963,0.0254244376,0.134833038,0.0349702686
0.00585704111,0.0869784653,0.0151550351,0.141822681
-0.0514921546,0.117548123,-0.0809912831,0.194638461
-0.0728657842,0.109458245,-0.118463166,0.184570298
-0.0589192584,0.0738057494,-0.0966492221,0.128390059
-0.0277252328,0.0316517055,-0.0468158796,0.0553651974
-0.00235710992,0.00114879815,-0.00465152273,0.00300196162
0.00283938879,-0.0121303992,0.00467920257,-0.0208230056
-0.0107386066,-0.0165914651,-0.0176839158,-0.028067911
-0.0290997811,-0.027520515,-0.0482687205,-0.0445151515
-0.0361628458,-0.0560563877,-0.0604759604,-0.0914850235
-0.0246304162,-0.100892469,-0.0443583988,-0.164887726
-0.000483978365,-0.147662699,-0.00341890496,-0.241608202
0.0213848688,-0.176468417,0.0313300006,-0.28918162
0.0273471642,-0.173262596,0.0422926061,-0.287099898
0.0144990273,-0.138500601,0.0219666678,-0.232829213
-0.00649179611,-0.0879063532,-0.0136596942,-0.150063172
-0.0169209447,-0.0446074605,-0.0288133007,-0.0762022361
-0.000671934453,-0.0268075932,-0.00297316886,-0.0448348038
0.0462878756,-0.0378202461,0.0726098493,-0.0613960586
0.112904266,-0.0641455725,0.184153974,-0.104407139
0.177938804,-0.0829006955,0.286536872,-0.138575062
0.219642624,-0.0747038051,0.353184074,-0.126808405
0.224661216,-0.034968283,0.362341881,-0.0641095191
0.191666707,0.0227102619,0.316441447,0.0301507022
0.128825128,0.0731200054,0.21783036,0.11455445
0.047976993,0.0924983546,0.0871847421,0.152031735
-0.0400552638,0.0709678978,-0.0586522259,0.120904505
-0.126177058,0.0174613278,-0.204373389,0.0332140438
-0.200353384,-0.04562971,-0.324003249,-0.0695089847
-0.249078065,-0.0950875208,-0.398881823,-0.146598995
-0.256761402,-0.119596109,-0.410776943,-0.183899984
-0.212092176,-0.125170261,-0.346734881,-0.196433142
-0.11642193,-0.129918888,-0.198571026,-0.209340215
0.0113433758,-0.150900543,0.0106696924,-0.245034531
0.137972742,-0.190649897,0.216097042,-0.306799382
0.227647394,-0.231658503,0.349116296,-0.363618612
0.257311493,-0.243060246,0.391720593,-0.38023442
0.227665588,-0.197011426,0.35568434,-0.318354368
0.163172185,-0.0864068195,0.265634894,-0.1517023
0.0999056101,0.0660298392,0.16588296,0.0987254456
0.0668345541,0.213433862,0.109679349,0.339441806
0.0703121126,0.303935021,0.114133447,0.475385785
0.090505369,0.304584235,0.147789538,0.478084624
0.0924207643,0.218198612,0.156972572,0.355205745
0.0462001264,0.0840894058,0.0862408057,0.144017085
-0.0541101061,-0.0386567488,-0.0826264396,-0.0620794557
-0.183849826,-0.0978999808,-0.29525727,-0.160273775
-0.297495276,-0.0724015906,-0.468299747,-0.113707222
-0.350431085,0.0187789407,-0.542500198,0.0308408123
-0.321575999,0.126258984,-0.499477178,0.199023277
-0.224858031,0.194944099,-0.357105911,0.313243479
-0.10320738,0.191218823,-0.168431118,0.318576276
-0.00794489402,0.119308263,-0.0126169641,0.205155283
0.0257939603,0.0187535733,0.0469721071,0.0363565981
-0.00511530042,-0.0556675419,-0.00483445777,-0.0924400464
-0.0726689696,-0.0615440719,-0.121439278,-0.105721876
-0.134303629,0.00972180534,-0.223498851,0.011507892
-0.155844957,0.128116414,-0.255663335,0.205384016
-0.128450677,0.239011317,-0.205967933,0.381207526
-0.0708724037,0.288855404,-0.111425214,0.458825499
-0.0166816805,0.249941051,-0.0219954867,0.40700227
0.00566222239,0.132474616,0.0167573467,0.226890981
-0.0115578203,-0.0212242622,-0.0146585712,-0.0278544463
-0.0525136665,-0.156722635,-0.0842403248,-0.253658563
-0.0887517259,-0.231397003,-0.146160856,-0.372089595
-0.0968499035,-0.230814159,-0.162831217,-0.371551603
-0.0721841827,-0.170629099,-0.125861764,-0.282249004
-0.0307726413,-0.0846815035,-0.0583828501,-0.144650564
0.00161251205,-0.00665467745,-0.00130990846,-0.0129838698
0.0062750713,0.0449218079,0.0118665807,0.0746134371
-0.0159650929,0.0713109002,-0.0242456645,0.118484668
-0.0444813594,0.086962074,-0.0702535957,0.145910531
-0.0512590781,0.106802344,-0.0847073346,0.175552413
-0.0189369209,0.135314763,-0.0327626914,0.225394189
0.0462472327,0.16353704,0.0750300139,0.269269019
0.114757739,0.175121859,0.187295139,0.284243047
0.148063868,0.157323048,0.244303524,0.254974067
0.119622618,0.110142566,0.204001799,0.181373075
0.0310649946,0.048208639,0.060635794,0.0818006247
-0.0856941193,-0.00569091924,-0.135983914,-0.00832510181
-0.182270825,-0.0317081511,-0.296737373,-0.0501865707
-0.216789559,-0.0224480871,-0.354550958,-0.0331899598
-0.174207017,0.0142233539,-0.292023808,0.0259116441
-0.0734517351,0.0602484047,-0.129864097,0.103383914
0.0422303826,0.0970463157,0.0661559328,0.162223071
0.126550138,0.114111595,0.20770973,0.186207682
0.151985541,0.111840196,0.25322026,0.179852098
0.121113099,0.0975528434,0.204967812,0.157760322
0.0622910783,0.0778413191,0.109236144,0.126704931
0.0128522888,0.0525391921,0.0257014595,0.0874887109
-0.000754921173,0.0145218978,6.33630361e-06,0.0280542895
0.0245495122,-0.0441891216,0.0382902808,-0.069699198
0.0692307055,-0.123702928,0.11098168,-0.201428309
0.103617907,-0.210683018,0.163725823,-0.338226646
0.104533702,-0.280338049,0.161930144,-0.44261235
0.066920884,-0.306235403,0.101266809,-0.481919855
0.0047738147,-0.27349931,0.00449615205,-0.440942973
-0.0580584146,-0.188426495,-0.0989464894,-0.312562972
-0.101197049,-0.0787778944,-0.171805397,-0.134071589
-0.117510907,0.01647144,-0.197048306,0.0255267285
-0.11439243,0.0636379123,-0.189779475,0.108831145
-0.106835723,0.0492699742,-0.17667231,0.0877650604
-0.107244797,-0.0138761597,-0.17635116,-0.0156582668
-0.118300669,-0.0929411501,-0.194411635,-0.148636684
-0.132819116,-0.150273561,-0.219793215,-0.24388054
-0.139996156,-0.160481095,-0.232535765,-0.259921402
-0.133574292,-0.120957635,-0.224030972,-0.198741555
-0.116532318,-0.0510319732,-0.196421579,-0.085061647
-0.099320665,0.0192909464,-0.167271018,0.0305428971
-0.0928381383,0.064829506,-0.152478352,0.109376453
-0.100684538,0.076910764,-0.164665833,0.130682856
-0.115715362,0.0655118674,-0.18745102,0.111202985
-0.123309791,0.0513444766,-0.20290111,0.0881273672
-0.109651566,0.0526676625,-0.183225438,0.0901310369
-0.0702000484,0.0742116049,-0.119142972,0.123452194
-0.0132702123,0.104202062,-0.0250129011,0.173982784
0.0435872301,0.120949782,0.0729952827,0.201464072
0.0825359002,0.105296813,0.139313251,0.175356656
0.0947234258,0.0521487892,0.160930455,0.0878322572
0.0845922753,-0.0250767339,0.14415358,-0.0395212583
0.066723831,-0.0994257554,0.111674488,-0.164630681
0.0569370687,-0.142212003,0.0908529982,-0.235431194
0.0626437366,-0.135644644,0.0982660875,-0.225825548
0.0779452771,-0.0801048949,0.124225579,-0.138523594
0.0863798857,0.00709883217,0.142148241,0.00548541825
0.0700398609,0.100226849,0.117881127,0.160479143
0.0202901028,0.176109269,0.0395718329,0.285123676
-0.0555942878,0.222144783,-0.0810770467,0.358219683
-0.135459349,0.237940013,-0.208501935,0.379864514
-0.190652624,0.230921566,-0.294054806,0.368319064
-0.197808504,0.209373832,-0.310349494,0.337054342
-0.148588359,0.177264661,-0.239362195,0.292236269
-0.0531526878,0.133606151,-0.0894716904,0.226546258
0.0637255386,0.0760763139,0.103842832,0.130717918
0.171677098,0.00603173254,0.280213654,0.011608311
0.244760498,-0.0686559007,0.392587364,-0.110722318
0.268600881,-0.135010675,0.422861964,-0.216096342
0.24263753,-0.179988816,0.380120367,-0.288427621
0.177811727,-0.196277738,0.285104185,-0.318823129
0.0916278958,-0.185524628,0.14903377,-0.307558805
0.00283903419,-0.157187656,0.00533854309,-0.262841284
-0.0727050304,-0.123760283,-0.120220535,-0.205904424
-0.124526501,-0.095157899,-0.208048448,-0.156619743
-0.148458749,-0.0753721446,-0.247066721,-0.121047691
-0.146346331,-0.0629505962,-0.244296178,-0.100569166
-0.124668658,-0.0544358343,-0.209302351,-0.0868620798
-0.0922696888,-0.0481086932,-0.157786489,-0.0791615769
-0.0577057339,-0.0453378335,-0.0999611616,-0.0732019246
-0.0271271765,-0.0485708378,-0.0465325937,-0.0802657306
-0.00363925286,-0.0574247651,-0.00808688067,-0.0956471339
0.0115298014,-0.065890193,0.0176044255,-0.110068105
0.0167845376,-0.0632764697,0.0270862784,-0.104776524
0.00844103284,-0.0392930843,0.0127995405,-0.068927221
-0.0188776739,0.00914603751,-0.0296361409,0.0113801919
-0.0692424178,0.0734533221,-0.114172667,0.118625365
-0.141051292,0.134601116,-0.226097196,0.218427137
-0.223863661,0.170547813,-0.348930538,0.273080051
-0.298990071,0.166762978,-0.455046952,0.263245136
-0.344769508,0.124511659,-0.521796405,0.198920846
-0.344926625,0.0620994233,-0.528768539,0.106550671
-0.296317875,0.0075778747,-0.469898313,0.0209674221
-0.212034211,-0.0141328676,-0.349538922,-0.0173106585
-0.117663264,0.00649056444,-0.202072307,0.0124071008
-0.0417496599,0.0582712442,-0.0726315901,0.0979635715
-0.00449045934,0.114116184,-0.00648233574,0.186716035
-0.00982538238,0.143945575,-0.0113372477,0.238372132
-0.0446240976,0.129520699,-0.0676412657,0.216923714
-0.085299857,0.0737060755,-0.136782989,0.127701953
-0.10861326,-0.000667144835,-0.178427979,0.00448851474
-0.101524435,-0.0619467162,-0.171151072,-0.0966214165
-0.0656723976,-0.0852800161,-0.115154147,-0.140753016
-0.0149533721,-0.064806208,-0.029629508,-0.108659029
0.0318728313,-0.0162084624,0.0495396554,-0.0303800683
0.0594481677,0.0316584334,0.099157691,0.0500321873
0.0610220209,0.0517276302,0.104280405,0.0846664459
0.0388708487,0.0325376652,0.0690280274,0.0557287931
0.0010167266,-0.0162071045,0.00380722014,-0.0258180797
-0.0429269001,-0.0691441149,-0.0695467144,-0.115459576
-0.0841961503,-0.0988925025,-0.140692189,-0.16285789
-0.114886388,-0.0906942785,-0.190898478,-0.150234655
-0.126938045,-0.0504519343,-0.212772667,-0.0841713026
-0.112397507,-0.00201909058,-0.189764783,-0.00218317984
-0.0662600249,0.024837045,-0.115157977,0.0428780317
0.00904620718,0.00962153729,0.011739593,0.0215012878
0.100441404,-0.0482583903,0.164323822,-0.0757579505
0.185354352,-0.128696188,0.297061533,-0.206718564
0.238382429,-0.200159848,0.370520741,-0.316039145
0.241353318,-0.234270006,0.370154619,-0.368469954
0.192133158,-0.218480349,0.302497894,-0.352798581
0.107329264,-0.16091539,0.175062835,-0.271042883
0.0166370291,-0.0855506659,0.0279421825,-0.149105087
-0.0492215417,-0.0206845421,-0.0812229365,-0.0369680822
-0.0714774951,0.0133860884,-0.122222282,0.0233296286
-0.0508890599,0.0117587354,-0.0873424634,0.0244517662
-0.00610365858,-0.015370355,-0.0132049797,-0.0227647722
0.0363487117,-0.0494596437,0.0589126348,-0.0806358159
0.0552735291,-0.0727280006,0.0914576426,-0.121377803
0.0444731936,-0.0750818849,0.0738210678,-0.128869891
0.0140946284,-0.0562519208,0.0242125746,-0.0973530039
-0.0165448114,-0.0234346464,-0.0271475501,-0.0410390757
-0.0302834306,0.0131012108,-0.0521815084,0.0216457471
-0.0211551301,0.0436612405,-0.035917908,0.0744372383
0.00372752291,0.0606401451,0.00525406795,0.101774603
0.0300474316,0.0584856719,0.051560998,0.0995063707
0.0460096933,0.033819899,0.0781897157,0.0585347712
0.0498707183,-0.0130337067,0.08590471,-0.0199203752
0.0506599024,-0.0755408853,0.0845067725,-0.123635434
0.0616547465,-0.13952218,0.0997232124,-0.228823885
0.0906188488,-0.185136467,0.141015396,-0.302119613
0.132905126,-0.193073913,0.208480164,-0.313194066
0.171984673,-0.153092414,0.270686507,-0.253492773
0.187626377,-0.0708623454,0.302802891,-0.124238051
0.167323247,0.0310706217,0.276321679,0.0419907942
0.114367791,0.120053768,0.19225812,0.191992626
0.0475871079,0.165814966,0.084596388,0.270931959
-0.00765579101,0.153299198,-0.00746623985,0.255218565
-0.032577619,0.0896006748,-0.0511896983,0.155258238
-0.025041189,0.00111434888,-0.041277945,0.00761113223
-0.00085021212,-0.0783036426,-0.00372795574,-0.128136948
0.0147297075,-0.122747563,0.0207845606,-0.202262878
0.000823838287,-0.125722468,-0.000320736028,-0.211652309
-0.047285296,-0.101840474,-0.0787773356,-0.171823606
-0.114909455,-0.0777713209,-0.188729912,-0.129309177
-0.175067216,-0.077008225,-0.286347955,-0.123437293
-0.202174336,-0.10635601,-0.328478754,-0.165596187
-0.184973553,-0.151338965,-0.302590519,-0.238459498
-0.131836236,-0.183197528,-0.21990414,-0.292144418
-0.0657821074,-0.174076036,-0.114345565,-0.285259873
-0.012162894,-0.11257077,-0.0271711685,-0.191147476
0.014152904,-0.0114030382,0.0218471419,-0.0248501841
0.0151858376,0.0970849693,0.0246922635,0.155790925
0.00664601382,0.175626576,0.0147821493,0.287375927
0.00730460044,0.199574575,0.0160868559,0.328374028
0.0271466263,0.168360084,0.0484325066,0.280735254
0.0610203631,0.105010152,0.10413719,0.178007245
0.091283381,0.0440370217,0.154621124,0.0745330974
0.0978740975,0.014042479,0.16409342,0.0203862917
0.0701437443,0.0240837857,0.118785672,0.0365821309
0.0138806673,0.0607757568,0.0262166169,0.096088618
-0.0503542274,0.0973436981,-0.0790065676,0.16010882
-0.0967534259,0.109455749,-0.156450316,0.183025911
-0.106690414,0.0890676603,-0.175695285,0.152370676
-0.0777059793,0.048651997,-0.129583403,0.0868964642
-0.0246688537,0.0134709515,-0.0430480726,0.0258264709
0.0271840263,0.00616060104,0.0436828285,0.0109930048
0.0536502115,0.0322528519,0.0898147076,0.0507490598
0.041883029,0.0749649629,0.0706933215,0.120888337
-0.00488983141,0.10270749,-0.00249987445,0.170485094
-0.0697336346,0.0858461112,-0.109625317,0.146672174
-0.129621282,0.0139940269,-0.21042642,0.0294781234
-0.164495215,-0.0956104696,-0.268734932,-0.148340598
-0.164060056,-0.203757361,-0.265271544,-0.319044143
-0.130242467,-0.266849607,-0.213468358,-0.416473329
-0.0753161907,-0.257959634,-0.128619939,-0.41177997
-0.017108554,-0.180759415,-0.0368770882,-0.301989019
0.0269008148,-0.0690220371,0.0393920653,-0.120070376
0.0450662002,0.0284797959,0.07456626,0.0434364602
0.0354934484,0.0705062747,0.0629848987,0.116615929
0.00737290084,0.0423375294,0.0170303695,0.0733476505
-0.0211589225,-0.0380580984,-0.0341207273,-0.0588352196
-0.0288820919,-0.12958847,-0.0489799231,-0.210731655
5.28193013e-05,-0.188457787,-0.00580952503,-0.306453198
0.0679185167,-0.189279705,0.101313628,-0.309435248
0.159276217,-0.136569977,0.251020908,-0.226809919
0.243968859,-0.0612826236,0.385662347,-0.1064068
0.287550241,-0.00456095347,0.453589022,-0.0134868314
0.265726566,0.00291037839,0.428889006,-0.000110055007
0.176581547,-0.0442817658,0.296414137,-0.0749038011
0.0442984626,-0.124239683,0.0813352466,-0.206212088
-0.0886257291,-0.198834822,-0.140995562,-0.321307391
-0.178288072,-0.231813893,-0.285609096,-0.365859956
-0.198145971,-0.204785705,-0.32067591,-0.323526084
-0.150725082,-0.123643421,-0.255546242,-0.202116728
-0.0661734268,-0.0133014051,-0.119456023,-0.0242775977
0.0122113824,0.0953695402,0.017196333,0.155124232
0.048764009,0.178983688,0.0821236894,0.289548784
0.0323446169,0.228655338,0.058385063,0.368870497
-0.0191887822,0.247978538,-0.0218588933,0.399422407
-0.0692762211,0.244657397,-0.103217751,0.393751651
-0.0824627951,0.221902102,-0.128845885,0.361739099
-0.0434373543,0.175427511,-0.0702004135,0.293177277
0.0346621647,0.0981613919,0.0586608611,0.170537025
0.117034212,-0.010232294,0.193203285,-0.0114196884
0.16545628,-0.135298982,0.268237501,-0.217665121
0.158239618,-0.247262731,0.248727322,-0.39185971
0.101237804,-0.310209125,0.155481339,-0.48658365
0.0240767244,-0.297677994,0.0340334997,-0.474723488
-0.0362365022,-0.207213119,-0.0646424368,-0.342464924
-0.0553395711,-0.0659748763,-0.0988316238,-0.115274884
-0.0342418551,0.0767386481,-0.0601611063,0.125121489
0.00217400771,0.168009833,0.00421528332,0.276245832
0.0200125705,0.173191339,0.0389517136,0.286305606
-0.00360131264,0.0913359374,0.00293905591,0.159059092
-0.066375792,-0.0431724563,-0.10280659,-0.066380024
-0.140504912,-0.174052924,-0.2264743,-0.276456535
-0.186590537,-0.246080428,-0.298747748,-0.382815063
-0.174601316,-0.227673694,-0.283383667,-0.359461218
-0.100822076,-0.123398997,-0.177524462,-0.205869526
0.00817855448,0.0287815407,0.00358814839,0.0413529985
0.106757633,0.173921973,0.170673817,0.277433097
0.150971383,0.262719244,0.243453473,0.409494966
0.11857643,0.270573527,0.197686896,0.425730258
0.0186334904,0.205359876,0.0428291783,0.334859818
-0.113373518,0.101481803,-0.176569566,0.171517864
-0.231728479,0.00375435362,-0.367405355,0.010278157
-0.299643546,-0.0513508469,-0.471267939,-0.0748626962
-0.302441865,-0.0491539463,-0.479508162,-0.0724209249
-0.249659792,2.20727306e-05,-0.406919241,0.00293729641
-0.166848168,0.0680163652,-0.278230816,0.114508681
-0.0825379118,0.122201696,-0.139253184,0.2035155
-0.0170991253,0.138863325,-0.0283605382,0.231978476
0.0220661368,0.111216374,0.0390201621,0.188275844
0.0386038907,0.0496422127,0.0680717826,0.0859559476
0.0414966196,-0.0247622449,0.071231626,-0.0398334526
0.0394485816,-0.089716509,0.0661408678,-0.148232803
0.0378389582,-0.130138367,0.0617373921,-0.216034457
0.0383472294,-0.142334878,0.0603644513,-0.237670347
0.0397859998,-0.13314414,0.0621682294,-0.223009378
0.0387884043,-0.115267769,0.0621036068,-0.194000125
0.0303084776,-0.101233564,0.0494204834,-0.169780493
0.00902391411,-0.0984621495,0.0133181531,-0.164772153
-0.027506236,-0.107039541,-0.0454844907,-0.178047717
-0.0747305229,-0.120553724,-0.123278618,-0.198712543
-0.118693769,-0.129255161,-0.196960881,-0.212536514
-0.138351232,-0.124155864,-0.229620695,-0.202273041
-0.113640867,-0.100562103,-0.193992242,-0.163395017
-0.0367191695,-0.0598589517,-0.0692519918,-0.0988727808
0.0793534145,-0.00899214391,0.124535754,-0.0161997657
0.200489685,0.0421314053,0.322028041,0.0662504509
0.282571793,0.0843636617,0.446455181,0.126304388
0.290238768,0.112721428,0.459449112,0.169276223
0.214953363,0.128055766,0.354546577,0.198938087
0.0826044753,0.136161789,0.147398859,0.218697965
-0.0549811311,0.144555882,-0.0819202214,0.236795336
-0.142347127,0.158253059,-0.227727428,0.259260476
-0.146569669,0.176517099,-0.237279326,0.28891629
-0.0741617456,0.192330018,-0.122850895,0.316872686
0.0307450183,0.195201367,0.0488410033,0.320710897
0.107326783,0.176343665,0.176562145,0.288681537
0.108477481,0.133916691,0.185499951,0.219556391
0.0255086441,0.0757057443,0.0530389547,0.126651078
-0.105880998,0.0175433103,-0.167368874,0.0309408102
-0.222197846,-0.0223161429,-0.358042717,-0.0324198827
-0.263520837,-0.0306579005,-0.423631191,-0.046186965
-0.203919575,-0.00528769288,-0.338036239,-0.00422325172
-0.0653017759,0.043366652,-0.11730779,0.0758932456
0.092623204,0.0960704237,0.146650374,0.159139097
0.201306,0.132567361,0.325122565,0.209695637
0.216503099,0.139960691,0.352612644,0.218939528
0.138775066,0.117914684,0.237257272,0.188711926
0.0112243602,0.0782867596,0.0282986928,0.13102299
-0.103713699,0.0393571481,-0.168070242,0.0669806972
-0.155862018,0.0173417646,-0.258489758,0.0306335576
-0.130825311,0.0191346351,-0.220208809,0.0336375125
-0.0538930856,0.0396085419,-0.0966783836,0.0684094802
0.026417857,0.0646035522,0.0402205177,0.109535016
0.0651967004,0.0780280381,0.110812396,0.128545567
0.0435205065,0.0696044564,0.0782772675,0.114887536
-0.0250116624,0.0396174043,-0.0352405645,0.0667373911
-0.10553892,-0.0013965253,-0.173134476,-0.000336996309
-0.162998766,-0.0375713557,-0.266703665,-0.0591008104
-0.180169255,-0.0546426252,-0.297460467,-0.0853106603
-0.162678421,-0.0455284715,-0.271803528,-0.0718436241
-0.129448667,-0.0121601587,-0.218336031,-0.018939307
-0.0960170776,0.036751084,-0.162336558,0.0614001788
-0.0622763112,0.0902515575,-0.105961047,0.1504976
-0.0130290687,0.139263868,-0.022693105,0.229164809
0.0686887205,0.178172842,0.111211888,0.291363716
0.184124067,0.203538954,0.290661961,0.32367602
0.309162229,0.21149455,0.469890535,0.319330305
0.40046531,0.196279511,0.584128678,0.282079399
0.415997952,0.15171957,0.610435426,0.215767294
0.339345992,0.0755553171,0.53132844,0.111544363
0.193736956,-0.0255624615,0.326934814,-0.0435881354
0.0363016613,-0.13365294,0.0680512264,-0.221037433
-0.0663813129,-0.222082779,-0.109543577,-0.355872631
-0.0698034689,-0.263542831,-0.120021552,-0.416307271
0.0262004565,-0.240679979,0.0283282883,-0.388855934
0.176535383,-0.154826999,0.271029502,-0.254313827
0.312379569,-0.0284064319,0.481922984,-0.0544454642
0.374347359,0.101071224,0.564182043,0.142631158
0.340200365,0.193867192,0.518526852,0.28139028
0.232947782,0.222907037,0.374767691,0.34022066
0.105746977,0.184535488,0.182338506,0.299761504
0.0124579929,0.100313328,0.0276061743,0.17109099
-0.0198164079,0.00862865336,-0.0321847908,0.0194999147
-0.00144612021,-0.0507773757,-0.00556845032,-0.081851013
0.0308366325,-0.0531115159,0.0469977707,-0.089740321
0.0396195464,0.00115503371,0.0646907464,-0.00234902208
0.0117218951,0.0863970369,0.0212160051,0.137959257
-0.0323522352,0.16249235,-0.0497572944,0.264891922
-0.0501252338,0.191703439,-0.0778120533,0.314731151
-0.00350113492,0.154800326,-0.00583907915,0.26290974
0.115338437,0.0597025417,0.188273966,0.107197158
0.273700535,-0.061005637,0.429352045,-0.0923480168
0.410538942,-0.162739918,0.594907045,-0.2409679
0.465376616,-0.206628278,0.644546688,-0.296753705
0.408965766,-0.175090462,0.594889998,-0.267371714
0.259402812,-0.0790117756,0.416898161,-0.140059695
0.0749789178,0.0463145413,0.131666318,0.0645834655
-0.0727266818,0.154762581,-0.113915794,0.251182944
-0.131759763,0.206983715,-0.21021089,0.336067408
-0.0921538174,0.185074702,-0.149541125,0.310596734
0.0128722331,0.0986592397,0.0202272069,0.174434558
0.126242697,-0.0197120178,0.207346737,-0.0274067782
0.195855647,-0.127653986,0.313470393,-0.206216663
0.197835401,-0.189069793,0.314609379,-0.305600166
0.143210307,-0.186869234,0.2303835,-0.308799773
0.0665665343,-0.127505139,0.109915122,-0.218020335
0.00475939829,-0.0360821895,0.00588838523,-0.0669933259
-0.0218655095,0.0553060658,-0.0374913439,0.0898350328
-0.0160655845,0.120713815,-0.0270478129,0.20060052
0.0037316028,0.1493496,0.00725865318,0.247950912
0.0186022241,0.14695096,0.0348712131,0.244398624
0.0219553262,0.129577205,0.0392996483,0.216184348
0.022314297,0.11329098,0.0394164324,0.187582999
0.0351111852,0.104968272,0.0587551333,0.174663663
0.0694609433,0.0988008156,0.114921853,0.162912607
0.118830331,0.0802382454,0.19588469,0.133108839
0.161915153,0.0354420394,0.268039852,0.0585836619
0.173634067,-0.0385024212,0.288305223,-0.0624089502
0.139868274,-0.12798658,0.230929181,-0.209794506
0.0671640486,-0.205299169,0.110477962,-0.334004223
-0.0185669903,-0.238755316,-0.0319790281,-0.387160122
-0.0840036497,-0.206439003,-0.139877439,-0.337388039
-0.104609624,-0.107406534,-0.178197816,-0.182985112
-0.0763164759,0.0350728706,-0.13321647,0.0531641431
-0.0165904704,0.18035467,-0.030858377,0.291826844
0.0452578217,0.284989625,0.073535949,0.44968155
0.0828745738,0.319097251,0.135182247,0.495590657
0.0847596228,0.277593791,0.142328516,0.439834863
0.0574278422,0.181426093,0.104352802,0.299433112
0.0192138925,0.0682905391,0.0370674729,0.119954549
-0.0108228289,-0.0230734982,-0.0157736,-0.035354197
-0.0223522205,-0.0681469664,-0.0381744839,-0.113316864
-0.0168692227,-0.0649174601,-0.0324196443,-0.111813247
-0.00399634521,-0.0319430232,-0.00857534818,-0.0557713062
0.00548566971,0.00235404074,0.00825261232,0.00221722922
0.00507787615,0.0138036069,0.00915387552,0.0232803114
-0.00642888527,-0.006652446,-0.00986659527,-0.00918145757
-0.0277497713,-0.0501738042,-0.0453784205,-0.0825576708
-0.0584111698,-0.0960738137,-0.0969294608,-0.157822758
-0.0992570892,-0.123215422,-0.163903981,-0.202778608
-0.149401054,-0.120843127,-0.245153755,-0.196886107
-0.202108011,-0.0934926793,-0.329477131,-0.151307851
-0.243612319,-0.0577809662,-0.390058249,-0.0906708986
-0.257386118,-0.0330252461,-0.413578689,-0.0494178012
-0.232633054,-0.0306988005,-0.378852934,-0.0436379761
-0.1722271,-0.0482058637,-0.287108064,-0.0731535256
-0.0945146605,-0.0701705068,-0.162402228,-0.110819355
-0.026329238,-0.0765766576,-0.0479275249,-0.128275812
0.0101923374,-0.0536213666,0.0143691348,-0.0927222371
0.00998551678,-0.00177608244,0.0165850334,-0.00673461054
-0.0109974025,0.0630650073,-0.0177047793,0.101594925
-0.0238133259,0.116062656,-0.0381943919,0.192530707
-0.003246821,0.134528726,-0.00369484909,0.224210486
0.0557239465,0.108418562,0.0923006162,0.18348968
0.131585464,0.0453215912,0.216541022,0.0775678754
0.185062021,-0.0323175304,0.30324319,-0.0532217883
0.179632872,-0.0964088291,0.294908136,-0.160650924
0.103197806,-0.12467365,0.173144072,-0.211556971
-0.0214449931,-0.109355479,-0.0323402025,-0.188598126
-0.144414946,-0.0596625879,-0.237433329,-0.102257624
-0.212218285,0.00267102499,-0.3470667,0.00602144096
-0.195214406,0.052402325,-0.322622001,0.0915315598
-0.104323581,0.070430629,-0.178887844,0.123692356
0.0128226569,0.050338205,0.018243622,0.0884418935
0.0953760222,-0.000237746106,0.158035547,0.00311585632
0.10070923,-0.0632355213,0.171340972,-0.104554631
0.0272281617,-0.116891973,0.0499094054,-0.19739449
-0.0839946494,-0.142972082,-0.136118174,-0.236493811
-0.170285791,-0.13228488,-0.279161692,-0.215179205
-0.180435672,-0.0872035995,-0.300084203,-0.141472057
-0.102324963,-0.0208782144,-0.179592475,-0.0343741998
0.0297470316,0.0464668237,0.041584406,0.0789172649
-0.00981980469,-0.0981980488,-0.00305438088,-0.153567016
-0.0316576101,-0.173935965,-0.0551656447,-0.284908414
-0.0258537456,-0.210338414,-0.0473903157,-0.340763152
0.00184571918,-0.188656285,-0.0042046085,-0.310072958
0.0309188478,-0.108465903,0.0451481268,-0.186000496
0.0370148942,0.00885016099,0.0595273264,0.00822642539
0.0056030727,0.12577495,0.0134709161,0.201471031
-0.0588007867,0.202012599,-0.0890887827,0.326141596
-0.132796809,0.210163221,-0.205089778,0.340873897
-0.183947533,0.146791533,-0.291751266,0.244947478
-0.185780838,0.0337294415,-0.301954746,0.0651530474
-0.130837068,-0.091139473,-0.219377548,-0.140589118
-0.0355240479,-0.189422935,-0.0661646128,-0.305212647
0.0656192675,-0.236911342,0.0973287895,-0.379546732
0.133757442,-0.230772778,0.207248658,-0.373116523
0.141581818,-0.186447471,0.225174204,-0.308061242
0.0842879489,-0.12663576,0.14000918,-0.215747446
-0.0187778976,-0.0686446801,-0.027968416,-0.119528294
-0.132106438,-0.0168813672,-0.216270044,-0.0296638589
-0.21791409,0.0358003825,-0.351456702,0.0583334155
-0.250056326,0.0992213413,-0.39911893,0.160393596
-0.22258006,0.175041482,-0.354897588,0.279850841
-0.150166675,0.250705302,-0.239193782,0.399121314
-0.0611452907,0.302307516,-0.0950361416,0.477231205
0.0135313151,0.305530578,0.0251555499,0.482114643
0.0509401448,0.249119624,0.0887435004,0.401924789
0.0428578965,0.143551812,0.0780767724,0.241341352
-0.00320071261,0.0196899138,0.00174828386,0.0358790904
-0.0680626631,-0.0827550888,-0.109387733,-0.135491133
-0.128043011,-0.131807938,-0.210113347,-0.214659482
-0.162561625,-0.116920792,-0.268807679,-0.190015882
-0.159980148,-0.0530729294,-0.267357588,-0.0876270905
-0.12027736,0.0267455429,-0.204843476,0.0462539345
-0.0541861728,0.0869746804,-0.0932275504,0.147392884
0.0206829682,0.105333202,0.0333326124,0.177675441
0.0855110884,0.081549786,0.143561453,0.137514725
0.126072183,0.0351939388,0.209427536,0.0585145205
0.136921078,-0.00568212895,0.229589373,-0.0108890682
0.12260446,-0.0189755149,0.20435518,-0.0342276506
0.0954107195,0.00120053242,0.160101265,-0.00167210214
0.0703679696,0.0430804603,0.117403284,0.0681423917
0.0592975393,0.0845470652,0.0998765007,0.138480842
0.0662361532,0.104700692,0.112388022,0.174422324
0.0861209482,0.0934771746,0.144373953,0.156482205
0.107340738,0.0547031499,0.179639488,0.0935377628
0.117090419,0.00186476426,0.197045207,0.00307208765
0.107172817,-0.0502016954,0.179222539,-0.0832596943
0.0776284114,-0.0926387683,0.130637571,-0.15548183
0.0365392528,-0.1249597,0.0604231097,-0.208045885
-0.00384887913,-0.151795894,-0.00675960816,-0.250125498
-0.0327635892,-0.17672506,-0.0567711964,-0.288847834
-0.0455154255,-0.197536126,-0.0786831528,-0.320276469
-0.0448189899,-0.206228092,-0.076517731,-0.333364308
-0.0382618383,-0.193972886,-0.0682815313,-0.316965431
-0.033382874,-0.158034295,-0.0590226799,-0.26205191
-0.0331174359,-0.106159121,-0.0595725775,-0.177898332
-0.03420946,-0.0551630221,-0.0594619289,-0.0943411216
-0.0295992717,-0.0237028375,-0.0522877574,-0.0400683805
-0.0135621997,-0.0227291901,-0.0244996529,-0.0359828398
0.0133129638,-0.0488272421,0.0212027635,-0.0803498551
0.0423870906,-0.0845046788,0.0680040047,-0.139929831
0.0600035563,-0.105968893,0.0980347246,-0.178716928
0.0542578138,-0.0948850662,0.0901891366,-0.160718501
0.022222098,-0.0482232086,0.0367770381,-0.0861667022
-0.0263365265,0.0190439392,-0.0417011604,0.0282547995
-0.0713061094,0.0801618621,-0.116706237,0.131765679
-0.090289481,0.108961865,-0.14737843,0.182706967
-0.0689905062,0.0923503041,-0.114079848,0.157799467
-0.00899348594,0.036673408,-0.0164953973,0.0677902997
0.0711504743,-0.0352907069,0.116252169,-0.0550495982
0.142630145,-0.0952392146,0.231560588,-0.156442225
0.178229868,-0.122655511,0.28684935,-0.20275867
0.164038941,-0.11380171,0.26702261,-0.193145081
0.105551988,-0.0819096565,0.176507398,-0.141130239
0.025204923,-0.0486654118,0.0454850905,-0.0858068615
-0.0475804843,-0.0316355713,-0.0788159221,-0.0530303307
-0.0891863257,-0.0344279371,-0.148351818,-0.0559064075
-0.0914168879,-0.0449498519,-0.152965799,-0.0717333779
-0.0635302886,-0.0428133532,-0.11109519,-0.0699468479
-0.0260248147,-0.0119580645,-0.0465482958,-0.0211936273
0.000433715788,0.048450239,5.83499095e-05,0.0766398758
0.00525999581,0.121160656,0.0106927138,0.197321117
-0.0077096466,0.178252712,-0.00745982677,0.290511817
-0.0237012077,0.195543379,-0.0337888449,0.319298089
-0.0261546504,0.166611552,-0.0385001078,0.278977543
-0.00651220419,0.108659402,-0.00836099498,0.184885532
0.0305865332,0.0561546013,0.0509752519,0.0964917466
0.0693927631,0.0443672538,0.114371479,0.072310403
0.091203928,0.0904686376,0.151517317,0.145065665
0.0841752142,0.181862608,0.140598744,0.290383101
0.0495689772,0.278577536,0.0838234574,0.436748892
0.00119603542,0.329961181,0.00964539964,0.513073564
-0.0415406488,0.298675418,-0.0573591925,0.474142909
-0.0632264614,0.180704504,-0.0964984074,0.303903311
-0.0595888905,0.0111322384,-0.0960647687,0.0282819625
-0.0386225022,-0.148344353,-0.0642921776,-0.237055138
-0.0154156666,-0.235559702,-0.0323307253,-0.379324853
-0.00377561082,-0.216130614,-0.012540956,-0.355509371
-0.00931431632,-0.100519098,-0.0210895967,-0.176732183
-0.027611617,0.058779873,-0.0478703119,0.089789167
-0.0480608903,0.189571455,-0.0759228542,0.306806803
-0.0607581735,0.232162654,-0.0922406837,0.378006041
-0.0621575974,0.166719019,-0.09659262,0.282029688
-0.0560988151,0.0228498559,-0.0891850516,0.0489052124
-0.0496892408,-0.133484498,-0.0820589289,-0.212823704
-0.046723295,-0.230065808,-0.0794063807,-0.369713128
-0.0429678038,-0.221705049,-0.0749202296,-0.362918764
-0.0267289747,-0.111208513,-0.0514374077,-0.192361951
0.014911389,0.0518418327,0.0197788123,0.0790953636
0.0872645453,0.193958879,0.139652595,0.311879486
0.181592241,0.251538813,0.2866638,0.395776093
0.275216281,0.199740559,0.42801252,0.311447859
0.339108407,0.0630943105,0.526943505,0.0993433222
0.349912584,-0.0967173576,0.5383026,-0.14897956
0.300772846,-0.209617779,0.460282743,-0.323604494
0.205597758,-0.228531107,0.322066545,-0.367211252
0.0944303572,-0.14875412,0.15487875,-0.254493415
0.00187105709,-0.00694974372,0.00242967275,-0.0211366955
-0.0461788364,0.138505921,-0.0764220208,0.223466009
-0.041514013,0.235297099,-0.0654113665,0.380296141
0.00532072503,0.259323478,0.0118699782,0.418482661
0.0716646239,0.221222505,0.118237056,0.36136049
0.13326329,0.155713648,0.218768433,0.256361485
0.17349568,0.100904495,0.285433769,0.163872913
0.187437922,0.0791392922,0.30687508,0.123141497
0.179988921,0.08908692,0.295474827,0.139662981
0.160350695,0.111888349,0.26528734,0.17725195
0.136560082,0.126249954,0.227145746,0.201596066
0.112927757,0.122747563,0.189676613,0.201081127
0.0908971205,0.108725272,0.153965235,0.178507358
0.0715449825,0.101224683,0.121380337,0.166160956
0.0571178049,0.11280746,0.0952075049,0.18432723
0.050056912,0.139628947,0.0855068862,0.227265358
0.0501274541,0.160033122,0.0849748254,0.261749238
0.0520368069,0.145790964,0.0886169523,0.241585314
0.0460544787,0.0803349763,0.0811946392,0.136822179
0.0224071015,-0.0265624821,0.0417508371,-0.0397230349
-0.0223818086,-0.137245968,-0.0349658728,-0.223831892
-0.0808620453,-0.20069398,-0.132304758,-0.325813264
-0.13513425,-0.177114651,-0.223810554,-0.287639439
-0.163373604,-0.0603480414,-0.272616535,-0.103933066
-0.149906337,0.114201993,-0.250046611,0.182853967
-0.0938851312,0.281705678,-0.149715528,0.443114132
-0.0116815716,0.375583977,-0.0154514546,0.571912885
0.0690505728,0.357851297,0.110304393,0.550959051
0.121419497,0.237205997,0.200412318,0.38541308
0.131774977,0.0655274093,0.225920409,0.114545859
0.106275879,-0.0860105008,0.179382488,-0.140666574
0.0678585917,-0.159801438,0.110896491,-0.266644031
0.0446921773,-0.13765344,0.069494091,-0.233788863
0.0556664802,-0.0470870323,0.0883807316,-0.0856471658
0.100235485,0.0546539277,0.163179606,0.0865512267
0.157988504,0.110473685,0.258015335,0.178929985
0.198528767,0.0919747576,0.324876666,0.149205461
0.196994886,0.0124662137,0.32768476,0.0211206898
0.147545785,-0.0816143528,0.247622997,-0.135239571
0.0679258332,-0.135828361,0.115321524,-0.228674456
-0.00751212426,-0.116116337,-0.013408809,-0.197581545
-0.043321535,-0.0258711036,-0.0757530779,-0.047797095
-0.0198023077,0.0966344252,-0.0372430682,0.156263813
0.0567752272,0.198489457,0.0910723805,0.323140144
0.155435458,0.239101514,0.247334972,0.380046785
0.232795045,0.209854826,0.368997186,0.328635424
0.250925928,0.136720464,0.403964967,0.21419166
0.192954466,0.0651957169,0.322497427,0.102323011
0.0698195025,0.036049217,0.124318525,0.0548722744
-0.0842909068,0.0647024289,-0.132894233,0.102338396
-0.225389689,0.134617925,-0.356378496,0.214428261
-0.316088915,0.207354367,-0.47514537,0.316790402
-0.338303089,0.243229285,-0.499056011,0.36700502
-0.297715276,0.221394941,-0.450619072,0.34561339
-0.219156668,0.149086162,-0.349451333,0.248937279
-0.135615051,0.0560321882,-0.223847687,0.101297401
-0.0756190419,-0.0220158845,-0.127100021,-0.0325165577
-0.0537068322,-0.0612927526,-0.0896553174,-0.101969413
-0.0669558719,-0.0600842945,-0.112700447,-0.101155788
-0.0980618075,-0.0362752937,-0.164655253,-0.0615643784
-0.12320254,-0.0148181124,-0.205652654,-0.0232302435
-0.121572681,-0.0127929701,-0.202140376,-0.0174637996
-0.0832494199,-0.0304605346,-0.142246902,-0.046646066
-0.0128280092,-0.052805353,-0.0262074545,-0.0849863365
0.072266072,-0.0599396676,0.116148777,-0.100009382
0.148118541,-0.039882265,0.240234658,-0.069649592
0.193054661,0.00373274158,0.31408301,3.20099025e-05
0.195554107,0.0531943962,0.320883155,0.0802071169
0.158294573,0.0862219706,0.263832897,0.135333017
0.0966101885,0.0876942053,0.16620034,0.143273145
0.0318401158,0.0568619594,0.0574775562,0.0962948948
-0.0177411586,0.00621350529,-0.02554648,0.0127656879
-0.0444862582,-0.0468397699,-0.0735485405,-0.0752963424
-0.0539619476,-0.0901507884,-0.0913366303,-0.146867096
-0.0612236522,-0.122690439,-0.103705108,-0.201362744
-0.0823791996,-0.15265812,-0.13687557,-0.249180257
-0.125408232,-0.189242661,-0.203296587,-0.304351926
-0.184763014,-0.233389825,-0.291599721,-0.36481005
-0.242617816,-0.273702741,-0.372899294,-0.412578732
-0.276459008,-0.2906771,-0.419386208,-0.430775672
-0.269549668,-0.267495185,-0.417059749,-0.401466668
-0.219267234,-0.201439142,-0.35400632,-0.316559553
-0.139235035,-0.10909348,-0.237478793,-0.179854199
-0.0541389771,-0.0215397645,-0.097118549,-0.038341675
0.0103463056,0.0288628154,0.015692994,0.0481049158
0.0377888978,0.0237141978,0.0657570511,0.0417293422
0.0267304201,-0.0320821516,0.0488292836,-0.0507509746
-0.0103779752,-0.112041391,-0.0150826806,-0.183921114
-0.0539587624,-0.180427715,-0.0891116858,-0.293486655
-0.0861267596,-0.209167793,-0.143986151,-0.338724226
-0.0973049104,-0.190808088,-0.163308516,-0.310242683
-0.0880267769,-0.140913948,-0.149915799,-0.233196616
-0.0660741702,-0.0887361914,-0.112921968,-0.148292452
-0.0413921066,-0.0610613525,-0.0719117895,-0.101726033
-0.0218409766,-0.0677162856,-0.0381198525,-0.111036524
-0.0116350222,-0.0963374451,-0.0200613923,-0.158090413
-0.0122173466,-0.119179413,-0.0218196157,-0.197534874
-0.0237482004,-0.108447887,-0.0412496701,-0.182575256
-0.0453325175,-0.0521761104,-0.0779395103,-0.0917495638
-0.0735415816,0.0376636498,-0.124620631,0.0591039546
-0.100641295,0.129159078,-0.164623126,0.211360246
-0.114839494,0.184728831,-0.184206352,0.301414669
-0.103998482,0.178618744,-0.165050372,0.295758277
-0.061976742,0.108996153,-0.102088749,0.190255657
0.00555264484,-0.00118355872,0.00877968967,0.00561924418
0.079703249,-0.114688694,0.129253045,-0.1861386
0.13365081,-0.196446642,0.210991591,-0.316850305
0.143405586,-0.227756858,0.225108355,-0.367857993
0.0994846448,-0.211638346,0.159728304,-0.347920388
0.0135282408,-0.167465359,0.0224971529,-0.28166613
-0.0843057632,-0.118565358,-0.136393711,-0.198146924
-0.157011017,-0.0798279345,-0.258779854,-0.128892034
-0.176576287,-0.0519163385,-0.292089313,-0.0810005814
-0.136534929,-0.02473961,-0.230473772,-0.0368415117
-0.0549010634,0.012403219,-0.0997718722,0.0225452408
0.0343037806,0.0603289604,0.053955283,0.0988176763
0.0970432907,0.1056723,0.159877524,0.171521977
0.114991948,0.125911415,0.193466797,0.204977959
0.0932176039,0.10158509,0.159957752,0.16886431
0.0560654216,0.0292697456,0.0997515619,0.0510796979
0.0334878601,-0.0721049458,0.0577521846,-0.116310053
0.0449289754,-0.166038543,0.0711711943,-0.269021422
0.0890480056,-0.21320948,0.137052014,-0.345916539
0.144447878,-0.189696088,0.225819573,-0.310263991
0.180821672,-0.0997994766,0.289369971,-0.172734216
0.174588621,0.023411328,0.286396563,0.0272504557
0.120944895,0.131127164,0.203246489,0.206080496
0.0363475569,0.180123821,0.06836126,0.293256998
-0.0494461544,0.152746201,-0.0716993734,0.254236698
-0.10732878,0.066000253,-0.172939509,0.117655843
-0.121567555,-0.0351096503,-0.202331007,-0.0495673493
-0.0952169523,-0.0976348594,-0.162118196,-0.159197763
-0.0463201478,-0.0853568837,-0.0836203843,-0.144122317
0.002170817,0.00321309688,-0.000994501985,-0.00037542879
0.0329743102,0.132131189,0.0546490103,0.21197845
0.0402697995,0.242468342,0.0697296709,0.386056274
0.0286821481,0.277946621,0.0546151735,0.442616463
0.00741905347,0.2105342,0.0201017428,0.347089767
-0.0161063205,0.054517936,-0.0191174131,0.0999205261
-0.0392792188,-0.137477264,-0.0623383708,-0.218193576
-0.06275969,-0.295107335,-0.102247469,-0.461099744
-0.0864421874,-0.358799189,-0.138036475,-0.547222257
-0.106490187,-0.303900987,-0.173761681,-0.47776413
-0.116096422,-0.150266737,-0.198272213,-0.252370536
-0.1098416,0.0464948267,-0.187515482,0.0690765828
-0.0887607485,0.217913836,-0.143576145,0.349648386
-0.0623289496,0.30961588,-0.0935806111,0.487011164
-0.0452265404,0.300992638,-0.0644344389,0.478179246
-0.049999658,0.209963307,-0.072901763,0.347723812
-0.0795829222,0.0820280015,-0.126226619,0.143412784
-0.1242406,-0.0304642636,-0.202570796,-0.0444713794
-0.165273249,-0.0892770588,-0.271727324,-0.143043026
-0.184002653,-0.0827761665,-0.304060191,-0.133888483
-0.171325907,-0.0258476865,-0.285854995,-0.0426557437
-0.132504091,0.0509112664,-0.222822458,0.0844642892
-0.0843324885,0.116433181,-0.140386343,0.19317995
-0.046102494,0.151493162,-0.0741646886,0.250183016
-0.0293583497,0.15319407,-0.044768285,0.254443467
-0.032234177,0.131148487,-0.0480168574,0.21937339
-0.0415739454,0.0989229903,-0.0657167137,0.167000487
-0.0415178761,0.0660357177,-0.0679514483,0.112990074
-0.0234074164,0.0346174687,-0.0395941138,0.06098653
0.00898333825,0.00168713322,0.0138799734,0.00532686664
0.0421430916,-0.0352938473,0.0706150606,-0.0573216826
0.0619042069,-0.0735839158,0.103265963,-0.122294784
0.0633312166,-0.10431575,0.105009817,-0.173734456
0.0550388172,-0.116376303,0.0886839256,-0.195026293
0.0546432957,-0.10288091,0.0885990858,-0.1738974
0.0773663446,-0.0665048137,0.124472089,-0.114792682
0.124286272,-0.020424746,0.203191712,-0.038155131
0.177623138,0.0161069743,0.28876251,0.0234636832
0.206970796,0.0257231072,0.338592649,0.0398566462
0.184291631,0.000727107341,0.307558239,-0.00135847344
0.10014566,-0.0530119203,0.172593355,-0.0897161514
-0.0278282519,-0.117951691,-0.0397512093,-0.196197212
-0.159644559,-0.171760708,-0.254318535,-0.275913447
-0.249581993,-0.19615595,-0.393704802,-0.30327177
-0.266872257,-0.183890328,-0.423447609,-0.282975435
-0.210110024,-0.141051248,-0.344583213,-0.222034663
-0.107926719,-0.0839666873,-0.187042966,-0.136042863
-0.00540273404,-0.0322862864,-0.0150250643,-0.0535723865
0.0569906048,-0.00123357377,0.0937504545,-0.00287636928
0.0613477901,0.00388529245,0.105843358,0.00538592553
0.0183938947,-0.0110441241,0.0353965648,-0.0201992709
-0.040775802,-0.0320959948,-0.0665696636,-0.0534289032
-0.0822407231,-0.0434396155,-0.138095349,-0.0713574812
-0.0864800587,-0.0340290554,-0.146585971,-0.0559019558
-0.0563960075,-0.00233654049,-0.0984211117,-0.00383685995
-0.0127006341,0.0426238254,-0.0249308497,0.0708910972
0.0197361037,0.0844229087,0.0332292505,0.141986459
0.0262901522,0.105463997,0.0475825369,0.174402609
0.00961279776,0.0941287503,0.0211385842,0.158320501
-0.0141177634,0.0500958152,-0.0194836333,0.0871678069
-0.0266993791,-0.0144380918,-0.0425456651,-0.0211624168
-0.0197571125,-0.0785009116,-0.0344825275,-0.128412858
0.000328784488,-0.119965516,-0.00351816369,-0.19765003
0.0172381848,-0.124198087,0.0261990223,-0.207349524
0.0160432812,-0.0901356265,0.0243401602,-0.155162364
-0.00618476933,-0.0309751183,-0.0106999921,-0.0558289029
-0.0373237804,0.0311658867,-0.0617329925,0.049963966
-0.0569262132,0.0745397657,-0.0935037658,0.123865679
-0.048887372,0.0869433284,-0.0805826932,0.14667432
-0.0123492759,0.0705247596,-0.0214071777,0.120293245
0.0361563303,0.0398748927,0.0599239171,0.0696258992
0.0713177994,0.0142701287,0.119329177,0.0226643048
0.0739507377,0.00791072845,0.124841608,0.00997511577
0.0436485969,0.0231551956,0.0755338073,0.034729071
0.00140011648,0.0503367409,0.00481899083,0.081609264
-0.0202022195,0.0743303224,-0.0324083157,0.124168999
0.00552893942,0.0843262747,0.00669178693,0.142763078
0.0835527182,0.0812705085,0.135544151,0.137381509
0.19192861,0.0783852264,0.310500532,0.126366824
0.290745854,0.0937925577,0.454975009,0.141847908
0.340964258,0.138734788,0.521940887,0.20301494
0.323442876,0.207798138,0.493700027,0.303967059
0.248129174,0.277140081,0.385676324,0.411547691
0.148553684,0.312921166,0.240382925,0.477505863
0.0646266639,0.286743313,0.110354289,0.453061521
0.0229536798,0.190719351,0.0434523858,0.317816347
0.0250657368,0.0442207158,0.0448466204,0.081775941
0.0494800843,-0.11201717,0.0819236711,-0.179304823
0.0658875257,-0.232533544,0.102784894,-0.371695071
0.0532340519,-0.286946625,0.0786736533,-0.456170976
0.0116042644,-0.273246348,0.0140787475,-0.438654572
-0.0384451784,-0.217704445,-0.0661170408,-0.357151538
-0.0683071539,-0.161042213,-0.11605531,-0.266059577
-0.0582003444,-0.137493044,-0.0997233018,-0.2251845
-0.00893894024,-0.157254115,-0.0191253778,-0.256336689
0.0578363948,-0.201400608,0.0883253291,-0.325238854
0.110785142,-0.232178882,0.171522468,-0.372650653
0.124885902,-0.213734671,0.195389852,-0.349077731
0.093449682,-0.132791117,0.152434528,-0.227784917
0.0298847239,-0.00849977415,0.0487550832,-0.0244035535
-0.0409827307,0.114066027,-0.0632851273,0.186265007
-0.0963725224,0.184095889,-0.151904032,0.300720453
-0.125840038,0.169203743,-0.19976604,0.2804766
-0.132884189,0.0716420561,-0.215339705,0.12885952
-0.127953216,-0.0715844482,-0.209196955,-0.107754298
-0.118215039,-0.204954356,-0.192104965,-0.32443732
-0.101256564,-0.279203355,-0.165418461,-0.43777138
-0.067130059,-0.272671461,-0.114790045,-0.434161514
-0.0075833071,-0.199081272,-0.0233365428,-0.327809542
0.0736579522,-0.0984328538,0.113418587,-0.168541104
0.156911194,-0.016048938,0.252746344,-0.0303221103
0.212783992,0.0195327215,0.34617877,0.028653631
0.216378763,0.00891483296,0.355148524,0.0115157701
0.161893561,-0.0212428086,0.271438628,-0.0375172459
0.0689363629,-0.0345447101,0.1204779,-0.0624652095
-0.0241475869,-0.00567615125,-0.0378728881,-0.0130507965
-0.0775910839,0.0650066063,-0.12931776,0.105070412
-0.0696421266,0.150418848,-0.116029859,0.245849743
-0.00788523536,0.209605351,-0.0144317616,0.343032986
0.0738797262,0.208011508,0.121075563,0.340514839
0.131984234,0.135191053,0.220284626,0.224720985
0.134172648,0.0114496471,0.226999402,0.0216241591
0.0748503879,-0.119603612,0.129032597,-0.196109116
-0.0234235805,-0.208980054,-0.0361588895,-0.341259241
-0.122511916,-0.222478867,-0.19790262,-0.360125095
-0.18817018,-0.15428555,-0.308564991,-0.251349896
-0.205812916,-0.0285919383,-0.340229332,-0.0485861264
-0.184447542,0.110677496,-0.303696513,0.178067818
-0.147553518,0.217015281,-0.236292914,0.349218756
-0.117064372,0.258057028,-0.182335883,0.412622243
-0.100275479,0.225589305,-0.155402079,0.368011415
-0.0874107182,0.135937393,-0.13821514,0.232454419
-0.0610012077,0.0218297746,-0.100319512,0.045801416
-0.0110089993,-0.080260247,-0.021760352,-0.127915889
0.0540089272,-0.142387167,0.0839708894,-0.234614611
0.107282937,-0.153081432,0.169687465,-0.2532489
0.116620034,-0.119079158,0.19173038,-0.202064455
0.0629654899,-0.061111927,0.107097007,-0.106718339
-0.0458080433,-0.00567812147,-0.0715420917,-0.014411658
-0.174377009,0.0244083945,-0.279789627,0.040456228
-0.274176598,0.0177671295,-0.431749523,0.0345952138
-0.305658877,-0.0218915641,-0.480731994,-0.0260755699
-0.257197469,-0.0774376765,-0.415132493,-0.114359513
-0.150666207,-0.124918371,-0.255141765,-0.1965729
-0.0306159984,-0.142912894,-0.0593211353,-0.23393999
0.0573890209,-0.121216364,0.0890487954,-0.203478545
0.0880476162,-0.0653310493,0.144878387,-0.114728644
0.0663625076,0.00536235189,0.112007923,0.00302506099
0.0217786059,0.0653509572,0.0394909158,0.105673492
-0.00970236119,0.0935982019,-0.0145562626,0.157050654
-0.00532183144,0.0824488252,-0.00765289413,0.139953524
0.0334038809,0.0407724828,0.0557141304,0.0717118233
0.0838557333,-0.0102363853,0.138782963,-0.0142925074
0.117099941,-0.0468060523,0.193787664,-0.0787633508
0.115409739,-0.0534228235,0.192404732,-0.093928799
0.082504943,-0.0297068935,0.138528287,-0.0530873947
0.0409873202,0.00986283086,0.0699381307,0.0116375489
0.0188811626,0.0431374274,0.032385204,0.0704751164
0.0332912579,0.0508576035,0.0547854789,0.0869357809
0.0805629268,0.0255158115,0.132505834,0.0448237136
0.138332009,-0.0255508497,0.2272356,-0.0412614755
0.177914813,-0.0839503855,0.28989163,-0.139398366
0.179652691,-0.128662854,0.291380137,-0.21160534
0.142413542,-0.144819051,0.232390776,-0.241378963
0.0821661949,-0.128786013,0.134824023,-0.218786314
0.0211102571,-0.0877528861,0.0348627754,-0.15078187
-0.0256309975,-0.0349223986,-0.0441621989,-0.0610787459
-0.0575035661,0.0165941641,-0.0963853523,0.0255566817
-0.0856891125,0.0579844676,-0.14221403,0.0965485349
-0.121915415,0.0854967386,-0.199086249,0.142590299
-0.166237041,0.0984706357,-0.268259078,0.164223284
-0.202093527,0.0968401805,-0.324412167,0.161153704
-0.20284918,0.0801991075,-0.328969926,0.136639819
-0.14711006,0.0490148142,-0.245231539,0.0878953636
-0.0343997441,0.00675809523,-0.0646823794,0.017580945
0.10831207,-0.0391708836,0.173767149,-0.0609581508
0.234326571,-0.0791653469,0.37110427,-0.129327774
0.296633512,-0.105393603,0.464364737,-0.170030236
0.269788086,-0.115848333,0.428573877,-0.189805284
0.163040876,-0.115750566,0.269708872,-0.195721
0.017543124,-0.114851169,0.0338688493,-0.196601182
-0.111546025,-0.121585459,-0.182118014,-0.20041135
-0.179467082,-0.137183726,-0.293064624,-0.218343958
-0.170837402,-0.153330356,-0.282926053,-0.242357045
-0.104084343,-0.155305475,-0.177149743,-0.25149858
-0.0197288617,-0.12951842,-0.0400512926,-0.214507967
0.0409024246,-0.071633555,0.0641541556,-0.122319199
0.0554059371,0.00926538464,0.0920132026,0.0102516301
0.0287097562,0.0932123736,0.0509810112,0.148332909
-0.0132199014,0.157800645,-0.0166140962,0.257300615
-0.0399196185,0.18837887,-0.0606726594,0.309780747
-0.033678174,0.184613585,-0.0522852652,0.304058522
0.00179297803,0.159741357,0.00520236976,0.26663056
0.0453490615,0.132698268,0.0760306194,0.222316727
0.0720144585,0.117265493,0.120780252,0.192807838
0.0680485591,0.114188418,0.116695642,0.186888516
0.0389257036,0.110790953,0.067869857,0.181084275
0.00598997623,0.0885757282,0.0136022288,0.148473904
-0.00599904358,0.0348204561,-0.00692577055,0.0625447705
0.0167596582,-0.0482606255,0.0272120088,-0.0759382918
0.0688318759,-0.142173633,0.110278592,-0.230506063
0.127789736,-0.219905198,0.199894577,-0.353755355
0.165526837,-0.2590698,0.253501177,-0.409707099
0.162368521,-0.253553599,0.251582861,-0.404372722
0.116480261,-0.217234001,0.186037496,-0.356341481
0.0439535566,-0.177346721,0.0723560601,-0.294311106
-0.029861737,-0.160542607,-0.0477637015,-0.265943944
-0.0826603845,-0.178710178,-0.136412516,-0.289723307
-0.104521178,-0.222029224,-0.171462551,-0.353713453
-0.0998693258,-0.263159811,-0.163886115,-0.412691027
-0.0820348561,-0.27076143,-0.136312485,-0.428582579
-0.0643799528,-0.225651264,-0.112183794,-0.366989076
-0.0533840954,-0.131419912,-0.0952230543,-0.221572563
-0.0473159254,-0.0140367309,-0.0827481076,-0.0300523974
-0.0404360928,0.0894960985,-0.0677631646,0.147288531
-0.0293399692,0.147888333,-0.0459942743,0.244299084
-0.0169959273,0.149506763,-0.024606958,0.249128431
-0.0117540862,0.106831916,-0.0157662239,0.181894168
-0.0219257977,0.049556639,-0.0328081883,0.0850430205
-0.049398344,0.0100661675,-0.0799225047,0.0183785763
-0.0864351466,0.00859105587,-0.143167317,0.0143957669
-0.117951833,0.0451173,-0.195490971,0.0733536631
-0.128309175,0.101444423,-0.211852193,0.168154657
-0.10897956,0.151628271,-0.17929925,0.249881923
-0.0629015416,0.175087944,-0.102780439,0.290263802
-0.00321744988,0.165797129,-0.00409441069,0.275163114
0.05275888,0.133437544,0.0898090079,0.223715886
0.0909403414,0.0966980085,0.152401567,0.161706477
0.105329625,0.0727657378,0.17719236,0.119682223
0.0982103646,0.0685831457,0.165656313,0.110566147
0.0764085576,0.0780771002,0.129652858,0.126415446
0.0465797707,0.0862466171,0.0815198943,0.14264147
0.0126993312,0.0775519609,0.0246876348,0.129284561
-0.0229070019,0.0441907533,-0.0345745832,0.0764670894
-0.0563328974,-0.00968711823,-0.0909061804,-0.0128601287
-0.0797599331,-0.069479689,-0.133537769,-0.113347806
-0.0827496201,-0.116208561,-0.139425412,-0.189771697
-0.0574985519,-0.134127706,-0.0999354199,-0.220884919
-0.00542362733,-0.116561726,-0.0135094617,-0.194716185
0.0592078045,-0.0678909123,0.093337819,-0.115333654
0.111980595,-0.00147298886,0.182993904,-0.00748394057
0.127520844,0.0651428327,0.211395681,0.102913044
0.0914662406,0.115684837,0.155103698,0.187164873
0.00924923085,0.139530167,0.0225210804,0.229653791
-0.0934411809,0.13395679,-0.145450518,0.22099562
-0.179867968,0.104053408,-0.287543297,0.172722712
-0.217564628,0.0606348142,-0.351496011,0.104562059
-0.192756042,0.0168507192,-0.317477316,0.0347574539
-0.116840035,-0.01560032,-0.199125335,-0.0197076499
-0.0214840285,-0.0295999963,-0.0409694947,-0.0474444143
0.055596523,-0.0241014306,0.0908113047,-0.0415514372
0.0874731541,-0.00344993896,0.146833599,-0.00986573845
0.0693984181,0.0251779538,0.118979923,0.0390609838
0.0193910059,0.0550384186,0.0367160812,0.0889796987
-0.0319714993,0.082152389,-0.0510870293,0.135803282
-0.0571979843,0.105449706,-0.0928574204,0.176630139
-0.0450462438,0.124657817,-0.0746365413,0.208713725
-0.00476861838,0.137308881,-0.00732521387,0.229104206
0.0402714498,0.137081012,0.0678499639,0.227818906
0.065847747,0.115271099,0.113030218,0.193272501
0.0598217845,0.0655165538,0.103648856,0.110353492
0.0280227177,-0.010272162,0.0513855964,-0.0140553853
