I_in,Q_in,I_out,Q_out
-0.269499093,0.0425524898,-0.410137951,0.0600536764
-0.331934124,0.133228406,-0.515404582,0.208949879
-0.324466377,0.191718802,-0.491746992,0.29826805
-0.245133355,0.184091464,-0.385531992,0.297628999
-0.124059647,0.104793839,-0.206450522,0.1841553
-0.0107211797,-0.0143542066,-0.0192677435,-0.0143911308
0.0506132916,-0.1152687,0.0819573924,-0.188768879
0.0442919657,-0.140832856,0.072887741,-0.236869022
-0.00772342458,-0.0650536269,-0.0142964562,-0.118917882
-0.0572099499,0.0896548331,-0.095535703,0.140190929
-0.0561850443,0.258168042,-0.0896507725,0.40891397
0.0154170319,0.360157639,0.0267210156,0.553767622
0.136206731,0.337084174,0.211515278,0.521022499
0.252100945,0.181079149,0.399272054,0.29195106
0.303595722,-0.0584767759,0.480991095,-0.0852610469
0.257497191,-0.29439801,0.391963214,-0.442139447
0.126194909,-0.43850404,0.182118833,-0.637915492
-0.0361569859,-0.4389534,-0.0566477366,-0.646582961
-0.159044281,-0.301195711,-0.252386153,-0.473989397
-0.189610198,-0.0835582614,-0.317846268,-0.143961325
-0.117752716,0.129615441,-0.200869113,0.209990844
0.0204180926,0.264276505,0.0288258288,0.425070912
0.161946908,0.285838574,0.253183901,0.448365659
0.248454005,0.208860889,0.392796755,0.327987164
0.252937883,0.0845586509,0.409535497,0.133727312
0.18850255,-0.0263224337,0.315303743,-0.0458920151
0.0958950892,-0.0817117393,0.161788344,-0.140784964
0.0183318574,-0.0746021792,0.0305660553,-0.128795624
-0.0215026401,-0.0312413462,-0.0367884748,-0.0558686815
-0.0295836814,0.00633756956,-0.0509690978,0.010404407
-0.030375503,0.00387083646,-0.0497410968,0.00858340319
-0.0458315834,-0.0471640527,-0.0752895549,-0.074925743
-0.0772545636,-0.125416875,-0.127438352,-0.202864453
-0.101716347,-0.190675467,-0.167781249,-0.306542754
-0.0857743844,-0.20420894,-0.145009413,-0.32880199
-0.00854088087,-0.148556471,-0.024643017,-0.248002812
0.119965121,-0.0374567062,0.18860814,-0.0673761293
0.257154554,0.0886521116,0.405050755,0.134138301
0.345590413,0.179508135,0.522581875,0.262222677
0.3415488,0.196667999,0.519689023,0.289189845
0.2390939,0.130199745,0.393971086,0.203746304
0.0760344416,0.00291835261,0.140908405,0.00535303634
-0.0824407712,-0.139804512,-0.128874421,-0.225017339
-0.174592093,-0.250150174,-0.277545124,-0.387830734
-0.171546429,-0.298804462,-0.274490625,-0.457026333
-0.0899454951,-0.287099272,-0.153469026,-0.450900555
0.0186652932,-0.244532868,0.0187510066,-0.394407421
0.0957885534,-0.212566778,0.148132876,-0.34693414
0.106168687,-0.222218081,0.169868022,-0.358869046
0.0541767403,-0.276361376,0.087004818,-0.438351154
-0.0219182838,-0.345968813,-0.0340326987,-0.53313607
-0.0739476457,-0.383176655,-0.116952918,-0.576414764
-0.0723887309,-0.345809072,-0.121708795,-0.53154093
-0.0234971344,-0.221746966,-0.0489198975,-0.364004254
0.0344087891,-0.040594168,0.0502187684,-0.0763945132
0.0533296466,0.134604737,0.0879563764,0.214830488
0.00416168803,0.233430877,0.0143694635,0.373872697
-0.1043704,0.210665107,-0.155363575,0.344651282
-0.226971716,0.0699057654,-0.355386525,0.124550842
-0.302826643,-0.133991331,-0.468869537,-0.192452416
-0.285454839,-0.316295773,-0.429107368,-0.453884155
-0.165855929,-0.398741186,-0.257199019,-0.578437507
0.0227694158,-0.344191432,0.0155315781,-0.530558169
0.220567793,-0.173114181,0.333716363,-0.287028402
0.368223071,0.0463505387,0.553653955,0.0550276823
0.431675851,0.230270416,0.61302954,0.312142193
0.412446141,0.3174977,0.576546371,0.430449784
0.339933336,0.296281189,0.501816809,0.425638139
0.251705587,0.206131965,0.401492,0.319810003
0.173509791,0.114518464,0.289381742,0.185644493
0.109693654,0.0805921853,0.185538039,0.129321918
0.0479428954,0.124577954,0.0828266814,0.20005849
-0.0261848457,0.218359143,-0.0365913771,0.349781185
-0.114710674,0.301715314,-0.170067951,0.469197959
-0.201786622,0.315356702,-0.29569754,0.484346479
-0.260576129,0.233270824,-0.391258478,0.368634641
-0.268191993,0.0774366111,-0.421968222,0.138402894
-0.219684839,-0.0926578641,-0.356763154,-0.136015221
-0.132716164,-0.210013121,-0.222095206,-0.331602961
-0.0400223881,-0.233828813,-0.0741966143,-0.378006339
0.0262020435,-0.169414327,0.0350532271,-0.283992916
0.049361039,-0.0642748028,0.0806829408,-0.113754913
0.0348041803,0.0170557834,0.0586778,0.0244940408
0.00439221179,0.0258972943,0.0111115854,0.0455773883
-0.0171475969,-0.0470990799,-0.0276404787,-0.0728738382
-0.0160988532,-0.169495419,-0.0276658032,-0.270860106
0.00386037561,-0.285838753,0.00156351004,-0.448541105
0.025888877,-0.346797109,0.0319250375,-0.53467983
0.0317521244,-0.332956105,0.041304905,-0.520698011
0.0138435643,-0.261302859,0.0157735981,-0.422944546
-0.0197161119,-0.172353268,-0.035649877,-0.289241552
-0.0498317815,-0.106360503,-0.0844531059,-0.177727237
-0.0581363142,-0.0823368132,-0.0988095999,-0.136668742
-0.0386952423,-0.0910732299,-0.0673395321,-0.146967307
-0.00278228079,-0.104742423,-0.00834879559,-0.172747865
0.0262180902,-0.0961216763,0.040739771,-0.160211861
0.0251021776,-0.055421479,0.0413361788,-0.0971193686
-0.0163997095,0.00514721032,-0.0256438591,0.00560378097
-0.0893815309,0.0610956252,-0.144750074,0.0995648056
-0.169381335,0.0929257497,-0.270932734,0.152266547
-0.22782959,0.0996974707,-0.363485008,0.165610701
-0.245166734,0.100037642,-0.389970124,0.165491149
-0.21882166,0.119559154,-0.353000432,0.196618646
-0.162292093,0.172238559,-0.26295954,0.279095113
-0.0964957401,0.2474747,-0.154132053,0.395445257
-0.0385951735,0.311696082,-0.0574379228,0.487793714
0.00551245734,0.324990779,0.014046777,0.508094072
0.0412847176,0.26410073,0.0716733187,0.42768994
0.0787893459,0.138630584,0.134583488,0.235581324
0.1234883,-0.00968140643,0.208167732,-0.010217444
0.17009142,-0.125698715,0.274410218,-0.204689935
0.203104258,-0.16848056,0.320750654,-0.274240136
0.203890935,-0.133022606,0.324742943,-0.222862184
0.160530537,-0.0538629144,0.262922376,-0.0971831903
0.0753251389,0.0123449434,0.12955907,0.014392064
-0.0338770971,0.0168113336,-0.0483217016,0.0277962945
-0.139225528,-0.0545076728,-0.225308761,-0.0834051371
-0.212701082,-0.171691775,-0.337866366,-0.263967067
-0.235915899,-0.274897486,-0.367414206,-0.41269955
-0.20597145,-0.305053055,-0.322838515,-0.461066753
-0.135539234,-0.235624358,-0.226435795,-0.378294408
-0.0478267856,-0.0889223814,-0.0905327201,-0.155250162
0.0311741456,0.0719210133,0.0456494503,0.113862291
0.0803347155,0.171875969,0.134451702,0.279102743
0.0887693167,0.159812719,0.152052641,0.265459329
0.0578841493,0.0336882249,0.104938164,0.0629411563
-1.0290255e-05,-0.157049984,0.00440367125,-0.251425266
-0.0659762844,-0.332793057,-0.102610379,-0.509634972
-0.120565385,-0.418432802,-0.183532283,-0.611531675
-0.150194213,-0.37508899,-0.23135893,-0.562295437
-0.151765704,-0.214845419,-0.252460778,-0.349077404
-0.133608609,0.00685133599,-0.228750005,0.0028547775
-0.11181318,0.215952143,-0.181799397,0.343456507
-0.102893762,0.349417567,-0.15251185,0.5356884
-0.115679964,0.376705945,-0.163306519,0.570144057
-0.146303028,0.305523962,-0.216262281,0.479855508
-0.179240212,0.172275707,-0.27901724,0.287083745
-0.194658875,0.0241454821,-0.313272744,0.0502774008
-0.178931281,-0.0981631801,-0.294583559,-0.151677132
-0.132982537,-0.170530736,-0.222535342,-0.271890759
-0.0735603198,-0.186812937,-0.126976863,-0.30458039
-0.0257669576,-0.154299766,-0.0479523093,-0.256163955
-0.00985333323,-0.0876320601,-0.0204137098,-0.151467144
-0.0288953315,-0.00428772019,-0.047956381,-0.0113886734
-0.0643720776,0.077873379,-0.106443174,0.126675978
-0.0831978694,0.142433435,-0.13625823,0.235659182
-0.0538923852,0.17705138,-0.086841546,0.294144899
0.0357127823,0.176774874,0.05825397,0.294873029
0.168557614,0.146192685,0.270316601,0.23813127
0.302399695,0.0982672572,0.470369071,0.15321596
0.38720724,0.0492275283,0.584351122,0.0691118762
0.388201684,0.0114106452,0.588399589,0.00886774994
0.303258151,-0.0122806029,0.483261675,-0.0274705235
0.165456608,-0.0289618261,0.279180586,-0.0537525117
0.0286319256,-0.0505673289,0.054911077,-0.086844109
-0.0576128177,-0.0854105726,-0.096317552,-0.140600696
-0.0712448135,-0.131251633,-0.121579446,-0.211603105
-0.0276416838,-0.174189776,-0.052380532,-0.282322794
0.0294070505,-0.194668174,0.0411974154,-0.317241967
0.0513347425,-0.177840114,0.079585135,-0.29493922
0.0111631062,-0.122790806,0.01750689,-0.210287109
-0.0810726285,-0.0453028344,-0.132501662,-0.0817046463
-0.182212666,0.0279576275,-0.296328068,0.0428236946
-0.237729788,0.0714213252,-0.381138533,0.118593335
-0.210554421,0.0729239881,-0.342575818,0.126125336
-0.102161273,0.040077433,-0.175031021,0.0753476769
0.045323059,-0.00270629139,0.0689033195,0.000408095337
0.167762637,-0.0253037792,0.271944106,-0.0435945615
0.209569052,-0.00584387826,0.340331614,-0.0168666467
0.151039109,0.059013512,0.25392428,0.0868529975
0.0186638106,0.152104035,0.0390841402,0.241981
-0.127024457,0.242641643,-0.192596018,0.382934839
-0.220269367,0.298455626,-0.328731298,0.45774442
-0.221388549,0.298017681,-0.332663864,0.461724252
-0.135103539,0.237407759,-0.214588523,0.386787564
-0.00696823606,0.130166724,-0.0144470483,0.224910483
0.100050144,0.00123090856,0.165991992,0.00741503388
0.136897892,-0.121762902,0.225951791,-0.199112132
0.0919405073,-0.216305509,0.150996551,-0.351568371
-0.00491070282,-0.269781053,-0.00745073007,-0.432477713
-0.0990658849,-0.28072539,-0.158541352,-0.443266928
-0.140117571,-0.257331491,-0.228639394,-0.406435609
-0.10778939,-0.214248613,-0.182648733,-0.344059169
-0.0218017697,-0.168452218,-0.045609381,-0.275257438
0.0691245124,-0.134766161,0.107922487,-0.223083436
0.113204412,-0.121845506,0.185147062,-0.202229276
0.0829899013,-0.129853934,0.139112145,-0.216551974
-0.00985055324,-0.151076853,-0.0125285657,-0.25153932
-0.119910717,-0.173832953,-0.193527877,-0.28259635
-0.190809399,-0.188446864,-0.30670464,-0.297096789
-0.183749214,-0.192574799,-0.300922513,-0.302695483
-0.0973980352,-0.192898691,-0.168720797,-0.307359695
0.0309495665,-0.201663539,0.0397881791,-0.325133473
0.143531814,-0.229238063,0.222147986,-0.365480781
0.190534055,-0.276419789,0.291723281,-0.431043833
0.154626042,-0.330993086,0.234775588,-0.508247793
0.0594896786,-0.371300101,0.0887871534,-0.56658113
-0.0418168679,-0.375940084,-0.0660081804,-0.572742879
-0.092886053,-0.335049212,-0.151687399,-0.516994476
-0.0616468973,-0.257073343,-0.108630382,-0.413082808
0.0436551608,-0.166692257,0.0602649003,-0.275070459
0.177679643,-0.093965441,0.279436976,-0.15679808
0.27854982,-0.0596294999,0.439679295,-0.0989248902
0.295678467,-0.0640858412,0.468390405,-0.105557241
0.211681962,-0.0863131657,0.348096251,-0.144880101
0.0485325493,-0.0941143259,0.0884660929,-0.163016006
-0.143992484,-0.0611422099,-0.231781632,-0.104796514
-0.311036319,0.0177851394,-0.485093772,0.0279194769
-0.415158778,0.121227548,-0.609427154,0.180261821
-0.448135167,0.209011003,-0.630158961,0.299654126
-0.427600265,0.240252212,-0.600316286,0.34737879
-0.381937742,0.193027198,-0.557443798,0.295433968
-0.332493335,0.0761108398,-0.510042667,0.131345406
-0.28291139,-0.0730442554,-0.447576076,-0.101749346
-0.220985264,-0.20325309,-0.35328424,-0.310090929
-0.13132219,-0.270451635,-0.215959311,-0.420185626
-0.0111135188,-0.254861593,-0.030068893,-0.407785892
0.120497622,-0.16706495,0.184629381,-0.278148264
0.225638419,-0.0412329845,0.357657582,-0.0766589791
0.263008416,0.08018668,0.419355661,0.116740935
0.208155513,0.162614495,0.341799825,0.251246333
0.068544507,0.189320654,0.12456663,0.304038525
-0.114696644,0.16228424,-0.173298672,0.264965355
-0.280248851,0.0958411992,-0.433426023,0.15790078
-0.369894445,0.00807036273,-0.561116993,0.0221150089
-0.35146752,-0.085300751,-0.541203618,-0.119491398
-0.231374741,-0.172473386,-0.375116825,-0.26200214
-0.0514128357,-0.24401474,-0.0952131376,-0.384349167
0.12826018,-0.291337252,0.18995519,-0.455033004
0.252162784,-0.307667047,0.369532764,-0.467230648
0.288636595,-0.291406184,0.424080014,-0.439604133
0.237782136,-0.249323115,0.36633423,-0.39207378
0.126511976,-0.196402401,0.20698911,-0.32490021
-0.00519148726,-0.150971308,-0.0063017346,-0.254641742
-0.119620465,-0.126820073,-0.195566386,-0.207635909
-0.19182618,-0.12642169,-0.310725003,-0.201244339
-0.212463602,-0.139360785,-0.344911933,-0.217763528
-0.184532657,-0.147463769,-0.30312714,-0.232942253
-0.118108585,-0.134312466,-0.200317144,-0.216272369
-0.0268014837,-0.0940910503,-0.0521695912,-0.155510679
0.0729287192,-0.0348074175,0.115127072,-0.0600321963
0.161404669,0.0260440987,0.261635214,0.0378372893
0.217336595,0.071015045,0.353375316,0.109944254
0.223089516,0.092005454,0.363482505,0.14282681
0.172251225,0.0939528421,0.287412047,0.14753975
0.075415194,0.0907477885,0.133473724,0.147503451
-0.040308021,0.0958053619,-0.0601951368,0.156890824
-0.139928937,0.112982959,-0.224185541,0.186376318
-0.19479531,0.133480728,-0.313024879,0.21894677
-0.195996448,0.140914008,-0.314844221,0.231550112
-0.159786642,0.121850938,-0.258385956,0.203953758
-0.121025421,0.0756305084,-0.199315578,0.130543053
-0.116470009,0.0173423532,-0.189320371,0.0332331322
-0.165336043,-0.0284395646,-0.26933679,-0.0450488292
-0.256788403,-0.0402617157,-0.408267558,-0.0622899085
-0.35140577,-0.0119546857,-0.539519548,-0.016082257
-0.397156566,0.0425524898,-0.595745623,0.0676092878
-0.353152245,0.0948661119,-0.542747974,0.151474357
-0.210129067,0.115629718,-0.344907343,0.194713801
0.00237122085,0.0889463276,-0.00426066527,0.158736065
0.226082101,0.0201951358,0.359934449,0.0374384038
0.397094816,-0.0667253733,0.591432691,-0.102541968
0.47139442,-0.140997618,0.66402936,-0.204608679
0.441126913,-0.178961575,0.62808454,-0.264197677
0.334434867,-0.173297256,0.508881211,-0.273287326
0.199707478,-0.133043721,0.323478878,-0.223688856
0.0825141817,-0.0755114555,0.139041767,-0.132712826
0.00663003745,-0.0155790532,0.0123834163,-0.0298510212
-0.0320664309,0.0411194339,-0.0537050478,0.067174226
-0.056946259,0.097484,-0.0941972658,0.161401749
-0.0929079205,0.158005267,-0.147722423,0.257277012
-0.149578407,0.220820293,-0.232978106,0.352548212
-0.214432031,0.274558842,-0.324032724,0.424644649
-0.259195328,0.302619338,-0.381806731,0.457382321
-0.255732626,0.292599976,-0.38184762,0.446687996
-0.192659378,0.24499771,-0.299645662,0.392472327
-0.0837065876,0.175291047,-0.136861295,0.295170993
0.036681015,0.107290819,0.0593122803,0.184020475
0.128347322,0.0609891638,0.20984827,0.0993811414
0.163477406,0.0418272056,0.270950645,0.0653563365
0.138772026,0.0379651301,0.233884722,0.0582879409
0.0759838894,0.0277577285,0.131397948,0.0423686914
0.0109609244,-0.00635648007,0.0226428378,-0.00937010068
-0.0231198054,-0.065432936,-0.0373786353,-0.105687365
-0.0102065224,-0.130583242,-0.020226337,-0.21271117
0.0429464132,-0.171211869,0.0636848137,-0.280189902
0.111709371,-0.160953373,0.174759194,-0.265894115
0.165884212,-0.0926587954,0.264879644,-0.159823075
0.183131769,0.0160980243,0.299018025,0.0168803316
0.157526523,0.130481079,0.260237932,0.2037258
0.100247942,0.215084016,0.168688878,0.34117052
0.0333369821,0.250807315,0.0616230331,0.401645094
-0.0197344106,0.242596939,-0.024613481,0.392557651
-0.0423590355,0.213773504,-0.0643610358,0.349965721
-0.0291181318,0.190300152,-0.0458622761,0.313597798
0.014356575,0.184193566,0.0242312625,0.304106116
0.0746389627,0.185951844,0.121707156,0.303038955
0.134980857,0.170820951,0.222032785,0.275890529
0.179643363,0.115698047,0.294676989,0.188697174
0.197576031,0.0170102268,0.325798005,0.0292862896
0.185302585,-0.101218216,0.302820861,-0.165046647
0.148570046,-0.19485268,0.239430666,-0.314791322
0.101824209,-0.219873354,0.160733446,-0.358967841
0.064643681,-0.155165106,0.100821875,-0.262124121
0.0553011261,-0.0157068372,0.0859381184,-0.0365398489
0.0832838863,0.151372254,0.133225158,0.239245206
0.143913865,0.286544263,0.225494131,0.442078054
0.218124241,0.343803823,0.329134196,0.512269258
0.278598189,0.309869617,0.418208033,0.459594101
0.300506622,0.207356453,0.466329336,0.317145735
0.272461474,0.081052348,0.438323557,0.128394023
0.202535555,-0.0248523299,0.335043013,-0.0427285098
0.115979373,-0.0864480659,0.194984093,-0.146196842
0.0449616872,-0.106900536,0.0740693212,-0.179639593
0.0145578263,-0.108047366,0.0214353353,-0.18093425
0.0313349999,-0.112879992,0.0473265424,-0.186789513
0.0800405219,-0.129639566,0.127051532,-0.214057714
0.130337447,-0.146710843,0.209437788,-0.240785986
0.150875598,-0.140829131,0.242359087,-0.233724624
0.124450773,-0.0932326019,0.204432741,-0.160709053
0.0573018193,-0.00379805011,0.0971259475,-0.0147875538
-0.0219106022,0.105551377,-0.0326828547,0.168962136
-0.0733547136,0.200583085,-0.115963742,0.324894935
-0.0629039928,0.252359182,-0.0985140279,0.405421913
0.0224411935,0.25274244,0.0370299146,0.410009831
0.167082608,0.218819946,0.264363706,0.35116443
0.33051917,0.183366552,0.499309659,0.276430815
0.460930884,0.176274061,0.64969629,0.239702776
0.513542116,0.207023665,0.691205025,0.265036404
0.466926545,0.257914573,0.641448796,0.33915922
0.331291318,0.292082876,0.493969887,0.415572494
0.145754561,0.272451192,0.243477926,0.423037499
-0.034471795,0.181904897,-0.0420575738,0.30212608
-0.156607479,0.0342792198,-0.250871092,0.0660381615
-0.18819733,-0.129545659,-0.306599051,-0.197823182
-0.128169551,-0.258595526,-0.2123826,-0.401411325
-0.00705344416,-0.313535154,-0.0247430187,-0.489528447
0.12401168,-0.282849133,0.181117341,-0.448592246
0.211864382,-0.186233178,0.327121496,-0.305436909
0.220913425,-0.0643673316,0.35541907,-0.115149543
0.146364391,0.0394142307,0.247282773,0.0541271791
0.015711043,0.0968322158,0.0351511985,0.156085238
-0.122539677,0.104165502,-0.193741351,0.173717558
-0.218771234,0.0804209113,-0.350859642,0.13566716
-0.242774352,0.0563111231,-0.391226262,0.0962138325
-0.196136907,0.0597415864,-0.324461728,0.102446862
-0.110859342,0.104059376,-0.189404488,0.172964409
-0.0344138034,0.183208004,-0.0578074567,0.297798872
-0.00761959841,0.274642557,-0.00814639498,0.434782624
-0.0452734418,0.348011672,-0.0605634786,0.532388389
-0.128571868,0.376138687,-0.181438789,0.565344214
-0.213149816,0.344748974,-0.307461709,0.519174039
-0.249319911,0.258154213,-0.373874217,0.404804081
-0.205254838,0.139215484,-0.328766793,0.235119164
-0.0823104531,0.0232225005,-0.142636701,0.0500584878
0.0846796259,-0.0530670248,0.131944031,-0.0848645791
0.24218002,-0.064188987,0.382629305,-0.108183451
0.340693921,-0.00612388179,0.522851765,-0.0194175094
0.354736775,0.100587919,0.542268395,0.140424162
0.290994614,0.217180043,0.450529605,0.31938678
0.181698382,0.301116794,0.289530098,0.454344779
0.0675607249,0.323342294,0.116917521,0.50054121
-0.0205805786,0.280811131,-0.0229640324,0.447760701
-0.0723693445,0.198008731,-0.111729167,0.327586651
-0.0965001509,0.11578989,-0.154173791,0.196298257
-0.109663129,0.0719684735,-0.179992661,0.121189632
-0.123248473,0.0826396942,-0.202613324,0.136215389
-0.135801092,0.133589745,-0.220084503,0.217734411
-0.135293499,0.186701804,-0.217685446,0.303024471
-0.109197877,0.198914722,-0.173770234,0.326993138
-0.0556246005,0.144699872,-0.0905904621,0.245896295
0.0118336864,0.0307411794,0.0193775408,0.0594667532
0.0691115186,-0.104999065,0.113745399,-0.16862677
0.0940765589,-0.209929675,0.149779484,-0.339932889
0.0791708976,-0.241262838,0.123758614,-0.39124617
0.0365496092,-0.186176598,0.0569452345,-0.311714053
-0.00799627509,-0.0677117258,-0.0164763033,-0.120975651
-0.0296057705,0.066349797,-0.0519097373,0.106649622
-0.0194773842,0.165736362,-0.0316649415,0.272581041
0.00825686567,0.199708775,0.016158957,0.328139722
0.0226063486,0.168057278,0.0414358936,0.279481828
-0.00759495888,0.0964706391,-0.00630611833,0.164666548
-0.0948594138,0.0200407356,-0.150165722,0.0358283035
-0.222304285,-0.0353756696,-0.354481846,-0.0551983416
-0.347511977,-0.0638287365,-0.531860054,-0.0944425911
-0.420128882,-0.0770581365,-0.619275928,-0.105831534
-0.40515241,-0.0921131223,-0.604116261,-0.126674399
-0.300654739,-0.117229082,-0.476724863,-0.172413155
-0.141179174,-0.144920766,-0.24140875,-0.228992298
0.0150677087,-0.156482399,0.0165584199,-0.254740804
0.109379046,-0.134928703,0.174998105,-0.226252183
0.105554633,-0.0781453252,0.17732805,-0.137352079
0.00283011678,-0.00376080768,0.0109194331,-0.0144416532
-0.165954515,0.057854481,-0.264642179,0.0925400332
-0.348668873,0.0789287314,-0.526686788,0.125983074
-0.493295401,0.0493162833,-0.689232171,0.0799115077
-0.564044774,-0.0174806118,-0.747015238,-0.0103152655
-0.54885745,-0.0908869132,-0.735708773,-0.108204864
-0.457860947,-0.138765275,-0.656077564,-0.186660752
-0.31623891,-0.143086269,-0.496418983,-0.211401477
-0.156000718,-0.107048757,-0.265773743,-0.172197312
-0.00942942314,-0.0501492806,-0.023978617,-0.0839459971
0.0957067981,0.00507324701,0.15625377,0.00629435899
0.140634209,0.0460149236,0.23374486,0.0720728338
0.120524339,0.0745697469,0.20459497,0.11930342
0.0484935865,0.100717574,0.0870083123,0.163045213
-0.0445651822,0.12987119,-0.0679761395,0.212072298
-0.117086038,0.15316321,-0.187311709,0.250690937
-0.130551994,0.148480654,-0.210885063,0.247426465
-0.0653116107,0.0933885947,-0.110641114,0.163991243
0.0687414035,-0.0169953685,0.110999316,-0.0188817084
0.232923806,-0.158573925,0.361571223,-0.246665671
0.37348178,-0.282355875,0.529216945,-0.40756464
0.44332847,-0.334755421,0.586832821,-0.456651419
0.422134936,-0.284921646,0.580726385,-0.407135993
0.325004458,-0.144341528,0.495866984,-0.236607105
0.195011273,0.0335313827,0.321142137,0.0389496051
0.0827850401,0.175958708,0.140889898,0.280533433
0.0230170339,0.2259776,0.0433210693,0.366106987
0.0195860658,0.172093615,0.0362975448,0.29023236
0.0467577465,0.0562701412,0.080486238,0.100247242
0.0656396002,-0.0455973335,0.111327872,-0.0734983832
0.0470777862,-0.0621153228,0.0786010176,-0.108048178
-0.0112610273,0.0354982093,-0.0196244847,0.0484974273
-0.0828398839,0.215699762,-0.132199422,0.338986427
-0.126461759,0.39950493,-0.182119444,0.588904917
-0.109247349,0.498477608,-0.146336809,0.695805788
-0.0260975622,0.459007382,-0.032596156,0.667194784
0.0949174389,0.290283114,0.152643055,0.468068272
0.204456672,0.0613670759,0.334495962,0.110661581
0.255242407,-0.131483927,0.405277312,-0.207624346
0.224991903,-0.210826784,0.352510124,-0.337713212
0.127327725,-0.154169738,0.207541138,-0.264360398
0.00527408533,-0.00231512799,0.00954137277,-0.0173207354
-0.089179337,0.163523495,-0.142845765,0.262210608
-0.119106919,0.263250798,-0.185983539,0.419403493
-0.0785543025,0.256373346,-0.121876642,0.418075413
0.00681674294,0.158164129,0.0116130263,0.270886034
0.0936044008,0.0266092345,0.157498419,0.0508589931
0.141352728,-0.07125929,0.232325047,-0.117806062
0.129756868,-0.0947286263,0.213642746,-0.162697583
0.0648541003,-0.0477315634,0.109267436,-0.0889885426
-0.0271458644,0.0284243524,-0.0401504152,0.0408473983
-0.113647193,0.0821742564,-0.184326276,0.136215046
-0.169448555,0.082381025,-0.274535328,0.139959246
-0.184300795,0.0351575054,-0.300556242,0.066026032
-0.162351981,-0.02208432,-0.268461972,-0.0295288544
-0.116063528,-0.045094423,-0.19480817,-0.0710231364
-0.0593178943,-0.0110989027,-0.104202554,-0.0182078313
-0.00343960337,0.065608792,-0.00919464882,0.105785623
0.0431226566,0.139947578,0.0710154772,0.228538185
0.0734493509,0.160885751,0.124277994,0.264067441
0.0818690136,0.101025201,0.140654832,0.173147127
0.065935947,-0.0256340168,0.115701467,-0.0366513692
0.0293716453,-0.167924181,0.049932491,-0.271675348
-0.0168271251,-0.26199156,-0.0278675146,-0.418308347
-0.0572106428,-0.263390005,-0.0974675566,-0.422564715
-0.0781713948,-0.170118839,-0.136957228,-0.283277363
-0.0745523199,-0.0247769412,-0.131383374,-0.0471401103
-0.0525078252,0.105089717,-0.0890902951,0.171555296
-0.026323881,0.158310398,-0.0414166562,0.263061374
-0.0104567325,0.107491605,-0.0119377663,0.185966074
-0.0112185348,-0.0304008052,-0.013831282,-0.0429903865
-0.0231965091,-0.204185396,-0.037619736,-0.324559748
-0.032956358,-0.352943957,-0.0542492829,-0.538301885
-0.0281723589,-0.432158589,-0.0490441099,-0.634331942
-0.00669098273,-0.429375142,-0.0197248422,-0.632263243
0.0204380825,-0.36368379,0.0220748298,-0.558148861
0.034640573,-0.271725863,0.0481627136,-0.436936915
0.0215523448,-0.188868687,0.0325436518,-0.312849313
-0.0180581994,-0.134984344,-0.0294481944,-0.225745916
-0.065393284,-0.110300429,-0.108196288,-0.183873892
-0.0918326229,-0.100872703,-0.154456213,-0.16650179
-0.074796401,-0.0887678042,-0.129593164,-0.144012108
-0.0126485983,-0.0610757954,-0.0282854903,-0.101229623
0.0705113336,-0.0141490167,0.112465978,-0.0250777286
0.134430751,0.0470453203,0.220401555,0.0722676069
0.142973512,0.112178795,0.238631189,0.177910686
0.0847630724,0.168986052,0.14546515,0.270787537
-0.01744394,0.205931678,-0.0188570376,0.332645893
-0.115095951,0.214721799,-0.177179947,0.346953273
-0.157040268,0.193407997,-0.248556405,0.316030115
-0.116256647,0.149469554,-0.190793112,0.251382381
-0.00599365728,0.100635722,-0.0147549706,0.174535409
0.124079615,0.0710055232,0.200824589,0.11860998
0.210945144,0.0820479095,0.340842783,0.127605364
0.209489882,0.141480759,0.341602147,0.217324629
0.116067581,0.235684812,0.194807559,0.366327703
-0.0280734878,0.331071883,-0.0307160653,0.508158386
-0.155817464,0.386069387,-0.221380949,0.574823916
-0.206411228,0.369681776,-0.298417687,0.551673591
-0.154746622,0.278058469,-0.238115296,0.445707172
-0.0230167657,0.140061721,-0.0403044187,0.243069187
0.130836993,0.00738347974,0.212927341,0.019401392
0.241580918,-0.0676022992,0.384998053,-0.112035811
0.267342746,-0.056276951,0.425794542,-0.100615762
0.207202643,0.0315720513,0.339471132,0.0377436876
0.0978279635,0.150811195,0.166719347,0.237466395
-0.00761075597,0.241048142,-0.00479946844,0.386135876
-0.066167593,0.254359782,-0.0992940813,0.409928381
-0.0634797737,0.177131832,-0.100228891,0.299792916
-0.0153802484,0.0352750085,-0.0239515454,0.0688703135
0.0459000841,-0.119486392,0.0734684318,-0.190902963
0.0914074406,-0.234880805,0.141624004,-0.375569671
0.109280586,-0.281763613,0.165052578,-0.446411341
0.105637759,-0.26428479,0.161530152,-0.425144643
0.0939056203,-0.212191463,0.147323385,-0.349102914
0.0810042098,-0.160649374,0.12925832,-0.267156273
0.0602807589,-0.129551619,0.0970285088,-0.21689178
0.0162609555,-0.1141036,0.0263816938,-0.190978274
-0.061759416,-0.0916738063,-0.100446068,-0.154937953
-0.166494712,-0.0403186791,-0.271812379,-0.0689177215
0.304959506,0.319143653,0.399969906,0.4565745
0.268936366,0.258752018,0.441320568,0.394173592
0.2026041,0.138202921,0.335657209,0.224337384
0.144084483,0.00895885937,0.243756428,0.0169174224
0.110958114,-0.0758358613,0.184002876,-0.125366747
0.0930831656,-0.08500278,0.152260587,-0.145572737
0.0629066303,-0.0226731524,0.103980117,-0.0456613749
-0.00377466436,0.0748834983,-0.00408570329,0.118123956
-0.109258473,0.157188162,-0.17117615,0.254896462
-0.22858797,0.183405101,-0.354081094,0.293112099
-0.320671707,0.140613183,-0.488315076,0.22562626
-0.349772215,0.0480028577,-0.536053538,0.0849293023
-0.305462033,-0.0543845408,-0.481213778,-0.0727995038
-0.209980726,-0.126172632,-0.345515937,-0.19502981
-0.108761489,-0.145948008,-0.185124338,-0.236421525
-0.0488838479,-0.11994765,-0.0867825747,-0.200462759
-0.0564812794,-0.0764550939,-0.0941938907,-0.129261628
-0.124467872,-0.0495329611,-0.202309236,-0.0826811716
-0.216408551,-0.0608778112,-0.348071575,-0.0942970291
-0.284093469,-0.109073736,-0.446639985,-0.162072942
-0.289785653,-0.171295837,-0.453929037,-0.256166458
-0.222438321,-0.215934813,-0.356632471,-0.330352157
-0.100898542,-0.219143108,-0.175051853,-0.349532515
0.0361121967,-0.17668049,0.0488650054,-0.291023225
0.147297323,-0.105298594,0.233998045,-0.177808866
0.204870954,-0.0335468948,0.331351757,-0.0607979037
0.202772886,0.0127375871,0.332711905,0.015307446
0.155025303,0.0226213429,0.260788858,0.0339825489
0.0869659185,0.0039782892,0.148241907,0.00425409852
0.0245189611,-0.0222687274,0.0444675833,-0.0382324606
-0.0139226122,-0.0339790545,-0.0228110254,-0.0561134145
-0.0209940225,-0.0193391833,-0.0366313607,-0.033395227
0.000136314658,0.0175699592,-0.00278388709,0.0282204654
0.0383983962,0.0594079159,0.0628843904,0.0983561873
0.0781586021,0.0844003931,0.130226165,0.138709858
0.102968149,0.0765737817,0.172582969,0.127127841
0.0999894366,0.032548748,0.170073524,0.0550105572
0.0647396818,-0.0376404189,0.113040358,-0.0617704056
0.00448291423,-0.115067072,0.0104606682,-0.18969664
-0.0621222444,-0.178893074,-0.100671001,-0.292100221
-0.110588752,-0.212597519,-0.181305885,-0.341143638
-0.120314591,-0.207586199,-0.199124202,-0.333548337
-0.0845374614,-0.164165914,-0.1452429,-0.269017041
-0.0153625291,-0.0909646675,-0.0344506241,-0.153505281
0.059746448,-0.00368522923,0.0940453708,-0.0100395624
0.109586388,0.0769280195,0.180819973,0.123685814
0.113974482,0.128766641,0.192109793,0.209199771
0.074231416,0.134125516,0.127850339,0.219227627
0.0133537641,0.086454995,0.0298155155,0.145171165
-0.0352385156,-0.00470522093,-0.0546385944,-0.00191424566
-0.0454034097,-0.11388848,-0.0770220533,-0.182600081
-0.0134742251,-0.206670299,-0.0273074042,-0.330943316
0.0374605693,-0.251955867,0.0522277243,-0.40375194
0.0674659088,-0.234860599,0.1023627,-0.382549644
0.0398268141,-0.164133325,0.0638811216,-0.27800408
-0.0584276691,-0.0698084608,-0.0936991051,-0.123332441
-0.206155479,0.00889829081,-0.329910547,0.0123689501
-0.353920281,0.0405397415,-0.537845254,0.0672830343
-0.444121689,0.0154514555,-0.644664347,0.0338911563
-0.436315894,-0.0500522926,-0.639060855,-0.0613209233
-0.325771928,-0.121677823,-0.508439124,-0.175933525
-0.146403044,-0.163742185,-0.248703554,-0.257667989
0.0433012396,-0.156353235,0.0581274331,-0.256829292
0.184628397,-0.104740061,0.291543573,-0.176014006
0.241930038,-0.0361731984,0.387908489,-0.0666455775
0.214513808,0.0138199143,0.353220403,0.0158409774
0.132759169,0.0188335665,0.226661041,0.0271808449
0.0417413116,-0.0262511354,0.0768386722,-0.0432025455
-0.0188841391,-0.104217522,-0.0301614664,-0.170220822
-0.0292704329,-0.185544193,-0.0510134064,-0.298718691
0.00743829319,-0.243705571,0.0045507499,-0.390049785
0.0724147409,-0.267423093,0.107087955,-0.424877435
0.143240035,-0.263602197,0.216247335,-0.417900294
0.203766063,-0.250093311,0.31170094,-0.392338276
0.247359425,-0.243117794,0.375236481,-0.378934354
0.273760557,-0.247011781,0.411382884,-0.380520374
0.283539504,-0.252321661,0.424889654,-0.386811584
0.274896443,-0.243202686,0.415710092,-0.377346784
0.245158657,-0.209466413,0.379337758,-0.333729059
0.195518449,-0.155736104,0.312730402,-0.258129925
0.134875491,-0.101711228,0.221258253,-0.173720881
0.0788705125,-0.0726828799,0.132940918,-0.123941272
0.0432483591,-0.0852698088,0.0725190789,-0.14157106
0.0346968062,-0.136485636,0.0564737432,-0.223374978
0.0447157882,-0.202801421,0.0702750981,-0.328222305
0.0511845127,-0.250514835,0.0775125325,-0.401448637
0.0283352174,-0.252409071,0.0430543534,-0.408264846
-0.0390896015,-0.201942861,-0.0646615401,-0.334097594
-0.144795239,-0.1172399,-0.236423716,-0.1968133
-0.259569436,-0.0324858576,-0.412293375,-0.0524107702
-0.34168312,0.0188948773,-0.526793897,0.0346881412
-0.355107367,0.0204545036,-0.546648681,0.0404719561
-0.287144363,-0.0201542005,-0.458083689,-0.019760292
-0.156666383,-0.0766462013,-0.26462391,-0.116446987
-0.00823073182,-0.118800499,-0.0219797175,-0.191807494
0.10599459,-0.128091872,0.169019148,-0.212144345
0.148574516,-0.10571789,0.241552696,-0.179622188
0.113187239,-0.0690238848,0.190295205,-0.121169336
0.0273673944,-0.0390588343,0.0499125905,-0.0691928342
-0.0598290451,-0.0270567369,-0.0960767567,-0.046515815
-0.0997526571,-0.0281075165,-0.167451337,-0.043244496
-0.0658519417,-0.0258602966,-0.115616061,-0.0407556742
0.0344796255,-0.00532366056,0.0515007563,-0.00728276558
0.162939981,0.0343448929,0.262020946,0.0544976592
0.266589999,0.075602673,0.423164755,0.11463391
0.300009042,0.0906153992,0.473402947,0.137240738
0.243758485,0.0580587164,0.398563921,0.0888731629
0.111614771,-0.0207948312,0.195503205,-0.0355568156
-0.0558240339,-0.116797261,-0.0849784538,-0.19133532
-0.207743719,-0.183322683,-0.328957826,-0.289074272
-0.3025617,-0.17864874,-0.468593985,-0.271775872
-0.322262764,-0.0893567428,-0.505899668,-0.138633743
-0.276400089,0.0580122769,-0.445107132,0.0915845484
-0.195156798,0.204729065,-0.313999146,0.325728625
-0.115301415,0.285091221,-0.177926093,0.450742781
-0.065348357,0.257756054,-0.0986011103,0.417384356
-0.0559451096,0.127835721,-0.0844847932,0.221238181
-0.0788223073,-0.0519150086,-0.125694633,-0.0781423748
-0.113845669,-0.202647984,-0.185175195,-0.322603047
-0.140399545,-0.254350305,-0.228535876,-0.403214097
-0.147794157,-0.177912518,-0.245288968,-0.292345703
-0.140128076,0.000917021185,-0.23867178,-0.00710151903
-0.133643761,0.212454841,-0.216583252,0.335856229
-0.147959188,0.373802274,-0.215201199,0.559631646
-0.195248932,0.424924552,-0.268070787,0.612510145
-0.272366375,0.353346616,-0.384746909,0.522206247
-0.359656036,0.196497828,-0.522904515,0.304297924
-0.427310079,0.0216093864,-0.624239624,0.0462592021
-0.446801126,-0.106381223,-0.645570159,-0.142277315
-0.402622789,-0.153333172,-0.596601546,-0.217024654
-0.299323708,-0.127781883,-0.473754793,-0.192894027
-0.160784051,-0.0718224645,-0.271688372,-0.114835098
-0.0220020469,-0.036894042,-0.043965362,-0.0594222732
0.0831523389,-0.05718657,0.136178508,-0.0924204215
0.133152351,-0.133663833,0.217823803,-0.215763748
0.12462502,-0.235677719,0.200267121,-0.377206832
0.0710005015,-0.318148434,0.10941349,-0.49579823
-0.00451473938,-0.344858617,-0.0102130016,-0.534824967
-0.0778652206,-0.306050211,-0.125928327,-0.482033998
-0.130924106,-0.222029224,-0.214248568,-0.359534234
-0.153817207,-0.131784797,-0.255456805,-0.215600625
-0.143209368,-0.0729473829,-0.240443528,-0.118476085
-0.0991310924,-0.0632439554,-0.16803883,-0.100507587
-0.0233392026,-0.0923646092,-0.0438910387,-0.148039326
0.0793057904,-0.12776871,0.125419691,-0.20988059
0.197474971,-0.131233335,0.310766071,-0.214423001
0.311020672,-0.0780867934,0.477825493,-0.129799247
0.392792881,0.0298319142,0.586809695,0.0332800336
0.415820122,0.163266644,0.605929375,0.222513184
0.363927454,0.2769126,0.533679307,0.387185901
0.241261497,0.327949017,0.371420354,0.481668174
0.075669758,0.29378441,0.133516431,0.461963922
-0.0870164484,0.181717217,-0.12749739,0.303170919
-0.196836025,0.0268232953,-0.314516813,0.0544903912
-0.216839895,-0.120751955,-0.351694465,-0.184841484
-0.136735514,-0.213827267,-0.228324667,-0.335626155
0.0226827003,-0.224505097,0.0220020451,-0.362059593
0.216344416,-0.152797326,0.331405193,-0.250305474
0.390328705,-0.0248578507,0.578358531,-0.0491797701
0.49977544,0.117783844,0.6917997,0.148623884
0.522369087,0.233307272,0.692563772,0.295421183
0.462672681,0.2930637,0.63014555,0.384752661
0.346649885,0.288625777,0.512292206,0.410382003
0.209727675,0.230602711,0.34124741,0.359129399
0.0839590728,0.14088513,0.149710849,0.233112857
-0.0105758291,0.0424934067,-0.012982849,0.07447429
-0.0675918385,-0.0483085178,-0.110899247,-0.0765300617
-0.0904898718,-0.124628946,-0.151317045,-0.202074513
-0.0857080668,-0.186221659,-0.144605368,-0.299983591
-0.0575486161,-0.234071508,-0.0988639295,-0.37366876
-0.00710563408,-0.26609093,-0.0182928387,-0.423755348
0.0646404773,-0.276716232,0.0945097059,-0.438754529
0.151910692,-0.260599852,0.229999781,-0.41272366
0.240851998,-0.217876613,0.366990775,-0.345579386
0.310653448,-0.157229483,0.473391473,-0.249765173
0.339637518,-0.0940255523,0.51975733,-0.15394257
0.314263344,-0.0436852202,0.492151856,-0.0768504217
0.237074062,-0.0135985622,0.386352003,-0.0291742142
0.129397184,0.00158307701,0.221076041,-0.00183264224
0.0263398457,0.0177029576,0.0485558696,0.0255866982
-0.0352360122,0.0519545116,-0.0577902943,0.0849868059
-0.0317311473,0.111059368,-0.0541677102,0.183931649
0.0352895744,0.183317289,0.0566408522,0.300218225
0.136109024,0.239948526,0.215928584,0.380799621
0.221615046,0.246739909,0.348111957,0.381678075
0.241892353,0.181379199,0.387894928,0.286038131
0.168054849,0.0480104983,0.287901193,0.0804775134
0.00823428854,-0.119191363,0.0244310424,-0.193975449
-0.190153465,-0.266915739,-0.29073593,-0.413305759
-0.354800731,-0.34446317,-0.503326178,-0.481031626
-0.415509731,-0.326768279,-0.577208459,-0.44327119
-0.333644599,-0.227541134,-0.510487199,-0.336159468
-0.121573418,-0.0953434631,-0.219023481,-0.155357525
0.157305956,0.00670153555,0.242649689,0.0110054566
0.409736812,0.0288503878,0.605683625,0.0420235842
0.547584713,-0.042492941,0.739680469,-0.060498558
0.522612751,-0.177983284,0.704570472,-0.243951648
0.346219718,-0.317968547,0.501514971,-0.459447712
0.0851171464,-0.398854107,0.133560807,-0.600620568
-0.16588594,-0.381026119,-0.244767994,-0.572260439
-0.322713584,-0.265548199,-0.484847397,-0.396332115
-0.345825493,-0.0923498943,-0.538039804,-0.141643018
-0.254377365,0.07853809,-0.415402502,0.127678618
-0.114805073,0.193360031,-0.192465991,0.317220896
-0.00933155697,0.226282477,-0.0126670338,0.370480746
0.00119269197,0.186991751,0.0105634378,0.308269143
-0.0965465456,0.112146154,-0.147119179,0.18940191
-0.264410049,0.046225287,-0.411269009,0.0768509209
-0.431947291,0.0216183849,-0.629983068,0.0363382436
-0.528928399,0.046953544,-0.722699523,0.069045566
-0.515975893,0.1076217,-0.709192574,0.152701333
-0.399698734,0.176166415,-0.589153826,0.263347477
-0.226618499,0.225986913,-0.359101176,0.358698577
-0.0602275431,0.241494998,-0.0990942419,0.394121706
0.0471370071,0.221051633,0.0797786862,0.360605121
0.0745655671,0.173447162,0.12897405,0.284166545
0.0367891192,0.111756265,0.0688921809,0.186977208
-0.0276656933,0.0486091562,-0.0408584028,0.0832315981
-0.0770136416,-0.00534110377,-0.126839623,-0.00577051751
-0.0849923268,-0.0408673286,-0.143111527,-0.0664007142
-0.049656935,-0.0501353927,-0.0871560276,-0.0820251703
0.010217105,-0.0289516356,0.0118864523,-0.0498001426
0.0673791543,0.0193965305,0.109729834,0.0286732689
0.0998260975,0.0815983042,0.166247234,0.130379304
0.0994198471,0.136186585,0.166715026,0.219179466
0.0724952295,0.160711065,0.123699762,0.262649089
0.0339581668,0.141674876,0.0627556592,0.236308396
-0.000862998015,0.0822079927,0.00342577603,0.139747828
-0.0223319698,0.0027161492,-0.0353142172,0.00749664335
-0.0284624025,-0.0670091733,-0.0483708233,-0.108469412
-0.023274608,-0.101121955,-0.0397560112,-0.166952655
-0.0136816539,-0.0900293589,-0.0257672109,-0.15224953
-0.00687388703,-0.0451853536,-0.0145095726,-0.0777265802
-0.00885193329,0.00651560305,-0.0154173635,0.0080340961
-0.0235125571,0.0361987129,-0.0364655145,0.0596063808
-0.0514810197,0.0274780244,-0.0818938911,0.0482105613
-0.0887444839,-0.0156175643,-0.144739777,-0.0227937475
-0.126218483,-0.071409367,-0.207552746,-0.115090542
-0.151595756,-0.112442791,-0.249536261,-0.180169642
-0.153724626,-0.119974144,-0.25434497,-0.193694025
-0.127917051,-0.0932215527,-0.214703932,-0.152753964
-0.0792895705,-0.0485171117,-0.137172788,-0.0804974809
-0.0216390714,-0.00916128047,-0.0398539342,-0.0138272652
0.0284195747,0.00806334522,0.0452488996,0.0139165344
0.0594121516,0.00202178163,0.100686543,0.00447127037
0.0706367195,-0.0130508672,0.118834376,-0.0210833251
0.0717732459,-0.0167898387,0.119805619,-0.0295030046
0.0759704039,0.00471164519,0.125384122,0.00391303515
0.0899262726,0.0504421666,0.147908062,0.080301106
0.106912017,0.105086505,0.175816894,0.169599071
0.107782513,0.148224056,0.181049526,0.239901274
0.0708534941,0.166460499,0.122153141,0.270553648
-0.0138088837,0.161016241,-0.0135188997,0.263720006
-0.133580163,0.145937607,-0.20915857,0.238913119
-0.253088027,0.137727752,-0.393400759,0.22032021
-0.326738179,0.142538413,-0.49866873,0.224568412
-0.319143653,0.148933709,-0.491549641,0.237132534
-0.223614722,0.131400958,-0.361246049,0.219496787
-0.0687507391,0.0637253746,-0.119382575,0.11611215
0.0914967507,-0.0645331442,0.147705033,-0.097993724
0.200631544,-0.237523481,0.312728673,-0.368354291
0.224689662,-0.414899707,0.318973333,-0.594893217
0.167233795,-0.54594779,0.218064874,-0.724954247
0.0665753931,-0.589556456,0.0800095424,-0.764682531
-0.0236020237,-0.530459762,-0.0397780612,-0.726161599
-0.0605591722,-0.384190708,-0.10049846,-0.584904552
-0.0325104222,-0.189124629,-0.0662610829,-0.316035002
0.0376178734,0.00948885549,0.0538210459,0.00874797069
0.106119178,0.175107628,0.171281815,0.279804975
0.132373422,0.287999451,0.213449255,0.445942074
0.0999196246,0.343861848,0.164373517,0.522436261
0.0238803495,0.346643776,0.0476224385,0.533078551
-0.0584992319,0.302099496,-0.0820688009,0.474881619
-0.108304888,0.216981366,-0.166457728,0.355860621
-0.10487482,0.103854336,-0.1710632,0.179758459
-0.0545385368,-0.0134415077,-0.093848519,-0.0140054664
0.0157530587,-0.100260258,0.02288967,-0.164040804
0.0751812682,-0.121011853,0.11879845,-0.203396365
0.105842978,-0.0556339286,0.172720179,-0.101429611
0.109759547,0.0857063904,0.179925039,0.131442145
0.102600776,0.259262264,0.165322229,0.402293175
0.0988817066,0.40067932,0.153423414,0.590993106
0.0987083986,0.450821608,0.150523826,0.648321331
0.0852968991,0.38321656,0.138230145,0.578202665
0.0358617827,0.219364822,0.0696417764,0.362565547
-0.0600940809,0.0228914823,-0.0886042565,0.0467108265
-0.18644397,-0.126433,-0.297677904,-0.200969711
-0.300199538,-0.167439327,-0.464320719,-0.25815931
-0.348030031,-0.0846315771,-0.538565159,-0.131029859
-0.292464882,0.0856785476,-0.468303204,0.13325642
-0.134253904,0.273314029,-0.220190838,0.431283653
0.0818918794,0.407400638,0.118015066,0.607015789
0.282998502,0.448292166,0.390809536,0.613713026
0.398663223,0.402589947,0.534883797,0.530615509
0.392398924,0.314468861,0.557866275,0.432927191
0.277961642,0.238821685,0.435518354,0.358378261
0.11235489,0.210973054,0.193613321,0.333684355
-0.0311384648,0.229041994,-0.041529078,0.367091686
-0.0965527967,0.257828593,-0.149367735,0.410450697
-0.0690375268,0.25132668,-0.108924054,0.409153759
0.0222090427,0.180986956,0.0368687138,0.304754823
0.122080587,0.0540149584,0.203176394,0.0953954607
0.178452373,-0.0883012488,0.292466611,-0.141021118
0.166755244,-0.191200942,0.26844731,-0.31019333
0.0984476432,-0.214678168,0.159647018,-0.353363216
0.0107543468,-0.154043302,0.0154118678,-0.262741834
-0.0551085994,-0.0419426002,-0.0941859484,-0.0773234665
-0.0747431442,0.068818517,-0.126086205,0.112585835
-0.0497648008,0.131957188,-0.0833807811,0.220431
-0.00213573012,0.129396573,-0.00425074762,0.219612256
0.0411496088,0.0766840726,0.0697228909,0.133439198
0.0630899668,0.01019614,0.108782671,0.0186902508
0.0628813431,-0.0357076973,0.104650378,-0.0607818514
0.0510135628,-0.0481497496,0.0831203312,-0.0833662227
0.0380352549,-0.0408039466,0.0620741434,-0.0698529333
0.0253428668,-0.0421662442,0.0426404588,-0.0715480149
0.00443046354,-0.074473463,0.00728193624,-0.123686962
-0.0349783525,-0.13620694,-0.0577725209,-0.222224459
-0.0937152579,-0.199127406,-0.152484238,-0.320573807
-0.157111049,-0.222429693,-0.252734125,-0.353620529
-0.199377552,-0.176589251,-0.322636932,-0.283184677
-0.197072625,-0.0634650439,-0.327719331,-0.106547296
-0.144068629,0.0793061256,-0.243243232,0.128991932
-0.0586005859,0.193322018,-0.0973739326,0.315876991
0.0230718218,0.22693105,0.0391267501,0.369986415
0.0641759634,0.16122146,0.111544415,0.268753171
0.0469556823,0.0207557008,0.0858529285,0.0395716392
-0.0169044808,-0.136997372,-0.0220613368,-0.221855208
-0.0915940925,-0.248568192,-0.148006916,-0.394628018
-0.136197984,-0.274265319,-0.219205186,-0.431218833
-0.127395242,-0.215869144,-0.213261738,-0.348138481
-0.073164165,-0.113549203,-0.130770177,-0.190565154
-0.00930914748,-0.0239990856,-0.0206005052,-0.0425209738
0.0200147312,0.00873054564,0.0344863124,0.0143095516
-0.0124866245,-0.0251923613,-0.0155227808,-0.0399699509
-0.100215867,-0.0980178863,-0.161633015,-0.158433318
-0.203714043,-0.160345539,-0.324639529,-0.254076183
-0.269929409,-0.167676345,-0.425324172,-0.259766042
-0.259811372,-0.103905752,-0.419467241,-0.163949162
-0.169448003,0.00985185709,-0.288110942,0.0161464047
-0.0331407599,0.124959953,-0.0632197484,0.205960631
0.0935784355,0.188081712,0.151585326,0.307119668
0.162139833,0.165681943,0.267488688,0.26835531
0.155361846,0.05868233,0.26332134,0.0987233222
0.095120497,-0.0987937748,0.164671972,-0.160874888
0.029322587,-0.254782856,0.0466127396,-0.403971285
0.00541609572,-0.36091131,0.0009076969,-0.550868452
0.0448608622,-0.390066743,0.0558147207,-0.585690916
0.132277176,-0.343441039,0.188051462,-0.526869357
0.224830583,-0.245723173,0.33697921,-0.389104038
0.276321381,-0.132473916,0.428705662,-0.217679411
0.262523741,-0.0361774899,0.421377927,-0.0677618682
0.19386147,0.0234640744,0.320329547,0.030685164
0.108675197,0.0425619297,0.186921731,0.0677494556
0.051104866,0.0302666128,0.089430742,0.0509239286
0.0460345633,0.00291067176,0.0767059848,0.00656200713
0.0850440711,-0.0222247336,0.139298752,-0.0366514772
0.13115643,-0.0319466144,0.214512542,-0.0557151325
0.139826268,-0.0205110144,0.231475025,-0.0382830463
0.0847649723,0.00883473549,0.146159545,0.00869486667
-0.0253889319,0.0445376821,-0.0359954573,0.0700757727
-0.148594037,0.0701724812,-0.238557681,0.115784205
-0.228488863,0.070437558,-0.366493583,0.118348792
-0.22126475,0.0380807333,-0.361407727,0.0702501312
-0.116777889,-0.0211931765,-0.2013136,-0.0256694295
0.0563039705,-0.088822037,0.0837536827,-0.140442818
0.243123174,-0.139694005,0.377903759,-0.222149938
0.386003494,-0.152818426,0.567528307,-0.233764097
0.44689402,-0.12177027,0.63908875,-0.185989901
0.418800712,-0.0595807545,0.618125558,-0.0993707851
0.322599709,0.00518522924,0.50614363,-0.00448106928
0.193162709,0.0402841158,0.322869986,0.0584165156
0.0632713512,0.0245205071,0.11399579,0.0397969447
-0.0466829538,-0.0416484997,-0.0721746236,-0.0664822608
-0.129824296,-0.135062158,-0.212072566,-0.215483516
-0.187009692,-0.219306305,-0.298855364,-0.342522442
-0.219790727,-0.260425091,-0.345439047,-0.398327708
-0.227237299,-0.24146983,-0.358546197,-0.372387052
-0.208113149,-0.169014871,-0.340978801,-0.269004762
-0.165773794,-0.0688338727,-0.27799055,-0.114417218
-0.111222588,0.0266166087,-0.188838243,0.0449330509
-0.061125908,0.0923004225,-0.103147008,0.153153002
-0.0312066041,0.119300067,-0.0489570796,0.199258432
-0.0288456418,0.114429824,-0.0449522361,0.192997843
-0.0496445708,0.0921970606,-0.0782037824,0.155970663
-0.0804736838,0.0645952076,-0.130416125,0.109514624
-0.107515231,0.0349710472,-0.176984161,0.0616180375
-0.124541126,-0.000667893561,-0.204623401,0.0025487463
-0.136261567,-0.0463219658,-0.225099906,-0.0718758404
-0.154421389,-0.0979260355,-0.253809422,-0.156559125
-0.188764289,-0.14046289,-0.306013793,-0.222248688
-0.23834312,-0.153167471,-0.379886061,-0.239090025
-0.28880775,-0.120716289,-0.454386562,-0.187404975
-0.318012327,-0.0442052819,-0.49988839,-0.0679033771
-0.307383478,0.0549719818,-0.484639794,0.0886220038
-0.252843648,0.141898289,-0.402794391,0.226835862
-0.168906674,0.183397785,-0.272225291,0.299064726
-0.0830953568,0.164616793,-0.135478258,0.276154935
-0.0231540967,0.0982699916,-0.0357922651,0.170042008
-0.00364437071,0.0209932309,-0.00294142682,0.0385904871
-0.0190458521,-0.022505179,-0.030313015,-0.039393276
-0.0470824353,-0.000540389854,-0.0777414665,-0.00427148771
-0.0605130717,0.089180626,-0.102028526,0.143130422
-0.0411117785,0.216025755,-0.067817688,0.3466658
0.011499458,0.327928126,0.0179357808,0.50922364
0.0805659741,0.373014182,0.126391098,0.565490425
0.141625151,0.32171917,0.223263264,0.498029232
0.175197288,0.179571286,0.286884159,0.293323189
0.175842956,-0.0147693753,0.295818478,-0.0186364297
0.153064117,-0.204886556,0.24750486,-0.325424641
0.124261513,-0.338249922,0.185366482,-0.519925535
0.104312249,-0.384727955,0.149372354,-0.580406308
0.0978820175,-0.34468022,0.141777396,-0.533966541
0.0985981002,-0.244469956,0.150315583,-0.398141205
0.0949824899,-0.122781575,0.151597902,-0.21108599
0.0790998414,-0.0145452879,0.130050018,-0.0303600766
0.0524712242,0.0607009493,0.0900641903,0.0981260985
0.02565079,0.102090217,0.0455940925,0.167968079
0.0117705828,0.122541316,0.0219062287,0.20248878
0.0179913938,0.139233604,0.0303022303,0.231835499
0.0400542095,0.164213777,0.0675564855,0.270027459
0.0633400083,0.198956251,0.10595496,0.322082341
0.0701125786,0.234419599,0.116254002,0.374831706
0.0491081476,0.255761981,0.084354654,0.4066948
0.00231056265,0.249331459,0.0129905744,0.400196999
-0.0547316112,0.209144354,-0.079976432,0.34194532
-0.0992804319,0.140581936,-0.15791817,0.235618874
-0.111342005,0.0600531548,-0.182604432,0.106246263
-0.0824638978,-0.0094372062,-0.139692977,-0.0107331779
-0.0195898861,-0.045666676,-0.0380030945,-0.0731947571
0.0572406426,-0.035292428,0.0906507,-0.0604600906
0.121810243,0.0202087071,0.197743282,0.0274961609
0.150201127,0.103421196,0.24577947,0.162078008
0.127947062,0.185984343,0.213208273,0.293271542
0.0542480163,0.23864989,0.0969260409,0.37959516
-0.0570615605,0.242880508,-0.0817883387,0.391216815
-0.179534674,0.1990823,-0.275900006,0.321952909
-0.278992414,0.127276734,-0.431988806,0.206896499
-0.321221709,0.0589463487,-0.498648316,0.100611307
-0.281764776,0.0228690896,-0.451054335,0.0436324254
-0.155569971,0.0310794637,-0.263597667,0.0555320382
0.03718042,0.071808815,0.0523063503,0.122219063
0.25283438,0.113601364,0.395036548,0.178960308
0.435274363,0.119695246,0.630187631,0.168802038
0.533904195,0.0665336698,0.7294572,0.0848121494
0.52241379,-0.0423938222,0.72152853,-0.0628081113
0.4103778,-0.174657494,0.601968169,-0.257692844
0.24168025,-0.280900478,0.373073965,-0.431939095
0.0790209323,-0.315997243,0.123662464,-0.497600466
-0.0198980123,-0.259780437,-0.0381784178,-0.421077728
-0.0246224925,-0.127409682,-0.0505720414,-0.217228428
0.0570923127,0.0359867811,0.0859105662,0.0546518266
0.184486717,0.174354687,0.291163921,0.274751842
0.302677006,0.244726717,0.457798392,0.365610331
0.366425008,0.234939143,0.542408884,0.340596139
0.357939512,0.166746244,0.543821931,0.247799546
0.291049957,0.0831366032,0.464921534,0.12673454
0.200901285,0.0264040064,0.333497852,0.0380452983
0.125238836,0.0180077758,0.209484205,0.0245861597
0.0869005099,0.0501748882,0.144784689,0.0798914358
0.085679166,0.0930696055,0.142993301,0.151118055
0.102303021,0.113303714,0.170664594,0.185884699
0.110972725,0.093719244,0.186154932,0.155990139
0.09304481,0.0437760837,0.159298107,0.0742146447
0.0448765419,-0.0051420778,0.0791924745,-0.00907180831
-0.0230933186,-0.0171845183,-0.0359981358,-0.0311380476
-0.0938503444,0.0269433092,-0.155491546,0.0404298417
-0.152532175,0.116726823,-0.249960035,0.187134519
-0.191354215,0.213916123,-0.299615622,0.338858038
-0.208985135,0.269659817,-0.319275618,0.420583755
-0.206522435,0.248560831,-0.316378653,0.394629151
-0.184201568,0.147662669,-0.292402089,0.249174222
-0.141862422,0.000578030013,-0.234026611,0.0134304566
-0.0828827843,-0.135817647,-0.140558288,-0.215126887
-0.0181238111,-0.206097156,-0.0359965824,-0.333469629
0.0342913531,-0.180700228,0.0480618067,-0.301012039
0.0551210716,-0.068484351,0.0870033577,-0.12379837
0.0336640626,0.088338688,0.0557776988,0.136402696
-0.0246505979,0.234045506,-0.034162119,0.371302843
-0.0981893092,0.324157,-0.143527716,0.501673222
-0.158172578,0.34322378,-0.230258942,0.523039341
-0.182962149,0.307636023,-0.273554921,0.477304369
-0.169789836,0.253131241,-0.26340872,0.40508607
-0.136577442,0.214204296,-0.215889871,0.347655326
-0.111538798,0.206239879,-0.177616537,0.335746109
-0.115372159,0.219222441,-0.180563152,0.352935702
-0.145964608,0.225535795,-0.226585224,0.363208145
-0.175323114,0.197039902,-0.273443878,0.319388986
-0.162430272,0.122071661,-0.260911494,0.208111182
-0.0767897218,0.0134683708,-0.131563738,0.0323698074
0.079534255,-0.0962840766,0.123330653,-0.152611881
0.264344513,-0.169890955,0.403027028,-0.266688883
0.40867281,-0.182204083,0.588023007,-0.27352792
0.446738452,-0.130741775,0.638393342,-0.199940279
0.348664016,-0.0350034125,0.539584577,-0.0672139823
0.139232621,0.0741450936,0.24002631,0.107968338
-0.108212948,0.168730095,-0.16353187,0.268903017
-0.301641434,0.233936816,-0.448302478,0.356214911
-0.370718986,0.269602418,-0.532791376,0.397177398
-0.298490375,0.283461899,-0.446187645,0.427435249
-0.128748059,0.281383246,-0.205567226,0.448853135
0.0548790433,0.261296451,0.0855673626,0.423383534
0.168206379,0.214962766,0.271686316,0.343615741
0.165180951,0.136651739,0.278040081,0.22177732
0.057437785,0.0331466496,0.107808821,0.0559371635
-0.0941294804,-0.0719563067,-0.148041099,-0.117913887
-0.210696086,-0.143946037,-0.336421549,-0.225636005
-0.233582556,-0.151395842,-0.378666699,-0.236443922
-0.15030472,-0.0825733319,-0.259195626,-0.135584027
0.00328284665,0.0449431054,-0.00573495636,0.0726317316
0.16406849,0.187643915,0.258154094,0.296469033
0.273746431,0.292431891,0.413493007,0.431098402
0.127657473,0.226946607,0.225660786,0.360993534
-0.0356105268,0.385036618,-0.0462245084,0.566149354
-0.176415741,0.451905489,-0.237176567,0.64404726
-0.254874587,0.408298373,-0.351027578,0.58743614
-0.259408712,0.281331807,-0.385353714,0.436810493
-0.20938921,0.13338463,-0.333756059,0.226461053
-0.142652869,0.0340640321,-0.237106159,0.0626267418
-0.0951771662,0.0288318209,-0.160180032,0.0471197404
-0.083738476,0.119485445,-0.138921171,0.192018405
-0.100108974,0.265519112,-0.156800613,0.415067494
-0.11878974,0.404777884,-0.170866683,0.596767247
-0.113111995,0.48238799,-0.150717959,0.680701554
-0.070552215,0.47355929,-0.0928554684,0.677818179
0.000806077267,0.389998108,0.00752160279,0.592829406
0.0774627924,0.268766433,0.127642274,0.433434993
0.133737788,0.151369363,0.222398877,0.250784367
0.155365154,0.0649063215,0.259109944,0.104790136
0.14602387,0.0144776674,0.243940711,0.0198913645
0.12360283,-0.0113024982,0.20670554,-0.0224627946
0.10871122,-0.0273932908,0.180034593,-0.047615841
0.112043798,-0.0411708131,0.185854405,-0.069946453
0.127615765,-0.0498489551,0.210686997,-0.0836707354
0.135558993,-0.0469744951,0.22349447,-0.0802955702
0.113026522,-0.0322823972,0.187714249,-0.0577505156
0.0475193523,-0.0169790816,0.0826187581,-0.0322895311
-0.0542595536,-0.0196363796,-0.0850085467,-0.0346671902
-0.166640475,-0.0543441772,-0.268849432,-0.0865933225
-0.254455298,-0.118492849,-0.403250337,-0.180914938
-0.287489653,-0.188817099,-0.447900325,-0.28404671
-0.25342378,-0.230062097,-0.399103463,-0.349053919
-0.163570091,-0.21313557,-0.272195756,-0.33557117
-0.0489947051,-0.133282989,-0.0924542844,-0.221490085
0.0512483902,-0.0175964534,0.078326039,-0.035072837
0.104864039,0.0838518813,0.173016027,0.134760484
0.0981427804,0.120254599,0.167659014,0.197058603
0.0403616317,0.0650303811,0.0770682096,0.110552728
-0.0407063365,-0.0693922192,-0.0607602261,-0.108646207
-0.110212304,-0.235163882,-0.175233513,-0.368611008
-0.140069991,-0.369863421,-0.215935841,-0.550610542
-0.119874448,-0.424512982,-0.185457706,-0.615930557
-0.0606973469,-0.384864986,-0.103134222,-0.580754519
0.00975621305,-0.275539279,0.00496348459,-0.44206062
0.0588161387,-0.14549689,0.0907867998,-0.247711495
0.0627507046,-0.0429131612,0.104343824,-0.0782210603
0.0171944667,0.00733141508,0.0334534906,0.0104485676
-0.0604653582,0.0122404257,-0.0965646952,0.0217362717
-0.13813515,0.00185624207,-0.225212932,0.00547997374
-0.182825685,0.00881268457,-0.29891023,0.0158536993
-0.175332248,0.0479909219,-0.290231019,0.0796081424
-0.1190814,0.107377462,-0.20013833,0.176917106
-0.0387087762,0.154715776,-0.0657929257,0.258301884
0.031477958,0.155859128,0.0537294894,0.260078013
0.0640849099,0.0946063548,0.111455195,0.162157625
0.0523672104,-0.016620433,0.0931311026,-0.0226845872
0.0140780844,-0.140685037,0.0255890321,-0.229257286
-0.0171385221,-0.231890529,-0.0301862359,-0.373799592
-0.00926714204,-0.255956024,-0.0216256119,-0.411061138
0.0499788933,-0.204070032,0.0715690553,-0.335465938
0.143714726,-0.0949967504,0.225709081,-0.162552372
0.230617046,0.0344345905,0.367447168,0.0477181599
0.262583733,0.144722372,0.416167557,0.220491141
0.207512483,0.207464531,0.335544527,0.319948286
0.0663843527,0.212262228,0.121442609,0.341671556
-0.123917349,0.165915981,-0.187238738,0.27145046
-0.304037929,0.0868258029,-0.467414737,0.144637942
-0.416049808,-0.00138810824,-0.614503622,0.0087705534
-0.426942617,-0.074637793,-0.627493441,-0.0988771915
-0.340992004,-0.111722961,-0.529068172,-0.162369192
-0.195663929,-0.0980099887,-0.327092797,-0.152902827
-0.0436052307,-0.0303484667,-0.0833705962,-0.0519819371
0.0702760816,0.0783010945,0.112732999,0.125226408
0.125811413,0.198107079,0.205751985,0.312825382
0.131396323,0.288727313,0.212575108,0.446484357
0.114340775,0.312835664,0.18439348,0.48515898
0.104090564,0.252299666,0.172254652,0.40551272
0.117590278,0.11937964,0.198266536,0.20251295
0.153946534,-0.0439636856,0.25485757,-0.0668634027
0.199811697,-0.180643812,0.315092415,-0.287447333
0.240846589,-0.241916507,0.365431756,-0.379417926
0.271584153,-0.209393471,0.412618905,-0.333859473
0.297566086,-0.1047282,0.459061921,-0.17530781
0.328713775,0.0187586583,0.508411765,0.0193646681
0.368502676,0.0996641293,0.558126688,0.143476367
0.406355739,0.0967035666,0.604660094,0.139088616
0.419066161,0.00813765451,0.62369597,0.0113213714
0.38185063,-0.127113357,0.574889064,-0.19229947
0.283734322,-0.247446239,0.434165239,-0.379235089
0.138749152,-0.297104865,0.218255118,-0.469832033
-0.0141677046,-0.251585275,-0.0230334532,-0.411885589
-0.124218978,-0.127892539,-0.207417354,-0.216895685
-0.149650082,0.0247955807,-0.253060907,0.0372695662
-0.0769725963,0.148899212,-0.132717013,0.246402711
0.0708046108,0.204715997,0.110659778,0.336160272
0.241367534,0.186650768,0.379081964,0.296403378
0.373008281,0.122396015,0.564391971,0.182747558
0.418681771,0.0567344129,0.621307492,0.0764039829
0.363847971,0.0289095659,0.560100436,0.0359478705
0.230761468,0.0548561029,0.378659487,0.0774996132
0.0680613369,0.122198999,0.12094973,0.190867022
-0.0691690594,0.198994339,-0.105785035,0.319306672
-0.140143022,0.25048697,-0.217476189,0.399138123
-0.131702974,0.255027682,-0.20774512,0.409913868
-0.0599426553,0.2118873,-0.0968113616,0.352367908
0.0390339196,0.138634354,0.0648527294,0.235297814
0.124356143,0.0610638522,0.205863371,0.103377238
0.16534929,0.00161842664,0.273279041,0.000468538667
0.151127607,-0.0282860082,0.25021705,-0.0510831922
0.0924506411,-0.0297177453,0.159043714,-0.0548809282
0.0163042098,-0.0126760704,0.0306758899,-0.0253790617
-0.0443657674,0.00932421628,-0.0747903436,0.0146696623
-0.0624632053,0.023720786,-0.105045594,0.0407167189
-0.0267228838,0.0214254893,-0.0485838801,0.0397327207
0.0530774854,-0.00190308737,0.0866252631,6.6244058e-05
0.147687599,-0.0447751954,0.239834711,-0.0716344938
0.217125684,-0.0989252403,0.348833263,-0.159954533
0.224657163,-0.149771318,0.358421326,-0.241966888
0.151646763,-0.179798365,0.248910666,-0.295066208
0.0075232028,-0.174986452,0.0166889168,-0.29384619
-0.170120925,-0.132056221,-0.274592042,-0.220257178
-0.326956064,-0.0626347736,-0.505665481,-0.0976919606
-0.411660284,0.00905180164,-0.612675846,0.0193385798
-0.396461576,0.0554235987,-0.595238924,0.0917230621
-0.289526314,0.0582051314,-0.46159783,0.10244038
-0.132923111,0.0182569176,-0.226587683,0.0391235948
0.0140431253,-0.0431696102,0.0186056811,-0.0661368147
0.0995080024,-0.0935699195,0.163124874,-0.154487416
0.100882873,-0.104981579,0.166559994,-0.178165823
0.0337270871,-0.0685709044,0.0582687408,-0.121743187
-0.0567366518,1.02056014e-17,-0.0935195088,-0.00547765568
-0.117680572,0.0680772066,-0.192838311,0.112964995
-0.113872133,0.103213131,-0.18919836,0.173377469
-0.0438916124,0.0912314802,-0.0765469074,0.157632291
0.0604538359,0.0451559983,0.097975336,0.0794647485
0.151042655,-0.000667559623,0.247789681,-0.00129634328
0.188041031,-0.00908288825,0.309160739,-0.0198339988
0.15971072,0.0381435603,0.263534606,0.0517898723
0.0874395147,0.127332106,0.147125646,0.201175168
0.0136380726,0.216719404,0.0276274774,0.347116351
-0.0210097935,0.256546348,-0.029996179,0.412039936
0.00101756433,0.2158636,0.00515494449,0.356943756
0.0651594922,0.102067828,0.108954102,0.177154869
0.132959098,-0.0380345136,0.220567718,-0.0577715971
0.162946001,-0.137872323,0.264820725,-0.227693856
0.133141726,-0.142965496,0.217555732,-0.242275909
0.0532892682,-0.039557863,0.0900418758,-0.0790897086
-0.0396500938,0.134722695,-0.0642457455,0.212792024
-0.100364469,0.304642707,-0.152296975,0.471047968
-0.0985116959,0.390117496,-0.143095404,0.586937428
-0.0342918523,0.342865318,-0.0487296283,0.537916183
0.0617817417,0.169504091,0.105291255,0.290102512
0.144615188,-0.0701725259,0.24062407,-0.104680814
0.177356571,-0.289202541,0.275283635,-0.444566697
0.149300054,-0.411599368,0.213129044,-0.60732615
0.0796466544,-0.404777288,0.112874657,-0.608666301
0.00551971421,-0.291350067,0.00284818816,-0.469434321
-0.0389959551,-0.13545005,-0.068853721,-0.232731
-0.0413542092,-0.0108607002,-0.0735758618,-0.0214607399
-0.0166304819,0.0334338658,-0.0279062893,0.0575381555
0.00198306399,-0.00590950064,0.00625237543,-0.00539949303
-0.0169973653,-0.088416107,-0.0249029603,-0.143652722
-0.0840544179,-0.152227342,-0.13681668,-0.249248549
-0.180534437,-0.145508945,-0.291844636,-0.236930549
-0.266393811,-0.0516351648,-0.426216304,-0.0856533796
-0.300113946,0.103244558,-0.473185986,0.159310684
-0.260557652,0.26274696,-0.399073392,0.402637541
-0.159369275,0.365952104,-0.238788232,0.553540349
-0.0372919887,0.373804688,-0.0539790019,0.572587371
0.0540164746,0.284464747,0.091052413,0.455717236
0.0757147372,0.131860569,0.132815957,0.224428743
0.0193471666,-0.0302968733,0.0404847637,-0.0464928299
-0.0902375653,-0.150698662,-0.144216478,-0.246766359
-0.20765914,-0.198901311,-0.330566913,-0.316493392
-0.288708627,-0.173202559,-0.451918334,-0.267333448
-0.310038596,-0.0966726243,-0.488750279,-0.148358315
-0.277354717,-0.00524500525,-0.446236104,-0.00622990681
-0.218806818,0.0658398941,-0.356149554,0.110680602
-0.16788207,0.0919121429,-0.274559885,0.15695183
-0.145202577,0.0628798082,-0.236704469,0.109813683
-0.148707047,-0.0175995771,-0.243791446,-0.0223914646
-0.156895578,-0.135155678,-0.255135089,-0.211783797
-0.142783374,-0.267835051,-0.229234859,-0.4127343
-0.0906569511,-0.388962328,-0.143817693,-0.574659109
-0.00648112502,-0.470842242,-0.0197204985,-0.669754267
0.0836132988,-0.490420341,0.104676895,-0.6891011
0.145921394,-0.436471939,0.199478909,-0.632467806
0.156161964,-0.315817028,0.233114094,-0.492285997
0.111969486,-0.154987648,0.181205496,-0.264284462
0.034408167,0.00523197046,0.0589722656,-0.0013244272
-0.0422072522,0.122029029,-0.064829655,0.199360579
-0.0868724659,0.165628672,-0.137885615,0.274101436
-0.0863437578,0.13103117,-0.13964662,0.223951772
-0.0502332598,0.0407588147,-0.0841356814,0.0755317435
-0.00444969255,-0.0636199638,-0.00718110194,-0.100844793
0.0232956875,-0.138449237,0.0363128968,-0.228641689
0.0182225723,-0.156484097,0.0284711253,-0.260700524
-0.0141691417,-0.118702061,-0.0249120127,-0.202312738
-0.0517596975,-0.0537172891,-0.0884684399,-0.0931706131
-0.0683192089,-0.00448657759,-0.11450129,-0.00828029308
-0.0481511578,-0.00789305847,-0.0824303776,-0.00965069886
0.00484561175,-0.0764071792,0.00556142023,-0.122886389
0.0684070885,-0.190507203,0.108488657,-0.30476737
0.112752698,-0.305915117,0.172831863,-0.473237693
0.115436047,-0.372948617,0.169257253,-0.564137459
0.0726197064,-0.359487653,0.105291411,-0.55389303
0.00116298045,-0.266980022,-0.00189374143,-0.433514148
-0.0692969933,-0.131690741,-0.11784143,-0.223133162
-0.110020548,-0.00992969424,-0.184485286,-0.0191359278
-0.1056289,0.0466431491,-0.177266553,0.0825112164
-0.0593598373,0.0147352731,-0.101531841,0.0318645798
0.0108504156,-0.0886661485,0.0157657769,-0.139715597
0.0825741068,-0.211973861,0.130362466,-0.337978601
0.139444187,-0.290258199,0.211842686,-0.455385059
0.176430762,-0.273041189,0.266672552,-0.431858003
0.197632849,-0.146554276,0.307980388,-0.246453762
0.208886191,0.0592443869,0.334828466,0.0810309649
0.210507378,0.281905413,0.326223612,0.418785334
0.19528015,0.451030999,0.283359945,0.629473746
0.153435946,0.515559494,0.218850285,0.697256267
0.0818007961,0.46240291,0.128326952,0.661909282
-0.00882840995,0.319228947,-0.00217249827,0.503011227
-0.0936888903,0.141270563,-0.143820331,0.241488025
-0.143210694,-0.0112615181,-0.23377125,-0.0095447069
-0.137716517,-0.0952505022,-0.230382621,-0.152869761
-0.0801250264,-0.0975489765,-0.139272362,-0.161540121
0.000929212605,-0.0348127298,-0.00563657004,-0.0612610057
0.0608961545,0.0576496273,0.100365594,0.0924276933
0.0587679558,0.141756088,0.099865444,0.228963047
-0.0226117,0.19017069,-0.0271001644,0.308422267
-0.165580198,0.192773402,-0.253868848,0.31024158
-0.322376251,0.155374482,-0.4835985,0.244202018
-0.434459001,0.0933779329,-0.62924695,0.1464995
-0.457969248,0.0244319551,-0.660960376,0.0472424328
-0.383398086,-0.0368193164,-0.582812786,-0.0437768325
-0.239916787,-0.0809099674,-0.3926543,-0.120740265
-0.0820844248,-0.10355597,-0.145310268,-0.167437091
0.0347694978,-0.104990862,0.0527623594,-0.175688818
0.0786295459,-0.0894479007,0.129580706,-0.152923197
0.052832067,-0.0644775033,0.0903076604,-0.111112885
-0.00932824519,-0.0392628796,-0.0128968991,-0.0684318319
-0.0640016124,-0.0216531623,-0.105758145,-0.0362291038
-0.0798154473,-0.0148652056,-0.135174766,-0.0221071132
-0.0526255108,-0.0157114174,-0.0920348242,-0.0236661714
-0.00473385304,-0.0159107186,-0.0111735025,-0.0253774803
0.0303159691,-0.0064481413,0.0486135595,-0.0109872846
0.028614657,0.0170619227,0.0493842363,0.0254294537
-0.00920499861,0.0511436984,-0.0139937131,0.0815159976
-0.0572993308,0.0857252479,-0.0924004167,0.141540334
-0.0786611959,0.109804437,-0.130426541,0.182949513
-0.0463231839,0.118582763,-0.0773492306,0.200052664
0.0398226194,0.117698878,0.0620237179,0.197608113
0.149923131,0.121304125,0.243377939,0.198665932
0.236911014,0.144075006,0.377036631,0.223335564
0.258867592,0.191096619,0.40872705,0.289824128
0.199687228,0.251568228,0.319002688,0.383442342
0.0775835663,0.30097127,0.133511692,0.464767396
-0.0627511665,0.312014222,-0.0859955922,0.487237096
-0.170209959,0.269499093,-0.256864458,0.427286506
-0.209464028,0.181189463,-0.328631341,0.29714793
-0.174593836,0.077875182,-0.286561012,0.137108043
-0.0883381739,0.000999296666,-0.152688295,0.0080943983
0.011317729,-0.0170365646,0.0147954281,-0.0276588257
0.0893801749,0.0299003962,0.145382136,0.0452325977
0.127515078,0.116447799,0.20903495,0.184523523
0.127245232,0.196515381,0.210282728,0.310879588
0.103045478,0.225776121,0.17110543,0.361346692
0.0710746422,0.184925377,0.124404199,0.301753044
0.0408115275,0.0914248228,0.073350206,0.157591224
0.013976573,-0.00738064107,0.0263249148,-0.00871084444
-0.0101462547,-0.0575302355,-0.0183748472,-0.0966827571
-0.0281599555,-0.0270469971,-0.0496795438,-0.048818849
-0.030597724,0.0747164488,-0.0549818017,0.118632466
-0.00701892609,0.197660059,-0.0128851784,0.319240004
0.0446072295,0.272435188,0.0721422136,0.433144331
0.110714726,0.243190855,0.182358459,0.392844617
0.163295165,0.0957687348,0.273192376,0.16440782
0.171007648,-0.132739201,0.281991243,-0.20748353
0.115622334,-0.368274212,0.176072106,-0.55214566
0.00497114332,-0.531491399,0.00367096299,-0.727200508
-0.125792027,-0.571862638,-0.170853198,-0.747961283
-0.227224275,-0.488138825,-0.314071357,-0.664637387
-0.257760614,-0.325970739,-0.391021311,-0.484517276
-0.204214379,-0.154737398,-0.33757931,-0.247927442
-0.0896809921,-0.0355294496,-0.158813238,-0.0569664352
0.0362002589,0.00415105466,0.0554399081,0.0109456461
0.12062297,-0.0223465096,0.199374184,-0.0356146246
0.133184627,-0.0733255446,0.223092735,-0.122046702
0.0805193111,-0.102941021,0.135555208,-0.174426615
0.00211002911,-0.0840091631,0.00396157661,-0.145636246
-0.0509531423,-0.0183679722,-0.0873741657,-0.0343724452
-0.0434748381,0.0687699318,-0.075748302,0.113008007
0.0244392119,0.145391658,0.036839053,0.239178434
0.116474487,0.189979732,0.187673181,0.308222204
0.178564489,0.200160548,0.288681895,0.317388713
0.167401999,0.18918173,0.274788409,0.299721241
0.0742522553,0.173918083,0.133180603,0.281323105
-0.0684632212,0.162566304,-0.101758458,0.264239043
-0.201548234,0.149577036,-0.315733701,0.243224129
-0.267313004,0.120403573,-0.419680536,0.197567567
-0.237510607,0.0624960288,-0.382288963,0.109399505
-0.126861438,-0.0246782545,-0.215807363,-0.0307704229
0.0145005081,-0.126912594,0.0162999574,-0.202670246
0.125593588,-0.221458554,0.195565194,-0.354395628
0.16361028,-0.288224876,0.252333343,-0.450419754
0.122913077,-0.319068938,0.187854201,-0.496819973
0.0349966809,-0.319601089,0.0538918003,-0.503494143
-0.0497208759,-0.302694559,-0.080947727,-0.478094757
-0.0883320495,-0.278142035,-0.145689785,-0.438616812
-0.066464141,-0.245378062,-0.115833536,-0.392412603
-0.00363386865,-0.194317326,-0.0149866445,-0.318263888
0.0589180365,-0.114218906,0.0919057131,-0.194127053
0.0808329582,-0.00517640077,0.133616269,-0.0169102233
0.0437196121,0.115357943,0.0756672248,0.184131414
-0.039820388,0.216180921,-0.0564831644,0.346801519
-0.133122027,0.265442163,-0.200051695,0.419600725
-0.194051325,0.246753514,-0.297109604,0.393051505
-0.195468307,0.169396713,-0.308848798,0.280504137
-0.137503356,0.0663474053,-0.227373436,0.120847352
-0.0463049822,-0.0197780523,-0.081042178,-0.026465971
0.0391535312,-0.0561053939,0.0611471385,-0.0929926634
0.0850920826,-0.0343319848,0.140977204,-0.0607036501
0.0770913363,0.0266474988,0.129609317,0.0369487703
0.0244649742,0.0915183499,0.0450446233,0.147689864
-0.0459282324,0.126802012,-0.0702827349,0.210189685
-0.102380499,0.116830714,-0.164786085,0.196676657
-0.121268287,0.0692531392,-0.198203474,0.120186113
-0.0949428827,0.00793416984,-0.160561606,0.0205126014
-0.0324322581,-0.0418277197,-0.0575559735,-0.0659260899
0.045825284,-0.0667962357,0.0709686726,-0.11102616
0.116004862,-0.0702838674,0.187139586,-0.118325919
0.158383593,-0.0656547174,0.25958091,-0.110971957
0.16225034,-0.0637018308,0.266701311,-0.107967213
0.127687007,-0.0625996813,0.21269834,-0.108264461
0.0645934492,-0.0476233065,0.109736316,-0.0847333819
-0.010441565,-0.00173630251,-0.0158969071,-0.00747846952
-0.0788281411,0.0789916366,-0.129415348,0.127974495
-0.125372201,0.175073236,-0.201320723,0.282683909
-0.142964736,0.246407926,-0.224513069,0.391980201
-0.134756744,0.249181792,-0.209086373,0.400930226
-0.112448484,0.15945448,-0.179968342,0.269713312
-0.0908025578,-0.00895920116,-0.147797063,-0.00290837139
-0.0804682299,-0.203160673,-0.131353676,-0.320585579
-0.082550317,-0.349522144,-0.131037921,-0.532113135
-0.0880339444,-0.384752542,-0.140237018,-0.579941571
-0.0829810947,-0.285502732,-0.140040487,-0.455506265
-0.0572876409,-0.0820075125,-0.104275808,-0.146703884
-0.0124301286,0.151715428,-0.0260673538,0.240983173
0.0364443846,0.327560008,0.0590915047,0.507295489
0.0661433861,0.379810721,0.108730145,0.574836254
0.0567183457,0.29199484,0.0997280478,0.465724319
0.002911004,0.102276646,0.0173929464,0.179515272
-0.0805141553,-0.114316329,-0.126618311,-0.179545537
-0.163179606,-0.277937025,-0.256054819,-0.429650247
-0.211976632,-0.33538112,-0.325394839,-0.50151968
-0.206510276,-0.277456701,-0.328221291,-0.429967731
-0.149380788,-0.136299834,-0.253356099,-0.22592397
-0.0657626987,0.0336451493,-0.118524671,0.0505228974
0.00800950639,0.180297002,0.0123475734,0.292607009
0.0414850041,0.272456586,0.0711562037,0.432332456
0.0243419055,0.305050045,0.0478316657,0.47880435
-0.0293551777,0.291503489,-0.0372863784,0.461436003
-0.0890724435,0.249933243,-0.134477749,0.402740628
-0.123877838,0.191800341,-0.194012687,0.314445347
-0.11846792,0.118824296,-0.193562314,0.201528311
-0.0810018852,0.0283432286,-0.134957716,0.05483317
-0.0388394892,-0.0777221993,-0.0659579337,-0.124228008
-0.0244872477,-0.186889589,-0.041269999,-0.300496846
-0.0589858517,-0.277484655,-0.0946893096,-0.438606352
-0.141100705,-0.327067435,-0.219212428,-0.501809835
-0.247525945,-0.323300064,-0.371878147,-0.482211381
-0.343637794,-0.271057904,-0.506710351,-0.395109296
-0.399139136,-0.191520825,-0.586581588,-0.275364429
-0.400846273,-0.113258019,-0.598817706,-0.163605154
-0.356767118,-0.0595726073,-0.548464298,-0.0839842185
-0.290284157,-0.0383511186,-0.462613285,-0.0522165634
-0.228121355,-0.0394151658,-0.370577514,-0.0575913675
-0.188375235,-0.0406393744,-0.309640259,-0.0625322461
-0.174135432,-0.0198356956,-0.286689758,-0.0307962317
-0.174856991,0.033291012,-0.289046407,0.0552885011
-0.173679098,0.11073032,-0.282926798,0.179245159
-0.15638721,0.188244388,-0.251078188,0.303477854
-0.117715441,0.235006288,-0.186473161,0.377702653
-0.0627500266,0.226583436,-0.0992557406,0.370707244
-0.00387675571,0.155743107,-0.00335443299,0.263318688
0.0444874018,0.0366320498,0.0779888928,0.0681418255
0.0709208176,-0.0992891416,0.119333558,-0.160595477
0.0703177527,-0.21386455,0.112210572,-0.344743133
0.0452436656,-0.275261879,0.0694558546,-0.440770686
0.0056307367,-0.26850602,0.00418802164,-0.432356805
-0.0330768488,-0.199792594,-0.0590351038,-0.330816567
-0.0535715669,-0.0933342502,-0.0931013897,-0.160518587
-0.0421046652,0.0176774878,-0.0742102861,0.0267034117
0.00545653421,0.102321692,0.00740242703,0.169857129
0.0794214234,0.141159266,0.130293459,0.232671052
0.156823233,0.130282998,0.257304937,0.213895172
0.208245605,0.0794166476,0.339901567,0.128846079
0.209466875,0.00579525717,0.346205086,0.00975585263
0.153283134,-0.0728599951,0.257242709,-0.121639118
0.0554761887,-0.143047437,0.0959552824,-0.237605929
-0.0493694395,-0.196338013,-0.0792906433,-0.318583697
-0.121915258,-0.227240965,-0.198687032,-0.361658514
-0.136346698,-0.23072201,-0.22464779,-0.364358157
-0.0940464288,-0.202098474,-0.161525413,-0.32657814
-0.0249602292,-0.140269071,-0.050999172,-0.234004915
0.0255553685,-0.052562844,0.0385923907,-0.0931990445
0.0191897396,0.0424564779,0.0326107554,0.0673801079
-0.0543082319,0.117699407,-0.082612291,0.192839801
-0.168715313,0.146601841,-0.26567027,0.239289194
-0.271182001,0.115446277,-0.420966148,0.190101698
-0.306973904,0.0329067297,-0.479360461,0.0618796088
-0.247651756,-0.0692442358,-0.40177545,-0.0992211252
-0.108463131,-0.146765262,-0.189487413,-0.233681083
0.0548654534,-0.161667883,0.0784697533,-0.26516521
0.16993545,-0.100777023,0.26947251,-0.172974184
0.181619659,0.0154274981,0.298669994,0.012941475
0.0799228847,0.139536098,0.140611947,0.220400304
-0.0923171788,0.217949539,-0.135665581,0.347904563
-0.25666073,0.216560096,-0.387837827,0.342927665
-0.333959103,0.138732657,-0.506814897,0.224208221
-0.280821532,0.0257093236,-0.448469162,0.0547214113
-0.110436022,-0.0621739551,-0.195126802,-0.0920856446
0.112237774,-0.0752105936,0.172981575,-0.123919785
0.298777103,-0.000416311523,0.463429451,-0.00979462732
0.375925273,0.129705325,0.563945472,0.181444988
0.316730231,0.251281738,0.481173396,0.361716479
0.150307626,0.300052077,0.247659534,0.457054496
-0.0532849431,0.244095922,-0.0683107078,0.394197911
-0.214962274,0.101551063,-0.334942102,0.174415588
-0.279974967,-0.0663789064,-0.442237884,-0.0922289416
-0.237757266,-0.184389457,-0.382297069,-0.281138659
-0.120650277,-0.199809879,-0.20661369,-0.32066384
0.0157580283,-0.108508036,0.0156476684,-0.18395786
0.119761504,0.0434110686,0.192756608,0.0619432963
0.16495043,0.183139682,0.266741961,0.287721276
0.15691556,0.247858509,0.255204111,0.38901028
0.124237984,0.215591162,0.208258346,0.348007619
0.100304104,0.11427816,0.171447009,0.19343558
0.105972774,0.00465182634,0.179002821,0.0113308011
0.141327187,-0.0535809137,0.229891494,-0.0888147056
0.189183652,-0.0338769369,0.304243922,-0.0609777831
0.226898849,0.0440314412,0.363379121,0.0623129643
0.239402592,0.126965776,0.383993208,0.195426285
0.226725027,0.159745887,0.366133988,0.25053069
0.202875972,0.117626421,0.332464099,0.189423352
0.187558964,0.0214394126,0.310654521,0.0368645303
0.195472792,-0.0733922869,0.317183405,-0.119064376
0.228519753,-0.108309112,0.362349272,-0.178984925
0.274283081,-0.056257803,0.430067509,-0.0993651226
0.310994804,0.0600225665,0.483264506,0.0824405402
0.31650129,0.177093267,0.48772195,0.259407341
0.277486026,0.223456785,0.432873517,0.336827725
0.195562214,0.158754349,0.322646618,0.255599201
0.0882403702,-0.00169753679,0.157053739,0.00221448555
-0.0155202569,-0.191033944,-0.0206394717,-0.304966182
-0.0839465857,-0.322647631,-0.134330124,-0.497980982
-0.0928783119,-0.333865047,-0.152487665,-0.515815377
-0.0348610207,-0.21897614,-0.0683915913,-0.360158265
0.0763057694,-0.0342037976,0.115939818,-0.0654026419
0.207885563,0.128473014,0.328385562,0.19973366
0.317683697,0.185681,0.486452639,0.279991418
0.368226498,0.102889724,0.562258482,0.156507716
0.34073025,-0.0895705894,0.531767726,-0.135011971
0.243127555,-0.312282681,0.370156378,-0.468070596
0.108086608,-0.475688517,0.151417896,-0.676276445
-0.0191481952,-0.522177637,-0.0322277471,-0.722259521
-0.0986831784,-0.450423211,-0.150012568,-0.651823401
-0.112188734,-0.310878217,-0.18389073,-0.485673845
-0.0701219365,-0.176389411,-0.125283465,-0.29164204
-0.00642419327,-0.104201645,-0.0152218668,-0.173015952
0.0371249467,-0.10899391,0.0613034554,-0.177057058
0.0297790579,-0.159726158,0.0497905426,-0.260579407
-0.0348082036,-0.200093657,-0.0567362495,-0.326026529
-0.136778384,-0.180368289,-0.220884532,-0.295707136
-0.240187287,-0.0835188925,-0.385973305,-0.138039082
-0.309585452,0.0672085136,-0.485459119,0.103424929
-0.324677438,0.221511289,-0.48948434,0.333675385
-0.286177307,0.327487856,-0.418432176,0.485487998
-0.211026013,0.35536626,-0.310412049,0.533864498
-0.120919704,0.307915121,-0.18392472,0.485437661
-0.0313939303,0.214115575,-0.0470284671,0.35482505
0.0522929989,0.111711688,0.0892082602,0.19084844
0.130882695,0.0292327069,0.215113163,0.0511312522
0.202364385,-0.02324754,0.326871604,-0.0388070792
0.255706221,-0.0515331142,0.407353133,-0.0870556235
0.272646427,-0.0668605044,0.432720631,-0.11123085
0.237964109,-0.0753418505,0.384578198,-0.127894863
0.152696386,-0.0738268495,0.254173487,-0.127563968
0.0416796543,-0.0537568852,0.0732064098,-0.0952654406
-0.0512263514,-0.00928291772,-0.0841872394,-0.0196798053
-0.0804710612,0.0564451776,-0.136559531,0.0938481018
-0.0214518216,0.131127656,-0.0403847247,0.217712194
0.11309851,0.199148223,0.178521201,0.321523041
0.272831917,0.249163404,0.41347307,0.37687391
0.388103515,0.278200328,0.555829942,0.390103817
0.399878591,0.289631337,0.569933832,0.399638444
0.287561506,0.286816925,0.439717889,0.419629514
0.0810307041,0.267420024,0.144520864,0.418462366
-0.149835408,0.223153412,-0.223335087,0.357290715
-0.324086249,0.146042198,-0.488797456,0.231474385
-0.383886009,0.0374938324,-0.577972114,0.0688885897
-0.317988575,-0.0862309784,-0.498115271,-0.120175213
-0.163661525,-0.197125971,-0.273649871,-0.303146154
0.0132534048,-0.267082393,0.00823026337,-0.422423333
0.14984782,-0.282321632,0.223974198,-0.443810105
0.213606,-0.252111077,0.326558053,-0.398960352
0.212793529,-0.205527499,0.332613289,-0.331604868
0.185800582,-0.176471993,0.296071887,-0.287456632
0.176209584,-0.184234485,0.278665483,-0.297226071
0.207264543,-0.220429257,0.320413768,-0.347774595
0.269064993,-0.250626564,0.40360108,-0.385739356
0.324614167,-0.231409401,0.481138289,-0.353559166
0.330771774,-0.134862304,0.503393471,-0.218924284
0.262523323,0.032438729,0.420512587,0.0352608338
0.0567366518,-0.177302033,0.114449397,-0.275575459
0.0170470644,-0.109110266,0.0156107666,-0.192656085
-0.0409493893,-0.0511752702,-0.0672667101,-0.087403737
-0.105175488,-0.0178697184,-0.17233564,-0.0305487029
-0.156160399,-0.0107448585,-0.257331461,-0.0142216422
-0.17680946,-0.0232188515,-0.291130066,-0.0340328887
-0.162098289,-0.0480330177,-0.269772381,-0.0729322061
-0.122930042,-0.0820255429,-0.208055034,-0.131138831
-0.0813553333,-0.125206724,-0.137708291,-0.203484163
-0.0591355786,-0.17539756,-0.0988691449,-0.283300966
-0.0655821562,-0.223002076,-0.108266741,-0.357944489
-0.0914230868,-0.25066188,-0.148952603,-0.399352759
-0.112513416,-0.239423931,-0.185352728,-0.382230073
-0.10199216,-0.178589284,-0.172996432,-0.294129997
-0.0448180549,-0.0734630674,-0.0832481757,-0.125931725
0.0529018492,0.0542071871,0.0799675658,0.0859689191
0.164819688,0.174378261,0.263759792,0.276179641
0.255209863,0.261668682,0.392482251,0.394478112
0.294319957,0.306252211,0.440301597,0.447508216
0.270508379,0.316655487,0.409084588,0.463230371
0.193395615,0.312886298,0.304444849,0.470963776
0.0872275308,0.313862801,0.146337539,0.483018011
-0.0211441405,0.326459229,-0.022229217,0.505461633
-0.112736814,0.342565715,-0.163861975,0.525809765
-0.179963648,0.345799983,-0.262693226,0.523429453
-0.222392797,0.323660523,-0.327577889,0.490707994
-0.238809481,0.277460933,-0.357663959,0.430403203
-0.22190243,0.223504096,-0.342548907,0.356988907
-0.160118252,0.184130043,-0.257094145,0.301879585
-0.0464244261,0.17353867,-0.0802696049,0.28833285
0.111236505,0.186908081,0.175877124,0.30398199
0.285051674,0.199984878,0.436059505,0.306426913
0.432882965,0.18056643,0.62191695,0.254399538
0.513445556,0.106314115,0.708046019,0.141704917
0.504430294,-0.0208131671,0.705713868,-0.0329706408
0.414244622,-0.171968088,0.606828392,-0.252291203
0.280448407,-0.302954704,0.420484841,-0.453239024
0.154416189,-0.374426335,0.227450311,-0.563784063
0.078937836,-0.370286107,0.113068223,-0.564756036
0.0694835633,-0.304537475,0.0996994376,-0.480456769
0.108381405,-0.212958857,0.165857285,-0.34850508
0.154793456,-0.134190232,0.247005239,-0.223671451
0.165403724,-0.0905396044,0.270069569,-0.153082356
0.115358822,-0.0788260326,0.193492919,-0.134114146
0.00909786113,-0.0758506358,0.0192662161,-0.13078402
-0.123791017,-0.0548493117,-0.201502055,-0.0941675678
-0.244620472,-0.00318140048,-0.392975628,-0.00590795418
-0.324418783,0.0690128878,-0.503211975,0.110095836
-0.35539493,0.134129182,-0.53796494,0.208654836
-0.349505544,0.163224354,-0.525696158,0.252403766
-0.32606554,0.14353472,-0.49918884,0.230023012
-0.296549529,0.0871471465,-0.461457133,0.146468148
-0.256171197,0.0256381109,-0.410001844,0.0489500798
-0.187692627,-0.00648481632,-0.312209547,-0.00514759216
-0.075532876,0.00967848673,-0.133994654,0.0175976902
0.0782051757,0.0672249794,0.122311436,0.111772038
0.245958939,0.137154207,0.385685802,0.213246703
0.381292433,0.183680251,0.563633919,0.265152246
0.438114643,0.182440385,0.629594982,0.254498541
0.393409967,0.131568372,0.590275943,0.189886704
0.261547476,0.0500347503,0.427316755,0.0759652033
0.0917508081,-0.0348335057,0.162422657,-0.0603465065
-0.0514583439,-0.102597609,-0.0809145495,-0.170192152
-0.116276868,-0.148470312,-0.193233013,-0.240707144
-0.0868258029,-0.180743694,-0.149141401,-0.290410191
0.00982851628,-0.209298477,0.00593856489,-0.337988377
0.116544686,-0.233335137,0.17812483,-0.373817116
0.172942072,-0.237115979,0.268182069,-0.378829837
0.143501192,-0.197585344,0.229845822,-0.325684935
0.0336817652,-0.10011778,0.0579528995,-0.177076638
-0.113281704,0.0470687933,-0.182718232,0.0679501519
-0.236886427,0.20949778,-0.366509795,0.326761037
-0.286989391,0.337936491,-0.415861189,0.496798068
-0.245366588,0.390163511,-0.350753337,0.568889558
-0.131452382,0.351878107,-0.197117805,0.542714059
0.00950629916,0.245179877,0.0170151442,0.40458259
0.129174396,0.119191684,0.21221672,0.201154664
0.198190704,0.0269210804,0.325869828,0.0430415794
0.217006698,8.59497377e-05,0.352384955,-0.00711156661
0.210986212,0.0350171253,0.343897343,0.0490727946
0.213189974,0.0969608128,0.342668027,0.149147645
0.244173691,0.140229836,0.387884259,0.218594298
0.299235761,0.133128032,0.466024935,0.20573999
0.349537194,0.0741338357,0.537861705,0.111514352
0.356515408,-0.00915946532,0.549755692,-0.0175577328
0.292478502,-0.0771927759,0.464694858,-0.128369808
0.157274723,-0.101629764,0.262481958,-0.175389066
-0.0172264185,-0.0813705549,-0.0219956916,-0.143983945
-0.177428246,-0.0424699932,-0.286515743,-0.0710154176
-0.268857688,-0.0223089717,-0.428239465,-0.0320932604
-0.258531094,-0.0473317578,-0.417018741,-0.0666331276
-0.149058044,-0.117245071,-0.251208603,-0.179657802
0.021712875,-0.204779908,0.023117194,-0.325094074
0.195464268,-0.271149427,0.292675018,-0.420331389
0.316406786,-0.288330555,0.458072364,-0.429400176
0.352880329,-0.255385548,0.511526227,-0.383733422
0.308625072,-0.199430555,0.470744431,-0.314052641
0.219232947,-0.160594046,0.35056749,-0.261757284
0.135566533,-0.169397071,0.221678197,-0.277071804
0.101376452,-0.229267374,0.1602211,-0.365518242
0.1346775,-0.313970059,0.201529324,-0.483766347
0.220696583,-0.381314069,0.313009351,-0.557662427
0.319147259,-0.395394772,0.432738632,-0.555881202
0.382390052,-0.345012516,0.520520449,-0.486449271
0.376377165,-0.248311415,0.54056257,-0.37106511
0.295183778,-0.141631916,0.460186362,-0.232381105
0.162883788,-0.0594462007,0.272424817,-0.107560329
0.0222305078,-0.0169751775,0.042511709,-0.0325763002
-0.084492147,-0.00506093679,-0.138924986,-0.00723972823
-0.133649498,0.00059015234,-0.221304685,0.00393847656
-0.129274696,0.022129342,-0.215483665,0.0391623564
-0.0991001874,0.0650788918,-0.166619301,0.10907837
-0.0798617378,0.115420669,-0.130098283,0.191311315
-0.099079445,0.149759248,-0.158572793,0.24609825
-0.161989108,0.151918888,-0.255848229,0.249960646
-0.249624133,0.125236854,-0.389464945,0.204522938
-0.328562617,0.0922801495,-0.50269264,0.149479106
-0.367254436,0.0813679472,-0.555967271,0.130136266
-0.350858599,0.107622042,-0.537749529,0.16873236
-0.287562609,0.160263404,-0.448916733,0.252108663
-0.203804761,0.204928488,-0.323085487,0.329001576
-0.131364465,0.201322928,-0.210355908,0.331011683
-0.0931006223,0.127297834,-0.149779499,0.217774466
-0.0943325832,-0.00419567758,-0.153300852,0.00240828283
-0.123501748,-0.145903096,-0.200314417,-0.231956437
-0.160715282,-0.236258954,-0.25645107,-0.370731354
-0.188781559,-0.229443774,-0.303024769,-0.362876952
-0.200496316,-0.120247595,-0.330063492,-0.198068112
-0.198578283,0.0496445708,-0.327453315,0.0739715621
-0.189212114,0.208213538,-0.300180793,0.32873854
-0.174015984,0.285134554,-0.265317291,0.446822107
-0.146191522,0.243863285,-0.226574659,0.395047694
-0.0940560773,0.0981994644,-0.152277425,0.175481692
-0.0105078332,-0.094487749,-0.0196133591,-0.145999596
0.0971162021,-0.259598374,0.147573695,-0.407619417
0.203421682,-0.338049263,0.296306163,-0.510927916
0.271447152,-0.309821039,0.394537657,-0.470432878
0.267781675,-0.198110059,0.410591513,-0.318199217
0.179681897,-0.0539995469,0.295480818,-0.101207152
0.02547618,0.0690758601,0.0511656776,0.106180727
-0.14809528,0.137890324,-0.231219694,0.223151684
-0.282044381,0.148904666,-0.43347466,0.23853609
-0.328592986,0.122361071,-0.503763795,0.196418926
-0.271657288,0.0866869614,-0.433057457,0.146879762
-0.134795472,0.0628624186,-0.230143949,0.111728162
0.0276112705,0.0567130856,0.0394554473,0.0972728655
0.152630448,0.0613717064,0.24843663,0.0993272513
0.194979221,0.0660930946,0.319941849,0.102569513
0.145706892,0.0646836683,0.247926682,0.102046773
0.0351986215,0.0583171509,0.0684097111,0.0944609493
-0.080690898,0.0520094857,-0.127707228,0.0859715194
-0.145139217,0.0484172888,-0.238880068,0.0830230862
-0.124749742,0.0441365913,-0.211445659,0.0763636529
-0.0234434344,0.0315462835,-0.0457104668,0.0572111011
0.119667485,0.00506298337,0.191376761,0.0113862483
0.246890247,-0.0326916724,0.394016802,-0.0538591743
0.305493474,-0.0695965216,0.478472292,-0.112577073
0.268193156,-0.089360483,0.428466946,-0.148594767
0.142547756,-0.0808009356,0.239963919,-0.140744686
-0.0336097889,-0.0454515703,-0.0494724698,-0.0830575898
-0.207680479,0.00157931738,-0.333121717,0.000140814562
-0.331662685,0.0387184471,-0.513289869,0.0664445609
-0.377575904,0.049326539,-0.57153964,0.0830812603
-0.343707681,0.0308107752,-0.533885777,0.0578121915
-0.250793219,-0.00410743011,-0.408115715,0.00205204287
-0.131306589,-0.0350303911,-0.22397612,-0.0517499037
-0.0171596948,-0.0461178645,-0.0348973311,-0.0745158494
0.0693266168,-0.035619121,0.113256313,-0.0611452572
0.118692197,-0.0167432036,0.194707111,-0.0299594589
0.132305086,-0.00895823538,0.22103931,-0.017478602
0.117576666,-0.0246795416,0.197203964,-0.0418978184
0.0834112689,-0.0594671629,0.141062543,-0.100636154
0.0377704911,-0.0922465771,0.0644109696,-0.153939337
-0.01256222,-0.0963961929,-0.0211128406,-0.163177073
-0.0613261536,-0.0559793785,-0.104096033,-0.0965170786
-0.10280636,0.0222022384,-0.171600044,0.0343776569
-0.13320604,0.108390436,-0.218652189,0.177347034
-0.152644977,0.162876561,-0.24443987,0.2671296
-0.166119412,0.156131715,-0.264272481,0.257578284
-0.18195866,0.0854819417,-0.292965144,0.147790074
-0.207664073,-0.0210265201,-0.334213614,-0.0244778395
-0.244798854,-0.116441175,-0.389433742,-0.178714201
-0.28573221,-0.156936765,-0.44514823,-0.240523145
-0.314688891,-0.122980766,-0.490458369,-0.189164311
-0.313644439,-0.0287635475,-0.494279176,-0.0440469421
-0.270979255,0.0849363804,-0.433069915,0.137125149
-0.188858107,0.170653239,-0.30599317,0.278110147
-0.0852549598,0.196543768,-0.138430074,0.32569623
0.0112775322,0.159778848,0.0202116277,0.268724114
0.0724654496,0.0847469866,0.124616213,0.145162493
0.0820442364,0.00802580081,0.141531587,0.0149338339
0.0426415391,-0.0410738438,0.0751526803,-0.0715558678
-0.0259347074,-0.0537990145,-0.0424834751,-0.0932633951
-0.0965815634,-0.042564217,-0.158657148,-0.0723090023
-0.14821665,-0.0298192743,-0.244365796,-0.0470016673
-0.175648808,-0.0326539762,-0.289141417,-0.0500516295
-0.190563992,-0.0525712334,-0.311901093,-0.0805480108
-0.212727621,-0.0762625709,-0.344967097,-0.118851468
-0.255916536,-0.0863081515,-0.408541679,-0.134169564
-0.316437781,-0.074613221,-0.492221475,-0.113526054
-0.371299803,-0.0496907458,-0.563815176,-0.0712811053
-0.388223797,-0.0326234549,-0.585804343,-0.0406095535
-0.343073756,-0.0435246825,-0.531292319,-0.0581605546
-0.235504419,-0.0864614993,-0.384772211,-0.128597409
-0.0935631245,-0.142412066,-0.162768587,-0.225953147
0.0368401594,-0.175764486,0.0513748936,-0.28619647
0.113626473,-0.152245104,0.180678919,-0.254836559
0.120723821,-0.0592301525,0.196093142,-0.108035497
0.0785558522,0.0828490481,0.13068144,0.127048627
0.0357743353,0.225340918,0.0610876344,0.359433264
0.0447007343,0.311514109,0.0738739967,0.488139451
0.132104099,0.302815199,0.206079334,0.475568235
0.28068468,0.198265076,0.432732284,0.311583817
0.432412654,0.0368635021,0.634173095,0.0562315136
0.514250636,-0.118944988,0.706407905,-0.168213472
0.474918962,-0.211284295,0.655340672,-0.29886499
0.314480603,-0.213045821,0.479009718,-0.333735138
0.0906751826,-0.13969703,0.154272228,-0.242904022
-0.103346951,-0.0410427153,-0.168204099,-0.0752261728
-0.180965483,0.0230538137,-0.299289435,0.0407700501
-0.104155578,0.0113487924,-0.180651143,0.0285641346
0.0951510668,-0.0792775303,0.147097468,-0.12099909
0.326034307,-0.212494135,0.481557816,-0.315892875
0.478048503,-0.32967186,0.621377766,-0.437120795
0.471236199,-0.377225846,0.60053581,-0.491186917
0.293143928,-0.331384748,0.428072274,-0.493591905
0.00519079017,-0.209153116,0.0180425607,-0.35566771
-0.284640104,-0.0607863739,-0.444316953,-0.104902394
-0.469708472,0.0525240898,-0.671575904,0.0811650082
-0.490543425,0.0856631771,-0.689138353,0.13191618
-0.357508421,0.0294671282,-0.551131964,0.0594620481
-0.141006395,-0.0849850103,-0.242158592,-0.12410295
0.0642247722,-0.199315131,0.0933533981,-0.31713289
0.182272926,-0.252468795,0.280941904,-0.399661541
0.185995981,-0.206772581,0.293160945,-0.339372009
0.101140082,-0.0647399426,0.16897954,-0.12253762
-0.0143092209,0.130265668,-0.0201400295,0.204692736
-0.102501497,0.309974372,-0.153843448,0.477564514
-0.132470593,0.407654315,-0.188817143,0.602663696
-0.108868562,0.384725392,-0.156679258,0.583867967
-0.061136879,0.246936172,-0.091697447,0.405821949
-0.0220171623,0.0433658436,-0.0304858889,0.0840298757
-0.00877763797,-0.151827276,-0.0125370789,-0.243879676
-0.0171421319,-0.268028051,-0.0301359501,-0.42756924
-0.029286325,-0.265795231,-0.0534787737,-0.430326551
-0.0288016945,-0.152139515,-0.0558703952,-0.258316427
-0.0121423062,0.0231255628,-0.0261180941,0.0295882542
0.0106056035,0.188696593,0.0159293953,0.303709358
0.0252160132,0.2818304,0.0451510102,0.446458846
0.0257607047,0.274154991,0.0486647859,0.440933585
0.0207946971,0.181892157,0.0416968241,0.304254174
0.0283650886,0.0560184829,0.0515093021,0.100530714
0.0625957996,-0.042928163,0.103224896,-0.0689989552
0.120744571,-0.073462531,0.194629639,-0.124502465
0.180158123,-0.031546589,0.289309233,-0.0581645221
0.208810255,0.0500025973,0.339300334,0.0717624202
0.184394121,0.120565385,0.304138243,0.188713253
0.110626251,0.139473662,0.191314206,0.225372329
0.0197281856,0.0981898978,0.0407691076,0.164625213
-0.0426164605,0.025282776,-0.0670585856,0.047491312
-0.043074511,-0.0287390687,-0.0747034922,-0.04516818
0.0169782136,-0.0192254037,0.0220595803,-0.0326223485
0.0964635685,0.0665525794,0.155132815,0.104181305
0.132266328,0.199033007,0.214475229,0.311061472
0.0722657591,0.317952961,0.124522105,0.487775981
-0.0931338146,0.36095649,-0.125,0.54753983
-0.318672687,0.295276225,-0.448212117,0.438438535
-0.519775569,0.136460274,-0.69534111,0.201093197
-0.610137701,-0.0558002964,-0.771887183,-0.05384304
-0.543287158,-0.203403726,-0.717054725,-0.252534032
-0.336901397,-0.244998962,-0.510370493,-0.353187025
-0.0667379647,-0.163659856,-0.130045399,-0.266670227
0.167594656,0.00616685767,0.26110512,0.000952207367
0.28819567,0.195418239,0.445113093,0.288678527
0.272927582,0.332256407,0.411715835,0.478157848
0.161079884,0.373317271,0.254476726,0.552087188
0.0285792686,0.319636554,0.0596622527,0.500487328
-0.0534852855,0.210763082,-0.0785742179,0.348706156
-0.0548724309,0.101668216,-0.0900237784,0.176607311
0.00191782217,0.0352489799,7.55695073e-05,0.063639015
0.0591411628,0.0244413614,0.0967065841,0.0393255763
0.0600482672,0.0519289933,0.101593897,0.0816877335
-0.0166157968,0.0856640711,-0.020333901,0.138331607
-0.142858446,0.100234903,-0.22628364,0.162956998
-0.255666465,0.0917585269,-0.401596874,0.150415629
-0.290991962,0.0783944055,-0.459146827,0.130403683
-0.218649223,0.0870443434,-0.358900428,0.146889687
-0.0591761172,0.134541199,-0.105628654,0.225645751
0.12605238,0.21445176,0.196493372,0.343149394
0.265476465,0.297183633,0.400811553,0.440233648
0.311821491,0.343508065,0.455842108,0.486002356
0.262111753,0.324181467,0.398848414,0.474221379
0.15367952,0.235120654,0.255474955,0.372963279
0.0401978157,0.100168496,0.0775185525,0.172085643
-0.0375486873,-0.0397302434,-0.0597639419,-0.061340075
-0.069536902,-0.144969434,-0.116023958,-0.235062405
-0.0740199015,-0.193707645,-0.126244411,-0.313827902
-0.0781135783,-0.188286275,-0.132617071,-0.306363046
-0.094794035,-0.149418473,-0.158068702,-0.246669561
-0.111309215,-0.102490462,-0.186536759,-0.170051038
-0.0966087878,-0.0640764758,-0.164948449,-0.10464745
-0.0234243758,-0.035863135,-0.0461445041,-0.0580860041
0.108762369,-0.0084149735,0.173358053,-0.0145670967
0.264811784,0.0285299327,0.416000783,0.0425035581
0.386173874,0.0760143921,0.579231143,0.106788896
0.418972969,0.122249089,0.617454886,0.168538451
0.342848092,0.147533596,0.528892159,0.216088086
0.184142217,0.134751737,0.309268177,0.212091804
0.00514261751,0.0793515295,0.019534681,0.132445708
-0.125806689,-0.00681970594,-0.205069587,-0.00583272101
-0.167737082,-0.0998633876,-0.27661249,-0.153802007
-0.126174584,-0.173875943,-0.212949783,-0.276183993
-0.0477010347,-0.211341754,-0.0862848982,-0.341319531
0.00695061125,-0.208793938,0.00484726625,-0.340715706
-0.00349308341,-0.17567277,-0.00802226737,-0.292992264
-0.0788110122,-0.128118381,-0.128177717,-0.216458932
-0.178564087,-0.0817908272,-0.290535092,-0.133532658
-0.245499551,-0.0475000851,-0.394046485,-0.0728415549
-0.237813383,-0.0309238918,-0.385754585,-0.0436680689
-0.152413502,-0.0347758792,-0.258166522,-0.0498515032
-0.0266474988,-0.0603870787,-0.0505696647,-0.0947798118
0.0819445327,-0.106639318,0.13274616,-0.173530817
0.126253292,-0.166799814,0.205328003,-0.271806866
0.09367273,-0.22619532,0.152596697,-0.365412652
0.0108391857,-0.26404655,0.019430697,-0.424004406
-0.0727133229,-0.260619521,-0.118101701,-0.417422056
-0.112153746,-0.207271293,-0.186673835,-0.336756021
-0.0907023102,-0.114178382,-0.157024503,-0.191469774
-0.0263550207,-0.0105020972,-0.0506909937,-0.0194968134
0.0405652113,0.065048337,0.0652075335,0.107812159
0.0708803833,0.080282636,0.120759971,0.134349003
0.0473805703,0.0251124576,0.0863408148,0.0441431329
-0.0181721784,-0.0812724978,-0.0247101318,-0.131534204
-0.0943812951,-0.196213305,-0.15218915,-0.314000815
-0.148949087,-0.270856887,-0.237005681,-0.421031207
-0.165127128,-0.271533579,-0.265503287,-0.422971934
-0.14671582,-0.195342869,-0.243341237,-0.314784974
-0.110290073,-0.072328195,-0.189173788,-0.123081841
-0.0714467615,0.0472347811,-0.123798408,0.0775085166
-0.0351967514,0.11484915,-0.0576452725,0.190935805
0.00282392814,0.105021469,0.00555863604,0.178780481
0.0455674566,0.0259301402,0.0787393302,0.0485778674
0.0826795176,-0.0852421299,0.136708811,-0.137093082
0.0876611993,-0.179872647,0.141987994,-0.292136252
0.0289698038,-0.219984889,0.0474367552,-0.360930324
-0.109356053,-0.194644839,-0.173978269,-0.32120946
-0.309542179,-0.123465873,-0.477964908,-0.195013642
-0.517174065,-0.0462634079,-0.711551845,-0.0597292483
-0.659059882,-0.00427603023,-0.79729414,0.00465777982
-0.675675452,-0.0218749177,-0.801008642,-0.0125911012
-0.552461326,-0.0968533829,-0.737399936,-0.114023216
-0.332725435,-0.202910319,-0.512517154,-0.288923502
-0.103041172,-0.302177638,-0.17537275,-0.461502671
0.0440000109,-0.361373127,0.0574023798,-0.552627504
0.0524077713,-0.364223629,0.07773792,-0.558120847
-0.0704035461,-0.315301239,-0.107439786,-0.497809857
-0.256661564,-0.234826297,-0.391713709,-0.366086692
-0.410344392,-0.148060158,-0.602020681,-0.215052456
-0.45275721,-0.0747909173,-0.656703353,-0.100712173
-0.359051406,-0.0235082116,-0.555825949,-0.0269937366
-0.167849392,0.00804581493,-0.286966443,0.0204012282
0.0400060564,0.0275371801,0.0574180409,0.0501754284
0.181879759,0.0415363982,0.295173407,0.066222474
0.212006703,0.0514606386,0.348541975,0.0779267475
0.139342085,0.0537792183,0.236580059,0.0821165517
0.0172365662,0.0438195691,0.0365988202,0.069900386
-0.0875002742,0.0206364058,-0.140462056,0.0355449654
-0.128502518,-0.0100050541,-0.214239687,-0.0129836993
-0.098988317,-0.0363639854,-0.169317991,-0.0557917766
-0.0278361794,-0.0450314097,-0.0524075516,-0.072521694
0.0424597561,-0.0268385559,0.067430906,-0.0464249663
0.081495516,0.0184236318,0.135316327,0.0251448564
0.0851997882,0.0807480291,0.143357426,0.130339906
0.071569182,0.142844647,0.120693281,0.230771318
0.0625697225,0.186152264,0.105585374,0.301048815
0.0651926771,0.197508559,0.109733678,0.320353508
0.0647095665,0.173820868,0.110300615,0.285844147
0.035086453,0.122961171,0.0650661811,0.206096202
-0.0397479795,0.060680896,-0.0593468696,0.103329949
-0.147666395,0.0049096169,-0.237475932,0.00999830663
-0.246189192,-0.0302813612,-0.393557131,-0.0453477614
-0.280422658,-0.0388343632,-0.44707948,-0.055891972
-0.212948501,-0.0236982424,-0.354875684,-0.0337009132
-0.0493602417,0.00529079791,-0.094018057,0.0131343398
0.156025797,0.0354604088,0.248554647,0.0587016344
0.319939524,0.055621393,0.494911015,0.08244811
0.367402643,0.0592482612,0.563973129,0.0818934962
0.268419683,0.0458505005,0.4376041,0.0647967085
0.0553402752,0.0206323769,0.105578907,0.0284666754
-0.188679546,-0.00703258533,-0.297566026,-0.0115150781
-0.365281314,-0.0257954393,-0.556188703,-0.0336089693
-0.403692544,-0.0249193422,-0.608068407,-0.0298386626
-0.290422767,0.00287861447,-0.469318956,0.0116707198
-0.0724662691,0.0586631931,-0.133792251,0.101670615
0.166063413,0.135363653,0.261291116,0.218148932
0.341248602,0.217785671,0.509893835,0.31760937
0.40240556,0.285401434,0.571448147,0.3917301
0.346496284,0.317826837,0.505059004,0.445772886
0.210195869,0.301549494,0.332354903,0.454061866
0.0471739061,0.235408291,0.0906004906,0.378965408
-0.0958961099,0.132264003,-0.147668615,0.223176897
-0.193021759,0.0155463293,-0.311882198,0.0333920196
-0.238526538,-0.0884734169,-0.383405894,-0.133625075
-0.237505957,-0.159746185,-0.379945129,-0.245167643
-0.196289867,-0.191011205,-0.31867829,-0.298019707
-0.12000072,-0.188950717,-0.203837603,-0.305593342
-0.0177287161,-0.169466168,-0.0385228656,-0.278147876
0.0905996263,-0.149426371,0.142023802,-0.246228293
0.173559889,-0.138965279,0.276670307,-0.227989569
0.197799236,-0.138067335,0.318876892,-0.226383686
0.144550517,-0.138863221,0.238191128,-0.23134543
0.0238034762,-0.131963521,0.0434528776,-0.224298075
-0.123705603,-0.112973429,-0.200233877,-0.187682196
-0.240704805,-0.0853197649,-0.38554275,-0.134924859
-0.278643787,-0.057757508,-0.446238101,-0.0871571675
-0.221629545,-0.0381869934,-0.364992231,-0.0547525287
-0.0959399194,-0.0278092735,-0.16892691,-0.040321257
0.0412526689,-0.0196837168,0.0619227774,-0.0307761058
0.129428744,-0.00323977694,0.213193074,-0.00671130046
0.134892136,0.0274382848,0.225608975,0.0387762003
0.0677639246,0.0665166453,0.11979197,0.104183212
-0.0236270726,0.0955026522,-0.0328492559,0.157605901
-0.0786339566,0.0904746875,-0.12755844,0.152405426
-0.0572363548,0.0347574465,-0.0959523171,0.066837661
0.0372954533,-0.0693400577,0.0573728792,-0.106944442
0.158289015,-0.196575999,0.247799769,-0.310214847
0.23869203,-0.306092024,0.354281753,-0.464808404
0.225643262,-0.357755035,0.3312217,-0.533244252
0.108824827,-0.330195159,0.16677998,-0.517472565
-0.0720784143,-0.231599748,-0.114731863,-0.383144438
-0.244761527,-0.0973441005,-0.389718503,-0.160084695
-0.337780356,0.0251235832,-0.523922086,0.0408116654
-0.313363314,0.0972564071,-0.491603523,0.159824014
-0.183501154,0.106180131,-0.304476649,0.182351246
-0.00212138402,0.0691089332,-0.0110307271,0.124012053
0.161670417,0.023381535,0.26283595,0.0394422524
0.255196661,0.00729992799,0.409287751,0.00530865742
0.263080031,0.0414696336,0.420928568,0.0562450103
0.208284095,0.119801827,0.339975476,0.181361929
0.134880483,0.214079678,0.220948383,0.336124986
0.0831568241,0.288882077,0.137806386,0.451610476
0.0705425814,0.318533421,0.114402011,0.497712702
0.0874524638,0.297303617,0.142561734,0.467479646
0.108374335,0.23838912,0.179155067,0.383198589
0.110346742,0.163698092,0.186159223,0.269415259
0.0877059922,0.0914027542,0.151940301,0.151154965
0.0550220683,0.0288404934,0.0950135291,0.0479103439
0.0373744518,-0.0255831759,0.0624893233,-0.0421007723
0.0543030351,-0.0738584474,0.0870464891,-0.12107183
0.10697373,-0.109992735,0.172055379,-0.181566045
0.175820991,-0.118636832,0.279471546,-0.197150305
0.229763106,-0.083088249,0.366617143,-0.140838936
0.241653293,0.00135390752,0.389104635,-0.00793651212
0.201473281,0.117110498,0.329536974,0.177157402
0.120427214,0.225021854,0.200577751,0.352655649
0.0243605692,0.278333843,0.0483291559,0.440140277
-0.0592836104,0.244524568,-0.0866871923,0.397282809
-0.113628119,0.124029405,-0.178750977,0.213767976
-0.137357265,-0.0448722132,-0.223638594,-0.0627314299
-0.140646979,-0.19943139,-0.229678139,-0.312751919
-0.135246873,-0.27911675,-0.218159586,-0.434258878
-0.12494605,-0.253209233,-0.206050575,-0.403500557
-0.102065332,-0.135571137,-0.17562449,-0.227546617
-0.0519735254,0.0212875698,-0.0918015763,0.030829275
0.0369304866,0.150491327,0.0568146408,0.246136367
0.163309827,0.201745972,0.259500027,0.323830307
0.308534086,0.163790569,0.475518495,0.254137635
0.440476656,0.0674885511,0.642733455,0.0975968838
0.524027944,-0.0314332955,0.719291508,-0.0477854684
0.533776581,-0.0807118267,0.723342776,-0.117641151
0.46353659,-0.0563594662,0.664265811,-0.0935838744
0.329061508,0.0282310899,0.515343249,0.0297267716
0.163321197,0.132435933,0.273770422,0.204167783
0.00657889573,0.21119374,0.0199225117,0.33935219
-0.104973257,0.237627164,-0.16044955,0.383033574
-0.148413599,0.213607997,-0.234294385,0.34729895
-0.118855745,0.163689673,-0.194029137,0.27484861
-0.0291978922,0.117281526,-0.051760681,0.199962258
0.0943698958,0.0902382806,0.152701333,0.151451379
0.219561487,0.0767775998,0.351238757,0.121708632
0.316071302,0.0561525747,0.492897749,0.0832847208
0.362709165,0.00961985253,0.556030333,0.0102780852
0.351986289,-0.0629298761,0.541926503,-0.101403885
0.291064888,-0.137261689,0.456144363,-0.218698755
0.198872805,-0.174363345,0.318557769,-0.283772349
0.100293472,-0.140792862,0.164337501,-0.238515556
0.0192690529,-0.0288520418,0.0321376696,-0.0586325675
-0.0270508379,0.134769306,-0.0451340601,0.215477705
-0.0315285847,0.297311842,-0.0477942638,0.462693036
0.00280457037,0.401676685,0.00714554964,0.601500154
0.0649065748,0.410899311,0.100850686,0.612293124
0.138857707,0.323304683,0.217700854,0.501975
0.206872433,0.171267152,0.335070431,0.278134376
0.251886815,0.00503843743,0.408258349,0.0110947508
0.260114461,-0.129484907,0.412649125,-0.207260281
0.223985702,-0.207811058,0.350953907,-0.330983549
0.145147488,-0.231153414,0.228976727,-0.373752862
0.0362218544,-0.217805609,0.0597752668,-0.358940125
-0.0803724155,-0.188263193,-0.130302295,-0.30982542
-0.177462384,-0.153342485,-0.286967665,-0.246842891
-0.231163383,-0.111716554,-0.373623073,-0.176366881
-0.22913748,-0.0570146069,-0.374075294,-0.0891053081
-0.175435185,0.0112611968,-0.293967634,0.0217759144
-0.0892779902,0.0808452666,-0.153470129,0.13702783
0.00225118943,0.128927827,0.00167364476,0.215251863
0.0746448785,0.132760853,0.125228062,0.220985025
0.11481148,0.0826121718,0.19280304,0.139606148
0.124188222,-0.0106481696,0.210377574,-0.0158788841
0.114814147,-0.118142761,0.190982148,-0.191990361
0.100696698,-0.204856575,0.161003545,-0.332761705
0.0893026292,-0.244695529,0.1372924,-0.3930704
0.0779016539,-0.230978116,0.120932147,-0.376117319
-0.0567366518,-0.0212762449,-0.0943308324,-0.0543609634
-0.0842497423,-0.0111603914,-0.140404001,-0.0093981484
-0.0929392055,0.0195247345,-0.155863881,0.0332400352
-0.070979856,0.0664885342,-0.121403851,0.111606777
-0.0199042764,0.11438664,-0.032966461,0.190420479
0.0468443595,0.143388301,0.0768088922,0.237140745
0.112082668,0.139110267,0.185451508,0.229394704
0.164591745,0.10076683,0.270833224,0.165236071
0.204205886,0.0431882702,0.334158957,0.0695321858
0.238962695,-0.00858251005,0.384640515,-0.0176679622
0.276008457,-0.0297210291,0.436781347,-0.0528820902
0.312168211,-0.00626069354,0.487217426,-0.0180274863
0.330863267,0.0588769354,0.511338174,0.0806723312
0.308680922,0.146962807,0.479143202,0.216397852
0.2291179,0.230788842,0.363642633,0.348478496
0.0961315259,0.284676522,0.162848249,0.442135334
-0.0608636625,0.292811692,-0.0826712474,0.461641192
-0.19508487,0.252883941,-0.294894308,0.399571568
-0.261226475,0.174570292,-0.402699232,0.282743394
-0.236494467,0.0747633204,-0.38064304,0.131902605
-0.133188814,-0.0275838077,-0.225511342,-0.0346113071
0.00428348919,-0.114863425,0.000589632255,-0.184250295
0.117533624,-0.172132432,0.185664952,-0.279266834
0.159299716,-0.187642053,0.254734278,-0.30716297
0.113584764,-0.154301882,0.185799479,-0.260771096
0.00112800405,-0.0727453828,0.0053000995,-0.131138369
-0.132212147,0.0451996848,-0.215567246,0.0685513988
-0.238028035,0.175258473,-0.371858329,0.274837643
-0.287370235,0.284188807,-0.42565912,0.426176071
-0.281292439,0.338597655,-0.40555793,0.500330925
-0.245293066,0.316786349,-0.361300945,0.482152373
-0.211571738,0.218930498,-0.326842189,0.354890078
-0.199320108,0.0705094561,-0.319250315,0.125385791
-0.203982666,-0.0839158446,-0.329576939,-0.126954615
-0.201233536,-0.19544366,-0.323258668,-0.305373311
-0.163176715,-0.228866786,-0.266067147,-0.361945629
-0.0774683878,-0.176660597,-0.137479275,-0.289235145
0.0416255072,-0.0626830459,0.0599914119,-0.108788699
0.156874731,0.0665722936,0.253267884,0.104066446
0.225041986,0.159981638,0.360409439,0.247918412
0.218397349,0.181691915,0.35426563,0.28404507
0.139336601,0.124558963,0.238082111,0.203241125
0.0201118775,0.0115181254,0.0438152589,0.0223194994
-0.0925074667,-0.115406893,-0.146827489,-0.185299814
-0.159824356,-0.213316023,-0.258432597,-0.335210443
-0.169321433,-0.255683064,-0.272095144,-0.397632986
-0.138847515,-0.24120748,-0.229629189,-0.380957514
-0.104770109,-0.190952212,-0.175677553,-0.310351193
-0.100483105,-0.135938838,-0.167910099,-0.224003598
-0.136838332,-0.10159976,-0.223901734,-0.167661518
-0.195153609,-0.0965076759,-0.314134866,-0.153588951
-0.236860797,-0.110270381,-0.378775597,-0.172383234
-0.225003421,-0.120783702,-0.366309166,-0.188378796
-0.146298006,-0.106558666,-0.248529315,-0.170267999
-0.0217814315,-0.0577445067,-0.045797091,-0.0962119624
0.100355081,0.0193658695,0.16025269,0.0293674469
0.167057738,0.105926409,0.273600698,0.166029081
0.147147164,0.179679468,0.24455066,0.283528864
0.0490284674,0.224600375,0.0903146043,0.35789153
-0.08015275,0.236268446,-0.118135825,0.379469514
-0.174577758,0.220888034,-0.270549566,0.355512142
-0.18023634,0.189426422,-0.286287487,0.309032738
-0.081565164,0.150789589,-0.138146743,0.25414589
0.0887002647,0.108077541,0.141772106,0.184651956
0.261841834,0.0598219112,0.414293587,0.0955578834
0.362731844,0.00499948952,0.55616945,0.00327641889
0.343560249,-0.0516966507,0.534895837,-0.086376816
0.206384778,-0.0980853438,0.340768546,-0.164468974
0.00398467854,-0.118033968,0.0149503388,-0.20220691
-0.181823507,-0.0990551189,-0.29202643,-0.163941458
-0.275117546,-0.0402128063,-0.43965283,-0.0616208911
-0.238757893,0.0440009683,-0.391305208,0.074345164
-0.0907656699,0.126484215,-0.15869841,0.211916581
0.103032745,0.176581681,0.161835149,0.289157569
0.256911069,0.171891317,0.404935539,0.269698262
0.30157274,0.107850932,0.477936059,0.165046766
0.213214099,0.000894034398,0.358626485,-0.00141874177
0.0229361653,-0.116418637,0.051400587,-0.193968102
-0.197242513,-0.206606686,-0.3072595,-0.326686293
-0.365388542,-0.240606621,-0.538149595,-0.347709149
-0.424088627,-0.208246246,-0.612688839,-0.292332709
-0.363532662,-0.122023031,-0.559193432,-0.180614278
-0.223667368,-0.0128720058,-0.373795033,-0.0179122388
-0.0750730708,0.0805262774,-0.132426292,0.136316717
0.0126124648,0.125145718,0.0221948028,0.207215294
0.000768375758,0.105107225,0.00935630873,0.175653771
-0.102545008,0.0273108147,-0.160554752,0.0498430841
-0.247616082,-0.0808125809,-0.387622774,-0.122032739
-0.365918726,-0.180832818,-0.545574188,-0.262004405
-0.400231808,-0.23701182,-0.579978466,-0.331037104
-0.328726828,-0.229401827,-0.500177085,-0.335179687
-0.172854081,-0.16150789,-0.292601794,-0.25772649
0.0136355869,-0.0593479648,0.00854860246,-0.101614371
0.168806642,0.0381950997,0.272212893,0.0581070893
0.24856627,0.0944033191,0.399254829,0.145223722
0.243125349,0.0893671811,0.395040035,0.139488146
0.177317038,0.028200658,0.297854155,0.0439222232
0.0958145335,-0.0609242097,0.164428905,-0.0998495817
0.0410293713,-0.138540521,0.0676609203,-0.228423521
0.034282364,-0.170762882,0.0510980971,-0.281696349
0.0686112791,-0.144081905,0.105116814,-0.239697143
0.11559926,-0.0714760348,0.186234355,-0.123542175
0.141868994,0.0131106274,0.232690454,0.0153180081
0.12660788,0.0696954951,0.213971436,0.110832915
0.0715733692,0.0700165033,0.125204489,0.116539784
-0.000794209191,0.0101365438,0.00556515763,0.0201259293
-0.0594777241,-0.0878066123,-0.0959272459,-0.14139989
-0.0806421265,-0.185426429,-0.134025276,-0.296948552
-0.0590603314,-0.244885087,-0.101837397,-0.390166432
-0.00978587847,-0.24493441,-0.0256569646,-0.393397331
0.0402597114,-0.189038202,0.057500273,-0.312371135
0.0661343783,-0.102337427,0.104692288,-0.175548896
0.0570756271,-0.019522706,0.0967305526,-0.0391549282
0.0211517774,0.0302546099,0.0400072485,0.047475066
-0.0195224434,0.034393426,-0.0285646636,0.058616396
-0.0401796177,-0.000741207274,-0.0654357299,0.00284678792
-0.0255263932,-0.0560180545,-0.044709079,-0.0902143419
0.0232626982,-0.110276744,0.0344676748,-0.180143356
0.089683637,-0.149838448,0.141825736,-0.245259196
0.150054619,-0.172397584,0.23776409,-0.280955911
0.184305266,-0.184339464,0.291169226,-0.298306137
0.184160188,-0.19404608,0.292722613,-0.312629789
0.155216262,-0.205491677,0.246382982,-0.333357066
0.112669282,-0.21565406,0.179260388,-0.349409968
0.0734634027,-0.216672555,0.117328763,-0.352371752
0.0489526317,-0.200899526,0.0751590729,-0.329941392
0.0413240232,-0.165595636,0.0629015192,-0.274495721
0.0447269082,-0.114646345,0.0708914623,-0.192256957
0.0496445708,-0.0567366518,0.0794328377,-0.0981703252
0.0477834642,-0.00154027424,0.0794890895,-0.00604867702
0.0351229608,0.0436204858,0.0602030121,0.0698739514
0.0123033375,0.0749241039,0.0238440167,0.122980386
-0.0168204512,0.0910233855,-0.0238611326,0.15112482
-0.0468510427,0.0913613588,-0.0766735226,0.153385565
-0.0715777948,0.0756141841,-0.118093707,0.127817824
-0.0838086233,0.0449430645,-0.137814716,0.0774751604
-0.0754234046,0.00407569064,-0.125415847,0.0108264228
-0.038899228,-0.0377717726,-0.0664594695,-0.0595819056
0.0294217952,-0.0686836243,0.04422988,-0.110964589
0.125557885,-0.0783854052,0.200595826,-0.129630163
0.235873938,-0.0630713627,0.372382253,-0.10457366
0.33884564,-0.0278619993,0.519663632,-0.049095232
0.41098991,0.0149606476,0.610502124,0.0127297696
0.435097128,0.0514446013,0.637766182,0.066001825
0.407251447,0.0723801479,0.607758522,0.0990419984
0.33912456,0.077043511,0.527279317,0.111194789
0.25390172,0.0720703006,0.410038114,0.110404454
0.177168354,0.066127032,0.295873761,0.104494095
0.126685932,0.0637076274,0.210901365,0.104130074
0.105818547,0.0621205978,0.176523969,0.101688385
0.103852563,0.0539131537,0.173068956,0.0879682153
0.103184991,0.0335267074,0.172197923,0.0554229729
0.0898989886,0.00394709082,0.151606247,0.00560146291
0.0623578429,-0.0215072278,0.106078215,-0.0361147821
0.0331955515,-0.0246452503,0.0561772063,-0.041683618
0.0232400689,0.00687717414,0.039186839,0.00905692857
0.0500056297,0.0693439841,0.0808815435,0.112635471
0.116400927,0.139795646,0.188304499,0.226450428
0.20562689,0.183287725,0.327153176,0.289127111
0.285557091,0.168402404,0.445957065,0.259779394
0.321377099,0.0837477744,0.503265619,0.129750788
0.291059256,-0.0533596575,0.465483606,-0.0828454345
0.196467549,-0.20158343,0.317034632,-0.320321321
0.0645279363,-0.312525958,0.102471292,-0.491478741
-0.0626799837,-0.352232873,-0.0982256606,-0.542368174
-0.144885182,-0.316597134,-0.230511382,-0.490476251
-0.160174757,-0.232647792,-0.262502342,-0.369737625
-0.113662854,-0.144760773,-0.195254132,-0.236034557
-0.0343406796,-0.092665717,-0.0638655201,-0.152477607
0.0383926034,-0.0925185233,0.059675701,-0.151356623
0.0722498596,-0.130764857,0.119074054,-0.213802382
0.0555527471,-0.173738167,0.0912522301,-0.285750151
0.000664429273,-0.187514395,-0.000478298345,-0.309194148
-0.0637955889,-0.157071352,-0.107508622,-0.261411041
-0.107750654,-0.0943084508,-0.180302024,-0.158056796
-0.114058018,-0.030733522,-0.192943558,-0.0518554598
-0.0855397061,0.000822767266,-0.144580141,0.00466324016
-0.041572433,-0.014987438,-0.0712455437,-0.0210201703
-0.00645326031,-0.0673584118,-0.0111784963,-0.107600108
0.00418887613,-0.125629276,0.00564663578,-0.207928732
-0.00813218579,-0.156818882,-0.0144806383,-0.259203523
-0.0256672967,-0.144223198,-0.0456513092,-0.241033584
-0.024085803,-0.0962918997,-0.0453174673,-0.162957057
0.0142249903,-0.0406262614,0.0187157802,-0.0695978329
0.0900656134,-0.0066134017,0.144412994,-0.0111785438
0.185589552,-0.00693504792,0.300531507,-0.0106681539
0.27146095,-0.0290086698,0.429582149,-0.0488461331
0.319206744,-0.0417411402,0.498109072,-0.0707422122
0.312586099,-0.0139870765,0.491051942,-0.0305815525
0.252725482,0.0659886003,0.406729728,0.0929981768
0.155351609,0.181701556,0.25595504,0.282905072
0.0426325947,0.296006233,0.0746070594,0.460441709
-0.0654019341,0.371160716,-0.0887331143,0.561525106
-0.155428916,0.389865637,-0.218947291,0.582277238
-0.220016703,0.364613354,-0.316064745,0.542274833
-0.253709525,0.329075783,-0.36962077,0.49391973
-0.25026682,0.315776408,-0.369401246,0.476876795
-0.204336643,0.3329207,-0.304906636,0.503454983
-0.117444657,0.354779929,-0.178398713,0.54280889
-0.00444377586,0.333073467,-0.00461677648,0.520642638
0.105043404,0.224877313,0.1735356,0.368885159
0.173782855,0.0223115645,0.29058212,0.0452702381
0.171578333,-0.23330164,0.276334465,-0.362010777
0.0912553519,-0.462931514,0.13216573,-0.66129303
-0.0425459184,-0.583569467,-0.0594508797,-0.764229596
-0.178149253,-0.548101544,-0.240955606,-0.722793043
-0.25545457,-0.370548487,-0.378164947,-0.543081522
-0.231417432,-0.122317746,-0.380663037,-0.203214884
-0.100909144,0.100264333,-0.177902341,0.164093226
0.0975977331,0.221605971,0.150294334,0.360095978
0.295616567,0.222503141,0.449617177,0.34063229
0.422490418,0.147042945,0.619601369,0.212308288
0.435201496,0.076610662,0.63850081,0.10536252
0.336271107,0.0841411576,0.522592723,0.117309742
0.171122119,0.192555144,0.283441097,0.292231172
0.00601569097,0.359674156,0.019765107,0.540297687
-0.10283906,0.498370916,-0.134648263,0.692936659
-0.133988783,0.522206783,-0.173748225,0.71427846
-0.10726691,0.393056214,-0.151248187,0.595626831
-0.0692666769,0.145591065,-0.106063895,0.256032944
-0.0655236617,-0.124936655,-0.102938183,-0.193699375
-0.113967337,-0.306324214,-0.177297026,-0.473919034
-0.193602011,-0.322833329,-0.298562348,-0.493460983
-0.254596651,-0.171508372,-0.407114536,-0.276997864
-0.244903877,0.0768774524,-0.399714142,0.115774274
-0.139828831,0.312514961,-0.222512215,0.481631666
0.0408792607,0.439116716,0.0587297305,0.645034492
0.237809196,0.417824268,0.341412485,0.597565114
0.377022773,0.280921429,0.543636799,0.4046202
0.403716683,0.109722912,0.605038583,0.160792112
0.308103532,-0.0105686281,0.491918832,-0.0241321884
0.130816355,-0.0348919071,0.225888669,-0.0668076202
-0.0549572073,0.0214562621,-0.0862555057,0.0278854743
-0.176157951,0.0959369913,-0.284815043,0.154519737
-0.191869557,0.116983302,-0.310943931,0.196012571
-0.109749883,0.0461214259,-0.186392099,0.08865574
0.020296881,-0.0987065509,0.0297083501,-0.152243763
0.131420508,-0.250895232,0.202393025,-0.393660575
0.171527907,-0.329650939,0.257406592,-0.507243574
0.126364172,-0.282836139,0.194339961,-0.453616649
0.0237231795,-0.11568632,0.0384379588,-0.207031071
-0.0820880085,0.109473079,-0.136353329,0.169938654
-0.13714996,0.30223614,-0.21016182,0.465802699
-0.113060586,0.386914313,-0.164823249,0.582025349
-0.0188553017,0.33751598,-0.0264812708,0.530323744
0.104825802,0.187783405,0.172988534,0.313997984
0.205401093,0.012146038,0.335871279,0.0265240725
0.241952285,-0.111949973,0.387297839,-0.182705447
0.20195584,-0.141076267,0.324682504,-0.236240968
0.104384638,-0.0841258392,0.174395457,-0.149555057
-0.0108882738,0.00612549298,-0.013884386,0.00206808862
-0.101445623,0.0626718551,-0.165189072,0.104796037
-0.139786616,0.0395130031,-0.229797095,0.0716444701
-0.122611746,-0.0650372133,-0.204653516,-0.0963153988
-0.0689838454,-0.207711026,-0.117035799,-0.327173471
-0.00944123324,-0.321501076,-0.0219177715,-0.498984993
0.0283683259,-0.347511977,0.035631299,-0.53788048
0.0312191881,-0.261920184,0.0434915833,-0.425749421
0.00457560411,-0.0858851075,0.0038400495,-0.154948905
-0.0314610936,0.12493065,-0.0527241305,0.196223617
-0.0522181727,0.304973871,-0.0787692368,0.475101262
-0.040081244,0.40548107,-0.054847531,0.605141819
0.00709411176,0.411470473,0.0171671025,0.614874065
0.0741723925,0.342899412,0.118870489,0.532254994
0.13435398,0.24154976,0.218647748,0.38792336
0.160177618,0.151217595,0.264834404,0.244955748
0.135653734,0.100588724,0.228263572,0.162335351
0.0645323247,0.0955474079,0.11339733,0.153103262
-0.0291111171,0.12243861,-0.042442672,0.199762732
-0.108898364,0.158747479,-0.172589421,0.257271826
-0.140074998,0.18503128,-0.22361438,0.303381741
-0.103759825,0.192532122,-0.169228181,0.317092806
-0.0052543967,0.18391116,-0.01026823,0.306436807
0.127694219,0.168207288,0.204141572,0.276233077
0.256445169,0.153659597,0.403535277,0.240437403
0.347934723,0.142460376,0.528676271,0.211887687
0.388480812,0.129941806,0.581703365,0.18673946
0.388198376,0.108137131,0.58354491,0.154538378
0.373633057,0.0714022666,0.568571508,0.102970958
0.372105598,0.0208544284,0.568073452,0.0277453624
0.395747811,-0.0348880142,0.591981709,-0.0574073642
0.433818042,-0.0832205191,0.630530417,-0.127556756
0.457964152,-0.113643683,0.653652012,-0.169766247
0.438387156,-0.123308413,0.63266927,-0.187014624
0.36274159,-0.11896047,0.549805522,-0.1881942
0.24742873,-0.113860428,0.397528976,-0.18815276
0.134185866,-0.120760798,0.223405614,-0.203004792
0.0722105503,-0.144231737,0.117521487,-0.238055333
0.0938604549,-0.176386654,0.146936506,-0.28500244
0.196093857,-0.198806748,0.301007181,-0.316608012
0.337822676,-0.190588281,0.498438627,-0.292531908
0.455890507,-0.139215663,0.643599927,-0.209041387
0.493050665,-0.0490276068,0.689747512,-0.0812204555
0.424859285,0.0574301071,0.628343761,0.0704942271
0.272292554,0.146844566,0.435847074,0.219313741
0.0934466571,0.188789815,0.162795857,0.301248252
-0.0422408618,0.169598222,-0.0619072653,0.280449688
-0.0852265209,0.0997347906,-0.139769122,0.171348587
-0.0277931076,0.010582461,-0.0506529436,0.0257133264
0.0935575366,-0.0585447997,0.14954187,-0.09328641
0.215978757,-0.0774889514,0.34246254,-0.128704101
0.279443085,-0.0384598821,0.442472249,-0.0695449933
0.253146172,0.0410157144,0.40846473,0.0549949333
0.147045523,0.126931354,0.247570813,0.198141694
0.00416204752,0.185158998,0.0163698606,0.298579305
-0.1213113,0.197297126,-0.188205659,0.320307553
-0.188718691,0.168225393,-0.297386765,0.276433587
-0.186792016,0.1217959,-0.300491422,0.204046234
-0.134386227,0.0871374309,-0.223544613,0.149596304
-0.0677730739,0.0828010812,-0.115691833,0.140104353
-0.0223594178,0.106956132,-0.0360054038,0.176033691
-0.018184362,0.138564259,-0.0260225981,0.226411805
-0.0551194735,0.148682535,-0.0859082043,0.245105788
-0.117781997,0.115846679,-0.186408356,0.193542659
-0.185285181,0.0375840887,-0.297557831,0.0685266927
-0.239636585,-0.0676000118,-0.384001791,-0.0998969004
-0.269068092,-0.168306768,-0.422617465,-0.25458169
-0.266802073,-0.233851701,-0.412513822,-0.352555275
-0.228829846,-0.246487677,-0.361974776,-0.377268851
-0.154278755,-0.206771091,-0.255409479,-0.330243945
-0.0490794033,-0.130742729,-0.0919413045,-0.216897428
0.0699448213,-0.0419041403,0.108737662,-0.0728151724
0.175100416,0.0370086133,0.282195121,0.0565154962
0.234779969,0.0886447728,0.379233241,0.137934998
0.225877181,0.101557761,0.369266331,0.158474967
0.145923913,0.0691956282,0.248531654,0.11064145
0.0178645514,-0.00936205406,0.0399882346,-0.015956305
-0.116731413,-0.125795364,-0.18541649,-0.201763764
-0.214304939,-0.258434862,-0.333796054,-0.392643154
-0.248337388,-0.372280777,-0.367961645,-0.533703923
-0.221167058,-0.426796943,-0.325116336,-0.60142839
-0.162017211,-0.390899032,-0.249457568,-0.57690841
-0.11159227,-0.259324372,-0.186114684,-0.416424066
-0.100807138,-0.0616338663,-0.174692973,-0.110452242
-0.134691596,0.1431375,-0.218718633,0.225558415
-0.190128803,0.286829829,-0.286246359,0.444158882
-0.228895515,0.320174605,-0.335447729,0.487987965
-0.219241366,0.235837564,-0.336547345,0.378468573
-0.154457763,0.0745731667,-0.252528131,0.136465058
-0.0582573824,-0.0903105885,-0.101205572,-0.140412197
0.0262917224,-0.18460837,0.0380114093,-0.30038771
0.0587249286,-0.166990846,0.0921854228,-0.280883223
0.0225406345,-0.0489420891,0.0371227898,-0.0922816768
-0.0653560311,0.109147981,-0.104300365,0.170639396
-0.162214965,0.224570811,-0.250965893,0.356043428
-0.220167145,0.229485095,-0.337993443,0.367760777
-0.209443152,0.101470307,-0.334555864,0.178223953
-0.13230817,-0.126537323,-0.21805045,-0.18897894
-0.0210407022,-0.380922437,-0.0398040116,-0.564062178
0.0782882571,-0.579025924,0.0911371782,-0.755465925
0.127328932,-0.662596285,0.141960308,-0.790434659
0.111247927,-0.618126512,0.131902352,-0.775752306
0.0416159295,-0.476513833,0.0511558875,-0.684393167
-0.0534466282,-0.294825315,-0.0894630626,-0.474599719
-0.145042419,-0.130840406,-0.239093706,-0.21868287
-0.216028765,-0.0227210708,-0.350447059,-0.0362542458
-0.264138132,0.018526677,-0.418797761,0.0347267725
-0.295748413,0.00392682478,-0.464696318,0.0147374775
-0.315979809,-0.04486176,-0.492301673,-0.0598846935
-0.322479963,-0.105342142,-0.500304461,-0.154944927
-0.307179779,-0.157978669,-0.477684438,-0.236149564
-0.264543444,-0.185162246,-0.418099463,-0.282589704
-0.200106382,-0.170250744,-0.32847473,-0.270040333
-0.132455409,-0.101044089,-0.225452915,-0.167112961
-0.0857863948,0.0222881064,-0.146985769,0.032594651
-0.0764117613,0.179800689,-0.124549679,0.285859585
-0.101197399,0.331765622,-0.149304107,0.507775187
-0.135817304,0.429878473,-0.188545272,0.624944806
-0.145593897,0.436842829,-0.201731026,0.632959366
-0.104281023,0.345230013,-0.154532,0.537118793
-0.0107680224,0.184854195,-0.0167333093,0.314539284
0.106261052,0.0126470318,0.17555888,0.029770039
0.19977428,-0.111868307,0.320383936,-0.17922622
0.227239713,-0.153880924,0.359980434,-0.252712846
0.17337136,-0.118974753,0.282022506,-0.203795508
0.0604310259,-0.0480058417,0.103821099,-0.088967815
-0.0603130534,0.00706968317,-0.0959841311,0.00921700988
-0.13258563,0.0138158631,-0.218628734,0.0265373737
-0.122760832,-0.0207157042,-0.206939846,-0.0260745008
-0.0369742401,-0.052851785,-0.0695044622,-0.0842087492
0.0814034343,-0.0279446822,0.128188729,-0.0491230898
0.17297177,0.0843531191,0.278891087,0.127996162
0.191523805,0.264930964,0.301253766,0.399105549
0.126451448,0.445821881,0.192220002,0.630420864
0.00709208148,0.538998187,0.0248748418,0.729491651
-0.112782873,0.480265379,-0.144855842,0.680253446
-0.181898996,0.265788317,-0.271104246,0.4264009
-0.175781012,-0.0389003791,-0.283957124,-0.0426581874
-0.106269553,-0.324187964,-0.172143236,-0.485489696
-0.0122881765,-0.48503232,-0.0292653982,-0.685047805
0.0621600524,-0.469356149,0.0757043958,-0.675735414
0.0904576182,-0.301884383,0.13213329,-0.484322011
0.0745198429,-0.0711720586,0.118775204,-0.135032758
0.0396552794,0.113757156,0.0677985623,0.180270895
0.0172862019,0.175225213,0.034267731,0.289740413
0.0260164086,0.101109333,0.0471957102,0.177495018
0.0617441908,-0.0551144071,0.103853785,-0.0830697045
0.101770148,-0.206995934,0.162552297,-0.331537426
0.119624853,-0.281945407,0.183104083,-0.445517421
0.101376437,-0.257001162,0.156691313,-0.416487038
0.0537625067,-0.165122569,0.084571287,-0.280031681
-0.000344236527,-0.0702472851,-0.00216555479,-0.12221048
-0.0360326879,-0.026583204,-0.0602718294,-0.0447962284
-0.0413390212,-0.0459584333,-0.0694740713,-0.0718673691
-0.0240865555,-0.0920030475,-0.0431543216,-0.148384809
-0.00650552521,-0.104373917,-0.0146513674,-0.174080759
-0.0108757978,-0.0388739631,-0.0207103677,-0.0709186494
-0.0448182598,0.100114606,-0.0742941722,0.159312591
-0.095175162,0.254610598,-0.147033826,0.398676902
-0.13448295,0.34002158,-0.197964877,0.520689309
-0.136700168,0.290617049,-0.206096232,0.462983161
-0.0933362395,0.0989194959,-0.150415182,0.181547403
-0.0206151102,-0.173264936,-0.0333498083,-0.268003136
0.0468686037,-0.41982457,0.0625304431,-0.613456309
0.0730824545,-0.539789736,0.08991386,-0.731930852
0.0392377339,-0.486310691,0.0471518412,-0.693440795
-0.045707494,-0.289922148,-0.0771165267,-0.469479799
-0.148329079,-0.0439129993,-0.247062832,-0.084256433
-0.226102874,0.140846133,-0.360174477,0.222850576
-0.24690035,0.188621968,-0.382089943,0.305092245
-0.202801779,0.0925577506,-0.324984491,0.164315388
-0.111805744,-0.0867992342,-0.1872686,-0.12743935
-0.0075952448,-0.255939305,-0.0177697334,-0.402709872
0.0764211342,-0.336780012,0.10921064,-0.521377206
0.120283149,-0.303659767,0.179622948,-0.478141189
0.121821254,-0.190718412,0.190683678,-0.317614764
0.0916216299,-0.0678030476,0.151484326,-0.120518886
0.0432871319,0.000375111966,0.0751550421,-0.00139145216
-0.0143482499,-0.0109118409,-0.0202494469,-0.0157601647
-0.0785525441,-0.0758390427,-0.12790212,-0.120859191
-0.147806525,-0.136002377,-0.240665063,-0.218512282
-0.215193123,-0.135568663,-0.344846964,-0.216859818
-0.26573965,-0.053484574,-0.425590903,-0.0874099508
-0.280779123,0.0848159641,-0.446847469,0.132998034
-0.247652501,0.221781209,-0.385613889,0.347280532
-0.169156626,0.299278498,-0.261076987,0.465995699
-0.0665418878,0.289408892,-0.101837106,0.463728517
0.0269064624,0.207897484,0.0481332093,0.345786929
0.0793910995,0.103618681,0.135955185,0.175673112
0.0746442527,0.0311255921,0.128390893,0.0504638143
0.019175306,0.0219654664,0.0354392752,0.0318147279
-0.0612388067,0.0703757182,-0.0975592434,0.112545915
-0.13415581,0.140192166,-0.217462242,0.226401284
-0.175709203,0.187716708,-0.278457314,0.3039639
-0.180736125,0.186758041,-0.286286682,0.304810613
-0.162920341,0.141672611,-0.262050182,0.238206744
-0.145486251,0.0818336233,-0.236588031,0.141962677
-0.147892952,0.0418982878,-0.241180718,0.0723947957
-0.175728828,0.04018002,-0.287256658,0.0665316805
-0.218777582,0.0679602623,-0.35178867,0.11034295
-0.257454783,0.0956689492,-0.407905579,0.155827284
-0.27329576,0.0917493254,-0.430836886,0.150615573
-0.257428765,0.0426451489,-0.4108302,0.0765624195
-0.212793082,-0.0380848721,-0.347359538,-0.0522278696
-0.14995195,-0.116908796,-0.24933131,-0.182421759
-0.0801375434,-0.15942584,-0.13837713,-0.258291185
-0.0103891771,-0.15009287,-0.0231984686,-0.249072537
0.0563073233,-0.100907594,0.0869979933,-0.170513585
0.116734304,-0.0439261161,0.190173209,-0.0767867416
0.162962362,-0.0120484391,0.268061668,-0.0234691072
0.182008445,-0.0194752421,0.299486846,-0.0348381996
0.161288008,-0.0535235517,0.269634485,-0.0912115574
0.0973923877,-0.0828664005,0.165013343,-0.140399441
0.00276573282,-0.0775311887,0.00841625687,-0.133390084
-0.0948958173,-0.0288066156,-0.15666917,-0.0521581396
-0.162074327,0.0431664623,-0.266631722,0.0697184056
-0.174133807,0.0995085463,-0.283816308,0.1649625
-0.128090993,0.105515376,-0.211836249,0.180125266
-0.0463427827,0.0535619631,-0.0786528438,0.0959731713
0.0316505358,-0.0276878793,0.0509486794,-0.0414627157
0.0666174144,-0.0845031962,0.110119171,-0.141174018
0.0376882702,-0.0653018802,0.0635173842,-0.115095444
-0.0473257601,0.0498941615,-0.0768172145,0.0735499486
-0.154825941,0.233739778,-0.240680292,0.36188823
-0.240307927,0.419178337,-0.335308701,0.593164146
-0.268181741,0.528138697,-0.340337008,0.688109159
-0.227185652,0.507931828,-0.298839271,0.684214711
-0.134445235,0.357435852,-0.196757063,0.550422072
-0.0269518904,0.129761696,-0.039640516,0.230485737
0.0547583513,-0.0904330611,0.0921258032,-0.13987112
0.082707569,-0.224299103,0.131733015,-0.362021804
0.0503089502,-0.232963964,0.0768095478,-0.383389384
-0.0288075488,-0.132419929,-0.0507224277,-0.229108706
-0.129600555,0.0172733627,-0.212552533,0.0209214594
-0.226503402,0.142275766,-0.358264476,0.227694467
-0.301030844,0.189405829,-0.455748528,0.297093749
-0.343726724,0.148148209,-0.517005086,0.234943166
-0.351770967,0.0506014563,-0.537663579,0.089987278
-0.32572186,-0.0489342287,-0.508439958,-0.0656803176
-0.268390149,-0.103187218,-0.430752307,-0.156158715
-0.186353937,-0.0948888958,-0.309835106,-0.151177749
-0.0919918194,-0.0425979123,-0.160961509,-0.0708287433
-0.00300011574,0.01218946,-0.00963680912,0.0183940642
0.0621581376,0.0287282132,0.101668626,0.0479374565
0.0914878696,-0.0112561649,0.153326243,-0.0180003401
0.0855649933,-0.0946856663,0.14497982,-0.155113026
0.058502268,-0.184718847,0.0950740948,-0.298646092
0.0322052017,-0.239904895,0.0488979779,-0.386835605
0.0261203032,-0.234555066,0.0363204628,-0.381260633
0.0475683138,-0.170156956,0.0708170161,-0.2830908
0.0879166201,-0.0729260147,0.138420865,-0.1270172
0.126968145,0.0201149583,0.206322938,0.027881287
0.143518969,0.0786722824,0.237996444,0.125609443
0.12654902,0.0914547369,0.213123485,0.149706513
0.0810080841,0.0678539649,0.140371233,0.112935297
0.0250382405,0.0295953881,0.0468126722,0.050668411
-0.0198165029,-0.00207803072,-0.0309459902,-0.0021998873
-0.0399622396,-0.0165190957,-0.0675760284,-0.026516933
-0.0363603979,-0.0162158571,-0.062340647,-0.0268456824
-0.0227836408,-0.0115203159,-0.0390317999,-0.0195593126
-0.0168698858,-0.0116286846,-0.0273212828,-0.0193838142
-0.0292053018,-0.0175635163,-0.0479933172,-0.0302111935
-0.0709208176,-0.0780128986,-0.115573913,-0.124830052
-0.0986120999,-0.0162054058,-0.167352185,-0.0325473659
-0.0994092003,0.0481623076,-0.166946232,0.0795434415
-0.0781377926,0.0800873414,-0.129514769,0.136705309
-0.0434234031,0.0651578009,-0.0720040575,0.113389291
-0.00577555783,0.0191334281,-0.0086238198,0.0368516929
0.0241809525,-0.0202742666,0.0390883833,-0.0326275565
0.0373724215,-0.0154221542,0.0619893931,-0.0289342403
0.0279923491,0.0476113521,0.0466514789,0.0741623268
-0.00482003763,0.147469267,-0.0059239543,0.237916648
-0.0558530055,0.23560299,-0.0828327984,0.377383977
-0.114045143,0.260801345,-0.173004955,0.415759951
-0.164688572,0.197491512,-0.255230457,0.324501336
-0.193545431,0.0622994229,-0.310203969,0.112422645
-0.191825792,-0.0910037234,-0.312898695,-0.137120143
-0.16019094,-0.196705982,-0.261821538,-0.310315281
-0.10985624,-0.210025042,-0.185755059,-0.338890523
-0.0597015545,-0.130490303,-0.106339738,-0.220620155
-0.0298409294,-0.00310957083,-0.0540432781,-0.01150015
-0.033746887,0.104006387,-0.0559516512,0.168711707
-0.0720074326,0.134465694,-0.111545563,0.225590199
-0.130560368,0.0729486793,-0.208597511,0.127130508
-0.18473874,-0.0462977141,-0.298679292,-0.0665225536
-0.20818688,-0.156547651,-0.334035248,-0.241742373
-0.183570236,-0.192724079,-0.300289124,-0.303898275
-0.110928535,-0.125125572,-0.192658693,-0.206749514
-0.0100507149,0.024542762,-0.0269059502,0.0341008157
0.0847061202,0.19302699,0.134303764,0.308034509
0.135886177,0.306189716,0.215463966,0.472043812
0.116854481,0.314882368,0.191597357,0.488232493
0.0230568964,0.218046829,0.0503288545,0.357452869
-0.123883255,0.0618945733,-0.191070974,0.110274613
-0.281360865,-0.0837002695,-0.438783497,-0.124245055
-0.399047017,-0.159156397,-0.588745773,-0.227472439
-0.435840577,-0.142461434,-0.633879125,-0.200602442
-0.374438345,-0.0568970405,-0.575468659,-0.0832344815
-0.227940202,0.0433040336,-0.379128665,0.0722527727
-0.035594862,0.100926392,-0.0676411837,0.171162814
0.151177615,0.0829275548,0.245048478,0.14093399
0.28745085,-0.00603482034,0.455883354,-0.00768568972
0.350931227,-0.128723219,0.534681201,-0.196584031
0.348968983,-0.234629422,0.515270531,-0.352949411
0.313266605,-0.282800943,0.459212363,-0.423951805
0.284171999,-0.257331431,0.422722965,-0.397054046
0.291099131,-0.169842958,0.444984823,-0.273021638
0.337754577,-0.0504363179,0.515637398,-0.0875855684
0.399239212,0.0662968829,0.593711495,0.0889580473
0.433098167,0.152873755,0.625909388,0.210440412
0.399989963,0.194051862,0.588483393,0.273974359
0.284720242,0.186051831,0.450557441,0.2824426
0.107432112,0.133456036,0.189587325,0.215691313
-0.0813791901,0.0472157262,-0.123592541,0.0822991431
-0.221060559,-0.055453904,-0.353575438,-0.0822659433
-0.267745197,-0.151378796,-0.424992144,-0.228920951
-0.215558991,-0.214829206,-0.347299367,-0.331061065
-0.10133858,-0.224949121,-0.175490245,-0.358858526
0.0107211871,-0.174702927,0.00685985852,-0.291410953
0.0585465841,-0.07640782,0.0943452343,-0.133714512
0.0124774678,0.0404901765,0.0244043395,0.0593561158
-0.108327873,0.140021145,-0.169563442,0.225185186
-0.24233222,0.194445074,-0.372358143,0.307869375
-0.313304842,0.195893496,-0.473272473,0.306189418
-0.267174065,0.158559695,-0.420296967,0.258283556
-0.100743294,0.109835669,-0.173939958,0.191274449
0.132107154,0.0748664886,0.208346412,0.128811523
0.341020912,0.0629123151,0.522923231,0.0930882394
0.438188791,0.063228339,0.64202702,0.083199814
0.378253341,0.0530077107,0.579126239,0.0708751902
0.180501148,0.0130464854,0.309093893,0.0161619298
-0.0774180144,-0.0579015091,-0.114120364,-0.0971436277
-0.291863889,-0.138774738,-0.4503012,-0.211658403
-0.377104402,-0.195149377,-0.562570453,-0.27720046
-0.300840616,-0.19719547,-0.471926212,-0.293412834
-0.0955708325,-0.136890143,-0.17450431,-0.221921444
0.15847446,-0.034609098,0.244309232,-0.0599254742
0.369830966,0.0692661181,0.556920946,0.0970804617
0.474183261,0.133854866,0.67207998,0.178212598
0.457246751,0.138151094,0.655987322,0.188625932
0.353231251,0.0911735743,0.547840357,0.133269668
0.222205564,0.0261441488,0.368972331,0.0370308198
0.11943122,-0.0183476098,0.201651335,-0.0332727842
0.0722731501,-0.0199572071,0.120667025,-0.0369140357
0.0748018473,0.0149970585,0.122006461,0.0219393969
0.100042969,0.0553788766,0.165172517,0.0896927118
0.120631091,0.063454397,0.200884014,0.103407376
0.125197515,0.0175084304,0.210925981,0.0305059683
0.121626772,-0.0738285929,0.202443093,-0.12130364
0.126796693,-0.173927709,0.204334676,-0.281471223
0.150548637,-0.236503974,0.233179912,-0.377873987
0.184789032,-0.230364323,0.28358534,-0.369126856
0.205146015,-0.157126307,0.321971953,-0.260145307
0.18468602,-0.0519051887,0.299995422,-0.0947762951
0.111561812,0.0340622365,0.189845055,0.0487977378
-0.000354002143,0.060149394,0.00617299229,0.0994904935
-0.115068078,0.0184540488,-0.184389025,0.0349044167
-0.191323712,-0.060592629,-0.309134215,-0.092091918
-0.203805313,-0.122601233,-0.332714766,-0.191298902
-0.156760782,-0.116719127,-0.264033914,-0.188920036
-0.0819277763,-0.022501817,-0.14494434,-0.0413077585
-0.0213087108,0.137439296,-0.0384766683,0.220438838
-0.004002281,0.305566192,-0.00235419837,0.472633958
-0.0299981032,0.414590567,-0.0346208252,0.614117384
-0.0703063533,0.417680919,-0.0931994095,0.61934042
-0.0838250145,0.309466064,-0.122475445,0.491552949
-0.0418772288,0.128333166,-0.0656615421,0.224344701
0.0532730371,-0.0604110807,0.0864906684,-0.0913144499
0.166659862,-0.19214274,0.259812057,-0.306332767
0.247272685,-0.228567764,0.376500487,-0.360612422
0.25456363,-0.17052722,0.397130132,-0.280128032
0.180542842,-0.0536987297,0.2973001,-0.102038711
0.0553147309,0.069196932,0.0970965177,0.105820239
-0.0672131255,0.150710434,-0.104043327,0.245419726
-0.135915786,0.165798411,-0.216430932,0.274587691
-0.127062172,0.117668241,-0.208342478,0.201732576
-0.0537982248,0.0318668745,-0.0918042734,0.0636157766
0.0442429893,-0.0569958873,0.0695723072,-0.0900977701
0.124898121,-0.119395941,0.200372189,-0.196375862
0.167177141,-0.140403986,0.268611342,-0.231917709
0.181168556,-0.122000463,0.291975856,-0.204130009
0.19857502,-0.0788737312,0.319677323,-0.133909136
0.249537855,-0.03054123,0.39687553,-0.0543645248
0.339548767,0.00675562955,0.520605087,0.00393370865
0.44059211,0.0255775694,0.640514374,0.0308167171
0.50284183,0.0287139602,0.70169872,0.0333923921
0.481495261,0.0264109951,0.686391413,0.0287074111
0.364225,0.0306089148,0.562327266,0.0359752961
0.183498442,0.0484283119,0.310141146,0.0698628873
0.00560856052,0.0776345134,0.018675508,0.124762647
-0.0992891416,0.106381223,-0.160923943,0.176098734
-0.0912675187,0.117996223,-0.154506609,0.199839666
0.0188454464,0.0992630497,0.0261287,0.171416759
0.173571125,0.0485389754,0.278550029,0.084296234
0.295924872,-0.0206408165,0.465237349,-0.0328170769
0.326052308,-0.083312802,0.506237984,-0.134784117
0.248939484,-0.113626249,0.402016759,-0.188821957
0.0995697305,-0.0978219658,0.170048311,-0.170657426
-0.056280531,-0.0431770086,-0.0897768959,-0.0787528083
-0.154940173,0.022493219,-0.25395903,0.0357873775
-0.164255068,0.0619854107,-0.271713823,0.106372312
-0.0950543731,0.0462223254,-0.161558554,0.0830916539
0.00961407833,-0.0301147029,0.0134445522,-0.0412551947
0.0998909101,-0.143124193,0.161624461,-0.229797065
0.144466743,-0.248318717,0.224527076,-0.393227965
0.142503202,-0.300374269,0.217930093,-0.471338183
0.117255621,-0.275009185,0.18082948,-0.439552039
0.0971905291,-0.182170078,0.152777255,-0.305484921
0.097041361,-0.0633270517,0.156641766,-0.113470793
0.110281833,0.0267533492,0.182238609,0.0404556803
0.116799459,0.0455882885,0.196820229,0.0747089908
0.0998875424,-0.0162822343,0.170179203,-0.0254478343
0.0608657524,-0.129622623,0.103879653,-0.210195646
0.0211523995,-0.238988578,0.0316073596,-0.382577151
0.009536881,-0.287681907,0.00847539958,-0.456430972
0.0419795886,-0.243450284,0.0572044328,-0.395236999
0.106675088,-0.112944119,0.166268617,-0.195672527
0.164889693,0.0614965782,0.265611827,0.0888993517
0.169222847,0.220658183,0.272701204,0.341291279
0.0904249549,0.313663632,0.15115726,0.482653826
-0.0621013157,0.318009526,-0.0825044662,0.495784342
-0.238695905,0.246133491,-0.355516374,0.385854244
-0.369584501,0.137079328,-0.546784997,0.216584653
-0.397640824,0.0386125669,-0.596022367,0.0678165108
-0.307084441,-0.0114399875,-0.488653302,-0.0081956489
-0.132733762,0.0029888053,-0.230546907,0.0110908905
0.0557827353,0.0743848458,0.0832562149,0.12239597
0.187303558,0.178040057,0.297890216,0.278199762
0.222930774,0.282016963,0.347405165,0.422209471
0.172902212,0.356300622,0.26960054,0.527480185
0.087951608,0.379085779,0.144790798,0.568890631
0.0300662126,0.340519607,0.0550964698,0.528446615
0.0384306237,0.244958907,0.0666328892,0.399881244
0.108740024,0.111724764,0.180765212,0.192590773
0.196701139,-0.027220713,0.319468737,-0.0406018011
0.243434474,-0.134477794,0.38646096,-0.216598094
0.208752036,-0.179097518,0.334075302,-0.291016459
0.0942263827,-0.149584785,0.157210141,-0.255135089
-0.0563146919,-0.061913088,-0.0910719559,-0.113495149
-0.178952605,0.043034818,-0.291789114,0.0662234724
-0.222460926,0.113998629,-0.357500315,0.187168747
-0.174214602,0.111078113,-0.286039919,0.188395113
-0.0657481179,0.0250853859,-0.112115361,0.0522557907
0.044411663,-0.11545746,0.0702995956,-0.183708623
0.100964248,-0.254619777,0.159633636,-0.403541923
0.0789221078,-0.333244354,0.118900582,-0.518040419
-0.00628749281,-0.316125453,-0.0132877845,-0.500324428
-0.109965727,-0.208918706,-0.180180475,-0.345759004
-0.183378488,-0.0559591837,-0.302253217,-0.0974698216
-0.198913649,0.0804769993,-0.325475484,0.131285131
-0.161928639,0.149401158,-0.26296705,0.247742012
-0.104046881,0.134180635,-0.16957292,0.22818926
-0.0629899353,0.0578264557,-0.102282397,0.103673138
-0.0609479435,-0.0318657681,-0.0982878804,-0.0489422008
-0.0934138671,-0.0890506506,-0.153464392,-0.144845903
-0.13380079,-0.0938997194,-0.22026819,-0.153891429
-0.150078222,-0.0610439703,-0.249219328,-0.0989082307
-0.123301513,-0.0281249639,-0.209051341,-0.0452719443
-0.0576430373,-0.031274043,-0.099843584,-0.0467417203
0.0228916109,-0.0817019939,0.0345338695,-0.13112475
0.088012591,-0.15705733,0.142632738,-0.255135179
0.116400421,-0.212965891,0.18499659,-0.344502389
0.103966802,-0.208687723,0.164390862,-0.34270972
0.0613711253,-0.132511929,0.0994115993,-0.227177843
0.00382222165,-0.0121144708,0.00576924207,-0.0284278858
-0.0593736991,0.0969502106,-0.0955250114,0.157535285
-0.128550872,0.139398143,-0.204183236,0.23141706
-0.208636776,0.0902429447,-0.329790473,0.153849229
-0.299333453,-0.0297098178,-0.464126617,-0.0357340388
-0.387919575,-0.161963448,-0.572640121,-0.228821993
-0.450570196,-0.238584638,-0.628339171,-0.324458569
-0.462617308,-0.216255501,-0.649349928,-0.296125025
-0.412138581,-0.0984097943,-0.614785969,-0.144658431
-0.308518589,0.0661511645,-0.491400599,0.102780953
-0.18007876,0.207429588,-0.292624503,0.332925051
-0.0612372793,0.268516153,-0.0974096581,0.432074815
0.0238445848,0.232189894,0.0422488227,0.380343348
0.0715899318,0.126423016,0.123310044,0.214489102
0.0969289169,0.00681918627,0.164970726,0.0134002706
0.119739726,-0.0737552121,0.196541369,-0.121671349
0.147941977,-0.0916647613,0.239589408,-0.155986816
0.168070391,-0.0611785389,0.273885518,-0.105665803
0.150370568,-0.0215858333,0.249341473,-0.0415686592
0.0670144036,-0.0109712863,0.11845383,-0.021579368
-0.0863334984,-0.0419975594,-0.135688826,-0.0702163279
-0.278641105,-0.0935467258,-0.433444172,-0.144373924
-0.450189859,-0.122936912,-0.645454347,-0.170753047
-0.536881804,-0.0918151587,-0.728636265,-0.117350832
-0.501045644,0.00885037798,-0.705118001,0.0166268516
-0.352796942,0.148848727,-0.542483032,0.230150804
-0.149666205,0.26989466,-0.242832676,0.428387612
0.0271420479,0.312555522,0.0438527316,0.493218988
0.109292045,0.245221764,0.182997093,0.396229237
0.072890684,0.0804023594,0.133358657,0.140189454
-0.0508053713,-0.129670322,-0.0736565143,-0.206232876
-0.19119361,-0.31552434,-0.291079819,-0.475367486
-0.27288112,-0.419589937,-0.389413983,-0.582727075
-0.251698524,-0.418010682,-0.36559698,-0.585981607
-0.134266511,-0.325771362,-0.220077619,-0.500988424
0.0281433072,-0.184705958,0.0295640267,-0.30601564
0.167386204,-0.0421971604,0.266863853,-0.0775371715
0.232838646,0.0682171881,0.375438541,0.103024639
0.21453166,0.135784268,0.350628793,0.213073552
0.143735036,0.169085816,0.241977826,0.270019263
0.072024323,0.184797332,0.124407671,0.298387259
0.0412033759,0.196230978,0.0709585473,0.319221377
0.0607821159,0.20757328,0.0999547914,0.33670336
0.104897648,0.215125725,0.170098141,0.346573055
0.129488975,0.212489322,0.211735308,0.340096265
0.0993852094,0.195113003,0.169789568,0.315425128
0.00982641522,0.161450401,0.0261354297,0.26375851
-0.109547675,0.111411415,-0.170702487,0.185662806
-0.210187018,0.0451817773,-0.336531281,0.0788809061
-0.250696123,-0.0349644423,-0.40135327,-0.0476035476
-0.218889743,-0.12020307,-0.356752515,-0.182556361
-0.137754291,-0.191673025,-0.230798513,-0.302427799
-0.0523494557,-0.222554594,-0.0922945961,-0.357382655
-0.00524059497,-0.187722698,-0.0147175426,-0.311780632
-0.014184163,-0.0780128986,-0.0268761106,-0.137933314
-0.064201504,0.0882113501,-0.105129436,0.139113262
-0.117920481,0.264138907,-0.183636829,0.413673759
-0.137856901,0.387945414,-0.199846715,0.577920198
-0.107850008,0.406901926,-0.153254539,0.607523918
-0.0416639745,0.301846564,-0.0598922297,0.483567119
0.0257700793,0.0997879952,0.0475976914,0.178998604
0.0591515116,-0.133112013,0.101667196,-0.211197004
0.0436234623,-0.31682533,0.0672777444,-0.493206769
-0.00629673665,-0.390420824,-0.0130270226,-0.590844154
-0.0547851585,-0.337633848,-0.0921090171,-0.528236151
-0.0653089583,-0.192883566,-0.11478629,-0.322535247
-0.0222559609,-0.0246979967,-0.045207113,-0.0467309318
0.0585185774,0.0956550539,0.0931874737,0.156647518
0.136277586,0.125471801,0.224723876,0.207091644
0.165830135,0.0672912896,0.27744326,0.111889549
0.121036083,-0.0361546315,0.207906947,-0.0596948676
0.00903335214,-0.125106022,0.0223331992,-0.208976969
-0.132129639,-0.151942298,-0.213427544,-0.249803051
-0.250977755,-0.102143884,-0.401491284,-0.163375288
-0.30598104,0.00212770514,-0.484001815,0.00393422972
-0.28296873,0.115813963,-0.446522385,0.1835289
-0.198425144,0.193680525,-0.317846,0.311903596
-0.0882422477,0.210132763,-0.14413549,0.346849978
0.0110396007,0.16716519,0.0205636527,0.279956877
0.0782434046,0.0885571465,0.132378429,0.150785968
0.113019027,0.0055530793,0.189792067,0.0106166806
0.129390538,-0.0573286228,0.213681951,-0.0955182537
0.142649457,-0.0894073471,0.231960535,-0.148373887
0.158024862,-0.0921291411,0.256462574,-0.155293569
0.167740703,-0.0721144304,0.273794383,-0.122504115
0.157602236,-0.0348706618,0.258876443,-0.0635028332
0.118451774,0.0166386534,0.198033288,0.0199440829
0.0550370254,0.0786267966,0.0953893512,0.124547951
-0.0134772388,0.142185599,-0.0195471086,0.232384905
-0.0620787442,0.192753613,-0.0958174765,0.314978361
-0.0728803128,0.215375215,-0.115939051,0.349683106
-0.0451591723,0.203379273,-0.0717372373,0.335502356
0.00332884793,0.164940909,0.00685532857,0.27473253
0.0447535478,0.122308314,0.0753671899,0.205657691
0.0550157093,0.102389239,0.0952500775,0.168100983
0.0257538334,0.122708045,0.0464769751,0.200595379
-0.0315966159,0.18023926,-0.0474362932,0.289488494
-0.0915578082,0.249968782,-0.14244768,0.396099597
-0.126953468,0.295254081,-0.190316185,0.463372707
-0.121452913,0.285631627,-0.185979426,0.452015847
-0.0762330964,0.213236168,-0.120232172,0.353328645
-0.00805206783,0.099107109,-0.0126958191,0.173687264
0.0595264211,-0.0144794881,0.099010691,-0.0196721535
0.10688702,-0.082387954,0.175067708,-0.138165727
0.125873908,-0.0768597052,0.205051109,-0.132455036
0.121105976,0.000264458504,0.200191915,-0.00817661174
0.10551697,0.119117871,0.174626932,0.188163415
0.0931365788,0.235954732,0.152442068,0.371925414
0.0927663371,0.312470496,0.150186375,0.484569877
0.104964085,0.330757409,0.167095065,0.510333657
0.122712061,0.297206312,0.197933853,0.467117816
0.134588003,0.234748602,0.219586104,0.375338227
0.128855303,0.168750003,0.214620695,0.273702294
0.0973928422,0.114501648,0.165842459,0.188983947
0.0389874913,0.0724575296,0.0708713531,0.121398374
-0.0384544246,0.0324907862,-0.05962082,0.0540529825
-0.117722228,-0.0165824424,-0.191916525,-0.0248032771
-0.175404638,-0.0783443525,-0.286882252,-0.122440562
-0.188843817,-0.145787299,-0.308127493,-0.228284299
-0.145602211,-0.204898328,-0.240626276,-0.32236132
-0.0518488251,-0.241772085,-0.0947862417,-0.38539964
0.0650161952,-0.248564288,0.0938341171,-0.398560524
0.162828863,-0.225031316,0.250507355,-0.361895174
0.19972977,-0.175739899,0.315156549,-0.287051439
0.152611718,-0.105972193,0.250373185,-0.182490841
0.0306292549,-0.0199569669,0.0566050187,-0.0419213139
-0.123839132,0.0770278722,-0.195700318,0.120067835
-0.249465168,0.174460813,-0.388931632,0.275549203
-0.290946901,0.254312009,-0.439013422,0.387128353
-0.2241382,0.294185847,-0.341677219,0.454567373
-0.0693525821,0.276084363,-0.114008918,0.444797724
0.114640594,0.196911797,0.18255949,0.32737118
0.254650891,0.0745549798,0.408144385,0.122035213
0.294933289,-0.0553495847,0.469947368,-0.0890401006
0.222170085,-0.152300924,0.359814346,-0.248496383
0.071386151,-0.188322231,0.121593028,-0.313100934
-0.0906227455,-0.161415622,-0.14662385,-0.27105993
-0.1968759,-0.0976995006,-0.32147935,-0.159700066
-0.211736754,-0.040067032,-0.349654615,-0.061551474
-0.147001266,-0.0280500371,-0.248747528,-0.0394323319
-0.0545506589,-0.0784247667,-0.0964145437,-0.122414902
0.000859367719,-0.176231086,-0.000178655959,-0.283091187
-0.0248724762,-0.281004012,-0.0374208838,-0.444824368
-0.132164553,-0.345519155,-0.201433331,-0.526981413
-0.27684167,-0.33806932,-0.40764454,-0.494487882
-0.391825527,-0.257477373,-0.564326584,-0.367458284
-0.420466393,-0.133654416,-0.617948413,-0.191738978
-0.344650954,-0.0136640482,-0.539969742,-0.0169150122
-0.193501115,0.0597256683,-0.324009925,0.103888422
-0.0283934269,0.066654481,-0.0522955842,0.117359102
0.087898396,0.017436821,0.147602737,0.0335169025
0.122102685,-0.0541515835,0.20408836,-0.0883759335
0.0856722668,-0.107445724,0.144601226,-0.179250404
0.0267811026,-0.11296729,0.0437227786,-0.192013606
0.00351844495,-0.0638163835,0.00134746416,-0.108881436
0.0522948913,0.0237577781,0.080029875,0.0351923667
0.167774484,0.119248085,0.266445696,0.192028746
0.304550111,0.190856844,0.464011043,0.28856203
0.399522841,0.216394141,0.583085477,0.307124585
0.403385341,0.18831633,0.592749,0.269460529
0.305158824,0.112788595,0.484631062,0.171095908
0.137567088,0.00541340979,0.23983416,0.00670230528
-0.0389850102,-0.113240823,-0.0557902306,-0.185346261
-0.165191114,-0.220734373,-0.263611406,-0.347234756
-0.209593326,-0.295033813,-0.327871591,-0.443133026
-0.180113643,-0.317580283,-0.283768147,-0.480573863
-0.115472302,-0.277955979,-0.191679791,-0.437151939
-0.0620892681,-0.178930312,-0.109245591,-0.297444433
-0.0492449105,-0.03898127,-0.0865693614,-0.0729456693
-0.0755244195,0.110506445,-0.122895882,0.176988602
-0.113001138,0.233932048,-0.176010191,0.373514712
-0.125911579,0.303360671,-0.191784978,0.474256694
-0.0929628462,0.30853644,-0.141377956,0.484953016
-0.0208564363,0.260110259,-0.0311203524,0.42353183
0.0582451299,0.184071019,0.0979747772,0.305619776
0.103676252,0.109667182,0.174388498,0.182614669
0.0882149637,0.0565105565,0.152114615,0.0917755961
0.013043493,0.027126912,0.027369881,0.0432659872
-0.0922790915,0.0085097244,-0.148444936,0.0133633092
-0.184622616,-0.0184070598,-0.30039674,-0.0261403657
-0.228718862,-0.0665534064,-0.369634628,-0.100335054
-0.213684991,-0.134363264,-0.346685082,-0.208019897
-0.156025797,-0.205670357,-0.256429434,-0.321096301
-0.0880580097,-0.257792205,-0.147193074,-0.407292306
-0.0387085713,-0.273330212,-0.0694356933,-0.434856564
-0.0177174713,-0.249272197,-0.0326299593,-0.402697057
-0.0122068767,-0.19852756,-0.0239063092,-0.327252507
0.00249337964,-0.143173397,-0.000445382349,-0.239462927
0.0440645255,-0.103157662,0.068068482,-0.170903847
0.107549846,-0.086571604,0.173475236,-0.143695727
0.162599757,-0.0866308138,0.264523357,-0.14381288
0.166517109,-0.0867896378,0.272487581,-0.146127477
0.0872261077,-0.0710211545,0.149799749,-0.123906679
-0.0756968856,-0.0336020775,-0.120319121,-0.0611553006
-0.283649713,0.0168561731,-0.441042095,0.024840055
-0.47059083,0.0612020195,-0.66789639,0.0928694978
-0.569375038,0.0792521238,-0.747872949,0.114679962
-0.540883362,0.0599734783,-0.730363548,0.0925902352
-0.392059296,0.00711735198,-0.594697893,0.0227072928
-0.173950002,-0.0623831898,-0.294989318,-0.0879252478
0.0396651253,-0.126152366,0.0546627343,-0.202931717
0.183217362,-0.166141674,0.28880921,-0.269569248
0.225588933,-0.175601646,0.355436116,-0.284800947
0.179922208,-0.160192356,0.290806353,-0.265610039
0.0934133977,-0.13332063,0.154829428,-0.22520639
0.0230956804,-0.108599469,0.03779025,-0.183750004
0.00987366308,-0.0933914706,0.0131107839,-0.156717762
0.0630296543,-0.0863708332,0.0984309241,-0.142616257
0.161386594,-0.0796832293,0.257534415,-0.131473839
0.268605828,-0.0639675856,0.422272235,-0.1053937
0.353269368,-0.0334018283,0.539221764,-0.0575418249
0.402840346,0.0115761636,0.600067854,0.00767889386
0.424836844,0.0646551922,0.624745846,0.085351035
0.436065406,0.116292633,0.632672727,0.15859355
0.447388619,0.156928897,0.641037643,0.216013446
0.453693449,0.179339767,0.643402576,0.245334715
0.43541643,0.17962876,0.626695454,0.249086767
0.371092796,0.157268897,0.561176479,0.227586403
0.25377208,0.114916988,0.412565738,0.177699611
0.101462811,0.0583673455,0.178794697,0.0942141861
-0.0454320796,-0.00361817493,-0.0699610561,-0.0058170855
-0.139874607,-0.0602158979,-0.229866892,-0.095461756
-0.150051638,-0.100543089,-0.250374317,-0.16057612
-0.0764395148,-0.116404429,-0.134959176,-0.187360555
0.045032084,-0.104741842,0.0650921911,-0.173684269
0.156242251,-0.0686041713,0.250686377,-0.115554169
0.201027349,-0.0160374474,0.327476144,-0.0322427712
0.149224088,0.0426774994,0.251895219,0.0613245443
0.00954321213,0.0981447771,0.025232343,0.156735107
-0.174459785,0.143865496,-0.273205012,0.231566995
-0.34302336,0.17634894,-0.510679126,0.269769967
-0.444430113,0.193678081,-0.624447525,0.28139469
-0.453750193,0.193837062,-0.636274993,0.280367374
-0.378292948,0.174275041,-0.561588168,0.268199861
-0.248866603,0.133414268,-0.39913249,0.222221613
-0.102773413,0.073504895,-0.174629748,0.130624086
0.0321808383,0.00312281144,0.0506899878,0.0097696688
0.144989461,-0.0626287982,0.234793857,-0.102868102
0.237805873,-0.105287656,0.377776593,-0.171578705
0.315275013,-0.109032184,0.484420687,-0.176501125
0.374345064,-0.0673889443,0.563379526,-0.111424401
0.401287198,0.0122331297,0.598945856,0.00776042882
0.378089458,0.108553596,0.570427179,0.152200982
0.294668049,0.191718802,0.459433258,0.283205211
0.15964061,0.23253423,0.264457792,0.362330109
0.00277335499,0.212584153,0.0173354708,0.345946014
-0.133532733,0.131603137,-0.20876509,0.223181009
-0.21048604,0.00923856534,-0.338404536,0.0258823
-0.209302425,-0.119790994,-0.340577632,-0.182174101
-0.13968876,-0.215847954,-0.232690558,-0.338175148
-0.0360070281,-0.246648207,-0.0691058636,-0.395692527
0.0573264733,-0.197627023,0.0844861269,-0.327205867
0.104434781,-0.0769037902,0.167648509,-0.137146249
0.0919506475,0.0868993551,0.154150993,0.132916749
0.0321557671,0.253333986,0.0576586835,0.396016866
-0.0455437936,0.382421643,-0.0597118065,0.575072229
-0.110042319,0.446441054,-0.149127215,0.645897329
-0.143056765,0.437284589,-0.19720234,0.634934247
-0.145865396,0.367095739,-0.211452529,0.556953132
-0.135635927,0.262369543,-0.206635445,0.423237652
-0.134034649,0.154048204,-0.212441027,0.258235753
-0.154490367,0.0674400255,-0.249751583,0.116777882
-0.194773823,0.015518276,-0.314721644,0.0279195961
-0.238471672,-0.00250915205,-0.383507162,-0.00143350684
-0.264196575,0.00225615734,-0.422283918,0.00763852894
-0.257442445,0.014521163,-0.415195167,0.027893167
-0.21880731,0.0207389165,-0.357146978,0.0397296958
-0.164337963,0.012767734,-0.273761243,0.0273663234
-0.117845714,-0.0112958616,-0.197112396,-0.0149820158
-0.0990803465,-0.0482327566,-0.16426158,-0.0770839676
-0.113636009,-0.0913530439,-0.185818434,-0.147803903
-0.149518356,-0.131788597,-0.244660288,-0.212187454
-0.182014316,-0.159575254,-0.294479489,-0.253633529
-0.184565485,-0.165380016,-0.300436348,-0.262409955
-0.140648976,-0.143466398,-0.235062823,-0.229905441
-0.0514033213,-0.0953208208,-0.0929814056,-0.157926187
0.0641399026,-0.0320668295,0.0987633541,-0.0542748943
0.17598699,0.0265794415,0.284278214,0.0391970538
0.254045218,0.0578913689,0.409197569,0.0871361941
0.278352231,0.0449490957,0.445503384,0.0679008663
0.24484168,-0.014964845,0.399727225,-0.0279763117
0.165053144,-0.106856205,0.275551796,-0.176359639
0.0607732497,-0.202245504,0.101235844,-0.328473687
-0.0436388105,-0.270378411,-0.0696134269,-0.431191713
-0.128150806,-0.29179576,-0.203219652,-0.455394477
-0.181067467,-0.267670512,-0.287349343,-0.416316271
-0.199645102,-0.219669163,-0.319564134,-0.344687402
-0.188211456,-0.17948477,-0.306479603,-0.283218652
-0.15531981,-0.172576204,-0.256718457,-0.273416489
-0.111225061,-0.204176947,-0.185501546,-0.32574597
-0.0662049726,-0.255163908,-0.111211441,-0.402810603
-0.029496897,-0.290759236,-0.0539148152,-0.458255917
-0.00829799846,-0.278410733,-0.0203192066,-0.445810676
-0.00649404339,-0.205998704,-0.0157710016,-0.340948969
-0.0233218782,-0.0906883329,-0.0421904549,-0.156461567
-0.0526476428,0.0269360468,-0.0879998952,0.0412470214
-0.0836251974,0.101340018,-0.136134252,0.167197466
-0.103083588,0.104196854,-0.166605547,0.177183017
-0.0992508382,0.0389064029,-0.161971495,0.0715708509
-0.0657094494,-0.0603470393,-0.112077639,-0.0928148925
-0.00415792502,-0.145000651,-0.010910376,-0.234910414
0.0751833841,-0.175874665,0.114670001,-0.289464593
0.155903101,-0.142129406,0.246846914,-0.238156036
0.219850808,-0.0655780956,0.350799382,-0.114416033
0.252289444,0.0118630892,0.405421376,0.011908507
0.246047214,0.0508700758,0.398367673,0.0753818676
0.203330114,0.0353993438,0.335780025,0.0554257296
0.134712517,-0.0196973998,0.228948817,-0.0335089788
0.0558188707,-0.0780814216,0.0981219709,-0.130872846
-0.0170537867,-0.102972612,-0.0285424367,-0.172898173
0.0780128986,-0.262407005,0.114516899,-0.403354585
0.147823319,-0.225857258,0.223566681,-0.370259285
0.147721738,-0.158813924,0.239592209,-0.266819
0.0715980977,-0.0900738835,0.122628063,-0.157460645
-0.0561030246,-0.0453884229,-0.0888001397,-0.0796372592
-0.189616278,-0.0351350419,-0.305646092,-0.0548129193
-0.280594677,-0.0499032922,-0.444108605,-0.0733991861
-0.298127472,-0.0669818595,-0.471856058,-0.0979083702
-0.241136417,-0.0647260547,-0.39219144,-0.097494334
-0.137749076,-0.0370453671,-0.23567991,-0.0577459335
-0.0322546922,0.000415302697,-0.0588987283,0.00129073148
0.0341291316,0.0167649146,0.056739036,0.0283281412
0.039889168,-0.0174224619,0.0717808306,-0.0280918591
-0.00989726,-0.111563221,-0.0112512251,-0.181050062
-0.0886650085,-0.244817168,-0.139029413,-0.387346268
-0.162036762,-0.370628178,-0.246454582,-0.548766792
-0.203019232,-0.435204089,-0.296946108,-0.615851939
-0.201692656,-0.401781589,-0.302217394,-0.581788242
-0.165777937,-0.269080549,-0.26886639,-0.422605008
-0.113299005,-0.0746806785,-0.198202997,-0.130285591
-0.0622559041,0.118908286,-0.107372038,0.190820038
-0.0229901969,0.249449298,-0.0348453037,0.399787396
0.00337195303,0.28005293,0.0118725356,0.446946621
0.0208629947,0.212883487,0.0413806699,0.352654397
0.0326191895,0.0857688487,0.0591951124,0.150151178
0.0371779688,-0.045967117,0.0647363067,-0.0729566664
0.0295344982,-0.13352862,0.0482866354,-0.221810162
0.00603607204,-0.153538987,0.00742794061,-0.257958859
-0.0304603111,-0.113992684,-0.0532869212,-0.193448976
-0.0690952241,-0.0460181758,-0.116213024,-0.0802343041
-0.0949164331,0.0132461274,-0.158143312,0.0214009881
-0.0964787975,0.0379126817,-0.162022218,0.0660877824
-0.0727940798,0.0229741223,-0.121480182,0.0426988117
-0.0351538546,-0.016991321,-0.0612708442,-0.0250806045
-0.00196560659,-0.0578762144,-0.00456789834,-0.0943501592
0.0112458989,-0.0789588168,0.0172987841,-0.132537782
0.00138176337,-0.0722839981,0.000636005192,-0.122865878
-0.0187845659,-0.0446622819,-0.0310499724,-0.0771467537
-0.0260209702,-0.0123889875,-0.0453295521,-0.0219303481
0.00106411276,0.00790251512,-0.00077696162,0.0130942976
0.0688957423,0.00757983932,0.111968488,0.0138633242
0.162144437,-0.0101207113,0.263306171,-0.0174092446
0.247728333,-0.0319344476,0.395286262,-0.0547246151
0.288716197,-0.0408156402,0.455895692,-0.0710442215
0.261949927,-0.023700757,0.421441048,-0.0450649038
0.170768902,0.0223404858,0.286604315,0.0284066498
0.0460783951,0.0878037363,0.0835705921,0.138687134
-0.0655753613,0.153062537,-0.1027859,0.24758774
-0.12190029,0.194533467,-0.194114879,0.31611979
-0.103587069,0.192714393,-0.166899279,0.318765372
-0.0230102725,0.139431447,-0.0408420525,0.237996876
0.0813325718,0.0416690744,0.133981377,0.0760122538
0.162128255,-0.0797450617,0.26494053,-0.127220035
0.184222609,-0.196638152,0.294889957,-0.314477593
0.139538914,-0.283168793,0.218496546,-0.446603477
0.0492643937,-0.325081885,0.0758168548,-0.50804764
-0.0471859053,-0.324651599,-0.0757554919,-0.508215904
-0.1106764,-0.298872262,-0.178946912,-0.467611551
-0.119324125,-0.271272868,-0.195119485,-0.426877677
-0.0761507303,-0.260734469,-0.131261289,-0.411767274
-0.00454864511,-0.272382796,-0.0153907584,-0.430737972
0.0652508065,-0.294979751,0.095854573,-0.462193131
0.11136771,-0.306326002,0.166862801,-0.479226559
0.129486024,-0.284304053,0.198293611,-0.449420184
0.131959528,-0.218281314,0.20581834,-0.355552077
0.138046622,-0.115234844,0.221260861,-0.197176844
0.160953611,0.00251683174,0.261607975,-0.00305421301
0.198714599,0.106882229,0.321287155,0.167240515
0.233673245,0.17605114,0.372609228,0.273149371
0.240774974,0.202973023,0.382148623,0.314264715
0.200411543,0.196148321,0.324484229,0.308846444
0.109388314,0.172763586,0.188171402,0.277750462
-0.0153542086,0.14830941,-0.0158057697,0.242841467
-0.142040938,0.128634393,-0.224587098,0.211521223
-0.235921875,0.108882159,-0.372761875,0.178478479
-0.272383004,0.0797306895,-0.432220519,0.132298484
-0.245755509,0.0370329469,-0.3966524,0.0686027631
-0.170489669,-0.0112133371,-0.285539895,-0.0112571009
-0.0747860819,-0.0453682281,-0.130712196,-0.0716816857
0.0102370726,-0.0428169109,0.0129667232,-0.0726111531
0.0614255369,0.00924683828,0.100644439,0.0107253976
0.0706907809,0.103723705,0.117138281,0.164629176
0.0464051291,0.212170765,0.0798197165,0.338855505
0.00935023371,0.293894112,0.0219550002,0.462336421
-0.0149150481,0.312148422,-0.0174610391,0.490343899
-0.00473011285,0.250262588,-0.00149117527,0.408485472
0.0503698513,0.120232172,0.0838191882,0.20780094
0.145606875,-0.0403398797,0.237364456,-0.0584939383
0.261300892,-0.181802839,0.403743267,-0.282962173
0.367828757,-0.260759741,0.526394486,-0.383222789
0.434283257,-0.255545914,0.599954188,-0.366895974
0.438624918,-0.172954038,0.621678412,-0.259512186
0.376116723,-0.0443031788,0.569870114,-0.0809936374
0.262737095,0.0866876021,0.424600571,0.124606788
0.131515995,0.178992733,0.221700788,0.281802207
0.0221974105,0.206839472,0.0439512767,0.336183459
-0.0325554647,0.166056365,-0.0481809974,0.27753073
-0.0193050951,0.0732313022,-0.0317891464,0.129979342
0.0506610796,-0.0409866087,0.0823984817,-0.0614959635
0.145103276,-0.141835809,0.231505752,-0.228769124
0.222726107,-0.200747579,0.346065462,-0.32045415
0.248531073,-0.203385189,0.383834273,-0.325108737
0.206379429,-0.153331563,0.329725474,-0.254191637
0.103736274,-0.070200175,0.175155804,-0.1266561
-0.0329183005,0.0176512934,-0.0494658053,0.0227757022
-0.16936858,0.0837386772,-0.270182848,0.136546105
-0.276208401,0.113599703,-0.430195987,0.182824358
-0.337163359,0.110120796,-0.514832139,0.177428484
-0.350306123,0.0911249667,-0.535023451,0.146479696
-0.323124349,0.0795901269,-0.502234638,0.130739346
-0.265415996,0.0906766132,-0.424272567,0.149807736
-0.184583098,0.122046776,-0.301992565,0.201287359
-0.0858284608,0.15312995,-0.144322529,0.254146427
0.023716554,0.154893771,0.0384625569,0.259175807
0.13071844,0.106083117,0.216282547,0.177378148
0.21543406,0.00772074051,0.350625485,0.0151890917
0.257435322,-0.112493701,0.409047931,-0.178049594
0.245263278,-0.209748015,0.382191211,-0.331596285
0.18485935,-0.242279857,0.290214747,-0.387595892
0.10119611,-0.192550287,0.161978677,-0.321433783
0.0304219145,-0.078227289,0.0479288995,-0.139035836
0.00477117114,0.0538352728,0.00482390635,0.0838619843
0.0369056426,0.148892164,0.0587492138,0.245422438
0.111702159,0.170792043,0.181228444,0.280914813
0.190692961,0.120045491,0.311298817,0.197929054
0.228460222,0.0334973522,0.372053653,0.0546735451
0.194111511,-0.0350644067,0.320968747,-0.0624487363
0.087723814,-0.0437738262,0.151003361,-0.0808958188
-0.0567366518,0.014184163,-0.0898193121,0.0159029849
-0.184494093,0.106006689,-0.297114193,0.170416966
-0.243845627,0.17656219,-0.381555259,0.281212807
-0.210076407,0.179011956,-0.334663361,0.293304443
-0.0980503112,0.102516621,-0.164740831,0.180253044
0.0429536961,-0.018403966,0.0681149662,-0.0220579896
0.150350228,-0.118985705,0.243401363,-0.193154007
0.175858647,-0.136871919,0.284109145,-0.228359178
0.10688509,-0.0455277823,0.17966494,-0.0879573151
-0.0283049624,0.129468262,-0.0416044444,0.200966075
-0.174039915,0.320613772,-0.257321179,0.484857023
-0.272952646,0.450665116,-0.367626518,0.622428238
-0.291803569,0.47051692,-0.383344263,0.638257265
-0.235298082,0.383137941,-0.335058987,0.566346467
-0.14160572,0.241022527,-0.220567867,0.394141883
-0.0620968975,0.118487023,-0.101460591,0.204293132
-0.0353572741,0.0733935386,-0.0571236573,0.123096101
-0.0681920946,0.118372075,-0.108620569,0.190796509
-0.132848844,0.216366351,-0.207458705,0.342733026
-0.181776658,0.302195668,-0.274254471,0.466036409
-0.172725931,0.317954123,-0.258912981,0.491561979
-0.0919459909,0.24299024,-0.146192059,0.397936821
0.0359546915,0.102699652,0.0583639219,0.181629136
0.156681165,-0.0476376712,0.256682038,-0.0732829794
0.209947571,-0.153973013,0.334860265,-0.248604953
0.157596961,-0.191664398,0.254991353,-0.316027045
0.00333828153,-0.175110444,0.00924155209,-0.295500696
-0.205077186,-0.144270658,-0.323032349,-0.234658867
-0.392676055,-0.136913538,-0.580291629,-0.19754301
-0.486198395,-0.163566291,-0.676033616,-0.21515125
-0.443065643,-0.200360984,-0.631962478,-0.272279143
-0.268399149,-0.204317853,-0.426802725,-0.305894405
-0.0132957483,-0.142207682,-0.0395326093,-0.23228547
0.244564936,-0.0157407857,0.380517811,-0.032924898
0.429793209,0.132612973,0.622721791,0.180984333
0.496021003,0.238073349,0.672291994,0.307921946
0.440323651,0.247167692,0.620675862,0.337091178
0.300600022,0.148187876,0.478206903,0.227741316
0.138127759,-0.0189013612,0.242141098,-0.028789334
0.0130725726,-0.179665759,0.025131043,-0.291799873
-0.0371930934,-0.261262566,-0.0656042993,-0.418026358
-0.0090418458,-0.228537098,-0.0259174146,-0.373190045
0.0702760518,-0.100980289,0.105586089,-0.176481739
0.156834692,0.0584493689,0.250361919,0.0872188434
0.209003404,0.176484555,0.335666299,0.275324732
0.203466907,0.20676592,0.328523368,0.322997838
0.142503351,0.151294336,0.241382837,0.246111974
0.0506835021,0.0552543588,0.0937120616,0.0933124125
-0.0365984701,-0.0208916198,-0.0580690019,-0.0341057852
-0.0874888003,-0.0358179212,-0.146784544,-0.0597691163
-0.0851484537,0.0110304523,-0.147608295,0.0169724897
-0.0323516056,0.0821284726,-0.0585747696,0.1365401
0.0516283587,0.126395121,0.0844939351,0.210238993
0.139584422,0.110743575,0.228824541,0.183200434
0.20633693,0.040194612,0.337142289,0.0664984584
0.236133412,-0.0449545272,0.38301909,-0.0737887621
0.225256965,-0.0929568112,0.363881648,-0.154894277
0.180017933,-0.0713134333,0.29303202,-0.125186741
0.112219647,0.0136826169,0.18761757,0.0130893951
0.0347831473,0.120010346,0.0612396412,0.193019524
-0.040635474,0.193835706,-0.0595977232,0.314535022
-0.103886507,0.200335205,-0.162031174,0.328912705
-0.145777836,0.143396348,-0.232077077,0.240884081
-0.158527523,0.0625773221,-0.259353846,0.110156253
-0.138130054,0.00896053296,-0.230435893,0.0196824726
-0.0878673345,0.0139695425,-0.151613086,0.0235657506
-0.020745879,0.0695843995,-0.0388382338,0.113859221
0.0415854305,0.132031411,0.0674751997,0.216456905
0.0745208338,0.147465557,0.125750035,0.244225219
0.0594565757,0.0851557553,0.106138058,0.145664364
-0.00753722433,-0.041210223,-0.00533526018,-0.0640168712
-0.111620612,-0.177242383,-0.17678161,-0.283664316
-0.222510353,-0.255677521,-0.346487105,-0.393019289
-0.304893583,-0.233438924,-0.465859562,-0.353036582
-0.332102984,-0.117156319,-0.518188536,-0.181928948
-0.297199816,0.0378533117,-0.474724114,0.0593029484
-0.216253847,0.155688986,-0.348484784,0.252022207
-0.12186335,0.180404648,-0.19816573,0.300816864
-0.0494221188,0.106930181,-0.0787864625,0.186050653
-0.0221739113,-0.014984603,-0.0334310383,-0.0176116601
-0.0418778881,-0.106735162,-0.0679076612,-0.176142499
-0.0894003883,-0.103327021,-0.151121929,-0.175207704
-0.134847626,0.010350123,-0.225137874,0.0104345633
-0.152227774,0.189170152,-0.247203991,0.300251752
-0.131408483,0.349373132,-0.197458953,0.530826807
-0.0815119073,0.411096007,-0.116229877,0.612071753
-0.0242539886,0.339601189,-0.0308080502,0.533746898
0.0190787539,0.163647085,0.0377772637,0.279209971
0.0399768986,-0.0384373479,0.0713360757,-0.0556424037
0.0476277024,-0.177441344,0.0772896558,-0.289252669
0.0635180548,-0.19647707,0.0961308926,-0.325366199
0.108346283,-0.0966506824,0.170514315,-0.169356778
0.188170835,0.0670651868,0.299416274,0.099586159
0.287491918,0.216182783,0.438139439,0.324383855
0.373652756,0.288388699,0.53887248,0.407638222
0.411144674,0.265828252,0.587156594,0.372593939
0.37906155,0.178439111,0.569079697,0.260987192
0.28289628,0.0826689005,0.456956714,0.126306161
0.154311985,0.0287400689,0.262474,0.0408868492
0.0383501276,0.0346374176,0.0672804266,0.0527542271
-0.0261374507,0.0800001323,-0.044054877,0.131759524
-0.0234765839,0.121432111,-0.0387512296,0.20268169
0.0326880924,0.119138032,0.0521246418,0.201556936
0.107071504,0.0595140755,0.178210378,0.102719724
0.160356849,-0.0382286534,0.264315486,-0.0598356575
0.167911246,-0.133693069,0.273017079,-0.218514293
0.130330548,-0.187391758,0.211403236,-0.308246732
0.0708251894,-0.180581048,0.114037126,-0.300542206
0.0212967284,-0.122575,0.0309700239,-0.207719624
0.00479022041,-0.0431309789,0.00498516997,-0.0759013295
0.0237795413,0.0241567623,0.0367183425,0.0389253832
0.0604900829,0.0574223101,0.100325607,0.0964953378
0.0888702646,0.0530634671,0.14882876,0.0886468068
0.0913736969,0.0216089208,0.155327588,0.0356560759
0.0708852112,-0.022268679,0.12171077,-0.0378283598
0.0505393483,-0.0681230351,0.0843242258,-0.113286473
0.0606999658,-0.111418083,0.0968881324,-0.183903381
0.119616129,-0.148929626,0.189015567,-0.242851019
0.218349159,-0.172993645,0.339078426,-0.276451886
0.319114685,-0.170537665,0.48125568,-0.265632719
0.369673282,-0.129219085,0.553363383,-0.203296795
0.327999711,-0.0474174581,0.511327207,-0.08484786
0.185478851,0.0588898137,0.309237927,0.0834053606
-0.0234256033,0.158472493,-0.0258460306,0.251973301
-0.231224552,0.217257127,-0.349561691,0.340047956
-0.364005178,0.215089157,-0.530031025,0.326374352
-0.373077989,0.157452032,-0.556117475,0.246184349
-0.257079422,0.074577935,-0.415275812,0.130301237
-0.0638287365,0.00709208148,-0.117689811,0.0213515703
0.129564896,-0.0148010328,0.206432819,-0.0257368535
0.249674469,0.0127558745,0.398462385,0.0137066264
0.257882148,0.0655225441,0.416908503,0.0944409817
0.165477842,0.105227426,0.278328747,0.164023817
0.0260004252,0.102027133,0.0528828166,0.167134166
-0.0912670493,0.0527004376,-0.145405293,0.0902623981
-0.133988246,-0.0162250865,-0.221809149,-0.0185426548
-0.0902957171,-0.0629931614,-0.157203555,-0.0998187959
0.00761057436,-0.0552381985,0.00447844155,-0.0928375125
0.100918993,0.00911271293,0.16381754,0.00988988951
0.133851111,0.0971052945,0.221530974,0.152158976
0.0810383335,0.156087235,0.141032502,0.251533359
-0.0404235013,0.141820118,-0.056801565,0.235145316
-0.179695666,0.044501137,-0.284614503,0.0805149078
-0.277102917,-0.101799875,-0.434936345,-0.149473578
-0.292988807,-0.232390001,-0.450382322,-0.341523647
-0.226634532,-0.281996906,-0.357489258,-0.424999774
-0.116354212,-0.21660547,-0.19986403,-0.349844128
-0.0209918059,-0.05085361,-0.0440545343,-0.0938593522
0.00815594755,0.157882676,0.0133494679,0.249511242
-0.048360534,0.335573077,-0.0660033673,0.513828337
-0.168904513,0.424438119,-0.230388403,0.614168882
-0.300558716,0.406320959,-0.406201035,0.572731316
-0.383020431,0.30577606,-0.531073809,0.441991836
-0.375291198,0.173067659,-0.552910328,0.269681662
-0.272989988,0.0574962534,-0.437470853,0.103146404
-0.108894438,-0.0144549422,-0.189312831,-0.014890492
0.0627177954,-0.0456005782,0.0961368531,-0.0746127665
0.19004178,-0.0579284802,0.305845886,-0.0975638404
0.244835272,-0.0738721564,0.394085765,-0.123032287
0.231444389,-0.100984581,0.374159545,-0.166873232
0.180687353,-0.128851324,0.2948533,-0.212208033
0.132642731,-0.138989329,0.21562469,-0.231076658
0.117159426,-0.12043374,0.190758631,-0.201341107
0.141255036,-0.0804578662,0.229068398,-0.136881202
0.188623279,-0.0431619249,0.304045618,-0.0732473806
0.230367333,-0.0363493972,0.370884597,-0.0622716285
0.240832612,-0.0744764879,0.38742435,-0.121307276
0.210453078,-0.14807792,0.338956773,-0.237290949
0.149565026,-0.226399496,0.238459885,-0.362777352
0.0819499567,-0.272225231,0.127063066,-0.434059739
0.0319685936,-0.26070261,0.046369046,-0.420882374
0.0120664639,-0.1916105,0.0133015662,-0.318717986
0.0168824941,-0.088362813,0.0224223472,-0.152032346
0.0266244505,0.0152194956,0.0423192643,0.0219207779
0.0176700689,0.0923163518,0.0298141371,0.150944367
-0.0251503717,0.134516805,-0.0369120501,0.221544877
-0.100781634,0.151037842,-0.159633234,0.248065516
-0.192458823,0.157227203,-0.301265031,0.254681051
-0.276092291,0.160488173,-0.425823003,0.255762815
-0.332219899,0.153329089,-0.502434969,0.240197793
-0.35552609,0.118661843,-0.537546456,0.18887414
-0.357183993,0.0444527492,-0.544429898,0.0779371709
-0.358820021,-0.0617335327,-0.546265721,-0.0828979611
-0.380991668,-0.168673247,-0.566101432,-0.240050137
-0.431745499,-0.232639045,-0.610977173,-0.323224038
-0.500836611,-0.219350234,-0.677470326,-0.29174304
-0.562569916,-0.124984749,-0.741336465,-0.16129674
-0.586224675,0.0163791049,-0.765080988,0.0243890174
-0.549514532,0.144980341,-0.727965295,0.198216483
-0.449120253,0.202654913,-0.631615758,0.293601453
-0.303613394,0.161667332,-0.46902889,0.262470633
-0.14743796,0.0396787599,-0.247039542,0.0799760371
-0.0184862316,-0.107954428,-0.0334349647,-0.17016241
0.0555278547,-0.215488225,0.0861947834,-0.347462803
0.0663550645,-0.239877269,0.102799997,-0.389961302
0.0266502351,-0.18217352,0.0408016518,-0.305558503
-0.0365266092,-0.0855436251,-0.0613170788,-0.149910003
-0.0929885209,-0.0105484035,-0.155222505,-0.0195761789
-0.120615453,-0.000682284415,-0.200373009,0.00420253072
-0.112057894,-0.0567955449,-0.186197266,-0.0873304978
-0.074802421,-0.134686947,-0.128950164,-0.215538576
-0.0253982991,-0.16797474,-0.0481185354,-0.276042253
0.0190361384,-0.104745142,0.0260299239,-0.179641575
0.0481405593,0.0612660162,0.0750755295,0.0921708271
0.0615392998,0.281837314,0.0984129906,0.435395211
0.0671185404,0.473296404,0.103415608,0.668565214
0.0757101774,0.554528952,0.110501453,0.740485489
0.0949166864,0.485146463,0.14291738,0.683996797
0.124880031,0.284777254,0.204010576,0.455564111
0.157689646,0.0240017083,0.265494257,0.0509118065
0.180447564,-0.2082479,0.287882924,-0.327191144
0.180518433,-0.34439826,0.267159998,-0.522788346
0.150754407,-0.365618527,0.220289126,-0.556639016
0.0926738605,-0.304321498,0.140363663,-0.482618868
0.0164789706,-0.222162977,0.0237237699,-0.367026567
-0.0620100498,-0.176065013,-0.102281861,-0.289970636
-0.126387,-0.189982444,-0.20557268,-0.302939951
-0.16494745,-0.246059075,-0.262471825,-0.380681455
-0.174476698,-0.298067063,-0.274322361,-0.455037057
-0.161241025,-0.298494875,-0.257848293,-0.459882617
-0.138715565,-0.224327475,-0.22895664,-0.360304981
-0.122603513,-0.0883797631,-0.210172579,-0.150857508
-0.124669559,0.068485409,-0.208994463,0.108284712
-0.147530407,0.198665634,-0.234248474,0.318263799
-0.182518303,0.270506263,-0.278097957,0.424957067
-0.211898759,0.280534685,-0.320037246,0.436742634
-0.21520184,0.249932915,-0.328054935,0.39392826
-0.177684128,0.208761141,-0.279994905,0.33801353
-0.0976909027,0.177701309,-0.160415247,0.294170052
0.0103920382,0.157619536,0.0148224374,0.262743592
0.119528316,0.132164538,0.195448205,0.218691632
0.199204847,0.0810431987,0.326074809,0.132084236
0.227181867,-0.00420455821,0.37080133,-0.00737756072
0.199013785,-0.111136265,0.326547205,-0.179266199
0.130907655,-0.20921497,0.212123036,-0.337459743
0.0539466143,-0.263033152,0.0841773897,-0.420796037
0.0013886597,-0.248949319,-0.00202137185,-0.404134244
-0.00591883855,-0.166558757,-0.0175958686,-0.279396534
0.0304026399,-0.0393944606,0.0428014509,-0.072467871
0.0856904835,0.0950694159,0.138508812,0.153301835
0.122224137,0.200789139,0.199842662,0.319598079
0.106092736,0.256403089,0.175710306,0.404524386
0.0238244832,0.260610282,0.048863817,0.414739549
-0.108790696,0.228314608,-0.162076548,0.367547542
-0.250255853,0.180720881,-0.381994545,0.289061069
-0.34857887,0.134963363,-0.524276853,0.212726846
-0.362142295,0.0981565118,-0.549475372,0.156927824
-0.277398646,0.0677525699,-0.443042457,0.115754105
-0.115597017,0.0366367139,-0.199651137,0.0685344562
0.0746631548,-0.000672373921,0.116654679,0.00443710573
0.236090764,-0.0441753753,0.376070708,-0.0720367879
0.324656397,-0.0884165317,0.503359854,-0.141743779
0.325463176,-0.125529125,0.502044022,-0.199428678
0.255910575,-0.149017304,0.405405134,-0.243025616
0.155256316,-0.156111747,0.253170371,-0.259479314
0.0657571554,-0.1478609,0.108061403,-0.246620998
0.014184163,-0.127657473,0.0208538882,-0.212764382
0.00201502908,-0.0996816754,-0.000106159234,-0.166505039
0.00828960165,-0.0683979392,0.01064857,-0.114655949
0.00306492136,-0.0391368642,0.00454066647,-0.0671417788
-0.0354955159,-0.0187473968,-0.0565050989,-0.032087259
-0.108821675,-0.0150353303,-0.176932439,-0.0249669421
-0.196253479,-0.0344085358,-0.317600995,-0.0515847132
-0.264496714,-0.0784016177,-0.419568568,-0.117550887
-0.283349752,-0.140786082,-0.44584468,-0.211447403
-0.239959732,-0.207134917,-0.381681889,-0.314677328
-0.144831106,-0.257832527,-0.238175541,-0.400555253
-0.0270241965,-0.273991138,-0.0533887036,-0.433890551
0.078714706,-0.244285524,0.116016023,-0.393475592
0.146397695,-0.170041591,0.230203062,-0.28133741
0.167911217,-0.0663439035,0.271355599,-0.118644953
0.152915612,0.0416919217,0.252569258,0.0610820949
0.120442122,0.12654072,0.202187017,0.202398837
0.087204814,0.167312652,0.146995783,0.271936804
0.0589903928,0.157051608,0.100760169,0.26095435
0.0294849239,0.105524004,0.0539269634,0.177090794
-0.01331475,0.0361612737,-0.0176332537,0.0635692254
-0.0771108866,-0.0221499056,-0.124289222,-0.0359075852
-0.157648355,-0.045756612,-0.257070959,-0.0748648345
-0.237980679,-0.0255268309,-0.382610291,-0.0395249128
-0.295423269,0.0290180463,-0.467371017,0.047166381
-0.312681943,0.0928551108,-0.488367289,0.147433132
-0.287205756,0.135317445,-0.450017571,0.217050835
-0.233539671,0.133231863,-0.373528719,0.219846815
-0.17700614,0.0821179524,-0.288646728,0.142848536
-0.141590387,0.0004348816,-0.234640166,0.00790172536
-0.138058692,-0.0757264495,-0.226932943,-0.11902725
-0.158415109,-0.106258757,-0.259110391,-0.17284134
-0.179702505,-0.0639666989,-0.296855778,-0.106133856
-0.175436705,0.0521329194,-0.291801393,0.082921423
-0.129048228,0.213157848,-0.209308997,0.339586794
-0.042627085,0.368725091,-0.0658126399,0.558865726
0.0633966252,0.464740455,0.0949599668,0.66501832
0.159432665,0.46386081,0.23215051,0.655609906
0.220110431,0.360411972,0.332572788,0.534649551
0.235151544,0.183541715,0.378470182,0.294105649
0.212444127,-0.0129165268,0.352477223,-0.0169238746
0.172156215,-0.169979379,0.278042704,-0.273632348
0.135394692,-0.244748875,0.21102652,-0.391172349
0.113667257,-0.22505796,0.176060528,-0.368053436
0.10478314,-0.132056624,0.166187197,-0.226011708
0.097163029,-0.0102224993,0.160169989,-0.0244323295
0.0797847882,0.0907708183,0.134573609,0.14516224
0.0517412387,0.134965912,0.0899760276,0.222808748
0.0254504792,0.112595737,0.0483058058,0.190333977
0.0210059229,0.0418299399,0.0389882177,0.0745379105
0.054211542,-0.0401565544,0.0896142498,-0.0637040809
0.124794118,-0.092779018,0.199422911,-0.151920184
0.211870477,-0.0881399289,0.337244391,-0.148440316
0.2804268,-0.0217202175,0.441343933,-0.0443188176
0.296867251,0.0859323665,0.465490818,0.123607822
0.246505946,0.196754783,0.391233236,0.296745807
0.144016728,0.268997014,0.238147005,0.416355908
0.0305522643,0.272330731,0.0599973872,0.433196127
-0.0425566845,0.198928818,-0.0608865246,0.330408156
-0.0368483178,0.0666384846,-0.0604306944,0.120770149
0.0540852398,-0.0869146287,0.0847997814,-0.135284498
0.198828831,-0.217297897,0.304660141,-0.340619445
0.339531004,-0.288753092,0.484279126,-0.425581455
0.416216284,-0.286570817,0.573349953,-0.409040183
0.393444985,-0.221722975,0.566567361,-0.332870156
0.277149379,-0.1259339,0.436873108,-0.209912077
0.113570258,-0.0390642621,0.193679169,-0.0749966949
-0.0297795888,0.00620386563,-0.0443302356,0.0067399391
-0.0929744393,-0.0037808558,-0.15500167,-0.00210962794
-0.0496140234,-0.0600001402,-0.0880691186,-0.0916944668
0.081685476,-0.136579663,0.125030324,-0.218882173
0.245294154,-0.203177899,0.373862922,-0.316402823
0.372372866,-0.238224983,0.536858261,-0.352361739
0.409827024,-0.23706834,0.582216203,-0.346996427
0.341727793,-0.211635217,0.510642111,-0.324240625
0.194228813,-0.182337523,0.313959658,-0.300764978
0.0225959364,-0.166616932,0.0419119447,-0.278385252
-0.113148972,-0.169956803,-0.182996109,-0.276640445
-0.172866166,-0.183694899,-0.281504869,-0.290207088
-0.150699407,-0.190371633,-0.250480056,-0.302027345
-0.0739244074,-0.173522323,-0.130174488,-0.281059533
0.0119009241,-0.126730517,0.0117444322,-0.210872874
0.063861981,-0.0574119836,0.102116399,-0.0998721197
0.0591808148,0.0162697304,0.0994166955,0.0213327631
0.00226500025,0.0733940378,0.00893243682,0.118798025
-0.0803797171,0.0989365727,-0.12633422,0.164617822
-0.153622285,0.0889568552,-0.249329075,0.149602368
-0.188725129,0.0504459403,-0.306584537,0.0884123817
-0.173438117,-0.00307618617,-0.286137402,0.00345609081
-0.113881283,-0.0571769997,-0.192162067,-0.0895715058
-0.0290540736,-0.100385293,-0.0546251759,-0.163253099
0.0581885353,-0.125196993,0.0901718065,-0.20647721
0.12918219,-0.127322778,0.205737114,-0.211646855
0.173563465,-0.105381384,0.281529605,-0.176690757
0.18906936,-0.0624438673,0.305649936,-0.108360112
0.178761482,-0.00869414955,0.293932468,-0.020314211
0.148063809,0.0374697447,0.247889444,0.0572573841
0.103174254,0.0527483262,0.173937857,0.0852661803
0.050905697,0.0174067859,0.0915241763,0.0292204544
-0.00111557555,-0.0738013834,0.00219683908,-0.117037557
-0.0450609811,-0.203667849,-0.073037371,-0.325084329
-0.074637197,-0.332993954,-0.120323889,-0.509414434
-0.087167412,-0.411743492,-0.136159927,-0.606049597
-0.0846940279,-0.397911519,-0.135810778,-0.594730198
-0.0731947124,-0.276532471,-0.1253286,-0.445298582
-0.0601078272,-0.0699079484,-0.107810877,-0.127348721
-0.0514221899,0.166798756,-0.0879718661,0.265432745
-0.0498802699,0.364112645,-0.072115913,0.552489698
-0.0551449321,0.463807315,-0.0689746737,0.666549146
-0.0655134618,0.440732211,-0.0838976577,0.645913124
-0.0797549412,0.311535835,-0.114170752,0.495179147
-0.0975953713,0.126735553,-0.15306893,0.220417738
-0.118382633,-0.049944859,-0.191769198,-0.0742362067
-0.138924077,-0.16557999,-0.22677514,-0.264867425
-0.152427599,-0.195142567,-0.250092447,-0.311849982
-0.150151044,-0.145432144,-0.248597503,-0.238054395
-0.125779957,-0.0461603478,-0.214329749,-0.0791784301
-0.0805508569,0.0657204539,-0.138269693,0.1073239
-0.0259667747,0.16024366,-0.043502938,0.262969881
0.0184565708,0.22125864,0.0325976126,0.359346718
0.0326371863,0.244875774,0.0580312721,0.393727034
0.00578474766,0.233229205,0.0179570951,0.375990301
-0.0561258681,0.189091817,-0.0824260786,0.310012072
-0.129752576,0.115088798,-0.20528546,0.192988098
-0.182305291,0.0172673762,-0.294781595,0.0357827581
-0.185451493,-0.0907482952,-0.302486062,-0.138881564
-0.129215285,-0.187573284,-0.216578871,-0.296418488
-0.0290695392,-0.249924809,-0.0569847152,-0.395785958
0.0992891416,-0.0212762449,0.149071515,-0.0553199984
0.0303506963,0.00615540845,0.0658906251,0.0108161205
-0.0310135428,-0.0318999551,-0.0479636267,-0.0489258803
-0.0657275617,-0.111262731,-0.107354306,-0.177411169
-0.0605919547,-0.188884258,-0.10290923,-0.303204894
-0.0183466449,-0.225228071,-0.0378382653,-0.363447785
0.0400089286,-0.202481121,0.0574733801,-0.331922799
0.0835497081,-0.129629239,0.132095248,-0.220396742
0.0868334472,-0.033393085,0.142636105,-0.0642426908
0.044012107,0.0581284389,0.0764031336,0.0906467587
-0.0267488547,0.12896359,-0.0389145501,0.20995982
-0.0918838978,0.178634495,-0.144820705,0.291020185
-0.120023489,0.215042844,-0.189692155,0.348197967
-0.0990620926,0.243180513,-0.155253738,0.392562866
-0.0429776125,0.258265495,-0.0678448454,0.41543889
0.01589467,0.24854134,0.0292946976,0.400750935
0.0452652909,0.206148222,0.0808364302,0.338142306
0.0317944251,0.138520971,0.0594278909,0.231873244
-0.0104206549,0.071555756,-0.0134739503,0.121115774
-0.047209572,0.0403203294,-0.0780998841,0.0672948211
-0.044148013,0.0708328784,-0.0772234276,0.116978012
0.0118666533,0.162760228,0.0150747122,0.265020847
0.101574115,0.283756018,0.156930566,0.442698956
0.17990233,0.38060987,0.270918429,0.559495509
0.197770104,0.403217465,0.29660964,0.584021151
0.128276646,0.329710066,0.209419325,0.505547285
-0.0165389646,0.179421782,-0.0102598174,0.298630148
-0.187804237,0.00602066144,-0.295462281,0.0173136685
-0.320676655,-0.126694545,-0.493483186,-0.187430531
-0.364121825,-0.174567848,-0.550168753,-0.255397797
-0.304968268,-0.133416906,-0.482903898,-0.201806352
-0.174279273,-0.039593596,-0.296528935,-0.0645171702
-0.0328578725,0.0493364036,-0.0628916323,0.0833625644
0.0569720753,0.0836032629,0.0959244445,0.139429614
0.0595609061,0.0448817834,0.104971059,0.0757240579
-0.019274028,-0.0473130234,-0.0237434972,-0.076453343
-0.137289673,-0.148986027,-0.218919665,-0.239296123
-0.237320781,-0.216800496,-0.372093022,-0.334296495
-0.274205387,-0.231102929,-0.425455272,-0.349549621
-0.234221593,-0.204661608,-0.376735538,-0.315724522
-0.138596982,-0.17314963,-0.233497024,-0.276948541
-0.0308212582,-0.173439592,-0.0575502962,-0.279440403
0.0449138507,-0.222128257,0.0687213913,-0.355332524
0.0634214729,-0.306046039,0.0979317948,-0.47734946
0.0276493803,-0.389459848,0.0399775729,-0.587712169
-0.0356471278,-0.433368504,-0.0561625473,-0.635987878
-0.0901303738,-0.415928632,-0.138361722,-0.61443156
-0.106524609,-0.343008637,-0.173716098,-0.526211619
-0.0742501691,-0.24386391,-0.129349023,-0.39138487
-0.00395418983,-0.155324131,-0.0147346202,-0.256895006
0.0786615834,-0.103868864,0.124822393,-0.173466727
0.143914804,-0.0953215957,0.233211428,-0.156805113
0.169242367,-0.116752855,0.274344712,-0.191157326
0.146529675,-0.147831604,0.239630014,-0.244082227
0.0839912519,-0.173701733,0.138692066,-0.287030816
0.00288083893,-0.19140479,0.0070451051,-0.315130591
-0.0695010424,-0.206683084,-0.114186674,-0.335221857
-0.108511187,-0.224523038,-0.17803058,-0.357687861
-0.100338601,-0.240913749,-0.167345762,-0.382207096
-0.0472768173,-0.242422611,-0.0852337182,-0.38738355
0.0320022628,-0.214858428,0.0419930667,-0.350009978
0.108118422,-0.155829906,0.168330401,-0.258619517
0.151442975,-0.0825469792,0.245561153,-0.141853988
0.143824086,-0.0281641372,0.240018323,-0.0513871796
0.0866781846,-0.0264998749,0.150098428,-0.047777202
0.00130613835,-0.0923733264,0.00779305119,-0.152003363
-0.0796360448,-0.208609715,-0.128210053,-0.333186984
-0.126372278,-0.328373015,-0.197159514,-0.498574317
-0.125564963,-0.393783092,-0.195762545,-0.582415998
-0.0864847675,-0.362802446,-0.142168105,-0.551924825
-0.036254324,-0.231133163,-0.0691170618,-0.380142868
-0.00600052392,-0.037493024,-0.0159302317,-0.0736434236
-0.0146188252,0.151401386,-0.0230803844,0.241812527
-0.0585153699,0.269578397,-0.0864786655,0.42685926
-0.11298275,0.280599058,-0.168039098,0.446864635
-0.144948915,0.192532435,-0.224576294,0.321020752
-0.130742714,0.0521778576,-0.214937776,0.0979091227
-0.0695613921,-0.0780282468,-0.119769514,-0.120763317
0.0147230299,-0.14856863,0.017646933,-0.243822128
0.0847725272,-0.142875448,0.133138761,-0.240662828
0.108418286,-0.0798856243,0.176905468,-0.138521865
0.0750190169,0.000508389843,0.127004147,-0.0068339943
0.000877879036,0.0601895377,0.0056642117,0.0970713571
-0.0792015791,0.0814306661,-0.125784338,0.136625484
-0.129742354,0.0723457113,-0.211656451,0.123837441
-0.13230139,0.0578503758,-0.218773782,0.100387737
-0.0936827734,0.062579073,-0.158662766,0.106062859
-0.0405243933,0.0958720446,-0.0699377581,0.158656701
-0.00360411056,0.146848947,-0.0053164335,0.240625769
-0.000782583549,0.191320926,0.00286461809,0.311822176
-0.0280624982,0.205630675,-0.0375985429,0.336024195
-0.0634936318,0.179160267,-0.0972623825,0.296490073
-0.0812797993,0.118794434,-0.130633891,0.202946305
-0.067635268,0.0437879525,-0.111749552,0.0782385021
-0.0290159695,-0.0249758661,-0.0491858311,-0.0381143168
0.0121330991,-0.0746356994,0.0183617249,-0.122538343
0.0315857083,-0.103651069,0.0502060018,-0.173147812
0.0189695768,-0.117883034,0.0308120828,-0.19776845
-0.014779835,-0.123076312,-0.0248338003,-0.205720246
-0.0431629904,-0.119216412,-0.0728429407,-0.198892057
-0.0403263718,-0.100495167,-0.0712785572,-0.167398438
0.00146859139,-0.0605856776,-0.00377875729,-0.10144975
0.0636949092,0.000726851344,0.101908043,-0.0026386145
0.108540729,0.0744465366,0.178977042,0.118791834
0.0984002948,0.145342708,0.166115329,0.233587995
0.0178134199,0.199458584,0.0377150774,0.320415169
-0.114366554,0.231447637,-0.172229052,0.37021035
-0.25019604,0.246881738,-0.375479013,0.382106036
-0.33378008,0.257732123,-0.488580287,0.386347204
-0.328113377,0.273624122,-0.481243253,0.408805251
-0.233854696,0.294419557,-0.355627567,0.451873392
-0.0900104269,0.309198827,-0.141312554,0.487591684
0.0442699566,0.302906096,0.0720059946,0.4799321
0.11772725,0.267001212,0.192746788,0.421538025
0.110593021,0.207481489,0.186571822,0.335672349
0.0417990349,0.144619688,0.0789012238,0.237817869
-0.0435227379,0.103401199,-0.0668218583,0.172587991
-0.0991883576,0.0993568897,-0.163095981,0.165238172
-0.10213691,0.127863348,-0.169377387,0.211503968
-0.0627898872,0.16378963,-0.103721753,0.270747602
-0.0164319091,0.172968075,-0.0267063826,0.28658855
-0.000859827152,0.130233973,0.00319444132,0.218918383
-0.0330348127,0.0345535055,-0.0483553261,0.0629512593
-0.0979643837,-0.0873598382,-0.158774719,-0.139967933
-0.156258255,-0.191759795,-0.252597481,-0.303217113
-0.166421697,-0.238070995,-0.268345118,-0.372228354
-0.109628513,-0.208409429,-0.186424673,-0.335344553
-0.00303023122,-0.116297089,-0.01606589,-0.1967002
0.106381223,-3.06168033e-17,0.170297444,-0.00565608731
0.164860144,0.0959774852,0.269130737,0.15138267
0.140064001,0.141481012,0.235405535,0.226321757
0.0392194875,0.132704243,0.0767073259,0.217507854
-0.092896834,0.0898346305,-0.144018233,0.151483685
-0.195878774,0.0425753929,-0.314780653,0.0736868307
-0.224600211,0.0123639191,-0.364784896,0.0264557675
-0.173072487,0.00160534948,-0.289898008,0.00970057119
-0.078408733,-0.00417164387,-0.136934772,-0.00190184824
-0.00209820736,-0.0231048875,-0.00665855315,-0.0361782536
0.00240909704,-0.0612567663,0.00722607039,-0.100639194
-0.0806512982,-0.104514718,-0.127642244,-0.17333141
-0.218108341,-0.123913132,-0.345618635,-0.198680937
-0.34173879,-0.0921466649,-0.524980783,-0.140162855
-0.381419212,-0.00200615614,-0.582932353,-0.000416408031
-0.301659286,0.124444537,-0.477152884,0.196625337
-0.123275965,0.242579386,-0.205167636,0.389668971
0.0813855529,0.305734098,0.123884425,0.481653214
0.218732923,0.28937915,0.339823633,0.444096446
0.216351166,0.205906525,0.351235777,0.323814124
0.0579548068,0.101198681,0.111767881,0.165830955
-0.20576869,0.0334368907,-0.319552422,0.0531009957
-0.476174802,0.0441235602,-0.672852755,0.0640030503
-0.647584319,0.135917723,-0.783676505,0.170857146
-0.652046442,0.268986523,-0.74876833,0.314095348
-0.488047898,0.378487021,-0.617755771,0.482791215
-0.220530897,0.405134112,-0.322674751,0.591072381
0.0474905558,0.324070901,0.070788838,0.514108777
0.218801439,0.157920063,0.352622479,0.259549052
0.241841644,-0.0323905461,0.397947818,-0.0524697006
0.129352748,-0.174607456,0.21775049,-0.287121654
-0.0514388084,-0.217037782,-0.0793965682,-0.358390838
-0.211487576,-0.150452733,-0.339763492,-0.245458603
-0.279936254,-0.0103717586,-0.449474931,-0.0185666252
-0.233414844,0.140297592,-0.377939939,0.222969964
-0.102278918,0.23921831,-0.167257324,0.387492597
0.047537636,0.249955118,0.0756415203,0.406171978
0.14726761,0.173810393,0.242827043,0.285115838
0.156775832,0.0445091836,0.265283972,0.0749753937
0.0803989843,-0.0897724405,0.140657678,-0.148826852
-0.0390685648,-0.18745026,-0.0611153916,-0.305513561
-0.143851906,-0.228098452,-0.232095614,-0.363121837
-0.18974261,-0.215466902,-0.306059271,-0.340864778
-0.165641308,-0.169997528,-0.275309324,-0.272433102
-0.0952145606,-0.116432086,-0.165028587,-0.191103101
-0.0210712664,-0.0731183514,-0.0413370878,-0.121793658
0.019453261,-0.0472481102,0.0305709727,-0.0797484145
0.0140116885,-0.0363511965,0.023566315,-0.0620487519
-0.0196049977,-0.0332512893,-0.0311653316,-0.0558788888
-0.0450686663,-0.030828055,-0.0750665739,-0.0507659502
-0.0292381961,-0.0242830981,-0.053036049,-0.0401820764
0.0378534347,-0.0108913351,0.0586436652,-0.017285686
0.135602787,0.0111369817,0.220549643,0.0172673184
0.222201124,0.0429433994,0.357088715,0.0669426396
0.256053716,0.0839039981,0.410966277,0.128254369
0.218089104,0.130006015,0.354209304,0.199827224
0.123131752,0.173260584,0.208457977,0.273671865
0.0140286917,0.203127086,0.0306891091,0.327166378
-0.0589019209,0.209618002,-0.0887102187,0.342456222
-0.0628763139,0.186657846,-0.0996946245,0.309882104
0.000577455037,0.134136111,-0.000143291138,0.228818551
0.0957051367,0.0579593591,0.15718919,0.100552127
0.169610411,-0.0313967764,0.277701885,-0.0499944799
0.177881062,-0.120690897,0.290666878,-0.196733564
0.106024824,-0.195284247,0.175437123,-0.319753826
-0.0238052048,-0.240314022,-0.0346165448,-0.390983462
-0.163802803,-0.242722377,-0.259653747,-0.384683937
-0.263317794,-0.194958702,-0.411297053,-0.302009761
-0.291861862,-0.0997840986,-0.463196784,-0.15548642
-0.251021624,0.0261276439,-0.408806592,0.0423002876
-0.170051306,0.152877942,-0.279812455,0.2467383
-0.0884290785,0.244270399,-0.141858175,0.392678708
-0.0351418816,0.270006746,-0.0508785695,0.433198988
-0.0156155862,0.218829155,-0.0183370505,0.359794915
-0.0126107074,0.106455073,-0.0159491226,0.1833186
0.000325036963,-0.0267145541,0.00232428801,-0.0373578854
0.040928632,-0.129046679,0.0655823871,-0.210356787
0.106010027,-0.157883227,0.165587038,-0.260107428
0.171717763,-0.098159872,0.273291916,-0.167858303
0.20606567,0.0292041525,0.332100362,0.0368664451
0.186804891,0.173866272,0.302467495,0.268313587
0.114868745,0.275717288,0.190438434,0.428755283
0.0160254538,0.289601326,0.0363122672,0.458357334
-0.0703639537,0.204333261,-0.103963897,0.339561135
-0.109859221,0.0474620983,-0.178504437,0.0899680853
-0.0894278139,-0.126498237,-0.151179701,-0.198220551
-0.023767326,-0.259204984,-0.0454606302,-0.409219921
0.0514717847,-0.312717885,0.0713720247,-0.490700692
0.0960734189,-0.284182519,0.143605649,-0.453819156
0.083379142,-0.204812899,0.131062686,-0.340163022
0.011930448,-0.124194153,0.0225147344,-0.211591244
-0.0940724686,-0.0874013677,-0.152059093,-0.14642027
-0.194890201,-0.115271345,-0.313761532,-0.181580395
-0.250931799,-0.196255043,-0.393102169,-0.29638502
-0.237384185,-0.292745739,-0.368122071,-0.43501094
-0.152571723,-0.358330965,-0.241807625,-0.532595575
-0.0180301555,-0.357971698,-0.0407124795,-0.546927691
0.128547236,-0.282451749,0.187910795,-0.447132647
0.244482458,-0.151501551,0.377746284,-0.250600666
0.294085503,-0.00511486968,0.461498022,-0.0193446707
0.258686155,0.112618685,0.415011883,0.167442113
0.142643511,0.17027311,0.24158363,0.269734055
-0.0262878761,0.15996027,-0.0304671694,0.262968421
-0.203199923,0.0986806899,-0.316885024,0.165243685
-0.338401645,0.0203745626,-0.518900633,0.0396623202
-0.393141687,-0.0377611779,-0.592999816,-0.047409229
-0.353620946,-0.0493863933,-0.546680033,-0.068595171
-0.237447605,-0.00848690234,-0.39095968,-0.00791906286
-0.0885739326,0.068984665,-0.155437544,0.115428649
0.0387978256,0.151657909,0.0604811572,0.249604523
0.101592414,0.204994455,0.169811025,0.329456419
0.0854003876,0.204740733,0.147927925,0.331211269
0.00979335606,0.14658086,0.0269572996,0.243674293
-0.0818208829,0.0482543372,-0.128994524,0.0858059675
-0.14360261,-0.0568559244,-0.233785003,-0.0874174386
-0.149727032,-0.132340014,-0.248901114,-0.210882306
-0.106464066,-0.152644336,-0.181483626,-0.24769254
-0.0472392701,-0.112561733,-0.08602532,-0.189214379
-0.0127040306,-0.0283506047,-0.0241035093,-0.0519267097
-0.0260627437,0.0699498057,-0.0428334251,0.112406038
-0.077149421,0.151524633,-0.121122412,0.247044221
-0.124859959,0.197177723,-0.196877867,0.319896698
-0.118114419,0.205480322,-0.188575953,0.334996223
-0.0252880361,0.19008401,-0.0431452282,0.315608472
0.143469065,0.16999425,0.227507725,0.279286891
0.3340756,0.158142954,0.505853593,0.238444343
0.469816357,0.154421493,0.661389947,0.209191978
0.487154573,0.146912023,0.681416333,0.194095418
0.368788242,0.120565385,0.564604104,0.172803819
0.156871438,0.0683754086,0.27161333,0.105885386
-0.0616240501,-0.00149894843,-0.0917075127,-0.00202799402
-0.191825971,-0.0672186092,-0.3136217,-0.103740089
-0.173259854,-0.103263825,-0.291534722,-0.160413831
-0.00746594416,-0.0940041542,-0.0270415582,-0.152141124
0.242355913,-0.0435233749,0.374920666,-0.0726602152
0.479542285,0.0240665954,0.674543381,0.0251094457
0.616511106,0.074772656,0.778009653,0.0832036808
0.611548603,0.0806804374,0.775933743,0.0932156816
0.483073384,0.0337246917,0.689381599,0.0401192978
0.296033174,-0.0499239638,0.476651311,-0.0829215348
0.128656209,-0.137362078,0.2171406,-0.226984873
0.0366577096,-0.194692478,0.0573910698,-0.318138599
0.0319694877,-0.202997267,0.0431103669,-0.331937969
0.0846130848,-0.166389897,0.129098237,-0.276170284
0.144228116,-0.10819041,0.230651036,-0.184142649
0.168368638,-0.0576055162,0.275898129,-0.101034202
0.142590553,-0.034350425,0.237667635,-0.0612415336
0.0830981657,-0.0396450274,0.142585188,-0.0664378479
0.0227094628,-0.0583647825,0.0392611846,-0.0986198261
-0.0104225157,-0.0707905665,-0.0177360866,-0.118861228
-0.00899592321,-0.0668721274,-0.0185654517,-0.110991113
0.0107413856,-0.0543118715,0.0150548806,-0.091491662
0.0200707614,-0.0550997518,0.0340436101,-0.092823334
-0.00460990146,-0.0916782394,-0.00605507568,-0.150987059
-0.0679225698,-0.17013377,-0.108041339,-0.275415868
-0.152739152,-0.270203382,-0.238233522,-0.417060882
-0.229239121,-0.348937094,-0.343557626,-0.513409436
-0.270072252,-0.357917845,-0.400487244,-0.516826689
-0.26314646,-0.266576558,-0.408743143,-0.405818433
-0.215668321,-0.0802676231,-0.35853675,-0.134174883
-0.148389831,0.156420439,-0.248150572,0.24766396
-0.0842825174,0.373889327,-0.125757784,0.562802255
-0.0381568074,0.503677785,-0.0446659029,0.702846169
-0.0121708428,0.505102217,-0.00710029528,0.707314372
0.00184470788,0.380622745,0.0135627575,0.580871165
0.0160967689,0.173437595,0.0343037061,0.295542777
0.0407722592,-0.0509816706,0.0715970919,-0.0756810233
0.080926016,-0.230608776,0.126566887,-0.367533624
0.136193246,-0.328421712,0.19939822,-0.504687667
0.201250181,-0.341245741,0.292432874,-0.51746124
0.265276283,-0.293887287,0.38817209,-0.448092222
0.310893863,-0.223361596,0.465034962,-0.347045392
0.315255225,-0.161738709,0.481242359,-0.257007927
0.256015062,-0.125308931,0.406335384,-0.206336021
0.122161664,-0.113373287,0.207759127,-0.192428157
-0.0745157972,-0.114691839,-0.114804648,-0.194414973
-0.29434222,-0.116316371,-0.454741389,-0.179698542
-0.476964235,-0.109645247,-0.672768295,-0.148628876
-0.561363518,-0.0914732367,-0.745678842,-0.111302607
-0.511870027,-0.0614550188,-0.712705553,-0.0746204033
-0.338222891,-0.0194660816,-0.532999158,-0.0223332774
-0.098282218,0.0342853814,-0.176170275,0.0629590973
0.121003531,0.096218273,0.192110062,0.156989306
0.238226637,0.156029105,0.379711479,0.241794884
0.212832555,0.196600452,0.347033888,0.302542895
0.0642064288,0.199064776,0.118053578,0.318927169
-0.135800838,0.15156056,-0.206537947,0.248620242
-0.29478243,0.0572566129,-0.456773907,0.0998307094
-0.341745287,-0.0633474812,-0.527425647,-0.0851987675
-0.259136736,-0.178357214,-0.41456297,-0.266701579
-0.089227967,-0.256810516,-0.155830398,-0.40100497
0.0883919671,-0.281723857,0.126791641,-0.444169313
0.197005078,-0.257183373,0.299302131,-0.406577855
0.200417101,-0.205460504,0.315716296,-0.33302632
0.119089261,-0.155226365,0.196940169,-0.261073083
0.0167913362,-0.126788095,0.0297690555,-0.213941723
-0.0349709652,-0.122151338,-0.0608547293,-0.202469438
0.00399196241,-0.125406161,-0.000866322895,-0.206143826
0.120508417,-0.11347644,0.188688979,-0.185480744
0.25452137,-0.0715089738,0.39821884,-0.117601126
0.330603868,-0.00426922971,0.511589289,-0.0153267691
0.297893524,0.0633850619,0.473182619,0.0894140676
0.157459036,0.09824007,0.268499047,0.152479738
-0.0372041836,0.0772350132,-0.0486074314,0.126739532
-0.206687793,0.00308964192,-0.327994049,0.0110274469
-0.285198092,-0.0918938816,-0.450274825,-0.133927867
-0.252451032,-0.157250047,-0.405781925,-0.239094526
-0.141562715,-0.146661341,-0.241929144,-0.236467898
-0.0193896089,-0.0408636741,-0.0432069115,-0.0737770945
0.0497233421,0.140182614,0.0797076821,0.22147876
0.0373361371,0.342521578,0.0649505854,0.519684732
-0.0360783115,0.49928394,-0.0380142182,0.696135342
-0.114871778,0.558333695,-0.139004871,0.7390908
-0.140715152,0.503802001,-0.183947697,0.696777821
-0.0859904438,0.361568511,-0.124653183,0.560347855
0.0299982242,0.186338216,0.0504310764,0.316155076
0.150666863,0.0367006287,0.24673298,0.0646688715
0.21241273,-0.0498600528,0.345618159,-0.083631821
0.179285318,-0.0703299344,0.295219868,-0.121711932
0.0635782853,-0.0522068329,0.110778056,-0.0936942399
-0.0786481127,-0.0351465419,-0.125695989,-0.0614068508
-0.174911559,-0.0481070615,-0.285779864,-0.0744683668
-0.172426268,-0.0937556103,-0.284994453,-0.14481096
-0.0644956604,-0.147846654,-0.117545806,-0.236512661
0.106101476,-0.173444122,0.159104735,-0.279813796
0.268077344,-0.142260283,0.411969334,-0.230393112
0.35596773,-0.0518470407,0.542095661,-0.0910252482
0.340456158,0.070377402,0.526884496,0.0950085372
0.239949316,0.178483114,0.386704534,0.270626515
0.108650431,0.229135647,0.18557778,0.362909943
0.00833106972,0.201919988,0.0228352509,0.33317709
-0.0212534014,0.108807959,-0.0319047682,0.188294008
0.0214174669,-0.011789972,0.0339917988,-0.012799385
0.103816062,-0.113244668,0.165663511,-0.182831466
0.180169657,-0.162072301,0.285370231,-0.263317198
0.216843516,-0.15201281,0.342873156,-0.24969627
0.208720654,-0.10430944,0.335570633,-0.176429182
0.178597033,-0.0547085367,0.293807685,-0.0958640128
0.161083981,-0.0342342593,0.266328067,-0.0587648787
0.180713728,-0.0535725877,0.295583099,-0.0875680447
0.236631379,-0.0986622572,0.375348896,-0.158009276
0.302236527,-0.139146864,0.465428203,-0.217836037
0.339779168,-0.144829825,0.516038179,-0.228871614
0.321768373,-0.101497449,0.496337473,-0.167803347
0.247419834,-0.018218264,0.3998169,-0.0411127768
0.145067498,0.0770983696,0.243841693,0.117795698
0.0589661822,0.151059598,0.102016978,0.24336037
0.0272178017,0.1799687,0.0470707528,0.295584917
0.0623119287,0.159310549,0.103201419,0.264938325
0.14452447,0.103434369,0.236739919,0.174165577
0.231823593,0.0365708247,0.372293442,0.0589348748
0.281388283,-0.0194292367,0.447322965,-0.0337901786
0.271734297,-0.0541322604,0.434401035,-0.0917997882
0.213913515,-0.0702091902,0.349428922,-0.11951834
0.145637766,-0.0779893622,0.242073223,-0.132944971
0.110833883,-0.0869266689,0.181044117,-0.146176189
0.134749547,-0.0992891416,0.217650488,-0.162735268
0.20744361,-0.109568253,0.327770591,-0.178393096
0.284822732,-0.10942927,0.44374004,-0.176929563
0.307963818,-0.0946897119,0.47851029,-0.156116441
0.232301056,-0.0697224438,0.378954411,-0.122020684
0.0528368466,-0.0463749357,0.0970609784,-0.0843311548
-0.187356651,-0.0378935337,-0.2958664,-0.063325122
-0.410734922,-0.0514008813,-0.60469234,-0.0711078793
-0.536092401,-0.0833957046,-0.726756215,-0.10183493
-0.513312578,-0.121005133,-0.707972348,-0.154058173
-0.346338451,-0.148361742,-0.534825623,-0.213042572
-0.0935011953,-0.154483631,-0.17134054,-0.245074376
0.155581191,-0.138168186,0.238927901,-0.224625409
0.316638678,-0.10718058,0.486278504,-0.173764706
0.34473747,-0.0723906085,0.532750428,-0.119969152
0.25058496,-0.040501304,0.408399135,-0.0742071941
0.0922419652,-0.00985176209,0.162483945,-0.0235382449
-0.0533342548,0.0280531701,-0.0843128935,0.0435279422
-0.125300139,0.0820785537,-0.207318038,0.135979012
-0.104193442,0.15389061,-0.173307955,0.252648741
-0.0162454154,0.233932897,-0.028934991,0.377842188
0.0841366053,0.303665131,0.132246241,0.47516039
0.144069478,0.343183726,0.224807337,0.519500077
0.138880208,0.34017247,0.22114329,0.515972435
0.0826712847,0.295269132,0.139819175,0.462462693
0.0182316843,0.220941037,0.0377025083,0.359837055
-0.00760120759,0.134703383,-0.00745326793,0.227519691
0.0302422568,0.0507999174,0.0498539284,0.0893504098
0.121654585,-0.0246844105,0.19652307,-0.0379873514
0.227076426,-0.0924732611,0.361582309,-0.148066655
0.298818231,-0.153665304,0.461394638,-0.241238356
0.306201577,-0.20277445,0.466645241,-0.314913243
0.250893652,-0.225514054,0.387978762,-0.354611784
0.16430679,-0.203999236,0.26186806,-0.333773822
0.0888144895,-0.127479106,0.145632043,-0.219172925
0.0534446873,-0.00280263205,0.0860702321,-0.0127740912
0.0577820092,0.14201045,0.0926840678,0.226765901
0.073297739,0.264694095,0.119834989,0.417708069
0.0616012551,0.324282408,0.103782624,0.502874613
-0.000549493881,0.298413843,0.0100976918,0.473361522
-0.103870019,0.193875462,-0.154734358,0.321247369
-0.207487598,0.0447038338,-0.329557151,0.0822349861
-0.259021282,-0.101806164,-0.411291599,-0.150532484
-0.223844469,-0.204715788,-0.359464347,-0.313482791
-0.107765771,-0.245292887,-0.183349222,-0.386499614
0.0400697216,-0.231631234,0.0513173081,-0.374919474
0.147361249,-0.190377936,0.230366111,-0.311126679
0.153031334,-0.150525361,0.248000532,-0.251169354
0.038878087,-0.128113747,0.0715369657,-0.217383713
-0.157900721,-0.119787671,-0.249672323,-0.198494419
-0.358627439,-0.108012214,-0.54101187,-0.161800489
-0.477686346,-0.0742577687,-0.679257452,-0.0980016515
-0.461389303,-0.0122037195,-0.668937504,-0.0107372366
-0.312471956,0.0666916221,-0.495634526,0.110995524
-0.0884878412,0.138311535,-0.157253772,0.235490978
0.124841377,0.178525046,0.196578249,0.293119818
0.252149373,0.175904736,0.400557131,0.273052752
0.260288656,0.137155905,0.419547886,0.212614343
0.168923005,0.082263045,0.28572008,0.131045893
0.0361895226,0.0324449576,0.0689900815,0.0520318709
-0.0719928592,-0.00174725964,-0.115570568,-0.00355361239
-0.113055557,-0.0249606166,-0.189798042,-0.03832772
-0.0844219327,-0.0514023565,-0.144947708,-0.0802153423
-0.019041935,-0.092436634,-0.0371970013,-0.150087953
0.0358168036,-0.145135656,0.0556176268,-0.238490775
0.0442588516,-0.189317554,0.0706423223,-0.309932083
-0.00137034734,-0.195867032,-0.00282483501,-0.323775053
-0.0799421892,-0.142478421,-0.130377442,-0.239675969
-0.155760795,-0.0282189772,-0.257266492,-0.0519403927
-0.198593527,0.121661574,-0.321715891,0.192485407
-0.198558971,0.264267921,-0.307658523,0.411401689
-0.168783262,0.357261181,-0.250890255,0.539400399
-0.135856688,0.377540797,-0.19726716,0.569545448
-0.124402449,0.330657542,-0.182695359,0.512035012
-0.144298911,0.246033773,-0.220157847,0.395493031
-0.186594903,0.160690755,-0.292085916,0.265490741
-0.228884026,0.100386806,-0.363087326,0.1671893
-0.246078208,0.0683709383,-0.394489199,0.113811068
-0.220672816,0.0475889891,-0.359723061,0.0832558647
-0.148209661,0.0145672783,-0.248468906,0.0310027543
-0.0371364206,-0.0433824994,-0.066084668,-0.0643961579
0.0948097929,-0.117820039,0.150752932,-0.189217374
0.224875689,-0.181897074,0.350222588,-0.288409412
0.328876287,-0.204795867,0.49104017,-0.316500396
0.384775639,-0.169708565,0.563791513,-0.260583252
0.377643406,-0.0849755034,0.567179918,-0.140583217
0.305948764,0.0182786081,0.482681036,0.0163762458
0.18659389,0.101095825,0.310811579,0.155231163
0.0545126349,0.136164889,0.0979575813,0.22166732
-0.0461318679,0.12113335,-0.0708722025,0.204552919
-0.0780397281,0.0784544274,-0.127692997,0.135996968
-0.0281106587,0.0420044325,-0.0518576615,0.0750992745
0.0827190131,0.038100332,0.131947055,0.0643623993
0.204028457,0.071591422,0.325966865,0.113898247
0.275443703,0.124656759,0.434997886,0.188465357
0.25383839,0.168562844,0.405958295,0.258300304
0.135657907,0.181173682,0.230520979,0.287738174
-0.0374061242,0.159773648,-0.0481961556,0.262015581
-0.194020823,0.121648818,-0.304525971,0.201530606
-0.264359534,0.092214711,-0.4193075,0.154239267
-0.212706387,0.0879978463,-0.349753022,0.147359237
-0.0556941889,0.105032504,-0.101804078,0.178579524
0.143392384,0.120208271,0.228240952,0.198384508
0.302360266,0.105437517,0.472194761,0.162974417
0.357042879,0.0466201194,0.550899446,0.0669277608
0.289766937,-0.0440532304,0.465415955,-0.0738997534
0.135681227,-0.130676925,0.23029992,-0.217098311
-0.0358245075,-0.170995086,-0.0545302257,-0.284246951
-0.155090347,-0.139715061,-0.25382179,-0.230717435
-0.184609383,-0.0448082201,-0.309112966,-0.0734064281
-0.134174779,0.0730564371,-0.228926867,0.120338358
-0.0521115027,0.158902302,-0.0888322517,0.263355762
0.00188795372,0.170720607,0.00757273659,0.284781396
-0.0121212015,0.101332255,-0.0118836332,0.174078196
-0.094951354,-0.0171238426,-0.14916262,-0.0235968567
-0.209539905,-0.129041404,-0.333398074,-0.203549206
-0.300843358,-0.183625698,-0.46401003,-0.277670205
-0.323149651,-0.160858557,-0.501732647,-0.242663994
-0.260744184,-0.081428729,-0.423902512,-0.128825396
-0.132442117,0.00466322154,-0.229744136,0.00997657888
0.0204354692,0.0447815992,0.027366044,0.0784185752
0.154635355,0.0114525286,0.253493965,0.0214734226
0.242721677,-0.083396025,0.390141368,-0.131930813
0.279665649,-0.19508931,0.432753384,-0.302239627
0.277118891,-0.269914716,0.415140033,-0.411073714
0.251141131,-0.273081779,0.377791584,-0.423991323
0.211928546,-0.206168488,0.329896659,-0.334642798
0.161493331,-0.105237663,0.262487531,-0.182868153
-0.198578283,-0.0496445708,-0.297156543,-0.0906135067
-0.0729422644,-0.227622151,-0.138133794,-0.336978614
0.118980549,-0.314311594,0.168533012,-0.486608803
0.301880389,-0.311075747,0.430272639,-0.462401479
0.400797546,-0.256466508,0.564091921,-0.375830352
0.37751177,-0.200876221,0.555024683,-0.30566287
0.24838236,-0.178523064,0.394624859,-0.289317876
0.0746698976,-0.191408291,0.128052101,-0.315404177
-0.0691369846,-0.212320805,-0.11040207,-0.344557345
-0.132126674,-0.203375727,-0.21882242,-0.32616201
-0.109826937,-0.138819009,-0.189651266,-0.229813412
-0.0419491269,-0.0197770055,-0.0790870339,-0.0361488834
0.0125973206,0.125811785,0.0177695341,0.202800244
0.00917251222,0.256359249,0.0205980539,0.40493229
-0.0587728918,0.334673285,-0.0804108754,0.517274499
-0.157732025,0.341485828,-0.226973072,0.520474434
-0.234011203,0.279114693,-0.347563058,0.435061723
-0.243664518,0.166151941,-0.380031586,0.272652954
-0.175780639,0.0285364036,-0.290006846,0.0586638115
-0.0567269325,-0.10735359,-0.100484692,-0.167506546
0.0661116168,-0.21735464,0.0981209353,-0.347449064
0.151188463,-0.279926121,0.229506686,-0.440324098
0.184773654,-0.278198093,0.281153381,-0.438120365
0.185744524,-0.205703869,0.289884776,-0.33598873
0.190834865,-0.0736531764,0.305704117,-0.129577935
0.229112282,0.0857421905,0.363749266,0.127652004
0.300576687,0.225022167,0.455901712,0.332250386
0.371560961,0.296914935,0.532839119,0.41883418
0.390335947,0.273795366,0.563173354,0.386927873
0.315089524,0.161500975,0.494016111,0.247299179
0.139391184,-0.000853005215,0.244748935,-0.000258922286
-0.0988111198,-0.156799242,-0.149314806,-0.253655285
-0.330196202,-0.257355303,-0.487339914,-0.379620373
-0.483206809,-0.282377571,-0.65024811,-0.370648265
-0.515088677,-0.247096747,-0.686186612,-0.318764418
-0.429623902,-0.190137833,-0.622160792,-0.263918281
-0.273156136,-0.149562761,-0.439662844,-0.225692704
-0.111444548,-0.140492961,-0.193215698,-0.224737689
0.000741740107,-0.147365794,-0.00501466962,-0.240626052
0.0422837734,-0.135722756,0.0668174252,-0.227120131
0.030165486,-0.0769926831,0.0490238518,-0.134841561
0.00483952649,0.0284210164,0.00730450591,0.0417983383
0.00520140398,0.144319832,0.00725225126,0.233191743
0.0466069654,0.213932529,0.0757987499,0.347186238
0.113110736,0.190167576,0.186160594,0.312584043
0.167312026,0.0643866062,0.278645337,0.11337705
0.172041461,-0.123252273,0.28317073,-0.194382057
0.112244874,-0.299426973,0.177611828,-0.467201769
0.00560135487,-0.39244628,0.00593593344,-0.593577862
-0.103704251,-0.368101388,-0.163199916,-0.560689688
-0.165171787,-0.246902347,-0.268122375,-0.393611073
-0.146419227,-0.0925671384,-0.249922991,-0.155858472
-0.0501262136,0.0226513464,-0.0922310874,0.0399374776
0.0846887678,0.0570136309,0.135594681,0.0973090306
0.197988093,0.0208732337,0.323450655,0.0360709392
0.234072462,-0.0318117067,0.381110549,-0.0546539687
0.166019991,-0.0378595889,0.277868301,-0.071101509
0.00871298928,0.0340829194,0.0232196897,0.0452183262
-0.185145468,0.159714013,-0.288055509,0.249408752
-0.344538778,0.267572314,-0.497907579,0.395277262
-0.407388598,0.277105302,-0.568392456,0.401124328
-0.344740599,0.146387354,-0.521538436,0.238757804
-0.172363296,-0.0971988738,-0.287380159,-0.136494368
0.0547889955,-0.362087995,0.0693351328,-0.538216412
0.263119817,-0.533418179,0.326224357,-0.693744957
0.387985796,-0.529913664,0.459406525,-0.653294802
0.39761728,-0.347231299,0.53457725,-0.48747918
0.30401352,-0.0641446337,0.473227054,-0.122298144
0.156537011,0.193184525,0.256643236,0.293472916
0.0208226386,0.31160742,0.0442335159,0.486338019
-0.0483721681,0.245494902,-0.0684305876,0.403792828
-0.0291254893,0.0374218002,-0.0455030203,0.0779892728
0.0601030514,-0.205480874,0.0934399664,-0.321165502
0.170506775,-0.366975963,0.243561536,-0.546562314
0.246082723,-0.380002946,0.344370782,-0.559383273
0.249545842,-0.257713228,0.374858081,-0.40832603
0.179268777,-0.0819125101,0.292795032,-0.14867489
0.0694754198,0.0438046865,0.122073643,0.0659281909
-0.0263886265,0.0505292043,-0.0379568748,0.0882149413
-0.0612642504,-0.0600454286,-0.0994177908,-0.0891845003
-0.0168667678,-0.218790844,-0.0312833562,-0.345348269
0.0878978223,-0.328676015,0.125326067,-0.505590916
0.206522822,-0.318603158,0.299939096,-0.48921299
0.287723303,-0.182342574,0.43603307,-0.295243889
0.300157458,0.0180357303,0.469528615,0.0114335157
0.2467466,0.185443833,0.39348489,0.278768092
0.161514044,0.239407718,0.266119152,0.377043337
0.0907189399,0.158369154,0.157854915,0.264752299
0.0680710301,-0.00941076316,0.117445946,-0.0075757117
0.0968496054,-0.171308428,0.155843392,-0.273288488
0.148190349,-0.23796165,0.226067692,-0.379902303
0.176437438,-0.167867064,0.276891142,-0.28043136
0.143601626,0.0136140706,0.236787215,0.00628644135
0.0402310751,0.229146287,0.0717044547,0.355180085
-0.10812784,0.388698816,-0.148298085,0.576052904
-0.252209485,0.43190223,-0.339308023,0.610454738
-0.342203677,0.352224022,-0.471722811,0.507030904
-0.350946218,0.1928031,-0.520190656,0.302921474
-0.285480887,0.0192695521,-0.453533858,0.0454163402
-0.181632757,-0.11381647,-0.301601797,-0.174815625
-0.0851379409,-0.184861019,-0.146618754,-0.296522975
-0.0296238717,-0.20583424,-0.0537390485,-0.335721135
-0.0228019841,-0.204732493,-0.0400617085,-0.33605507
-0.0472307354,-0.202791557,-0.0785404965,-0.331034362
-0.0738435164,-0.200799003,-0.122611262,-0.325831413
-0.0796775892,-0.181892678,-0.135100484,-0.296707332
-0.0595604219,-0.12749508,-0.104827911,-0.212311283
-0.0256676767,-0.0350500345,-0.0477686264,-0.0631566569
0.0036767181,0.0744433925,0.00372231309,0.120221585
0.0181987528,0.164410174,0.0324654765,0.268812388
0.0234897807,0.201719418,0.043044813,0.329283565
0.037127059,0.175354183,0.0639390796,0.291070908
0.0751561448,0.103371561,0.125780523,0.174949199
0.137312502,0.023664603,0.226068422,0.0422524512
0.200814605,-0.0263949558,0.32471019,-0.0451431349
0.228083864,-0.0297607873,0.368637234,-0.0549810044
0.185707554,0.00246414728,0.30727753,-0.0052315658
0.0648942441,0.0396849513,0.116121553,0.0591120608
-0.108253472,0.05188445,-0.170783207,0.084542498
-0.279699415,0.0293616224,-0.437492877,0.0525252298
-0.389784813,-0.00954132434,-0.584282041,-0.00526213879
-0.400521725,-0.0276345648,-0.602942646,-0.0318078734
-0.314159632,0.00971809495,-0.49905178,0.0210543498
-0.17314896,0.112760596,-0.289482981,0.183447406
-0.0408266708,0.257364422,-0.0694276094,0.408966631
0.0280403588,0.392935008,0.0482542664,0.587140083
0.0124525689,0.4646613,0.0298430361,0.665451229
-0.0661977753,0.43893376,-0.0829217285,0.641703546
-0.156025797,0.319143653,-0.226280421,0.496934235
-0.200757608,0.144196272,-0.314185828,0.245544374
-0.166863754,-0.0289971493,-0.275170982,-0.0361537859
-0.0585470721,-0.149879456,-0.105438277,-0.240838408
0.0859603584,-0.193485767,0.128315926,-0.313764632
0.213749841,-0.166038111,0.331209809,-0.271016389
0.281720668,-0.0958762318,0.43870306,-0.161606997
0.274037033,-0.0160640646,0.437091082,-0.0356776491
0.205047071,0.0515764728,0.337886572,0.07538037
0.108202182,0.103209712,0.184893161,0.164512768
0.0184593182,0.148503944,0.0366499759,0.241602167
-0.0420997739,0.199116081,-0.0663792416,0.324065655
-0.0688981414,0.25761953,-0.107023135,0.410210818
-0.0695588589,0.313272417,-0.105657056,0.489262193
-0.0540973134,0.346606642,-0.0776153803,0.534692407
-0.0277585648,0.339770049,-0.0371919088,0.529570043
0.00919439644,0.286633134,0.0202416386,0.458056331
0.0557426028,0.197208941,0.0940090045,0.326715291
0.103715174,0.0942749083,0.173650175,0.16063711
0.136580631,0.00417836942,0.227527931,0.00686546788
0.135764182,-0.0535369441,0.225908056,-0.0898558125
0.09151005,-0.0729683489,0.154214412,-0.125306591
0.011604418,-0.0626004338,0.020889543,-0.110206395
-0.0783118755,-0.040390335,-0.128261968,-0.0684373602
-0.144577995,-0.0258820578,-0.238446981,-0.0403238423
-0.161149219,-0.0327122211,-0.266637355,-0.0487166308
-0.122721553,-0.064067021,-0.206792146,-0.100538798
-0.0477512665,-0.112140678,-0.0847164094,-0.180946097
0.0309457947,-0.161246806,0.0447779708,-0.262661934
0.0833562538,-0.193355367,0.131141931,-0.315914154
0.0978834555,-0.194418564,0.154515028,-0.319588333
0.0866165757,-0.159695536,0.138150483,-0.267812222
0.0770710185,-0.0963473842,0.123975836,-0.166581184
0.0948885009,-0.0220605955,0.154650345,-0.0416961201
0.147346914,0.0404143669,0.240173429,0.0625989512
0.21738416,0.0712992325,0.349468946,0.112301104
0.272058547,0.0614262335,0.432456493,0.0946779251
0.281086028,0.0161073934,0.449332833,0.0230077244
0.235012561,-0.0468991026,0.382562488,-0.0777024552
0.152309731,-0.104861423,0.254206896,-0.174287707
0.0706244707,-0.13974224,0.11742118,-0.233367115
0.0263968408,-0.145400375,0.0401563235,-0.242828652
0.0340396129,-0.128615975,0.050383959,-0.215211853
0.0767357126,-0.103319265,0.120685697,-0.171992153
0.114876017,-0.0811094046,0.186990976,-0.135698929
0.108353414,-0.0634085685,0.180269688,-0.107991382
0.040759664,-0.0399714187,0.0727153495,-0.0711203068
-0.0682810768,0.00492782239,-0.109354213,0.00488296477
-0.170528069,0.0817331672,-0.275789678,0.13197273
-0.213534623,0.186334655,-0.338080823,0.295712918
-0.169620559,0.298018634,-0.263089448,0.46213609
-0.0536836088,0.386695981,-0.0812980384,0.582648039
0.0806691647,0.426329643,0.120631434,0.626590788
0.165983856,0.407742113,0.249238074,0.594035923
0.154795185,0.343851924,0.246353388,0.520608842
0.0450816788,0.264134169,0.0884053856,0.419713408
-0.116277516,0.200788811,-0.174721017,0.324529171
-0.254607409,0.173620179,-0.392927796,0.275800884
-0.302999556,0.181421682,-0.463740706,0.284011662
-0.234622329,0.204203889,-0.372210473,0.326574624
-0.0755877271,0.21477212,-0.127524629,0.354395837
0.10791254,0.193191007,0.170336723,0.318517268
0.241383195,0.136349395,0.385737956,0.218165115
0.276455134,0.0578709245,0.443565637,0.0876274854
0.210832849,-0.0207722262,0.350704908,-0.0370909683
0.0846328288,-0.0821574032,0.14824219,-0.140547261
-0.0435076579,-0.120644055,-0.0677947924,-0.201947272
-0.126874968,-0.141675428,-0.210030839,-0.229027584
-0.15132159,-0.153814703,-0.250960082,-0.24758783
-0.135913596,-0.159325555,-0.224935159,-0.255516082
-0.114829339,-0.150097266,-0.192210704,-0.243631586
-0.112117521,-0.112353466,-0.188106924,-0.185629502
-0.124548085,-0.0378209502,-0.209352776,-0.0652810261
-0.122787118,0.065626502,-0.204528287,0.106173404
-0.0703737959,0.171406746,-0.119494855,0.279806554
0.0504945517,0.243141189,0.0778745189,0.392104447
0.221688673,0.251717478,0.342521012,0.391765028
0.391404301,0.191780567,0.574059606,0.281661153
0.496314257,0.0881663635,0.695766211,0.119931437
0.49276337,-0.0125366598,0.697940826,-0.0254334826
0.380547047,-0.0623177588,0.578887165,-0.102678798
0.206010878,-0.0342975073,0.341753244,-0.0677841082
0.0416824184,0.0639449656,0.0749971494,0.0958008468
-0.048069898,0.193392977,-0.0776678696,0.310162187
-0.0382556394,0.301803768,-0.0607316047,0.476127833
0.0445748381,0.348110259,0.070781976,0.538288176
0.135736585,0.320829183,0.212306961,0.497082263
0.165030882,0.241489038,0.268243402,0.38260299
0.0925086364,0.151929781,0.162255362,0.24783197
-0.0703199282,0.0925779194,-0.103447884,0.152620032
-0.264293522,0.0830823779,-0.410793692,0.132741094
-0.409543484,0.11486917,-0.601140499,0.172893286
-0.442474127,0.158459634,-0.634141207,0.234315827
-0.345113218,0.180604175,-0.523357987,0.28071183
-0.153280616,0.161625028,-0.255306423,0.271739691
0.0595244132,0.104120426,0.092599526,0.181156352
0.214178577,0.0295493715,0.34632951,0.0502476171
0.258731306,-0.0340906456,0.416925699,-0.0584230945
0.187439725,-0.0660327524,0.311814725,-0.116153665
0.0389138348,-0.0607896522,0.0718306527,-0.108273722
-0.123756714,-0.0274968669,-0.19973214,-0.0500911586
-0.240361631,0.0171963703,-0.385412455,0.0288185105
-0.275918871,0.0573227815,-0.440458357,0.0951889083
-0.229498193,0.0821336433,-0.372301757,0.1393819
-0.128274336,0.0857411847,-0.216655925,0.147904858
-0.0122098373,0.0644148812,-0.0239610709,0.112504177
0.0822745562,0.015507794,0.138313249,0.0268358644
0.132795408,-0.0598573461,0.220164552,-0.0969637781
0.133217037,-0.151950091,0.217899457,-0.247161746
0.089621678,-0.239908651,0.144126847,-0.3853513
0.0143398698,-0.295672596,0.0217726603,-0.468699813
-0.0783461854,-0.294775456,-0.124727294,-0.467089027
-0.173773795,-0.229411885,-0.277201176,-0.366620332
-0.257159829,-0.116258197,-0.410437047,-0.187147513
-0.314751953,0.00699433824,-0.494943857,0.0114591997
-0.336888671,0.0967782214,-0.517259955,0.153994918
-0.321870804,0.123969086,-0.496820122,0.20080784
-0.278107047,0.0888960436,-0.438859165,0.151702985
-0.222333044,0.0222248733,-0.360450149,0.044775337
-0.173724577,-0.0301089175,-0.287647694,-0.0432508253
-0.146210626,-0.0309873521,-0.243717641,-0.0499380045
-0.142676413,0.0273014251,-0.235539362,0.0422293432
-0.154086128,0.117443778,-0.25102824,0.189154059
-0.164123788,0.190354228,-0.261779666,0.306984991
-0.157083318,0.200996757,-0.247658178,0.326899886
-0.12505427,0.133233666,-0.203016028,0.227477297
-0.0708972588,0.0101242941,-0.11683622,0.0274960194
-0.00582301291,-0.11640694,-0.0119388504,-0.18617104
0.0567366518,-0.191486195,0.0872557461,-0.312375486
0.107445247,-0.185085207,0.168226972,-0.306414843
0.144227162,-0.106711052,0.23108092,-0.181965396
0.170947164,0.00099843007,0.278070778,-0.00768380333
0.192884058,0.0862240791,0.315487206,0.134595767
0.212002799,0.116195872,0.342699736,0.18434
0.224929512,0.0940161273,0.364311486,0.149975523
0.224758565,0.0547100566,0.364611655,0.0868225098
0.205472946,0.0427654982,0.336674333,0.064529568
0.16622141,0.0838829502,0.274972022,0.129167125
0.112831458,0.16705662,0.186334461,0.262942523
0.0556065068,0.247474208,0.0947229788,0.392563015
0.00463891681,0.269150615,0.0150899561,0.429665416
-0.034711767,0.195155233,-0.0490783118,0.325780183
-0.0636673272,0.0289521161,-0.0993625969,0.0588583127
-0.0882662088,-0.184819177,-0.142113745,-0.289045572
-0.115096502,-0.380536497,-0.17557089,-0.564082325
-0.146989137,-0.501795352,-0.208936825,-0.688288331
-0.181054324,-0.525497794,-0.250301838,-0.701469958
-0.210046679,-0.467582494,-0.299171686,-0.647504866
-0.226178586,-0.368710995,-0.339176238,-0.54000479
-0.225230053,-0.269374937,-0.353580594,-0.413112253
-0.208781585,-0.189279363,-0.337938577,-0.298566759
-0.183536559,-0.122520775,-0.302857429,-0.196221679
-0.158271119,-0.050129693,-0.264353067,-0.0811305121
-0.140061602,0.0390824154,-0.233432412,0.0633854568
-0.131559119,0.133445516,-0.213534325,0.216757312
-0.130304098,0.199613392,-0.206673726,0.324186593
-0.129984766,0.200410813,-0.20559299,0.32790184
-0.122800045,0.119134977,-0.196729854,0.204860687
-0.101995617,-0.0246582124,-0.167714015,-0.0315116383
-0.0640179366,-0.178714171,-0.10730233,-0.284197479
-0.0101013985,-0.280930102,-0.023817515,-0.443541467
0.0528914444,-0.289998919,0.074498944,-0.461431026
0.112866938,-0.207059771,0.173245594,-0.342717886
0.154805467,-0.0757569671,0.248046458,-0.133435681
0.165209934,0.0402875543,0.272603244,0.0593751296
0.137792498,0.0909651369,0.23106052,0.14474079
0.0781755075,0.0660306215,0.136806235,0.109791189
0.00481062708,-0.000295233476,0.0132820448,0.00292366464
-0.0557510816,-0.0493323728,-0.09011399,-0.0811936781
-0.0786873475,-0.03183854,-0.134435043,-0.053975828
-0.0523632132,0.0627852082,-0.0941687599,0.0999384299
0.0138755897,0.198252067,0.0183538087,0.319055766
0.0902695581,0.309064984,0.142988205,0.479850918
0.13701117,0.33491993,0.216041759,0.513121665
0.121172316,0.253443092,0.202259883,0.404250145
0.0331148244,0.0936563909,0.06688869,0.162538379
-0.105534047,-0.0771166161,-0.166556299,-0.12136139
-0.247223601,-0.186025277,-0.384842455,-0.289868802
-0.336175084,-0.189974144,-0.512332857,-0.2854366
-0.331464708,-0.0953051746,-0.518790543,-0.146492988
-0.225373939,0.0475316793,-0.374429584,0.0782037824
-0.0483825393,0.170372993,-0.0889182091,0.281877607
0.142092571,0.220187515,0.223084703,0.353761643
0.284729302,0.181395486,0.442424059,0.282778859
0.339111596,0.0774766281,0.52833724,0.117797092
0.301414073,-0.0465749428,0.480621278,-0.0751604065
0.204245761,-0.149411336,0.3317779,-0.242711797
0.10123013,-0.211729571,0.16357702,-0.342990845
0.0437553898,-0.238914415,0.0662823394,-0.386726379
0.0604668111,-0.248918608,0.088680692,-0.398938328
0.14811188,-0.25492686,0.224925891,-0.403549522
0.276484787,-0.254583716,0.40931049,-0.389371902
0.403535843,-0.23252663,0.570691407,-0.341336548
0.492554605,-0.174028754,0.67072767,-0.249621525
0.52355957,-0.0802880824,0.713059783,-0.123061351
0.495110989,0.0253044702,0.694145441,0.0219008885
0.418202132,0.105074577,0.618291557,0.144482687
0.307641894,0.125498399,0.484876364,0.187583759
0.176533177,0.0757656917,0.297813982,0.12234959
0.0363226682,-0.0244987551,0.0708251372,-0.0389086157
-0.0994082987,-0.133345321,-0.158766851,-0.21578826
-0.211994752,-0.206414387,-0.335798025,-0.322664142
-0.279662758,-0.217892408,-0.43430841,-0.333230495
-0.285071224,-0.171236962,-0.449126035,-0.263630509
-0.224838331,-0.0943657532,-0.370048136,-0.149880707
-0.115163676,-0.0228821151,-0.200482681,-0.0361110121
0.0110863894,0.0185432062,0.0129945409,0.0326352865
0.116085351,0.0260841995,0.19065471,0.0449384153
0.172676235,0.0132041518,0.283959657,0.0188788138
0.17616801,-0.00273532933,0.292311311,-0.00815218873
0.145783171,-0.0142017994,0.243722364,-0.0266090892
0.114244871,-0.0282659885,0.191030622,-0.0486335307
0.110229403,-0.0592378862,0.184008867,-0.0979981646
0.142504379,-0.114170007,0.230182365,-0.186681479
0.19415915,-0.181360692,0.305876315,-0.29057014
0.230405658,-0.230711788,0.355676442,-0.36309436
0.216441795,-0.227659762,0.336236089,-0.363898367
0.136476889,-0.153617159,0.222580984,-0.259366065
0.00412510429,-0.0208432432,0.00903475471,-0.0463455208
-0.141448617,0.128239125,-0.225051865,0.20312953
-0.252098352,0.238872439,-0.383554429,0.369881749
-0.29202345,0.270520657,-0.432824641,0.412629515
-0.253509343,0.217984438,-0.39038986,0.348294646
-0.15960367,0.115054145,-0.261399984,0.199867696
-0.0528145134,0.0178674832,-0.0916377679,0.037516702
0.0242481679,-0.0236426648,0.0393058918,-0.0391131341
0.0467567258,0.00904156361,0.0767349973,0.0096007809
0.0158605669,0.0948418155,0.0284943357,0.149693042
-0.0456966497,0.186285332,-0.0692177638,0.299997747
-0.107048519,0.236498848,-0.164020807,0.380189598
-0.14419663,0.224631101,-0.22609438,0.363461792
-0.149101362,0.165274203,-0.238230765,0.274423897
-0.129399538,0.0967079252,-0.210955948,0.163923934
-0.100580692,0.0551665127,-0.16704756,0.0961694717
-0.0761325583,0.0507057384,-0.127468735,0.084795028
-0.0613610409,0.0596499741,-0.101854384,0.0998179168
-0.0535430014,0.0391186886,-0.088272512,0.0689102858
-0.0468561575,-0.0439888053,-0.0761370584,-0.0668695271
-0.0377594717,-0.186413601,-0.0624504015,-0.295721412
-0.0267607197,-0.341045171,-0.046460893,-0.52066946
-0.0154689346,-0.435262829,-0.0308080036,-0.635977864
-0.00148531073,-0.407390058,-0.0112276319,-0.611820877
0.0243854858,-0.242544189,0.0281702448,-0.400278002
0.0752684474,0.0120105632,0.115466498,0.00540262368
0.160007119,0.262152612,0.248409629,0.401901156
0.273869604,0.407211244,0.389390945,0.572211862
0.394159645,0.386219591,0.535415173,0.520609021
0.484892219,0.207190081,0.668712497,0.287568629
0.510041356,-0.0555034988,0.712841392,-0.0731801018
0.449867159,-0.294733107,0.614772797,-0.403990597
0.312337637,-0.418881893,0.429202795,-0.582061589
0.133304045,-0.391382396,0.196031302,-0.590423703
-0.0357508846,-0.242989406,-0.058947932,-0.40320313
-0.147459254,-0.0522698313,-0.246594876,-0.0946869478
-0.177012235,0.0944485068,-0.291677326,0.154020116
-0.130953237,0.143027782,-0.216067538,0.240316316
-0.0425524898,0.0921970606,-0.0719051883,0.162794098
0.0436399467,-0.01321181,0.0718827993,-0.0151455617
0.0905623734,-0.110297821,0.149310365,-0.181415632
0.0821959749,-0.151146635,0.133368939,-0.252717495
0.0265219752,-0.123750709,0.0436754189,-0.212951481
-0.0520229675,-0.051665619,-0.0860287994,-0.0914908051
-0.125631854,0.0246818438,-0.207208037,0.0396584868
-0.174935564,0.0727597401,-0.286071628,0.122862808
-0.194474906,0.0845924467,-0.316055357,0.141742095
-0.190777987,0.0770830289,-0.311243981,0.131053582
-0.175804794,0.0776666403,-0.288006812,0.130245104
-0.160136729,0.105069697,-0.262684405,0.174121737
-0.149189889,0.156911135,-0.242906004,0.254684716
-0.143060043,0.211067453,-0.22652553,0.339688838
-0.138306573,0.239312112,-0.216164872,0.3834337
-0.129496574,0.224703923,-0.203023016,0.362953275
-0.109703161,0.172416851,-0.174159542,0.287981987
-0.0710698217,0.107864574,-0.116195336,0.183610514
-0.00730225444,0.0633921698,-0.0141337719,0.109282292
0.0813396722,0.0611436255,0.131801128,0.101542577
0.182613119,0.101499751,0.292948544,0.160454482
0.270554334,0.163005188,0.422406852,0.247349069
0.311133504,0.213226646,0.475117296,0.316623539
0.275560528,0.224269897,0.43051368,0.337044835
0.156538874,0.184790179,0.265449524,0.294674844
-0.0208019111,0.102962226,-0.0207925346,0.172164798
-0.20106107,0.000169835388,-0.317954332,0.00554925203
-0.316307843,-0.100029744,-0.491128922,-0.146084026
-0.313959002,-0.181388274,-0.487140357,-0.266196966
-0.182770908,-0.238542438,-0.30053103,-0.366774112
0.0363167264,-0.27435106,0.0405857451,-0.430560827
0.26211378,-0.294198513,0.380992383,-0.443484157
0.405068219,-0.301521957,0.557626009,-0.428208202
0.405984312,-0.297097653,0.565669775,-0.423416436
0.263720334,-0.281550616,0.400909036,-0.432872236
0.0378861353,-0.25825718,0.0677714944,-0.420939296
-0.176232353,-0.233733594,-0.276485652,-0.371960551
-0.289944202,-0.214648396,-0.448151737,-0.326420397
-0.261204034,-0.203273743,-0.413821846,-0.30766049
-0.113411583,-0.194636807,-0.197463095,-0.30851388
0.0762637407,-0.177836388,0.111594036,-0.28868407
0.21364367,-0.141418457,0.335240662,-0.232166812
0.231794044,-0.0800073817,0.375137627,-0.137839928
0.121539369,0.00167451077,0.2079546,-0.00815360621
-0.0661545694,0.0899443626,-0.0989047736,0.141748875
-0.24641481,0.168035433,-0.380143315,0.264434516
-0.341815531,0.223480806,-0.505508482,0.338488072
-0.318321824,0.252842218,-0.47351104,0.383649796
-0.198624656,0.261180311,-0.312054664,0.412259638
-0.0474590994,0.256801695,-0.077388078,0.416802138
0.0624362379,0.244656309,0.10195218,0.394089103
0.0859132335,0.222580403,0.145039633,0.359098464
0.0249750745,0.182866558,0.0493418723,0.298092335
-0.0762157887,0.118393756,-0.117629923,0.198754713
-0.156555519,0.0296889395,-0.253278226,0.0559276044
-0.169286415,-0.0714794919,-0.277717769,-0.107272036
-0.103281118,-0.164573863,-0.176953137,-0.261531383
0.0152671831,-0.228064924,0.0150280353,-0.365911514
0.139426738,-0.248748198,0.212118596,-0.394455165
0.225804731,-0.227864504,0.345475823,-0.360551745
0.253153503,-0.18087323,0.392103612,-0.289751649
0.226599738,-0.130942509,0.362673998,-0.216840193
0.167727694,-0.0992979258,0.276305556,-0.168410808
0.09861321,-0.0969124511,0.164439172,-0.162834629
0.0302979238,-0.121069402,0.0509879477,-0.201060444
-0.0378736109,-0.157788694,-0.0625621751,-0.258798152
-0.10931322,-0.188428208,-0.179245964,-0.304739982
-0.17932035,-0.197278097,-0.287619263,-0.314106762
-0.231146008,-0.177149743,-0.369448215,-0.27903533
-0.243108377,-0.131353185,-0.390629709,-0.20636867
-0.203187227,-0.0720805675,-0.335970044,-0.115423352
-0.121739075,-0.0162615925,-0.208870485,-0.0242235884
-0.0329081416,0.0197602957,-0.058937598,0.0345516428
0.0186219178,0.0254963003,0.0312719196,0.0441935845
3.26696463e-05,0.000331575953,0.00414091256,0.000788390869
-0.0899748355,-0.0450234003,-0.143986389,-0.0739806145
-0.216049045,-0.0908569023,-0.343983531,-0.143596068
-0.320244581,-0.114878252,-0.493872136,-0.173105523
-0.349496841,-0.10130734,-0.539472878,-0.149419218
-0.28278625,-0.0492676459,-0.456140429,-0.0732511431
-0.143476695,0.0237495638,-0.247334331,0.0423761159
0.0104601849,0.0863476694,0.0107702203,0.14503552
0.114041634,0.105273888,0.188179046,0.174326733
0.126715571,0.0606405549,0.217647314,0.100391626
0.0513047539,-0.0427065045,0.0946256891,-0.0682610497
-0.0694328099,-0.174003839,-0.107678749,-0.281961292
-0.176588461,-0.28764078,-0.274372429,-0.442518502
-0.226261824,-0.342496425,-0.343959838,-0.504864037
-0.211217254,-0.320788831,-0.328965306,-0.481227696
-0.161507621,-0.237007812,-0.265907586,-0.376117855
-0.124252982,-0.131770462,-0.21040453,-0.217285484
-0.134381711,-0.0528294109,-0.22183013,-0.0881547332
-0.19317542,-0.0322432145,-0.312350422,-0.0495584011
-0.267022341,-0.0711610168,-0.423087835,-0.10534811
-0.307275832,-0.140166089,-0.476269215,-0.209534243
-0.279939204,-0.195224032,-0.438971162,-0.292916268
-0.187948629,-0.201062605,-0.309005439,-0.315453351
-0.0725965127,-0.149727941,-0.129996642,-0.246849567
0.00777863851,-0.064487569,0.00627065264,-0.113661371
0.0106833689,0.0129519068,0.0210129973,0.0174567942
-0.0643576384,0.0449308977,-0.10088782,0.0743491873
-0.171699971,0.0177668054,-0.275557935,0.0331920572
-0.241204724,-0.0516795926,-0.386508703,-0.0754490495
-0.215054855,-0.126138166,-0.350477308,-0.192832649
-0.0803517997,-0.168732896,-0.144837931,-0.268929929
0.120416641,-0.162440196,0.182827801,-0.264347315
0.307612062,-0.117050223,0.46963051,-0.189402968
0.402744412,-0.0598040968,0.598235905,-0.0979227126
0.367286742,-0.0155485645,0.563374341,-0.032886859
0.221833244,0.0113209272,0.367675722,0.00989505183
0.0355573893,0.0415405743,0.07006713,0.0634694546
-0.108533502,0.108351499,-0.176077783,0.175793901
-0.154404476,0.234059349,-0.247149155,0.369357675
-0.0987329185,0.409461915,-0.149074614,0.603148401
0.01129953,0.58938098,0.0164948143,0.764069676
0.106059708,0.709260821,0.129713312,0.800989866
0.131632254,0.715990901,0.156850293,0.795926452
0.0774227902,0.597311974,0.110961989,0.764217913
-0.0212160163,0.393523246,-0.0153423436,0.595692635
-0.10580276,0.183547556,-0.160307124,0.307731748
-0.129527822,0.0505845845,-0.213317961,0.0900368467
-0.0842602998,0.0436241552,-0.14505215,0.0709119067
-0.00465304684,0.153963059,-0.0143634966,0.248174801
0.0527885221,0.318796247,0.0822358653,0.489564538
0.0437392071,0.450470775,0.0727343038,0.648051083
-0.036143329,0.477107286,-0.0355771407,0.677804053
-0.145638615,0.374735296,-0.202145845,0.567451239
-0.218371317,0.175701767,-0.336204141,0.293309003
-0.0283683259,0.205670357,-0.0632907078,0.334445775
-0.0513264239,0.114650413,-0.0706825331,0.194765508
-0.0845552236,0.0487938412,-0.136936828,0.0840431377
-0.126496777,0.0267831832,-0.207349271,0.0453146324
-0.157072231,0.0535529107,-0.258782685,0.0879595056
-0.148399457,0.116450794,-0.245342642,0.190803021
-0.0840239376,0.188617989,-0.138593793,0.307463199
0.0252045766,0.23872827,0.0386319943,0.38613674
0.139661908,0.242891908,0.222772852,0.388596654
0.207206145,0.193371147,0.334252924,0.307224065
0.189985722,0.100435175,0.316711545,0.162458166
0.0874128267,-0.0127921104,0.15536198,-0.0206794236
-0.0584915429,-0.119306177,-0.0897929147,-0.196542159
-0.180506587,-0.19653596,-0.287514001,-0.309156686
-0.219127819,-0.230804443,-0.350439936,-0.355880797
-0.154438451,-0.217585444,-0.257931679,-0.34260726
-0.0196036082,-0.159687266,-0.043967735,-0.263297975
0.112615488,-0.0660428852,0.177255049,-0.113235734
0.164948523,0.0478166379,0.270160884,0.0697685853
0.0950716808,0.159017548,0.164366424,0.252094775
-0.0809745044,0.23919265,-0.114953928,0.378104717
-0.2942186,0.260910153,-0.428151757,0.397193849
-0.455180109,0.207717314,-0.629758239,0.302556694
-0.497281224,0.0835841224,-0.691351295,0.131903127
-0.409201086,-0.0837701559,-0.609248638,-0.106055625
-0.239544526,-0.249245927,-0.379595548,-0.369214922
-0.0714036673,-0.36544311,-0.121223256,-0.548284113
0.020017853,-0.400617301,0.0201299693,-0.601391673
0.00478934869,-0.351357311,0.00320944958,-0.546973288
-0.0885692462,-0.243661389,-0.140853778,-0.397128731
-0.190569207,-0.121445797,-0.310465664,-0.201034039
-0.229282483,-0.0277119409,-0.372784883,-0.0415027216
-0.169411808,0.0127024855,-0.284565479,0.0272892267
-0.0313588604,0.000745665398,-0.0588916428,0.00927560218
0.11952167,-0.0418153666,0.192655206,-0.0652904734
0.207563788,-0.0863694176,0.334044456,-0.142458647
0.187002167,-0.11243508,0.305873066,-0.187935576
0.0667780116,-0.115725875,0.116359085,-0.198413119
-0.0927386731,-0.105867945,-0.147868171,-0.17865248
-0.209109068,-0.0965132266,-0.338171273,-0.153603524
-0.217987552,-0.09485057,-0.357286364,-0.14712207
-0.103751048,-0.097371608,-0.182331234,-0.153809607
0.0942521989,-0.0943438783,0.142823473,-0.153252542
0.301887274,-0.0795157701,0.463455826,-0.127984554
0.445673019,-0.057846684,0.643421471,-0.0937591493
0.48540467,-0.0449883118,0.687608302,-0.0738360211
0.428467005,-0.0574881583,0.632330179,-0.0930173695
0.32049337,-0.09915068,0.501456559,-0.159391999
0.219063386,-0.152592734,0.352537602,-0.247574851
0.164823741,-0.183149278,0.262457222,-0.299123168
0.164245427,-0.155487567,0.261137784,-0.257208884
0.191014558,-0.0552362837,0.305128276,-0.100054547
0.203157604,0.096564725,0.327207655,0.144024476
0.165724486,0.246176422,0.268164158,0.377778649
0.0675605685,0.32859388,0.117665656,0.503929019
-0.0747466758,0.298824996,-0.101093784,0.472530603
-0.225429922,0.157458395,-0.345893592,0.26145649
-0.344522774,-0.0438011661,-0.523766339,-0.051301755
-0.401578099,-0.221742377,-0.580926895,-0.308455437
-0.383049041,-0.298706234,-0.55021137,-0.414933145
-0.292736113,-0.239669234,-0.455136895,-0.361622363
-0.148090467,-0.0707150847,-0.256964117,-0.119704679
0.0242918879,0.131276399,0.0294419117,0.211474359
0.192551821,0.273733974,0.296736151,0.421441287
0.323740989,0.291635752,0.479947895,0.426137924
0.389906943,0.177721545,0.578648686,0.262952656
0.376077861,-0.0152658941,0.577675998,-0.0216810144
0.287369609,-0.201314613,0.447950393,-0.309860438
0.150802061,-0.303310603,0.235353306,-0.475002348
0.00863727182,-0.289456427,0.0112174628,-0.465236813
-0.0959651992,-0.185975447,-0.159814984,-0.309606224
-0.135538802,-0.0604944602,-0.230636686,-0.102772146
-0.109321304,0.0144874388,-0.187305197,0.0276362821
-0.0426314585,-0.00122296356,-0.0742783546,0.00270659826
0.0259565189,-0.096634075,0.0414958745,-0.151648089
0.0637687296,-0.217840001,0.101525925,-0.349419683
0.0598818809,-0.29794386,0.0909487307,-0.46964407
0.0293270946,-0.292175204,0.0395837612,-0.46609661
0.00328926765,-0.199810356,-0.00140589813,-0.3340258
0.0105175395,-0.0622958951,0.0115630012,-0.110390313
0.0601381995,0.0600107275,0.0962928757,0.0963267684
0.135518581,0.118968785,0.221370518,0.195903003
0.202857807,0.100811265,0.329231232,0.162879586
0.229954183,0.0283877626,0.375983268,0.0460182391
0.204693049,-0.05594787,0.337155133,-0.0924463645
0.142627522,-0.11568737,0.235188574,-0.191665575
0.0788695812,-0.138818234,0.129502386,-0.232117146
0.048257526,-0.139617935,0.0763342306,-0.233542114
0.064579308,-0.1438099,0.101934165,-0.238290235
0.110622212,-0.16718404,0.174831718,-0.272028267
0.145261258,-0.201501682,0.229593992,-0.323462099
0.124603428,-0.216979429,0.198732749,-0.35108003
0.026367195,-0.180545583,0.044297073,-0.304895639
-0.135465443,-0.0792573318,-0.218427464,-0.140399545
-0.313864321,0.0655103326,-0.486273289,0.098774001
-0.448715895,0.202901229,-0.62942034,0.289614767
-0.493685812,0.275683522,-0.652139008,0.375258893
-0.436595351,0.250200987,-0.606998801,0.359264314
-0.303435981,0.137012482,-0.471039981,0.226559356
-0.144718274,-0.00987002626,-0.243241802,-0.00302374526
-0.0118149137,-0.116315924,-0.026560884,-0.187671006
0.0644509867,-0.123151347,0.103002056,-0.208651349
0.0827706531,-0.0155216306,0.135216475,-0.03776576
0.064941965,0.16849193,0.107508376,0.264070421
0.039465636,0.354717135,0.0661447644,0.537677288
0.0252676178,0.46705687,0.0440768152,0.669587255
0.0244564954,0.462143034,0.0443180613,0.666717231
0.026893951,0.347606331,0.0499424748,0.540485382
0.022090327,0.175620422,0.043109078,0.296639979
0.00981289614,0.0159290992,0.0208250638,0.0331699178
0.00211435277,-0.0774095654,0.00196605804,-0.129622161
0.0152942147,-0.0888962597,0.0222312417,-0.149701446
0.0569951087,-0.0435462371,0.0890814438,-0.0770908743
0.1171114,0.0114151118,0.192519486,0.0151442792
0.169273898,0.0342084281,0.278267175,0.055007346
0.183410481,0.0105419531,0.302799612,0.0166495144
0.142937452,-0.0410051532,0.239286497,-0.0695159584
0.0566838086,-0.0818703696,0.0972789973,-0.139567554
-0.0420807898,-0.0765784755,-0.0692406446,-0.132227421
-0.110217094,-0.0130477101,-0.183944717,-0.0258335341
-0.11583405,0.0905495137,-0.194233403,0.147386029
-0.0547626652,0.195270464,-0.0927051902,0.317648828
0.046800267,0.261286914,0.0732963681,0.41833061
0.145412683,0.26709646,0.231250674,0.421590596
0.202606365,0.218089402,0.324018687,0.344168961
0.204365507,0.140870526,0.335987687,0.225345254
0.167263046,0.0676157847,0.280224532,0.109545909
0.127782598,0.0197718441,0.213719308,0.0315978564
0.120565385,0,0.199458688,-0.00119154493
0.157565743,-0.00403964566,0.257904381,-0.00823818427
0.219858959,-0.00747053558,0.352828264,-0.0137096168
0.267107576,-0.0156541783,0.425532132,-0.0275700353
0.260014951,-0.0192613788,0.419637173,-0.0375918821
0.183721349,-0.000129045904,0.305490792,-0.00712971203
0.0591154248,0.055496186,0.104628421,0.0847451091
-0.0648613423,0.144322336,-0.101450659,0.233515784
-0.134781271,0.242001772,-0.212012604,0.384324819
-0.120341562,0.311182767,-0.185208902,0.486530364
-0.0315575376,0.318389624,-0.0482277684,0.501718521
0.0839638561,0.251386017,0.13608253,0.40896827
0.163075611,0.127914608,0.270116419,0.211689129
0.157838404,-0.00925739482,0.266229153,-0.0151020698
0.0595927164,-0.109309308,0.105271772,-0.184272006
-0.0959400982,-0.134703785,-0.152472973,-0.226237729
-0.24542217,-0.0770623833,-0.39198494,-0.126206815
-0.328449726,0.0396031365,-0.513021469,0.0609249808
-0.316828996,0.169458598,-0.487558514,0.262260646
-0.228061318,0.26402384,-0.353862464,0.410146564
-0.116315953,0.291177034,-0.180320919,0.46082446
-0.0452946462,0.245917737,-0.0668361932,0.400714576
-0.056300614,0.14917852,-0.084799692,0.252503753
-0.147132024,0.0366084166,-0.232594207,0.0646108761
-0.27206257,-0.0566171817,-0.426598489,-0.0851639807
-0.362876803,-0.108056866,-0.549947858,-0.159069672
-0.360788494,-0.112856284,-0.552288175,-0.163910195
-0.243994504,-0.0808167383,-0.400183439,-0.123938166
-0.0379495397,-0.0288566723,-0.0782600269,-0.0436565429
0.196111634,0.0265964121,0.309202909,0.0424522609
0.388521194,0.0738907456,0.581377149,0.10513927
0.491232544,0.106348656,0.689638138,0.139941409
0.496583968,0.120080732,0.693514943,0.156794384
0.436568826,0.112095088,0.63765347,0.154960752
0.363872886,0.0805425942,0.557925582,0.115687221
0.32446754,0.0270200595,0.507778108,0.0371730626
0.335151076,-0.040871501,0.517372549,-0.0654674843
0.376575142,-0.109000705,0.564122856,-0.167678297
0.404558659,-0.159492046,0.590405047,-0.239639476
0.373689085,-0.176236168,0.554236889,-0.26999104
0.261533022,-0.150897309,0.414171487,-0.247839153
0.0817990154,-0.0867011324,0.142212823,-0.153314948
-0.119676076,0.00180739176,-0.191923365,-0.00395890512
-0.283987373,0.0930563286,-0.444253385,0.147279024
-0.364132017,0.165080875,-0.544348061,0.253385186
-0.344260067,0.201959431,-0.516655385,0.30958581
-0.244634852,0.197876588,-0.383515894,0.318678409
-0.110711984,0.157858074,-0.183138818,0.26714766
0.00779583072,0.0955771282,0.0121701797,0.16442889
0.0776364505,0.0294596646,0.130750701,0.050786674
0.0929962695,-0.0216299947,0.157772079,-0.0387694202
0.0724728331,-0.0423185527,0.122955933,-0.0734980032
0.0448495075,-0.0239682049,0.0746432245,-0.0432383157
0.0318200551,0.032936573,0.0523460023,0.051064115
0.0368169472,0.117708907,0.0596943609,0.190805808
0.045397535,0.210457399,0.075794287,0.338829845
0.0362570696,0.285816967,0.0625393763,0.448994637
-0.00376843684,0.31926465,0.003560371,0.498681396
-0.0693966821,0.29460609,-0.0994596481,0.465483278
-0.137319833,0.210137621,-0.211853921,0.34257707
-0.177442268,0.0808183104,-0.286017835,0.140996918
-0.168981791,-0.0651031807,-0.278265953,-0.0967540815
-0.112594649,-0.194453165,-0.188781872,-0.306095809
-0.0315771848,-0.279717833,-0.0588992462,-0.440910578
0.039049685,-0.307835996,0.0524395108,-0.483721912
0.0701730475,-0.283656299,0.106365263,-0.45249927
0.0536564402,-0.226639614,0.0841987878,-0.371171921
0.00658490276,-0.162276179,0.00841577165,-0.272499382
-0.0380364545,-0.112005584,-0.0634585619,-0.188091382
-0.0496380888,-0.0860356465,-0.0848731622,-0.141602024
-0.0179364718,-0.0820080489,-0.0337115601,-0.135509118
0.0394064672,-0.0896092653,0.0600215979,-0.147814095
0.0839578956,-0.0983501524,0.136651546,-0.165623754
0.0754820034,-0.104260631,0.125900015,-0.177012041
-0.00666180579,-0.111922868,-0.00775132794,-0.189233184
-0.150642112,-0.130779102,-0.241025791,-0.213273257
-0.314674139,-0.167743951,-0.478091955,-0.252194107
-0.444111317,-0.220244691,-0.624869168,-0.300209492
-0.494945973,-0.273803741,-0.661905169,-0.353034824
-0.45238328,-0.306112111,-0.616580486,-0.4026151
-0.335772008,-0.296263427,-0.498152196,-0.422290862
-0.188160285,-0.235063538,-0.308934867,-0.366395056
-0.0563891716,-0.131496072,-0.104727253,-0.219533369
0.0280498676,-0.0119757345,0.0425752662,-0.0257308464
0.0583198965,0.087769419,0.0974524245,0.140825465
0.0484214723,0.135017291,0.0859594122,0.222522944
0.0200994294,0.111545824,0.0394079871,0.187360197
-0.0111174705,0.0197328962,-0.0144476546,0.0395502485
-0.0427096561,-0.118834063,-0.0672876537,-0.189874753
-0.0816289335,-0.271105468,-0.131447107,-0.425313115
-0.133688599,-0.403099239,-0.19902955,-0.589252412
-0.193374455,-0.489035964,-0.270340472,-0.668303132
-0.241210163,-0.516200125,-0.324784636,-0.67898941
-0.251140714,-0.484967381,-0.346621543,-0.649729908
-0.204198286,-0.405497968,-0.306259513,-0.583805919
-0.100645691,-0.293429941,-0.171479419,-0.459315151
0.036726322,-0.166345224,0.0466760695,-0.276907474
0.170666575,-0.0414623618,0.270981818,-0.0744872317
0.265031725,0.0660766736,0.420507193,0.0978078991
0.299721807,0.14511624,0.469348848,0.217513606
0.277184576,0.190612495,0.436635375,0.289023727
0.217465296,0.20498015,0.350385964,0.316619426
0.14524582,0.197292566,0.242229387,0.314995468
0.0767227784,0.179718167,0.131983519,0.293066204
0.0139441276,0.162154511,0.0284826364,0.266405433
-0.0505164117,0.147479102,-0.0776791573,0.244098216
-0.122120999,0.130127534,-0.194829494,0.215286642
-0.194052622,0.0993824154,-0.310127437,0.165880337
-0.245424703,0.0463163927,-0.390330255,0.08202108
-0.250283003,-0.0289310012,-0.402808726,-0.0378271043
-0.192834899,-0.11358384,-0.318129629,-0.174134076
-0.0798979998,-0.184946179,-0.140363023,-0.295002103
0.0576578826,-0.218898565,0.0829726458,-0.352691501
0.176843017,-0.200515911,0.27344647,-0.324147731
0.242471695,-0.131671652,0.382035971,-0.218257532
0.244529724,-0.0316468291,0.392709494,-0.062710546
0.203063846,0.0698981211,0.332854003,0.104040094
0.157089144,0.144396156,0.259178102,0.228739768
0.142851546,0.174825847,0.234792009,0.281914681
0.173105165,0.160260245,0.280331194,0.25936988
0.229112357,0.11281909,0.369108111,0.181120947
0.270498008,0.0494122952,0.432406425,0.075803712
0.258281946,-0.0166431498,0.417169213,-0.0309225377
0.178756714,-0.0793031976,0.297663212,-0.1339131
0.0547692291,-0.137058854,0.0964496806,-0.228827357
-0.0626898929,-0.186277732,-0.100953862,-0.304362923
-0.119119041,-0.215930134,-0.196409628,-0.344431877
-0.0847974643,-0.208589107,-0.147323981,-0.335228235
0.0283683259,-0.148933709,0.0345465466,-0.246548072
0.170929253,-0.0360028036,0.269970745,-0.0660865605
0.27945143,0.107962467,0.437140346,0.159046546
0.307650805,0.238821864,0.468120009,0.348979563
0.248955965,0.304188102,0.38308382,0.449532121
0.138695553,0.265058607,0.231181234,0.417330861
0.0348155983,0.115882821,0.0698288158,0.198879093
-0.0126100788,-0.107237756,-0.0168121792,-0.164581358
0.0130745871,-0.335960954,0.0141356727,-0.511251032
0.0878912061,-0.494458288,0.109760724,-0.690375805
0.161799386,-0.52961421,0.204387128,-0.714488924
0.186815456,-0.433422446,0.258038938,-0.626552999
0.143284202,-0.247196168,0.222245365,-0.404011816
0.0501482114,-0.0451620221,0.0841027126,-0.0890264511
-0.0460580029,0.0956555605,-0.0721691102,0.154384121
-0.0971322507,0.126122311,-0.155570775,0.214244574
-0.0796675235,0.0429977477,-0.13100867,0.0831186175
-0.00758658722,-0.112990201,-0.0157378577,-0.176062956
0.075913839,-0.27706939,0.113615334,-0.432449251
0.122329503,-0.388520628,0.175805777,-0.580103099
0.104409531,-0.414181769,0.149548084,-0.61494714
0.0307534244,-0.357722878,0.0450288244,-0.554553449
-0.0593750365,-0.252370179,-0.0976734906,-0.411018312
-0.117909707,-0.142446563,-0.197514623,-0.238889769
-0.114337534,-0.0634643286,-0.194095299,-0.103949577
-0.0520869605,-0.0297819469,-0.0928331688,-0.0469618998
0.0338404886,-0.0339467004,0.0533295311,-0.0543482564
0.096389018,-0.0556902476,0.160899296,-0.0917707458
0.10215687,-0.074347347,0.170695752,-0.126696363
0.0491317734,-0.0780666247,0.0847880468,-0.133355439
-0.0330988616,-0.0662087351,-0.0513305739,-0.113551579
-0.100445859,-0.0456467271,-0.167307124,-0.0765409172
-0.119016379,-0.0247482769,-0.199614316,-0.038630113
-0.0836899728,-0.00912835635,-0.14463684,-0.0128593035
-0.0204220563,-0.00109130424,-0.0378812179,7.12136971e-05
0.0287986062,-0.00173930021,0.0455035307,-0.00326866936
0.0298875533,-0.0129863275,0.05242851,-0.0224469136
-0.0237153154,-0.0372001119,-0.0353922285,-0.0618758239
-0.106444091,-0.0743895173,-0.172056988,-0.122434035
-0.173444897,-0.119131416,-0.282891095,-0.189425111
-0.183842435,-0.160133079,-0.299798876,-0.252458423
-0.121973485,-0.183860123,-0.206541479,-0.292618036
-0.00550376484,-0.18089959,-0.0212087762,-0.293975174
0.123386167,-0.151480392,0.192423716,-0.249423712
0.218503565,-0.106439039,0.345071554,-0.178376049
0.250693351,-0.0622340851,0.402598709,-0.106268607
0.218619734,-0.03215608,0.358531326,-0.0594222769
0.144585133,-0.018532047,0.243747711,-0.036796499
0.0590343811,-0.0107319504,0.10191641,-0.0218574889
-0.0167065319,0.0091305254,-0.0266179834,0.0133795179
-0.0795981362,0.0552770235,-0.130708575,0.089461334
-0.141335711,0.127952412,-0.23043339,0.206439152
-0.215103641,0.209835574,-0.333954632,0.329121828
-0.301342458,0.272082359,-0.443034858,0.408506602
-0.38176325,0.287776351,-0.534459174,0.417141616
-0.425981373,0.24625577,-0.592789352,0.355712861
-0.407680154,0.160752237,-0.593284905,0.246896431
-0.321376681,0.0647681206,-0.501534462,0.113215774
-0.189958274,-0.00179388782,-0.317041546,0.00732781738
-0.0577647202,-0.0104370834,-0.103842251,-0.0161610711
0.0283337589,0.0427029021,0.0447473712,0.0672252998
0.0407998003,0.134637028,0.0694898963,0.215700924
-0.0148176868,0.225403398,-0.0168269295,0.359998345
-0.101537138,0.275322974,-0.151829377,0.436210811
-0.167715192,0.261546612,-0.254853785,0.416153759
-0.171114296,0.186520696,-0.270427287,0.307874978
-0.0987950563,0.0752283931,-0.165121064,0.135244802
0.026614964,-0.0365181416,0.0390672646,-0.0534476638
0.157119021,-0.116634451,0.24967517,-0.189541578
0.24101305,-0.147591546,0.377846003,-0.23934789
0.245767727,-0.129663065,0.389346123,-0.215136617
0.171671286,-0.0768815428,0.28476125,-0.135432005
0.0504674502,-0.00922434684,0.0892485902,-0.022721855
-0.0696376711,0.0546555929,-0.110922813,0.0868515074
-0.145125598,0.10144899,-0.236416221,0.16617018
-0.154707685,0.12387342,-0.252811939,0.206212237
-0.105811216,0.119790174,-0.175652683,0.203739434
-0.0280800071,0.0915906653,-0.0486893393,0.157744944
0.0420865342,0.0462674238,0.0707867295,0.0790346414
0.0782785714,-0.00500177778,0.132692099,-0.00735420827
0.0745242313,-0.0492968224,0.126926333,-0.082400158
0.0453338549,-0.076664649,0.076637201,-0.130095735
0.0162368845,-0.0851997063,0.0271749683,-0.143047795
0.00989253726,-0.0832431391,0.0139324227,-0.139592424
0.034454003,-0.0861672685,0.0532113314,-0.143333822
0.0794024989,-0.108024485,0.12805827,-0.176526263
0.120428108,-0.151782542,0.19387053,-0.246605963
0.130850524,-0.203765303,0.207807779,-0.329762965
0.0943142772,-0.236703634,0.151360407,-0.381758302
0.0131345438,-0.221623525,0.0198691599,-0.364518642
-0.0912871063,-0.143666089,-0.151463673,-0.243426964
-0.186095625,-0.0137484791,-0.305433244,-0.0283868872
-0.239406988,0.131109029,-0.381443471,0.208492741
-0.232369244,0.240886629,-0.358803809,0.376610905
-0.166010693,0.274272233,-0.258282989,0.434937596
-0.0603261739,0.218980864,-0.0961434618,0.363474309
0.0536815226,0.10028328,0.0901627541,0.176515922
0.145464808,-0.0276507009,0.241005406,-0.0411559865
0.195159659,-0.104765199,0.314357936,-0.17476289
0.19871223,-0.0922906995,0.320888251,-0.158835828
0.166500509,0.00876938924,0.273758411,0.00185656839
0.116919503,0.157022148,0.193843439,0.244983748
0.0683480874,0.288763165,0.113521203,0.449023128
0.0331050381,0.346591681,0.0589898042,0.533756852
0.015479791,0.305276096,0.0310257152,0.483640999
0.0135954842,0.182885051,0.0287970137,0.3079409
0.0229972322,0.0322737023,0.0426285826,0.0611448102
0.0394161418,-0.0826829597,0.0654272437,-0.134248853
0.0592660941,-0.114780001,0.0947392434,-0.193195656
0.0783171877,-0.0524891205,0.125886768,-0.0958226472
0.0904384255,0.0775767341,0.146976903,0.119571455
0.0883612037,0.22446014,0.144786701,0.354306787
0.0669870898,0.335270375,0.110862002,0.513071775
0.027705444,0.375471473,0.0516195036,0.569833636
-0.0191616081,0.338607728,-0.0190520845,0.52760011
-0.0562838241,0.243043125,-0.0817621797,0.398109764
-0.0659611225,0.119644515,-0.10471873,0.206767976
-0.0389748178,-0.00216496317,-0.0655041859,0.00384753384
0.0187349077,-0.103297859,0.0269683059,-0.167961881
0.0855952278,-0.176146582,0.134772047,-0.286046416
0.131450385,-0.219950974,0.205348566,-0.355728656
0.129642025,-0.235078692,0.203652427,-0.379752249
0.0687320605,-0.220456749,0.111518219,-0.360875309
-0.0418080315,-0.175472602,-0.0661858246,-0.293411195
-0.174925148,-0.104303643,-0.283541709,-0.172809526
-0.296903849,-0.0189104713,-0.467187226,-0.0301017985
-0.380614519,0.0622394271,-0.573640287,0.0981304124
-0.414663911,0.119936615,-0.608486474,0.183270931
-0.404248655,0.141841635,-0.591983616,0.217757225
-0.363996565,0.128008038,-0.54941386,0.201869935
-0.307398945,0.0913405567,-0.478297621,0.15281558
-0.239177048,0.0525747426,-0.386278331,0.0915829837
-0.155063182,0.0320261084,-0.258992881,0.058230307
-0.0489879027,0.0417010412,-0.0869057328,0.0717593282
0.0769304633,0.0808590725,0.122400396,0.131629288
0.206239298,0.136310473,0.328911871,0.214708269
0.310667545,0.186771646,0.476228863,0.280637085
0.361290067,0.209457025,0.539319932,0.3035869
0.343108982,0.187001124,0.522868633,0.276744783
0.265195161,0.113294266,0.427548349,0.175961897
0.160160527,-0.00282142521,0.271862626,-0.00398358284
0.0719620734,-0.137097463,0.12350595,-0.223593101
0.0371786244,-0.253843039,0.0557972193,-0.404380947
0.0686456636,-0.314838976,0.0990897194,-0.49208492
0.149556682,-0.291951299,0.221365705,-0.457318097
0.241112351,-0.179761112,0.368994445,-0.29376325
0.300086498,-0.00281175575,0.467639953,-0.0185656101
0.297787458,0.187405854,0.460948199,0.27434212
0.231385872,0.327224344,0.356224358,0.479768753
0.122675613,0.36355713,0.196979299,0.545658052
0.00580939371,0.276137561,0.0232586022,0.443282992
-0.0890567973,0.0892498419,-0.136651665,0.159323812
-0.147759959,-0.133798271,-0.238605484,-0.206339985
-0.174314663,-0.313093901,-0.271170437,-0.471632212
-0.183517173,-0.383142412,-0.277483314,-0.563854277
-0.189347357,-0.319423616,-0.296632051,-0.4892461
-0.196353212,-0.148504838,-0.322266817,-0.246301144
-0.198829487,0.06331034,-0.327621102,0.0976373404
-0.187589556,0.238063216,-0.295201153,0.374032378
-0.159464747,0.318354875,-0.240094051,0.492334098
-0.123050779,0.289121628,-0.187290311,0.461279333
-0.0965431854,0.179454759,-0.150516301,0.30079788
-0.0983509198,0.0446373634,-0.158978686,0.081656538
-0.135691434,-0.0619347431,-0.221941203,-0.0972345099
-0.197902411,-0.11276643,-0.320079505,-0.180697203
-0.258838564,-0.114745893,-0.412166327,-0.179340109
-0.287782222,-0.099081628,-0.456662297,-0.151453897
-0.263578802,-0.0993917137,-0.423354447,-0.151051626
-0.184860304,-0.130523235,-0.304508865,-0.20203203
-0.0712526217,-0.179713205,-0.125102237,-0.288133472
0.0448129848,-0.214547738,0.0638745949,-0.346220106
0.131304473,-0.202791363,0.204723239,-0.330496341
0.168232679,-0.132647946,0.269084543,-0.223651648
0.152585477,-0.021875035,0.251174122,-0.0458030663
0.0954370275,0.0895900205,0.161453411,0.139558643
0.0143134641,0.159676477,0.0312300343,0.25836122
-0.0741391852,0.166028664,-0.113581873,0.275705159
-0.157359391,0.117681891,-0.251398295,0.198655263
-0.225527868,0.0500326268,-0.359407812,0.0886534899
-0.268568546,0.00559530314,-0.427218556,0.0136348931
-0.275448412,0.0107580163,-0.44165051,0.0218727533
-0.237876475,0.0610006005,-0.385762066,0.102066629
-0.156932339,0.122622281,-0.25962308,0.202512011
-0.0482363664,0.150317997,-0.0808728486,0.252960861
0.0589412265,0.111581147,0.0978890136,0.189901635
0.130303994,0.0052952827,0.218426481,0.0128868772
0.140015841,-0.135158107,0.231108159,-0.216881692
0.0827011019,-0.256041467,0.133866191,-0.408967376
-0.0225652624,-0.307734221,-0.0367671363,-0.486333758
-0.139232308,-0.267596066,-0.222064108,-0.425412953
-0.228594735,-0.150330886,-0.368504733,-0.243797526
-0.26628387,-0.00130968483,-0.428593814,-0.00325750443
-0.25181213,0.123441875,-0.401890337,0.19988355
-0.206430942,0.180890307,-0.32789126,0.29332149
-0.1605611,0.157572672,-0.255861104,0.262204975
-0.137478977,0.0724702477,-0.222750127,0.12898235
-0.141840756,-0.0337338038,-0.2312475,-0.048838038
-0.158937693,-0.116985738,-0.260542065,-0.185748294
-0.164736688,-0.147264645,-0.26977405,-0.236903444
-0.140941337,-0.1181591,-0.237197578,-0.193788201
-0.0866613165,-0.0460551158,-0.150390074,-0.0778167173
-0.0202159863,0.0390016027,-0.038469106,0.0628285259
0.0299750976,0.105888307,0.0500166677,0.175519794
0.0405243747,0.133331761,0.0717387125,0.219659373
0.00610433612,0.115846388,0.0176531859,0.193509504
-0.0565980151,0.0637705401,-0.08801727,0.108529657
-0.116129659,-0.00160423899,-0.189586625,0.000880456646
-0.140995905,-0.0558372587,-0.233712524,-0.0872186944
-0.114383668,-0.0797970593,-0.19445014,-0.128942743
-0.0416471548,-0.0664426461,-0.0770808309,-0.109308176
0.0527592748,-0.023720732,0.0823038593,-0.0412020348
0.136842698,0.0279739667,0.222939163,0.042370826
0.185091257,0.0637644157,0.303077132,0.100555114
0.188251749,0.0653576553,0.311925471,0.103607476
0.154855996,0.0307718646,0.260357112,0.0494645275
0.10483703,-0.0222604014,0.178653568,-0.0368719287
0.0592163391,-0.0622354001,0.101008341,-0.104779348
0.0310590453,-0.0580417402,0.0505882464,-0.100542985
0.0214528162,0.00435287319,0.0333554186,0.00227129483
0.0213382337,0.110896304,0.034272328,0.177209273
0.0173288956,0.220917255,0.0314961113,0.353504092
-0.00154506497,0.282520205,0.0047783996,0.44796586
-0.0387881808,0.256343395,-0.0527902059,0.415639758
-0.0883707926,0.136921689,-0.137843341,0.234545097
-0.135720208,-0.0394116193,-0.220249027,-0.0541085303
-0.161305681,-0.205766842,-0.259424925,-0.321048796
-0.146250308,-0.291837901,-0.236835495,-0.450635493
-0.0791366547,-0.255476862,-0.13854894,-0.410486758
0.0376117416,-0.104020976,0.0492214337,-0.181094393
0.18432726,0.105484702,0.289265275,0.160866842
0.326371282,0.288595259,0.476333082,0.414268643
0.423298448,0.369083881,0.570491493,0.487351
0.443095446,0.312007368,0.606025994,0.419322371
0.376382202,0.139129981,0.571947753,0.208845913
0.243881389,-0.0804008394,0.402810931,-0.125048578
0.0921015665,-0.259828329,0.151410609,-0.413054645
-0.0230210386,-0.331392258,-0.0397230238,-0.517546296
-0.0587937757,-0.273371637,-0.103719324,-0.438135892
-0.00493261311,-0.11612007,-0.020998776,-0.200672254
0.110236153,0.074290216,0.172792584,0.114295989
0.230708674,0.22604987,0.357053131,0.347606242
0.297014445,0.291038156,0.446241349,0.427405864
0.273018479,0.261077523,0.423982203,0.391774058
0.162686259,0.16563642,0.274535894,0.266732931
0.00851479918,0.054527726,0.0260206126,0.0930773765
-0.127928063,-0.0246759746,-0.206665531,-0.0382142365
-0.194099784,-0.0440035388,-0.318679154,-0.070493795
-0.169643745,-0.000978320022,-0.285380244,4.31705121e-06
-0.0735890791,0.0867332518,-0.129834354,0.143931091
0.0472610742,0.192603201,0.0725542828,0.311942607
0.142062187,0.291781574,0.222594455,0.450811446
0.179226115,0.366609871,0.273262471,0.540415764
0.157626241,0.406916797,0.240331963,0.590811551
0.101120085,0.408014208,0.161926433,0.600433946
0.0410598852,0.369734049,0.0721859187,0.562978208
-0.00225303625,0.297759622,0.00552316662,0.472862244
0.0354604088,-0.127657473,0.0670125708,-0.180450991
0.0230124053,-0.20410125,0.031247586,-0.344499588
-0.0047746324,-0.221784994,-0.00951688085,-0.362238973
-0.0225360282,-0.178031802,-0.0419025905,-0.29565689
-0.0107380189,-0.0955655724,-0.023761699,-0.161179498
0.0336619429,-0.0141211702,0.0518705845,-0.0266742613
0.0963043123,0.0261718184,0.158484459,0.0441792645
0.154066592,0.00256191706,0.2548545,0.00636461983
0.187806636,-0.0794937834,0.30731225,-0.12765646
0.191813931,-0.187692463,0.306773067,-0.298568189
0.174863994,-0.276187658,0.270172834,-0.432675928
0.152846649,-0.305035114,0.231135324,-0.476234049
0.137818933,-0.257116675,0.210923225,-0.412593812
0.130235404,-0.145086944,0.206291497,-0.246858284
0.119021773,-0.00555872964,0.195421845,-0.0190531202
0.0893777385,0.116435364,0.149586469,0.184867263
0.0335465223,0.185509965,0.0618249811,0.300155878
-0.0420225449,0.188702971,-0.059903577,0.310020834
-0.117628284,0.138103902,-0.184982866,0.231379315
-0.169176772,0.0633369535,-0.27330628,0.110725366
-0.18010211,-0.00178851769,-0.295954585,0.00407682918
-0.149655402,-0.0323067717,-0.249758497,-0.0496763848
-0.092875354,-0.0197683219,-0.159976467,-0.0323301516
-0.032266736,0.0274022836,-0.0586032532,0.0435087904
0.014083405,0.0895532444,0.02180494,0.146427736
0.0412356667,0.144192144,0.0697826892,0.235851854
0.0581330732,0.173727661,0.0989431515,0.282960981
0.0801505372,0.170375139,0.135034606,0.279333562
0.118010812,0.137527809,0.19540599,0.226451308
0.169709593,0.0879079029,0.278592676,0.143214837
0.220317736,0.0392206497,0.356771052,0.0609252751
0.249906525,0.00824226439,0.402278185,0.0079781618
0.245043129,0.00470106909,0.394829363,-0.000721971272
0.207117572,0.0269059427,0.33951053,0.0367015451
0.152482271,0.0612575151,0.254478008,0.0950245112
0.10405729,0.0868771449,0.174510047,0.140435949
0.0790027305,0.0844977051,0.135396451,0.139243573
0.0794267878,0.0462835506,0.133620352,0.0783794746
0.0914804488,-0.0181730222,0.152077109,-0.0283432081
0.0934710354,-0.0835563317,0.154598221,-0.13787885
0.0684816986,-0.118817799,0.113142885,-0.198480323
0.0143641401,-0.101691023,0.02329899,-0.174824327
-0.0545921288,-0.03088421,-0.0921730399,-0.0577650666
-0.115300968,0.0707077608,-0.190620095,0.113274641
-0.148504779,0.164529815,-0.238739729,0.267260104
-0.149184451,0.213444665,-0.236332893,0.3450225
-0.128797412,0.199264988,-0.203867659,0.32753098
-0.108071968,0.131646499,-0.173271134,0.223553464
-0.104552716,0.0431432873,-0.171128526,0.0769375265
-0.122190431,-0.0276873764,-0.19988808,-0.0425087474
-0.149169743,-0.0566379018,-0.246837333,-0.0922822729
-0.165426016,-0.0467666276,-0.273832172,-0.0747431293
-0.155592099,-0.0264440849,-0.259854436,-0.0417534374
-0.11973086,-0.0329022482,-0.201146469,-0.0496364236
-0.0751888752,-0.0897422433,-0.126943573,-0.143101856
-0.0478400253,-0.190718889,-0.0805943683,-0.304799706
-0.0571738295,-0.299352646,-0.0920202881,-0.465776473
-0.103612401,-0.365681827,-0.160898536,-0.551831901
-0.165750533,-0.352044344,-0.256192833,-0.53189373
-0.210067898,-0.254339457,-0.333437085,-0.396814406
-0.20873706,-0.106968299,-0.343938082,-0.17520605
-0.156229198,0.03205375,-0.264094472,0.0514495745
-0.0753342882,0.108778939,-0.128148824,0.183542952
-0.00826258678,0.0996751711,-0.0130336415,0.170622826
0.00379805011,0.022849448,0.0114134727,0.0437487625
-0.0570756011,-0.0718718842,-0.0881258175,-0.115476735
-0.17285946,-0.128894478,-0.277164906,-0.208910361
-0.293654442,-0.115238436,-0.46037367,-0.180647016
-0.357715309,-0.0365358777,-0.550514758,-0.0552055836
-0.318758726,0.0674261749,-0.50225085,0.108440615
-0.168040603,0.144662261,-0.280797154,0.240177423
0.059168458,0.158224002,0.0890889838,0.268419772
0.295999616,0.104043461,0.460694849,0.166506842
0.469993412,0.0103249727,0.673710465,0.0131162014
0.531378984,-0.0801398754,0.723592639,-0.115922131
0.471590132,-0.134006813,0.666246057,-0.198779419
0.324684381,-0.143982291,0.502931952,-0.230855823
0.152020201,-0.129051074,0.252646476,-0.219012529
0.0175682232,-0.119183056,0.0317079127,-0.201730609
-0.0354976058,-0.134405181,-0.0605556779,-0.219576806
0.00212963368,-0.171152487,-0.00354798487,-0.276619136
0.10697116,-0.204142213,0.162255675,-0.327607989
0.235616788,-0.202466205,0.360427678,-0.321248651
0.342638373,-0.149867237,0.513594568,-0.235285446
0.395967007,-0.0564937182,0.589459062,-0.0975074396
0.384535968,0.0455098338,0.581391811,0.0562560856
0.317073494,0.12035393,0.496995717,0.176278427
0.214630678,0.149885297,0.350805372,0.232573271
0.10124822,0.144464672,0.174674571,0.233911723
-0.00326981419,0.135918185,0.00233062939,0.225829646
-0.0864874646,0.155809343,-0.138749138,0.255859941
-0.142678425,0.211713478,-0.226143509,0.339849234
-0.170208573,0.276483685,-0.260638833,0.432859421
-0.169079706,0.298850805,-0.257065356,0.466484338
-0.140002385,0.231495887,-0.218848974,0.377604723
-0.0851745307,0.0618453212,-0.138033777,0.11762882
-0.00993787032,-0.172252148,-0.0180569571,-0.268699825
0.0759483352,-0.392787248,0.105606571,-0.582142174
0.158480793,-0.51488477,0.203078017,-0.701568604
0.221457273,-0.487201631,0.289319843,-0.66983825
0.250021338,-0.318546712,0.362535805,-0.486702055
0.234669209,-0.0761044398,0.372142375,-0.141061142
0.174370632,0.14488481,0.285534501,0.219846472
0.0776276067,0.265122533,0.133911788,0.417912513
-0.0390699171,0.256684214,-0.0506446809,0.413886011
-0.155027568,0.152048036,-0.240497515,0.255906433
-0.25018093,0.0228217058,-0.395518899,0.0454692394
-0.309419751,-0.0597661324,-0.484476298,-0.0865037292
-0.325129122,-0.0612111241,-0.507987559,-0.0907410979
-0.297515005,0.00214076554,-0.474744916,0.00590005936
-0.233253673,0.0776116177,-0.378015488,0.128390908
-0.143575594,0.109913833,-0.238081113,0.18548356
-0.042733442,0.0743352994,-0.0725662559,0.131366715
0.0529858582,-0.00944445003,0.0875611156,-0.00899412949
0.126425654,-0.0902736709,0.206632569,-0.147522449
0.16192022,-0.117095716,0.262345791,-0.194958195
0.14921914,-0.070408307,0.243413746,-0.124219701
0.0879837722,0.0249867588,0.149217367,0.032275755
-0.00938270241,0.113677762,-0.00983897503,0.184552461
-0.118984535,0.142133981,-0.186229229,0.233619303
-0.211794123,0.0912410915,-0.334838539,0.155444637
-0.2636379,-0.010294944,-0.417182833,-0.00734963873
-0.264916271,-0.100220695,-0.423951447,-0.149684608
-0.225349128,-0.117460214,-0.366588175,-0.18649444
-0.170644686,-0.0380668752,-0.287192374,-0.065707311
-0.13158913,0.108163536,-0.219588563,0.172387406
-0.12999402,0.25069952,-0.202456146,0.395426512
-0.168095514,0.314838231,-0.249645635,0.485779524
-0.226946607,0.262407005,-0.339446247,0.412813336
-0.275248766,0.114309266,-0.426142693,0.192753524
-0.284803122,-0.058001224,-0.451096952,-0.0779339895
-0.245046854,-0.168396056,-0.391785502,-0.257881254
-0.169118717,-0.160709649,-0.282124519,-0.258423924
-0.0878922343,-0.0385660715,-0.15555498,-0.0703478158
-0.0345743597,0.135524914,-0.0594409667,0.217120945
-0.0276235696,0.271539211,-0.0394109488,0.429096639
-0.0610348545,0.297492832,-0.0851879045,0.471147418
-0.107531413,0.195580214,-0.164360031,0.326611161
-0.133510143,0.010469784,-0.215508923,0.0301635712
-0.118163176,-0.17394805,-0.194541544,-0.272773415
-0.0665420368,-0.276747555,-0.11565274,-0.435656041
-0.00908011477,-0.259161323,-0.0230583344,-0.418673575
0.012980178,-0.141187534,0.014256862,-0.242981911
-0.0307490062,0.0116516966,-0.0507156737,0.00974546745
-0.142184868,0.123171195,-0.225059241,0.199098662
-0.29069075,0.144305408,-0.442005724,0.229582265
-0.425248921,0.0748093575,-0.616475701,0.122342981
-0.497199953,-0.0407270566,-0.695524156,-0.0427883081
-0.482242197,-0.138546944,-0.677175343,-0.181563348
-0.390621752,-0.168560937,-0.58437556,-0.240869582
-0.260500699,-0.117563277,-0.422745377,-0.183203474
-0.138212815,-0.0124468012,-0.237631574,-0.0218662508
-0.0558610484,0.0960131362,-0.095182769,0.15709126
-0.0178717747,0.158817708,-0.0264043715,0.261327237
-0.00307942508,0.150597662,-0.00239761127,0.251452923
0.0195819959,0.0781656504,0.0350515954,0.136186168
0.0710225701,-0.0258969665,0.118894279,-0.0373496711
0.148967341,-0.119048856,0.239281937,-0.19241415
0.229173675,-0.165404275,0.357863635,-0.264704823
0.279955357,-0.146467954,0.432350188,-0.237591028
0.281478822,-0.0639588609,0.444354594,-0.112394258
0.23852244,0.0632051006,0.384206384,0.0877807289
0.179021537,0.204403996,0.289348543,0.313999027
0.138775855,0.323403299,0.218671024,0.490889043
0.140686363,0.385340422,0.215376213,0.57154572
0.180303216,0.365535259,0.272990823,0.545668006
0.226296619,0.259243399,0.355327129,0.403754711
0.236344934,0.0885579959,0.385434031,0.145420581
0.180300876,-0.0987540856,0.300939113,-0.158288524
0.0581424646,-0.241639122,0.0981082395,-0.389666706
-0.0973537862,-0.287215143,-0.152723819,-0.455183327
-0.235265091,-0.213286087,-0.371732533,-0.33837074
-0.311238945,-0.0411784835,-0.491756022,-0.0696681663
-0.309461772,0.168979451,-0.48045367,0.257418841
-0.250325471,0.340626985,-0.370695353,0.505426168
-0.179681137,0.411866158,-0.254668981,0.603052616
-0.145221204,0.361056715,-0.209545732,0.549816072
-0.172231227,0.214433014,-0.261558712,0.351174504
-0.251151055,0.0317217149,-0.3927463,0.0626862124
-0.343051702,-0.123226374,-0.522042215,-0.17838192
-0.399740428,-0.212007016,-0.582544386,-0.299744517
-0.387794107,-0.23648487,-0.567629576,-0.335764527
-0.304252714,-0.231689304,-0.468759239,-0.342254698
-0.176612049,-0.241297841,-0.2882061,-0.372497052
-0.0482610539,-0.289545774,-0.0849871263,-0.450375766
0.0420821719,-0.365239501,0.0569474697,-0.554442227
0.0759933516,-0.426826268,0.105030909,-0.62674731
0.0587254278,-0.425807923,0.0802198127,-0.630389333
0.0103827892,-0.335573286,0.00928414613,-0.526612818
-0.0483544581,-0.169587195,-0.0835214704,-0.288420886
-0.106829636,0.0214281194,-0.180989742,0.0276301336
-0.165330708,0.172281697,-0.263955325,0.277736813
-0.226885453,0.234186307,-0.345697731,0.369933426
-0.286459684,0.197481066,-0.434117794,0.313334256
-0.325892687,0.0944499075,-0.49773559,0.158382028
-0.319429755,-0.0187527295,-0.498948157,-0.0176852252
-0.247979939,-0.0909664109,-0.402953267,-0.136576712
-0.11422056,-0.10020034,-0.198425278,-0.161342412
0.0509535298,-0.0607643612,0.0749302208,-0.101738073
0.196181864,-0.010677306,0.313455194,-0.0207700972
0.269589335,0.0125861457,0.431393653,0.0154255619
0.24191536,-0.00594236143,0.395687193,-0.0140766371
0.121276729,-0.0510085784,0.209971815,-0.0883407816
-0.0484143682,-0.0871616825,-0.0727961361,-0.147383764
-0.205408409,-0.080050528,-0.331226796,-0.131100729
-0.296268433,-0.0166256409,-0.470935702,-0.0252016727
-0.297860444,0.0868620574,-0.470723182,0.13863878
-0.224904373,0.192837223,-0.35833928,0.30641678
-0.120025106,0.261131018,-0.191624001,0.417704433
-0.0318414047,0.267737776,-0.0475361794,0.43117258
0.00779620511,0.213731825,0.0209000669,0.35142225
-0.0035098386,0.120808773,0.000579576881,0.205761671
-0.0414233096,0.0177093614,-0.0649932772,0.0344415195
-0.0704005286,-0.0735814199,-0.117575221,-0.118673697
-0.0633186325,-0.144005954,-0.108328551,-0.233511597
-0.0151746701,-0.193823203,-0.0310047921,-0.313928068
0.0553914793,-0.223644182,0.0815154836,-0.360839069
0.1164193,-0.227820337,0.180950761,-0.367316097
0.138659447,-0.195859194,0.21981889,-0.321877509
0.109015062,-0.121575616,0.177550822,-0.208680138
0.0352932476,-0.0136864362,0.0604641326,-0.0316560641
-0.058867909,0.100482956,-0.0948082805,0.161005378
-0.145161331,0.182993636,-0.229063258,0.296686709
-0.201824918,0.202610731,-0.315146804,0.32546255
-0.219945163,0.152515575,-0.347739965,0.253501087
-0.203246534,0.0577784628,-0.328276336,0.105025239
-0.163244098,-0.0334050953,-0.270350277,-0.0477717221
-0.113348253,-0.0719764084,-0.192542866,-0.116068915
-0.0648657233,-0.0330441967,-0.112474374,-0.0568196364
-0.0257176701,0.0695875809,-0.0463875793,0.110281624
-0.0007177855,0.18794179,-0.000848739757,0.303729922
0.00830939971,0.26224345,0.0197645947,0.418871313
0.00329112075,0.25036779,0.0137525387,0.405882239
-0.00931477081,0.149430513,-0.00854314491,0.253725588
-0.0194079261,-0.00170536072,-0.0270591676,0.00579507276
-0.0167619772,-0.140517265,-0.0284626968,-0.227844909
0.00376449362,-0.210424006,-0.00106252055,-0.342737645
0.0380289257,-0.186989352,0.0550091192,-0.310221791
0.0723977759,-0.0878061205,0.113791846,-0.15419136
0.0887785628,0.0382212661,0.147046983,0.0563235842
0.0731904134,0.135884345,0.123916827,0.220074192
0.023717884,0.16973713,0.0459244251,0.279104799
-0.0466554873,0.138229892,-0.0694742203,0.232685819
-0.114580378,0.0698597804,-0.183648854,0.120348573
-0.156659201,0.00492108893,-0.255896896,0.0135353906
-0.160630763,-0.0264732633,-0.267272294,-0.0409494154
-0.131618738,-0.0184609499,-0.221923918,-0.0288821403
-0.0898905993,0.0108269891,-0.152653635,0.0183954183
-0.0609026141,0.0321257412,-0.102961518,0.0549563915
-0.0625313967,0.0223187096,-0.101866439,0.0386683121
-0.0960373357,-0.0234829634,-0.156045139,-0.0359812491
-0.145488456,-0.0908147618,-0.236655816,-0.144628048
-0.185993522,-0.154893011,-0.301570266,-0.243670598
-0.196474463,-0.193679079,-0.317018032,-0.304578096
-0.170338854,-0.197542056,-0.278943688,-0.31295529
-0.118573122,-0.171074435,-0.201366797,-0.277042955
-0.0638287365,-0.127657473,-0.110833973,-0.211096436
-0.0288118701,-0.0812865049,-0.0512368008,-0.136299744
-0.0251581352,-0.0407860838,-0.0430593528,-0.0703842118
-0.0484788083,-0.00894295145,-0.0807405338,-0.0157806873
-0.081768468,0.0146662621,-0.134885058,0.024943985
-0.10485436,0.0306656901,-0.174397811,0.053121049
-0.104528956,0.0395986661,-0.1753176,0.0665429309
-0.0800293013,0.0444227941,-0.13396506,0.0774970278
-0.0414520651,0.0529268607,-0.0694451258,0.0899767876
-0.00275627663,0.0765326098,-0.00423015282,0.126955658
0.026127087,0.124228343,0.0431439355,0.203451037
0.0434548408,0.19426544,0.0727536082,0.311819375
0.0540669598,0.269064009,0.0899376199,0.424893647
0.063649267,0.318267465,0.104718536,0.493911415
0.0730317831,0.310791165,0.121428683,0.487002045
0.0765974596,0.231131434,0.130787596,0.376063436
0.0662193671,0.0914975926,0.118611276,0.158765659
0.0385113545,-0.0678878427,0.0684230998,-0.107723802
0.000753454224,-0.192554027,2.53041635e-05,-0.313138396
-0.0288489461,-0.236416191,-0.050338164,-0.383169621
-0.0279352721,-0.182727754,-0.0538482927,-0.30426541
0.0189039819,-0.0527407639,0.0228025895,-0.0946825072
0.110238723,0.102860808,0.174495503,0.164306462
0.224665537,0.226071149,0.350114316,0.347856939
0.326931715,0.276539743,0.485307008,0.402981967
0.381267548,0.247226194,0.557390809,0.354411006
0.366149932,0.163438588,0.555621803,0.242432296
0.283758342,0.0666810796,0.456873894,0.100323409
0.159705251,-0.00744481431,0.27116695,-0.0162647348
0.033074528,-0.0453689694,0.0594907366,-0.0799835697
-0.0588165596,-0.0576626249,-0.0976526216,-0.0960629508
-0.0942963362,-0.0672342777,-0.15900889,-0.109050602
-0.07412038,-0.0915268734,-0.127307162,-0.147262961
-0.0188333243,-0.129710793,-0.0361225829,-0.209980592
0.0414237641,-0.162549615,0.0631769001,-0.266990036
0.0797944143,-0.164892957,0.12643151,-0.272425622
0.0828117356,-0.123121984,0.13458696,-0.208034098
0.0540446341,-0.046764005,0.0893561244,-0.0852842033
0.0106761344,0.0332792401,0.0200696122,0.0517638512
-0.0247282907,0.0797126442,-0.0395639353,0.132644698
-0.0334970094,0.0690585673,-0.053651344,0.119666368
-0.00761483843,0.00574814901,-0.0128309913,0.0151901748
0.0480972081,-0.0782001764,0.0785984993,-0.125081718
0.118523329,-0.138381362,0.190328926,-0.225323498
0.184062496,-0.140323311,0.291449696,-0.231698245
0.227426216,-0.0771447048,0.361689329,-0.132872373
0.239125997,0.0267964937,0.384957641,0.0308148414
0.219964042,0.128092214,0.356303394,0.197230831
0.179856285,0.185713142,0.294440806,0.291706264
0.133510843,0.180368975,0.22197023,0.291747659
0.0945853367,0.121981293,0.163436711,0.203109175
0.0705966428,0.0421448238,0.121616639,0.0728202164
0.0607002452,-0.0234768726,0.102575228,-0.0373146683
0.0573629178,-0.0528830588,0.0931097344,-0.0886295885
0.0512186624,-0.0463195182,0.0864070505,-0.0809188709
0.036760401,-0.0220916737,0.0617946722,-0.0396308117
0.0158626642,-0.0032223165,0.0272391085,-0.00616518967
-0.00300411019,-0.0032793784,-0.00363380904,-0.00545177562
-0.0098306844,-0.0194113124,-0.0168475136,-0.0304524619
0.000114595889,-0.0358333923,-0.00138745608,-0.0589815117
0.0216209199,-0.0347364843,0.0339128561,-0.0596637726
0.0402664989,-0.00754160481,0.0664992556,-0.0153330909
0.0391143821,0.0401973948,0.0660848096,0.0634632632
0.00849288516,0.0926361009,0.0156900752,0.150445521
-0.0463505387,0.133176342,-0.0719753578,0.21805115
-0.104619876,0.153387815,-0.16628854,0.252849221
-0.138079002,0.15579477,-0.221294507,0.257799596
-0.12494643,0.149190664,-0.203457385,0.247615963
-0.0629089326,0.140021399,-0.105971247,0.234328523
0.0259610079,0.125899643,0.041300226,0.210839689
0.102252573,0.0959369838,0.170851424,0.159887612
0.12620762,0.0381849334,0.213013038,0.0643559843
0.0771112293,-0.0502067506,0.13558948,-0.0828834996
-0.0345917381,-0.156569198,-0.0504000261,-0.25607121
-0.1693701,-0.25461781,-0.264112383,-0.39675504
-0.275137663,-0.314537972,-0.410574943,-0.461117029
-0.311140299,-0.316318274,-0.461658716,-0.457079828
-0.267813742,-0.259379596,-0.415553063,-0.390510648
-0.172497839,-0.163480625,-0.289311945,-0.262165427
-0.0774263814,-0.0606032796,-0.135713696,-0.10162843
-0.0351451263,0.0177508574,-0.0593796521,0.0284415465
-0.0730577707,0.0513959303,-0.117465347,0.0864940062
-0.179687545,0.0356724784,-0.284978449,0.061668586
-0.309774309,-0.0215245727,-0.480140269,-0.0267892908
-0.406068355,-0.106432937,-0.599559307,-0.147616908
-0.427244991,-0.204940245,-0.612799287,-0.279783934
-0.36808607,-0.303933263,-0.531755984,-0.421446234
-0.261754006,-0.389224082,-0.38490805,-0.548183143
-0.162885055,-0.443763167,-0.241939753,-0.62943238
-0.119903356,-0.449920088,-0.180392921,-0.645771205
-0.150477052,-0.396604449,-0.227960736,-0.586099625
-0.232545555,-0.287835985,-0.357137263,-0.441295356
-0.315538049,-0.146935344,-0.488109916,-0.22816129
-0.34621048,-0.0117689017,-0.536920249,-0.0148893781
-0.296123892,0.078847073,-0.46923694,0.129294649
-0.1769315,0.101959623,-0.292090982,0.174241856
-0.0357610248,0.0619252622,-0.0634064004,0.112476602
0.0670496374,-0.0103334002,0.112387434,-0.0126671884
0.0868356675,-0.071116291,0.146854699,-0.120040447
0.0159143656,-0.0845723003,0.0298961923,-0.146842733
-0.112928279,-0.0398146138,-0.182992771,-0.0718204379
-0.242070988,0.0444513969,-0.387041688,0.0694657937
-0.315740347,0.130334213,-0.488005966,0.203938603
-0.304578692,0.180666536,-0.467999011,0.283231348
-0.216519743,0.177682891,-0.345693886,0.291617215
-0.0896339193,0.130432665,-0.150258586,0.224046558
0.0283496622,0.0672535077,0.0450317673,0.118258417
0.102899842,0.018114727,0.170511261,0.030870799
0.126550168,-0.00260055135,0.212146908,-0.00633379165
0.11772307,-0.00265957159,0.196797341,-0.00705870474
0.106520437,-0.00405276427,0.178850353,-0.00917009357
0.116032742,-0.0255145561,0.192361772,-0.0411245003
0.149456337,-0.0664683357,0.243984789,-0.108641744
0.189582035,-0.102980062,0.305658787,-0.168487117
0.210231274,-0.0994636118,0.336064011,-0.167093873
0.192776263,-0.030381823,0.314218342,-0.058818385
0.138353199,0.100447521,0.229471639,0.153263897
0.0689527765,0.255012572,0.114891976,0.398968786
0.0167219043,0.375329167,0.0315264948,0.566856563
0.00718206866,0.410635412,0.017846616,0.613157153
0.0453007594,0.34358561,0.0743210539,0.535045326
0.111820675,0.201046243,0.18531543,0.333609998
0.171869844,0.0427425876,0.283904493,0.0759626478
0.19153282,-0.0672291443,0.312966913,-0.112541214
0.154064253,-0.0915430859,0.253349841,-0.157095551
0.0677657053,-0.0371266603,0.115365513,-0.0717396364
-0.0380772017,0.050295718,-0.0606499277,0.077434279
-0.126758814,0.111667857,-0.204387382,0.183633521
-0.170209959,0.106381223,-0.275257379,0.179870009
-0.15970853,0.0332897045,-0.263130039,0.0647033527
-0.106569611,-0.070200108,-0.177950367,-0.107359722
-0.0334896035,-0.150104612,-0.0612249747,-0.242365703
0.0381094441,-0.16652745,0.0554725565,-0.27525124
0.0977812558,-0.115966655,0.154939905,-0.197278336
0.147993416,-0.032973852,0.240143225,-0.0611285195
0.198078811,0.0295928232,0.321172416,0.0438543074
0.25444755,0.0305761788,0.407749772,0.0472493805
0.31324473,-0.0360290185,0.491180003,-0.0557879843
0.360052377,-0.137302697,0.542872369,-0.209388718
0.377051592,-0.219440579,0.549385726,-0.326213151
0.353618354,-0.237594306,0.518533289,-0.358053386
0.294101924,-0.180925637,0.44933027,-0.291213572
0.217813894,-0.0789320245,0.351142228,-0.138626114
0.150433913,0.0145404628,0.249352723,0.0156713165
0.110906184,0.0508633032,0.186229736,0.0826531947
0.100808173,0.0135648437,0.169133469,0.0243108198
0.102415793,-0.0721099377,0.170279205,-0.116319336
0.0874627382,-0.152264073,0.144424602,-0.25014025
0.0329474285,-0.172999874,0.0535035841,-0.288906872
-0.0638088956,-0.109287359,-0.106371932,-0.190120846
-0.179019764,0.0212471541,-0.293278217,0.0280275885
-0.269514471,0.166645184,-0.419831663,0.259778261
-0.290964991,0.266287535,-0.435499549,0.403526038
-0.219353393,0.28025341,-0.336219668,0.438413322
-0.0654709265,0.207371503,-0.109467261,0.346182287
0.125187039,0.0835772678,0.203443483,0.147940874
0.288317442,-0.0371787734,0.452752322,-0.0572046377
0.366309464,-0.108485758,0.554984391,-0.171326727
0.332376868,-0.110213317,0.51318419,-0.18048805
0.202536851,-0.0520914569,0.335327893,-0.0974242017
0.0298599843,0.037311364,0.0570767894,0.0521659926
-0.116702743,0.127996102,-0.186152488,0.20695959
-0.179716855,0.20185855,-0.285222918,0.323899746
-0.135016024,0.255406767,-0.216043696,0.40884313
0.00127518922,0.292646974,-0.00099760911,0.465780407
0.182645395,0.314959526,0.277712047,0.483569831
0.353539079,0.315983981,0.507941961,0.449085295
0.47180301,0.285410821,0.637164176,0.378219187
0.522112191,0.218968153,0.696414709,0.283702135
0.515253782,0.12712118,0.707803965,0.16936709
0.47535333,0.0352163501,0.679891229,0.0445532054
0.422930151,-0.0269763786,0.626853108,-0.0465596728
0.363236099,-0.0412967987,0.554604948,-0.0718316883
0.285999388,-0.013302628,0.455133796,-0.0304654967
0.176271394,0.0278729238,0.29394269,0.0384583697
0.0299038049,0.0436909683,0.0588081665,0.0686461702
-0.135543957,0.0078377584,-0.216628954,0.0141758732
-0.28153047,-0.0764918253,-0.439552516,-0.111457959
-0.361999005,-0.174236506,-0.543058515,-0.249588892
-0.343918473,-0.234123155,-0.51821363,-0.33943063
-0.225073308,-0.215511605,-0.36500147,-0.332772106
-0.0399033278,-0.112729549,-0.0819785148,-0.188426465
0.150582016,0.0366120189,0.237608582,0.0538954027
0.281412691,0.165266097,0.439176798,0.249834612
0.309373289,0.206685007,0.478808045,0.309729606
0.23062861,0.127743214,0.380126655,0.204059452
0.0823918283,-0.0524341539,0.151375487,-0.0821633488
-0.0723182186,-0.267515123,-0.109207541,-0.419950038
-0.170446411,-0.431340814,-0.251237243,-0.615502417
-0.174339175,-0.475180894,-0.255060166,-0.659811974
-0.0862979442,-0.377570748,-0.145531893,-0.570293665
0.0534934066,-0.173056692,0.069764711,-0.29319939
0.184332967,0.0636811107,0.292786241,0.0925065428
0.250089198,0.250329673,0.387427092,0.374875158
0.221627295,0.330797046,0.344388396,0.492258847
0.107750826,0.295422733,0.183524236,0.460475862
-0.0491381846,0.17978932,-0.0649215579,0.300164193
-0.190234959,0.0446520373,-0.301641703,0.0808512121
-0.263091981,-0.052299004,-0.421169132,-0.0772754997
-0.240940034,-0.0796728283,-0.392984658,-0.122605793
-0.131417677,-0.0412716605,-0.227824643,-0.0646814182
0.0280095767,0.0310994163,0.037560299,0.0526037142
0.185493916,0.0953357071,0.296147972,0.152770936
0.294723302,0.118009724,0.463199586,0.18031837
0.331560314,0.0864962563,0.516940236,0.130371138
0.301223397,0.0106662335,0.479994833,0.0134600038
0.233649939,-0.0842312798,0.3796404,-0.138160318
0.169292033,-0.168606833,0.273766667,-0.273608893
0.141290054,-0.218351543,0.222155362,-0.352614611
0.161354408,-0.220428914,0.249044225,-0.355251491
0.215187848,-0.173997909,0.334008574,-0.282978982
0.26939407,-0.0886261612,0.422834188,-0.149874061
0.287011981,0.0186591893,0.453676611,0.0178870205
0.245032936,0.126652256,0.395193338,0.190574363
0.14616546,0.213685185,0.242612764,0.334512562
0.0193497725,0.261996657,0.0417922363,0.414463848
-0.0916825458,0.262208819,-0.136408344,0.419697821
-0.147149757,0.216439098,-0.229314804,0.351768047
-0.129084259,0.138360068,-0.210058451,0.233939976
-0.0501839593,0.049445156,-0.0861432105,0.091281116
0.0506997034,-0.027671665,0.080819346,-0.0426600948
0.124838538,-0.0762844682,0.203047276,-0.126774147
0.134655267,-0.0903119147,0.221395716,-0.154540569
0.0701798052,-0.0747784302,0.120067202,-0.130098596
-0.0464075319,-0.0421886817,-0.0732541382,-0.0740323737
-0.170072943,-0.00672297319,-0.275363326,-0.0112924036
-0.251687646,0.0210544653,-0.40270403,0.0382219292
-0.257692486,0.0368923843,-0.414155453,0.0657363683
-0.182056174,0.0424057879,-0.302428603,0.0755557269
-0.0459313542,0.042482879,-0.0839759037,0.0773676038
0.113581255,0.0422908552,0.183201641,0.0704524741
0.259200126,0.0453165732,0.410595059,0.0693929568
0.365950555,0.0528900176,0.556306601,0.0732346177
0.425171196,0.0646816939,0.625912488,0.0863411799
0.439921856,0.079307422,0.641227603,0.106465802
0.416367829,0.0945079178,0.615881443,0.129162773
0.357449949,0.107018635,0.548039973,0.153819695
0.263057172,0.112670757,0.423516929,0.171093836
0.136310846,0.107158452,0.233621433,0.172056824
-0.00879838225,0.0873872936,-0.00534155872,0.145857349
-0.144661665,0.0528108962,-0.231978074,0.0897030756
-0.236010566,0.00607140688,-0.378503025,0.0160086248
-0.253313214,-0.0473397374,-0.408218384,-0.0665345639
-0.187439904,-0.100102127,-0.310932547,-0.154474825
-0.0576245748,-0.144167975,-0.104138814,-0.231391281
0.0926661044,-0.1715758,0.140829653,-0.27927506
0.21148932,-0.175188497,0.329611063,-0.28277716
0.259228766,-0.149982601,0.406497687,-0.245045021
0.224807039,-0.0952833369,0.364082634,-0.162320465
0.129468516,-0.0174260419,0.218215391,-0.0373985358
0.0161912069,0.0687272847,0.0308042224,0.109121613
-0.0701851472,0.141332731,-0.11228808,0.231781557
-0.102503985,0.177140102,-0.164733633,0.292650759
-0.0812419578,0.160001487,-0.131809577,0.268111527
-0.0306192636,0.0890309066,-0.0498260558,0.156203791
0.0163207203,-0.0178053882,0.02762728,-0.023596812
-0.205670357,-0.276591182,-0.297102302,-0.417069256
-0.458201647,-0.295179367,-0.623387456,-0.40540418
-0.631620109,-0.25372684,-0.751583695,-0.293287158
-0.665863931,-0.167361349,-0.782956302,-0.188316181
-0.554676294,-0.0547849201,-0.745445609,-0.0659054816
-0.346137702,0.0653509796,-0.541951656,0.105364561
-0.118561737,0.174974307,-0.20294705,0.287870705
0.0557857603,0.256729066,0.0866261497,0.410636038
0.140987545,0.296480358,0.226026744,0.459124118
0.147388831,0.288495034,0.237967208,0.447403789
0.117790125,0.2404349,0.195821479,0.384081751
0.0989973098,0.173817053,0.167183116,0.28520751
0.114942104,0.11723014,0.192249268,0.194899604
0.155777514,0.0937693566,0.253523976,0.152088776
0.187830985,0.108449481,0.30556789,0.169950649
0.177461535,0.14291431,0.291954547,0.224851638
0.114279293,0.162043676,0.193661928,0.260438859
0.0199549589,0.131002247,0.0428969488,0.216838032
-0.0626072362,0.0350056477,-0.0978505537,0.0656971708
-0.0935382545,-0.108707026,-0.15350084,-0.169629604
-0.0596826747,-0.25439322,-0.102061309,-0.398745447
0.0161871407,-0.346991569,0.013924934,-0.532219946
0.0864310041,-0.348595709,0.120673306,-0.537997007
0.104237251,-0.258946657,0.15952976,-0.420428574
0.0499093048,-0.118523359,0.0811916739,-0.207502827
-0.0569377579,0.00895815063,-0.0918876827,0.00899956003
-0.166400746,0.067140691,-0.267741889,0.111695461
-0.22407043,0.0356701948,-0.359642506,0.0667339563
-0.199869394,-0.0582479462,-0.32787022,-0.0830996856
-0.104449004,-0.152551293,-0.178676665,-0.241891906
0.0157075599,-0.182134181,0.0162144676,-0.297133893
0.101893932,-0.114230111,0.161558002,-0.19524309
0.112937771,0.0310237668,0.18618384,0.0395385697
0.0454162471,0.186585352,0.0800718963,0.295774817
-0.0660318881,0.269665152,-0.0942167714,0.427208424
-0.167889833,0.223531365,-0.255978942,0.364720851
-0.21573925,0.0492035672,-0.343859285,0.0949408114
-0.196035236,-0.189589992,-0.313944787,-0.284989268
-0.130539805,-0.392043531,-0.203759834,-0.574004471
-0.061942175,-0.465185821,-0.099444516,-0.66574353
-0.0292701013,-0.366868854,-0.0543413013,-0.565502048
-0.0467347205,-0.126112282,-0.0841269195,-0.223224059
-0.0971416757,0.169146016,-0.159814298,0.262465239
-0.142633513,0.411101371,-0.202947363,0.600204885
-0.146101668,0.519289613,-0.189295024,0.709876835
-0.0912770182,0.47372511,-0.123232506,0.677241683
0.00906065106,0.319095045,0.0175827947,0.507921219
0.12029174,0.139547855,0.199179113,0.238844275
0.203682318,0.0177231934,0.331652224,0.0289476067
0.234564722,-0.00153998251,0.378277093,-0.011348878
0.211622313,0.0739854276,0.344628811,0.107192248
0.153654352,0.195629209,0.250581473,0.303586215
0.087336503,0.30358395,0.143795475,0.469521374
0.0339028053,0.357922524,0.0599500276,0.546487689
0.00208524475,0.354963332,0.0107820034,0.546311021
-0.0101382611,0.322137058,-0.00920861308,0.505412698
-0.0081890272,0.296509326,-0.00770651596,0.469016284
0.00575464312,0.300513834,0.0134446425,0.472653806
0.0336659439,0.328939527,0.0559612103,0.510979414
0.0764755905,0.35395211,0.122433342,0.541238785
0.127239168,0.344262213,0.199596629,0.525085509
0.168872595,0.286528468,0.266923606,0.44535774
0.180015489,0.196079195,0.293479681,0.313991368
0.14707242,0.110417403,0.246941805,0.180342779
0.0755792782,0.068991214,0.129569978,0.111088336
-0.00694882683,0.0906761512,-0.00777127128,0.146130994
-0.0605466887,0.161869198,-0.098318927,0.262269765
-0.0515697226,0.242267117,-0.0835515484,0.388824493
0.0284581482,0.285574198,0.0456694737,0.455210358
0.154431835,0.264032245,0.243562177,0.417874098
0.275636762,0.183411226,0.428984404,0.287511647
0.337696433,0.0801788494,0.524385929,0.121419117
0.308357328,0.00218888489,0.488921851,-0.00137145701
0.194190651,-0.0168669149,0.32393235,-0.0359615274
0.0392415226,0.024365155,0.0721078292,0.0330053866
-0.0944911167,0.0937492251,-0.152000278,0.151247859
-0.155647978,0.142104432,-0.252707332,0.232600108
-0.127340078,0.128532723,-0.209594533,0.218475968
-0.0346346423,0.0413793661,-0.060985744,0.0793222412
0.0677864179,-0.0958957598,0.109300129,-0.149629399
0.121529706,-0.236563325,0.192397729,-0.375094026
0.091275543,-0.333572954,0.139324814,-0.517609179
-0.0201696809,-0.361513048,-0.0304505154,-0.557355046
-0.174919188,-0.326526612,-0.267234206,-0.50016129
-0.318517089,-0.259891301,-0.475442827,-0.387758136
-0.404189944,-0.199660689,-0.590072811,-0.284074217
-0.411304444,-0.170717314,-0.60278815,-0.240094215
-0.350415289,-0.173782766,-0.534284651,-0.251842052
-0.254428416,-0.188542575,-0.405778676,-0.286719024
-0.161872759,-0.18820475,-0.268002689,-0.297897577
-0.100945666,-0.156814754,-0.171291053,-0.258351475
-0.0810819864,-0.0996025428,-0.137899369,-0.167491063
-0.09397953,-0.0408603884,-0.157142729,-0.0687045008
-0.121247873,-0.0108374311,-0.199193895,-0.0164610557
-0.143576145,-0.0290332232,-0.236946285,-0.0431619957
-0.147195026,-0.0929884911,-0.242219403,-0.144721627
-0.126208633,-0.178490683,-0.208295554,-0.282116771
-0.0819892511,-0.250937968,-0.137648404,-0.39541617
-0.0216973349,-0.281816095,-0.0440779366,-0.445220619
0.0430008136,-0.261826932,0.0613901839,-0.420401126
0.0975705981,-0.204229191,0.150223583,-0.335455507
0.127845198,-0.137125328,0.204526678,-0.230390817
0.125115752,-0.0889459327,0.206161231,-0.153100774
0.0913092047,-0.0744738132,0.15312618,-0.12673746
0.0410356075,-0.08807531,0.0699994341,-0.145688429
-0.00215613795,-0.107003145,-0.00281021488,-0.177120134
-0.0152307712,-0.102795474,-0.0270054564,-0.171608314
0.0128095625,-0.0552732088,0.0157379843,-0.0955884308
0.0731254965,0.0371162519,0.117056966,0.0572646596
0.137862429,0.154860511,0.223587558,0.245920867
0.170568183,0.263574958,0.269247055,0.405792058
0.142132431,0.326166332,0.226643682,0.496294796
0.0447988808,0.316328883,0.0836080685,0.493660837
-0.102815367,0.228610665,-0.151255146,0.371759951
-0.262543052,0.0816964731,-0.405407995,0.138998926
-0.392246872,-0.0861947089,-0.58268255,-0.116304725
-0.462608755,-0.228499547,-0.643561959,-0.304374158
-0.467072368,-0.304769248,-0.628775418,-0.397660822
-0.420647889,-0.293872237,-0.589628398,-0.400877386
-0.349243671,-0.201418594,-0.529327154,-0.299351692
-0.276017129,-0.0583689883,-0.446538061,-0.0946589187
-0.212256148,0.0893700942,-0.348254055,0.144741237
-0.157049447,0.197139114,-0.252374828,0.318524063
-0.104479745,0.237594858,-0.162844792,0.384579957
-0.052599147,0.210187182,-0.0811927393,0.346349567
-0.00768441753,0.139824748,-0.00942046009,0.236921951
0.0193548836,0.0649716705,0.0353116617,0.112953939
0.022125341,0.0202299394,0.0385984182,0.0335287936
0.00709208148,0.0212762449,0.0130552435,0.0330225155
-0.00533973658,0.0592019223,-0.00840644166,0.095859386
0.0106948707,0.106928632,0.0167893264,0.175972626
0.0722134858,0.134414151,0.118121743,0.222423241
0.175252229,0.124824405,0.282588482,0.204250097
0.292622268,0.083214432,0.459951818,0.130420864
0.384263128,0.0330867246,0.580401123,0.0456988253
0.415817827,0.0026412094,0.617381215,-0.00325467391
0.375954628,0.00821167603,0.573329031,0.00321424194
0.282954901,0.0441420376,0.452539772,0.0585699715
0.176470935,0.0850455686,0.29406032,0.132669628
0.0983119607,0.0996306688,0.168405175,0.161538914
0.0722234771,0.0687021464,0.121799856,0.11591424
0.0933583677,-0.00273513375,0.154711872,-0.000600126397
0.132939175,-0.0864433423,0.216503277,-0.13967365
0.155284509,-0.145068318,0.252228469,-0.237559885
0.137574404,-0.152029976,0.221469447,-0.253245831
0.0813281313,-0.106214732,0.135639459,-0.18422696
0.00941245072,-0.0329843163,0.0170931276,-0.0608097129
-0.0492332354,0.029556809,-0.0796378851,0.0476412997
-0.0778602362,0.0517359003,-0.130045041,0.0885977894
-0.0821461976,0.0290792435,-0.135573655,0.0523330718
-0.0861189738,-0.015134695,-0.142154247,-0.0207097959
-0.116003856,-0.0435635857,-0.191373259,-0.0710655972
-0.181607008,-0.0274282247,-0.295600533,-0.0449850559
-0.26671207,0.0348154195,-0.422744602,0.0550770462
-0.335056782,0.114081576,-0.512241542,0.176759139
-0.349439263,0.165628836,-0.525735378,0.256385505
-0.293526292,0.15495123,-0.455631793,0.250056744
-0.183708981,0.0802009404,-0.302726895,0.142210767
-0.0634058267,-0.0223601311,-0.109283611,-0.0278195422
0.0180862099,-0.0946777686,0.0265780222,-0.155883998
0.0311522242,-0.0877009779,0.0507159866,-0.151258886
-0.0182318147,0.00948863383,-0.030109439,0.00697889645
-0.0914643407,0.158771843,-0.147338375,0.251732141
-0.13815017,0.288056612,-0.211781234,0.44922176
-0.123782381,0.326325387,-0.186510131,0.509171724
-0.0491172411,0.241304651,-0.0766349658,0.398962766
0.0496936999,0.0597626083,0.0851399526,0.111424625
0.120713703,-0.141524643,0.196909711,-0.22510381
0.125106081,-0.271190852,0.195651248,-0.429290593
0.0594362654,-0.268044531,0.0925438777,-0.435495287
-0.0411644578,-0.132458329,-0.0709281787,-0.230089724
-0.121196441,0.0722572803,-0.20252797,0.109916143
-0.13481234,0.250090927,-0.21384646,0.395138502
-0.0714116544,0.319442302,-0.109781183,0.502771318
0.0373244435,0.253326565,0.0631897226,0.415512353
0.13319698,0.0920562893,0.221885398,0.16037938
0.161953464,-0.0782627612,0.269438624,-0.125749499
0.102294929,-0.170482397,0.170309573,-0.282760233
-0.0220975596,-0.141385913,-0.0351035707,-0.242809966
-0.154027551,-0.0136630647,-0.253479987,-0.0329410061
-0.231733695,0.136456951,-0.370246291,0.2160642
-0.220067546,0.219448984,-0.34504807,0.350851715
-0.127607867,0.179682702,-0.207254201,0.30190742
-0.00107539759,0.0250541773,-0.00197165133,0.055976741
0.099473685,-0.176292762,0.160526335,-0.277822554
0.131195724,-0.33042419,0.198826015,-0.50829947
0.0886830837,-0.365428954,0.130146846,-0.562227011
0.00381972804,-0.267994255,0.0017289595,-0.438624561
-0.0736257657,-0.0901194587,-0.1275516,-0.159500584
-0.103436358,0.0771890432,-0.17400381,0.124354511
-0.075474076,0.149542958,-0.124968633,0.249835685
-0.0128225088,0.0908546671,-0.0192364417,0.162064552
0.0430565067,-0.0697040036,0.0740407705,-0.105474822
0.0560539924,-0.253288656,0.0905944258,-0.400621325
0.0146793472,-0.370803565,0.0199557338,-0.565198898
-0.0632414445,-0.365867406,-0.100648321,-0.561829269
-0.141935036,-0.240111694,-0.231003195,-0.388639152
-0.187686563,-0.0493661799,-0.312110811,-0.0875823125
-0.185773626,0.125693664,-0.304277718,0.201564535
-0.145161107,0.218456641,-0.230410129,0.353546381
-0.0893851593,0.205220401,-0.140777037,0.339660823
-0.0401512794,0.110797964,-0.0622357503,0.192490891
-0.00409422908,-0.00965960696,-0.00505923061,-0.00997269992
0.0292298459,-0.101220854,0.0467056781,-0.166787639
0.0771592706,-0.135512918,0.122063175,-0.223843947
0.148162574,-0.119982116,0.235370055,-0.199781656
0.230668426,-0.0872900486,0.364940166,-0.144862607
0.294129044,-0.0727370232,0.458779395,-0.118878722
0.302793235,-0.0932349935,0.473604381,-0.149666339
0.235028997,-0.139326468,0.377726078,-0.225105926
0.0973654166,-0.183679581,0.164378315,-0.302388132
-0.0750934854,-0.200097322,-0.118225798,-0.328493029
-0.232916489,-0.181487679,-0.367373794,-0.287373483
-0.334210008,-0.146243274,-0.514037311,-0.220011756
-0.362744838,-0.129204512,-0.552476346,-0.186919257
-0.332882732,-0.161968976,-0.511553049,-0.236062989
-0.278929114,-0.253130317,-0.428502709,-0.371356547
-0.234931648,-0.37913987,-0.348452836,-0.541768134
-0.216041952,-0.491057456,-0.300373226,-0.661693871
-0.211584851,-0.534487486,-0.286397576,-0.700090647
-0.193495676,-0.473573744,-0.277084827,-0.655811846
-0.135345966,-0.308103532,-0.220668718,-0.480629802
-0.0313597247,-0.0761350915,-0.0659918189,-0.135302812
0.0952634215,0.158830583,0.148021594,0.252924025
0.199763179,0.330524385,0.303617328,0.495010167
0.235712826,0.393150747,0.350147694,0.564638078
0.177572042,0.336397737,0.281179965,0.508122265
0.0346432552,0.187307566,0.0737500414,0.307576507
-0.150514305,-0.000637555087,-0.233810648,0.00621453207
-0.318483025,-0.166446105,-0.484578997,-0.246416435
-0.416423976,-0.261648268,-0.591711879,-0.361746162
-0.417845815,-0.26491192,-0.595274866,-0.366117448
-0.330372572,-0.18704164,-0.509318531,-0.279570103
-0.189306632,-0.0653823465,-0.320688128,-0.106153369
-0.0413615331,0.0501607619,-0.0778821558,0.0832744688
0.0732659027,0.114829645,0.119979076,0.189986825
0.132826537,0.104633853,0.2222469,0.173080608
0.136309043,0.0245809797,0.230814606,0.0440323651
0.0974976122,-0.0935124084,0.166782588,-0.152669221
0.0356293693,-0.203078628,0.0601522252,-0.330414504
-0.0321762785,-0.260404676,-0.0533896722,-0.418546379
-0.0939161852,-0.241023645,-0.15517956,-0.388483226
-0.141649812,-0.148290008,-0.234958485,-0.246798798
-0.169166967,-0.0105905021,-0.281347305,-0.021648448
-0.171215922,0.131497353,-0.279979467,0.211360946
-0.145304233,0.242260963,-0.230227351,0.385199219
-0.094748266,0.30432716,-0.145147249,0.478230357
-0.0303512085,0.322513402,-0.0436893404,0.505791962
0.031367667,0.316790342,0.053750705,0.496718317
0.0734624788,0.308572561,0.12053027,0.481926501
0.0852112249,0.307906479,0.139091834,0.479058921
0.0668687671,0.308505684,0.112699084,0.480476469
0.0299548563,0.293212324,0.0554842241,0.46215257
-0.00736815622,0.246614069,-0.00503664184,0.399410009
-0.027859766,0.16739966,-0.0397970639,0.27994442
-0.0222952329,0.0729587749,-0.0352560319,0.127190068
0.00709208148,-0.00709208148,0.0110490853,-0.00858057011
0.048268415,-0.0455284826,0.0781559423,-0.0755951181
0.0852703974,-0.0324776098,0.138664037,-0.0585309975
0.105577804,0.0177754108,0.173906237,0.0242419746
0.105740741,0.0725513697,0.177616403,0.115097806
0.0928873122,0.0967576951,0.156701341,0.159021422
0.0815308914,0.0709401816,0.13933529,0.118692242
0.0870077983,0.00172151811,0.147163212,0.00511829928
0.118176706,-0.081308119,0.195009455,-0.13124311
0.172290891,-0.141013831,0.274963468,-0.229722306
0.234197617,-0.152461573,0.366166323,-0.24964878
0.280516356,-0.116387472,0.436270326,-0.190814033
0.287674516,-0.058898557,0.452665269,-0.102769189
0.241173506,-0.0172026679,0.391696751,-0.034624245
0.142728671,-0.0187723264,0.242817745,-0.03464102
0.0123153254,-0.0651321635,0.0279297065,-0.108370289
-0.116296828,-0.129272878,-0.188601866,-0.209720865
-0.205622762,-0.168591037,-0.330515474,-0.266758591
-0.226963595,-0.146971717,-0.36788401,-0.234001681
-0.170822605,-0.054602012,-0.288509369,-0.0908996314
-0.0510975868,0.0849367157,-0.0946053118,0.138693497
0.0989590511,0.224254921,0.153345823,0.357630014
0.237852439,0.313760161,0.358994514,0.468464434
0.329955459,0.324433267,0.480667531,0.463177919
0.357193023,0.260410309,0.527868986,0.37864694
0.323787928,0.155376121,0.504224837,0.234617293
0.252414376,0.0551362969,0.411056161,0.0854168683
0.173679829,-0.0043472792,0.289435476,-0.0117990561
0.1135507,-0.0122707067,0.190121248,-0.0255494863
0.0839561522,0.0155756408,0.139621392,0.02136131
0.0801315978,0.0489361919,0.13271381,0.0794240534
0.0851534158,0.0614474602,0.143146664,0.101446621
0.0790524408,0.0450595282,0.133966804,0.0752962902
0.0482401252,0.0130451741,0.0839162767,0.0223437119
-0.00866495539,-0.00934648979,-0.0101468833,-0.0166425109
-0.0805551037,-0.000807023142,-0.132358819,-0.00279827206
-0.148548782,0.0426468104,-0.243697971,0.0672551543
-0.193304911,0.104203299,-0.313464284,0.169445276
-0.201990589,0.15445821,-0.323991567,0.250578821
-0.172633976,0.16669032,-0.276658982,0.273160368
-0.114878848,0.130943894,-0.188349798,0.222571492
-0.0473440699,0.0595038384,-0.0796544477,0.106569491
0.00749356393,-0.0189332608,0.0120689766,-0.0279300902
0.0296718292,-0.0731706545,0.0500060283,-0.121613406
0.00797346793,-0.0843037367,0.0125934612,-0.144797891
-0.0555863604,-0.0540903993,-0.0922858939,-0.0935738608
-0.144667909,-0.00316951075,-0.237240806,-0.00801916607
-0.232060388,0.0394341201,-0.373025328,0.0665746406
-0.287524372,0.050033208,-0.4531551,0.0864968076
-0.288007975,0.0207116026,-0.45486787,0.0413703881
-0.22663261,-0.0378961302,-0.370197266,-0.051818531
-0.116534062,-0.101934999,-0.199695244,-0.159755275
0.012803698,-0.144663021,0.0123464763,-0.236190259
0.126027972,-0.147059128,0.198723346,-0.243540853
0.195258081,-0.104655683,0.312509745,-0.175978869
0.210562825,-0.0287022926,0.340719819,-0.0540668927
0.182715952,0.057920523,0.30059275,0.0863870382
0.136753663,0.128141209,0.228316694,0.205142215
0.0992581025,0.1591672,0.167683572,0.258785039
0.0854975879,0.139862746,0.144115254,0.232646406
0.0928010866,0.0752232149,0.15734449,0.127216592
0.103517435,-0.0135683361,0.17526035,-0.0192326326
0.0960329846,-0.0943877399,0.160652488,-0.156921014
0.0580909215,-0.134229317,0.0958366171,-0.224834263
-0.00465846388,-0.111543708,-0.00807690993,-0.190872163
-0.0695575252,-0.0264364406,-0.11632771,-0.0495912842
-0.107058249,0.0961402208,-0.178504527,0.155534938
-0.094963938,0.213176638,-0.15388228,0.344696611
-0.0294991229,0.279341668,-0.0458739139,0.447213829
0.0724315569,0.266102195,0.117364772,0.428727835
0.180796012,0.175951645,0.293160588,0.288180709
0.265686601,0.0444310904,0.425355613,0.0733854622
0.309343129,-0.0725631937,0.485097528,-0.114801161
0.310998946,-0.121917404,0.481301427,-0.196706817
0.282774836,-0.0771080777,0.444470406,-0.132656038
0.239834562,0.0483546741,0.384851992,0.065172419
0.191015258,0.204812169,0.306429356,0.313005567
0.135495827,0.326823354,0.215387061,0.496133596
0.0672012269,0.361272603,0.112701066,0.54973644
-0.0161685292,0.290457398,-0.0138301961,0.462856859
-0.105534635,0.139438495,-0.162860841,0.237702012
-0.179643705,-0.0357550308,-0.289322793,-0.0485953242
-0.212539718,-0.17340143,-0.341292828,-0.267787904
-0.185830548,-0.232830569,-0.301122755,-0.363457024
-0.0991936252,-0.210169703,-0.172722548,-0.338690579
0.0268389639,-0.136264205,0.0334071852,-0.227167308
0.157777563,-0.0587873869,0.251754433,-0.100873113
0.258544236,-0.0181057286,0.411459059,-0.0323348343
0.306679606,-0.0289700981,0.483274579,-0.0499355793
0.29899928,-0.0764751583,0.472721189,-0.123014621
0.249051094,-0.127062991,0.396943837,-0.205916986
0.17777729,-0.147747368,0.287647665,-0.243303031
0.103235714,-0.123106562,0.169692546,-0.20969978
0.0351361334,-0.0615909323,0.0581146441,-0.10740827
-0.023541702,0.0110654999,-0.0390629321,0.0142347906
-0.0702849329,0.0666134059,-0.115746692,0.111224167
-0.0975915641,0.0886407644,-0.15974839,0.148395598
-0.0932051465,0.0789614618,-0.154648453,0.134955287
-0.0470474325,0.0535547845,-0.0804519653,0.094570376
0.0389894471,0.0315788016,0.0609585755,0.0551757216
0.144998804,0.0245111119,0.234924465,0.0396594107
0.236131102,0.0316783562,0.378322631,0.0476011708
0.275308609,0.0440404192,0.438190848,0.0648943558
0.240296081,0.0528661832,0.390489221,0.0786560923
0.136458397,0.0570342615,0.234038368,0.0888983905
-0.00220432761,0.063807331,0.00465814304,0.102103204
-0.125592142,0.0823204592,-0.201585695,0.135118499
-0.188428268,0.113976769,-0.30407393,0.187383875
-0.169707805,0.146383837,-0.278668672,0.240266338
-0.081164211,0.155786857,-0.136299893,0.260793805
0.0393740721,0.118005492,0.0637685657,0.201749653
0.146233097,0.0225056838,0.241654381,0.0418561772
0.206429288,-0.118341744,0.333963335,-0.186891571
0.212292403,-0.270834029,0.327173352,-0.418577045
0.18047747,-0.392765552,0.261967361,-0.57890451
0.139049336,-0.451688945,0.192693397,-0.647300005
0.11052873,-0.439398676,0.152010649,-0.640733898
0.100454986,-0.374952078,0.143771961,-0.569115758
0.0973546132,-0.294342309,0.144701973,-0.466735631
0.0831984431,-0.231973633,0.129677236,-0.377994448
0.0474059954,-0.203553677,0.0769188702,-0.333412558
-0.00437296042,-0.199407831,-0.00717543578,-0.326858759
-0.0521307513,-0.191764534,-0.0875933543,-0.313691646
-0.0729628652,-0.152117178,-0.124557517,-0.251434028
-0.055220753,-0.0693220347,-0.0990039706,-0.118133865
-0.00671641156,0.0414128415,-0.0174451023,0.0653816089
0.0482695848,0.143741742,0.0792416781,0.234936595
0.081850104,0.197193071,0.13685514,0.318942308
0.0780128986,0.177302033,0.134680361,0.291316301
0.0417016074,0.0884655938,0.0780391172,0.152539954
-0.00400981493,-0.0371574052,-0.00192525308,-0.0567410886
-0.0312998481,-0.154201984,-0.0519471057,-0.248970687
-0.0239303485,-0.224760652,-0.0447798781,-0.362012297
0.0130626289,-0.234836608,0.0127351107,-0.380682915
0.0563186035,-0.198633254,0.0835147128,-0.32694453
0.0785012394,-0.149070725,0.124859281,-0.249228552
0.06599693,-0.119864762,0.109237343,-0.201874912
0.0295097902,-0.128473863,0.0494891107,-0.212300375
0.000660787162,-0.16831553,-7.99925692e-05,-0.275902122
0.0154231815,-0.213564187,0.019904254,-0.344185203
0.0928761587,-0.233376727,0.138907522,-0.375051707
0.220993787,-0.207904533,0.336014479,-0.33071062
0.358009219,-0.138085306,0.53183347,-0.217523411
0.449829996,-0.0448581427,0.648669362,-0.0768369809
0.455310732,0.0410375036,0.65910989,0.0472174287
0.366640657,0.093060188,0.562044263,0.13044554
0.214243039,0.0997784361,0.355873585,0.154844061
0.0533896312,0.0680433363,0.0982949138,0.110786945
-0.0608963892,0.0179845225,-0.0978449583,0.0320439152
-0.0981123671,-0.0267581176,-0.164315954,-0.0401775688
-0.0637810305,-0.0485398881,-0.112529382,-0.0770619661
0.0069638025,-0.0410058238,0.0062982738,-0.0680122003
0.0695458427,-0.0089836549,0.113371186,-0.0171184819
0.0928261578,0.0355161168,0.154919893,0.0542047434
0.0727905557,0.0784413666,0.125617772,0.125556126
0.0305881277,0.107761934,0.055286143,0.177325591
-0.00287543889,0.115766786,-0.00220341911,0.192131445
-0.00645584101,0.100193471,-0.00815916434,0.168828577
0.0187404547,0.0649866685,0.0319262296,0.110964678
0.050700102,0.020659091,0.0843016505,0.0362491831
0.060540814,-0.0167506449,0.102232754,-0.0280101337
0.0309826247,-0.0292513538,0.0535742454,-0.0513647497
-0.0314278416,-0.00299147377,-0.0486147366,-0.00954500027
-0.097501874,0.0649967417,-0.160923868,0.104231626
-0.129727185,0.162619635,-0.210149512,0.263316959
-0.102198102,0.264059901,-0.162393212,0.419608206
-0.0155046443,0.337436378,-0.023981303,0.52584976
0.101453543,0.356480509,0.155830041,0.544463515
0.203881621,0.311479688,0.315268517,0.474648148
0.251474291,0.214428097,0.39650768,0.333765864
0.226496696,0.0955714285,0.371732622,0.153300315
0.140689686,-0.00762755517,0.241146415,-0.0147215007
0.0280605797,-0.0645272881,0.052642066,-0.111395963
-0.0721550956,-0.0623426661,-0.119713359,-0.107799888
-0.13334991,-0.00961726252,-0.223575279,-0.0174590703
-0.151320085,0.0688369572,-0.251820236,0.112666361
-0.141731367,0.142613515,-0.23110427,0.233565629
-0.127638504,0.186853394,-0.20551011,0.30449298
-0.124431267,0.189164266,-0.19745481,0.309843689
-0.13049522,0.150316983,-0.208461523,0.250875562
-0.128429636,0.0800382122,-0.210105762,0.138828501
-0.09585464,-0.00867355522,-0.161342904,-0.00553201139
-0.0197750814,-0.103404604,-0.0378039144,-0.16530174
0.093285799,-0.193076998,0.143633083,-0.31061548
0.216869861,-0.266812414,0.324987948,-0.41171506
0.314361721,-0.313460618,0.450938135,-0.461709887
0.354343474,-0.32367754,0.497368515,-0.466535449
0.324247539,-0.294234306,0.470035911,-0.438711047
0.23596698,-0.231992424,0.365350187,-0.369459271
0.120977171,-0.154274404,0.197947174,-0.261279106
0.0173609816,-0.0838845372,0.0310190674,-0.145174518
-0.0453852564,-0.0400780477,-0.0758206472,-0.067301549
-0.0572406687,-0.0295851342,-0.0977269486,-0.0468473211
-0.0299685802,-0.0425728224,-0.0522221737,-0.0671398863
0.00952524599,-0.0564337149,0.012614402,-0.0938548967
0.0314349905,-0.0463735312,0.0514627062,-0.0807528943
0.0155642973,0.00201252801,0.0262689851,-0.000947301509
-0.0408479199,0.0844746605,-0.0650717616,0.136385277
-0.122622803,0.178638279,-0.194604173,0.287372708
-0.203016251,0.253469139,-0.311184764,0.396663398
-0.253992587,0.283180058,-0.378811806,0.433027685
-0.256320477,0.258669853,-0.38674745,0.402384341
-0.20596467,0.19078055,-0.325477898,0.313393384
-0.114992402,0.103916891,-0.189986378,0.180761322
-0.0073208143,0.0236416403,-0.0157460216,0.0452354029
0.0887218416,-0.0350122638,0.143425331,-0.0577280708
0.148375973,-0.0723291487,0.243880868,-0.120365076
0.156672239,-0.0995825082,0.254915982,-0.167087704
0.111603811,-0.128575072,0.186630204,-0.213874638
0.0240759384,-0.161543787,0.0433328487,-0.269016236
-0.0847781822,-0.187727705,-0.135947838,-0.306559294
-0.188093588,-0.189015403,-0.300026953,-0.301105171
-0.258880198,-0.151658386,-0.411299109,-0.237073496
-0.276138812,-0.0771481767,-0.443029553,-0.120507456
-0.23066242,0.0146629084,-0.380604118,0.0261133071
-0.129171759,0.0930506885,-0.21846123,0.156726077
0.00499118865,0.131338015,0.0029597627,0.220478147
0.136126369,0.121412776,0.220405936,0.200186014
0.225584656,0.0794971213,0.366278321,0.127478838
0.244336948,0.0390114374,0.397934735,0.0577706024
0.184578061,0.0332391821,0.306707203,0.0470216796
0.0653725639,0.0763892308,0.11582429,0.120165482
-0.0713193119,0.153251499,-0.111139707,0.246651024
-0.174398839,0.223801956,-0.272194535,0.3546983
-0.202909589,0.241587088,-0.314385086,0.384862155
-0.143289357,0.177341238,-0.231941029,0.297959507
-0.0167840403,0.0360016897,-0.0304517448,0.0739457086
0.127325282,-0.141985059,0.203811944,-0.222254083
0.230990171,-0.296602458,0.345138967,-0.450480074
0.251501322,-0.374341071,0.360443264,-0.548608124
0.179872751,-0.352022082,0.266560286,-0.537585497
0.0448790453,-0.246846035,0.0714139938,-0.407302678
-0.0996122882,-0.107826509,-0.163183212,-0.185619816
-0.1985531,0.00708909472,-0.323674232,0.0109399632
-0.219859004,0.0569456294,-0.356852531,0.0998932794
-0.167416468,0.0342348218,-0.277989417,0.0656186417
-0.0768641457,-0.0355950184,-0.131225511,-0.0505373105
0.00347788655,-0.110360302,0.00345365261,-0.179467678
0.0367507711,-0.154051453,0.0578413233,-0.254833162
0.0145048853,-0.154408395,0.0223480929,-0.25895381
-0.0419586264,-0.126426265,-0.0692453831,-0.213105619
-0.0959702283,-0.100745194,-0.158883318,-0.167394385
-0.117318772,-0.103861563,-0.196833625,-0.167476922
-0.099268645,-0.141208425,-0.166308239,-0.226070985
-0.0612182468,-0.192342699,-0.105563574,-0.309653759
-0.0355029814,-0.220849857,-0.0615449399,-0.357137591
-0.0459223166,-0.193726689,-0.0775958002,-0.319296092
-0.0906261131,-0.100063168,-0.151889563,-0.171046019
-0.14003484,0.0406909399,-0.233193696,0.0602506399
-0.152291059,0.185134336,-0.245661348,0.296757758
-0.098659575,0.28380242,-0.155311018,0.449201703
0.0151066184,0.301799357,0.0232017972,0.481263399
0.144336566,0.232539967,0.231269211,0.375811994
0.222455442,0.0988894552,0.363120586,0.164666027
0.192467675,-0.0576022863,0.321017027,-0.0953480452
0.0374966711,-0.193241641,0.0700614303,-0.319000751
-0.163117871,-0.184394121,-0.260020137,-0.303615004
-0.193722367,-0.277879208,-0.306832641,-0.416201681
-0.180964813,-0.341936618,-0.280800551,-0.511106908
-0.125719279,-0.359825104,-0.199492455,-0.542851329
-0.0367355086,-0.325311065,-0.0690403879,-0.505110204
0.0719201937,-0.242196172,0.103304699,-0.391650021
0.182840303,-0.122166291,0.285511434,-0.206610873
0.277368814,0.017455548,0.436363846,0.0173216444
0.338661641,0.155631125,0.515746474,0.22472091
0.355638385,0.26996544,0.520997107,0.383089364
0.326515913,0.340478659,0.474814117,0.479492277
0.260064006,0.354762703,0.389336795,0.512408793
0.173397213,0.312912852,0.276104361,0.477565706
0.086727716,0.229621962,0.150633737,0.371069878
0.0171170998,0.131309181,0.0355940647,0.220560625
-0.026122313,0.0481686331,-0.0409480445,0.0840046704
-0.0425456278,0.00363272033,-0.0717359185,0.00746516464
-0.038200669,0.00550938677,-0.0659402311,0.00753962668
-0.0215152521,0.0428557657,-0.0383962095,0.070132181
0.000119542536,0.0903649703,0.000106354142,0.149704844
0.021427488,0.118682988,0.0367195271,0.197430372
0.038087599,0.106294952,0.0650700852,0.178253978
0.0450157598,0.0478513278,0.0794948563,0.0837909132
0.0361496396,-0.0445291586,0.0639962479,-0.0713639408
0.00669571152,-0.147160619,0.0125662945,-0.239314005
-0.0431273617,-0.234815732,-0.0702816471,-0.37822938
-0.105313845,-0.290157735,-0.168919265,-0.454750091
-0.164731205,-0.308570117,-0.258207589,-0.473260611
-0.203985542,-0.296941251,-0.317867309,-0.452569038
-0.210736409,-0.267969906,-0.331543595,-0.410929501
-0.183840364,-0.233461186,-0.297693014,-0.365262896
-0.13474828,-0.200012863,-0.225390717,-0.319269985
-0.0827559978,-0.168684408,-0.142681703,-0.274205863
-0.0459768176,-0.137833685,-0.0816821456,-0.227585331
-0.0324810632,-0.106669486,-0.0572897643,-0.177787602
-0.0363790207,-0.0770372152,-0.0615778118,-0.129117623
-0.0413157269,-0.0524024777,-0.0697528869,-0.0868610218
-0.0299756024,-0.0349618755,-0.0531219207,-0.0588132255
0.00519765401,-0.0230837967,0.00578268198,-0.0374521017
0.055862762,-0.0111164981,0.0911965668,-0.0177798755
0.0999295637,0.00788069889,0.165312991,0.0111386254
0.111478396,0.0378223844,0.185781389,0.0581316128
0.0737621561,0.0762037262,0.126997381,0.122332387
-0.0112683484,0.113850944,-0.0121068405,0.185645357
-0.12195392,0.138417035,-0.192621052,0.226145849
-0.225257218,0.14014712,-0.354254961,0.226948485
-0.29051885,0.11705745,-0.45205,0.18887046
-0.301946074,0.0767738074,-0.47271648,0.129415557
-0.263805836,0.0338460468,-0.423409969,0.0634162277
-0.196066543,0.0035974083,-0.323919028,0.0121864891
-0.12312638,-0.00466954522,-0.208362475,-0.00349685876
-0.0617056936,0.00810196344,-0.106442131,0.0134528149
-0.0141752567,0.0311140772,-0.0253548902,0.0529365204
0.0295021553,0.0486392491,0.0486002676,0.0804152042
0.0827269554,0.047336705,0.135973185,0.0796603784
0.151388764,0.0227725916,0.24843578,0.0386019573
0.227306888,-0.0176642332,0.364852548,-0.0286784451
0.289716601,-0.0567169748,0.455585688,-0.0927531645
0.31420064,-0.0733877793,0.490291148,-0.121289372
0.284549981,-0.0509720072,0.452303737,-0.0896438435
0.201570034,0.0158920512,0.332179666,0.0147572262
0.0844919235,0.117642418,0.145501852,0.184390306
-0.0355981141,0.23100099,-0.0497392826,0.367154151
-0.127073839,0.324807554,-0.190430284,0.499662727
-0.168636754,0.368935853,-0.245818764,0.555054188
-0.155277953,0.343766302,-0.228620261,0.52768743
-0.097643137,0.247320443,-0.151149347,0.402733147
-0.0162659977,0.0975560248,-0.0241637733,0.17279923
0.065970026,-0.0714731216,0.109956101,-0.111276217
0.129907578,-0.219031006,0.204670623,-0.347006351
0.163180187,-0.310097337,0.245737687,-0.479273796
0.160699755,-0.326693743,0.238915771,-0.503734469
0.124048136,-0.273929417,0.191312522,-0.438798606
0.0609163716,-0.178080752,0.0985098928,-0.300481796
-0.0154573815,-0.076892674,-0.0254382137,-0.135244459
-0.0878686234,-0.00547236484,-0.144725621,-0.0106043667
-0.138648674,0.0167570915,-0.227924049,0.0304871369
-0.154755414,-0.0073342924,-0.256214619,-0.00619236054
-0.13259396,-0.0552997738,-0.221810669,-0.0843801871
-0.0800450146,-0.09608154,-0.137855381,-0.155138031
-0.014069167,-0.104444332,-0.028641412,-0.172211945
0.0455981083,-0.072415933,0.0703716725,-0.124549598
0.083927311,-0.0125345942,0.136683688,-0.0260377731
0.0956141055,0.0485569462,0.160776183,0.0754825771
0.0851209387,0.0831153318,0.145798326,0.136247158
0.0618942641,0.0757109225,0.10734202,0.125822499
0.0336542986,0.0306722969,0.0597864352,0.0535561517
0.00183281174,-0.0299317352,0.00716356467,-0.048826836
-0.0379655883,-0.0766837075,-0.0626366138,-0.126350448
-0.0906142443,-0.0864713192,-0.150713578,-0.145660803
-0.154485255,-0.0528191924,-0.254688889,-0.0886138752
-0.217449665,0.0118974596,-0.351524681,0.0173722766
-0.259102404,0.083044067,-0.411664814,0.133384272
-0.258993804,0.135490507,-0.409283668,0.219328135
-0.206995323,0.154576421,-0.33368066,0.254808486
-0.110223703,0.141079172,-0.183129296,0.238120466
0.00766893663,0.108359709,0.0100964084,0.184159175
0.115166277,0.073978655,0.188813463,0.124111861
0.185562983,0.0507319085,0.303869098,0.080631353
0.207390368,0.0418920331,0.339168489,0.0616227835
0.187395036,0.0426670425,0.310180634,0.0646293163
0.144786209,0.0461443029,0.242287859,0.0733133033
0.1001072,0.0494304374,0.168748602,0.0792212337
0.0648658276,0.0557881668,0.110734172,0.0902605429
0.0374135226,0.0712439939,0.0633647442,0.117220767
0.00686505716,0.0978255942,0.014220451,0.16097112
-0.0377719663,0.128079742,-0.0595236085,0.21065411
-0.0989685059,0.145235062,-0.15653415,0.23863247
-0.167733729,0.13028644,-0.26651901,0.21663551
-0.227959365,0.0730209053,-0.36207357,0.125184566
-0.26514563,-0.0189852957,-0.420617938,-0.0214691907
-0.273923069,-0.119197622,-0.432758778,-0.178735837
-0.259582698,-0.191010535,-0.410054654,-0.291214645
-0.232675105,-0.203622341,-0.369818896,-0.315303892
-0.200308025,-0.14758724,-0.328664303,-0.235695243
-0.160185277,-0.041982349,-0.26932165,-0.0713383332
-0.102018885,0.0714057609,-0.173762321,0.117198266
-0.0163350124,0.145272195,-0.0284862798,0.240444347
0.0944267958,0.147877172,0.154051304,0.244783118
0.210025445,0.0780487135,0.340679139,0.129211336
0.297103435,-0.0334668905,0.467773944,-0.0511861481
0.323930651,-0.137543604,0.49928841,-0.214804932
0.278267145,-0.189094067,0.431446463,-0.299666613
0.178281337,-0.167818978,0.285828739,-0.279258788
0.0689150617,-0.0872789994,0.115056463,-0.155286252
0.00332746957,0.0122133913,0.00553512154,0.0141832707
0.0174114238,0.0835376829,0.027026657,0.139098838
0.110193282,0.0958711356,0.17751886,0.161695436
0.241130769,0.0496445708,0.383223742,0.0811467767
0.347315103,-0.0240333695,0.535799563,-0.0369806997
0.373263985,-0.079256475,0.564999044,-0.126607388
0.298825443,-0.0787319317,0.471683949,-0.133746892
0.150794163,-0.0131962625,0.255632579,-0.0331432149
-0.00844470784,0.0927808359,-0.00727698486,0.145505965
-0.110316366,0.191588417,-0.174834877,0.308947116
-0.113078259,0.234852299,-0.180368349,0.381654531
-0.0217867456,0.196509168,-0.0365118198,0.328519791
0.115051202,0.0856271982,0.188599199,0.15024592
0.230482459,-0.0570910908,0.370926291,-0.0887057185
0.272880971,-0.177347481,0.424554288,-0.278979033
0.231021062,-0.231195286,0.358769298,-0.366254747
0.137564227,-0.203673959,0.220586583,-0.335888594
0.0494772755,-0.113727532,0.0793908089,-0.197610319
0.0161077939,-0.00371898944,0.0234691054,-0.0117678083
0.0521529727,0.0808786452,0.0834139958,0.134544298
0.130066067,0.111705765,0.211553559,0.185591266
0.195962086,0.0883052573,0.320073158,0.144585371
0.200406432,0.0350881256,0.331096888,0.0559793338
0.127390668,-0.0131348642,0.217046037,-0.0257205535
0.0056603374,-0.029400209,0.0143038034,-0.0530416034
-0.104086749,-0.00764461141,-0.17053929,-0.0146815786
-0.139762059,0.0353714712,-0.233309567,0.0607115887
-0.0703488588,0.0695218444,-0.123377889,0.120231286
0.0866853595,0.0669563487,0.137327194,0.116396628
0.272141784,0.0161009245,0.429541886,0.0281011108
0.412576377,-0.072546728,0.609882772,-0.10974393
0.454491466,-0.171105698,0.643813729,-0.248611331
0.388079405,-0.24671419,0.560645878,-0.362546355
0.249163821,-0.275510848,0.380199701,-0.426959455
0.0994249731,-0.251831949,0.159399197,-0.409423769
-0.00408721855,-0.189004079,-0.00854973122,-0.3134363
-0.0344186388,-0.112249456,-0.0624591298,-0.189728782
-0.00304900971,-0.047670424,-0.0100254724,-0.0812088177
0.0513727255,-0.0124881761,0.0815276057,-0.0205700211
0.0861633345,-0.0103850495,0.143392563,-0.0172819663
0.0765306801,-0.0329007767,0.130611554,-0.0546615236
0.0252256114,-0.0649816915,0.0459008254,-0.109511465
-0.0434091985,-0.0913640484,-0.0690165684,-0.153394207
-0.0995425433,-0.100963078,-0.164983109,-0.165935144
-0.123779468,-0.088253811,-0.20684661,-0.144589394
-0.114032008,-0.0525469184,-0.193295017,-0.087934114
-0.0809197724,0.00304275821,-0.139451608,0.00416071573
-0.0365904942,0.0716740787,-0.0648587123,0.118972279
0.014443473,0.142109096,0.022966465,0.2344262
0.0758664981,0.198818699,0.124788679,0.322596014
0.151233301,0.224565879,0.241773039,0.35679239
0.233008757,0.205904722,0.367994189,0.322633505
0.297781229,0.139947668,0.466411084,0.21728906
0.313198239,0.0390875861,0.494862348,0.0608203001
0.254837632,-0.0697063729,0.412846774,-0.115507796
0.124168955,-0.152452677,0.209742531,-0.25220108
-0.0435746871,-0.18073906,-0.0674271286,-0.301476836
-0.188525587,-0.144434854,-0.30559659,-0.235519513
-0.25028646,-0.0585269146,-0.406416386,-0.0935236663
-0.196202964,0.0401877575,-0.328497767,0.068617478
-0.0394236594,0.106635332,-0.0744875968,0.183002278
0.163574144,0.106416292,0.260644346,0.178739443
0.336345613,0.0321039557,0.520167351,0.0514651164
0.416284859,-0.0909840688,0.615938365,-0.137050599
0.382581145,-0.213412762,0.56182158,-0.316727906
0.264434993,-0.282196492,0.401521742,-0.433241934
0.125301078,-0.264974505,0.196283996,-0.42771554
0.0309495665,-0.166915923,0.0471193716,-0.284101546
0.0173052512,-0.0318130516,0.0211863555,-0.0591103286
0.0740757138,0.0745872632,0.117325865,0.121407792
0.152073011,0.0928592905,0.248547435,0.153865308
0.190078333,-0.00228412962,0.31451112,0.000583109504
0.147318751,-0.187427893,0.245026186,-0.298172206
0.0250896234,-0.396738082,0.0418955311,-0.591824114
-0.133090898,-0.547574282,-0.179141343,-0.728522718
-0.262364239,-0.574927807,-0.333879709,-0.7158553
-0.307552397,-0.459582925,-0.422019392,-0.615540028
-0.248806775,-0.237111092,-0.39630264,-0.36994192
-0.109697819,0.0168497805,-0.19787167,0.0212473366
0.0552376397,0.218779907,0.0811878964,0.351781815
0.18633008,0.31245482,0.290397555,0.47751826
0.244881421,0.291035205,0.378685683,0.439369768
0.22735028,0.195991084,0.366903245,0.309361398
0.162229285,0.0937282518,0.273827791,0.152617916
0.0930088684,0.0414872915,0.15999262,0.0661848709
0.0568251722,0.0593004674,0.0949190706,0.0944873765
0.0691917986,0.121815436,0.113012344,0.196658418
0.120840058,0.173918799,0.195270061,0.281001866
0.185994849,0.162100643,0.30060032,0.261040002
0.236103147,0.0653858483,0.383407801,0.109697796
0.251615793,-0.0903744251,0.404770613,-0.141224533
0.227003664,-0.242787212,0.353956103,-0.377543777
0.168704256,-0.323156923,0.255473226,-0.497442991
0.0893336907,-0.291555524,0.136581525,-0.466418654
0.00238839025,-0.158629537,0.000872420089,-0.270812452
-0.0801741779,0.0176257677,-0.135790765,0.0200254768
-0.147964805,0.159273982,-0.237536803,0.257264972
-0.192102179,0.206618205,-0.299357802,0.334982872
-0.206946269,0.147787347,-0.325361311,0.247008815
-0.193344295,0.0243046302,-0.312412739,0.0512248948
-0.16092369,-0.0906941816,-0.265379876,-0.141177431
-0.126536876,-0.130761549,-0.213062495,-0.212892517
-0.107890487,-0.0712400377,-0.183245361,-0.122302137
-0.11463277,0.0573415011,-0.193170533,0.0891286582
-0.141638488,0.185108513,-0.226215094,0.296727926
-0.169083059,0.240186125,-0.262042075,0.385193199
-0.170785651,0.188181683,-0.267503381,0.310240984
-0.127712131,0.0526886731,-0.208853036,0.0997289419
-0.0400484353,-0.0949115679,-0.0721853524,-0.147852167
0.0689194724,-0.172128007,0.105109259,-0.281024843
0.160278812,-0.12999931,0.251997292,-0.219013542
0.195757166,0.017857017,0.317764372,0.0150282672
0.155381501,0.198108479,0.254895508,0.304674953
0.0478593782,0.31267333,0.0854790881,0.482928365
-0.0917926505,0.289086074,-0.129694432,0.459302187
-0.216686696,0.120734394,-0.335965812,0.207319006
-0.287891358,-0.124432862,-0.446323276,-0.176505774
-0.290280402,-0.332755685,-0.430646688,-0.473110706
-0.237060502,-0.398293197,-0.352992535,-0.567847788
-0.161332294,-0.274913758,-0.262934238,-0.433867276
-0.0994313136,-0.00104597828,-0.175682664,-0.0161715318
-0.0745821148,0.315797031,-0.117397852,0.482050955
-0.0887070894,0.547760844,-0.108903296,0.732641101
-0.125582278,0.605117083,-0.144396901,0.769249856
-0.162513807,0.476039201,-0.214897066,0.67190659
-0.18353647,0.228639781,-0.278713942,0.377567559
-0.186923578,-0.0249042939,-0.302082419,-0.0242198091
-0.183456525,-0.183523342,-0.296415836,-0.286973864
-0.18727164,-0.203936532,-0.302748859,-0.325464725
-0.205183148,-0.116061486,-0.336399406,-0.190701723
-0.230992064,-0.000814076513,-0.376055002,-0.0040118983
-0.248222843,0.0567366518,-0.396980226,0.0950578451
-0.239789635,0.0136855096,-0.384364307,0.0319255777
-0.199063271,-0.109048203,-0.324093103,-0.162851319
-0.135897532,-0.240330949,-0.221519172,-0.373435915
-0.0738365203,-0.29956755,-0.123939507,-0.467753798
-0.0394787714,-0.242343619,-0.0712487921,-0.395758063
-0.0492354482,-0.0864903554,-0.0871644989,-0.15432848
-0.100234315,0.0952394009,-0.166404262,0.150385812
-0.170130983,0.211944506,-0.26633513,0.33786273
-0.22618629,0.201412216,-0.348160326,0.326096684
-0.239444375,0.0625325143,-0.380363792,0.114351392
-0.197458073,-0.143448204,-0.319926202,-0.214450255
-0.109832078,-0.323232859,-0.178195521,-0.490180075
-0.0043206499,-0.39747414,-0.0168982986,-0.596435487
0.0844873115,-0.338869154,0.117989607,-0.526919663
0.128791526,-0.183363318,0.200995266,-0.307566196
0.117839403,-0.0097424835,0.193387419,-0.028392572
0.0610541254,0.100858539,0.106400043,0.161679983
-0.0165032707,0.1042438,-0.0193386655,0.176128522
-0.0838832557,0.0115247956,-0.133442998,0.027263701
-0.115187429,-0.121476047,-0.189032227,-0.190412223
-0.097870104,-0.226524577,-0.163443416,-0.357771009
-0.0360497609,-0.258895397,-0.0672475174,-0.41409117
0.0516153835,-0.217964679,0.0736107305,-0.357002705
0.138332501,-0.142629176,0.217246354,-0.237883195
0.19774434,-0.0855497643,0.318128705,-0.145010471
0.212204963,-0.081288375,0.344787329,-0.134411424
0.178436175,-0.125975519,0.293303251,-0.205906361
0.108805083,-0.179224417,0.177678972,-0.293390185
0.0275138505,-0.186682433,0.0440052338,-0.309636176
-0.0375057682,-0.110649027,-0.0654982254,-0.191098824
-0.0645775348,0.0476722233,-0.112984829,0.0725095496
-0.0466222987,0.245775744,-0.0764924735,0.388964206
0.00557486201,0.418087035,0.0104799867,0.617070198
0.0670083091,0.505047619,0.0990348905,0.702803195
0.108145364,0.478374928,0.161356792,0.674936414
0.107083432,0.350756317,0.173376426,0.537601709
0.0591381975,0.166900203,0.108719327,0.280306429
-0.020463109,-0.0177184511,-0.0264903847,-0.0229907297
-0.102339849,-0.158897027,-0.165612683,-0.256052166
-0.155024171,-0.236337572,-0.250056475,-0.372914106
-0.158257946,-0.253094047,-0.257534504,-0.396320432
-0.111717656,-0.225483194,-0.188283488,-0.360026568
-0.0352895856,-0.171335101,-0.0665427074,-0.281220049
0.0392386131,-0.10351567,0.0584168509,-0.174493283
0.0813752189,-0.0307561886,0.133461699,-0.05595522
0.0741991401,0.0375742987,0.125130624,0.0579658486
0.0204706695,0.0885513201,0.0385239609,0.143668577
-0.0597298406,0.108518705,-0.0941396356,0.180642709
-0.138290197,0.0907570571,-0.221912086,0.153716296
-0.190793768,0.0427623019,-0.307364613,0.0770293623
-0.205480933,-0.0129549997,-0.334431618,-0.0140638445
-0.18593128,-0.0471891798,-0.306332678,-0.0725342333
-0.147083595,-0.0383355692,-0.246736065,-0.0608420819
-0.107201427,0.0149847241,-0.181543291,0.0259553213
-0.0798641965,0.0908034816,-0.133110568,0.149544239
-0.0694924593,0.153334841,-0.112356737,0.25200057
-0.0718003958,0.17117846,-0.113609709,0.282077402
-0.0780907199,0.134755075,-0.123819567,0.227916449
-0.080682151,0.063122116,-0.130430818,0.111439511
-0.0766462088,-0.00442076195,-0.126908764,-0.00273609674
-0.0682780147,-0.0282660574,-0.11570406,-0.0460228622
-0.0605566874,0.0103815962,-0.102384068,0.0163027011
-0.0573165156,0.0987518132,-0.0968068242,0.159904629
-0.0583098568,0.198430657,-0.0928681269,0.321572632
-0.058715757,0.26526314,-0.0883991197,0.421768963
-0.0513601787,0.272699088,-0.0770143345,0.436234474
-0.0306132771,0.225822508,-0.044442907,0.371354252
0.00383255305,0.158139765,0.00830685534,0.265199512
0.0450794995,0.112602979,0.0760796741,0.187971562
0.0800934881,0.117177598,0.133453161,0.191601112
0.0936738029,0.168559015,0.15426442,0.270628154
0.0741515532,0.233404338,0.125231996,0.370424807
0.0188649185,0.26684469,0.037785694,0.425351948
-0.0627204552,0.23831147,-0.0897495374,0.386676431
-0.149827287,0.150288478,-0.23424983,0.251598984
-0.215482906,0.0391044207,-0.344519377,0.0737243146
-0.234726205,-0.043433927,-0.3807877,-0.0626175404
-0.193301797,-0.0581180677,-0.321069241,-0.091887705
-0.0936406925,-0.000945283973,-0.164253756,-0.0022008114
0.0444534011,0.0924372748,0.0671643466,0.150761515
0.189190075,0.163617164,0.301114976,0.260273218
0.306649059,0.161289886,0.475750476,0.248462021
0.371543288,0.068547301,0.567936599,0.103842266
0.374736518,-0.0869397148,0.569915175,-0.131309018
0.324573904,-0.245475486,0.486738205,-0.368185639
0.241684005,-0.344257027,0.354287773,-0.514906704
0.149759218,-0.347617924,0.224212527,-0.532827437
0.0665625334,-0.262929648,0.101335637,-0.428685546
-0.000860935426,-0.134241626,-0.00553282816,-0.230069727
-0.0549925901,-0.0176792964,-0.0937171206,-0.0339083597
-0.101966083,0.047726322,-0.168190971,0.0802462175
-0.144677296,0.0579644069,-0.236563087,0.100393765
-0.1789601,0.0414128825,-0.290097952,0.0722862035
-0.195109606,0.0378874317,-0.319460362,0.0659052655
-0.18394956,0.0718467534,-0.302288771,0.119999297
-0.143930539,0.135499924,-0.235550627,0.222568646
-0.0849308893,0.192012981,-0.138763577,0.31404838
-0.0260466635,0.197632372,-0.0399399139,0.326522976
0.0120867603,0.130562872,0.0237667672,0.223769963
0.0167383235,0.00995073654,0.0329662822,0.0223006364
-0.0107080033,-0.107028455,-0.0160098094,-0.175089598
-0.0553755239,-0.150485262,-0.0929331779,-0.250298202
-0.0964765921,-0.0737441629,-0.165545821,-0.128989279
-0.118220553,0.118418917,-0.197092503,0.186040044
-0.118404672,0.364625841,-0.177885652,0.544443548
-0.109966822,0.569181859,-0.136161238,0.745690048
-0.114281781,0.642506778,-0.127078682,0.784971058
-0.149311215,0.541121781,-0.18451421,0.724088252
-0.218602672,0.288378924,-0.317848295,0.45464164
-0.306990951,-0.0339064933,-0.47022298,-0.0329515487
-0.385650873,-0.319087356,-0.540222704,-0.431248456
-0.42446062,-0.479127884,-0.534639716,-0.585190713
-0.405848444,-0.478402168,-0.5149616,-0.593396723
-0.333384007,-0.343636394,-0.483064115,-0.488381594
-0.230843052,-0.147332877,-0.378768444,-0.238847628
-0.132099047,0.0259752404,-0.226348236,0.0410762019
-0.0666409135,0.114511028,-0.109578229,0.192392558
-0.047551658,0.100168832,-0.0739038736,0.17218633
-0.0674232841,0.00853212457,-0.106436044,0.0220089722
-0.103684857,-0.108876713,-0.170062184,-0.173574001
-0.13025564,-0.199611083,-0.212960973,-0.318911821
-0.129601255,-0.230609193,-0.212927595,-0.366472274
-0.0995034873,-0.196131945,-0.168922871,-0.319347352
-0.0518762395,-0.112785444,-0.0939235985,-0.188634679
-0.00508379936,-0.0070901732,-0.0133155845,-0.0168508943
0.0257166401,0.096821852,0.0423142128,0.156561181
0.0351739116,0.183906153,0.060495168,0.298410654
0.0283683259,0.248222843,0.0500681847,0.397829741
0.0159961525,0.289051473,0.0313450955,0.456138402
0.00749536976,0.307156384,0.0168558974,0.481664985
0.00625642156,0.303731531,0.0147382095,0.478243828
0.00945898052,0.281720221,0.02106921,0.448169231
0.0121381124,0.247153163,0.0253189597,0.397402555
0.0125294421,0.208212376,0.0245243125,0.340449184
0.015013299,0.171708956,0.0278140791,0.283296704
0.0284513701,0.139059186,0.0493988693,0.231209576
0.0605224036,0.104872853,0.101510867,0.175663799
0.111210331,0.0600551479,0.184590295,0.100197308
0.169422999,-0.00151462446,0.278779417,-0.00195846404
0.215311408,-0.076369375,0.347496003,-0.122908816
0.227921396,-0.149295956,0.362178743,-0.240626648
0.194881126,-0.198075399,0.308342934,-0.320213646
0.11945913,-0.203796387,0.192495391,-0.3350375
0.0212781932,-0.161889941,0.0356670953,-0.272697419
-0.0701862052,-0.0878491029,-0.116171643,-0.150787249
-0.126831904,-0.0136720622,-0.210936204,-0.0234855656
-0.133130729,0.0244603679,-0.222972646,0.0442664735
-0.0924671069,0.00213814178,-0.155764431,0.010111548
-0.0258749221,-0.0811458379,-0.0447714292,-0.126872092
0.0362869874,-0.199804068,0.0560823195,-0.318478167
0.0662199035,-0.311557025,0.0996572971,-0.487229228
0.0492656864,-0.374631822,0.0689736381,-0.569376051
-0.0109534552,-0.365203023,-0.0204971787,-0.56158036
-0.0945927948,-0.287313521,-0.152593374,-0.457215935
-0.17366913,-0.170943096,-0.283423215,-0.280518144
-0.22274594,-0.0592768602,-0.362758458,-0.0961687937
-0.228039011,0.00901720393,-0.372319698,0.0182124227
-0.191648066,0.0147525398,-0.314534187,0.0326314345
-0.129650176,-0.035690017,-0.217071086,-0.0532002151
-0.0651127696,-0.115033858,-0.110888749,-0.185143366
-0.0188512523,-0.187669352,-0.0332099125,-0.304468334
-0.00142016262,-0.224161819,-0.00698755402,-0.364077687
-0.00925830472,-0.211563408,-0.0198214557,-0.347658843
-0.0263717771,-0.155866086,-0.0477642827,-0.261050493
-0.0309661906,-0.0766920969,-0.0560979024,-0.132629082
-0.0046661105,0.00244133547,-0.0123087987,0.000738686125
0.0590404198,0.0635718778,0.0945094675,0.104674846
0.15036352,0.0995794833,0.24492465,0.161191791
0.244728133,0.113808617,0.389404893,0.179928094
0.310128212,0.115200497,0.482684731,0.173550338
0.318035215,0.111907482,0.495634079,0.166270003
0.254109979,0.106640399,0.412202418,0.162141368
0.124805108,0.0958405286,0.214713648,0.150953472
-0.0427521579,0.0728206038,-0.061262887,0.119482681
-0.207865477,0.0331553333,-0.330089778,0.0577400587
-0.328114629,-0.0204351991,-0.509695649,-0.0245137606
-0.371978819,-0.0763057992,-0.565612853,-0.105244368
-0.328038573,-0.116535001,-0.511408806,-0.170795172
-0.207866028,-0.123426773,-0.344593912,-0.191554829
-0.0420016311,-0.0874840841,-0.0825760663,-0.144202888
0.129249677,-0.0134971263,0.204855993,-0.026435243
0.266981572,0.0782694817,0.420343369,0.117738046
0.343391657,0.15712589,0.523468077,0.230503097
0.347573966,0.192094773,0.527050912,0.280870974
0.286476284,0.163665861,0.455336988,0.250360996
0.181515858,0.0725700855,0.305784702,0.118015014
0.0622032769,-0.0582991838,0.112773262,-0.0943426713
-0.041611474,-0.190219551,-0.0661499351,-0.305731535
-0.107313357,-0.281332403,-0.173879907,-0.44019118
-0.125435829,-0.301074982,-0.203257427,-0.46803838
-0.102465041,-0.240838215,-0.172961071,-0.386454016
-0.0593178943,-0.116767332,-0.106519662,-0.198930979
-0.0250582565,0.0361895375,-0.0447558351,0.0548243597
-0.0268725082,0.176347017,-0.0408805832,0.283260882
-0.0790940002,0.268545568,-0.116406865,0.425313383
-0.17532599,0.293664724,-0.260229111,0.456608891
-0.287552327,0.251550972,-0.424585789,0.38708955
-0.374093056,0.157626554,-0.549584568,0.245286167
-0.394791335,0.035957627,-0.590260208,0.0661596581
-0.328242868,-0.0876910761,-0.512474477,-0.122555882
-0.183930457,-0.190446451,-0.304041684,-0.294517875
-0.00310904672,-0.254341066,-0.0175505597,-0.402534068
0.153702378,-0.267245293,0.230516866,-0.422280818
0.229101732,-0.224428535,0.352207184,-0.358516634
0.192636624,-0.131112412,0.310258806,-0.223331809
0.0559428558,-0.00446145004,0.0986609682,-0.0196859334
-0.12828438,0.127578974,-0.201647326,0.203741863
-0.284601808,0.23234646,-0.428588361,0.356287301
-0.344020277,0.282621056,-0.498043358,0.418832958
-0.272389948,0.267159969,-0.412441313,0.414544404
-0.0857630149,0.196452662,-0.145469412,0.330708474
0.154540166,0.0998241901,0.244861916,0.172609583
0.365938097,0.0138045382,0.555144906,0.0199604817
0.478024542,-0.0337593481,0.67995733,-0.0573256575
0.461281598,-0.0364958867,0.665421426,-0.0633040518
0.338561863,-0.0124991797,0.529205143,-0.0295142755
0.174146324,0.00490309624,0.294262141,0.000817340973
0.0450453386,-0.0150286285,0.0804546997,-0.0266016349
0.00719799893,-0.0824561343,0.011154389,-0.131566554
0.071631521,-0.178098321,0.108408816,-0.283993244
0.201232105,-0.258926302,0.301760346,-0.401266336
0.329441339,-0.276882857,0.473955959,-0.413325548
0.392151982,-0.202368081,0.566181839,-0.306494713
0.357974231,-0.0412176587,0.546453893,-0.0786139667
0.242768154,0.163646147,0.390438884,0.240556717
0.101636305,0.347732931,0.165326238,0.520872295
0.00210810476,0.451293737,0.0126655772,0.652910173
-0.00887597911,0.444618493,-0.00621051854,0.651358724
0.0714653581,0.340652376,0.113116957,0.532457829
0.198990971,0.189010367,0.317003042,0.307749212
0.30238089,0.054109361,0.475740463,0.0868225917
0.316531628,-0.0125111258,0.496165663,-0.0271960553
0.214230746,0.00690640975,0.354827791,-0.000868018193
0.0213235263,0.091320686,0.0469545797,0.139559999
-0.191978857,0.193205118,-0.295524836,0.30245477
-0.340148479,0.26157251,-0.494718999,0.389315248
-0.358994424,0.264527023,-0.520365715,0.394777536
-0.233745903,0.201132506,-0.368945032,0.326650888
-0.00629089307,0.0981432498,-0.0178199094,0.176113501
0.241375193,-0.00537686376,0.379249692,-0.00338525884
0.420015186,-0.0770660564,0.615761697,-0.119844362
0.468049347,-0.104516409,0.665621698,-0.157907441
0.373919666,-0.0971221104,0.568044901,-0.157466024
0.17740804,-0.0770640373,0.299756944,-0.1359106
-0.0492205136,-0.0653113574,-0.0724542812,-0.114331469
-0.231022269,-0.0704066306,-0.369514883,-0.110981517
-0.318157732,-0.0855723098,-0.497298986,-0.125751451
-0.300816119,-0.0948203281,-0.476275891,-0.140913457
-0.206957832,-0.0839745328,-0.343891978,-0.129884139
-0.0861376598,-0.0502744131,-0.151746005,-0.0812644437
0.012119038,-0.00545361778,0.0159789547,-0.00954363495
0.0560510792,0.0290574096,0.0950355232,0.0456254818
0.0394063219,0.0320316553,0.0699473545,0.052332744
-0.0216554962,-0.00766454358,-0.0306923669,-0.0113137132
-0.0987852812,-0.0858464912,-0.159444779,-0.137338221
-0.0354604088,0.156025797,-0.0744531602,0.2411028
-0.128812924,0.326862305,-0.184323207,0.499179095
-0.199478924,0.412245154,-0.279546022,0.598526776
-0.215235889,0.37442106,-0.309161782,0.558278441
-0.16305396,0.227409482,-0.253171325,0.373714834
-0.0555736497,0.0312711634,-0.0933561027,0.068022646
0.0732389092,-0.134680063,0.114901558,-0.215201467
0.181844324,-0.207252204,0.280793518,-0.333408237
0.238287687,-0.166819915,0.369817704,-0.273988277
0.232879013,-0.0442910157,0.374410957,-0.084524706
0.180471361,0.095013544,0.296468198,0.142699838
0.111407116,0.182239696,0.188347548,0.290153891
0.0558006503,0.175736755,0.0979411975,0.289724499
0.0291640293,0.0775588974,0.0544413961,0.136996239
0.0266638994,-0.0708838329,0.0465055443,-0.111051865
0.028790582,-0.21046865,0.0451026782,-0.338913888
0.0151958866,-0.29194662,0.0208114088,-0.460951716
-0.0209518224,-0.296298712,-0.0372166373,-0.471152306
-0.0661729723,-0.239254266,-0.11115776,-0.38977164
-0.0916458592,-0.159581065,-0.155537307,-0.263561904
-0.0679114759,-0.0983344093,-0.118084028,-0.162173524
0.0180706773,-0.0796217248,0.0231358483,-0.129682377
0.152543321,-0.101459473,0.24389939,-0.163041547
0.297251076,-0.139568686,0.455674738,-0.219393939
0.404186785,-0.160708413,0.589523494,-0.243520543
0.436242461,-0.138419837,0.628846347,-0.209515497
0.384043694,-0.0641922727,0.577839375,-0.109116443
0.270826012,0.0497108139,0.433738142,0.0648045689
0.142794847,0.175363481,0.237341955,0.272064984
0.0492415912,0.278885454,0.0843650773,0.437992662
0.0214543827,0.330720037,0.0380676128,0.51524663
0.059914805,0.313603282,0.0968349352,0.494264305
0.135320351,0.227041081,0.218772739,0.368338019
0.202616513,0.0881867483,0.331882536,0.147916317
0.221493199,-0.0708222538,0.362098843,-0.11234396
0.174255729,-0.209156901,0.28076914,-0.333931714
0.073544614,-0.286888808,0.116843045,-0.456952065
-0.0429404341,-0.276233733,-0.0690395832,-0.444195867
-0.128025755,-0.171175256,-0.213118643,-0.284002721
-0.144274414,0.00850659329,-0.245997518,0.00729037588
-0.0791290179,0.221560881,-0.134084627,0.354240447
0.0496781878,0.417603225,0.0714816973,0.615532696
0.200174436,0.553429246,0.26517722,0.717460692
0.321175277,0.606934845,0.385023504,0.710020363
0.370782167,0.582797587,0.440286666,0.674542308
0.331801802,0.507527351,0.433407724,0.6426
0.218627304,0.416321248,0.325689524,0.590821862
0.0729138628,0.337920427,0.126288816,0.518347979
-0.0508971885,0.284376949,-0.0708636791,0.448372483
-0.105531283,0.249889776,-0.163528651,0.401414335
-0.0692693889,0.21813342,-0.112350143,0.357730508
0.0443670154,0.173334658,0.070182167,0.289214015
0.190149903,0.108963288,0.307039917,0.180304825
0.30759877,0.0299174171,0.481988132,0.0464624763
0.344676793,-0.0518219844,0.532848895,-0.083811827
0.279378623,-0.12438225,0.443734854,-0.200236201
0.129850835,-0.181185827,0.217725545,-0.298640132
-0.0520901456,-0.221221492,-0.080355078,-0.36127165
-0.20212476,-0.245173231,-0.317066878,-0.382193148
-0.270515144,-0.251167744,-0.417909235,-0.377349347
-0.243046597,-0.23418887,-0.384954035,-0.356169552
-0.146003425,-0.190518409,-0.246406958,-0.303671122
-0.0325219035,-0.124583825,-0.0638350248,-0.206184834
0.0434326902,-0.0530002862,0.0681336448,-0.0925983414
0.0529386029,-0.00136443251,0.0904061496,-0.00556841539
0.00502575049,0.00655522663,0.0130144255,0.0107349837
-0.0599899776,-0.0375742465,-0.0956331417,-0.0595515743
-0.0935098156,-0.11806187,-0.154978171,-0.189533964
-0.0662065819,-0.19802843,-0.11511302,-0.317024976
0.0143730463,-0.234438017,0.0135590732,-0.376338512
0.105855927,-0.199071839,0.161580861,-0.326464474
0.152326569,-0.0947950259,0.244318023,-0.165439621
0.114169776,0.0423686057,0.191874772,0.0580055527
-0.00916263741,0.158130169,-0.00767971622,0.25231728
-0.175890341,0.205556169,-0.267007351,0.329639345
-0.320621431,0.168729991,-0.481422096,0.268381536
-0.385907501,0.0717578009,-0.575732648,0.120797038
-0.350399852,-0.0326050892,-0.541679978,-0.0379086472
-0.238751233,-0.089802362,-0.390723556,-0.135264516
-0.107785247,-0.0722266138,-0.187158555,-0.117990576
-0.0160227437,0.00550109707,-0.0317206345,0.0065559228
0.00727783795,0.093607232,0.0145404804,0.151011094
-0.0231683683,0.133787096,-0.0313979611,0.221069068
-0.058480408,0.091779016,-0.0905296057,0.159203753
-0.045034796,-0.0216214489,-0.0747643635,-0.0267915241
0.04228203,-0.153190926,0.0633036271,-0.244473815
0.181411445,-0.233363211,0.275688738,-0.368358612
0.310187489,-0.212829053,0.46071741,-0.331420422
0.356706828,-0.090381816,0.538690329,-0.152611494
0.277857512,0.0834558457,0.444369912,0.11431466
0.0858126581,0.230182558,0.152031735,0.358587265
-0.152179435,0.283080161,-0.219830453,0.442038208
-0.341952324,0.222587913,-0.498277307,0.342487037
-0.405352175,0.0883722156,-0.597638309,0.14527075
-0.316896319,-0.0392586216,-0.501641512,-0.0469425991
-0.115961112,-0.0801056996,-0.205414236,-0.124762058
0.111540042,0.00337601732,0.170554474,0.000232161896
0.272820324,0.183709964,0.420817524,0.272357941
0.309629917,0.378426611,0.444185853,0.520271599
0.22145167,0.488463163,0.315742165,0.65680027
0.0602098219,0.446451575,0.104508474,0.645336807
-0.0992391631,0.251164377,-0.1413818,0.410745353
-0.196763396,-0.0289520044,-0.312204957,-0.0297357533
-0.213574424,-0.285061508,-0.333256185,-0.423699051
-0.17543444,-0.415978402,-0.265737146,-0.598221004
-0.132843196,-0.37213099,-0.2101046,-0.561732411
-0.130397305,-0.175222278,-0.218345568,-0.294569761
-0.182246834,0.0943186507,-0.298339725,0.14038609
-0.266143054,0.334451526,-0.386290908,0.490376204
-0.33783257,0.464599907,-0.435250193,0.619108856
-0.356575251,0.454817742,-0.457932591,0.605944276
-0.307225585,0.329564869,-0.437901706,0.490010262
-0.20715785,0.147744849,-0.329871982,0.252849907
-0.0953197852,-0.0283754095,-0.160633892,-0.0355776362
-0.0106092561,-0.159202352,-0.0197892748,-0.256899953
0.027887594,-0.237516925,0.0409436375,-0.383567333
0.0281547848,-0.280403554,0.039801348,-0.446571648
0.0170307383,-0.311139375,0.0204127245,-0.487393141
0.0223953668,-0.342561781,0.0268204827,-0.528101683
0.0566334613,-0.370537758,0.0769862011,-0.561628401
0.110773474,-0.379057854,0.155728474,-0.569267511
0.161918357,-0.351686507,0.23535119,-0.534620106
0.18863301,-0.281434476,0.285246134,-0.442790836
0.184482351,-0.173577249,0.290748805,-0.288172871
0.161410704,-0.0413849317,0.263759017,-0.0785664916
0.141072288,0.10060548,0.230213895,0.155281648
0.139676005,0.240209699,0.224240988,0.374772519
0.15596433,0.365710855,0.238756701,0.545043468
0.170209959,0.460985303,0.245752722,0.645280063
0.155583203,0.503299534,0.223134637,0.686038971
0.0957205221,0.468423396,0.149306998,0.664382994
-0.00179035612,0.342857182,0.0112132225,0.533009946
-0.104526445,0.137241974,-0.159098566,0.237068564
-0.168691784,-0.10776674,-0.270034283,-0.16188699
-0.160626754,-0.329422832,-0.252041072,-0.4909091
-0.0752458945,-0.463943183,-0.121102177,-0.659808874
0.0585720055,-0.472273529,0.0670671761,-0.673490584
0.189055353,-0.358114809,0.267879575,-0.543422282
0.264016241,-0.168230534,0.403551161,-0.277214766
0.253824383,0.0266978666,0.406615824,0.0285271984
0.163809463,0.162468404,0.275011808,0.253106445
0.0305236671,0.208529815,0.062037956,0.33676374
-0.0955707133,0.178470477,-0.146158934,0.295842946
-0.171975017,0.118536063,-0.27524671,0.199844629
-0.180053145,0.0801333487,-0.295956284,0.136406183
-0.128307655,0.0907084569,-0.215387613,0.151114017
-0.0432856269,0.138418227,-0.0752745941,0.228546649
0.0455540083,0.178905949,0.0753293037,0.294240713
0.118538737,0.160844192,0.194488555,0.263526797
0.170138404,0.0568181723,0.282854587,0.0981177166
0.20449248,-0.117035553,0.33207956,-0.182945743
0.226643354,-0.30367443,0.342946798,-0.458327502
0.235858098,-0.429677755,0.326074094,-0.60983628
0.225332484,-0.439854801,0.308081657,-0.625523567
0.188077465,-0.324705422,0.278366208,-0.503485262
0.124709748,-0.126877904,0.19971703,-0.224818915
0.0476096757,0.0768180713,0.0808466077,0.116676234
-0.0218870044,0.20920755,-0.0308946948,0.337484747
-0.0623510294,0.22612524,-0.0939600617,0.370063275
-0.0625295117,0.133758903,-0.0973702818,0.229635537
-0.0273400266,-0.0173756443,-0.0450317226,-0.0195986871
0.0238763094,-0.157663316,0.0360084847,-0.253642797
0.0661444664,-0.229811013,0.100635923,-0.372396737
0.0802496001,-0.211513549,0.123815164,-0.347832322
0.061024487,-0.119909957,0.098029539,-0.207241088
0.0186045375,0.00198421651,0.03068153,-0.00429025386
-0.0275443252,0.108067751,-0.0446583331,0.17527993
-0.0584365949,0.169037089,-0.0914249718,0.278581262
-0.0642533824,0.18038024,-0.101607658,0.298937082
-0.0479958169,0.156845793,-0.076223895,0.262998372
-0.0230476428,0.119003989,-0.0373485275,0.200002059
-0.00654640887,0.080814302,-0.00932738092,0.135998011
-0.0120172501,0.0450788252,-0.0161477886,0.0757424608
-0.0443497598,0.00796547811,-0.0710609406,0.014031441
-0.0985033065,-0.031985037,-0.161215529,-0.0499593541
-0.161509365,-0.0674305931,-0.264000446,-0.107360989
-0.216377035,-0.0833611637,-0.349124551,-0.132344753
-0.246592611,-0.0656046867,-0.397550255,-0.102409981
-0.240473732,-0.0114745274,-0.392741889,-0.0164507609
-0.194927871,0.0645056814,-0.321863651,0.106244624
-0.117849439,0.134346381,-0.19678846,0.222503722
-0.0278681964,0.16890277,-0.0456550084,0.280157983
0.0497478172,0.152617514,0.0828083679,0.256306052
0.0909775198,0.0926153809,0.154369667,0.155664489
0.0825389773,0.0166497864,0.140884593,0.028711563
0.0289799757,-0.0397921503,0.051133018,-0.0675455183
-0.0467651933,-0.0510190688,-0.0770224482,-0.0878827572
-0.11121203,-0.0143390717,-0.18441917,-0.0255384017
-0.134424478,0.0480573662,-0.224872917,0.0798006132
-0.104473837,0.0998079181,-0.176355734,0.166690245
-0.0350385234,0.108459286,-0.0593802407,0.184881404
0.0387105234,0.0618362427,0.0655896291,0.107887916
0.0754316524,-0.0255783126,0.128821686,-0.0399373062
0.0477644429,-0.119475871,0.0816573203,-0.197317034
-0.0423247628,-0.182305664,-0.0658783242,-0.300341994
-0.161223292,-0.191264495,-0.257974982,-0.308323175
-0.256759375,-0.148734212,-0.408160061,-0.235653087
-0.281478971,-0.0801129639,-0.448999673,-0.123587824
-0.21537146,-0.0203637928,-0.357528746,-0.0286133066
-0.076876767,0.00379472831,-0.136375874,0.0116264913
0.0837811157,-0.0129088629,0.13371253,-0.0166673362
0.206419811,-0.0522123463,0.33368668,-0.0857621506
0.247823998,-0.0822329521,0.3965258,-0.136599749
0.200964108,-0.0743208379,0.329860091,-0.128689334
0.0972686261,-0.0184559077,0.166571081,-0.0396483354
-0.00909283478,0.0703845844,-0.0122918915,0.110848576
-0.0672103688,0.157989934,-0.109812111,0.258903027
-0.0531010516,0.206055343,-0.0857618526,0.338967234
0.0202082824,0.189536631,0.0331486315,0.314942718
0.110551879,0.108153962,0.183861062,0.185088277
0.167965755,-0.0131227085,0.279156983,-0.016886577
0.158663914,-0.134566411,0.260938078,-0.218864933
0.080053404,-0.218125835,0.131011561,-0.355078548
-0.0398255959,-0.242283896,-0.0630930662,-0.394447416
-0.157078639,-0.208914533,-0.252703577,-0.337439239
-0.232792154,-0.139697015,-0.374495298,-0.222961113
-0.24946402,-0.0645524859,-0.403669596,-0.100946963
-0.215640038,-0.00806224812,-0.355604738,-0.00950742327
-0.157870874,0.0196662173,-0.263358474,0.0370503552
-0.10546954,0.023815738,-0.176614225,0.0427358896
-0.0765337199,0.0178297199,-0.127470732,0.0322186984
-0.072053045,0.0129316188,-0.120378643,0.021503998
-0.0799200982,0.0101770144,-0.133050308,0.0181322247
-0.0852379575,-0.000489317114,-0.141610801,0.00184208434
-0.0803836957,-0.0335420221,-0.133451894,-0.0521400608
-0.0691839904,-0.0971572027,-0.115576819,-0.1560992
-0.063448824,-0.184527636,-0.105647512,-0.295918614
-0.0745959356,-0.272592425,-0.120895579,-0.428511351
-0.105659135,-0.329948038,-0.166855767,-0.505832195
-0.148348585,-0.330866277,-0.232006937,-0.506058097
-0.186629534,-0.268723309,-0.296336472,-0.42077738
-0.204505518,-0.161723152,-0.332019866,-0.260805309
-0.193503112,-0.0470606275,-0.32083419,-0.0769422725
-0.155870155,0.0347669534,-0.260880113,0.0600547716
-0.102216393,0.0585940555,-0.170535609,0.102892935
-0.045530811,0.0271328352,-0.0770571455,0.0507946312
0.00467052497,-0.0293204691,0.0069849873,-0.0440458022
0.0448230952,-0.0668743104,0.0737278908,-0.112259202
0.0755476952,-0.0497790687,0.123437129,-0.0875877813
0.0974744335,0.030369075,0.1607548,0.0439958759
0.107895017,0.147734538,0.177158564,0.23444432
0.100796327,0.252001047,0.165475309,0.396610111
0.0705454499,0.29115358,0.118396401,0.458427519
0.0170405898,0.236976296,0.0379429162,0.38585344
-0.0509953834,0.100982822,-0.0743770301,0.176266372
-0.117039263,-0.0675322711,-0.189298317,-0.102763303
-0.162210375,-0.201381922,-0.26132521,-0.316201806
-0.172736883,-0.244725168,-0.278277546,-0.384333521
-0.145836741,-0.178260386,-0.244110793,-0.290429145
-0.0911355093,-0.0285030585,-0.161705106,-0.0529020466
-0.0269799065,0.143439949,-0.0498860478,0.230676219
0.0265038591,0.26858449,0.0446978398,0.426013827
0.0543443374,0.29997766,0.093549706,0.472879112
0.0507208444,0.232104331,0.0897480026,0.378452212
0.0188480262,0.101239711,0.0391833894,0.174802348
-0.0323051065,-0.0326770172,-0.0482232235,-0.0493097305
-0.0921970606,-0.113473304,-0.151499003,-0.185809687
-0.151620924,-0.1124129,-0.249607936,-0.185759291
-0.203419253,-0.0376069248,-0.333403707,-0.0632010475
-0.241643623,0.0738349557,-0.389188468,0.117393926
-0.260694951,0.175445542,-0.406629711,0.276611298
-0.255750865,0.232220367,-0.391150355,0.363259584
-0.224668115,0.232589215,-0.347616225,0.369806945
-0.170302466,0.187152177,-0.271082669,0.308176905
-0.101606175,0.117191866,-0.167635083,0.201650321
-0.0323095173,0.0410533845,-0.0549528413,0.0732495785
0.0227951016,-0.0333857499,0.0374363884,-0.0526524857
0.0526567921,-0.106541269,0.0887632072,-0.175906882
0.0538881421,-0.178105623,0.0873458907,-0.291205317
0.0321356356,-0.238523155,0.0495614819,-0.385499746
0.000296844577,-0.268083185,-0.00228880742,-0.427791148
-0.0257392339,-0.245930225,-0.045717068,-0.399050087
-0.0322559997,-0.164638519,-0.0593216121,-0.275491267
-0.0120123569,-0.0415002406,-0.0255273525,-0.0757510513
0.0336163789,0.0817665532,0.052123379,0.131679848
0.0951515436,0.153469309,0.155149668,0.250460118
0.15786092,0.135147631,0.258387774,0.222683042
0.206038073,0.0222851615,0.33884421,0.040954601
0.227492213,-0.148912311,0.365960479,-0.234481722
0.216984496,-0.314021349,0.328813702,-0.4762927
0.17757988,-0.40795821,0.255012304,-0.597439349
0.119429536,-0.39516905,0.169571102,-0.594192922
0.0563157834,-0.287671536,0.0818439499,-0.463385761
0.00115897413,-0.141250283,-0.00286643836,-0.2425818
-0.0377839729,-0.030434614,-0.0649035573,-0.0543021001
-0.0584765635,-0.0134357559,-0.0972109213,-0.0173842218
-0.0638348162,-0.103646956,-0.104748629,-0.162965402
-0.0584629066,-0.261695504,-0.0957336575,-0.408197671
-0.0453481413,-0.412443221,-0.0738436058,-0.608142436
-0.0246051271,-0.479356617,-0.0453859419,-0.681957483
0.00475610513,-0.42017737,-0.00172748207,-0.626039684
0.040959958,-0.247029305,0.0544788204,-0.404967874
0.0760499835,-0.0214378573,0.11853388,-0.0484615974
0.0957780033,0.173346341,0.158044904,0.275232702
0.0841507167,0.269623607,0.140030339,0.42517513
0.0312837511,0.244679987,0.0603667721,0.395010561
-0.0592577234,0.128945112,-0.0869417861,0.220848531
-0.168126479,-0.010286957,-0.270187348,-0.00957668014
-0.265480936,-0.101247668,-0.419217706,-0.154824525
-0.32270357,-0.100662723,-0.503634334,-0.153324202
-0.325522691,-0.0121112615,-0.511717439,-0.0179225672
-0.281845778,0.117983051,-0.447642237,0.18584086
-0.219420016,0.223783225,-0.343079627,0.354153395
-0.17321749,0.251155555,-0.268721372,0.401494235
-0.167948529,0.181868941,-0.261874408,0.299797893
-0.20438309,0.040323928,-0.324128151,0.0759416819
-0.257128298,-0.119099945,-0.405289739,-0.178801015
-0.286230326,-0.237077475,-0.438749552,-0.352526218
-0.257840782,-0.274705887,-0.400541902,-0.411182433
-0.163875163,-0.227997825,-0.272987753,-0.360844523
-0.030129211,-0.126124442,-0.0623487122,-0.211984396
0.092588596,-0.0157435741,0.145749658,-0.0299217552
0.151325777,0.060355626,0.251548976,0.0930246189
0.117302261,0.080465503,0.200758949,0.129612565
0.00246162503,0.0501516201,0.0145137142,0.0833604336
-0.142949045,-0.00382499769,-0.228277147,-0.00325164711
-0.251935899,-0.0476492718,-0.402105927,-0.0707847401
-0.271913409,-0.055579938,-0.436569005,-0.083017163
-0.190516517,-0.0196035691,-0.320499212,-0.0286705233
-0.0430242606,0.0495417863,-0.0815434828,0.0850063711
0.103087187,0.129021898,0.164117098,0.209920719
0.17978096,0.194303036,0.291459411,0.305839419
0.151391342,0.228566781,0.250040799,0.357866824
0.032902237,0.227727458,0.0666837543,0.36571157
-0.115579396,0.200029671,-0.173228741,0.323326737
-0.215908185,0.161428481,-0.339324147,0.262874693
-0.207894757,0.129148766,-0.335781068,0.214829937
-0.0772874206,0.115810774,-0.135661811,0.199564442
0.137250707,0.125702485,0.215506047,0.208669424
0.361038446,0.153781861,0.539486766,0.227136984
0.515751839,0.187239423,0.697556913,0.242139816
0.551982939,0.209037423,0.720339417,0.259695202
0.467350066,0.202615529,0.654725313,0.272642255
0.303106248,0.156746566,0.478607267,0.233766586
0.122650184,0.069341667,0.214008287,0.113720424
-0.0165769644,-0.050975211,-0.0202253852,-0.081111595
-0.0844124705,-0.186270773,-0.139371857,-0.295770347
-0.0838370025,-0.313565195,-0.137772948,-0.481636852
-0.041177351,-0.410800278,-0.0694710985,-0.607677996
0.0119252,-0.462612063,0.00683255773,-0.664365649
0.0543530174,-0.463962466,0.0686535165,-0.666722
0.0814672783,-0.420454353,0.111615628,-0.622108817
0.0999765545,-0.345453799,0.145397604,-0.532117069
0.11691875,-0.255388677,0.178583547,-0.412732899
0.130776063,-0.165206596,0.207162604,-0.275102198
0.13067314,-0.0856687352,0.212613076,-0.147379562
0.104131684,-0.0231017135,0.174663365,-0.0432899967
0.0482842736,0.0190352295,0.0837424025,0.0285011064
-0.0229736846,0.0382444337,-0.0348505601,0.0637094527
-0.0813253298,0.0322185308,-0.131603852,0.056407515
-0.0958990082,-0.000138065443,-0.160158381,0.00467409706
-0.0490375608,-0.0564187579,-0.0866991952,-0.0880141184
0.052377101,-0.128599867,0.0796081945,-0.208394796
0.17661579,-0.202710256,0.274713248,-0.3224518
0.278980225,-0.261190563,0.41563043,-0.399324745
0.320828617,-0.287593693,0.466639906,-0.427488118
0.286928713,-0.272067994,0.428083718,-0.415625095
0.19291316,-0.215472758,0.303466082,-0.348665297
0.0792534575,-0.130298585,0.131831735,-0.223759338
-0.00550330849,-0.0376867242,-0.00955551304,-0.0680059865
-0.0246159118,0.0386965163,-0.0451515764,0.0635817721
0.0326024145,0.0799629837,0.0504506677,0.13454704
0.147952184,0.078026481,0.239262536,0.1317963
0.283300549,0.0382922441,0.446303964,0.0608187653
0.396529257,-0.0219232552,0.593172669,-0.0366379432
0.457157135,-0.0787621215,0.657068849,-0.121171713
0.455320895,-0.109286323,0.651199579,-0.164614707
0.401484132,-0.0986995548,0.596976578,-0.156980172
0.318592817,-0.045118276,0.496893555,-0.0812011212
0.231321469,0.0395280235,0.376233637,0.0535945855
0.157415748,0.132698342,0.260010362,0.207404897
0.104175799,0.207558885,0.173025578,0.330648392
0.0701442063,0.240546718,0.116715223,0.385157913
0.0496619642,0.217991918,0.0851149037,0.355367482
0.0371929966,0.139944375,0.06600146,0.236385792
0.0292741768,0.0202155225,0.0520312451,0.0390237495
0.0238339324,-0.117231958,0.0401819125,-0.190929621
0.0182986017,-0.244378939,0.0276415534,-0.389371008
0.00850257836,-0.335931867,0.00754429819,-0.517897308
-0.010265694,-0.37494576,-0.0210896712,-0.570289135
-0.0402327217,-0.355951041,-0.0667482913,-0.547860205
-0.0777067244,-0.285099447,-0.128208309,-0.45482561
-0.111436784,-0.177725047,-0.187635273,-0.293420851
-0.12441472,-0.0543274954,-0.210149631,-0.0942319483
-0.0992891416,0.0638287365,-0.168737903,0.104317702
-0.0257887114,0.158514068,-0.0462941863,0.263244778
0.0927237272,0.21717149,0.146451965,0.350960135
0.236613542,0.234245405,0.365990788,0.364351422
0.373169392,0.211305454,0.551327527,0.307620466
0.465434253,0.156139433,0.658473849,0.21482645
0.484130383,0.0809824914,0.685504735,0.108361349
0.418498009,9.66868756e-05,0.623705983,-0.00615177723
0.281717926,-0.0729267895,0.45252195,-0.121953942
0.108206317,-0.127574459,0.184948757,-0.215580925
-0.0569814257,-0.157889053,-0.0897255912,-0.261999905
-0.173191622,-0.162585855,-0.280782223,-0.261282712
-0.218100563,-0.143855602,-0.353725135,-0.227128342
-0.195005223,-0.105478302,-0.32157281,-0.167453647
-0.13035132,-0.051236406,-0.222902626,-0.0818909705
-0.0623013452,0.0154971424,-0.10827785,0.0256504025
-0.0249661189,0.0907524526,-0.0413156375,0.148686856
-0.0348945372,0.168189064,-0.0545373559,0.273257017
-0.0855153874,0.237892702,-0.130931884,0.379513055
-0.151720926,0.287103325,-0.228342086,0.44846338
-0.20220688,0.303430974,-0.302687675,0.466584533
-0.213673785,0.279758215,-0.324136555,0.435394436
-0.180265367,0.218771204,-0.284219235,0.354572713
-0.114083678,0.134632826,-0.187092334,0.228502408
-0.0371106789,0.050131537,-0.0617819428,0.0900593996
0.0308391415,-0.0104741305,0.0501222685,-0.0158527549
0.0815991461,-0.0305292327,0.134260908,-0.0531524941
0.120518744,-0.00821187161,0.198732436,-0.0167453978
0.159852535,0.0415981859,0.261321306,0.0629949942
0.207525119,0.0923376232,0.335187614,0.144221246
0.257891625,0.116200112,0.410967976,0.180968091
0.29036814,0.0958863944,0.458870173,0.147215813
0.277787715,0.0325678438,0.44626382,0.0488821417
0.201031148,-0.0537149683,0.334665418,-0.0898716822
0.062634021,-0.13181445,0.110605791,-0.220422119
-0.108196184,-0.172330633,-0.171629339,-0.282741368
-0.263050854,-0.160057321,-0.413579941,-0.25065434
-0.352218777,-0.100534014,-0.541901231,-0.150370762
-0.345588505,-0.0177706014,-0.538621306,-0.0226606373
-0.247060657,0.0558357611,-0.40245074,0.093570374
-0.0953656733,0.0928669795,-0.163659245,0.158962041
0.0499533899,0.0816215947,0.081149511,0.141412452
0.131969497,0.0296955854,0.219815359,0.0500070713
0.119419463,-0.0406638905,0.204700842,-0.0688049942
0.0195406396,-0.102687769,0.0389041193,-0.174262762
-0.124816909,-0.13565132,-0.199916393,-0.22422646
-0.252607107,-0.131117299,-0.401289403,-0.207436085
-0.309235781,-0.0927050039,-0.486397088,-0.141100377
-0.268283069,-0.0307142884,-0.434943318,-0.0450604707
-0.14163439,0.0445775539,-0.243898049,0.0777153522
0.0256356318,0.126909852,0.0351367444,0.210361227
0.173034802,0.213355228,0.274380654,0.33639887
0.247648537,0.300098151,0.377885133,0.445876658
0.223346263,0.378147304,0.336564749,0.544987023
0.109229267,0.432639182,0.171706408,0.624096036
-0.0551055782,0.447275996,-0.0650490299,0.64670974
-0.214850754,0.412202001,-0.294103771,0.595600188
-0.319566369,0.331129402,-0.450939566,0.485737234
-0.339800507,0.223296955,-0.502943933,0.343532234
-0.275200486,0.118176453,-0.433773428,0.198662266
-0.152055442,0.0445868969,-0.256302744,0.0815488771
-0.0120799905,0.0190312192,-0.0274430048,0.0349868238
0.102880172,0.0388594568,0.167217314,0.0609762706
0.164546669,0.0837360695,0.271041453,0.131740376
0.165699109,0.124867454,0.273308367,0.197967172
0.11944288,0.137608454,0.203632131,0.222079441
0.0513717793,0.111443505,0.0910416171,0.185896471
-0.0117273163,0.0527988486,-0.014533381,0.0890764743
-0.0519608222,-0.0200932045,-0.0839474425,-0.0301847532
-0.0653736666,-0.0870116875,-0.110233784,-0.139413267
-0.0604499727,-0.134819999,-0.103722557,-0.219735965
-0.0514221601,-0.161212251,-0.0876241103,-0.263482004
-0.0499145128,-0.171851411,-0.0842417181,-0.28147465
-0.0589891411,-0.173468783,-0.0988066122,-0.284291536
-0.0723263398,-0.167697802,-0.122082636,-0.274828613
-0.0786710829,-0.149729773,-0.132513374,-0.245937362
-0.0690422356,-0.112726919,-0.118216164,-0.188411549
-0.0428150818,-0.0551733598,-0.0759351701,-0.0939423889
-0.0093577439,0.013767669,-0.0190716367,0.0195808187
0.0158240404,0.0749640465,0.0258842576,0.12273185
0.0186230429,0.106722429,0.0344576724,0.177632347
-0.00624846341,0.0954260454,-0.00529090036,0.160290599
-0.0518193394,0.043588236,-0.0818650723,0.075256668
-0.101342708,-0.0295919161,-0.167138204,-0.0452141054
-0.135673314,-0.0962547213,-0.223781407,-0.154487714
-0.142012432,-0.132837921,-0.236249983,-0.213611066
-0.11975985,-0.131340295,-0.201032698,-0.214587554
-0.0806360245,-0.102819309,-0.138102725,-0.170809925
-0.0430944152,-0.071005784,-0.0764041841,-0.118142419
-0.0238625966,-0.0592147484,-0.0407852419,-0.0998897552
-0.0307897832,-0.0774752051,-0.0502625704,-0.126949057
-0.0603743643,-0.11686264,-0.0986920148,-0.192091674
-0.1008607,-0.154244259,-0.16627869,-0.249716014
-0.138954401,-0.16501531,-0.227731138,-0.265790254
-0.166485175,-0.136975124,-0.272844911,-0.22365135
-0.183591798,-0.0777336583,-0.303019226,-0.127124578
-0.197006747,-0.0114440853,-0.322916448,-0.0171262529
-0.214658305,0.0335760824,-0.347102821,0.0579488203
-0.239683822,0.0397788063,-0.381849498,0.0689612329
-0.267123967,0.00984945521,-0.423364222,0.022723753
-0.285044104,-0.0344289131,-0.452139139,-0.0472635888
-0.279491603,-0.063343361,-0.445128977,-0.0929573774
-0.240796044,-0.0544995777,-0.391494721,-0.0839684233
-0.168187439,-0.00407851301,-0.282207638,-0.00632704003
-0.0706993043,0.071686931,-0.122049846,0.119773299
0.0357985087,0.145216003,0.0550269373,0.239009604
0.133848414,0.191394642,0.216594741,0.309082478
0.20956631,0.198912129,0.335131705,0.313876092
0.255760133,0.173311114,0.404049873,0.269883364
0.272255957,0.130913779,0.430920631,0.203617543
0.263954729,0.0880322978,0.422574818,0.135639653
0.237880275,0.0523416363,0.385855377,0.0795267299
0.200492576,0.0215716045,0.329132766,0.0323424824
0.156064227,-0.0101787541,0.259859622,-0.0191558786
0.106354356,-0.0432465523,0.178083062,-0.0728935301
0.0514394082,-0.0671924353,0.0868449658,-0.113433704
-0.00862265378,-0.0641874075,-0.0140638128,-0.110563628
-0.0717783943,-0.0201682076,-0.120890856,-0.0370748192
-0.132349923,0.0625370815,-0.218037128,0.100198857
-0.180740386,0.159485742,-0.28941521,0.256305188
-0.205287606,0.230735183,-0.318866253,0.364981472
-0.196344569,0.238535061,-0.303063154,0.382252336
-0.151443079,0.167969763,-0.241381213,0.281809717
-0.0792592093,0.0393971838,-0.131492719,0.0761419311
0.000174475164,-0.0955084264,-0.00225992827,-0.150762677
0.0604530163,-0.174413159,0.0942102671,-0.285854965
0.0781201273,-0.153077334,0.124629654,-0.25830707
0.0429581143,-0.0284464639,0.0698057562,-0.0589311905
-0.170209959,0.226946607,-0.257927269,0.340445995
0.022525683,0.157695532,0.0243557487,0.286013573
0.219906986,0.0457063317,0.353147805,0.0804129019
0.342328042,-0.0699731112,0.527684689,-0.108740591
0.348993063,-0.152152479,0.530357599,-0.236987203
0.253179342,-0.18304731,0.398971736,-0.293561995
0.110197626,-0.171801716,0.182171166,-0.28818211
-0.0141200442,-0.148388341,-0.0222175326,-0.248615503
-0.0769315958,-0.147106424,-0.129477471,-0.239533737
-0.0763316229,-0.188078821,-0.130672246,-0.30208239
-0.0454086587,-0.266101629,-0.0792468414,-0.419034928
-0.0274314508,-0.352462143,-0.0481443182,-0.538611352
-0.047301434,-0.408806086,-0.0748678297,-0.606740296
-0.0958755016,-0.406095237,-0.14864409,-0.602955818
-0.135970324,-0.339170724,-0.214328736,-0.519410074
-0.126280695,-0.229668736,-0.209827244,-0.369313002
-0.0491212197,-0.115869433,-0.0923573002,-0.193794176
0.0744424164,-0.0345549025,0.11601831,-0.0590232648
0.191586494,-0.00386709208,0.310884625,-0.00663471315
0.244005293,-0.015575367,0.394948781,-0.0285461079
0.199649662,-0.040433716,0.330666333,-0.0713393986
0.0725642443,-0.0438282564,0.128119767,-0.0790731236
-0.0806345567,-0.00391151384,-0.129416376,-0.0134014729
-0.186856076,0.0766776502,-0.304078817,0.123624071
-0.192377999,0.171146676,-0.310859203,0.27596423
-0.0901835039,0.240649208,-0.148774236,0.38915503
0.0753630772,0.252238721,0.116210461,0.408666521
0.229194999,0.194147751,0.361848295,0.308922857
0.30142954,0.0814134404,0.477809042,0.128596827
0.260726273,-0.0503384881,0.424313277,-0.0826962814
0.128840789,-0.159568265,0.217295676,-0.263895571
-0.030331783,-0.21493338,-0.0456661992,-0.352241188
-0.141294956,-0.205734357,-0.230362728,-0.332301378
-0.151870787,-0.142852604,-0.256301433,-0.231601641
-0.0558651015,-0.0510959588,-0.10448467,-0.0860622376
0.106435515,0.0423251055,0.166702688,0.0683190376
0.268734694,0.117400624,0.4205378,0.182057738
0.369187027,0.165139973,0.553925931,0.239441186
0.376101941,0.185362116,0.562085569,0.266716212
0.297731996,0.181440338,0.466369748,0.272783697
0.173531905,0.156111062,0.290444404,0.24723655
0.0531491488,0.111045361,0.0963406712,0.184392795
-0.0257239062,0.0499427021,-0.0390508734,0.0873033181
-0.0505332127,-0.0177224241,-0.083444193,-0.0240706597
-0.0336614624,-0.0758830085,-0.0602219552,-0.123218402
-0.00136185274,-0.10591273,-0.00528796297,-0.174274445
0.0210312046,-0.0943441167,0.0307522099,-0.158311844
0.0200824756,-0.0404175259,0.0323714316,-0.0738901719
-0.00277169258,0.0410162769,-0.00364954979,0.0632984415
-0.0357264802,0.123731822,-0.0568111613,0.202721417
-0.0645839721,0.180337638,-0.101905353,0.295717686
-0.0795248598,0.193915352,-0.124979168,0.317582458
-0.0778938234,0.165363982,-0.12454877,0.275559455
-0.0630896464,0.112542003,-0.103118986,0.191129565
-0.0416733995,0.0613143072,-0.0682817847,0.105736725
-0.020994056,0.0327769704,-0.0366759188,0.0562232994
-0.00828402583,0.033029642,-0.0140346587,0.0546559729
-0.0105160689,0.0506949611,-0.0163159724,0.0825443864
-0.0335827731,0.0634637773,-0.0530867912,0.106232032
-0.0800270885,0.0502791591,-0.129419193,0.086219728
-0.146064967,0.00282093091,-0.237824887,0.00893351249
-0.219853103,-0.0696858168,-0.352364749,-0.106227204
-0.282910973,-0.144788653,-0.44157815,-0.217511013
-0.315173149,-0.197865501,-0.481989712,-0.295156002
-0.302108347,-0.213979259,-0.465551406,-0.320919871
-0.240907684,-0.194244832,-0.386203378,-0.300126076
-0.142815575,-0.15350534,-0.24053821,-0.245485127
-0.0302939918,-0.110948756,-0.0594975166,-0.184613764
0.069965139,-0.0792208388,0.112409785,-0.133085474
0.135353535,-0.058392223,0.22156696,-0.0981490016
0.153762534,-0.0383058861,0.253508687,-0.0686308071
0.125987634,-0.00788383,0.21235694,-0.0190467164
0.0639165044,0.0343202204,0.110194907,0.051332593
-0.0140446126,0.0751629695,-0.0186943933,0.121850185
-0.088211678,0.0915279016,-0.141938671,0.151865184
-0.141908973,0.0630466342,-0.231329396,0.108360708
-0.164217412,-0.0136242518,-0.26858741,-0.0150821321
-0.151439205,-0.117297165,-0.249570802,-0.182881296
-0.107690752,-0.207043022,-0.178725213,-0.329134792
-0.0446046852,-0.238609597,-0.0802512988,-0.383056074
0.0203590523,-0.185362935,0.0252620038,-0.307603061
0.0674534217,-0.0534484759,0.107880019,-0.100064836
0.0797571689,0.117129408,0.132832006,0.18447116
0.0485209003,0.267314672,0.0835841075,0.419383049
-0.0232739467,0.343641251,-0.0248471126,0.529429555
-0.120891064,0.321436673,-0.174266741,0.500260293
-0.221829489,0.215535879,-0.336399674,0.347789764
-0.302609801,0.073200576,-0.468583494,0.126841202
-0.345881522,-0.04753723,-0.532191873,-0.063491419
-0.34523353,-0.103828169,-0.531155407,-0.150906831
-0.306134582,-0.0859430581,-0.483762711,-0.129401892
-0.243098125,-0.0189239569,-0.396434724,-0.0288406108
-0.174591586,0.0522375479,-0.28913632,0.0881659836
-0.117726706,0.0860324055,-0.195000872,0.146084592
-0.0842920467,0.0646385029,-0.138340682,0.113221362
-0.0786957741,0.00108504167,-0.128821969,0.00753003685
-0.097580418,-0.0695568249,-0.161685005,-0.112590887
-0.130686566,-0.109754503,-0.214147136,-0.1785734
-0.162879735,-0.0994274542,-0.269045562,-0.163405553
-0.177575126,-0.0459959693,-0.293701917,-0.074613601
-0.161546335,0.0202103946,-0.268580228,0.0339426734
-0.110183939,0.0622975081,-0.185044095,0.106842764
-0.0312002879,0.0561109744,-0.0549078807,0.0992738977
0.0555676967,0.00251805922,0.0917597115,0.00859975256
0.123577416,-0.0733541623,0.202749714,-0.118650116
0.149261028,-0.1350701,0.242520481,-0.221644536
0.122481905,-0.153025463,0.200515419,-0.2546103
0.0529599376,-0.118471883,0.088098377,-0.202583864
-0.0311863571,-0.0466608442,-0.050913956,-0.0834103674
-0.0934326574,0.0318216905,-0.154454574,0.0528460443
-0.103901036,0.0864827335,-0.172816813,0.144964293
-0.0530018695,0.101012029,-0.0903807059,0.170661524
0.0429210924,0.0791862682,0.0689241812,0.137340426
0.147342533,0.0403778516,0.24009499,0.069379501
0.218894407,0.00787720829,0.354886919,0.00989597011
0.229716137,-0.00339586032,0.374406338,-0.0116892457
0.178368151,0.00652381917,0.29714787,0.00224132207
0.0910206437,0.0246120356,0.156194761,0.0356390849
0.00996816065,0.0335768573,0.0206024963,0.0542540029
-0.0254725218,0.0222248603,-0.0421588235,0.0394767784
0.00310003338,-0.00804577209,0.0035673494,-0.00968685001
0.0847302601,-0.0436882451,0.136361465,-0.0705311894
0.184026733,-0.0656614602,0.295174152,-0.108617701
0.257001251,-0.0585202351,0.407537401,-0.0991143659
0.270313889,-0.0173307136,0.430183589,-0.0356817618
0.215044215,0.0506422557,0.352368087,0.0717177838
0.109021664,0.129653111,0.186170071,0.204562753
-0.0126162991,0.202198744,-0.012475213,0.325146258
-0.113473304,0.255314946,-0.173512429,0.405937254
-0.170705676,0.283802986,-0.259334266,0.443873197
-0.182035878,0.289652169,-0.277279079,0.45100373
-0.162748948,0.278801292,-0.249720857,0.439443111
-0.135464296,0.257312179,-0.210222155,0.411991626
-0.118588358,0.228772342,-0.185072899,0.369359702
-0.119170487,0.193731129,-0.188462079,0.317771494
-0.132822767,0.150910273,-0.21083352,0.24959892
-0.14932172,0.0993283167,-0.240821108,0.167948306
-0.159742028,0.0404172055,-0.260902703,0.0724401549
-0.160849243,-0.020577237,-0.264929801,-0.0282373745
-0.154791579,-0.0744242966,-0.255903304,-0.117950425
-0.145310268,-0.109355003,-0.240213394,-0.174918666
-0.133779064,-0.114251912,-0.224073514,-0.186332658
-0.118183583,-0.0830863044,-0.199861854,-0.138482958
-0.095894672,-0.0192040037,-0.164262176,-0.0330661498
-0.0682578534,0.0626408234,-0.115068004,0.102422029
-0.0434438959,0.138446733,-0.0718072504,0.226756111
-0.0347575061,0.181880072,-0.0527533479,0.298153788
-0.0543387197,0.174223915,-0.0818342119,0.287726909
-0.105323114,0.113511391,-0.16653274,0.191428617
-0.177120015,0.0183100887,-0.285059333,0.0370240808
-0.247384056,-0.0768196285,-0.394391567,-0.115246996
-0.290866792,-0.133689955,-0.456416011,-0.203152671
-0.291393608,-0.126243815,-0.462152064,-0.193414941
-0.250929594,-0.052905865,-0.408664078,-0.0849539861
-0.190516904,0.0605908446,-0.31656757,0.0972307771
-0.141610026,0.170206144,-0.229293451,0.275305063
-0.131211549,0.231350407,-0.20463182,0.371936113
-0.167706877,0.217942625,-0.256534874,0.352117836
-0.234489515,0.134203702,-0.365098119,0.221541166
-0.295077711,0.0135667445,-0.462016165,0.0323947296
-0.30801174,-0.0951344073,-0.482193977,-0.139177904
-0.245040655,-0.148146585,-0.395918906,-0.22793968
-0.104352579,-0.124770887,-0.183714718,-0.201811627
0.0872097611,-0.0348574072,0.132704362,-0.061618194
0.283930302,0.0871807933,0.44081828,0.128822684
0.438492805,0.198546216,0.624511242,0.273926347
0.519004583,0.266603768,0.682866037,0.3377859
0.518542707,0.28133139,0.678363323,0.355873168
0.453862429,0.256607294,0.631625533,0.345999122
0.355098814,0.220830411,0.534390748,0.320113748
0.252199322,0.202248663,0.400240511,0.308257461
0.164621189,0.216234356,0.270377785,0.338239938
0.0983461663,0.259955496,0.162667453,0.408080012
0.0500300564,0.315712512,0.0832226053,0.489720374
0.0144453235,0.360006899,0.0275992732,0.549099267
-0.00981966406,0.373301327,-0.00748969708,0.568100393
-0.0197138507,0.346192449,-0.0233086739,0.536541283
-0.0119467769,0.280469656,-0.0122049749,0.449413896
0.0112716444,0.186421305,0.0233620759,0.311061293
0.039343141,0.0791013613,0.0692910999,0.136075243
0.0559053645,-0.0244329143,0.0944364518,-0.037615858
0.0462062694,-0.106803119,0.0766946003,-0.17664513
0.00533802342,-0.152324826,0.00887435023,-0.253012031
-0.0575189292,-0.150688186,-0.0958771706,-0.250604182
-0.121813595,-0.10191974,-0.202289939,-0.171219006
-0.164513007,-0.0201069489,-0.272687048,-0.0340681411
-0.170801327,0.0674866885,-0.281644076,0.110668957
-0.1409183,0.127816156,-0.23228319,0.21267426
-0.0892893448,0.134475797,-0.14658913,0.225354582
-0.0361999385,0.0801621526,-0.0598662421,0.139716879
0.00355140492,-0.0172099099,0.00702071469,-0.0218777265
0.0286811851,-0.119136751,0.04685596,-0.19448781
0.0513653979,-0.181456476,0.0794095546,-0.297085553
0.0887108371,-0.173727676,0.137866735,-0.289343297
0.150241107,-0.0941490531,0.238428637,-0.162567124
0.228547916,0.0276428331,0.363917291,0.036488574
0.299056977,0.142227665,0.463294387,0.213244051
0.330191791,0.201851591,0.50308764,0.298340172
0.299442649,0.181891859,0.468289703,0.276373744
0.207088485,0.0920525193,0.345009923,0.148906797
0.0798012018,-0.0283607934,0.14248918,-0.0458783433
-0.0388675965,-0.129108086,-0.0610954985,-0.212627187
-0.107354902,-0.172774374,-0.179122955,-0.280330181
-0.105314732,-0.152151614,-0.181334972,-0.249594912
-0.0434228629,-0.0928049162,-0.0803408623,-0.153942272
0.0416834466,-0.0396237373,0.0637816563,-0.0661070719
0.105330043,-0.0340126082,0.173733145,-0.0566064417
0.116851419,-0.0929285437,0.19472611,-0.151898667
0.0745832399,-0.199970469,0.12520726,-0.3224819
0.00598401763,-0.312716007,0.00965577457,-0.487362266
-0.0473421291,-0.382526457,-0.0760366023,-0.576281369
-0.0520095862,-0.377072692,-0.0879177675,-0.572087526
-0.000822821865,-0.294766963,-0.0139897102,-0.467768013
0.0833099186,-0.164504021,0.124194726,-0.276532769
0.159819558,-0.0313955359,0.256902725,-0.0600323975
0.192749813,0.0641401634,0.314884096,0.0982333645
0.170777217,0.10371419,0.285378069,0.165299162
0.113740064,0.0966939703,0.194596186,0.157097831
0.0614797808,0.0722250342,0.106480218,0.120414563
0.0504506193,0.0621091202,0.0839558318,0.104496174
0.0906632543,0.0832595229,0.146785036,0.136164114
0.156096414,0.12827915,0.252914786,0.205793634
0.195105493,0.16852209,0.314695805,0.264534593
0.156800419,0.167987689,0.261991441,0.268958747
0.0203596987,0.101430736,0.0474850051,0.169558614
-0.188285947,-0.0316646844,-0.293222249,-0.0460895747
-0.402349919,-0.203549862,-0.579190433,-0.284342587
-0.541439056,-0.3667337,-0.66481328,-0.43430829
-0.547833145,-0.471053958,-0.623385906,-0.519076705
-0.414261401,-0.482376963,-0.522779465,-0.588182747
-0.189231768,-0.395555854,-0.291917622,-0.572554052
0.0432481132,-0.236726537,0.048490338,-0.386179656
0.20011957,-0.0542127192,0.316150129,-0.0995169133
0.234464794,0.0984358415,0.379559308,0.145794258
0.152763322,0.180958107,0.256748468,0.285216451
0.006660135,0.179705143,0.0240753032,0.293122262
-0.135499507,0.111004747,-0.211580589,0.187563553
-0.222225249,0.0134572946,-0.356833845,0.0300455317
-0.240475759,-0.0678679273,-0.388657093,-0.101545483
-0.215176269,-0.0992909819,-0.352545947,-0.156750068
-0.188546389,-0.0714765638,-0.3108868,-0.117389008
-0.191787407,-0.00226041209,-0.315370262,-0.00458781701
-0.225363046,0.071970582,-0.362677813,0.117070146
-0.258940816,0.112963982,-0.408622205,0.182736114
-0.250910729,0.0983724371,-0.399637848,0.165669143
-0.176326379,0.0327787362,-0.291721493,0.0633321777
-0.0471336432,-0.0533140302,-0.0854259431,-0.0798492804
0.0876036882,-0.11670436,0.138243258,-0.189973548
0.163096532,-0.121518508,0.262109011,-0.203550532
0.131629452,-0.0571222343,0.219437242,-0.104656115
-0.0101055047,0.0546157211,-0.00964005385,0.0795361921
-0.213884175,0.166825071,-0.330125958,0.261791825
-0.397872359,0.227351651,-0.565587521,0.334173203
-0.48183322,0.202241525,-0.658567309,0.290906012
-0.423052818,0.0922713578,-0.619253159,0.150665835
-0.235890687,-0.0655244961,-0.38824904,-0.0881699175
0.014184163,-0.212762445,0.0083987359,-0.333928406
0.238907754,-0.294874072,0.349803448,-0.447551399
0.364284575,-0.285318881,0.516498804,-0.420352459
0.359313756,-0.197686404,0.531344533,-0.306297898
0.24415423,-0.079810217,0.39444381,-0.140579551
0.0758791193,0.00780363241,0.134184361,0.00415995391
-0.0795596763,0.019630352,-0.124151222,0.0344074629
-0.175073639,-0.0537231192,-0.284855008,-0.0786380693
-0.197573736,-0.180658892,-0.317661911,-0.27717939
-0.165626824,-0.302463621,-0.263042867,-0.457270145
-0.113611594,-0.359832406,-0.180015117,-0.543870509
-0.0720925033,-0.320154101,-0.120902449,-0.501112998
-0.0543053895,-0.193248078,-0.0962455496,-0.321693957
-0.0539418086,-0.0283618663,-0.0957940146,-0.0558927618
-0.0529373176,0.106440589,-0.0874985233,0.174706817
-0.0333188102,0.153601632,-0.0537880808,0.256563723
0.0135408333,0.0914076865,0.0253997687,0.161849633
0.0840175897,-0.0555905961,0.140714869,-0.0840595588
0.16521734,-0.225570351,0.258874893,-0.353536099
0.240488559,-0.344097316,0.348703384,-0.511825681
0.293975711,-0.354213178,0.413975209,-0.517526031
0.312834948,-0.239616394,0.461293101,-0.372397602
0.288200408,-0.0316393264,0.451253861,-0.0673069805
0.21690008,0.202536523,0.346853673,0.302520514
0.104643956,0.385416925,0.167246714,0.567986071
-0.0310111754,0.458150566,-0.030633064,0.660917521
-0.1611875,0.401542217,-0.222065419,0.594713092
-0.252149373,0.241273791,-0.377546668,0.383613288
-0.276970148,0.035983786,-0.435938746,0.0732756704
-0.22788462,-0.146337673,-0.36752066,-0.219892412
-0.122901209,-0.253790349,-0.205387756,-0.39661333
-0.00186878827,-0.267706096,-0.0139131304,-0.427837044
0.0879999623,-0.205188811,0.133434385,-0.339242011
0.111514084,-0.107045278,0.17968072,-0.184785426
0.060855072,-0.017205311,0.104353324,-0.0360352993
-0.040889401,0.0369251892,-0.0622739233,0.0592739359
-0.150367856,0.0545551628,-0.242137298,0.0919333622
-0.224079698,0.0580202937,-0.359000236,0.0979323238
-0.23826988,0.0780197084,-0.385244131,0.130311638
-0.198778093,0.135075688,-0.322549015,0.219354346
-0.136004061,0.226386681,-0.21845825,0.361810356
-0.0877540559,0.324588895,-0.133407354,0.502405584
-0.0789750665,0.389175475,-0.109942071,0.584216952
-0.108937293,0.385167807,-0.152158573,0.580007553
-0.152440593,0.300060749,-0.224783123,0.47233963
-0.174203843,0.150840297,-0.27499339,0.255494535
-0.148688078,-0.0223368146,-0.246585563,-0.0237872098
-0.0748536661,-0.172747761,-0.128315419,-0.274433494
0.0218456835,-0.266005039,0.0258425362,-0.422999769
0.101156399,-0.292336047,0.151182503,-0.460655302
0.127245903,-0.266844302,0.195972651,-0.426475912
0.085626252,-0.218502417,0.137501016,-0.358858675
-0.0104909325,-0.174209505,-0.0144216726,-0.291271687
-0.12694484,-0.146381423,-0.206476599,-0.240450144
-0.22430934,-0.130175561,-0.358998477,-0.206158161
-0.274225682,-0.110936366,-0.436507851,-0.170481205
-0.268567324,-0.0768195093,-0.432117969,-0.117631696
-0.218086898,-0.0288865529,-0.358772695,-0.0433788262
-0.142962739,0.0173154641,-0.240343601,0.0328704864
-0.0615248866,0.0395885408,-0.106385738,0.0691567138
0.0165319759,0.0216927584,0.0261504017,0.0399266668
0.0896080956,-0.0367254987,0.147609815,-0.0581545047
0.158185989,-0.118802473,0.255091429,-0.192145631
0.21833095,-0.198612794,0.339758664,-0.316185087
0.259555846,-0.254098117,0.39174214,-0.393257618
0.268803775,-0.277178347,0.401661426,-0.424271494
0.238251895,-0.27508232,0.36130631,-0.426104426
0.172100604,-0.262219816,0.267112076,-0.415637046
0.0879385844,-0.247799516,0.138652161,-0.399678349
0.0113237286,-0.227323607,0.0161472708,-0.370392084
-0.033972092,-0.184108555,-0.0593375489,-0.302914441
-0.0352524035,-0.100988269,-0.0651231483,-0.171796903
0.0047153621,0.0242739972,0.0017309488,0.035568703
0.0699262321,0.169600382,0.112324864,0.271108508
0.138301849,0.292578697,0.217755571,0.450719535
0.189984426,0.347986639,0.290779442,0.520404994
0.213107601,0.310907423,0.329709977,0.471204668
0.205422476,0.193070561,0.334643662,0.3080585
0.172590494,0.0422857814,0.29144749,0.0721737593
0.12526232,-0.0769299641,0.211248815,-0.12749663
0.0766326413,-0.113319941,0.126139954,-0.191306576
0.0406355448,-0.05473518,0.063752979,-0.0998151004
0.0296979323,0.0638729408,0.0483272001,0.0997589305
0.0511113852,0.175608858,0.0828290656,0.285028696
0.102635786,0.213446513,0.168709338,0.345661193
0.169765741,0.14324595,0.278520048,0.236872867
0.227603465,-0.0186959803,0.370601386,-0.0247794185
0.248609811,-0.212749287,0.388101816,-0.327146798
0.214210749,-0.364416659,0.314061314,-0.541577756
0.125169247,-0.419876426,0.17872493,-0.619258463
0.00489273202,-0.370649248,0.00375543348,-0.57220763
-0.107569471,-0.255118161,-0.175015524,-0.412429333
-0.173085093,-0.136714935,-0.285938889,-0.225006253
-0.169922471,-0.0706712455,-0.283590794,-0.111692257
-0.104596578,-0.0769010037,-0.17843239,-0.119288184
-0.0100040901,-0.132857412,-0.0214042868,-0.213304862
0.0692120939,-0.189199761,0.109273046,-0.307049572
0.0975616947,-0.198836997,0.154709071,-0.326854795
0.0657649487,-0.143049851,0.107113883,-0.243833989
-0.0046300143,-0.0405724347,-0.00767158298,-0.0762388483
-0.0716080815,0.0646219775,-0.118605658,0.103650451
-0.0930000916,0.12911959,-0.151964813,0.214041054
-0.0466365553,0.134354487,-0.0780021548,0.227691025
0.0596289821,0.0955517218,0.0967647731,0.165617347
0.19266957,0.0505724363,0.310898066,0.0842696577
0.310578436,0.0355904773,0.484389424,0.0504976399
0.381986439,0.0621408597,0.574955642,0.0849755406
0.398302495,0.109271623,0.59246546,0.152658284
0.373313606,0.135749072,0.563967884,0.194860518
0.331705749,0.105517529,0.516923964,0.159306929
0.29395023,0.0116409212,0.468981653,0.0184203703
0.266398728,-0.115594305,0.42303735,-0.182534322
0.241715655,-0.221975654,0.375274986,-0.347149462
0.208266094,-0.257426113,0.319316,-0.406342059
0.161665767,-0.203482449,0.254322946,-0.333269298
0.110580571,-0.0846563652,0.181234524,-0.149875537
0.0726631284,0.0432294607,0.120377317,0.0656427294
0.0629132986,0.121913955,0.106539592,0.199213207
0.0818469673,0.121248581,0.138044134,0.202562883
0.111476436,0.0547095984,0.187366396,0.0970845371
0.122713126,-0.0287215784,0.205705196,-0.0466557369
0.0908914059,-0.0719135702,0.1532543,-0.123388231
0.0107916174,-0.041151166,0.0195737183,-0.0761051327
-0.0978699401,0.0554201752,-0.159463465,0.0858922452
-0.198502213,0.172467321,-0.314199388,0.272643179
-0.255540729,0.252367109,-0.386685729,0.389661074
-0.252489001,0.25622794,-0.38278988,0.400426239
-0.199792907,0.183714062,-0.317151099,0.303335071
-0.127657473,0.0709208176,-0.209358275,0.127163336
-0.0674915463,-0.0318384767,-0.114132427,-0.04592558
-0.0325405784,-0.0890143365,-0.057128612,-0.146514893
-0.00933444314,-0.0985190421,-0.0180609841,-0.165641353
0.0341064036,-0.0892571211,0.0529147983,-0.149054855
0.126884714,-0.0991721153,0.202226892,-0.163258925
0.272325546,-0.147210345,0.419097781,-0.229418173
0.437158167,-0.216600493,0.6112625,-0.310216904
0.560689747,-0.260601401,0.703069687,-0.338177145
0.581323922,-0.228752851,0.724326313,-0.2988123
0.467953324,-0.0991364568,0.665165305,-0.15562354
0.240100026,0.102425516,0.392780393,0.142518088
-0.0345419608,0.308924407,-0.0386104658,0.469765484
-0.265520424,0.443027109,-0.353043824,0.617277324
-0.376782238,0.456691861,-0.478578389,0.600923657
-0.338242382,0.357982516,-0.47111401,0.515438139
-0.176993847,0.209417462,-0.284394592,0.346440166
0.0366847701,0.0971717462,0.0534097776,0.170439571
0.221210599,0.0865024179,0.351590842,0.134880587
0.317970097,0.186970338,0.483941823,0.271930844
0.312269479,0.346551508,0.454143465,0.48173219
0.232730404,0.478618443,0.329119951,0.64358747
0.131867141,0.508030355,0.193197474,0.694068909
0.0592498183,0.411869377,0.0987935737,0.614126086
0.0408046879,0.232737288,0.0738729537,0.385089695
0.0729239285,0.0569796301,0.122672305,0.102989823
0.131388873,-0.0309195425,0.213533908,-0.050501775
0.187627345,0.00656136824,0.302237332,0.00198513013
0.222401932,0.13978146,0.35497719,0.210610107
0.230377913,0.28783679,0.355103761,0.42676878
0.21555528,0.362291008,0.328055173,0.531870723
0.183090314,0.315247059,0.2891936,0.483206481
0.134360135,0.165637687,0.229037881,0.276313722
0.0688103214,-0.010837757,0.122170985,-0.0119397445
-0.00936528854,-0.123069331,-0.0124539249,-0.203900859
-0.0856115147,-0.114983283,-0.14485842,-0.195386082
-0.136137888,0.0024298511,-0.227738127,-0.00368794962
-0.137132958,0.155448616,-0.2254242,0.250351638
-0.0777295977,0.246801585,-0.124823347,0.396945119
0.030971501,0.209217846,0.0498172566,0.34939307
0.157184765,0.0446312726,0.259353906,0.0850988701
0.260872364,-0.172614887,0.40784654,-0.264383912
0.311593205,-0.331438661,0.44797644,-0.484603882
0.302358776,-0.340821683,0.43235153,-0.503405869
0.251713961,-0.178466856,0.386969864,-0.295688719
0.1925302,0.0942387953,0.31002003,0.132390887
0.153455794,0.359383464,0.233982563,0.529085279
0.143316537,0.498627365,0.206598938,0.686947227
0.147348732,0.450194985,0.218993291,0.647206306
0.137591422,0.238285616,0.228535265,0.387921929
0.0916736722,-0.0394775234,0.161687136,-0.0528368168
0.0092085069,-0.259720504,0.0166930817,-0.412330389
-0.0839877576,-0.331908941,-0.133987486,-0.516655445
-0.147010565,-0.238907024,-0.240026832,-0.386690944
-0.144862667,-0.0405160524,-0.248348579,-0.0749402344
-0.0680983439,0.159860909,-0.119623199,0.258562624
0.0597552508,0.267021149,0.0941819176,0.427581996
0.191476777,0.237690315,0.30274266,0.379910678
0.277665406,0.0953155756,0.443811297,0.155487016
0.289459914,-0.0890114605,0.459560454,-0.138735279
0.230840996,-0.236956745,0.362183154,-0.370754778
0.13455604,-0.302182257,0.208513245,-0.475964904
0.0444291979,-0.288264513,0.0665122271,-0.460855037
-0.00621413765,-0.237855509,-0.015716074,-0.38739568
-0.00881290901,-0.201515913,-0.0200715102,-0.328222513
0.0200490709,-0.205112502,0.0283378288,-0.332680136
0.0508331321,-0.234420255,0.0767263547,-0.376719326
0.0578735471,-0.245202348,0.0886165351,-0.396109283
0.031201927,-0.192508772,0.0481606834,-0.32035625
-0.0223868396,-0.0621914938,-0.0381259061,-0.115788586
-0.087874271,0.113638923,-0.143550918,0.179935321
-0.153319299,0.266809046,-0.234560177,0.416318625
-0.215973452,0.324681729,-0.316513896,0.493823767
-0.27926898,0.247300297,-0.41399312,0.386232704
-0.343247652,0.0509008393,-0.519376338,0.0941161811
-0.395870179,-0.194791526,-0.577299476,-0.266497254
-0.412708551,-0.395068139,-0.551225722,-0.51031059
-0.367530555,-0.471395344,-0.481425464,-0.60092628
-0.249117866,-0.395946532,-0.367773145,-0.565578103
-0.0746845603,-0.203543678,-0.139312878,-0.335586101
0.109257162,0.0241102036,0.168718457,0.0307744294
0.241644785,0.19413802,0.379275858,0.296831608
0.271748751,0.241632566,0.424029827,0.367110908
0.18250069,0.155009508,0.308107167,0.249857202
0.000363767991,-0.02254452,0.016234668,-0.032848727
-0.213941604,-0.214503363,-0.327321172,-0.331688344
-0.390051305,-0.344483972,-0.541007638,-0.469096422
-0.476379603,-0.366754889,-0.618908405,-0.465525985
-0.459009886,-0.281462908,-0.630906343,-0.376678318
-0.362770408,-0.129969984,-0.557152927,-0.193335474
-0.235360503,0.0255454797,-0.388748407,0.0416434519
-0.123692334,0.128140211,-0.206791252,0.215196788
-0.0547034591,0.146769449,-0.088792704,0.246957839
-0.0293844268,0.084225148,-0.0445191674,0.14691028
-0.0309188813,-0.028860271,-0.047441069,-0.041675549
-0.0401958115,-0.149492398,-0.0664075762,-0.2410101
-0.0487280227,-0.239830717,-0.0813664943,-0.382907748
-0.0617033988,-0.279705137,-0.103197888,-0.441740125
-0.0905653164,-0.270157248,-0.148782074,-0.430122197
-0.141029015,-0.228117481,-0.228056893,-0.364752412
-0.204941586,-0.17574437,-0.32770437,-0.278383195
-0.261571437,-0.129550487,-0.41528219,-0.20160538
-0.287694186,-0.0939069539,-0.455918044,-0.143918872
-0.270158917,-0.0612981059,-0.433271557,-0.0936374292
-0.213004157,-0.0187254138,-0.35084784,-0.0268123038
-0.134627447,0.0429540016,-0.22698845,0.0722807124
-0.0568371452,0.121262841,-0.0956956744,0.199663773
0.0071508172,0.199863017,0.0115415063,0.323999733
0.0579322726,0.2534931,0.0941085294,0.405183822
0.104827419,0.258520961,0.171548828,0.412652731
0.153810158,0.204720065,0.250506759,0.33052969
0.196864769,0.102765866,0.321757138,0.169351131
0.211093977,-0.0167128053,0.346492499,-0.025961183
0.170271367,-0.113214836,0.28029424,-0.186507389
0.0634466186,-0.152042076,0.107239574,-0.254503101
-0.0904479921,-0.119003236,-0.146814257,-0.203485817
-0.242470294,-0.0273618046,-0.389349341,-0.0498155393
-0.331347942,0.0867516175,-0.512890339,0.135287151
-0.312145799,0.179154664,-0.481100619,0.278957546
-0.181652442,0.21646969,-0.291782171,0.351531476
0.0139132831,0.190566495,0.0186053906,0.319962919
0.195298582,0.121780075,0.314098179,0.201372445
0.284819543,0.0490991324,0.455405265,0.0740383863
0.243088409,0.0116344048,0.397422701,0.0111883283
0.0894514248,0.0299535431,0.158814877,0.0407823734
-0.105010636,0.0961354598,-0.164691344,0.15324387
-0.249593422,0.17737329,-0.389025688,0.279467076
-0.276060104,0.231489867,-0.423776329,0.360852599
-0.134749547,-0.113473304,-0.221782789,-0.150532275
-0.0448641106,-0.15384531,-0.0836865231,-0.262848318
-0.0275503788,-0.126435339,-0.047969982,-0.215013951
-0.0967091992,-0.0335075855,-0.158792675,-0.0636268184
-0.218496203,0.0833441392,-0.348004788,0.130610198
-0.327813029,0.162863791,-0.49504149,0.251969963
-0.361848265,0.154891908,-0.54136169,0.243499711
-0.292930394,0.0467772186,-0.46243909,0.0888457969
-0.143325761,-0.127890587,-0.241183519,-0.192553371
0.0257373732,-0.302687526,0.0310577583,-0.467520922
0.144853637,-0.407353431,0.203433752,-0.600886405
0.170708463,-0.39832893,0.243831336,-0.591232419
0.105961032,-0.276478738,0.162861779,-0.447541654
-0.0051555722,-0.0844338015,-0.00944136735,-0.153930396
-0.102350809,0.113885373,-0.167265132,0.180198684
-0.141663879,0.260786504,-0.221520677,0.411823481
-0.117275484,0.326262355,-0.177500471,0.508478045
-0.0615281314,0.314544171,-0.0920047611,0.496030241
-0.0240468718,0.255020112,-0.032401666,0.412462115
-0.0421787053,0.184273601,-0.0604818463,0.303857297
-0.119395375,0.129137397,-0.187729031,0.213267669
-0.223550454,0.0983984992,-0.353737503,0.16071023
-0.305681199,0.0850427151,-0.473836213,0.13849628
-0.328595757,0.0752464309,-0.508420467,0.122898899
-0.289047569,0.0577530041,-0.457577646,0.0989557505
-0.220807821,0.0287058484,-0.35970208,0.052631557
-0.176456109,-0.00907934457,-0.290066212,-0.00841406733
-0.197492823,-0.049815923,-0.319519937,-0.0779485479
-0.28903091,-0.087746948,-0.450255543,-0.1338588
-0.413232386,-0.117521033,-0.605053782,-0.166229248
-0.505888522,-0.132980421,-0.69542104,-0.175229326
-0.508276582,-0.127201676,-0.702456415,-0.166141227
-0.398146003,-0.0958120078,-0.600544274,-0.134821951
-0.203764468,-0.0426399298,-0.344007283,-0.0637626573
0.00663731107,0.0162099879,-0.000765477249,0.0284934621
0.155307397,0.0543385707,0.253533453,0.0878190994
0.190602332,0.0447576828,0.318121344,0.0707136542
0.110562555,-0.0259257089,0.193974763,-0.0435122922
-0.0367509015,-0.14614217,-0.0528973415,-0.238054261
-0.175900489,-0.278390646,-0.271993935,-0.426408559
-0.238445893,-0.37183696,-0.3555682,-0.536365271
-0.192655846,-0.384424329,-0.294401377,-0.560251951
-0.0551520139,-0.304301143,-0.102263026,-0.478152633
0.119674757,-0.159102544,0.179124951,-0.266338557
0.265984058,-0.00662097009,0.417731047,-0.0187723674
0.335251808,0.0904035494,0.519026816,0.132269785
0.314257324,0.0939310715,0.496764839,0.141843319
0.225406349,0.00989491958,0.37303856,0.0160264596
0.111493669,-0.113437198,0.190927193,-0.184819311
0.0140257394,-0.208360985,0.0233788136,-0.339479297
-0.0439457186,-0.221213862,-0.0752801597,-0.359870732
-0.0632108822,-0.139741406,-0.111214705,-0.237160653
-0.061481908,-0.000119672404,-0.107328095,-0.00694115041
-0.0597184263,0.130582824,-0.0975429118,0.212492958
-0.0697133169,0.188137233,-0.108670123,0.309410155
-0.0890322253,0.144104496,-0.139227882,0.244965196
-0.104669638,0.021030033,-0.169448689,0.0448329262
-0.102071553,-0.11826016,-0.16859664,-0.186072335
-0.0739257857,-0.202174112,-0.126633227,-0.325407088
-0.0241535306,-0.186781481,-0.0478049889,-0.308261186
0.034197621,-0.0785225257,0.0490387529,-0.13970089
0.0850638896,0.0685845986,0.137341991,0.105024919
0.115729734,0.180059478,0.192677468,0.287484765
0.120404206,0.198792636,0.199883834,0.32096529
0.100210704,0.114481337,0.173520103,0.192577347
0.0609702133,-0.0302393399,0.108620688,-0.0462969653
0.0109437862,-0.160144657,0.019495111,-0.261225551
-0.0401758738,-0.204174221,-0.0690238029,-0.334916115
-0.0814099759,-0.1304456,-0.140280992,-0.221051857
-0.101298749,0.0375662595,-0.174469516,0.0540142693
-0.0905846432,0.231325477,-0.146375835,0.36662364
-0.0464001261,0.368697643,-0.0678756535,0.562097669
0.0241788737,0.391285419,0.0406465307,0.593452632
0.103941359,0.290078729,0.168253019,0.462009847
0.170174241,0.108054489,0.282485902,0.183892682
0.20297946,-0.0804004595,0.3324956,-0.125907764
0.193674892,-0.20273456,0.307760239,-0.323894531
0.148949936,-0.21858263,0.234497964,-0.357533932
0.0881507695,-0.134123772,0.143282011,-0.231972829
0.0344958231,0.00445870496,0.0556128584,-0.00189716008
0.00435274979,0.133702666,0.00876981672,0.217152983
1.14141976e-05,0.200545132,0.00260683871,0.328009397
0.00975916162,0.182866439,0.0187883154,0.303661913
0.0152307963,0.0952779874,0.0311299246,0.165486321
0.00201560464,-0.0203880202,0.00635686284,-0.0284157991
-0.0323795862,-0.114179939,-0.0529301949,-0.187048405
-0.0777103677,-0.148082942,-0.129213989,-0.24536553
-0.117782436,-0.109366916,-0.197646558,-0.183527336
-0.140855983,-0.0132522173,-0.23691842,-0.0251953229
-0.147375718,0.104687229,-0.243296534,0.17017515
-0.150058463,0.202609554,-0.239143223,0.325486988
-0.165754154,0.247718111,-0.255018026,0.393492579
-0.203547508,0.227829918,-0.311362684,0.363414317
-0.256332457,0.155734912,-0.396944493,0.253854811
-0.301734716,0.065047875,-0.467870653,0.11186856
-0.313214153,-0.00131333352,-0.49079752,0.00523014087
-0.276071429,-0.00657142932,-0.4422656,-0.0053002378
-0.199394211,0.0656313971,-0.330790401,0.108000733
-0.116109051,0.203421429,-0.190483034,0.324505597
-0.0691233054,0.368920743,-0.102520108,0.555403352
-0.0892315209,0.510593534,-0.112625048,0.703801811
-0.175884947,0.581668675,-0.20940879,0.743117869
-0.291817129,0.557624638,-0.349482834,0.701141953
-0.376376271,0.445507735,-0.478187323,0.589651644
-0.372989088,0.280896425,-0.526845992,0.41603294
-0.258235633,0.113543935,-0.412743121,0.195664212
-0.0579052418,-0.0121992277,-0.106633291,-0.00930917356
0.159294084,-0.0736370236,0.251078218,-0.118936352
0.30920428,-0.0756344497,0.48001951,-0.124932244
0.329080045,-0.0440510176,0.513495803,-0.0779380873
0.20674935,-0.0104922131,0.344946593,-0.0248173326
-0.0120764924,0.00382424612,-0.00698761223,0.00201250496
-0.242431626,-0.0027946115,-0.382035166,-0.00296844775
-0.396397173,-0.0144162532,-0.59326905,-0.0146681266
-0.420282751,-0.00871230941,-0.62543416,-0.00441519916
-0.315507263,0.028846072,-0.499520034,0.0503173731
-0.134005815,0.0953976884,-0.230008006,0.161344752
0.048605144,0.170532405,0.0743265823,0.282108158
0.168299675,0.22529614,0.269671798,0.35303697
0.199089542,0.235424399,0.318620652,0.367120832
0.158647746,0.192050397,0.263820857,0.306209475
0.0922013223,0.104934312,0.160392284,0.175498128
0.0448509045,-0.00254502636,0.0786435902,7.14484995e-05
0.0377724171,-0.103246078,0.0611482039,-0.168215394
0.0606808513,-0.175706998,0.0957323983,-0.285496086
0.0833639279,-0.209097773,0.128382444,-0.340847641
0.0783443525,-0.202818215,0.124518298,-0.334894955
0.0406877324,-0.162997141,0.0641929507,-0.273062438
-0.00709208148,-0.0992891416,-0.0146802776,-0.171534479
-0.0282867812,-0.0240138322,-0.0498764552,-0.0434958301
0.00407810928,0.04702859,0.00344480458,0.0778775364
0.0867843032,0.0947917029,0.140523881,0.157871142
0.182300076,0.100815468,0.295814902,0.164709076
0.235137433,0.0546990894,0.382568806,0.0864363089
0.201276064,-0.0380401611,0.335062176,-0.063122049
0.0752064511,-0.152792841,0.133219212,-0.251684725
-0.100767113,-0.251199454,-0.155443221,-0.400632828
-0.25178206,-0.294755936,-0.380847037,-0.44219318
-0.304314464,-0.261556447,-0.463030547,-0.389523029
-0.222532362,-0.158221498,-0.367008984,-0.24919647
-0.028688807,-0.0202519018,-0.0640187562,-0.0329404101
0.203591779,0.100878596,0.318056017,0.160721213
0.381001204,0.159001768,0.566656232,0.230454713
0.432503641,0.133367643,0.633570731,0.188045815
0.341452748,0.0379804038,0.535554111,0.0545342863
0.152378291,-0.0846218467,0.262925357,-0.141197011
-0.0506915227,-0.182469934,-0.0761873946,-0.300837249
-0.183633208,-0.217174813,-0.293803215,-0.342765093
-0.200205147,-0.180000603,-0.328355432,-0.285462677
-0.110624716,-0.0937140882,-0.195282459,-0.154307634
0.0272451546,-7.7659497e-05,0.036781244,-0.000758706359
0.138515666,0.0601316839,0.226556554,0.0970618799
0.167830318,0.0644411817,0.279853076,0.1043429
0.103993997,0.0152895274,0.182058379,0.0252582319
-0.0182901211,-0.0659969151,-0.0236646067,-0.109806791
-0.138641968,-0.153037682,-0.222725436,-0.24578914
-0.201605633,-0.227535918,-0.320032597,-0.352078855
-0.181932077,-0.284474671,-0.289977878,-0.433990955
-0.092881307,-0.327425092,-0.15420258,-0.501171649
0.0245807935,-0.358207434,0.0257863943,-0.546447337
0.124091543,-0.368610561,0.176913649,-0.556982934
0.175224006,-0.340601504,0.256501943,-0.519745111
0.17343691,-0.256152272,0.266041726,-0.411315113
0.135534704,-0.111540586,0.21968998,-0.195356622
0.0856525898,0.0725674704,0.142052621,0.107691765
0.0412191823,0.252537787,0.0691611841,0.396170765
0.00696685258,0.376142025,0.0172121134,0.568554699
-0.0208606664,0.404140115,-0.0226266775,0.606321216
-0.0446288399,0.328729331,-0.0591338277,0.517518342
-0.0576943532,0.17921035,-0.0864916965,0.303049326
-0.0451929756,0.0110972961,-0.0729602128,0.0283616912
0.00639589597,-0.116939776,0.00677828537,-0.189481035
0.0967102125,-0.167680755,0.148928031,-0.27595064
0.204534575,-0.139879927,0.319948107,-0.231139988
0.29241997,-0.0659077615,0.454247981,-0.113019809
0.32239902,0.00602990016,0.503271043,-5.59854743e-05
0.275462985,0.0361265875,0.443534553,0.0504220016
0.164318442,0.0117311329,0.27916199,0.0156752504
0.0315450728,-0.0482855067,0.0607862025,-0.0803131014
-0.0674919561,-0.105077438,-0.110232495,-0.171979502
-0.0895161331,-0.1208703,-0.1541906,-0.198088393
-0.0239537768,-0.0786033794,-0.0499355122,-0.132517397
0.10121157,0.0096210381,0.159072295,0.0120998193
0.231768101,0.109092727,0.367656976,0.168922171
0.312168032,0.180200279,0.481180042,0.268473715
0.311008006,0.197997585,0.482267588,0.296308845
0.234754786,0.163770482,0.38143003,0.256245613
0.123202145,0.103135042,0.212311551,0.167928398
0.0291943513,0.0521435253,0.0544275641,0.0869684741
-0.007179101,0.0387866162,-0.0123631181,0.065405719
0.0227472112,0.0692587718,0.0341526307,0.113679513
0.0934782475,0.125593245,0.150718838,0.204165488
0.159258679,0.175372437,0.258947402,0.279539227
0.177157596,0.188252181,0.289374858,0.299663246
0.127719358,0.150950447,0.218899637,0.244949967
0.0232882258,0.0735031068,0.0474348627,0.122746885
-0.0993814543,-0.0158180166,-0.158520415,-0.0236651152
-0.197772086,-0.083935909,-0.319777489,-0.132827237
-0.243796095,-0.107939832,-0.392778784,-0.168490678
-0.235610649,-0.0844796225,-0.384389728,-0.133206546
-0.195785165,-0.0295832064,-0.324480653,-0.0471510552
-0.15752852,0.0302884262,-0.261769921,0.0522527844
-0.14644666,0.0710528195,-0.239281207,0.118787639
-0.167121619,0.0813400224,-0.269466609,0.136631712
-0.201028928,0.0656907782,-0.323286593,0.112787142
-0.216531694,0.0397467203,-0.349655598,0.0704244375
-0.185825169,0.0204865579,-0.306683987,0.0394140519
-0.100518398,0.0167450365,-0.173104465,0.0319108702
0.0216386355,0.0247701947,0.0296832528,0.0434325635
0.142139375,0.0308320615,0.231925666,0.0496416911
0.216924608,0.0193324182,0.352064073,0.0292750131
0.214778334,-0.0177890696,0.354644597,-0.0307857953
0.130984515,-0.0751045793,0.222529694,-0.128281519
-0.00956503861,-0.13424544,-0.009241133,-0.22396192
-0.16114229,-0.170911729,-0.25802359,-0.277508259
-0.274283022,-0.16532664,-0.42951107,-0.255242258
-0.314363718,-0.111563928,-0.492885828,-0.170819834
-0.274326563,-0.0216748454,-0.442907453,-0.0323708989
-0.176648811,0.0772270709,-0.296221107,0.12955527
-0.0639488101,0.151845247,-0.108400814,0.251657605
0.0179202389,0.174130529,0.0307851918,0.288755
0.0375532098,0.131021932,0.067481935,0.220206857
-0.0104810819,0.0291425847,-0.0104528889,0.0528528839
-0.104638383,-0.106835589,-0.166081026,-0.170132488
-0.205981448,-0.241156042,-0.32088384,-0.370372117
-0.274107218,-0.336680293,-0.405938178,-0.489014268
-0.28268525,-0.364333302,-0.416139215,-0.519335449
-0.228267029,-0.30996114,-0.35417825,-0.4658871
-0.129153535,-0.177457303,-0.221916765,-0.290012777
-0.0155907953,0.0119107692,-0.0358259752,0.0132549051
0.0836520419,0.223453358,0.131372109,0.352082908
0.151948646,0.415605605,0.227101803,0.599761069
0.188123286,0.54830277,0.257003963,0.714451492
0.201763391,0.592057765,0.261049777,0.738358021
0.204036132,0.535951138,0.276928961,0.703210175
0.199660838,0.39216727,0.299499989,0.574301839
0.184706777,0.194836617,0.303827316,0.317321479
0.151282161,-0.00779495109,0.257386088,-0.00701075094
0.0959336162,-0.16658105,0.159008875,-0.272386223
0.0261056367,-0.246329665,0.0407741889,-0.398495883
-0.0401529446,-0.237102479,-0.0696091801,-0.386699677
-0.0821909606,-0.157311082,-0.139994323,-0.262217313
-0.088601701,-0.0466838479,-0.152736902,-0.0822354555
-0.0660559535,0.0488236956,-0.113951415,0.0798883438
-0.0390549116,0.0945242271,-0.0644109771,0.159001067
-0.0390596762,0.0798304603,-0.0610404685,0.137043342
-0.087485157,0.0209945701,-0.138988599,0.0398317128
-0.181272626,-0.0474706553,-0.290239543,-0.073543109
-0.289556503,-0.0889374614,-0.452944249,-0.136797324
-0.364934534,-0.0811729804,-0.555217803,-0.12053103
-0.365303725,-0.0257924683,-0.561737239,-0.0342339501
-0.276032418,0.0535249077,-0.444281965,0.0886768028
-0.120904058,0.122989744,-0.206520393,0.206980228
0.0450371802,0.154981077,0.0702806711,0.259426385
0.158870712,0.140818939,0.259717405,0.228979021
0.179051206,0.0939958617,0.297976345,0.151958525
0.106381223,0.0425524898,0.185609266,0.0679315925
-0.0142436884,0.0146090267,-0.0164364427,0.0213667229
-0.113317609,0.0243633576,-0.185951471,0.0382075161
-0.129007846,0.0655083358,-0.217237383,0.110789992
-0.0371281616,0.115206398,-0.06836503,0.193819925
0.13574253,0.146423057,0.215081871,0.240979001
0.32278201,0.142251521,0.493176758,0.218006611
0.446613729,0.104938567,0.64626044,0.146883681
0.454439491,0.0550707281,0.659704745,0.0725575835
0.342215985,0.021370016,0.534680247,0.0234429687
0.156690389,0.0262419246,0.268281907,0.0339529738
-0.0253763422,0.0742742345,-0.0348618962,0.11582683
-0.13082391,0.149331823,-0.211172402,0.244072825
-0.120929986,0.221589819,-0.19532527,0.358402938
-0.00577023625,0.260999799,-0.0131488619,0.421576738
0.163346186,0.250694782,0.254389793,0.399983108
0.318469465,0.194097608,0.484738827,0.296264201
0.404348344,0.112731121,0.601805568,0.164012149
0.399123251,0.0362154879,0.601603389,0.0481761433
0.318200499,-0.0105595812,0.501920044,-0.0243548639
0.201671705,-0.0171914417,0.334124833,-0.0356696099
0.0931196958,0.00952987466,0.158927917,0.00959595479
0.0206095055,0.0503702536,0.0376626141,0.0819979683
-0.0118195741,0.0828855783,-0.0188644323,0.138037398
-0.0199369416,0.0905854777,-0.0319619589,0.153506353
-0.0264697038,0.0682033449,-0.0424610712,0.115953915
-0.0471694283,0.0216331035,-0.0759796947,0.038389463
-0.0826853514,-0.0362706482,-0.135709509,-0.0577463731
-0.119286887,-0.0912761539,-0.197130933,-0.147718638
-0.136818111,-0.132097155,-0.22637479,-0.211910695
-0.119175516,-0.152212188,-0.199800655,-0.245879561
-0.0622637495,-0.149625152,-0.110580213,-0.244385868
0.0236047972,-0.125972122,0.0320266783,-0.208398432
0.117019936,-0.0861645937,0.186426714,-0.144099101
0.192444533,-0.0386836678,0.308980793,-0.0679336041
0.228050679,0.00446978724,0.36854127,0.00133899844
0.212117344,0.0294907223,0.347076923,0.042429585
0.146630049,0.0247097909,0.247601643,0.0366939902
0.0474526808,-0.0141595714,0.0857751667,-0.0239359811
-0.0591449738,-0.0797146931,-0.0925671905,-0.130234361
-0.143334895,-0.152076036,-0.232811928,-0.241766676
-0.180742994,-0.203151986,-0.293215334,-0.319639891
-0.161147729,-0.205404565,-0.266011149,-0.325939506
-0.0935366452,-0.14234826,-0.163057521,-0.234870791
-0.0046719634,-0.0167272929,-0.0162185635,-0.0334309489
0.0695042983,0.147330031,0.111895166,0.236468449
0.0970854014,0.309872866,0.155554548,0.475004494
0.0628143027,0.42715171,0.103034638,0.624159515
-0.0256211925,0.466134965,-0.0231241696,0.666826546
-0.140931591,0.416212589,-0.192484275,0.612505436
-0.248078987,0.293473661,-0.362467229,0.451643258
-0.319181263,0.135534167,-0.484739691,0.22128126
-0.344186366,-0.0115377707,-0.529681325,-0.00588718336
-0.331973732,-0.109472021,-0.514921486,-0.160056233
-0.30149135,-0.141028762,-0.473107904,-0.21392481
-0.267980427,-0.114982821,-0.42948544,-0.178525597
-0.232265979,-0.0607958362,-0.378556758,-0.095394291
-0.179674,-0.0150995031,-0.299621463,-0.0210919287
-0.0898825601,-0.00560956914,-0.154409721,-0.00469573447
0.0473591238,-0.0393341407,0.0726222172,-0.0592246242
0.219649687,-0.100239113,0.346601993,-0.158531055
0.390586078,-0.157461584,0.571179032,-0.237347543
0.512126863,-0.180422008,0.68806684,-0.252604872
0.545648515,-0.153919965,0.719176531,-0.21360594
0.481339961,-0.0861130133,0.677962303,-0.133374795
0.345519632,-0.00542824296,0.536262453,-0.0220458228
0.191051006,0.0523903258,0.319750458,0.076988332
0.0745773986,0.0611241758,0.129854217,0.0999644324
0.0313391276,0.0167863071,0.0524376184,0.0308546834
0.060042616,-0.0600456521,0.0966937989,-0.0962852687
0.125496522,-0.13360393,0.199511394,-0.215527758
0.177819461,-0.169651017,0.280580223,-0.277133524
0.178540275,-0.151505023,0.285620362,-0.252133369
0.120315492,-0.087565206,0.199079856,-0.154163957
0.03022906,-0.00665955478,0.053201735,-0.0185927283
-0.0449193493,0.0564496405,-0.0723177493,0.0932162404
-0.0636748374,0.0781776831,-0.105980456,0.132222533
-0.0124183064,0.0573511943,-0.0216789432,0.101959579
0.0861868858,0.0150789684,0.139330983,0.0283233039
0.182961613,-0.0164663605,0.298072964,-0.0288099777
0.225080296,-0.0105373487,0.36318773,-0.0230356809
0.180516973,0.0407373235,0.299838454,0.0578061827
0.0522050448,0.122457772,0.0951287001,0.193823844
-0.124279059,0.204089746,-0.190400451,0.323605776
-0.297222525,0.253536105,-0.438227206,0.385302037
-0.420442104,0.250870228,-0.585935354,0.361109972
-0.469451934,0.195234448,-0.648839355,0.281785607
-0.445449799,0.102502413,-0.640151978,0.160630867
-0.367471457,-0.00370467454,-0.562175214,0.00736221438
-0.2591241,-0.101972766,-0.417654216,-0.149923757
-0.138172179,-0.178768978,-0.230938315,-0.280937999
-0.0142300548,-0.228011563,-0.0324805193,-0.365918756
0.105960548,-0.246887028,0.159651145,-0.393227279
0.211134851,-0.232534379,0.322783202,-0.36974138
0.282632798,-0.183150962,0.432089716,-0.291225374
0.299493998,-0.103360072,0.465555698,-0.172370732
0.249423936,-0.00975110382,0.401696652,-0.0266122892
0.139086291,0.0689205304,0.236593395,0.104603052
-0.00337964343,0.100002021,0.00272322819,0.163137838
-0.136854783,0.0616640896,-0.216675714,0.107046887
-0.223798797,-0.0428948402,-0.358412743,-0.05969375
-0.246930555,-0.180288702,-0.390645593,-0.271765411
-0.217254341,-0.296001613,-0.338262081,-0.442151815
-0.168658629,-0.335831314,-0.264328837,-0.506916821
-0.141140312,-0.270800531,-0.2296267,-0.428294092
-0.160724148,-0.11347378,-0.268453985,-0.193340287
-0.226091191,0.0833896771,-0.365145147,0.126865745
-0.308697581,0.246821627,-0.45906049,0.370729774
-0.366408378,0.313975096,-0.51134485,0.452102244
-0.363902539,0.258910298,-0.523337126,0.38738507
-0.28981027,0.103174694,-0.452483028,0.178357169
-0.162337631,-0.0947922617,-0.270331055,-0.139031082
-0.0209705774,-0.26605621,-0.0431684144,-0.414977074
0.0913460255,-0.36035955,0.129018471,-0.548472404
0.146820739,-0.364082068,0.212588936,-0.552990258
0.143617898,-0.299234599,0.216966137,-0.472818762
0.104487672,-0.205800444,0.166072592,-0.341385394
0.0648257881,-0.118236445,0.103993498,-0.202600896
0.0564208254,-0.0493338294,0.0908335894,-0.0858124271
0.0943979248,0.0102639878,0.153504327,0.0151217487
0.172520876,0.0779448822,0.277063519,0.123354271
0.267656416,0.159987703,0.417569667,0.245264977
0.35018006,0.23984769,0.518098593,0.345647663
0.395226508,0.281921417,0.562993705,0.393043995
0.390403301,0.249663278,0.566709936,0.354216635
0.337994695,0.128181443,0.524897218,0.194750816
0.2522479,-0.0618231222,0.411136985,-0.0967816338
0.153848067,-0.267699778,0.244759768,-0.417648137
0.0638287365,-0.42552489,0.0913008973,-0.625510335
-0.00155449589,-0.487771183,-0.0105801523,-0.691030562
-0.0342329629,-0.44376424,-0.0600984655,-0.648431838
-0.0356227681,-0.322320759,-0.0661473125,-0.506606102
-0.0154824369,-0.175439477,-0.0333280675,-0.29308489
0.0117484471,-0.0520559959,0.0157375745,-0.0899829492
0.0324456319,0.0239574164,0.0541898496,0.0371474028
0.0393836796,0.0600647703,0.0675394908,0.100211807
0.0349995159,0.0831865966,0.0600247644,0.137638092
0.0303977933,0.117560513,0.0520111248,0.192565009
0.039903,0.165970191,0.0671418831,0.270019919
0.0732770339,0.205839291,0.120271914,0.332195967
0.129333302,0.202857345,0.210363671,0.328306228
0.194484428,0.134288251,0.316742033,0.219624579
0.247564107,0.00796241313,0.400270313,0.0153597211
0.269044071,-0.135167152,0.424373925,-0.212610602
0.250240833,-0.237979874,0.384692341,-0.371236712
0.197776794,-0.255504429,0.306476951,-0.405654788
0.130802676,-0.179406077,0.209427148,-0.300543338
0.072224088,-0.0447487757,0.118951954,-0.0856676996
0.0384012274,0.085681431,0.063576512,0.13662751
0.0326692536,0.152047738,0.0565191694,0.250952095
0.0459765643,0.127253875,0.0782785043,0.214700609
0.0640227348,0.0300544258,0.110244446,0.056170322
0.0766668692,-0.0855964869,0.128324568,-0.138064235
0.0841306075,-0.159324497,0.133983746,-0.262999684
0.0963917226,-0.155832767,0.152366772,-0.260514289
0.126125544,-0.0822719261,0.200778678,-0.14452146
0.179343879,0.0176128559,0.290347189,0.021563381
0.249303147,0.0889254361,0.396578699,0.136803344
0.31744647,0.0963113382,0.493376136,0.146893531
0.361123323,0.0427839085,0.553454101,0.063482061
0.363922983,-0.0337084718,0.559387565,-0.0546259284
0.322953284,-0.0838411301,0.504791915,-0.135787591
0.249195799,-0.0770762414,0.399769694,-0.133234113
0.161120042,-0.02101928,0.267009914,-0.0434997529
0.0756350905,0.0415774658,0.129390553,0.0630175918
0.00184830581,0.0572293885,0.00753921596,0.0961668268
-0.058882121,-0.00563299004,-0.094077684,-0.00413704244
-0.107291959,-0.134170294,-0.174112037,-0.211739287
-0.139447004,-0.272299737,-0.221843898,-0.421864569
-0.144352481,-0.346513689,-0.226591513,-0.523286223
-0.108792901,-0.303861499,-0.180483311,-0.476143271
-0.0274444465,-0.142434001,-0.0587311238,-0.242883101
0.0878060684,0.0821864232,0.135900244,0.126009926
0.206110269,0.279108226,0.316495895,0.422570258
0.286735326,0.362956524,0.419426173,0.519952655
0.296173185,0.293693334,0.448704064,0.435755044
0.225255415,0.0960437581,0.375144899,0.159625083
0.0970215872,-0.150865763,0.170641601,-0.242300704
-0.04003001,-0.348504812,-0.0614209212,-0.53394264
-0.131440148,-0.421721578,-0.199078664,-0.614757001
-0.14035511,-0.349351376,-0.224876821,-0.532649279
-0.0638711303,-0.169373423,-0.119197696,-0.28533262
0.0659112632,0.0419597849,0.096738033,0.0613645315
0.196657419,0.20545809,0.309622258,0.319359332
0.279016852,0.271557659,0.426069915,0.406601638
0.286852658,0.235927075,0.443558753,0.357667685
0.225010321,0.133435473,0.367818356,0.213945523
0.122027092,0.0164602734,0.211130783,0.0269428473
0.0131469304,-0.0700512528,0.026318837,-0.116992325
-0.0763353258,-0.104829296,-0.12620379,-0.174872681
-0.138517305,-0.0921673179,-0.22906144,-0.152187377
-0.178355142,-0.0518680401,-0.295117259,-0.0850189701
-0.201811165,-0.00516248262,-0.329596072,-0.00642630225
-0.205663487,0.0350943692,-0.334939122,0.0599047877
-0.176598608,0.0658040494,-0.290647596,0.112897485
-0.100962721,0.0881811082,-0.170462355,0.148060948
0.020824125,0.100953631,0.0293928552,0.170604482
0.165123627,0.0976742208,0.265856773,0.159926191
0.288971454,0.0701880008,0.45565024,0.108205475
0.347415239,0.0158637185,0.538525224,0.0209664926
0.316267371,-0.0564855076,0.498162031,-0.0921528712
0.207758546,-0.126458943,0.341259807,-0.208078861
0.0690867379,-0.168792233,0.116267987,-0.281636924
-0.0375135317,-0.163996637,-0.0629985705,-0.272261381
-0.0643112361,-0.107619315,-0.112195686,-0.180594593
-0.00224208017,-0.0134430667,-0.0125705861,-0.024788212
0.113513783,0.0909795985,0.180589482,0.147203207
0.22055763,0.174329147,0.350126565,0.272611111
0.260983765,0.21254383,0.410060465,0.324955642
0.211618289,0.196377069,0.345098794,0.307399839
0.0967733189,0.133084998,0.170630127,0.218103603
-0.0236991309,0.0426117331,-0.0304501206,0.0742536187
-0.0853007883,-0.049394805,-0.139389679,-0.0769158676
-0.0527443923,-0.118976861,-0.0933923349,-0.192714334
0.0610915795,-0.149732843,0.0905483961,-0.245370075
0.201306701,-0.136365414,0.314219445,-0.222704872
0.29916203,-0.0857834145,0.463913381,-0.14288646
0.307479978,-0.0156515632,0.486338347,-0.0346275754
0.224533141,0.0498249047,0.369528145,0.07124421
0.0938307047,0.0866668597,0.164025947,0.137131602
-0.0198658891,0.0790852457,-0.0249396525,0.133144423
-0.0652222708,0.0260081608,-0.1080264,0.0503989235
-0.0309714135,-0.0568665862,-0.0562607422,-0.0874699727
0.0497163609,-0.141325891,0.078115128,-0.230046526
0.119155645,-0.196414635,0.187162489,-0.318051547
0.128132969,-0.200113431,0.202962279,-0.328909159
0.0636778474,-0.147893563,0.104520805,-0.252270401
-0.0436728597,-0.0541687012,-0.0707974583,-0.097917296
-0.137037531,0.0540977195,-0.224297851,0.085239552
-0.165206239,0.148536056,-0.267798305,0.241560906
-0.111746289,0.209833607,-0.18195127,0.342294961
-0.00504197134,0.232628122,-0.0083617596,0.379442543
0.0963686407,0.223152369,0.156196609,0.362110823
0.135172784,0.192040458,0.223092198,0.30950892
0.0861701369,0.147294551,0.151917502,0.239126995
-0.0302779004,0.0919203162,-0.0396703742,0.152877688
-0.159586012,0.0274054501,-0.254879415,0.0484134704
-0.242783532,-0.0399599373,-0.388934255,-0.057549309
-0.248410732,-0.0952981412,-0.400971293,-0.144799054
-0.18894729,-0.118158922,-0.313488424,-0.184256673
-0.112825766,-0.0923881233,-0.193840623,-0.152914271
-0.0765792578,-0.0179820806,-0.130943805,-0.034452226
-0.112636477,0.0824832022,-0.183174774,0.131124929
-0.210659876,0.168479696,-0.32783547,0.268657833
-0.322813958,0.19724007,-0.481238306,0.304893076
-0.390099168,0.144037545,-0.572466016,0.22396341
-0.375208855,0.0167983659,-0.568708301,0.0414355174
-0.283709645,-0.143555701,-0.447949648,-0.208319724
-0.161738127,-0.278982282,-0.261689126,-0.424049675
-0.0713322982,-0.339907289,-0.117534496,-0.522854507
-0.0568648763,-0.308308542,-0.0943722799,-0.486965299
-0.121008597,-0.206457391,-0.195162818,-0.339945376
-0.223496422,-0.086202383,-0.359584093,-0.144680128
-0.303459764,-0.00350966537,-0.477035761,-0.00268264674
-0.313171864,0.00918474887,-0.491622239,0.02384899
-0.244698957,-0.0413093194,-0.396757722,-0.0546816029
-0.0709208176,0.439709038,-0.125354812,0.610947788
-0.00930871163,0.329954892,0.00667377375,0.534979641
0.0631967708,0.202737466,0.106962889,0.337845564
0.12375135,0.0978720784,0.204638705,0.163343355
0.153815314,0.0426740348,0.254864484,0.0669016019
0.143987104,0.0427844971,0.239707336,0.0655755922
0.0957299843,0.0817658529,0.162379548,0.128569201
0.0206918251,0.128760651,0.0388670079,0.20919086
-0.0615920275,0.150557742,-0.094530955,0.247910842
-0.127490297,0.123316176,-0.203548178,0.206570759
-0.154845715,0.040112514,-0.251147896,0.0751217231
-0.129982501,-0.0873755291,-0.217112273,-0.133199096
-0.0543108098,-0.232542813,-0.0938988701,-0.366717756
0.0526022948,-0.361060888,0.0717856511,-0.546829104
0.156397372,-0.439549744,0.213788211,-0.631155908
0.21833384,-0.444042325,0.298345506,-0.628836155
0.209802955,-0.366893262,0.304663569,-0.550711036
0.125062451,-0.220712915,0.19818002,-0.366013259
-0.0140679283,-0.0377156064,-0.0213561244,-0.0769371539
-0.164879516,0.136734709,-0.26237461,0.215355679
-0.279981464,0.256090105,-0.418131858,0.390861899
-0.32632789,0.287382871,-0.47275427,0.429083139
-0.29842627,0.223825768,-0.450558811,0.352564931
-0.219409063,0.0896880627,-0.353474498,0.159061641
-0.129298434,-0.0660781115,-0.216010809,-0.0971688107
-0.065994449,-0.186628088,-0.112240821,-0.300080687
-0.0480700508,-0.228668094,-0.0806124806,-0.371277124
-0.0674747974,-0.179766163,-0.113849767,-0.29944697
-0.0952196345,-0.0635546297,-0.16141355,-0.111926585
-0.0966679826,0.0703297108,-0.163837925,0.114370875
-0.0485529862,0.16782704,-0.0817463249,0.27671665
0.0504662693,0.194125354,0.0824175328,0.320086032
0.180059612,0.148508161,0.290150344,0.244735673
0.307930112,0.063278839,0.481657654,0.100407772
0.403181553,-0.0128209526,0.602077365,-0.02423908
0.44667238,-0.0386885442,0.648264706,-0.0649056286
0.434438914,-0.00062895508,0.635225832,-0.0133588007
0.37470451,0.0819041133,0.568388283,0.110543668
0.282303184,0.16726093,0.444421947,0.248619094
0.174643576,0.21343106,0.287791967,0.333086848
0.0707579777,0.19943583,0.124781497,0.322743297
-0.0084482627,0.135311648,-0.00603958406,0.227865383
-0.0423255302,0.0557960719,-0.0668145493,0.0987581611
-0.0170939993,0.00142379047,-0.0320057236,0.00588364759
0.0648360252,-0.00271966611,0.102509595,-0.00456469459
0.178333029,0.0406610034,0.286077142,0.0622787885
0.277993858,0.103841789,0.436519295,0.157006934
0.312199682,0.149874896,0.485794276,0.222898915
0.244979084,0.152334243,0.397376388,0.234100074
0.0761023834,0.108085766,0.141178712,0.175757542
-0.151587829,0.0364156477,-0.235720962,0.0624638461
-0.364003628,-0.0342292041,-0.549521446,-0.0465098768
-0.484210134,-0.0835574046,-0.684869885,-0.107538261
-0.465838879,-0.110292882,-0.667259872,-0.147071078
-0.315917969,-0.130057096,-0.497303516,-0.19035542
-0.0951427296,-0.161663905,-0.167783067,-0.255494237
0.106279328,-0.210476965,0.160192698,-0.336485118
0.207228541,-0.259773493,0.31763956,-0.406673759
0.171163708,-0.276820123,0.268107563,-0.436552078
0.0217689034,-0.231767818,0.0391110182,-0.383026868
-0.168820605,-0.11932116,-0.273137867,-0.202190802
-0.313676447,0.0297693647,-0.491697609,0.0443102308
-0.350553036,0.155951276,-0.532028198,0.239772141
-0.268506497,0.195691898,-0.419004917,0.313298374
-0.109614104,0.112760514,-0.183712721,0.199589193
0.0537914783,-0.0798454881,0.0869976506,-0.119010024
0.154069051,-0.31968078,0.23402831,-0.48327738
0.157787859,-0.518440723,0.21096167,-0.704384029
0.075999774,-0.599507272,0.0917026624,-0.771087348
-0.0479382761,-0.532111108,-0.069653675,-0.729608715
-0.164522231,-0.345747441,-0.254000366,-0.52999264
-0.24319014,-0.117643028,-0.393339664,-0.196941704
-0.283068627,0.0610990226,-0.450667769,0.0970753655
-0.304929703,0.124931701,-0.470399767,0.202946961
-0.330737114,0.0607261956,-0.506904781,0.10752669
-0.363990903,-0.0897198319,-0.548446655,-0.121153586
-0.383247644,-0.251519799,-0.554320455,-0.349738836
-0.353311449,-0.351588994,-0.503541648,-0.483333111
-0.248137236,-0.349960029,-0.377899885,-0.510059357
-0.0723130032,-0.253745943,-0.132261753,-0.406633824
0.131906316,-0.109093048,0.199759051,-0.186545447
0.297648042,0.0230103824,0.463901699,0.0278802477
0.361474514,0.0944469869,0.553468287,0.135675311
0.293073267,0.0884587467,0.46901986,0.133807898
0.111788914,0.0220091324,0.200793326,0.0343410894
-0.118608609,-0.0665941834,-0.184388727,-0.10950765
-0.314953208,-0.136995241,-0.48371169,-0.206813663
-0.408045948,-0.163417831,-0.599437118,-0.233206749
-0.36922282,-0.142034054,-0.562330306,-0.206388324
-0.218773723,-0.0879416168,-0.365734935,-0.136092037
-0.0138498833,-0.0254122578,-0.0372437946,-0.0405797102
0.177030444,0.0229880605,0.282963872,0.0365635976
0.300475031,0.0439722314,0.471987814,0.0653753355
0.334394813,0.036179442,0.520860672,0.0505986623
0.288825393,0.00876009744,0.462693959,0.00730258785
0.194125772,-0.022319911,0.322564542,-0.0416059345
0.084519431,-0.0389873385,0.145716399,-0.0677015558
-0.0146120144,-0.0263437051,-0.0214670878,-0.0472667404
-0.0910808593,0.0218684394,-0.150257304,0.0330227576
-0.142647296,0.0989221036,-0.233356819,0.16268526
-0.170695946,0.184184879,-0.27391845,0.296468109
-0.175739497,0.24770543,-0.272901684,0.391153455
-0.157067508,0.260350198,-0.242224619,0.414219081
-0.115398698,0.206376448,-0.18207708,0.339947522
-0.0553985611,0.0928815976,-0.0907703638,0.163839236
0.0144988624,-0.0493093319,0.0248238407,-0.0753165185
0.0850728601,-0.175450772,0.134599656,-0.281521916
0.149802953,-0.244299695,0.231108621,-0.389288038
0.206003591,-0.235650033,0.316179425,-0.374533951
0.252497554,-0.15948464,0.391569048,-0.260506451
0.285571128,-0.0517095774,0.448709011,-0.0925692841
0.296825796,0.0420846939,0.466305047,0.0555512458
0.275874168,0.0871802494,0.4410294,0.132260457
0.217701226,0.0744330287,0.357566148,0.116850741
0.130758092,0.0217319783,0.224243671,0.0347636044
0.0400036722,-0.0383199491,0.0700583458,-0.0648423433
-0.0191931985,-0.0776958466,-0.032667622,-0.128875881
-0.0155678131,-0.0885807425,-0.0309566166,-0.147692353
0.0612652861,-0.0866603181,0.093625471,-0.142966926
0.19072175,-0.100160562,0.303469628,-0.161655948
0.324811906,-0.150754794,0.491661996,-0.231308371
0.406015545,-0.237262771,0.578469515,-0.342733115
0.392482936,-0.331881613,0.542484522,-0.464162111
0.278745323,-0.391986102,0.396546066,-0.561629117
0.101085998,-0.381879896,0.150970891,-0.579725623
-0.076443553,-0.293022156,-0.121123619,-0.468523592
-0.189835325,-0.151518583,-0.309359223,-0.248868883
-0.203859016,-0.00808375329,-0.337452829,-0.0126771424
-0.127657473,0.0851049796,-0.21671766,0.143489972
-0.00918338541,0.0991655439,-0.0179223008,0.17105101
0.0891025439,0.0422972552,0.148843214,0.0756691694
0.12128289,-0.0444543473,0.204562113,-0.0720619038
0.0801285878,-0.107270442,0.135085225,-0.178925529
-0.0009753544,-0.105259039,0.000440856762,-0.18003878
-0.0673318282,-0.0289661083,-0.113649778,-0.0550982691
-0.0734484717,0.0970432386,-0.125982672,0.156803027
-0.00877685286,0.227844819,-0.0172105711,0.367500752
0.0950191393,0.320167631,0.147564709,0.496245444
0.179437041,0.351202548,0.275262684,0.525710344
0.189458981,0.325227022,0.297422498,0.490699321
0.103126317,0.266161233,0.175918713,0.419900686
-0.0552096255,0.201707065,-0.0758437961,0.326955914
-0.225234345,0.148598537,-0.348898083,0.240643069
-0.339659601,0.10684225,-0.515814781,0.170937985
-0.357119411,0.0649539456,-0.546026647,0.106956728
-0.28206107,0.0116868028,-0.452619135,0.0290092602
-0.16136229,-0.0536546223,-0.269716799,-0.0791365877
-0.0594534688,-0.1187471,-0.102329306,-0.191520825
-0.0248986501,-0.1648487,-0.0414692648,-0.271446198
-0.0658259392,-0.178000376,-0.106568418,-0.292976201
-0.146944001,-0.157618001,-0.238477603,-0.256697744
-0.20954901,-0.117014766,-0.339103371,-0.187938944
-0.20385322,-0.0754754171,-0.336713612,-0.119124062
-0.116500728,-0.0467755385,-0.200961739,-0.0715788379
0.0213082079,-0.0312876143,0.0274088904,-0.0502891541
0.149416879,-0.0166750085,0.24184978,-0.0286852513
0.209826484,0.0130753508,0.342527747,0.0152513655
0.176897064,0.0657281205,0.293599933,0.099041082
0.0706667006,0.133418515,0.122813039,0.212677658
-0.0537648425,0.194762096,-0.0798950866,0.313055515
-0.135169387,0.225826189,-0.209753424,0.363701493
-0.138098717,0.213924989,-0.219792217,0.348952919
-0.0708194226,0.166180909,-0.116776817,0.279136062
0.0202761572,0.107453056,0.0335341692,0.185322255
0.076815553,0.0681452006,0.127084166,0.113502003
0.0611683652,0.0682207271,0.105158128,0.109289713
-0.0218777191,0.10612148,-0.0291356873,0.170611918
-0.126388177,0.158791661,-0.200816691,0.257701755
-0.189276397,0.192997813,-0.299024671,0.311030507
-0.164646804,0.181972966,-0.265043169,0.300618172
-0.0503758378,0.118558079,-0.0875112042,0.205672383
0.1074057,0.018054489,0.174688831,0.038718272
0.23488465,-0.0902527198,0.374289453,-0.143352434
0.266094446,-0.177762762,0.415975273,-0.281283468
0.17541872,-0.229154781,0.280756384,-0.369222105
-0.00947056338,-0.246274054,-0.0096180439,-0.401794374
-0.220749527,-0.242014915,-0.340677977,-0.379359335
-0.382780105,-0.228808016,-0.559063494,-0.328718543
-0.447042018,-0.209337637,-0.633459985,-0.286480904
-0.412023515,-0.175508976,-0.605439901,-0.245440006
-0.318579495,-0.116424538,-0.500628531,-0.17507118
-0.224220827,-0.0303290151,-0.368681133,-0.0465303697
-0.170699835,0.0673964769,-0.281763941,0.109788999
-0.162384242,0.146263376,-0.260946512,0.238150463
-0.166706309,0.173155546,-0.26331833,0.283326358
-0.135850266,0.129398689,-0.22139287,0.220683321
-0.0373334251,0.023245221,-0.065074563,0.0501192883
0.123599432,-0.109709352,0.197044715,-0.174099758
0.302324533,-0.219700038,0.450751215,-0.334647149
0.435192138,-0.263968021,0.598827422,-0.37691319
0.471194476,-0.225908816,0.643071115,-0.322727263
0.398088008,-0.122813113,0.589411259,-0.196397349
0.249022111,0.00172082754,0.405711859,-0.0115670143
0.0861263201,0.0971751511,0.151309118,0.154452294
-0.0302245431,0.128153279,-0.0444082841,0.213435933
-0.0702134669,0.0889245123,-0.113809384,0.154768944
-0.0464214347,0.00426791981,-0.0794260278,0.0149426227
-0.00293563213,-0.0828944221,-0.00864628982,-0.133977592
0.0117862588,-0.130594581,0.0190490708,-0.216828331
-0.0268109925,-0.114737958,-0.0447447337,-0.193165973
-0.105434313,-0.0369042046,-0.174841002,-0.0681870282
-0.180761203,0.0789843276,-0.294945806,0.12460918
-0.204470962,0.198007777,-0.324932933,0.314015776
-0.151525691,0.287642628,-0.23598434,0.450268
-0.0360072441,0.327656955,-0.056892138,0.514056563
0.0943405628,0.31379196,0.148526743,0.490552902
0.182074711,0.255818874,0.291443676,0.40040803
0.189655587,0.172538757,0.311852813,0.275591165
0.11878556,0.0862856954,0.205614701,0.140745983
0.00918179192,0.0181657914,0.0229454171,0.0296523236
-0.0823880807,-0.0160348825,-0.135687336,-0.0264710654
-0.111410841,-0.00957209989,-0.18839328,-0.0144430194
-0.067601867,0.0324749351,-0.118537411,0.0551785044
0.0218694322,0.0929699466,0.0317714624,0.153271779
0.108976334,0.146665379,0.178875849,0.238771036
0.151622131,0.168437988,0.249039382,0.270877451
0.135763958,0.143462598,0.228139088,0.232694045
0.081028834,0.0750340521,0.141308591,0.126163557
0.027404096,-0.0142287435,0.0508479662,-0.021027362
0.0111102611,-0.08962176,0.0180995669,-0.148150221
0.0435514078,-0.11796087,0.066106692,-0.19714421
0.105167344,-0.0820604488,0.167834759,-0.140421852
0.157374799,0.0104337251,0.253974557,0.00747997547
0.165510058,0.128253847,0.271415472,0.199298516
0.119545929,0.227758914,0.198369235,0.357479483
0.0407398492,0.269650042,0.0744400099,0.42757085
-0.0295891054,0.234084085,-0.0387183651,0.380942643
-0.0528457873,0.127902836,-0.0828119069,0.219864875
-0.01471812,-0.0186876375,-0.0250228886,-0.0199485831
0.066526942,-0.164029881,0.104165189,-0.263744533
0.149558321,-0.27014482,0.228995726,-0.423681796
0.191905066,-0.314947486,0.287328541,-0.48411414
0.172089115,-0.297358751,0.262492418,-0.465773076
0.0998877287,-0.23451446,0.157977715,-0.384218514
0.00951504707,-0.153375208,0.0134992488,-0.259245783
-0.059852466,-0.0805715099,-0.100492105,-0.13730292
-0.0848667175,-0.0340253375,-0.143687844,-0.0562690794
-0.0684445575,-0.0184427351,-0.115937985,-0.0280951243
-0.0344972871,-0.0251848549,-0.0602604821,-0.0397894196
-0.0108289216,-0.0359654762,-0.0188918002,-0.0594090633
-0.0108610457,-0.0293197576,-0.0188220069,-0.0509431176
-0.0252863411,0.0115664257,-0.0428274423,0.0183425229
-0.0286679808,0.0916029885,-0.0490359329,0.149619892
0.00301264971,0.199573532,0.00320085674,0.320614427
0.0745079815,0.309276313,0.11547026,0.480183274
0.164177775,0.386996567,0.245984659,0.57088536
0.232449189,0.403738081,0.339507818,0.576401711
0.241608486,0.34791559,0.366124183,0.511458278
0.175911069,0.232845902,0.289649069,0.367797643
0.0505890101,0.0946014971,0.0970521122,0.160145268
-0.0954175666,-0.020381147,-0.151824266,-0.0311918296
-0.21886377,-0.0736342072,-0.352061927,-0.117458656
-0.292646646,-0.0510813333,-0.462653816,-0.0798406899
-0.315724015,0.0303447675,-0.496644825,0.0484576114
-0.307277918,0.129801378,-0.479512513,0.204063222
-0.289387226,0.200851113,-0.44346115,0.313064665
-0.269499093,0.212762445,-0.411519676,0.334807545
-0.234265327,0.164578706,-0.367379636,0.269050986
-0.159460485,0.0848355144,-0.260428429,0.148279905
-0.0305912439,0.016719697,-0.0578643642,0.035723187
0.138579205,-0.00418695202,0.221501648,-0.0070627844
0.302405477,0.0315422043,0.470677018,0.0445219949
0.399633408,0.101841815,0.593833804,0.140099704
0.383026093,0.163971081,0.574199557,0.231641561
0.247056082,0.17617926,0.399053812,0.269284934
0.037737485,0.119255573,0.0799306408,0.197377115
-0.162939176,0.00693005184,-0.258230686,0.017972488
-0.272249252,-0.120261788,-0.430981189,-0.180429801
-0.24493441,-0.21456182,-0.38940537,-0.323971987
-0.0950907171,-0.244028881,-0.168020979,-0.384242684
0.109865785,-0.207323551,0.161812797,-0.336415589
0.280685723,-0.132878155,0.430606902,-0.215372711
0.347658843,-0.0632153526,0.534478068,-0.107051283
0.291223556,-0.0328008644,0.465693206,-0.059069518
0.146892786,-0.0509680584,0.251516134,-0.0892688185
-0.0169137884,-0.098556526,-0.0201017484,-0.164819315
-0.135484159,-0.139588863,-0.220878676,-0.225779563
-0.179155886,-0.141482279,-0.293469608,-0.227119073
-0.163278356,-0.0930474252,-0.274136215,-0.151684538
-0.13285087,-0.0109786009,-0.224898085,-0.0194202326
-0.131831795,0.0682451427,-0.217728809,0.112037726
-0.175170392,0.106537946,-0.280996859,0.175614282
-0.239469528,0.0829728246,-0.378867924,0.14064613
-0.277216136,0.00373236276,-0.439583927,0.0164733324
-0.245976284,-0.101287335,-0.395538449,-0.150784954
-0.13545239,-0.192853972,-0.227370977,-0.301030636
0.0234354492,-0.240119383,0.0248300433,-0.383184999
0.173039392,-0.232981339,0.263863325,-0.371551931
0.259231895,-0.183759809,0.399446458,-0.295408964
0.260576904,-0.118590765,0.411755562,-0.197620571
0.200016111,-0.0638941601,0.329889387,-0.110499151
0.132288292,-0.0350009426,0.222505227,-0.0624584667
0.113734491,-0.0319936685,0.188089862,-0.0542662404
0.170898288,-0.0435101911,0.274781823,-0.0705784038
0.28501448,-0.0551933199,0.443484306,-0.089954637
0.40077734,-0.0577252656,0.594397902,-0.0922614336
0.454580098,-0.0505407602,0.655886531,-0.0821965486
0.407032192,-0.0402993932,0.610395253,-0.0688612759
0.262628525,-0.0360956453,0.427126765,-0.0666141957
0.0668206438,-0.0446123146,0.121387921,-0.0795594528
-0.116876431,-0.0675970763,-0.187159702,-0.112998769
-0.236673772,-0.10205026,-0.379157454,-0.157673791
-0.273306757,-0.141813576,-0.433274448,-0.215301678
-0.241977409,-0.178900808,-0.386988014,-0.274073571
-0.17667599,-0.203928128,-0.289328367,-0.31966573
-0.107792951,-0.20643878,-0.18104589,-0.331413448
-0.0467354022,-0.176564962,-0.0827692226,-0.290797412
0.0141107095,-0.108711258,0.015990762,-0.185369685
0.087786153,-0.00619549025,0.140028343,-0.0140466774
0.175819397,0.115749322,0.282301575,0.18111752
0.260157436,0.231311411,0.402731925,0.348869443
0.31033355,0.310755461,0.459078372,0.447680086
0.302195996,0.330596745,0.446596175,0.474391103
0.236450627,0.283190042,0.370590478,0.428804845
0.144277558,0.181222707,0.243047729,0.294939995
0.0743172988,0.0545341447,0.130916089,0.0948780328
0.0665138215,-0.0599035397,0.109205842,-0.0954609737
0.127087221,-0.130838603,0.200993896,-0.213043869
0.219834358,-0.143134758,0.343948245,-0.233410031
0.280924559,-0.101656027,0.439212918,-0.169141978
0.251455724,-0.0276555363,0.403780222,-0.0549308583
0.11138989,0.0500514582,0.193801954,0.0739031062
-0.103701986,0.105014279,-0.159753397,0.167913482
-0.313666642,0.12039195,-0.474909455,0.190251827
-0.428884655,0.0917458981,-0.624689579,0.144093052
-0.39278695,0.0259526689,-0.59298408,0.0512598716
-0.210431829,-0.061855305,-0.352324337,-0.0870543793
0.0517346747,-0.15162237,0.0688541457,-0.241129652
0.295421571,-0.221515045,0.439194143,-0.33815527
0.434977949,-0.251528233,0.603624463,-0.361649513
0.434947073,-0.228204399,0.611151457,-0.332048774
0.322550386,-0.149904698,0.495986849,-0.242131874
0.169911057,-0.0305032171,0.281448752,-0.064091064
0.0561238565,0.10125681,0.095363535,0.159320563
0.0289494731,0.208356589,0.0472372919,0.336340606
0.0851106569,0.2569758,0.136079639,0.412305713
0.177686304,0.228894621,0.28190434,0.36486274
0.244782388,0.129493758,0.393104315,0.208192125
0.243146434,-0.0127760228,0.396952152,-0.0193741694
0.168993875,-0.156085193,0.279140055,-0.25333035
0.0562738627,-0.260515779,0.0928944796,-0.417891264
-0.0448165536,-0.302624285,-0.0725384876,-0.476825416
-0.0960101336,-0.283109099,-0.157929167,-0.447776943
-0.0901895165,-0.224509954,-0.154060155,-0.361530215
-0.0519848317,-0.160394549,-0.0936955065,-0.265098512
-0.0208761916,-0.121193804,-0.0387237594,-0.201901123
-0.0273720156,-0.122944251,-0.0462554283,-0.203859657
-0.0758705363,-0.163283259,-0.123643257,-0.26597929
-0.143189192,-0.225283772,-0.229315132,-0.355686307
-0.192496672,-0.286137372,-0.30124861,-0.437196106
-0.19390814,-0.326063961,-0.301453829,-0.487902462
-0.139952853,-0.333713025,-0.223580793,-0.505606949
-0.047842212,-0.306890309,-0.0868849754,-0.480800629
0.0515675433,-0.250046134,0.0722438544,-0.40264523
0.130770028,-0.171144024,0.205139145,-0.283184767
0.178462625,-0.0798590034,0.28731069,-0.137176454
0.201387718,0.0127181793,0.325653791,0.0134158721
0.21527271,0.094211027,0.348419994,0.144600317
0.231450751,0.152458683,0.369374394,0.238066271
0.247937426,0.17871578,0.39313823,0.277761281
0.250549853,0.171178788,0.39787823,0.266511738
0.223181367,0.136567548,0.363914341,0.216448575
0.160550058,0.0881742015,0.26965943,0.14291653
0.0750857815,0.04077214,0.132115379,0.0666458607
-0.00694479141,0.00483317953,-0.00718249008,0.00599365123
-0.0585167632,-0.0167633295,-0.0970063657,-0.0273312461
-0.0669070035,-0.0275841132,-0.114030577,-0.0442921706
-0.0419789106,-0.0327334441,-0.0747448578,-0.0519795939
-0.0124548357,-0.0333088711,-0.0228169672,-0.054901313
-0.0115357097,-0.024030311,-0.0206461251,-0.0408641323
-0.0591861829,0.00385888177,-0.0958579853,0.00435355399
-0.150402322,0.0555913448,-0.242481947,0.0894325823
-0.255741805,0.125880167,-0.401716262,0.198624268
-0.334038556,0.196745723,-0.500481904,0.300535947
-0.351018071,0.242773712,-0.514843822,0.363793761
-0.294744819,0.24229157,-0.44633916,0.3751674
-0.180758506,0.189174473,-0.290191531,0.311220109
-0.0451207571,0.0988246799,-0.0776461586,0.173676684
0.0705978945,0.00424782652,0.11655695,0.012723743
0.135081157,-0.056954015,0.22218141,-0.0964037105
0.137089252,-0.058978118,0.22609818,-0.102827094
0.0863428563,0.000257957377,0.145981386,-0.00718468521
0.00691767177,0.0976700336,0.0141596878,0.155522421
-0.0725763887,0.194970623,-0.113473184,0.313635916
-0.127657473,0.255314946,-0.197046801,0.40654999
-0.143121034,0.258625895,-0.220004246,0.413670242
-0.11476323,0.208434388,-0.182348102,0.343937933
-0.0490425192,0.127546459,-0.0811950639,0.218410477
0.0383224264,0.0455322452,0.0628484264,0.0818084329
0.125027016,-0.0151092429,0.205355868,-0.0247945022
0.186995775,-0.0471888036,0.303836793,-0.0807836279
0.205428109,-0.0581115969,0.333510786,-0.101283424
0.174260035,-0.0619077794,0.286752343,-0.106377661
0.104575038,-0.0693988055,0.178122476,-0.120012306
0.022619972,-0.0822580159,0.0400402583,-0.1394348
-0.0394659042,-0.0938028768,-0.064523235,-0.155691922
-0.0572951995,-0.0950614065,-0.0991328508,-0.157109678
-0.0262736548,-0.0816062391,-0.0504591279,-0.136568263
0.0342354625,-0.056600187,0.0519155003,-0.0946785435
0.0877696276,-0.0283189677,0.142947093,-0.0493159816
0.0965170041,-0.00422404893,0.162569448,-0.0100991046
0.0390714183,0.0140091227,0.0707173571,0.0197245963
-0.0782855228,0.0307515617,-0.124772318,0.0499184802
-0.222575158,0.0514568835,-0.353414118,0.0823246315
-0.347392023,0.0757303163,-0.529525101,0.119743392
-0.412444144,0.0935037658,-0.608085752,0.145838812
-0.400230199,0.0879101306,-0.596174181,0.137491062
-0.322141111,0.044372227,-0.503835559,0.0794979036
-0.211519793,-0.0388476178,-0.346715838,-0.0512425862
-0.107564725,-0.145138219,-0.181573138,-0.229209036
-0.0381689928,-0.24344188,-0.0657919273,-0.386426955
-0.00979117211,-0.300863206,-0.0211625341,-0.473366469
-0.0084570935,-0.298057914,-0.0195742119,-0.471731037
-0.0102500161,-0.239216864,-0.022140855,-0.390362918
0.00480952254,-0.150746003,0.00197885232,-0.255308151
0.0426119752,-0.068582736,0.0664476976,-0.1174163
0.0930344388,-0.0203645956,0.152603164,-0.035367649
0.136192232,-0.011817107,0.224969536,-0.0212858841
0.152864814,-0.0248017814,0.252341211,-0.0437637866
0.13366808,-0.0283135548,0.222195774,-0.0516026467
0.0829906687,0.00337007851,0.140865982,-0.000734497909
0.0168116,0.0752625838,0.0302126333,0.119454786
-0.0436228998,0.167527854,-0.0684696212,0.270416498
-0.079067044,0.245083332,-0.122778334,0.391959459
-0.0779027492,0.275818169,-0.119421795,0.440999359
-0.0390650854,0.247457847,-0.0599999018,0.401824147
0.0275905263,0.173782602,0.0476347692,0.291468531
0.103097223,0.0868039578,0.171520755,0.147286445
0.163383961,0.0193679873,0.268547684,0.0301409122
0.185618326,-0.0119394911,0.305159152,-0.0249003861
0.156146362,-0.0138720507,0.259480119,-0.028223915
0.077649951,-0.00959668681,0.134487346,-0.0212718453
-0.028088497,-0.0218844283,-0.0420088358,-0.0378987081
-0.124875516,-0.0564315878,-0.203750148,-0.0912034661
-0.174475342,-0.0955552012,-0.285521924,-0.152265593
-0.152768523,-0.106778756,-0.256850421,-0.16997844
-0.0626389384,-0.062238533,-0.114048965,-0.104484499
0.0634718463,0.0417872928,0.0975653008,0.0647361204
0.174447209,0.176741734,0.277802318,0.277122736
0.221463725,0.290875733,0.34299019,0.436154723
0.179953858,0.332144648,0.285524368,0.498918295
0.0617863089,0.273706466,0.112536743,0.435430169
-0.0892366543,0.128813401,-0.133814722,0.219360828
-0.217471018,-0.0530601665,-0.345503628,-0.0759315416
-0.281831294,-0.207482278,-0.437253773,-0.310228825
-0.275288224,-0.283387035,-0.421372831,-0.419604123
-0.227089152,-0.264511824,-0.3581855,-0.406314999
-0.185916781,-0.173661321,-0.305466294,-0.279489845
-0.192285463,-0.0584574789,-0.314969242,-0.0979201421
-0.254663795,0.0333329774,-0.405633807,0.0524326451
-0.342503607,0.0758785903,-0.523183107,0.123356119
-0.400835693,0.0738307387,-0.594528615,0.118053786
-0.379609764,0.0541446358,-0.574937761,0.0919955745
-0.262604415,0.0470465906,-0.426502079,0.0833822638
-0.0801940039,0.0674671009,-0.142955795,0.115450002
0.101818979,0.107264429,0.162426248,0.178050175
0.212645128,0.14192161,0.343433559,0.225189969
0.211110502,0.146997347,0.344754934,0.230655387
0.106549978,0.114199765,0.188106343,0.186059266
-0.0452247448,0.0574909337,-0.0630614907,0.0960109159
-0.169324547,0.00566750905,-0.275397897,0.0129729258
-0.208765358,-0.0141479056,-0.341898084,-0.0194612183
-0.152084053,0.00766983302,-0.259414434,0.0165109504
-0.0373906605,0.0575257763,-0.0698145404,0.0969510823
0.0690755397,0.106554799,0.114658542,0.175525978
0.108483501,0.127827391,0.182534009,0.20732978
0.060301479,0.112837784,0.109303594,0.185774148
-0.0476315767,0.0774053559,-0.0712934583,0.127702489
-0.154920459,0.052940473,-0.249611065,0.0890147239
-0.201647893,0.0673853382,-0.327892065,0.112418287
-0.160909593,0.126370162,-0.267240942,0.20811893
-0.0535383597,0.205648914,-0.0916004702,0.334521264
0.0627139881,0.26020655,0.0999826416,0.41634196
0.123680502,0.246475577,0.203002021,0.391998798
0.0927642435,0.146641672,0.164231688,0.242985442
-0.0194713399,-0.0178573411,-0.020350216,-0.0235485174
-0.160222262,-0.19163838,-0.251164198,-0.301715672
-0.261051655,-0.308187366,-0.394324243,-0.455150276
-0.272157311,-0.31989947,-0.411597997,-0.469186157
-0.186639622,-0.221009791,-0.308257759,-0.348951161
-0.0427498445,-0.052091226,-0.0868705362,-0.0914917812
0.0962219238,0.11655882,0.152593151,0.186724171
0.173344806,0.215283737,0.279386938,0.339317203
0.164440408,0.20530057,0.274075598,0.329295009
0.0866058394,0.095016405,0.154714972,0.161222637
-0.0141350171,-0.0647816584,-0.017070666,-0.102671742
-0.0882296115,-0.204277575,-0.142569825,-0.325241476
-0.107137695,-0.26559332,-0.177107543,-0.420329124
-0.074650608,-0.227375016,-0.130208358,-0.369397432
-0.0204827171,-0.112390339,-0.0422937758,-0.191686615
0.0187679362,0.0244686082,0.027294213,0.0360747464
0.0200452637,0.121617019,0.0358541422,0.199369714
-0.0152844135,0.137915954,-0.0199899115,0.22961399
-0.0649189278,0.0696853921,-0.101081714,0.122875728
-0.100125074,-0.0491944849,-0.163492486,-0.0739992708
-0.102257848,-0.163232341,-0.169192672,-0.25945276
-0.0720233619,-0.219688252,-0.12423671,-0.353633136
-0.0270528421,-0.190627635,-0.0525666401,-0.314546973
0.00976508018,-0.0835675076,0.0093690753,-0.145845756
0.023787139,0.0630901456,0.0379149243,0.0970109925
0.0161170587,0.197139174,0.0289969686,0.317796469
0.00127207581,0.274498433,0.00783903711,0.435975611
-0.00294657587,0.276785612,0.00220806641,0.443514496
0.0129776569,0.217599466,0.025793314,0.357948303
0.0440722927,0.135489613,0.0758218393,0.229702145
0.0734260082,0.0770457014,0.123609722,0.128807321
0.0817789659,0.0773433149,0.137897208,0.12393342
0.0585992597,0.145727649,0.100559846,0.233130679
0.00854990259,0.262446731,0.0192420185,0.411655456
-0.0499459691,0.387080699,-0.0682070553,0.580165446
-0.0929878429,0.474951565,-0.123818904,0.672661126
-0.101868376,0.494656533,-0.133610696,0.693634391
-0.0425524898,0.0921970606,-0.0588614643,0.18264024
-0.0265703164,0.0290518794,-0.0473178849,0.0404836945
-0.00273785833,-0.0303743165,-0.00527650444,-0.0475879498
0.0149549982,-0.0522201248,0.0228489414,-0.088427484
0.0192138702,-0.0259366352,0.0311503652,-0.0470872037
0.0116245477,0.0311030336,0.0195484664,0.0481145605
-0.000493183732,0.0841609314,-0.000359467289,0.13806653
-0.00997697469,0.101222619,-0.013692582,0.169856384
-0.0146678574,0.0715940148,-0.0220817234,0.121179752
-0.0184701271,0.0126548549,-0.0292414725,0.0246690456
-0.0283618756,-0.0391292609,-0.0471264012,-0.0645683631
-0.0494537354,-0.0481295437,-0.0824335217,-0.0820842683
-0.0811240301,0.000512310013,-0.135398909,-0.00234938995
-0.116398595,0.0919568241,-0.191817835,0.149009064
-0.144787267,0.188742802,-0.23020938,0.303039998
-0.156962365,0.250054091,-0.244928405,0.396676004
-0.148945332,0.252659798,-0.230659783,0.405107588
-0.124049217,0.202138036,-0.196506858,0.333531439
-0.0921199247,0.128429711,-0.148214996,0.217732415
-0.0667480454,0.0684659407,-0.110911168,0.116548039
-0.061530754,0.0457183607,-0.102429539,0.0771919191
-0.0862267464,0.0580823459,-0.141364038,0.0956339091
-0.143309414,0.0806885511,-0.232230052,0.132974461
-0.225478962,0.0817829818,-0.358204603,0.134820119
-0.315133929,0.0424814373,-0.487661093,0.0732705742
-0.387062281,-0.0309059583,-0.57999903,-0.036018908
-0.4149988,-0.10902074,-0.611403704,-0.150507078
-0.381011516,-0.154913872,-0.570926368,-0.221873581
-0.284583151,-0.144158795,-0.453229249,-0.219698757
-0.147043258,-0.0783841833,-0.253337234,-0.125972807
-0.00785591546,0.0152473217,-0.0213938653,0.0243685562
0.0876274928,0.0981472656,0.143121883,0.158303902
0.105158672,0.139924914,0.178310812,0.226209417
0.0363979004,0.132492229,0.0700188354,0.218246907
-0.0955242515,0.0909556001,-0.14737609,0.151490882
-0.243276253,0.0413132198,-0.38357988,0.0710128322
-0.353266388,0.00263957912,-0.540907562,0.010238545
-0.38683188,-0.0253576748,-0.585366428,-0.0300527047
-0.335269719,-0.0616639219,-0.523012698,-0.0877996087
-0.221884057,-0.130166814,-0.362865746,-0.196503654
-0.0902975127,-0.240691826,-0.153034687,-0.374875426
0.0151589885,-0.376349658,0.0164549276,-0.56559521
0.0674981624,-0.495646358,0.0876645073,-0.694099426
0.065268822,-0.549721062,0.0797604248,-0.7385149
0.0279860832,-0.506378829,0.0319584049,-0.70782274
-0.0174024329,-0.368180186,-0.0335060135,-0.567964315
-0.0508532822,-0.174369931,-0.0920206308,-0.294947833
-0.0665219203,0.0153005188,-0.115832582,0.0172971692
-0.0698744059,0.147162274,-0.114495434,0.24302052
-0.0677816123,0.197186261,-0.105309516,0.323620409
-0.0589632541,0.179426447,-0.0912875533,0.298983663
-0.0317537785,0.135139406,-0.0504859127,0.228626922
0.0286279265,0.108594857,0.045451913,0.182261631
0.127470493,0.122671172,0.205773637,0.199038997
0.250829071,0.167408571,0.392233014,0.259361446
0.365963459,0.207657248,0.54112798,0.301291406
0.433674335,0.205539241,0.62047106,0.286584824
0.427046418,0.145232037,0.624232054,0.205443218
0.34652698,0.0460374765,0.540761352,0.0660301894
0.222267225,-0.0442528464,0.367093861,-0.0750728995
0.101079181,-0.0731706768,0.171381027,-0.126283363
0.023860855,-0.0125924256,0.0395990349,-0.027897805
0.00515209185,0.122353084,0.00499502989,0.196085617
0.0260903779,0.275201857,0.0415083766,0.431711078
0.0452813543,0.371308327,0.0734034553,0.562779009
0.0224313587,0.351878941,0.0460645556,0.543421686
-0.0577189066,0.20276466,-0.0806339979,0.338522851
-0.174374416,-0.0359584354,-0.274139464,-0.0456628241
-0.279282808,-0.284607649,-0.417523265,-0.413427651
-0.321182787,-0.45634231,-0.436423898,-0.601499021
-0.273533106,-0.492875278,-0.374536783,-0.649736822
-0.150699586,-0.387665361,-0.237001419,-0.574939966
-0.00349574233,-0.186899468,-0.0220344458,-0.313145489
0.104246773,0.031211853,0.165734082,0.0416568257
0.126305357,0.188906476,0.209102288,0.299575448
0.0561663583,0.238839775,0.102552779,0.383929253
-0.0707407221,0.179523408,-0.10151621,0.29943499
-0.195600271,0.051418893,-0.308675706,0.0924117193
-0.265630335,-0.0826680362,-0.422094852,-0.12089292
-0.258960932,-0.163379803,-0.412820041,-0.249796957
-0.192353725,-0.156166151,-0.318791389,-0.24972032
-0.108584903,-0.0609566383,-0.187725112,-0.103551373
-0.0512014739,0.0914763659,-0.0882877111,0.144831076
-0.0407937728,0.252969742,-0.0637118369,0.39874962
-0.0655205548,0.375083119,-0.0912620127,0.565892398
-0.0903455317,0.423917294,-0.12473546,0.624204099
-0.0790051445,0.388793319,-0.111952893,0.587855458
-0.015921751,0.283536613,-0.0220289044,0.457072973
0.084239319,0.141119733,0.140359223,0.241616026
0.184360251,0.00358180469,0.301935822,0.00894359592
0.245114475,-0.0902216882,0.391672701,-0.14770551
0.245900527,-0.116030492,0.392024487,-0.19261688
0.19463639,-0.0715465471,0.317233354,-0.124914363
0.121213406,0.0229146015,0.202946141,0.0280522928
0.0588530861,0.131455883,0.0985778123,0.211861491
0.0244727787,0.215575472,0.043239329,0.348450899
0.00958089996,0.248618215,0.019635208,0.400231779
-0.0129709626,0.22590214,-0.0139545863,0.368516117
-0.0702759176,0.165868536,-0.107009679,0.275733829
-0.169587836,0.101180822,-0.267954111,0.168326452
-0.289152473,0.0632971078,-0.451918006,0.102726281
-0.385504007,0.0674510673,-0.578368366,0.105097197
-0.413895279,0.105288923,-0.609370649,0.159647614
-0.351143271,0.149121165,-0.534301341,0.23146832
-0.208678886,0.166199341,-0.337214112,0.272872478
-0.0287762694,0.136281341,-0.0527465269,0.234220579
0.134112328,0.0636805668,0.219320342,0.111157008
0.23721382,-0.0227160081,0.38372466,-0.0355308242
0.266371876,-0.0822284818,0.425147951,-0.136226833
0.238063648,-0.0822637975,0.382291406,-0.139853716
0.186680004,-0.0156730432,0.305443615,-0.0350452401
0.144926026,0.0932937637,0.238588989,0.143284291
0.12821871,0.198075205,0.209630728,0.314387381
0.130907476,0.250282705,0.21200642,0.394471288
0.135002881,0.222177148,0.222469464,0.35622716
0.125030518,0.120412827,0.211327806,0.202471063
0.0995689109,-0.0157910343,0.171586558,-0.0236828029
0.0725191608,-0.131592929,0.120442994,-0.216916636
0.0635506287,-0.180923611,0.0997852162,-0.29806903
0.0836971328,-0.147050813,0.131312385,-0.247141376
0.125016496,-0.0497618206,0.199411228,-0.0891718715
0.160985038,0.064135924,0.261463702,0.0966211632
0.158239767,0.142514572,0.262728959,0.225965396
0.0938580558,0.151731342,0.163140476,0.247631893
-0.0308610685,0.0916053429,-0.0397831649,0.155063778
-0.187482148,-0.00513207028,-0.298024774,-0.00207281671
-0.330208778,-0.0883897245,-0.50763464,-0.128291279
-0.413812011,-0.11395447,-0.611999035,-0.161549568
-0.411340714,-0.0638287365,-0.615336001,-0.0899504647
-0.323758245,0.0453135483,-0.511598587,0.0729137659
-0.1779394,0.168991521,-0.294594735,0.274540067
-0.0150554888,0.253727734,-0.0277040489,0.408537865
0.124637678,0.259426117,0.200146914,0.413750052
0.213966608,0.175825417,0.3459692,0.282393873
0.243872643,0.0265337527,0.397732437,0.0459761918
0.221163392,-0.140333161,0.358075589,-0.223388806
0.161957487,-0.270386845,0.254014611,-0.425657809
0.0847157314,-0.322374344,0.128684148,-0.504469335
0.00553984428,-0.281294495,0.00480043609,-0.453321546
-0.0636983141,-0.160953313,-0.108914509,-0.271501243
-0.115411647,0.00378161366,-0.195119992,-0.000283703499
-0.145828679,0.170883536,-0.235627472,0.275171846
-0.154547617,0.305310249,-0.236721501,0.471680135
-0.143827781,0.388235778,-0.207971722,0.578034699
-0.117223844,0.418868721,-0.165693402,0.61766094
-0.0778636709,0.409589976,-0.108573131,0.609810233
-0.0274881031,0.377608418,-0.0363240875,0.57589221
0.0325838849,0.337162107,0.0548012294,0.523880064
0.0984927192,0.295377731,0.157966271,0.465545058
0.160491213,0.252822399,0.256307274,0.397037983
0.20192042,0.207521707,0.323640078,0.325652361
0.202682823,0.159729108,0.331245691,0.252139091
0.147127286,0.114592686,0.248433858,0.184366077
0.0333559699,0.0810708851,0.0643340647,0.132463962
-0.120845526,0.0674377829,-0.190442622,0.109945752
-0.279605478,0.0755943283,-0.437614888,0.122909389
-0.399072468,0.0972937793,-0.590011537,0.150233805
-0.442764342,0.114819005,-0.637963116,0.17373617
-0.395815134,0.106761731,-0.590225339,0.168609411
-0.271669209,0.0571106821,-0.435821563,0.101396821
-0.107923068,-0.0360500775,-0.186999321,-0.0487423055
0.047075469,-0.156338751,0.0710777268,-0.250213325
0.151092336,-0.272016048,0.231104672,-0.426487744
0.181268752,-0.345851034,0.268122703,-0.525298178
0.138873935,-0.348594815,0.208093166,-0.534905374
0.0449619591,-0.270805508,0.0690979436,-0.439071625
-0.0695806965,-0.127984658,-0.115447201,-0.220332831
-0.174393386,0.0435540639,-0.286310971,0.0643692613
-0.246458188,0.198901847,-0.384190679,0.311933666
-0.272498161,0.30021438,-0.403782904,0.452732414
-0.248820111,0.329577386,-0.364647537,0.495571971
-0.18112959,0.2939035,-0.276951849,0.461507648
-0.0852070525,0.220017612,-0.13636969,0.361858815
0.0131886993,0.142255589,0.0217669047,0.240103632
0.0821052045,0.0880537108,0.138278201,0.147139907
0.0924536884,0.0677289367,0.156664953,0.110813059
0.0304039717,0.0726208389,0.0561800152,0.116563283
-0.0923907906,0.0819205865,-0.14458032,0.132723391
-0.237264156,0.0746133476,-0.373402655,0.121972501
-0.349297285,0.0407791771,-0.534402907,0.0700771883
-0.378025562,-0.013005984,-0.574249566,-0.00860151369
-0.299804777,-0.066539675,-0.477865189,-0.0945165157
-0.131124049,-0.0956033617,-0.227450311,-0.149609447
0.0748032555,-0.0836879238,0.110949889,-0.138463601
0.248285934,-0.0303149149,0.390286922,-0.0537531227
0.3319166,0.0479013175,0.51468873,0.0640757307
0.30468747,0.123910166,0.479674667,0.182035878
0.189923301,0.171525761,0.315918505,0.266315103
0.0431168005,0.176235005,0.0817201808,0.286586761
-0.0743722171,0.140680581,-0.115096465,0.234981194
-0.122790895,0.0824668333,-0.20017311,0.141362101
-0.0992950052,0.0254312977,-0.168383345,0.0492340438
-0.0342435986,-0.0115417736,-0.0620600246,-0.0155462874
0.0283833165,-0.0230114404,0.0452007242,-0.038574677
0.0552285239,-0.018846089,0.0914093107,-0.0337796137
0.0393611714,-0.018518988,0.0692902803,-0.0330473483
-0.000224866482,-0.0403219536,0.00241105678,-0.066639334
-0.0339199007,-0.0903914496,-0.0551825911,-0.147431165
-0.0418813974,-0.1567664,-0.0710991696,-0.253878623
-0.0272266474,-0.211747974,-0.0487409979,-0.341938734
-0.0142784892,-0.2223548,-0.0272892974,-0.361641467
-0.033003822,-0.165059134,-0.057434801,-0.277181983
-0.0989439636,-0.0387560129,-0.164797485,-0.0719591156
-0.200673893,0.129921809,-0.320313305,0.203714669
-0.302571535,0.292172104,-0.440849066,0.432630062
-0.361869246,0.39245823,-0.486805886,0.540150821
-0.350659698,0.388593674,-0.476108521,0.542693555
-0.270525247,0.268848151,-0.404729366,0.421151012
-0.151514545,0.0589842275,-0.249196693,0.114477828
-0.0360141471,-0.184354812,-0.0618366487,-0.287040412
0.04338523,-0.392220825,0.0581699684,-0.583007932
0.0795591697,-0.507269561,0.101856589,-0.705333531
0.091351226,-0.503860772,0.116656706,-0.702653229
0.108957857,-0.396365941,0.150240704,-0.595841348
0.15297693,-0.232266083,0.231692612,-0.378446162
0.219574541,-0.0728124008,0.346928179,-0.126211137
0.280707031,0.0307747982,0.444790989,0.0424319953
0.299617141,0.0557086058,0.474423796,0.0844919384
0.252899319,0.0131682558,0.412896574,0.0189172141
0.146435678,-0.0607965216,0.249984607,-0.101976812
0.0157656353,-0.124232739,0.0321730226,-0.208798349
-0.0898591653,-0.149038166,-0.147959024,-0.246049523
-0.131305248,-0.132334277,-0.219733208,-0.216553003
-0.0984012932,-0.0945458189,-0.170516402,-0.155543625
-0.013721399,-0.0658678934,-0.0303496011,-0.108109936
0.0803599358,-0.0685327128,0.130347222,-0.112733878
0.14381367,-0.10429763,0.234151632,-0.171914279
0.158009261,-0.153786585,0.255065113,-0.252056807
0.131658196,-0.188049108,0.211117297,-0.306422412
0.0914808512,-0.186102003,0.147912785,-0.306372732
0.0641912892,-0.14872466,0.101442054,-0.248932749
0.0609673858,-0.100361645,0.0962311998,-0.169690713
0.0733977407,-0.0770530328,0.119336784,-0.129481673
0.0824384317,-0.105890922,0.135202661,-0.173868805
0.0737641901,-0.186652571,0.120739758,-0.302877367
0.0490309894,-0.28609091,0.0748976544,-0.450121313
0.0253457334,-0.34958443,0.0324669071,-0.539729297
0.0229761675,-0.326090574,0.0271627307,-0.511244297
0.0492607616,-0.194962949,0.0710117221,-0.326355785
0.0897841007,0.0188889187,0.142137647,0.0180133451
0.113974966,0.25034532,0.181316257,0.38761127
0.093423292,0.419263035,0.146636724,0.611972451
0.0226364359,0.464977413,0.0455144309,0.667085528
-0.0709562004,0.374309361,-0.0941160396,0.571895957
-0.13591966,0.189445183,-0.209361166,0.317790598
-0.12224438,-0.00899708457,-0.202993855,-0.00200797897
-0.0106354738,-0.136785164,-0.0288352128,-0.219136685
0.170812085,-0.143128037,0.262479037,-0.235385075
0.353641599,-0.0328538604,0.531242549,-0.0633123517
0.458650321,0.136714846,0.651260138,0.178518444
0.434385389,0.282820702,0.605718553,0.376760453
0.284875065,0.335611075,0.429189444,0.481103718
0.0713500082,0.269782156,0.130094424,0.426858366
-0.114418127,0.114806615,-0.174978927,0.198277652
-0.192809954,-0.0606832281,-0.313016295,-0.0882851258
-0.134006903,-0.182433426,-0.226595297,-0.285966486
0.0283683259,-0.205670357,0.0300398991,-0.33449322
0.214533836,-0.134953886,0.330418408,-0.223070264
0.337919861,-0.0196338668,0.518994987,-0.0425722115
0.346622229,0.0722703338,0.535671651,0.0991742089
0.24619168,0.0885583982,0.403379768,0.135502011
0.0930130929,0.0187191889,0.167134449,0.0319120437
-0.0371291824,-0.10124781,-0.0560399331,-0.163330078
-0.088168025,-0.206984505,-0.147163764,-0.330094993
-0.0502027236,-0.237624988,-0.0914606303,-0.380744338
0.0395567678,-0.165657386,0.054043524,-0.276834399
0.120271325,-0.0104887513,0.19167605,-0.0284326132
0.141579822,0.170317858,0.230901837,0.264236897
0.0897063687,0.30724296,0.148729667,0.472511709
-0.00776034174,0.349412322,-8.81868255e-05,0.536836863
-0.0996135771,0.285074562,-0.14447242,0.454249829
-0.14036265,0.14305006,-0.222408772,0.24398829
-0.11460682,-0.0240897946,-0.191086695,-0.0281182528
-0.0435255766,-0.165594399,-0.078601487,-0.264907598
0.0290065426,-0.253777325,0.0396378823,-0.407037169
0.0619430467,-0.291003317,0.0921642482,-0.461440414
0.0396157913,-0.300437301,0.0572160445,-0.475949168
-0.0208931696,-0.307060748,-0.0339376032,-0.483766735
-0.080829531,-0.320132613,-0.129493982,-0.496306628
-0.102330901,-0.326888591,-0.165232003,-0.502222359
-0.0696348771,-0.30077225,-0.118789352,-0.472282052
0.00248139747,-0.219420001,-0.00713772979,-0.358837456
0.0769265369,-0.0822289512,0.119302765,-0.145240933
0.113956295,0.0826017559,0.186572894,0.126408353
0.0913667157,0.22624591,0.152958557,0.355479628
0.014896919,0.299402297,0.0334880203,0.469789147
-0.085480772,0.27483961,-0.123655975,0.438898593
-0.170036301,0.161227763,-0.265374959,0.270136744
-0.206168637,0.00120392372,-0.331564367,0.0141369747
-0.179433569,-0.145804599,-0.29415977,-0.225331202
-0.0949319527,-0.228173137,-0.163050488,-0.363425523
0.0289532822,-0.222813487,0.0362125374,-0.362999976
0.168950051,-0.142796695,0.261960238,-0.238272622
0.302380294,-0.028994251,0.468847781,-0.0547586828
0.40830341,0.0696067512,0.604596019,0.0937215611
0.466827035,0.117256664,0.664650738,0.158699989
0.460552931,0.104640342,0.660645187,0.143894047
0.380125493,0.0486255661,0.580452681,0.0692386031
0.231831059,-0.0199247841,0.384185821,-0.0369675532
0.0420734435,-0.0731233507,0.0794433355,-0.126400828
-0.146222159,-0.0988950059,-0.234748244,-0.164635882
-0.286302447,-0.103558607,-0.450686187,-0.160143644
-0.344908565,-0.103769772,-0.531176865,-0.151905715
-0.316061169,-0.113091454,-0.495799899,-0.167656615
-0.223800167,-0.131140113,-0.365899324,-0.20221211
-0.111474298,-0.141670927,-0.190596789,-0.228243083
-0.0221396144,-0.121016219,-0.0422721244,-0.200569004
0.0204265248,-0.0525813363,0.0313463174,-0.0942012221
0.0205747075,0.0604026876,0.0334236622,0.0937265381
0.00511978101,0.191135913,0.0112007037,0.307204664
0.00639611948,0.297428846,0.0129361311,0.467454046
0.0431912355,0.338701844,0.0707385018,0.525061369
0.109703518,0.294045597,0.174394995,0.46486935
0.178190514,0.172661886,0.291398078,0.281904876
0.213537425,0.0113649908,0.35088709,0.0222234242
0.191694289,-0.140110224,0.311967611,-0.226565197
0.112192877,-0.239414141,0.181108907,-0.386080563
-0.0014601436,-0.268189579,-0.00340230949,-0.432222754
-0.113006122,-0.237412483,-0.183294103,-0.383693814
-0.18976213,-0.179312423,-0.306931645,-0.287563413
-0.21549131,-0.130177557,-0.348971844,-0.205615312
-0.193990111,-0.112681344,-0.318767905,-0.176635131
-0.1431669,-0.126425415,-0.238730997,-0.200594366
-0.0844248533,-0.151120842,-0.143623918,-0.244508907
-0.0338077657,-0.160341546,-0.0615083948,-0.263013721
0.00097976625,-0.138330474,-0.00276362826,-0.230601147
0.0180354938,-0.0907097608,0.0277103055,-0.154896989
0.0171063505,-0.0430413,0.0271600951,-0.0764510036
-0.00192523934,-0.0275177415,-0.0030447552,-0.0470875278
-0.0365320332,-0.0644515529,-0.0580568612,-0.103980742
-0.077561371,-0.148358986,-0.127153501,-0.23892425
-0.108404718,-0.24656193,-0.175009027,-0.389517158
-0.110417262,-0.312120646,-0.178223953,-0.482018024
-0.0732900575,-0.305545568,-0.124940999,-0.477342397
-0.00463770982,-0.214863509,-0.0183661245,-0.35352844
0.0682039261,-0.0638510436,0.105231732,-0.115811981
0.107809559,0.0963111296,0.17581512,0.149949923
0.0848093778,0.20863077,0.143966928,0.332833111
-0.00436716434,0.235118583,0.00535120629,0.379340798
-0.130588189,0.1729417,-0.198600337,0.286103874
-0.241816372,0.0541010387,-0.37988615,0.097746104
-0.286698967,-0.0711024851,-0.453136772,-0.10267251
-0.240774393,-0.15848428,-0.388945848,-0.241849169
-0.121261634,-0.190021351,-0.206886753,-0.302597731
0.0187922399,-0.179573253,0.0200772826,-0.293681681
0.115736291,-0.161759511,0.184101403,-0.268404573
0.127883554,-0.170256391,0.20847927,-0.278022319
0.0583985709,-0.217335969,0.0986920223,-0.353657216
-0.0445145555,-0.285830677,-0.0691304132,-0.452096075
-0.111711934,-0.338096648,-0.175893322,-0.516590834
-0.0900353119,-0.337362111,-0.148578793,-0.517435491
0.027020609,-0.269939631,0.0280818623,-0.430243254
0.191726238,-0.155917138,0.293397486,-0.256663352
0.323037177,-0.0417680256,0.498046994,-0.0739590973
0.346594959,0.0220857505,0.537750959,0.0261959415
0.233919978,0.00739963632,0.388737261,0.00673683919
0.0205269475,-0.0759666637,0.0494488552,-0.127913922
-0.207110941,-0.18337062,-0.321815252,-0.288049102
-0.350161344,-0.25711444,-0.518354237,-0.37078315
-0.342968047,-0.255894989,-0.514588714,-0.37002632
-0.183265254,-0.17675367,-0.30995658,-0.280020565
0.0675116777,-0.05767655,0.0931003019,-0.0969175547
0.31342718,0.0412350222,0.480943441,0.060813494
0.467858523,0.0688952506,0.67128855,0.0924034864
0.490374506,0.010765438,0.696504474,0.00955681875
0.399514824,-0.101747759,0.599622905,-0.153929353
0.257080466,-0.2055448,0.404340923,-0.324363053
0.133841738,-0.237112805,0.21295388,-0.383177757
0.0750117972,-0.165215045,0.116956793,-0.280399621
0.0824403763,-0.00827977248,0.12976566,-0.0244186781
0.120597638,0.172705814,0.194880337,0.2723113
0.140736461,0.302634299,0.222288162,0.463906527
0.108926713,0.328025669,0.178425878,0.505938053
0.0231601726,0.242304564,0.0505371019,0.393234193
-0.0880176798,0.0881311744,-0.134178847,0.154612839
-0.182428226,-0.064065896,-0.293740094,-0.0963252783
-0.226029724,-0.15026702,-0.364913404,-0.234753668
-0.207659483,-0.142536104,-0.341997415,-0.227827281
-0.14025268,-0.0597234666,-0.240584359,-0.100346871
-0.0502961576,0.0452427231,-0.0902940333,0.0739042833
0.0365563706,0.11394123,0.0594683774,0.189696148
0.105005093,0.111698896,0.175103083,0.18583101
0.150539696,0.0427193046,0.250561833,0.0737092644
0.173058182,-0.0556066148,0.285653025,-0.0892266706
0.170209959,-0.134749547,0.276089519,-0.220282212
0.136475295,-0.160732746,0.221107155,-0.267253697
0.0692352578,-0.129652321,0.114903152,-0.221987307
-0.0226198807,-0.0655623004,-0.0370848477,-0.115794256
-0.114770748,-0.0033112797,-0.188661456,-0.00699110189
-0.17327936,0.0329494774,-0.283692628,0.0568394735
-0.169160828,0.043040283,-0.279696882,0.0754146874
-0.0945690349,0.0485312678,-0.162207529,0.0855787471
0.0289125126,0.0769443139,0.0420792289,0.129285187
0.156086907,0.142152652,0.250059485,0.226387173
0.236845329,0.232850865,0.37021637,0.353461504
0.23908931,0.316209227,0.365573853,0.465509623
0.164135173,0.354987949,0.257614076,0.529276431
0.0462062806,0.328525603,0.084953472,0.509283662
-0.0641939566,0.245599911,-0.0922287181,0.397664458
-0.124623023,0.141566828,-0.197616741,0.239880159
-0.120119393,0.0609343573,-0.198460802,0.10802827
-0.0676819459,0.0346992537,-0.116893992,0.0602467395
-0.00390871102,0.0647734627,-0.0107302805,0.10585162
0.0369329974,0.12396723,0.0613657162,0.20222123
0.0420049094,0.171436891,0.0733490735,0.279239506
0.0255569592,0.175031662,0.0482367724,0.289227307
0.0182642881,0.128299057,0.0343820453,0.216564059
0.0466899909,0.0530396886,0.0788831711,0.0928472355
0.11500337,-0.0135740861,0.190738574,-0.0198272448
0.199883416,-0.0397746116,0.323260903,-0.0682324022
0.26207605,-0.0161679685,0.417148799,-0.0323808342
0.268503845,0.0403403267,0.428261638,0.0539282188
0.212528408,0.0973034725,0.349254578,0.147431821
0.120544769,0.125474229,0.20648472,0.20063746
0.0403479412,0.114497334,0.0742328167,0.190679029
0.0167349447,0.076623939,0.0287681147,0.131235734
0.0670914054,0.0367628671,0.109250747,0.0645689815
0.170202821,0.0153197628,0.274674326,0.0254768729
0.274841875,0.014543971,0.433922797,0.0190798957
0.324330986,0.0169810671,0.505779445,0.0195423122
0.284773827,-0.00268731476,0.457579523,-0.0101579912
0.162531495,-0.0593878441,0.276735842,-0.100472435
0.00191950903,-0.144258916,0.012104596,-0.238827243
-0.135815978,-0.225060329,-0.216151834,-0.356161684
-0.201697648,-0.26151213,-0.319746614,-0.402683198
-0.181838572,-0.227755129,-0.295198709,-0.358379006
-0.102761216,-0.12928091,-0.179075107,-0.214487314
-0.0170362033,-0.00394229311,-0.0361778997,-0.00994110387
0.0231595561,0.0949352756,0.0401679687,0.156366423
-0.00869776029,0.125287578,-0.00621642126,0.208474755
-0.101546519,0.0788061321,-0.157401443,0.135221243
-0.21325019,-0.0133417603,-0.338262111,-0.0142233307
-0.291510284,-0.0955263004,-0.458077937,-0.143023729
-0.298482955,-0.116249323,-0.470002413,-0.175850704
-0.22733359,-0.0555577017,-0.375965148,-0.0879473314
-0.103609852,0.0633275136,-0.181499124,0.103779458
0.0280157663,0.184740022,0.0409084857,0.300114959
0.124327712,0.248515785,0.199434385,0.393495589
0.161470577,0.220873237,0.263764322,0.352582723
0.142412186,0.112281285,0.243417084,0.188658595
0.0918060541,-0.0268911086,0.159355864,-0.0413499586
0.0420491584,-0.130616412,0.0707867965,-0.216265738
0.0178299975,-0.148836955,0.0257620756,-0.248703942
0.0262025874,-0.0705114976,0.0389986001,-0.123460189
0.0558336303,0.0729650855,0.0884046778,0.113766491
0.0845330581,0.224554107,0.137541682,0.354439199
0.0906950682,0.328902423,0.14686425,0.505678833
0.0632159039,0.355908513,0.105533257,0.543801129
0.00587527268,0.309409201,0.0208467375,0.488109142
-0.0649599731,0.218693048,-0.0946970135,0.358919799
-0.127574101,0.119837277,-0.202843338,0.202690661
-0.163621083,0.0384482443,-0.266871035,0.0683799535
-0.164745048,-0.017002698,-0.273411244,-0.0227407347
-0.134769335,-0.0495822951,-0.226085961,-0.0783624277
-0.0870521888,-0.0622740872,-0.14803493,-0.101136573
-0.0384585522,-0.0500227772,-0.0680746734,-0.08365006
-0.00256112008,-0.00209974987,-0.00740816444,-0.00504582748
0.0151702007,0.086119242,0.0253999215,0.138036802
0.0183210447,0.200173348,0.0332357846,0.320103347
0.0163818877,0.302806228,0.0293496251,0.473493367
0.0190241318,0.345389336,0.0360472687,0.533419251
0.0305407885,0.291192114,0.0552283376,0.4649598
0.0472320616,0.138830945,0.0845378414,0.240224108
0.0592314675,-0.0681203455,0.101699561,-0.103570923
0.0561142825,-0.253609061,0.0883960649,-0.401927173
0.0335834436,-0.340576559,0.0464555398,-0.528775096
-0.00233548484,-0.287393212,-0.0101987151,-0.462889552
-0.0362319238,-0.110917531,-0.0664041266,-0.196068868
-0.0495781749,0.116878822,-0.0854688436,0.183706984
-0.029697828,0.29909119,-0.0453110002,0.469570786
0.0229264516,0.357498556,0.0391591489,0.552843332
0.0929559395,0.268722802,0.152879983,0.434165627
0.155525059,0.0749787241,0.261384785,0.133403167
0.186530665,-0.136286721,0.305249155,-0.215884626
0.173173338,-0.274115115,0.266884565,-0.430142879
0.119695812,-0.286646426,0.182310715,-0.457281023
0.0455077328,-0.183737844,0.0696272776,-0.31101802
-0.0233686138,-0.0288774185,-0.0423720106,-0.0584629998
-0.0652949736,0.0948094204,-0.107266322,0.154249355
-0.0711197257,0.126792789,-0.114250489,0.213617235
-0.0457441173,0.0582717918,-0.0755620003,0.106303081
-0.00306959986,-0.0658897907,-0.00539647508,-0.101396434
0.0422949046,-0.172329113,0.0661499575,-0.279823899
0.0817296952,-0.197672069,0.127606243,-0.324074119
0.114190519,-0.120393306,0.180726871,-0.205000684
0.142456338,0.0296617988,0.2313651,0.0378016122
0.167116731,0.187749147,0.268697143,0.292935014
0.182738334,0.287021607,0.287843525,0.439586878
0.179234669,0.290301263,0.285847962,0.449165225
0.148082554,0.205111235,0.246986896,0.331521511
0.0896946639,0.0758059695,0.157819971,0.130084217
0.0170316938,-0.0413170047,0.0339609049,-0.0665352792
-0.0477001667,-0.105934083,-0.079606019,-0.176003009
-0.0825341642,-0.110418081,-0.13934496,-0.183392107
-0.0768458024,-0.0782993212,-0.133879423,-0.131212369
-0.0380040519,-0.0475614853,-0.0680530891,-0.0779379457
0.0106287971,-0.0493755639,0.0152936252,-0.0809710994
0.0401438512,-0.0939339474,0.067344524,-0.153500035
0.0301630273,-0.169685453,0.0506532863,-0.27672869
-0.0205306169,-0.254057974,-0.0335107036,-0.406682044
-0.092447415,-0.327567399,-0.145000622,-0.504893839
-0.154067487,-0.382398486,-0.233360603,-0.565647662
-0.176645234,-0.421114028,-0.264206439,-0.602960289
-0.147857934,-0.447954893,-0.219940469,-0.634821892
-0.0775707811,-0.459943801,-0.122972772,-0.656677663
0.00699780462,-0.444847792,-0.00120542292,-0.646402001
0.0740848705,-0.388228714,0.10061463,-0.585599124
0.101666965,-0.285435379,0.151826337,-0.454542041
0.0862817913,-0.150520444,0.13771899,-0.256431907
0.0425414369,-0.015235588,0.0705048144,-0.0331539325
-0.00564711215,0.0830677599,-0.0062085758,0.135898486
-0.037118189,0.118945234,-0.0572651364,0.200058252
0.0567366518,0.198578283,0.0861122608,0.323366135
0.138735682,0.0529174618,0.235454381,0.100844428
0.177794904,-0.085659571,0.291829199,-0.13923353
0.17415072,-0.168739676,0.280014753,-0.274407715
0.156692922,-0.169631258,0.249564916,-0.280616999
0.164381519,-0.0939173102,0.263843596,-0.16255407
0.221001133,0.0242806971,0.353242159,0.0306450799
0.317529976,0.138001353,0.48518309,0.204700962
0.412718087,0.207467631,0.593478143,0.292334467
0.452732146,0.215412468,0.63829565,0.294609159
0.400105476,0.171574175,0.591781139,0.245940775
0.256560832,0.105647102,0.41991657,0.162671268
0.066830121,0.0530982502,0.123056352,0.0841558352
-0.0997519344,0.0407175757,-0.160079122,0.0661108047
-0.181379959,0.077770859,-0.297143608,0.126510605
-0.153596878,0.155170426,-0.253570825,0.253344119
-0.041519247,0.25122878,-0.0708549097,0.404509336
0.0920345336,0.340224445,0.141508847,0.521368146
0.176778257,0.399984956,0.264488399,0.582285404
0.168521032,0.416417539,0.254001647,0.599963605
0.0695000291,0.385013551,0.119681723,0.576085329
-0.0741366968,0.310537905,-0.101838775,0.487289488
-0.195665658,0.205949351,-0.300518841,0.332851619
-0.239682868,0.0906166211,-0.381726414,0.157626092
-0.186704263,-0.0128649995,-0.31057781,-0.0104465615
-0.0592065491,-0.0837133378,-0.106346466,-0.133520946
0.0921790451,-0.109096266,0.14334017,-0.180804819
0.213716879,-0.0892231613,0.339511484,-0.148027018
0.271569192,-0.0387679376,0.430353224,-0.0711430535
0.262007356,0.0169666354,0.420235157,0.0196920522
0.205912158,0.0504889451,0.341041774,0.0758630261
0.133094043,0.0421606153,0.225701869,0.0681134686
0.0664248914,-0.0123013249,0.11626973,-0.0175570734
0.0142086521,-0.100182958,0.0266543459,-0.163496554
-0.0268597156,-0.196803749,-0.0459227823,-0.318960726
-0.0624330454,-0.275027454,-0.10272795,-0.433924705
-0.0924609676,-0.315065473,-0.149080411,-0.489199489
-0.110026717,-0.31039536,-0.176956162,-0.48210454
-0.10737168,-0.267610222,-0.177978128,-0.42457664
-0.0841207951,-0.200959891,-0.143407777,-0.328149885
-0.0509823039,-0.124755375,-0.0902088359,-0.209575385
-0.0251445882,-0.0475271195,-0.0454240739,-0.0818761885
-0.0193637814,0.0294083171,-0.0336224139,0.047420796
-0.0315976553,0.108773574,-0.0502697974,0.179161757
-0.0427101701,0.191730231,-0.0682412162,0.310845882
-0.0254777856,0.273170888,-0.0400415994,0.433253527
0.0387965515,0.340635329,0.0607077591,0.526588321
0.145177707,0.37767905,0.218293428,0.563822389
0.261033386,0.370305598,0.379828632,0.534556746
0.337239861,0.313608438,0.491804302,0.449842662
0.3305282,0.21566397,0.504368305,0.320252746
0.226063401,0.0968955308,0.373738647,0.152881324
0.0481725335,-0.0150372805,0.0934401155,-0.0259528663
-0.14740634,-0.0931016281,-0.234403595,-0.15344131
-0.296965063,-0.118894838,-0.463330448,-0.181869745
-0.356796354,-0.0882635787,-0.54854852,-0.129453734
-0.321823031,-0.012877766,-0.509106636,-0.0158889145
-0.225589916,0.0826678649,-0.370199561,0.136468127
-0.121866189,0.167441219,-0.201381847,0.275175482
-0.0575560704,0.212740809,-0.0898587033,0.346618026
-0.0509209819,0.200421989,-0.0755290687,0.328823924
-0.0859938189,0.128717333,-0.134411335,0.218192413
-0.125253454,0.0137598682,-0.202715784,0.0303710476
-0.132919729,-0.113999762,-0.219196931,-0.177708417
-0.0958474874,-0.217924923,-0.160149947,-0.345306128
-0.0307443719,-0.265874386,-0.0576148666,-0.422526866
0.025796419,-0.240372762,0.0336327031,-0.391371727
0.038512148,-0.144981176,0.058430437,-0.246142522
-0.00597098423,-0.00443439512,-0.00951933395,-0.0163512081
-0.0905026942,0.142067969,-0.145368442,0.227753699
-0.175246343,0.252753824,-0.267823368,0.397058368
-0.217562944,0.296730936,-0.325797707,0.457571268
-0.193199575,0.264487982,-0.296941876,0.420035928
-0.107698865,0.171572343,-0.174446359,0.290070057
0.00746614207,0.0536839627,0.0109517332,0.0986073613
0.111260191,-0.0456057042,0.182797223,-0.0727792382
0.172800183,-0.0904815495,0.27971223,-0.152392745
0.184086397,-0.066244863,0.298503935,-0.115494847
0.159809738,0.0148055162,0.262491614,0.0144832246
0.125562146,0.117702909,0.2077052,0.186338678
0.101836048,0.198259801,0.169596598,0.317982316
0.0928587839,0.220756218,0.153989509,0.35553664
0.0859698132,0.172836199,0.147147566,0.284882694
0.061070811,0.0711728558,0.107348017,0.121542148
0.00421805819,-0.0451002643,0.0117344065,-0.0719298348
-0.0824097246,-0.131080955,-0.1322622,-0.215608627
-0.179437548,-0.156112835,-0.289711624,-0.252781093
-0.258267403,-0.118255146,-0.41189605,-0.189113319
-0.293513298,-0.0461656488,-0.466012031,-0.0706899986
-0.273465425,0.0133471787,-0.439270079,0.0262870658
-0.203874499,0.0172164831,-0.335195869,0.0364875086
-0.104284294,-0.0523413196,-0.176416427,-0.0763638541
0.000126564031,-0.177055314,-0.0044787433,-0.282433212
0.0867030397,-0.308624804,0.130063862,-0.478097409
0.140127614,-0.38983646,0.200647146,-0.58034271
0.15322876,-0.381531119,0.220118597,-0.572804272
0.125465766,-0.282604367,0.190038607,-0.452634901
0.0613948815,-0.132745296,0.098161988,-0.23107028
-0.0297460314,0.00453227479,-0.0478693433,0.000247868127
-0.134011984,0.0713714063,-0.217153415,0.11882937
-0.23393926,0.0436766446,-0.371311873,0.0793494657
-0.31196633,-0.0561968237,-0.484675407,-0.0763541386
-0.355313927,-0.16928722,-0.534839571,-0.242481753
-0.359960079,-0.228589922,-0.536098003,-0.330618531
-0.33125484,-0.192899927,-0.507506728,-0.289084822
-0.280423224,-0.069148533,-0.450477928,-0.111247055
-0.218723357,0.0885586068,-0.359898359,0.140949547
-0.152685195,0.203775972,-0.245243654,0.327702254
-0.0833998919,0.214971021,-0.131036431,0.354241878
-0.0103234602,0.106999032,-0.0135543793,0.188811824
0.0630336553,-0.0791879818,0.105361201,-0.120595209
0.125819042,-0.264198452,0.195542499,-0.41175279
0.162179634,-0.367253155,0.235399008,-0.552711487
0.159045786,-0.344709277,0.233917907,-0.529833078
0.11535427,-0.210972801,0.180148214,-0.352232963
0.0469192602,-0.0311652087,0.0778181851,-0.0632511601
-0.0171836875,0.111107424,-0.0264236908,0.180395842
-0.0463552885,0.155015066,-0.0736637115,0.259197295
-0.0230558906,0.0922518,-0.0367812775,0.162056878
0.0474238619,-0.0296247117,0.0772209913,-0.0410545468
0.137827814,-0.131956249,0.22030665,-0.213892907
0.210886806,-0.145429552,0.33190906,-0.239586145
0.236739859,-0.045910202,0.377189368,-0.0880428478
0.206889138,0.132271633,0.334011227,0.19802472
0.137270719,0.312151819,0.21876727,0.472357899
0.0587663949,0.411067784,0.0976523682,0.608131051
0.000366669759,0.380288839,0.0110848285,0.578848541
-0.0256670099,0.227899358,-0.0326016657,0.378882259
-0.0283683259,0.014184163,-0.0402232185,0.036797408
-0.0299211163,-0.177404076,-0.0498395897,-0.283336848
-0.0497259051,-0.278734595,-0.0827597752,-0.443472922
-0.0902618617,-0.26596725,-0.148961157,-0.42762664
-0.133488372,-0.165614083,-0.222173557,-0.275034577
-0.150502339,-0.0363203883,-0.250852168,-0.0630469173
-0.119307034,0.0629113242,-0.200915441,0.105180837
-0.0404029228,0.101263821,-0.0701215789,0.171958193
0.0593917333,0.0873628408,0.0974903479,0.149125978
0.138113499,0.0588924251,0.227937967,0.097870551
0.159484565,0.0575457253,0.264966726,0.0910369605
0.112207428,0.103393279,0.190655261,0.161995739
0.0168652162,0.18223837,0.0353838019,0.290915519
-0.0838679224,0.252113461,-0.126628429,0.400497735
-0.146777734,0.264952809,-0.224691078,0.422693044
-0.149814427,0.191966593,-0.236721218,0.317607641
-0.102098562,0.0399575979,-0.169781402,0.0796000585
-0.0368516371,-0.14905107,-0.0637553632,-0.23424609
0.00850870926,-0.314043462,0.00886101183,-0.486095637
0.0135802142,-0.398938417,0.013827756,-0.59888494
-0.0147468867,-0.373346835,-0.0292300582,-0.572039902
-0.0487972982,-0.241951823,-0.0851982087,-0.398289323
-0.0593462363,-0.0403333195,-0.106701165,-0.0763802752
-0.0358322412,0.178963631,-0.0619716942,0.285998046
0.00509648118,0.363240033,0.0118844211,0.552687466
0.0286952276,0.473143071,0.0482610129,0.674680889
0.00435409928,0.489848495,0.018349262,0.692515016
-0.071937263,0.41627261,-0.0919835418,0.617282987
-0.168892726,0.274324089,-0.250233859,0.435021818
-0.231863678,0.0998280421,-0.364926398,0.172235787
-0.210607827,-0.0645360947,-0.344076931,-0.0911977291
-0.0884400904,-0.178521514,-0.155156285,-0.283249259
0.103665784,-0.215060562,0.15156807,-0.34551841
0.297220111,-0.169666052,0.448551595,-0.270092785
0.416979998,-0.0642470792,0.611091912,-0.107457258
0.417234033,0.0581351593,0.619094789,0.0712480769
0.304818779,0.147714615,0.48111099,0.216734245
0.136472046,0.167260468,0.232446894,0.264773726
-0.00860252418,0.10836681,-0.00425860751,0.182290629
-0.0670281649,-0.00290021254,-0.110046931,0.00297409412
-0.0207262803,-0.114714645,-0.0409215055,-0.181864068
0.0973614305,-0.169967681,0.149904504,-0.275688797
0.223511264,-0.130275041,0.348970324,-0.21574907
0.297849655,0.00680222409,0.46502465,-0.00446631666
0.294465423,0.204967454,0.453250676,0.297993153
0.231120512,0.402213126,0.341755033,0.565141678
0.154309899,0.534164488,0.21772185,0.710089624
0.109146014,0.557980001,0.154930279,0.736877322
0.111740828,0.467258036,0.16659537,0.66596961
0.139944017,0.292716354,0.225989535,0.463432938
0.147587761,0.0895409063,0.249759495,0.154668197
0.0938722342,-0.0826499984,0.16171971,-0.136926144
-0.0291855,-0.17934671,-0.0431523472,-0.295622826
-0.187336296,-0.183764279,-0.298258662,-0.297735274
-0.318718046,-0.109612554,-0.495314896,-0.171215564
-0.364982009,0.00527970586,-0.562061131,0.00954744685
-0.302035034,0.11147856,-0.476922065,0.17927742
-0.153541565,0.162875533,-0.254681289,0.269820094
0.0202721935,0.130549952,0.0303482674,0.224167123
0.152478933,0.0124626625,0.252274305,0.0277590659
0.20187138,-0.1637889,0.327472359,-0.257259041
0.170734495,-0.347110212,0.258875519,-0.523275256
0.0991150886,-0.477880567,0.137446508,-0.677565336
0.0397699103,-0.508434236,0.0475389585,-0.710229337
0.0283683259,-0.42237848,0.0294791237,-0.626345158
0.0655533671,-0.244606033,0.0927660167,-0.399907023
0.120182678,-0.0359400436,0.191563621,-0.0708731711
0.150779828,0.127935395,0.24676697,0.2013686
0.13197197,0.18631734,0.220488533,0.300206244
0.070244208,0.119815327,0.127152547,0.20188199
-5.33481871e-05,-0.0392785184,0.00675460091,-0.0578402951
-0.0377823114,-0.21900475,-0.0615214929,-0.346304893
-0.0204770081,-0.338511199,-0.0398216657,-0.52118367
0.0410786606,-0.344529092,0.0504886545,-0.533714712
0.10807851,-0.236602545,0.16149959,-0.387146533
0.136064544,-0.0683414191,0.219432876,-0.124480568
0.101653636,0.0771244168,0.170753688,0.119142599
0.0180206839,0.126743346,0.0388657339,0.209652811
-0.0702865422,0.0534978658,-0.108518653,0.0961758494
-0.110928968,-0.108987212,-0.181846529,-0.166502059
-0.0729056299,-0.281000793,-0.122968197,-0.434845179
0.0350374207,-0.374114692,0.0389114693,-0.565901577
0.167246908,-0.333584487,0.238844499,-0.512859821
0.264054984,-0.165175781,0.401817262,-0.273198456
0.282387763,0.0667766109,0.444678545,0.0881319717
0.217446163,0.269183934,0.343793124,0.402642637
0.103757888,0.363284409,0.168951884,0.547867656
-0.00468098465,0.319967449,0.00627953513,0.502881765
-0.0639517456,0.170453355,-0.0956901088,0.289181322
-0.0630436689,-0.0120265419,-0.103707746,-0.00736117642
-0.0275497455,-0.149411842,-0.0497376956,-0.241080791
-0.00265256991,-0.195668459,-0.00956563186,-0.32152462
-0.0254132207,-0.155033857,-0.0456109829,-0.261251509
-0.102226727,-0.0735531077,-0.168364182,-0.128840283
-0.204204381,-0.00981284399,-0.329283148,-0.0163167864
-0.283006281,-0.00127680553,-0.447836459,0.00480977818
-0.298072487,-0.0442658849,-0.469036877,-0.0599887371
-0.239784703,-0.0977903828,-0.389607847,-0.146107405
-0.135394305,-0.108477362,-0.23128365,-0.1741025
-0.0342420489,-0.042662546,-0.0656532422,-0.0738307685
0.019578198,0.0918512344,0.0305072982,0.142675549
0.0118837627,0.246142253,0.0246036183,0.387610704
-0.0334350392,0.352599353,-0.0419815592,0.538043141
-0.0675176531,0.357846588,-0.0942996517,0.550552905
-0.0439523011,0.249267206,-0.0645532086,0.408236921
0.0543454662,0.0617604405,0.091117695,0.115785986
0.203457981,-0.138347879,0.322266757,-0.213875562
0.348526448,-0.283772141,0.498838067,-0.414523691
0.430478513,-0.335784078,0.573794007,-0.46262151
0.415549546,-0.298577607,0.570973575,-0.424331725
0.312360495,-0.212452397,0.4733046,-0.333494008
0.167955875,-0.130531833,0.276633114,-0.22239171
0.0451477766,-0.0915017873,0.0777495876,-0.156157628
-0.00708962698,-0.1019473,-0.0133227501,-0.168384582
0.0246086996,-0.136176273,0.0346908979,-0.221146822
0.114248767,-0.152272239,0.178157419,-0.247670665
0.211461142,-0.115315527,0.334252,-0.191742584
0.266700566,-0.0159867611,0.42192921,-0.0362541787
0.253824532,0.124008983,0.404921472,0.184184894
0.179604962,0.261252254,0.287929565,0.397961706
0.0770453364,0.349223405,0.128903061,0.530532122
-0.0125257447,0.357180476,-0.00859888084,0.549844921
-0.0588660352,0.281290263,-0.0853229165,0.452421784
-0.054596547,0.14449437,-0.0864079148,0.247796983
-0.01512687,-0.0131412167,-0.0237227529,-0.0121566216
0.0312935226,-0.148392782,0.0484573729,-0.240870044
0.0572370626,-0.227520242,0.0881454721,-0.367862403
0.0468678847,-0.233954102,0.0710952356,-0.381662399
-5.10280068e-18,-0.170209959,-0.00251018396,-0.285060108
-0.070466809,-0.0552206822,-0.117041767,-0.100095622
-0.144872934,0.0811743438,-0.237602413,0.130246952
-0.203507528,0.205294877,-0.318603158,0.323860139
-0.231606409,0.287414968,-0.348898262,0.441582203
-0.222230002,0.309251368,-0.33135286,0.474702865
-0.177440301,0.269370645,-0.272103727,0.429035634
-0.107912369,0.18431522,-0.172939509,0.307789117
-0.0304932892,0.0839917809,-0.0506194606,0.147625521
0.036677625,0.00192140706,0.0606515184,0.00579196448
0.0806369931,-0.0365365371,0.134194836,-0.0610314123
0.099124603,-0.023332255,0.163884491,-0.0432779528
0.101913355,0.0298368875,0.168061137,0.0438572355
0.105989762,0.0971350744,0.175326347,0.156042784
0.125787482,0.149868175,0.205900639,0.240885124
0.163066447,0.168288797,0.267091215,0.270436168
0.202436492,0.148493886,0.328682125,0.236875027
0.216524184,0.101459667,0.352315158,0.16166614
0.179862604,0.0452686436,0.300766975,0.0713377669
0.085183911,-0.00498228241,0.149770364,-0.0110510429
-0.0468950123,-0.0440925248,-0.0714441314,-0.0757836327
-0.171693832,-0.0769456923,-0.278219104,-0.125858814
-0.238236144,-0.112286344,-0.382884949,-0.173868313
-0.2136617,-0.154025242,-0.34827292,-0.238520309
-0.102198854,-0.195416734,-0.176318869,-0.311130106
0.0521315932,-0.219862387,0.0718714148,-0.35294494
0.182580978,-0.20838891,0.281892449,-0.332892329
0.229952008,-0.150066376,0.361784369,-0.248957589
0.171947047,-0.049840983,0.285414189,-0.0940719321
0.0366180316,0.0705737621,0.0679528117,0.106407106
-0.108105339,0.179616407,-0.168484002,0.28832525
-0.185215384,0.247543454,-0.287238896,0.39222002
-0.145654589,0.25746423,-0.231056973,0.415129274
0.00639857259,0.210816562,0.00706444401,0.350948393
0.212877378,0.125216857,0.335357547,0.208121076
0.38692686,0.0263075791,0.582243204,0.0381009467
0.452212036,-0.0621807761,0.654957712,-0.096589759
0.377752632,-0.125644103,0.570944667,-0.197089136
0.191683784,-0.160521209,0.31599319,-0.265304893
-0.0323457345,-0.171267673,-0.0454387479,-0.286691278
-0.209083557,-0.165047124,-0.333367616,-0.26444459
-0.279198796,-0.147370487,-0.442959726,-0.225728825
-0.232579723,-0.120696239,-0.38085857,-0.185241714
-0.107283466,-0.0859190673,-0.188182488,-0.137918338
0.0335461497,-0.0449971743,0.0468906648,-0.0750486851
0.133790523,-0.00258394564,0.218062267,-0.00648211688
0.168923587,0.0345249176,0.278823406,0.0513840243
0.151517227,0.0597738735,0.253090262,0.0936855301
0.116836891,0.0695540458,0.196513936,0.113002636
0.0981402919,0.0646124631,0.164377779,0.10613735
0.106069572,0.0494159311,0.17777811,0.0816091821
0.123365715,0.0299513638,0.204400644,0.0489453599
0.117078282,0.011256665,0.19629091,0.0172444228
0.0606000721,-0.00406207517,0.106599107,-0.00980026834
-0.0474327616,-0.0158249084,-0.07179977,-0.0281233601
-0.178356901,-0.0251942761,-0.287303954,-0.039950788
-0.285834134,-0.033413358,-0.450543016,-0.0473532528
-0.328878731,-0.0411003754,-0.511997879,-0.0577227734
-0.293256551,-0.0482386053,-0.466955662,-0.0687054768
-0.199814454,-0.0544675216,-0.333073169,-0.0818626732
-0.0952574611,-0.0591907166,-0.165504158,-0.0943080187
-0.0301087312,-0.0613843985,-0.0528914742,-0.101040415
-0.0351274721,-0.0594652146,-0.0576416962,-0.100153938
-0.10796126,-0.0517164841,-0.175329626,-0.085613288
-0.216204092,-0.0373900048,-0.347057521,-0.0599192567
-0.314471871,-0.0179336518,-0.491207153,-0.0234669428
-0.366172165,0.00263548666,-0.557547271,0.0104146348
-0.358868808,0.0189457182,-0.550816417,0.0364892855
-0.306190103,0.0268785655,-0.482964426,0.0496667549
-0.236673027,0.0262803994,-0.384728998,0.0483844541
-0.176682845,0.0219840482,-0.290815979,0.0403142832
-0.137074351,0.0219407678,-0.227700412,0.0400265977
-0.110468522,0.0328188278,-0.183959544,0.057932809
-0.0796922296,0.0551355146,-0.134231716,0.0931752697
-0.0316591002,0.0807900727,-0.0554973558,0.136251315
0.0318453237,0.0950744078,0.0518070757,0.159231678
0.0929772928,0.0830434486,0.155441567,0.138195932
0.127141789,0.037597023,0.212957546,0.0630217344
0.117664397,-0.0348150767,0.198285267,-0.057199128
0.0675557554,-0.114322498,0.114983395,-0.188456133
0.00149527518,-0.174439892,0.0037489247,-0.286762357
-0.0436989665,-0.193005338,-0.0741006806,-0.314859748
-0.0357375331,-0.162315726,-0.0661197528,-0.269251615
0.0375578925,-0.0934909135,0.0526842028,-0.157958254
0.161571592,-0.0126161724,0.25737977,-0.0238746498
0.300518811,0.0498876125,0.466862917,0.0737922639
0.412688285,0.0718891248,0.610418856,0.102338396
0.467939973,0.0483624898,0.67079401,0.0623704642
0.459167182,-0.00757497177,0.666126192,-0.0171527956
0.402619243,-0.0715901479,0.601782143,-0.111657314
0.327577442,-0.119415693,0.506124318,-0.190152586
0.261031926,-0.136980534,0.411735088,-0.223368347
0.215179697,-0.124792956,0.343114704,-0.205807373
0.183779433,-0.0951133594,0.297676712,-0.160611391
0.148674488,-0.064101778,0.244055286,-0.110683419
0.0925754532,-0.0433884747,0.157718509,-0.0762849674
0.0110910824,-0.0353224911,0.0212674327,-0.060502287
-0.0824878588,-0.0337904766,-0.133129105,-0.0558856577
-0.162340268,-0.0293835774,-0.266235203,-0.0462233201
-0.20273453,-0.015542157,-0.33146283,-0.0223196484
-0.19172734,0.00780924037,-0.316579044,0.0160700027
-0.138816282,0.034836445,-0.232709169,0.0603376701
-0.072253488,0.0577485301,-0.123097405,0.0979069322
-0.0267686341,0.0714982823,-0.0450692289,0.121213101
-0.0272581391,0.0764671266,-0.0413988046,0.129017249
-0.0762221664,0.0778150558,-0.122359127,0.130230755
-0.151239753,0.0822123364,-0.24385567,0.136467516
-0.214197099,0.0940653384,-0.343315184,0.155797794
-0.228443205,0.113361031,-0.367067307,0.184164077
-0.176157311,0.136032268,-0.288213968,0.22359319
-0.0678568631,0.156165704,-0.116368033,0.262011558
0.0606012046,0.168445721,0.0976474956,0.278627366
0.162501276,0.169456005,0.263594151,0.272878945
0.199911013,0.157557949,0.325463772,0.249645129
0.159725234,0.132187456,0.268846393,0.212057963
0.0589461923,0.0937431976,0.107141837,0.155033574
-0.0630581304,0.0445522554,-0.0975734442,0.0757824481
-0.161643013,-0.0097936485,-0.263468802,-0.0113951229
-0.205473989,-0.0602158271,-0.335846633,-0.0910776481
-0.188298166,-0.0962011069,-0.310070425,-0.150406107
-0.129004613,-0.109908104,-0.217611402,-0.177798986
-0.0606907122,-0.100486323,-0.106166951,-0.166282877
-0.0145223374,-0.0760212988,-0.0259793922,-0.127163991
-0.0062759635,-0.0513322651,-0.0107807303,-0.0877389163
-0.0316459648,-0.0419707187,-0.0514809377,-0.0711258203
-0.071712181,-0.0570626557,-0.118410073,-0.0939732715
-0.104832642,-0.0947054029,-0.174723491,-0.151788205
-0.118265517,-0.142658621,-0.195544973,-0.230576739
-0.113473304,-0.184394121,-0.18876712,-0.296765834
-0.102856532,-0.207583368,-0.170424268,-0.33310616
-0.100492574,-0.210514933,-0.167677611,-0.340750217
-0.112687267,-0.202781096,-0.186096087,-0.327017784
-0.134038657,-0.199557647,-0.219296128,-0.319554478
-0.151351959,-0.212368011,-0.244678468,-0.3354913
-0.153018087,-0.241388351,-0.246721447,-0.379615515
-0.138050795,-0.273803413,-0.222872764,-0.425656259
-0.118870296,-0.289622992,-0.192369848,-0.450246096
-0.115324661,-0.272313058,-0.188777387,-0.428993315
-0.142574877,-0.21878247,-0.231859729,-0.352610707
-0.199488536,-0.143286586,-0.323415577,-0.232409373
-0.264705151,-0.0727418885,-0.422744542,-0.114997581
-0.30397743,-0.0352895558,-0.477644473,-0.0502831638
-0.286409706,-0.0474168546,-0.453968912,-0.06504976
-0.201915845,-0.105731867,-0.3330715,-0.159819752
-0.0705692247,-0.187216505,-0.123156197,-0.297261447
0.062269792,-0.257708848,0.0901109278,-0.409408301
0.14438273,-0.284635037,0.21867983,-0.447502941
0.140930831,-0.248471558,0.220413432,-0.402213097
0.0530212335,-0.148633748,0.088122353,-0.255089432
-0.0791068971,-0.00251480681,-0.128753141,-0.014368834
-0.191223249,0.160561547,-0.304802477,0.252688676
-0.222830504,0.307234824,-0.335645199,0.46798709
-0.145283714,0.40714258,-0.213856623,0.601241291
0.0228206161,0.438114554,0.0318674818,0.644948244
0.220841572,0.390000403,0.321886361,0.571127832
0.370528311,0.267721891,0.539825976,0.388887912
0.409433126,0.0929657072,0.614174008,0.136693627
0.318614691,-0.0973961651,0.503351271,-0.15348807
0.132148549,-0.258111805,0.217586696,-0.410027325
-0.0761121288,-0.347608626,-0.114020489,-0.537336111
-0.223014355,-0.342153937,-0.337957114,-0.511350513
-0.250667721,-0.246391848,-0.395506442,-0.378731638
-0.15017049,-0.0945029557,-0.2605232,-0.157852903
0.0355601162,0.0605046265,0.0450358279,0.10086859
0.230676174,0.166460857,0.360986859,0.26121074
0.358399332,0.192847714,0.537033796,0.283676684
0.372092932,0.143357873,0.566230416,0.21048516
0.272231668,0.0538246669,0.443302304,0.08148624
0.102698773,-0.0242706686,0.182273939,-0.044281628
-0.0709089562,-0.0475036576,-0.11141187,-0.0824273899
-0.190569267,-0.000403533719,-0.31287235,-0.00214679982
-0.229488179,0.0979208127,-0.371659279,0.156940818
-0.200037643,0.203524902,-0.319856584,0.325564206
-0.143405333,0.268798828,-0.223868132,0.426909119
-0.106754825,0.26452136,-0.16327776,0.425459117
-0.119139194,0.19203566,-0.185388088,0.318310529
-0.17755951,0.0800713897,-0.282438636,0.137986735
-0.249480844,-0.0312600732,-0.396128535,-0.0427969098
-0.290241122,-0.110306337,-0.456853002,-0.166390285
-0.26676929,-0.14704822,-0.4253923,-0.224575028
-0.176085398,-0.153262213,-0.292431623,-0.241257191
-0.0495142564,-0.150776491,-0.0921242684,-0.246537507
0.05975537,-0.15550293,0.0920539051,-0.256304204
0.100296102,-0.16698809,0.160158947,-0.275747657
0.0464418121,-0.169669896,0.0789372846,-0.283259869
-0.0885025635,-0.144924238,-0.141371116,-0.243337244
-0.256183207,-0.0864160955,-0.403921276,-0.140320316
-0.392803133,-0.00903385505,-0.589825034,-0.0116573917
-0.445800304,0.0548533313,-0.647526443,0.0864971578
-0.395767629,0.0707956851,-0.593441367,0.116418019
-0.263985872,0.0213019978,-0.427006692,0.0466247983
-0.102514006,-0.082180731,-0.177029982,-0.123841211
0.0283683259,-0.201724693,0.0402474776,-0.322536081
0.0850917175,-0.289539278,0.130167708,-0.456213474
0.0572043248,-0.310640931,0.0867487565,-0.491214603
-0.0312765315,-0.259817213,-0.0519842692,-0.422471166
-0.134979829,-0.163805693,-0.220875174,-0.271106243
-0.207768247,-0.0672967732,-0.337477088,-0.109453119
-0.221093178,-0.00997645408,-0.362179309,-0.0117910746
-0.172447383,-0.00667570857,-0.286797136,-0.00157925009
-0.0816900283,-0.0411115587,-0.141415432,-0.0603146814
0.0210689139,-0.0764772221,0.0288657937,-0.123457462
0.108939148,-0.0771221593,0.175842226,-0.131467924
0.16658318,-0.0295986887,0.270670325,-0.0548447818
0.190784663,0.048352316,0.312119514,0.0701804087
0.185338989,0.11590565,0.303750277,0.183153719
0.155197337,0.130295336,0.259655893,0.2095965
0.104281582,0.0700181946,0.179766387,0.118448056
0.038061507,-0.0520195402,0.0692178681,-0.0826257393
-0.0319363028,-0.192343041,-0.0496666245,-0.31046772
-0.0864777341,-0.295964181,-0.138911575,-0.461730689
-0.103243031,-0.321237773,-0.167251915,-0.496074557
-0.0670985729,-0.258427322,-0.118271038,-0.414582998
0.0189160816,-0.133361474,0.0199987739,-0.224551901
0.128662094,0.00484719919,0.20424886,0.00226493599
0.218712389,0.105390638,0.351168901,0.164896071
0.244299307,0.136149421,0.393250912,0.212676182
0.179057166,0.0939139873,0.302692562,0.149977431
0.0292407498,0.00121916179,0.0614329912,0.00244146958
-0.165182471,-0.106797516,-0.26098606,-0.171395198
-0.344291806,-0.19799751,-0.515928745,-0.291928232
-0.451361269,-0.253959835,-0.62798965,-0.344266891
-0.455137074,-0.27223748,-0.629475236,-0.365295529
-0.361165434,-0.261428505,-0.532809317,-0.372256786
-0.207272589,-0.2335421,-0.336497158,-0.358926594
-0.0458812155,-0.198245332,-0.0857298151,-0.321815193
0.0780426338,-0.161107406,0.120147236,-0.26594469
0.143064246,-0.124859907,0.230302498,-0.208542556
0.154685229,-0.0910141394,0.254640371,-0.15458779
0.136155963,-0.0597996712,0.225232586,-0.104589462
0.112983048,-0.0285695605,0.187396958,-0.0522771366
0.0998496935,0.00921521243,0.166161224,0.0119299125
0.0962810516,0.0621234998,0.158852488,0.0997450203
0.0918294713,0.135605738,0.151724279,0.218216121
0.0761356726,0.225910068,0.125282153,0.358861685
0.0469951518,0.317085356,0.0802194849,0.490480274
0.0115879271,0.384260386,0.0251681451,0.578328073
-0.0191574618,0.403163582,-0.0201069806,0.603394628
-0.0385704599,0.361950606,-0.0506155081,0.555565298
-0.0486922823,0.269213557,-0.0698736385,0.433711767
-0.0577771142,0.153159648,-0.0895996913,0.258618057
-0.0722996667,0.0511376522,-0.11693082,0.0898749009
-0.0890084058,-0.00613954756,-0.147179052,-0.00712265214
-0.0931527615,-0.00804225076,-0.157015488,-0.0141497254
-0.0654976144,0.0318656564,-0.112099275,0.0519152023
0.00492189405,0.083567217,0.00440323912,0.138639167
0.109710425,0.116560541,0.177866593,0.192099929
0.219254896,0.115917511,0.351225972,0.185810477
0.293104261,0.0899467617,0.462335438,0.137888089
0.298622042,0.0651630983,0.472135633,0.0967227891
0.228537649,0.0709090456,0.373744547,0.105531678
0.107530698,0.12158981,0.184316814,0.189860567
-0.0168683771,0.206038788,-0.0217241235,0.329450548
-0.0955092311,0.290093452,-0.145131037,0.453641295
-0.100534543,0.331733078,-0.150804088,0.514749885
-0.0380016528,0.3015773,-0.0548808388,0.48045823
0.00709208148,0.28368327,0.015767172,0.451656312
0.0806778446,0.260661274,0.129600182,0.416750044
0.124233544,0.124508083,0.211749122,0.211711511
0.129111037,-0.074916549,0.218284935,-0.116528764
0.097663179,-0.249073952,0.156959847,-0.394842863
0.0379954763,-0.315707296,0.0566268004,-0.497084856
-0.0403184704,-0.24163039,-0.0689073056,-0.398429781
-0.126747251,-0.0605299734,-0.211190313,-0.111857153
-0.20725362,0.143723905,-0.331362784,0.22345382
-0.262291551,0.279441208,-0.392169774,0.425647378
-0.269212037,0.292834073,-0.396916538,0.448823243
-0.210251063,0.193276063,-0.329752296,0.31858778
-0.0831944346,0.0454172976,-0.140998393,0.089560546
0.0911080241,-0.0668508187,0.141379565,-0.104789488
0.269955039,-0.0848967731,0.419985563,-0.139936805
0.40061608,-0.00468739169,0.594714701,-0.0206994116
0.43924427,0.123975977,0.636481762,0.164356336
0.369093537,0.226848722,0.549021184,0.321175605
0.209536329,0.246582985,0.339946091,0.37710911
0.0108724218,0.173444062,0.0328783467,0.284819782
-0.163878307,0.049180422,-0.258939862,0.0882678702
-0.263028055,-0.0572800338,-0.42059052,-0.0827337801
-0.266075224,-0.0883952975,-0.428929061,-0.13565892
-0.190948695,-0.0295424629,-0.320847332,-0.0472465828
-0.0856143683,0.0835029855,-0.149762407,0.136037424
-0.00767352898,0.1847931,-0.0133293746,0.300959468
-0.000533065817,0.21471417,0.00646291673,0.348100901
-0.0758910477,0.152721986,-0.112116285,0.254788429
-0.209357396,0.0285910983,-0.328727424,0.0541049391
-0.350486159,-0.09369798,-0.530268192,-0.134245723
-0.44277671,-0.150501147,-0.637694955,-0.209454209
-0.44558984,-0.112760261,-0.648731828,-0.15765658
-0.349638045,-0.00161005196,-0.545576692,0.000123075166
-0.18054606,0.122856498,-0.303104848,0.200496778
0.0103840334,0.193511978,0.0116707869,0.319307446
0.164444312,0.171788067,0.266002119,0.281318396
0.236045092,0.068202883,0.384428471,0.111704186
0.208178774,-0.0627729818,0.346333474,-0.102422789
0.0975016803,-0.150598928,0.164836571,-0.251861781
-0.0525336564,-0.144680128,-0.0837945417,-0.245115355
-0.187819213,-0.0400252715,-0.307699502,-0.0715563595
-0.263030529,0.120232053,-0.418693453,0.187716961
-0.257209301,0.266177744,-0.393449426,0.407121748
-0.179783911,0.335061163,-0.272276223,0.513984025
-0.0649769977,0.30072248,-0.100764886,0.47951296
0.0429055281,0.184358954,0.071433872,0.309817344
0.107180752,0.0423344485,0.182514623,0.0751555562
0.11221765,-0.0618497394,0.189548343,-0.103608117
0.0672516823,-0.0871122107,0.111468352,-0.150679335
-0.00048217029,-0.0318684429,-0.00143932982,-0.0605289526
-0.059633512,0.0683026686,-0.0992637724,0.108141974
-0.0889622197,0.159529984,-0.144544631,0.260979652
-0.0853796825,0.194725856,-0.136131033,0.318999887
-0.0625277758,0.152837813,-0.0995090306,0.257478595
-0.0413632467,0.0445109233,-0.0654580668,0.0827068314
-0.0380781293,-0.0961980373,-0.0609111823,-0.152289823
-0.0557223149,-0.227938294,-0.0913617611,-0.363715231
-0.0836158991,-0.317445278,-0.134665504,-0.491646558
-0.104305856,-0.347803891,-0.165765554,-0.530968547
-0.103781462,-0.318162858,-0.168833628,-0.493641049
-0.0790939629,-0.238092646,-0.13607958,-0.38437885
-0.0392406285,-0.121620975,-0.0723730773,-0.205961764
0.00083728868,0.0155222472,-0.0028984237,0.020022098
0.0293129459,0.155326709,0.0482880995,0.250093251
0.0440645441,0.276382416,0.0729501396,0.435092896
0.052843906,0.355574936,0.0861374587,0.543309629
0.0669989586,0.373899668,0.108745478,0.567343295
0.0927206948,0.324435294,0.148859978,0.505418897
0.125457197,0.21818696,0.207381263,0.354405224
0.151401833,0.0836911127,0.253028333,0.142458379
0.155717075,-0.0409598723,0.259583265,-0.0660848096
0.132831246,-0.121127047,0.218218014,-0.201253176
0.0923506692,-0.138269424,0.152153224,-0.231676593
0.0561290458,-0.0966163203,0.0911763236,-0.16700688
0.0469398722,-0.020874219,0.0743781105,-0.038789738
0.0743545741,0.0539293662,0.121880986,0.0874659643
0.125848338,0.0958822444,0.205844522,0.156947568
0.169195578,0.0871657729,0.27855584,0.143475443
0.166597188,0.0284417216,0.27973175,0.0475611426
0.0945213512,-0.064122878,0.164299116,-0.105171613
-0.0405856296,-0.166662663,-0.0600671358,-0.27334258
-0.199481234,-0.256106436,-0.309354663,-0.39607057
-0.323202431,-0.315857291,-0.472299784,-0.453601658
-0.357298553,-0.337401599,-0.511820018,-0.468141884
-0.27662608,-0.318968028,-0.419626027,-0.464150131
-0.0991602838,-0.263536006,-0.174467981,-0.414022595
0.118124425,-0.177976087,0.175413549,-0.291110069
0.300229073,-0.0734612793,0.462183267,-0.122927338
0.383241206,0.0342608951,0.578845978,0.0398456454
0.339218587,0.126515269,0.523906171,0.181031138
0.18646732,0.185940281,0.309386998,0.287758559
-0.01861443,0.202100649,-0.014681234,0.325918287
-0.204009548,0.175793797,-0.314227164,0.283403248
-0.309049487,0.119402096,-0.475664645,0.193705991
-0.304959923,0.0523489676,-0.480599821,0.0912984535
-0.201672196,-0.00672560837,-0.334906965,-0.00232365215
-0.0398561135,-0.0474641323,-0.0756689534,-0.0737494454
0.126932964,-0.0711518154,0.20121339,-0.116698362
0.251966804,-0.0880009234,0.398496419,-0.14359045
0.309454083,-0.109529041,0.480212539,-0.176514938
0.29899326,-0.139933378,0.466508895,-0.223631084
0.24064514,-0.171201825,0.381612122,-0.276555359
0.164223954,-0.185049593,0.264915735,-0.302820742
0.0976398513,-0.161333203,0.157654941,-0.269412905
0.0583194904,-0.0890761167,0.0951629952,-0.154167026
0.0497523174,0.0255030282,0.0816117898,0.0354723819
0.0631163642,0.158504277,0.101978824,0.255069852
0.0824636817,0.276447624,0.133253083,0.433219939
0.09130916,0.349728256,0.144789636,0.532592177
0.0785144791,0.365279257,0.127033278,0.554910719
0.0418416783,0.332302541,0.0737524778,0.515190959
-0.0116964523,0.277999341,-0.00870496035,0.441673934
-0.0686326325,0.23496531,-0.104544282,0.379120886
-0.113971308,0.226016164,-0.17842564,0.36458528
-0.136511713,0.253617078,-0.212127373,0.400338829
-0.132681966,0.299017519,-0.201730624,0.466052204
-0.10756588,0.331572652,-0.161376849,0.512215674
-0.0729139075,0.323792696,-0.108023591,0.506553292
-0.0430896915,0.264842749,-0.0625253841,0.42725718
-0.0305598415,0.165953442,-0.0434689857,0.279485404
-0.0423987173,0.0551820546,-0.0653194115,0.0980604887
-0.0785300657,-0.0357645899,-0.12753062,-0.0560716018
-0.131600395,-0.0860015899,-0.215607971,-0.141631499
-0.188014299,-0.0939887688,-0.306769848,-0.152195036
-0.229912952,-0.0759347081,-0.372212917,-0.120099448
-0.238370597,-0.055128891,-0.386150241,-0.0846415982
-0.198168054,-0.0479627848,-0.327434897,-0.0718953237
-0.103743412,-0.0541764684,-0.178566441,-0.0843907595
0.0354604088,-0.0567366518,0.0500762798,-0.0914988741
0.19314225,-0.0317419469,0.308854222,-0.0554462932
0.330432087,0.0365994088,0.508959472,0.0484905541
0.406863123,0.143794313,0.59882611,0.198194087
0.395198643,0.262475401,0.570656657,0.362171084
0.294309348,0.35153085,0.433433175,0.496007353
0.133621648,0.373175889,0.214107782,0.553749084
-0.034692131,0.310010731,-0.038316559,0.488041013
-0.154329136,0.17383033,-0.23811473,0.291152
-0.18725957,0.00177729421,-0.304639399,0.0151334219
-0.13001579,-0.158513725,-0.217430159,-0.24763757
-0.0157236699,-0.267872512,-0.0365244001,-0.421988159
0.100146823,-0.309901983,0.145407796,-0.483443946
0.164544046,-0.294355541,0.247786418,-0.461974472
0.150785476,-0.248766959,0.235990345,-0.40092966
0.0701553747,-0.203180358,0.1163252,-0.335905582
-0.0347362012,-0.17584306,-0.05582821,-0.292609781
-0.111752383,-0.166671917,-0.183753222,-0.270876318
-0.125338674,-0.160897806,-0.209950194,-0.259907991
-0.0736777261,-0.13995558,-0.130022585,-0.228488311
0.0119260075,-0.0932287201,0.012329069,-0.157555684
0.0850288421,-0.0243829209,0.137760714,-0.0460718013
0.109764427,0.050545875,0.182895064,0.07737986
0.0803834945,0.111449577,0.13629359,0.179739103
0.0238484871,0.143656135,0.0452362001,0.236583188
-0.0161993131,0.14329809,-0.0235312823,0.238589644
-0.00552747026,0.116091236,-0.00755375298,0.196724877
0.058963038,0.0712249875,0.0951167271,0.123888873
0.144377068,0.0149678383,0.236699283,0.0264002606
0.197440952,-0.0514845327,0.321598232,-0.0845970139
0.172991961,-0.128391072,0.285962194,-0.21024929
0.0602710955,-0.210646272,0.103824273,-0.343589514
-0.107552908,-0.282974601,-0.166152284,-0.44573158
-0.266737074,-0.321766704,-0.397493154,-0.475712597
-0.353220314,-0.304458976,-0.512866139,-0.432243764
-0.334535629,-0.222493604,-0.509796321,-0.329898298
-0.226746306,-0.0907537267,-0.375863582,-0.144057229
-0.087207213,0.0529686324,-0.15529041,0.0878013596
0.0135915494,0.160378471,0.021307515,0.262702972
0.0269068759,0.192616463,0.0512782224,0.3141433
-0.0504395515,0.138734564,-0.0712396726,0.233907372
-0.175415829,0.0233522337,-0.277927279,0.0443050861
-0.281428993,-0.101363808,-0.439992636,-0.150468811
-0.312422276,-0.176893041,-0.483217597,-0.264347076
-0.250896752,-0.163633019,-0.404445171,-0.254970998
-0.125832289,-0.0587354377,-0.221054837,-0.0963848531
0.00285153999,0.101869695,-0.00341345789,0.162952334
0.0745714158,0.258358449,0.121696383,0.40639621
0.0572319031,0.352026343,0.0989696681,0.536491334
-0.0392445065,0.349053502,-0.0453567728,0.538262844
-0.170707911,0.25255391,-0.254036993,0.402966797
-0.282331526,0.0983033627,-0.435231209,0.165340066
-0.334713995,-0.0626623109,-0.516447008,-0.0840292722
-0.319143325,-0.185561016,-0.490744025,-0.270633817
-0.255553156,-0.24738507,-0.400919586,-0.373236954
-0.17653282,-0.250238895,-0.28582105,-0.38961786
-0.107930079,-0.21292378,-0.182644904,-0.342952996
-0.0573256351,-0.156971812,-0.100780167,-0.260948211
-0.0159680601,-0.0953422189,-0.0312447529,-0.160735607
0.0287279263,-0.0294767227,0.0431299433,-0.0518450923
0.0792432576,0.0449591987,0.129809231,0.0708464086
0.122128986,0.128430247,0.200283632,0.205281481
0.134433791,0.210800275,0.219099551,0.332433909
0.0986464694,0.272312492,0.16450958,0.427029014
0.0168265514,0.292287409,0.0367666446,0.460461527
-0.0853579491,0.260782033,-0.124045782,0.418365836
-0.168278873,0.186429217,-0.261583298,0.305005968
-0.197251588,0.0955159441,-0.316055954,0.16440694
-0.160581008,0.0220305845,-0.267226547,0.0429283679
-0.0766385719,-0.00668412168,-0.133655936,-0.00597064942
0.0143726151,0.0184146632,0.0190467834,0.0294589717
0.0699841455,0.0848670304,0.116125897,0.13592723
0.0661680698,0.165359452,0.113738909,0.266344577
0.00835586525,0.230610058,0.0223129988,0.371224195
-0.0727906004,0.261876255,-0.107718132,0.417571872
-0.138216928,0.257022887,-0.210302666,0.409697503
-0.160689101,0.227777869,-0.251172036,0.367667168
-0.137712389,0.190553904,-0.219896615,0.313495159
-0.0908266827,0.156446531,-0.148734078,0.26203081
-0.0524832346,0.126061812,-0.0836801156,0.212719381
-0.048202116,0.0917782262,-0.0771565735,0.155585423
-0.0836859047,0.0456798226,-0.134372681,0.0797534585
-0.143206194,-0.0118592158,-0.233804941,-0.0159528404
-0.199058592,-0.0683416501,-0.322422683,-0.106190138
-0.225999162,-0.102817081,-0.365179062,-0.160206556
-0.212535948,-0.0956027582,-0.347503632,-0.151225269
-0.163584515,-0.0391425006,-0.274916023,-0.0646765679
-0.0944322646,0.0557688475,-0.160368815,0.0908884332
-0.0208457801,0.161977097,-0.0359104984,0.264413804
0.0482916571,0.245678321,0.0779592991,0.393863589
0.111846603,0.279501706,0.179801464,0.439769953
0.171459541,0.25296241,0.272868693,0.398777813
0.225197047,0.175599426,0.360634238,0.280593783
0.264959842,0.071669206,0.425722152,0.114682861
0.279975384,-0.0307647716,0.445870042,-0.0499159805
0.264333546,-0.111079954,0.418821067,-0.180787504
0.223437399,-0.162622869,0.356002092,-0.264059484
0.174472466,-0.192056701,0.27789849,-0.31095776
0.139497161,-0.212651655,0.220290378,-0.344308078
0.134409621,-0.235425889,0.208891287,-0.376306862
0.159960255,-0.262743354,0.245436862,-0.413898021
0.200266093,-0.287394702,0.300650179,-0.443964601
0.230224684,-0.297240496,0.342754245,-0.454820514
0.228145972,-0.282689273,0.344578713,-0.437983841
0.186815128,-0.242963582,0.290926039,-0.388204545
0.116942182,-0.18783474,0.188270137,-0.311299562
0.041170314,-0.133848697,0.0676537827,-0.225592941
-0.0179169159,-0.0968484506,-0.0302233323,-0.162594259
-0.0490732193,-0.0844888091,-0.0833851323,-0.140406415
-0.0568226315,-0.0925487652,-0.0962514356,-0.151386678
-0.0569704548,-0.107115552,-0.0978901237,-0.176894382
-0.0662195757,-0.111920394,-0.112004824,-0.185250819
-0.0920961127,-0.0975147784,-0.154110327,-0.16150327
-0.128857374,-0.0677981824,-0.21417287,-0.112222493
-0.161270007,-0.0402706042,-0.26524055,-0.065031603
-0.173476964,-0.0390398987,-0.286758184,-0.0597715452
-0.157436863,-0.0829965472,-0.260176659,-0.129634514
-0.116170421,-0.174196824,-0.192494199,-0.274357557
-0.0606508367,-0.292085946,-0.101124987,-0.45252201
-0.00323707121,-0.397250086,-0.0128007503,-0.591685116
0.0475472957,-0.444506437,0.0590089411,-0.647167325
0.0875301659,-0.400871903,0.11888881,-0.602054417
0.113113664,-0.261191159,0.170354307,-0.423380435
0.11712122,-0.0543824024,0.188881144,-0.103257529
0.0889167041,0.163399011,0.147402212,0.254720241
0.020641489,0.327068627,0.0418638811,0.504202962
-0.0833056122,0.385732681,-0.112900242,0.580675662
-0.199961811,0.321472049,-0.290225297,0.494579762
-0.290775329,0.156025797,-0.441197544,0.256782413
-0.315359622,-0.0575369932,-0.489815295,-0.0726303533
-0.250911295,-0.254772037,-0.392577142,-0.375497878
-0.107456312,-0.383133352,-0.17511259,-0.566403091
0.0705044046,-0.418983549,0.0878750831,-0.61878103
0.219333708,-0.37177369,0.309895337,-0.552098215
0.283090889,-0.274737656,0.417174935,-0.422654748
0.239446148,-0.167469621,0.378214329,-0.274683148
0.11143098,-0.0790265575,0.189816162,-0.138889179
-0.0419343226,-0.0192057937,-0.0636326447,-0.0368820801
-0.152583659,0.0190038215,-0.248769909,0.032553263
-0.175085321,0.0486806855,-0.288638473,0.0852292553
-0.107280366,0.0769027546,-0.183155403,0.129605994
0.0106265815,0.0985261053,0.0134624839,0.168213472
0.118065342,0.0992945582,0.19331871,0.164272025
0.16578953,0.0662208647,0.275266349,0.107680432
0.140807047,-0.00117767218,0.239033952,-0.000582544424
0.0717269778,-0.0859563723,0.124007381,-0.143414184
0.0121258646,-0.15895164,0.0198292974,-0.26230374
0.0111825541,-0.192243591,0.0125015695,-0.314731836
0.0874170139,-0.174043179,0.13186118,-0.287628829
0.219365686,-0.116756305,0.341728836,-0.193601757
0.357599288,-0.0530562066,0.540851593,-0.0885924622
0.450863093,-0.0209242161,0.651879311,-0.0375513174
0.471687526,-0.0446316563,0.675400853,-0.0702245682
0.427603483,-0.121293165,0.625286877,-0.180782884
0.352534324,-0.220335677,0.524193048,-0.330100358
0.284208536,-0.29696539,0.420146465,-0.44581303
0.241194859,-0.313575447,0.354497999,-0.477881759
0.213071436,-0.25868842,0.324181318,-0.409716785
0.169425249,-0.153813899,0.270789593,-0.257818967
0.0823063776,-0.0442908294,0.14074108,-0.0837705433
-0.0512554124,0.0219647344,-0.0778333843,0.032955762
-0.200449198,0.0177736413,-0.319713622,0.0332838297
-0.311841816,-0.0492476188,-0.483532131,-0.067458652
-0.335473865,-0.138944343,-0.515290082,-0.200906083
-0.252161235,-0.196499184,-0.404273272,-0.298990756
-0.0870236382,-0.177740097,-0.155917913,-0.287306368
0.0987536013,-0.070112735,0.15054591,-0.122657247
0.234472543,0.100425869,0.370042682,0.14915581
0.27164188,0.279735327,0.415870547,0.409057885
0.204990208,0.408226192,0.307889193,0.579888165
0.0725342706,0.445649743,0.119226411,0.642093956
-0.0646798015,0.386991292,-0.0833757147,0.583395481
-0.152322114,0.262935013,-0.229705438,0.421105802
-0.166927516,0.125528246,-0.26848039,0.214827418
-0.123058952,0.0261368472,-0.207875267,0.0499208532
-0.0613989867,-0.00436322531,-0.107387923,-0.00501769409
-0.0254046563,0.0349878334,-0.0456036925,0.0542611256
-0.039212849,0.119065017,-0.0617952272,0.191316918
-0.0975951925,0.210569665,-0.152975976,0.337815553
-0.171528503,0.276820123,-0.260222882,0.431068122
-0.224677309,0.3018471,-0.33382529,0.460894525
-0.231241837,0.28927356,-0.34803158,0.447165161
-0.186364591,0.256169856,-0.288426548,0.405877173
-0.105483428,0.222104192,-0.168109104,0.363326907
-0.0152167724,0.199198082,-0.0243214034,0.328990608
0.0580022708,0.187716484,0.0969259888,0.306762129
0.095868431,0.178516582,0.160248369,0.289464861
0.0906685367,0.160259694,0.153860673,0.262600511
0.0440747738,0.127254173,0.0799208805,0.210854381
-0.0344317146,0.0839110538,-0.0504830405,0.140790403
-0.127773821,0.0437477194,-0.205964699,0.0734093562
-0.211447388,0.0235760063,-0.340775132,0.0408839956
-0.256826997,0.0356691778,-0.410580337,0.0607552864
-0.239609972,0.0814425722,-0.387740225,0.134358227
-0.151551634,0.149353698,-0.252623558,0.245856628
-0.00965297129,0.217864513,-0.0206530839,0.35446763
0.144064322,0.262290925,0.225309297,0.413348913
0.255545288,0.262997568,0.394304752,0.399467766
0.281011581,0.212097466,0.440127164,0.323721766
0.208781064,0.116525583,0.347401589,0.186816216
0.0689107925,-0.0033353609,0.126452833,-0.00725746714
-0.0764525607,-0.118923351,-0.121086717,-0.192786843
-0.159776449,-0.201084495,-0.259627908,-0.319210678
-0.140236795,-0.227934539,-0.234247819,-0.360550493
-0.0253523756,-0.191011354,-0.0547318459,-0.312336981
0.129750893,-0.0981869623,0.202473879,-0.166257724
0.246697709,0.0275012963,0.390960991,0.034434896
0.260970116,0.153103814,0.415160507,0.230979279
0.153724402,0.244174585,0.256111324,0.377096385
-0.0378151238,0.274508864,-0.0434957631,0.433324218
-0.237133667,0.234648064,-0.353273958,0.368230075
-0.364436746,0.136398971,-0.542284071,0.21699053
-0.374088168,0.0112377461,-0.57023114,0.0306982435
-0.274880081,-0.0979742929,-0.441539943,-0.141728252
-0.123349629,-0.150309667,-0.213248208,-0.240139261
0.00581787014,-0.121268108,0.000698454678,-0.20381543
0.0566872433,-0.0133350687,0.0910062194,-0.0314203091
0.0174035802,0.141984314,0.031630341,0.224204049
-0.0782641396,0.292722791,-0.11340744,0.455300391
-0.172537848,0.383771628,-0.245055154,0.569075346
-0.215704978,0.377286077,-0.30700928,0.558529437
-0.191081867,0.268406332,-0.292771369,0.426513642
-0.120023973,0.0894384161,-0.195130095,0.162741452
-0.0456144065,-0.100362979,-0.0785274133,-0.155253276
-0.00542523945,-0.236514375,-0.0118326694,-0.378873348
-0.00934441667,-0.274473011,-0.0191510487,-0.440570593
-0.0349904001,-0.208027795,-0.0628185347,-0.345393062
-0.0428665318,-0.0727950111,-0.077552326,-0.127848536
-0.00207971362,0.0674427077,-0.00869680755,0.108263075
0.0884874389,0.146546349,0.141494825,0.243353367
0.195982248,0.123477586,0.317425519,0.203364596
0.269137561,-0.000217111941,0.432484746,0.00331821339
0.26520887,-0.180519193,0.417914838,-0.281443506
0.173536867,-0.348761916,0.264387757,-0.526501894
0.0228351802,-0.439564407,0.0322514698,-0.645676792
-0.131744415,-0.416870713,-0.198212445,-0.614905
-0.234726727,-0.287057698,-0.362508327,-0.441680163
-0.255632132,-0.0939962044,-0.414077729,-0.153812513
-0.200372472,0.100926027,-0.331887275,0.162701532
-0.103569515,0.244272724,-0.168200746,0.391406655
-0.00715876417,0.310027927,-0.00909168459,0.48866877
0.0621701516,0.305012524,0.103586137,0.480824709
0.104162127,0.259209603,0.171553448,0.412827075
0.13928023,0.207079425,0.228937194,0.330803633
0.190432757,0.169747517,0.306725681,0.27228561
0.263646752,0.146752372,0.415051758,0.228186369
0.339651883,0.120660327,0.520111203,0.180814683
0.381950527,0.0711419806,0.577955842,0.104967922
0.357376605,-0.0095582176,0.552869737,-0.0181796122
0.257763624,-0.108218223,0.415585041,-0.174798772
0.110247508,-0.193873435,0.184093207,-0.31745708
-0.0304854084,-0.231221005,-0.0488793328,-0.3761096
-0.105188116,-0.197608486,-0.175341442,-0.322123796
-0.0773466676,-0.0953074247,-0.138543949,-0.161563024
0.048613295,0.0468723364,0.0693394542,0.0746897683
0.227210566,0.183487654,0.353045493,0.286980808
0.390064478,0.269499093,0.557806849,0.38031432
0.473838627,0.277087003,0.643026173,0.367858797
0.445261449,0.205376893,0.635227978,0.284554332
0.31252864,0.0796010643,0.498358369,0.120619431
0.119231075,-0.0592581593,0.209608451,-0.0986381844
-0.0750499964,-0.16970703,-0.116916463,-0.278496087
-0.218045667,-0.223901883,-0.343890876,-0.349784464
-0.282108456,-0.215870753,-0.438743383,-0.329425514
-0.269569248,-0.161591351,-0.429821402,-0.249318317
-0.206056654,-0.0916799828,-0.341899306,-0.146098107
-0.12655434,-0.0396741442,-0.214686215,-0.0638889447
-0.0608889535,-0.0299141388,-0.103919528,-0.0469801575
-0.0241359118,-0.0688666999,-0.040758539,-0.111172475
-0.0143779423,-0.14263384,-0.0232636537,-0.232337937
-0.0170963127,-0.22161229,-0.0291839261,-0.356670588
-0.0134510007,-0.271092594,-0.0270320754,-0.431809694
0.0108913593,-0.264464557,0.01063463,-0.424795628
0.0592989102,-0.194329366,0.0885641128,-0.321824789
0.122086048,-0.0769741237,0.195447519,-0.134195909
0.179617599,0.0522734337,0.289753377,0.0763700455
0.209948868,0.151762828,0.337466836,0.237126336
0.198631972,0.189604044,0.322487444,0.297237277
0.146890968,0.156385124,0.247189209,0.253667206
0.0741197616,0.0687085167,0.13130416,0.116012529
0.0123018259,-0.0384222046,0.0253275353,-0.0610019639
-0.00666102301,-0.12713027,-0.0131883146,-0.208157927
0.0340892114,-0.172854021,0.0483737476,-0.282545775
0.126124218,-0.173340037,0.193979457,-0.28430301
0.236170262,-0.14604044,0.368604004,-0.237028092
0.318739623,-0.115507282,0.488391161,-0.185401544
0.33638227,-0.0978430286,0.517634094,-0.157090396
0.278348684,-0.0911402553,0.443476677,-0.152384713
0.168026462,-0.0778000057,0.280432016,-0.135743663
0.0541375279,-0.037982747,0.0940383673,-0.0694590509
-0.0114837689,0.03329717,-0.0195483305,0.0513856448
0.000497322995,0.115912929,-0.00184999185,0.190833703
0.0806081742,0.168839291,0.128582388,0.277631044
0.182538196,0.148851052,0.294816434,0.243318513
0.243683264,0.0351818018,0.395954162,0.0593608096
0.21513249,-0.153064355,0.349811554,-0.241166726
0.0866669118,-0.357735991,0.139556825,-0.543568492
-0.105835028,-0.503076911,-0.14624019,-0.698944807
-0.29485935,-0.5292992,-0.381760329,-0.676967084
-0.41108495,-0.422375232,-0.540599108,-0.547836602
-0.41433984,-0.224490523,-0.599440336,-0.321145773
-0.310783923,-0.0181780625,-0.497804105,-0.028682122
-0.14825666,0.109967269,-0.252409816,0.184928998
0.00740330946,0.10939122,0.0113279363,0.189560667
0.102941006,-0.00992588885,0.174163014,-0.00927266758
0.120038196,-0.18109338,0.197520554,-0.288836747
0.079040654,-0.311056256,0.121890083,-0.487030327
0.0235215873,-0.324064761,0.0311541744,-0.510715425
-0.00512012606,-0.197014436,-0.0159336831,-0.331138283
0.01073681,0.0302952472,0.00942910742,0.0385870375
0.0581024885,0.274554759,0.0895889699,0.426945806
0.103890613,0.447964907,0.156542793,0.644275725
0.116025589,0.497467488,0.170430034,0.689942062
0.0830849111,0.425302029,0.133556008,0.625255704
0.02178354,0.282011837,0.0459196605,0.452329308
-0.0313983746,0.137162149,-0.0438516475,0.234448135
-0.0395104103,0.043922253,-0.0663651451,0.0762930363
0.0151803847,0.015787404,0.0194869507,0.0275528003
0.121383324,0.0263014901,0.193814099,0.041914925
0.243496999,0.0299556684,0.388441384,0.0469052978
0.337777525,-0.00860413723,0.52411592,-0.0151346717
0.371338785,-0.0935335085,0.562798262,-0.145233139
0.334704459,-0.195954889,0.50675267,-0.298437864
0.242792681,-0.271250725,0.372080207,-0.418390691
0.125527799,-0.28487435,0.196653038,-0.453472018
0.0141543942,-0.231867582,0.0197689719,-0.379785538
-0.0696533844,-0.139441177,-0.118248664,-0.234757349
-0.11767301,-0.0518527851,-0.197777703,-0.0876162499
-0.132398307,-0.00668662554,-0.220606431,-0.00848063827
-0.121518917,-0.0159905069,-0.202324688,-0.0208256189
-0.0938577801,-0.0623498261,-0.156091258,-0.097092554
-0.0586085543,-0.111096583,-0.100467965,-0.180953041
-0.0264767539,-0.130728886,-0.0480249003,-0.214905903
-0.00961969327,-0.109469675,-0.0194403175,-0.183545068
-0.0182923675,-0.0589041077,-0.0311617479,-0.10271585
-0.0550956577,-0.00376883033,-0.0903551951,-0.00834847335
-0.110513262,0.034745872,-0.181692496,0.0575013608
-0.163849652,0.0513151288,-0.267586499,0.0866561383
-0.191062197,0.0568233915,-0.310866356,0.096850045
-0.176676139,0.0670715645,-0.290945798,0.113329105
-0.12364281,0.0878538638,-0.208332062,0.14709194
-0.0549875014,0.107017905,-0.0932020023,0.180114239
-0.00488072075,0.099916324,-0.00690095732,0.169025525
-0.00252263108,0.0460525639,0.000452250708,0.0788334459
-0.0567274839,-0.0530593991,-0.0882474259,-0.0834614411
-0.14955993,-0.166812956,-0.238226458,-0.266302019
-0.243175685,-0.245775044,-0.376155108,-0.374327183
-0.297184348,-0.245802984,-0.454654753,-0.367671728
-0.288055539,-0.153579935,-0.455169886,-0.237913892
-0.220618144,0.00118804572,-0.366311103,-0.000639138278
-0.125565797,0.155481845,-0.210082114,0.252571911
-0.0441419296,0.241444543,-0.0687515363,0.389632612
-0.00794609636,0.219654769,-0.00628420152,0.361628652
-0.0243684445,0.0995670781,-0.0311344042,0.173427343
-0.0750675797,-0.0644954666,-0.118974447,-0.0979934633
-0.127815709,-0.200587511,-0.206436589,-0.31851238
-0.154827908,-0.255666614,-0.249152541,-0.400375396
-0.147334784,-0.221909374,-0.242843881,-0.355566502
-0.118487805,-0.138410926,-0.202201441,-0.228813052
-0.093376115,-0.0671059191,-0.159096047,-0.111767635
-0.0922304019,-0.0560473092,-0.153811246,-0.089610748
-0.116706103,-0.110574536,-0.189980984,-0.176451817
-0.14734517,-0.189031497,-0.23751536,-0.298733771
-0.153929472,-0.226349592,-0.251102477,-0.356655627
-0.113052614,-0.173135772,-0.19282946,-0.283526838
-0.0230021514,-0.0285790078,-0.0500513911,-0.0543956272
0.0926475525,0.152063817,0.146128789,0.240393549
0.195187926,0.281362087,0.302315235,0.430924356
0.249550834,0.283805192,0.38542819,0.42943427
0.241763368,0.137237102,0.392044455,0.22278291
0.185742229,-0.110856242,0.310814828,-0.171747357
0.11577154,-0.362101763,0.175792679,-0.543559968
0.0686532632,-0.512613177,0.085954383,-0.70947212
0.0649647638,-0.502274215,0.078891024,-0.702301919
0.0991970077,-0.342730254,0.140011832,-0.533359826
0.14368999,-0.109722704,0.224978492,-0.193514615
0.163946092,0.0960769206,0.2677086,0.144985288
0.137062356,0.199181139,0.228932142,0.316985548
0.0637241602,0.184285551,0.115025885,0.301888287
-0.0320556462,0.0984037444,-0.0434778556,0.168899596
-0.11470104,0.0200609714,-0.186389536,0.0366518386
-0.153810054,0.0130055752,-0.255524784,0.0224430468
-0.137332588,0.0898945853,-0.229112729,0.146399498
-0.0752121285,0.205631748,-0.126395747,0.331813693
-0.0709208176,0.191486195,-0.107299522,0.316838831
-0.0665636957,0.129550636,-0.105453618,0.218850389
-0.0488774069,0.0702378675,-0.0798298866,0.121730536
-0.0135591775,0.028180711,-0.0243052449,0.0491564423
0.0307024941,0.0115367379,0.049727831,0.0190006047
0.0661265403,0.0191529449,0.108903088,0.0299265478
0.0754977539,0.0400233679,0.126645461,0.0638525859
0.05235615,0.0566254333,0.0912041441,0.0936933234
0.00610960228,0.0521042347,0.0138228042,0.0877186805
-0.0409334339,0.0188717153,-0.0659353137,0.0346892811
-0.06345772,-0.0355051011,-0.10508433,-0.0553195886
-0.045271799,-0.0888887793,-0.0796520263,-0.143637553
0.0121720079,-0.112695716,0.0138397217,-0.186378688
0.0890151262,-0.0847461224,0.14203234,-0.142856315
0.154519305,-0.00101922348,0.251011431,-0.0096107712
0.179670557,0.119789258,0.292495966,0.18620193
0.149477094,0.242045373,0.242506921,0.374642164
0.0698140264,0.327465743,0.117134184,0.503557384
-0.0339819565,0.351611108,-0.0406678468,0.54000926
-0.126231894,0.314712346,-0.185451537,0.492451578
-0.174263731,0.241338089,-0.268081039,0.388189197
-0.160979539,0.168728709,-0.257704765,0.280607134
-0.0919266716,0.129246637,-0.15335238,0.21782057
0.00593263656,0.135431021,0.00629992317,0.225032926
0.0936822668,0.174957916,0.152498007,0.283798099
0.135100439,0.217923254,0.220755354,0.346316844
0.111305773,0.232735977,0.186982512,0.370712817
0.0296997912,0.202653348,0.0595860854,0.330098063
-0.0769321993,0.134760305,-0.117473178,0.224805698
-0.161874175,0.0570624396,-0.261361182,0.0997757316
-0.182933211,0.00529832672,-0.301749438,0.0141015192
-0.120894015,0.00604184484,-0.20788452,0.0128494855
0.00995796639,0.0642099231,0.00681331567,0.10775321
0.164699629,0.16060169,0.259296,0.255341291
0.284151763,0.260037363,0.430663347,0.385067731
0.318817794,0.325720131,0.467622012,0.464697629
0.250368148,0.333046377,0.381366283,0.489000648
0.100884371,0.277170628,0.174982488,0.435463727
-0.0750298947,0.172252968,-0.107203722,0.285621762
-0.212517813,0.0443230495,-0.337989628,0.081204921
-0.263486803,-0.078001447,-0.419614673,-0.112986133
-0.216109365,-0.170992553,-0.351831138,-0.261424959
-0.0977543518,-0.219730943,-0.16932793,-0.348061681
0.0399107523,-0.219126686,0.0539955646,-0.353501081
0.146247104,-0.173774049,0.229426652,-0.285770118
0.194842637,-0.0976350531,0.313024193,-0.164772019
0.193137124,-0.0128684044,0.314171255,-0.0291912854
0.174026415,0.053929437,0.28691414,0.0832105726
0.174379885,0.0790659711,0.286310673,0.1269463
0.212288633,0.0512642786,0.345453143,0.0839377567
0.275538653,-0.0206870213,0.437932372,-0.0318175964
0.327775806,-0.107046038,0.503976047,-0.167282283
0.329197168,-0.165822029,0.500660837,-0.258988112
0.260498881,-0.159400284,0.40951851,-0.259648979
0.136687636,-0.0726581588,0.228226215,-0.132742256
0.00253410335,0.0761056095,0.00684494479,0.115332022
-0.0887085572,0.23806943,-0.138272703,0.377308279
-0.102435961,0.351333827,-0.153492004,0.538443744
-0.0411851965,0.366461456,-0.0599675402,0.56467706
0.0558120869,0.268899918,0.0928803608,0.436141759
0.132408515,0.087491855,0.222981468,0.153336361
0.14464882,-0.115850724,0.243020982,-0.185591951
0.0839474425,-0.271472573,0.135744542,-0.432025135
-0.0180846974,-0.331087321,-0.0301827006,-0.517884016
-0.106024824,-0.287272543,-0.171441793,-0.457300842
-0.129847392,-0.174279004,-0.218910381,-0.286722869
-0.0716540664,-0.0499815084,-0.129251793,-0.0845891833
0.0442067534,0.0321093015,0.066481784,0.055433929
0.163064331,0.0471372157,0.266504765,0.0792555213
0.227711171,0.00793163478,0.369897246,0.0122538181
0.207524598,-0.0449532382,0.342395931,-0.0757411271
0.113766648,-0.0663424283,0.194193795,-0.115571886
-0.00671897223,-0.0304139964,-0.00867163111,-0.0568495579
-0.095796451,0.0567344986,-0.159472957,0.090601109
-0.113377221,0.161878094,-0.186696395,0.26349169
-0.0565395653,0.243507788,-0.0930586085,0.392734051
0.041085083,0.274130821,0.0659888834,0.43915084
0.128569782,0.253931671,0.207182497,0.40506047
0.164808989,0.208685607,0.26846379,0.331576914
0.139042109,0.173531517,0.232821643,0.279608876
0.0744312853,0.171915442,0.128149837,0.276283175
0.0137339849,0.201558441,0.0279136058,0.324718446
-0.0044306051,0.23533766,-0.00392717915,0.37965098
0.0342507511,0.236690938,0.0565941408,0.383322924
0.11349497,0.181092232,0.18531394,0.300029933
0.196333125,0.071704112,0.320440382,0.120927408
0.244833246,-0.0596113093,0.39622587,-0.093606852
0.238561973,-0.166811332,0.378424287,-0.2669487
0.182331264,-0.212138787,0.290911734,-0.34443289
0.100377388,-0.184569567,0.161646217,-0.308316141
0.0216989275,-0.104395472,0.034746889,-0.180434272
-0.0344482735,-0.0115950434,-0.0574235469,-0.023536481
-0.0650760233,0.0555529632,-0.10760735,0.0936721563
-0.0796944275,0.0798650384,-0.130884692,0.134805441
-0.0902330801,0.0720518008,-0.147491783,0.122196466
-0.10194286,0.061314743,-0.166888997,0.103783533
-0.111097775,0.0751925036,-0.18380399,0.124908611
-0.110269167,0.120247193,-0.181241885,0.197654739
-0.096670419,0.17496039,-0.156463146,0.284783125
-0.0769658089,0.19962652,-0.12146353,0.327461749
-0.0643474609,0.158577114,-0.102635041,0.265496343
-0.069078885,0.0428764932,-0.109130807,0.0815264359
-0.0886099413,-0.119295895,-0.143792555,-0.187940076
-0.104519397,-0.271329671,-0.167852625,-0.424156874
-0.0899252817,-0.352759838,-0.145362779,-0.536344647
-0.0245810021,-0.327958643,-0.0497013628,-0.511949897
0.0905039087,-0.204501867,0.131188035,-0.339170516
0.22795938,-0.0315762162,0.357041478,-0.0618971549
0.342954189,0.121323563,0.521715522,0.175976321
0.39289391,0.195283011,0.580307364,0.278856277
0.358200461,0.167551309,0.545141578,0.24776046
0.253017217,0.0597071126,0.415520191,0.094457835
0.119474277,-0.0748784244,0.206844315,-0.121504866
0.00778139941,-0.17730476,0.01438531,-0.290809035
-0.0478009395,-0.209732071,-0.082011044,-0.342895746
-0.0445421152,-0.169486135,-0.0811975747,-0.281067669
-0.0101293018,-0.084904775,-0.025052974,-0.146183237
0.014423715,0.00325423735,0.0234438125,9.64740957e-06
-0.00157741935,0.0639732182,-0.000399154495,0.104576901
-0.0613478124,0.0898850113,-0.0956318155,0.149584532
-0.139422446,0.0964590609,-0.222816378,0.159810975
-0.197023407,0.108440615,-0.316693991,0.17828548
-0.205320358,0.142362222,-0.329061329,0.231814697
-0.163376823,0.195526347,-0.263478905,0.315584928
-0.100374714,0.247546405,-0.160452321,0.398087144
-0.0603637397,0.272980928,-0.0909222886,0.437322259
-0.0775446445,0.2571702,-0.115216658,0.412792057
-0.155563191,0.205701843,-0.238004059,0.332753271
-0.262407005,0.141841635,-0.403755039,0.229440466
-0.344241291,0.0934268981,-0.524478674,0.15152739
-0.351376802,0.0769592375,-0.537800968,0.124736905
-0.263045549,0.088339068,-0.423552155,0.147202656
-0.0982716382,0.105857432,-0.170161247,0.18103151
0.0925329998,0.10388799,0.146508813,0.174706638
0.250587553,0.0693408772,0.399124712,0.111931585
0.334409684,0.011081473,0.521745563,0.0135173276
0.335392416,-0.043639116,0.522912741,-0.0736532584
0.276479453,-0.0642374381,0.440128595,-0.109203391
0.196293816,-0.0349854343,0.322885364,-0.0660249144
0.128402784,0.034258917,0.214414597,0.0490062833
0.0870407224,0.111542314,0.144588873,0.179079935
0.0660023689,0.159365356,0.110234603,0.260348797
0.0494800694,0.155488297,0.0872844979,0.256983817
0.0269644391,0.106233448,0.0495786406,0.180210054
0.00262732734,0.044154264,0.00786392018,0.0773875341
-0.006445162,0.010409845,-0.012522717,0.01860548
0.0182478633,0.0309304185,0.0282249544,0.0480435193
0.0827428624,0.0995654166,0.133238971,0.160227552
0.173111901,0.178324699,0.276317626,0.281657606
0.259294242,0.215900168,0.40339911,0.330143362
0.308541566,0.175536379,0.478148043,0.268271863
0.301162481,0.0575252548,0.480090946,0.0923919231
0.239939734,-0.0964680016,0.389600307,-0.152514428
0.148218021,-0.221042305,0.239023209,-0.355604798
0.0580194518,-0.2589055,0.0908279568,-0.418248773
-0.00507107889,-0.191141307,-0.0155116729,-0.319370061
-0.0321228877,-0.0500281267,-0.0592216402,-0.0917620957
-0.0312872007,0.0932343677,-0.0552761555,0.150636628
-0.0193408821,0.161006227,-0.0296928752,0.266676366
-0.0101539269,0.10654968,-0.0115924077,0.183900461
-0.00711050536,-0.0620568097,-0.00748485466,-0.0918436348
-0.00354135758,-0.283486634,-0.00738269091,-0.439516723
0.00995987467,-0.469888687,0.0072260024,-0.66935122
0.0366496705,-0.546124935,0.0383050479,-0.737261057
0.0691889599,-0.482827425,0.0850749314,-0.685810089
0.0925724581,-0.307791501,0.133165598,-0.489584416
0.0925379917,-0.0909901485,0.147891551,-0.165425435
0.0640371144,0.0886885077,0.108334921,0.139205158
0.0143235484,0.178438604,0.0291374195,0.292838246
-0.0413259566,0.171728298,-0.0594880804,0.28486678
-0.0885057598,0.105265297,-0.141424865,0.180461496
-0.121439487,0.036141187,-0.199631318,0.0648326874
-0.144542426,0.0119781746,-0.239488184,0.020636918
-0.166745529,0.0492991917,-0.273670435,0.0798050389
-0.192382604,0.129916504,-0.310052305,0.208293691
-0.214997008,0.215145275,-0.335398644,0.339993984
-0.218904004,0.268542379,-0.334760308,0.417031556
-0.188483864,0.27432844,-0.288989335,0.431782156
-0.119898185,0.242165446,-0.189102322,0.391224235
-0.0275993459,0.197199732,-0.0443523042,0.326802313
0.0596029907,0.162506938,0.09694805,0.268728644
0.112127863,0.144805074,0.186927721,0.236482531
0.115856431,0.131719664,0.194645211,0.213259742
0.081461668,0.101717353,0.140060902,0.166150898
0.0403367728,0.0402781256,0.071141772,0.0710877925
0.0279617775,-0.0477692857,0.0471534245,-0.0761571452
0.0631473139,-0.137572691,0.100952111,-0.222903073
0.134935379,-0.196270198,0.209878579,-0.316233665
0.205646768,-0.201259583,0.318532079,-0.323244333
0.229988337,-0.154392228,0.361261487,-0.253344536
0.1808144,-0.0836483091,0.296727419,-0.144880995
0.0674081892,-0.0305288471,0.11870189,-0.0571931042
-0.0648979172,-0.0292287394,-0.101922348,-0.0483877473
-0.155390352,-0.0883471668,-0.252598464,-0.139094919
-0.159310028,-0.184866026,-0.260923296,-0.287112504
-0.0734958351,-0.273895979,-0.126091346,-0.427078158
0.0581804365,-0.309562981,0.0794057101,-0.483697563
0.164130598,-0.266690046,0.246449992,-0.424034745
0.180542126,-0.152598798,0.287253469,-0.255955964
0.0851979181,-0.0035063175,0.145794481,-0.0187298749
-0.0883949772,0.132175624,-0.136361539,0.210651428
-0.265097886,0.214951828,-0.401356071,0.334742278
-0.364479452,0.229401082,-0.530317485,0.345334053
-0.34144327,0.18670699,-0.513377488,0.291592687
-0.210201591,0.114765972,-0.343461454,0.196897313
-0.0385698676,0.0423615724,-0.070378311,0.0784402862
0.0854416117,-0.0136997579,0.139785901,-0.0205821432
0.0983461365,-0.0521302149,0.167415857,-0.0896554366
-0.00547049288,-0.0808307528,-0.00155631662,-0.139217928
-0.169156909,-0.105856687,-0.268952459,-0.173740506
-0.300598323,-0.123274229,-0.467470109,-0.188679054
-0.318309635,-0.119391844,-0.497943133,-0.176824629
-0.19323431,-0.0795242488,-0.325123876,-0.122769311
0.034563534,-2.42301066e-05,0.0406201519,0.00106121972
0.272957206,0.104058921,0.421280414,0.159122601
0.420492828,0.201246962,0.605173945,0.27892077
0.414082944,0.255922377,0.59282887,0.351937711
0.258636922,0.244918808,0.409453064,0.368160725
0.0246385243,0.169777662,0.060011968,0.278052568
-0.184646353,0.0577588081,-0.288946688,0.100819357
-0.280205846,-0.0497220717,-0.44514364,-0.0689781606
-0.226236641,-0.115997069,-0.372410595,-0.176522031
-0.0534282774,-0.126102209,-0.103074685,-0.20382534
0.158134758,-0.0931669325,0.245763123,-0.153693452
0.316782504,-0.0507808626,0.489837557,-0.086720787
0.359215707,-0.0349560268,0.551659286,-0.0613686442
0.274521053,-0.0646757334,0.441654056,-0.107071489
0.103063896,-0.130917355,0.179506063,-0.217687517
-0.0865345225,-0.19994165,-0.134934291,-0.32572484
-0.229482278,-0.229571939,-0.359367937,-0.355384052
-0.290520668,-0.19066225,-0.454101592,-0.293908089
-0.272740722,-0.0832261667,-0.440970004,-0.130975619
-0.208234012,0.0608729497,-0.346019536,0.0968979746
-0.137862012,0.190368623,-0.223723233,0.307566702
-0.0912988111,0.256622344,-0.142111421,0.412367672
-0.0764716119,0.235085338,-0.115661733,0.384504884
-0.0814655274,0.136268154,-0.128617913,0.231809959
-0.0854692534,0.00119037717,-0.138999134,0.0115630822
-0.0716893971,-0.116528556,-0.120879076,-0.188041851
-0.0356632583,-0.173701853,-0.0649559498,-0.283522993
0.0139708295,-0.155326709,0.0159354545,-0.258450747
0.0608932264,-0.0792946443,0.0955875292,-0.137810454
0.0887537822,0.0135912849,0.146659836,0.0168471634
0.0871636942,0.079263553,0.147840619,0.128546044
0.0541909523,0.0904792622,0.0948978961,0.149709716
-0.00412254268,0.0482399762,-0.00155024242,0.083399944
-0.0755523145,-0.0203405339,-0.12163727,-0.0305807739
-0.143599719,-0.0762951225,-0.234935403,-0.123088069
-0.189658731,-0.088270925,-0.312159359,-0.141538858
-0.196448475,-0.0480519235,-0.322819352,-0.078555122
-0.153224826,0.0250800122,-0.257987857,0.0423790254
-0.0616111159,0.0932013318,-0.10569676,0.156013012
0.0607918911,0.117839918,0.0982623622,0.197184816
0.182140589,0.0790947229,0.297292799,0.132773325
0.264762312,-0.0130013786,0.423894823,-0.0196902752
0.278323144,-0.120336816,0.43954137,-0.191823497
0.212762445,-0.191486195,0.339611381,-0.308185756
0.0849784166,-0.183359236,0.140510246,-0.307801783
-0.0648046955,-0.0805211216,-0.107065879,-0.144739255
-0.186742023,0.0962790251,-0.304021478,0.148854554
-0.240162611,0.296415627,-0.363550901,0.446494013
-0.209666595,0.458322078,-0.291571319,0.64273721
-0.111411966,0.533405721,-0.147104546,0.724615753
0.0134832161,0.505007744,0.0229772255,0.708567381
0.115867212,0.394378245,0.178018168,0.589970648
0.15864113,0.251002997,0.258747071,0.399772823
0.13141261,0.131219074,0.223608762,0.214890704
0.0535683893,0.0740956366,0.0950440615,0.12125288
-0.0352062099,0.0848491713,-0.0548144244,0.135373235
-0.092423059,0.132989317,-0.149693325,0.217603207
-0.0904298052,0.166193485,-0.148390487,0.275460243
-0.0266067255,0.134187996,-0.0449614525,0.229623035
0.0778078288,0.0125354864,0.129754633,0.0311768465
0.188953027,-0.183910131,0.299515963,-0.286422342
0.275937378,-0.403915197,0.385754645,-0.569106817
0.323480278,-0.578379631,0.38312754,-0.700740159
0.336084932,-0.647154808,0.365255952,-0.727100492
0.332437515,-0.583344162,0.385214925,-0.700656831
0.333346993,-0.405216604,0.446263134,-0.565936983
0.349437833,-0.170856863,0.515568018,-0.273970008
0.374716818,0.0423950851,0.563900113,0.0500198081
0.389181226,0.165668413,0.578169584,0.236268565
0.36923939,0.162760153,0.557175398,0.241510779
0.300925791,0.0417838357,0.482054234,0.0669287145
0.189453349,-0.149606019,0.313615263,-0.237616315
0.060223192,-0.342855662,0.0965544432,-0.526286721
-0.0497048609,-0.473355472,-0.0765092373,-0.674926341
-0.106244951,-0.501973271,-0.15754436,-0.695924699
-0.0926293284,-0.425697297,-0.146726415,-0.623116732
-0.0169759188,-0.274509788,-0.0412071832,-0.440561056
0.0905422643,-0.097046569,0.138559461,-0.16864796
0.189961776,0.0584081672,0.306214064,0.0868814066
0.248010024,0.159936383,0.394120723,0.247252166
0.251610041,0.199337453,0.39918837,0.307042539
0.212457627,0.189182848,0.344667941,0.297474027
0.160667107,0.152267143,0.266973972,0.244648904
0.130368739,0.108996101,0.21719417,0.180235311
0.143748716,0.0685641393,0.237772688,0.113359846
0.200695798,0.0275724456,0.325688332,0.0457692891
0.27864641,-0.023922706,0.440687239,-0.03982668
0.342587382,-0.092445612,0.524670124,-0.144250169
0.360618025,-0.172566473,0.540250719,-0.262548953
0.318068802,-0.244512826,0.476044238,-0.371419728
0.223979279,-0.279818743,0.344050318,-0.435212761
0.107296854,-0.253104806,0.169206962,-0.412342012
0.00476341089,-0.154983684,0.00554466713,-0.263546824
-0.054018598,-0.000111913636,-0.0941252783,-0.00826128293
-0.0579331331,0.173905775,-0.0964199603,0.280981421
-0.0176401809,0.317323983,-0.0273597185,0.494596839
0.039948687,0.38512969,0.065119274,0.58250922
0.0830701441,0.353484184,0.134154186,0.543192625
0.0873807371,0.229068369,0.149721116,0.373954087
0.0443551578,0.0473580845,0.0828858539,0.0851726532
-0.0367947482,-0.139684677,-0.0544296168,-0.225274116
-0.133479193,-0.281694233,-0.210947469,-0.43794778
-0.217981592,-0.346644849,-0.329928577,-0.512946606
-0.266388595,-0.329859555,-0.39964512,-0.486104369
-0.265467614,-0.252278835,-0.41267553,-0.384216875
-0.215936169,-0.149509028,-0.353366673,-0.237031803
-0.13174431,-0.0568124503,-0.226097345,-0.0927692354
-0.0358168036,0.00358927879,-0.0642629117,0.00782952365
0.0467519648,0.0281392951,0.0758184791,0.0474729016
0.0965270028,0.029242387,0.161168277,0.0483699143
0.10647893,0.0266452022,0.180532724,0.0416845903
0.0852153227,0.0374589972,0.144525155,0.0584993325
0.0547420643,0.0692038015,0.0941405669,0.111918144
0.042411413,0.118126832,0.0722218603,0.1931936
0.0691617355,0.172266349,0.113483831,0.280727416
0.138427138,0.216758639,0.22122483,0.34609291
0.230880722,0.238580674,0.359095305,0.368890792
0.308600485,0.229140148,0.469302207,0.342109829
0.328530818,0.184894517,0.504918635,0.276994497
0.260704577,0.107322693,0.422624379,0.167287663
0.103708297,0.00341833849,0.184748977,0.00333870715
-0.109945834,-0.113351837,-0.169989362,-0.18553704
-0.322164953,-0.223022595,-0.481408745,-0.330297619
-0.469114095,-0.301811069,-0.630434632,-0.397418439
-0.504964113,-0.328188539,-0.654635489,-0.413121492
-0.419716358,-0.290921897,-0.590940773,-0.394962221
-0.243415058,-0.195748284,-0.394355088,-0.304206401
-0.0347944982,-0.0669092312,-0.0740699172,-0.113465749
0.140850633,0.0585890971,0.225566,0.0919526145
0.235185549,0.142945677,0.376949459,0.221485317
0.232057497,0.161491796,0.375994205,0.251807511
0.148805842,0.112729982,0.253894687,0.182152852
0.0244613346,0.0197312515,0.051391378,0.0340310037
-0.0987183601,-0.0783873349,-0.157567829,-0.125446796
-0.191672802,-0.141836211,-0.308335841,-0.225076586
-0.246183693,-0.146128297,-0.393236876,-0.228150487
-0.271902174,-0.091939345,-0.434226125,-0.142531395
-0.286107868,-0.00467036106,-0.4561221,-0.00664952444
-0.30244872,0.0760764405,-0.473915339,0.121316284
-0.324334532,0.112643264,-0.498662233,0.180204213
-0.34531647,0.0843998343,-0.526404202,0.138260365
-0.35476473,-0.00421021786,-0.541313529,0.00491650216
-0.344671607,-0.125472903,-0.526532829,-0.178834245
-0.313599348,-0.238794893,-0.474402428,-0.349782407
-0.266185582,-0.305228263,-0.404566675,-0.448638052
-0.209538743,-0.300584584,-0.328650206,-0.455416083
-0.149496138,-0.222756922,-0.247017443,-0.357458085
-0.0892256424,-0.0914610326,-0.15620476,-0.155171677
-0.0305656847,0.058629889,-0.0556791648,0.092295453
0.0236550905,0.188500255,0.0387724862,0.304524034
0.0688013285,0.265722483,0.113643222,0.421355665
0.100390919,0.272785753,0.16565749,0.432050467
0.117780223,0.210992411,0.195374414,0.342565566
0.126714543,0.0992864668,0.213931784,0.167709276
0.137979448,-0.0315133147,0.231320456,-0.0491182692
0.16159907,-0.147585869,0.260982841,-0.239521161
0.199145198,-0.221718818,0.308277816,-0.350955635
0.238775909,-0.24080956,0.361312509,-0.379205525
0.257072091,-0.208718508,0.394206613,-0.332489103
0.228484362,-0.143274084,0.362533242,-0.23756507
0.138815045,-0.0683575422,0.232652813,-0.120718904
-0.00390000897,-0.00411896361,0.000224139803,-0.0122283334
-0.167493582,0.040555004,-0.267412126,0.0658320338
-0.305290639,0.0699391067,-0.47295928,0.113046288
-0.374074548,0.0968189016,-0.563890159,0.153654531
-0.352567941,0.133549273,-0.53578788,0.208881795
-0.251612216,0.183382288,-0.399065971,0.293116122
-0.110697888,0.236746758,-0.180088595,0.382681966
0.0181152448,0.274818629,0.0274371412,0.438979208
0.091709882,0.27894333,0.15040639,0.441066533
0.0929461122,0.241174653,0.15749152,0.385641962
0.0354604088,0.170209959,0.0677364767,0.279785693
-0.0455322675,0.0890492871,-0.068164587,0.152473733
-0.111389399,0.0249085296,-0.181616291,0.0438264906
-0.137956142,-0.00385711249,-0.229397148,-0.00422794372
-0.1246415,0.00289379642,-0.210106462,0.00681922911
-0.0909601599,0.0266402476,-0.153882787,0.0451628044
-0.063418217,0.039420139,-0.106772795,0.0668856129
-0.0603884198,0.018395815,-0.0997536629,0.0341492184
-0.0831413642,-0.0416261256,-0.135256618,-0.0658620149
-0.117349669,-0.124394007,-0.193145797,-0.199081466
-0.143378109,-0.199502066,-0.233172566,-0.316662192
-0.148836419,-0.237396911,-0.24282895,-0.373848319
-0.135824502,-0.224531144,-0.222860932,-0.357964844
-0.118550539,-0.170753241,-0.198722988,-0.280159473
-0.112698428,-0.104846589,-0.188719183,-0.174389258
-0.122875698,-0.0602280349,-0.204393327,-0.0986757353
-0.135907874,-0.058021903,-0.224639684,-0.0905135348
-0.124799557,-0.0962677151,-0.20821552,-0.151981518
-0.0623764768,-0.150997519,-0.108579837,-0.242721274
0.0619461909,-0.188831925,0.0908873677,-0.305290401
0.231140971,-0.184735745,0.351654202,-0.294788599
0.401883364,-0.135791793,0.584551632,-0.209185123
0.518970728,-0.0637863204,0.709316611,-0.0993039086
0.537127018,-0.00507941144,0.72984302,-0.0170717873
0.440585822,0.00726977875,0.648527384,0.00100995158
0.251506239,-0.0398028418,0.413179517,-0.0700753778
0.0231815763,-0.132172942,0.0500011668,-0.220063046
-0.179215312,-0.234344468,-0.279484421,-0.366705179
-0.302174509,-0.305291295,-0.448766142,-0.442589074
-0.321899921,-0.316499114,-0.475293308,-0.453236908
-0.249898061,-0.263597369,-0.393590152,-0.397856593
-0.124844916,-0.166486949,-0.215433568,-0.270593554
0.00467688777,-0.0587173477,-0.00130222458,-0.100914977
0.0986233801,0.0280249361,0.160333097,0.0435020924
0.137597248,0.0766175985,0.229495302,0.122537963
0.124756537,0.088827841,0.210594729,0.143568009
0.0785681605,0.0804018155,0.135961384,0.132456452
0.0212502498,0.0707032308,0.0395659916,0.116655678
-0.031158356,0.0728739351,-0.0491485335,0.121080041
-0.0729512721,0.0893222913,-0.119415477,0.14892067
-0.106461644,0.113794863,-0.173415065,0.187494621
-0.135973752,0.137530938,-0.219078749,0.225882411
-0.162057966,0.155131191,-0.258841217,0.253542095
-0.179770857,0.166643694,-0.285268247,0.271179974
-0.181635544,0.175204366,-0.288448215,0.285658538
-0.163450196,0.182511985,-0.262417406,0.297548801
-0.129262105,0.185685873,-0.208394378,0.304727256
-0.0921540409,0.177970305,-0.147946313,0.293803155
-0.0696560517,0.15309298,-0.111514203,0.255387813
-0.0755326375,0.110562921,-0.120426655,0.186168745
-0.111912042,0.0583884567,-0.17928578,0.099197939
-0.166042626,0.0111110359,-0.269379258,0.0222783871
-0.214083344,-0.0161740463,-0.34720543,-0.0219359137
-0.231029525,-0.0146902772,-0.37463212,-0.0195880868
-0.202668518,0.0140054021,-0.334756315,0.0250696074
-0.133952647,0.0590383559,-0.226046428,0.100042045
-0.0492821448,0.105580136,-0.0844036564,0.17632319
0.0163752493,0.141448915,0.027404448,0.235096484
0.0322863571,0.161274388,0.0577760004,0.263883799
-0.0137398923,0.166181758,-0.0162464473,0.273865134
-0.108327404,0.159761027,-0.168449953,0.261244535
-0.216701761,0.143363446,-0.338528752,0.233892336
-0.296947688,0.114105769,-0.459128737,0.183300406
-0.318358749,0.0671391487,-0.495221972,0.114039317
-0.275521994,0.000860413769,-0.441089779,0.0100815399
-0.191300616,-0.0784033984,-0.315692335,-0.117632486
-0.106816478,-0.155730829,-0.179049209,-0.247232392
-0.0626821294,-0.212231398,-0.106340453,-0.341636807
-0.080131419,-0.233016416,-0.130961329,-0.376339048
-0.151063755,-0.214299232,-0.241808906,-0.344762564
-0.241962746,-0.16553314,-0.38353309,-0.261982471
-0.309991598,-0.105087526,-0.483665407,-0.160163447
-0.323536694,-0.0516021736,-0.506279409,-0.0752814561
-0.277130097,-0.0157231595,-0.444938719,-0.018452704
-0.193346843,0.00317860558,-0.322109133,0.00991846714
-0.110740528,0.0135420915,-0.187203363,0.0261584781
-0.0639550164,0.023646215,-0.107588619,0.0400884822
-0.0662037656,0.0342016928,-0.109018408,0.0570956878
-0.103173651,0.0364411101,-0.167692557,0.0612237789
-0.141552135,0.0174561795,-0.230221644,0.0314479508
-0.147744253,-0.0299868342,-0.244729131,-0.0436524078
-0.106898494,-0.0991266072,-0.179793403,-0.155836716
-0.0320124663,-0.168190777,-0.0584859475,-0.27132687
0.0420566164,-0.208753288,0.0604215786,-0.338248581
0.0769372806,-0.200104356,0.120097376,-0.328038156
0.0520398393,-0.142189786,0.0848965496,-0.241832137
-0.0224710926,-0.059452787,-0.0363678783,-0.105579801
-0.108282268,0.00795005169,-0.178307772,0.0121264299
-0.156447634,0.0225159861,-0.255316436,0.0401813202
-0.131390572,-0.0312510021,-0.220279127,-0.0421912484
-0.0294236932,-0.136498228,-0.0562052839,-0.217382982
0.117629573,-0.248857155,0.177340433,-0.390810341
0.255749047,-0.315246701,0.371838808,-0.474651545
0.332585096,-0.298232257,0.475966603,-0.441632003
0.320347071,-0.19426699,0.482501596,-0.307177156
0.226891115,-0.0367046259,0.368354559,-0.0749664977
0.0902814865,0.118260026,0.155570731,0.184223697
-0.0396590494,0.216200083,-0.0568209291,0.348276079
-0.123177469,0.227877319,-0.190780222,0.368658334
-0.145205691,0.16036509,-0.231786743,0.269962728
-0.116615914,0.050937444,-0.192692786,0.0946927592
-0.0632299408,-0.0526425764,-0.107559927,-0.0817291215
-0.00982411485,-0.115208268,-0.0202178787,-0.190413952
0.0317955352,-0.129125983,0.0479937382,-0.215759605
0.0647435337,-0.114122301,0.1021851,-0.192931607
0.09927544,-0.102997765,0.160130709,-0.173114479
0.141099066,-0.121411748,0.228265271,-0.197900906
0.183523968,-0.17267108,0.290715307,-0.277064621
0.208552957,-0.235470891,0.322525859,-0.369563401
0.196473822,-0.275525689,0.301462084,-0.428700686
0.138314605,-0.264727861,0.214235052,-0.424541801
0.0436561257,-0.1976531,0.0710495859,-0.330497861
-0.0612142608,-0.0967521369,-0.10162995,-0.167282611
-0.144417688,-0.00347259594,-0.238183096,-0.00794797577
-0.183227241,0.040318355,-0.299865752,0.0699447021
-0.17465581,0.0115412166,-0.287372231,0.0263279099
-0.136253834,-0.0833572522,-0.225938708,-0.126740515
-0.0967119187,-0.210827991,-0.161144063,-0.332606465
-0.0812740773,-0.32411024,-0.130055279,-0.499241143
-0.0996046811,-0.3817828,-0.15378046,-0.573190868
-0.142240062,-0.362704158,-0.219155148,-0.547379255
-0.187011868,-0.271585584,-0.295868665,-0.425016969
-0.211513251,-0.134268641,-0.346137047,-0.219316527
-0.204680398,0.0136986002,-0.338021845,0.0201803669
-0.171416536,0.139489248,-0.279941976,0.22632134
-0.128276944,0.221628368,-0.204113901,0.357651383
-0.0932010859,0.252878964,-0.14516905,0.407128185
-0.0753758252,0.238375112,-0.11594402,0.386577815
0.226946607,0.312051594,0.325045288,0.474034309
0.225644499,0.391106218,0.342918664,0.553578734
0.213194087,0.385081351,0.321053714,0.561172366
0.199116647,0.280089825,0.3156223,0.435241371
0.185147777,0.105531983,0.308896661,0.177087471
0.164629266,-0.0763965845,0.273723841,-0.121983849
0.129376933,-0.198196992,0.208193779,-0.321828008
0.0791625679,-0.217930824,0.124625415,-0.357880056
0.0265504643,-0.137958229,0.0406280346,-0.238256723
-0.00771907624,-0.00232172385,-0.0172203071,-0.0110835303
-0.00753386924,0.125439495,-0.0136455679,0.205162495
0.0248952545,0.192388505,0.0415987,0.31544593
0.0637816265,0.178994656,0.10783831,0.29714036
0.0685389489,0.103893057,0.120558985,0.17696324
0.00430169515,0.00968911406,0.0152807944,0.0179148931
-0.135730729,-0.0613042489,-0.215183571,-0.100763679
-0.318800777,-0.0879584253,-0.489230812,-0.135586858
-0.480320662,-0.0772822499,-0.679714441,-0.104668893
-0.54959321,-0.0552246571,-0.740862727,-0.0646698475
-0.482367635,-0.0481121466,-0.688107431,-0.0580766052
-0.284330338,-0.0661616102,-0.45980233,-0.0924847573
-0.0130608659,-0.0984617397,-0.0368303396,-0.155984998
0.243791655,-0.121547297,0.376230389,-0.193473682
0.404487878,-0.11556676,0.594397187,-0.179358602
0.426441282,-0.0777643248,0.627039135,-0.125621825
0.321097791,-0.0249204654,0.504928768,-0.0511147082
0.144062474,0.0167482924,0.247351378,0.0171601754
-0.0335343294,0.0280447658,-0.0473606847,0.0452527143
-0.157413006,0.00943641365,-0.256136388,0.0187663939
-0.210243449,-0.0181942768,-0.343123883,-0.0226579681
-0.210783809,-0.025813723,-0.345138788,-0.0374502875
-0.19488579,0.00519544911,-0.320644379,0.00991672743
-0.190559894,0.0690070391,-0.311647981,0.113182209
-0.201543137,0.134650633,-0.323411614,0.216964245
-0.208002195,0.160197496,-0.329827517,0.262957156
-0.182669073,0.114975087,-0.294658959,0.195062533
-0.111786418,-0.00193649472,-0.187733144,0.00858793594
-0.00772960484,-0.157219946,-0.0163252,-0.24848038
0.0946608558,-0.296022207,0.140865445,-0.460876763
0.156261668,-0.366033971,0.227178991,-0.553039789
0.155926615,-0.341130972,0.230844721,-0.525547564
0.103772119,-0.232941583,0.161402762,-0.383149981
0.0373568349,-0.084924981,0.0615927316,-0.150618896
0.0022704897,0.0475871414,0.00232234178,0.0747720301
0.0275449622,0.121144742,0.0437726825,0.20338203
0.109413028,0.120264351,0.180276722,0.201258495
0.212502018,0.0590966642,0.345555216,0.0988090262
0.28803426,-0.0302351657,0.455667436,-0.0481370278
0.29930532,-0.114949353,0.469134867,-0.183386698
0.240760639,-0.175002798,0.381752521,-0.280561209
0.140520811,-0.206482023,0.227889568,-0.336585552
0.0452019237,-0.215387225,0.07156609,-0.351762503
-0.00463400083,-0.207781434,-0.0119298724,-0.338964701
0.00476705795,-0.183734998,0.00131999562,-0.3031331
0.0542366914,-0.139199704,0.0826251954,-0.230890408
0.103022203,-0.0741054192,0.166749001,-0.127800286
0.111130834,-0.000300862652,0.183726758,-0.00581741612
0.0607204773,0.0575569011,0.106152743,0.0915636569
-0.0344302766,0.0709460676,-0.0490453243,0.118489981
-0.135689765,0.022657631,-0.218250692,0.0426394455
-0.198401853,-0.0801851973,-0.320278227,-0.121918447
-0.192821845,-0.203762829,-0.310283452,-0.313438505
-0.116949461,-0.299286366,-0.192516714,-0.460093737
0.00402414706,-0.324569911,-0.00702915387,-0.505242109
0.129882306,-0.265135884,0.192837745,-0.424130857
0.222091049,-0.143674225,0.346093833,-0.240038976
0.256971508,-0.011874211,0.409421325,-0.0285074022
0.230465233,0.0725486279,0.375229329,0.110207267
0.154682219,0.0729582384,0.262218326,0.116753437
0.0502819046,-0.00828707218,0.0921135545,-0.0116482954
-0.0605259687,-0.13027896,-0.0953995809,-0.210221305
-0.157758012,-0.232532874,-0.251629889,-0.36451
-0.224768281,-0.263390124,-0.351555973,-0.404535979
-0.249094546,-0.203993723,-0.395197034,-0.319252163
-0.224844545,-0.0762342215,-0.370368659,-0.125102237
-0.15608336,0.0688316971,-0.263943851,0.11188408
-0.058539968,0.175812423,-0.0986486301,0.28907451
0.0431727804,0.210374445,0.0716053694,0.344319791
0.123327412,0.172702804,0.204698175,0.284231842
0.164963931,0.0930998102,0.274066299,0.153369769
0.166831911,0.013187293,0.278327256,0.021745814
0.143083811,-0.0365551785,0.238178983,-0.0639094487
0.115030177,-0.0507918969,0.190453485,-0.0875939354
0.0988283232,-0.0478221178,0.163899869,-0.0835822299
0.0957436115,-0.0542170107,0.15773721,-0.0910123289
0.0907216296,-0.0848868042,0.151233435,-0.141753182
0.0606610402,-0.130334958,0.101279512,-0.215233698
-0.0117003676,-0.15887998,-0.0170216132,-0.263579041
-0.125832975,-0.133350283,-0.204301551,-0.221994102
-0.260257304,-0.0336147361,-0.415791243,-0.057363037
-0.380416542,0.127334267,-0.568517089,0.190128177
-0.453763396,0.303175628,-0.610900044,0.410666555
-0.464190394,0.43141526,-0.571490943,0.543550372
-0.418233246,0.460416943,-0.519609213,0.586461544
-0.340015769,0.373457015,-0.466665268,0.530282319
-0.258119226,0.197980314,-0.394561142,0.323489696
-0.191890508,-0.00480701821,-0.311059207,0.00732046366
-0.144674346,-0.165446311,-0.236867204,-0.260488212
-0.107129619,-0.235069484,-0.17751798,-0.374507725
-0.0677461699,-0.204352856,-0.11771363,-0.334538281
-0.0235093776,-0.10428524,-0.046294786,-0.178147614
0.0161669049,0.0107676536,0.0238450989,0.0137577951
0.0347355045,0.0889566168,0.0600307845,0.143736735
0.0196219906,0.103295982,0.0374673642,0.17299974
-0.0280819088,0.06036162,-0.0404960923,0.103680953
-0.0918620229,-0.00762369344,-0.149076939,-0.00955537427
-0.147613704,-0.0620966256,-0.243172765,-0.0976737067
-0.176596776,-0.0784517378,-0.290834367,-0.12589851
-0.175498396,-0.0571576096,-0.290572941,-0.0910012424
-0.156976417,-0.0207674112,-0.261064351,-0.032426551
-0.139785647,0.00067226775,-0.231396914,0.00385932135
-0.134316728,-0.0124837374,-0.222839281,-0.0160637386
-0.132922336,-0.057908982,-0.218719557,-0.0890054628
-0.112270981,-0.112066858,-0.188224882,-0.180188775
-0.0479885675,-0.14274694,-0.0869920328,-0.232947871
0.0660921335,-0.126720086,0.0988087356,-0.210540816
0.205847397,-0.0632772297,0.324678779,-0.107823476
0.321062297,0.0234425608,0.498062789,0.0271691252
0.356515229,0.0947567001,0.545442045,0.133889705
0.280611366,0.115492292,0.449525803,0.174370334
0.106540293,0.071085304,0.189816847,0.11614766
-0.106809214,-0.0245053191,-0.164567098,-0.0387812369
-0.277283341,-0.133881986,-0.432516158,-0.203208447
-0.336055189,-0.211974144,-0.50970751,-0.309348822
-0.260826796,-0.225287125,-0.414164871,-0.340100408
-0.0885116085,-0.166038722,-0.160863608,-0.269127786
0.100222759,-0.0551577136,0.154416427,-0.0952057615
0.218156874,0.0667369813,0.350314289,0.0998748168
0.212762445,0.156025797,0.347468227,0.241461709
0.0912096202,0.18312034,0.161164597,0.293665439
-0.083385922,0.142916501,-0.123296998,0.236513764
-0.222740576,0.0550382137,-0.352560848,0.0981257483
-0.255985409,-0.0453022346,-0.410083234,-0.0626111329
-0.163068488,-0.121402152,-0.275281399,-0.190069601
0.0171202291,-0.148331165,0.0146798184,-0.241370425
0.207065865,-0.120640792,0.322639853,-0.19828628
0.328334898,-0.0524756052,0.506935894,-0.0917098299
0.337422997,0.0290193874,0.524549246,0.0327243507
0.242352337,0.0940241441,0.396012485,0.140562177
0.093225278,0.120415963,0.164285913,0.193563104
-0.0465238579,0.101002596,-0.0681841969,0.168582663
-0.132100508,0.045651637,-0.215146765,0.0807823688
-0.155975148,-0.0221733786,-0.257961094,-0.0298438035
-0.14475441,-0.0734990984,-0.242365897,-0.11495173
-0.137956768,-0.0842688158,-0.229776502,-0.137598604
-0.161734849,-0.0448735468,-0.266851336,-0.0752295628
-0.212440625,0.0346660018,-0.343433559,0.0550454035
-0.258671701,0.126393721,-0.408984303,0.200661659
-0.259853542,0.193349347,-0.405223936,0.304443061
-0.190427765,0.203214243,-0.303835034,0.330280572
-0.0560951084,0.141685918,-0.0947972015,0.242924944
0.106601156,0.0198667925,0.173274457,0.0423405692
0.246759176,-0.128257737,0.390273541,-0.200333655
0.322543561,-0.258217603,0.477620661,-0.387627393
0.319210678,-0.3327353,0.457019955,-0.485944718
0.252919555,-0.337104887,0.37013793,-0.505712032
0.159484953,-0.28503862,0.245067611,-0.452040285
0.07509505,-0.211683825,0.119569734,-0.350288123
0.0195771996,-0.15648599,0.0295413565,-0.261938959
-0.00953286421,-0.143764704,-0.0182394162,-0.235984683
-0.0303646643,-0.170544147,-0.0515158623,-0.277602345
-0.0626030192,-0.208148643,-0.103099003,-0.33526665
-0.114403188,-0.217481986,-0.186287016,-0.348022997
-0.177331656,-0.170863241,-0.288787901,-0.276385546
-0.23118408,-0.0694069192,-0.375719339,-0.114140272
-0.254941702,0.053536918,-0.409981102,0.0856141448
-0.237243548,0.145820349,-0.377738208,0.234139204
-0.180898324,0.16122818,-0.290814728,0.26890555
-0.100035258,0.08369416,-0.164962649,0.150376797
-0.0128149297,-0.0613675416,-0.0228084438,-0.0925738439
0.065379642,-0.215261951,0.100848958,-0.342512846
0.124618739,-0.310963959,0.187225625,-0.482882202
0.158722922,-0.303536206,0.236922979,-0.475482047
0.162108883,-0.191515133,0.252833694,-0.318792164
0.128966376,-0.0186764672,0.211730957,-0.0449075811
0.056579385,0.14510712,0.097599104,0.228534132
-0.0488357469,0.235048205,-0.0697615892,0.377721786
-0.167992368,0.219873503,-0.256119281,0.356217265
-0.270226091,0.114048034,-0.418230832,0.190561324
-0.322215289,-0.0316598155,-0.499719083,-0.0365440026
-0.300774455,-0.156068191,-0.469468921,-0.229769185
-0.203854382,-0.216772795,-0.332477599,-0.334317297
-0.0540451817,-0.208230808,-0.101290122,-0.335838825
0.107801363,-0.160332009,0.164652377,-0.264858723
0.236462519,-0.119155303,0.372396171,-0.1945014
0.297763705,-0.12059059,0.463690668,-0.192528799
0.2789841,-0.170786992,0.437192231,-0.268974751
0.19041796,-0.243400618,0.302810103,-0.384951204
0.0586509295,-0.29457736,0.0941659734,-0.466863632
-0.0842407569,-0.287314832,-0.133044124,-0.456350297
-0.210312441,-0.212137192,-0.334642678,-0.337828547
-0.300749511,-0.0932300761,-0.473223388,-0.14627403
-0.346086413,0.022997072,-0.535131693,0.0378875174
-0.344144344,0.0907465965,-0.528848469,0.145043045
-0.298671484,0.0871291608,-0.468146384,0.146157086
-0.219934687,0.0225721151,-0.358404994,0.0477744192
-0.125950471,-0.0655735284,-0.212084606,-0.0995635465
-0.0415569954,-0.132395834,-0.0729465038,-0.214430928
0.00671150303,-0.147490427,0.00721222162,-0.244088531
-0.000681092439,-0.108588099,-0.00328582665,-0.185501188
-0.0675418302,-0.0404637009,-0.110948503,-0.0727641061
-0.177876279,0.0193430986,-0.28737846,0.0291772075
-0.299574405,0.0399215147,-0.466130823,0.0669353008
-0.395242512,0.0114610931,-0.58930701,0.0262428951
-0.435752273,-0.0519106612,-0.635361731,-0.0648282543
-0.410381615,-0.121140495,-0.607882619,-0.167473972
-0.328953713,-0.167311817,-0.50660342,-0.24549289
-0.215409443,-0.174544588,-0.351771712,-0.270071596
-0.0965772644,-0.144657612,-0.168186203,-0.235958874
0.00789966621,-0.0926169157,0.00651260698,-0.1552165
0.0896803588,-0.0367832519,0.145297974,-0.0639525503
0.148897439,0.00988755003,0.243873551,0.0129603231
0.187575594,0.0431401134,0.306695104,0.0672334507
0.204536736,0.0646816045,0.333099008,0.0991431847
0.195697919,0.0766967088,0.321857721,0.121301889
0.159746915,0.0782095343,0.265912443,0.124007776
0.10509491,0.066057004,0.179062605,0.107625753
0.0523855723,0.0396202914,0.0922699422,0.0655648261
0.028934909,0.0054824343,0.0493105501,0.0101061091
0.0563052855,-0.0221730117,0.0908021331,-0.036312215
0.137029096,-0.0270275306,0.220832497,-0.0455810726
0.248299837,0.000382812694,0.393678337,-0.00384499668
0.347783536,0.0553096645,0.531638265,0.0771868974
0.390624821,0.118012279,0.5839656,0.165622815
0.350372493,0.161159128,0.53542316,0.234180599
0.233503848,0.162356585,0.379932106,0.249878943
0.079493843,0.11548619,0.14292042,0.190101624
-0.0548449978,0.0346802659,-0.0830409825,0.061832875
-0.120060854,-0.0515724942,-0.198889032,-0.0784943551
-0.0961308926,-0.113466665,-0.165920839,-0.181331903
-0.00103345281,-0.133447826,-0.0124363387,-0.217045754
0.118623309,-0.113361441,0.186639562,-0.188586876
0.210466862,-0.0717049018,0.335690141,-0.121692799
0.24143602,-0.0328542739,0.388411045,-0.0586621128
0.212590396,-0.0143730165,0.348866373,-0.0288117714
0.156336904,-0.0192662869,0.261598527,-0.0360235721
0.117687277,-0.0369478613,0.196269512,-0.0639661774
0.129300639,-0.0515732393,0.211087331,-0.0872557163
0.193223774,-0.0522471443,0.308793277,-0.0873663202
0.278788507,-0.0388351977,0.438656449,-0.0666676536
0.337830186,-0.0201057885,0.52079463,-0.0387977809
0.329515547,-0.00586545886,0.514891267,-0.0156594124
0.242150396,0.00137685472,0.396522373,-0.00576252816
0.100864217,0.00927755702,0.175684422,0.00920542423
-0.0427887365,0.0305276942,-0.0660463497,0.0458787791
-0.134192452,0.072436586,-0.219303533,0.119638897
-0.140472531,0.127830803,-0.231975079,0.212373078
-0.0646724477,0.173874348,-0.109111868,0.28900075
0.0572842062,0.181224063,0.0920358673,0.300621539
0.174803957,0.129754096,0.28269276,0.214663878
0.246583894,0.022478966,0.398606867,0.0366897397
0.258424819,-0.110827453,0.411732733,-0.175348431
0.226526156,-0.223989472,0.354127765,-0.353187472
0.185471654,-0.274990499,0.284746408,-0.43233037
0.167821661,-0.246918559,0.256617099,-0.397004396
0.186182559,-0.158323959,0.291292012,-0.262462705
0.226946607,-0.0567366518,0.360805422,-0.0985011011
0.258588463,0.00252493052,0.413412303,-0.00109434652
0.249778241,-0.0176042859,0.405110329,-0.0300707314
0.187524021,-0.117815949,0.309921056,-0.188921958
0.0856132135,-0.261385322,0.140451387,-0.412817568
-0.0213054307,-0.390930653,-0.0333252028,-0.588479698
-0.0951779485,-0.45476827,-0.146619469,-0.652470946
-0.114630133,-0.42987141,-0.176919401,-0.626131773
-0.0871649534,-0.33030355,-0.145880625,-0.512521863
-0.0466851629,-0.19753176,-0.0842448771,-0.327206939
-0.0368277244,-0.078265354,-0.0651285797,-0.134509146
-0.0878524706,-0.00159138918,-0.143043295,-0.0042793192
-0.198465317,0.0329482593,-0.315899462,0.0529662594
-0.332088679,0.0508589596,-0.509514689,0.0819767863
-0.430471063,0.0851116031,-0.627298832,0.130591199
-0.439222366,0.155562207,-0.631810367,0.228270158
-0.333818465,0.256631255,-0.497646958,0.384474128
-0.133804306,0.359648347,-0.207675859,0.547291994
0.102105521,0.428165287,0.146043837,0.629269481
0.298736423,0.437618554,0.413062334,0.598154783
0.395390242,0.388652831,0.536422312,0.51734978
0.371317238,0.307145447,0.536429286,0.429453671
0.254135013,0.231300682,0.402653247,0.350687027
0.107096814,0.193036884,0.184314549,0.307499886
0.000649580266,0.203593969,0.00759985205,0.328374386
-0.019060215,0.25054279,-0.0307623539,0.402128816
0.0494533256,0.306896746,0.0776711628,0.481100708
0.163022906,0.346499205,0.246879652,0.523688734
0.25420928,0.356871963,0.375353664,0.520382464
0.26277715,0.342757195,0.394778818,0.498158485
0.163926944,0.319315881,0.264693856,0.482230663
-0.0195375253,0.29998678,-0.0143076032,0.468711466
-0.2265338,0.286900312,-0.331890196,0.440760463
-0.384114981,0.269895494,-0.541970491,0.393506199
-0.438869327,0.23474592,-0.611499786,0.339175373
-0.379168332,0.175376445,-0.561676204,0.271198928
-0.238613605,0.102077901,-0.385775447,0.174809113
-0.0798239261,0.0397150926,-0.140243903,0.0732405484
0.0333901197,0.0156584196,0.0521636233,0.0271941051
0.0625435784,0.0434575155,0.105267525,0.0677718073
0.00804414786,0.111491583,0.0184656996,0.17847161
-0.0952574983,0.18395865,-0.14854759,0.297376812
-0.197061852,0.215357423,-0.304435939,0.34256044
-0.255305141,0.172266647,-0.395404935,0.279459566
-0.253344655,0.0516979918,-0.403276354,0.0963962749
-0.203476131,-0.113807231,-0.331136167,-0.168980673
-0.136703998,-0.26804328,-0.221829399,-0.413435012
-0.0852033123,-0.355281502,-0.138041183,-0.540108681
-0.0667458177,-0.345589012,-0.111332446,-0.534218609
-0.0784184113,-0.249135926,-0.131952792,-0.405845761
-0.101595409,-0.112247065,-0.171636537,-0.190779433
-0.114293881,0.00339848222,-0.192225724,0.00457802694
-0.103710182,0.0488798581,-0.172459677,0.0849312171
-0.072377786,0.0102987085,-0.120116703,0.0242293905
-0.0353376307,-0.0852773041,-0.0589642674,-0.134762913
-0.0106668547,-0.182959571,-0.0203721877,-0.296967447
-0.00902764872,-0.226042882,-0.0178587344,-0.367873907
-0.0279846787,-0.182661593,-0.0503525063,-0.305855036
-0.0539007485,-0.0607346445,-0.0926318914,-0.109101526
-0.0700124502,0.0955241099,-0.119010448,0.152386531
-0.0660889521,0.225597098,-0.105400845,0.361732781
-0.0444683544,0.279679924,-0.064670153,0.445855469
-0.0193718728,0.240303457,-0.0254590772,0.39270848
-0.00994660798,0.129006431,-0.00978947058,0.221373677
-0.0305931717,-0.00436321646,-0.0453170314,-0.000774023531
-0.0833017454,-0.104203448,-0.135938525,-0.170098782
-0.155558541,-0.132997438,-0.253298134,-0.216491684
-0.224669665,-0.0858597308,-0.364586055,-0.140764832
-0.266492546,0.0100092888,-0.427486271,0.0156107442
-0.264845997,0.109655447,-0.42101717,0.175218061
-0.217858478,0.171138927,-0.347310126,0.277191997
-0.138949618,0.173089549,-0.22433567,0.287755251
-0.0522360019,0.121633112,-0.0861061215,0.208527446
0.0159360915,0.0446759574,0.0268919468,0.0801320896
0.0464456566,-0.0226202104,0.0790620074,-0.036916554
0.0346834175,-0.0537848026,0.0585717447,-0.0912256986
-0.00690340996,-0.0411914028,-0.00928249024,-0.0717873648
-0.0522772335,0.00332333311,-0.0861814171,0.00419468107
-0.0707252473,0.056301184,-0.118862472,0.0934289321
-0.0386693031,0.0941632912,-0.0660660639,0.160000011
0.0497149527,0.102605641,0.0782895982,0.172112703
0.177463636,0.0800791904,0.285924822,0.133484572
0.308322132,0.035093274,0.481091082,0.0534624122
0.39865765,-0.0197940171,0.597504079,-0.0344228558
0.414001495,-0.0733379051,0.613790214,-0.114785023
0.343785048,-0.117657267,0.528781831,-0.185976282
0.20770061,-0.146994263,0.337007672,-0.242010772
0.0500342697,-0.155534983,0.0864139497,-0.261791617
-0.0766608194,-0.137160599,-0.125174001,-0.229275852
-0.13222219,-0.0883897617,-0.221943691,-0.147184327
-0.105080962,-0.0130648371,-0.182158262,-0.0218782723
-0.0167227201,0.0746853724,-0.0333246775,0.124015622
0.087836355,0.152524501,0.141401634,0.248945847
0.159450307,0.19779028,0.258179039,0.315363258
0.165412962,0.198250994,0.270744771,0.315921664
0.101966947,0.16015771,0.176844031,0.261342973
-0.00656548282,0.108250603,-0.000789912126,0.179053366
-0.120894857,0.0758855864,-0.193019897,0.126440272
-0.205217794,0.0887141302,-0.3313784,0.144627854
-0.24191843,0.149608582,-0.383196354,0.237812474
-0.235855311,0.233187318,-0.36416921,0.364337027
-0.207245067,0.294444054,-0.3149257,0.454652458
-0.178019941,0.289110273,-0.269441426,0.452874154
-0.159505278,0.196824864,-0.247940049,0.324708968
-0.147882536,0.0355291143,-0.238077566,0.070671469
-0.129121065,-0.141378045,-0.211044952,-0.21899654
-0.0896563828,-0.265711129,-0.149796471,-0.417518854
-0.0261014644,-0.284593225,-0.0518499166,-0.452594608
0.0517166778,-0.186044469,0.073654063,-0.311239213
0.125839427,-0.00722152926,0.200742483,-0.0248068739
0.179895654,0.179873019,0.28738153,0.278182268
0.207312852,0.299609363,0.323386043,0.452261418
0.213019013,0.306664646,0.331574023,0.466164321
0.207842901,0.206508756,0.336761385,0.329078406
0.199507385,0.0522961356,0.330138236,0.0892809182
0.186380133,-0.0807030275,0.304693699,-0.130946323
0.158530727,-0.130967632,0.256851166,-0.219158411
0.106022753,-0.0795116499,0.174129933,-0.141318947
0.0294985846,0.0424029455,0.0502106994,0.0610472821
-0.0539736189,0.170204073,-0.0840239748,0.274120122
-0.11464712,0.238904223,-0.17902261,0.384332478
-0.122886233,0.215346411,-0.192765936,0.353604347
-0.0648453012,0.113694511,-0.106394336,0.197673708
0.0475704037,-0.0132693127,0.0762453005,-0.0138975997
0.178702176,-0.102088898,0.285115927,-0.164281026
0.283201545,-0.111146152,0.440022796,-0.182526752
0.325667888,-0.0410071798,0.504170239,-0.0770728365
0.29602769,0.0675245151,0.466796696,0.0936179087
0.212762445,0.156025797,0.347255558,0.240007997
0.112410672,0.179418042,0.19142738,0.288141459
0.0310538094,0.128889278,0.0597613603,0.218308315
-0.0122911157,0.035004124,-0.0170135554,0.0640774965
-0.021699544,-0.050032828,-0.0368929692,-0.0802166983
-0.0171702094,-0.0809238106,-0.0317055658,-0.135639399
-0.0191115923,-0.043088451,-0.0343125872,-0.076742202
-0.0339909904,0.0408965051,-0.0581147671,0.0633939356
-0.0498173274,0.125212222,-0.0814221725,0.205099672
-0.0442453548,0.166950285,-0.0697616264,0.275643736
-0.000510905578,0.149853662,-0.000277750165,0.251329303
0.0784813538,0.092533946,0.129364833,0.157488614
0.166886508,0.0367565006,0.273232281,0.0625525564
0.226399258,0.0224697553,0.366100222,0.0302685481
0.225425959,0.0636525676,0.365951955,0.0924702287
0.156518653,0.138717324,0.259327859,0.215874866
0.0420840867,0.201295331,0.076183036,0.321861029
-0.0754273757,0.206020802,-0.11380025,0.335532814
-0.154072315,0.13549757,-0.245804429,0.228672147
-0.172776818,0.0135715203,-0.283279926,0.0319118649
-0.140417069,-0.103013992,-0.233704016,-0.161495879
-0.0885796621,-0.151182592,-0.152368844,-0.245802343
-0.051969748,-0.0932038426,-0.0928110331,-0.160554737
-0.047391396,0.0625951365,-0.0827322006,0.0950884223
-0.0631927103,0.262851268,-0.0999014825,0.411007196
-0.0654055774,0.431855321,-0.0907676369,0.63139981
-0.0175737403,0.505099058,-0.0184857845,0.70643115
0.0964579359,0.457658827,0.143119007,0.661573827
0.25942716,0.314209074,0.388788074,0.474899441
0.424830794,0.136631712,0.619880378,0.203166991
0.536788106,-0.00408580201,0.730371118,-0.0119495746
0.555579305,-0.0580479354,0.740757525,-0.0886445194
0.475826681,-0.01515326,0.677791715,-0.0363564715
0.328239024,0.0948363841,0.511015356,0.130872324
0.164525166,0.218797266,0.271376073,0.336803645
0.0337313004,0.304028928,0.0612839572,0.473546714
-0.0377816521,0.318068177,-0.0519317351,0.498904079
-0.0531781949,0.256864339,-0.0794489384,0.415350229
-0.0368454047,0.14026989,-0.0570893921,0.240892366
-0.0171170589,-0.000273232494,-0.0261594895,0.00592718599
-0.0104001127,-0.134575084,-0.0188949071,-0.218905419
-0.0152628813,-0.241496295,-0.0275121219,-0.386658102
-0.0185745936,-0.310238004,-0.0344294645,-0.485035151
-0.00858938601,-0.337447673,-0.0206286553,-0.52247566
0.0138951689,-0.323884159,0.0134996017,-0.504729629
0.033496432,-0.273118675,0.046298705,-0.437258482
0.0286145788,-0.192178205,0.0411302745,-0.319903165
-0.0149815176,-0.0921525806,-0.0256567057,-0.159660712
-0.0937515348,0.0131452577,-0.154139102,0.0164051708
-0.185676515,0.11058493,-0.298583984,0.178024545
-0.260000736,0.191266283,-0.401650161,0.300439566
-0.292032003,0.25163579,-0.437307358,0.383826613
-0.274719387,0.291000962,-0.40827778,0.441091776
-0.220729902,0.306901127,-0.331161022,0.470285773
-0.154352859,0.291834325,-0.23774828,0.459403813
-0.0983726159,0.234683424,-0.151880339,0.382807195
-0.063624315,0.127550796,-0.0991046131,0.218353152
-0.0468498431,-0.0250272416,-0.0737726986,-0.0344287828
-0.0371137373,-0.200044677,-0.0597820543,-0.317874104
-0.0257790275,-0.358200669,-0.0443938896,-0.54426533
-0.0131253228,-0.455551982,-0.0267045312,-0.657794774
-0.00725413393,-0.460694522,-0.0191284381,-0.66486901
-0.0163012743,-0.369719654,-0.0341109373,-0.566964865
-0.0397051498,-0.211147279,-0.0711665303,-0.351374805
-0.0652543157,-0.0371812358,-0.113950528,-0.0710135996
-0.0750631541,0.0959075317,-0.124327101,0.157405004
-0.0576010756,0.149957597,-0.0928844735,0.249285042
-0.0182209518,0.119713716,-0.0287917331,0.205401361
0.019520184,0.0335363112,0.0342658088,0.0619635135
0.0245438721,-0.0601346642,0.0445605777,-0.0979302451
-0.0236262605,-0.114132777,-0.0373336039,-0.192197382
-0.119298227,-0.101958953,-0.194458887,-0.171376452
-0.227543503,-0.0268883482,-0.365722716,-0.0479910225
-0.297478914,0.0822327137,-0.46766454,0.129920721
-0.286668062,0.185214043,-0.445195019,0.288829923
-0.184402376,0.247355416,-0.290959507,0.392923176
-0.020941006,0.251338035,-0.0365497582,0.409511507
0.14365454,0.200097606,0.229470313,0.326808155
0.246831819,0.11146155,0.397702098,0.178985968
0.253728449,0.00889923982,0.412887782,0.0128664151
0.174629122,-0.0866247043,0.29136759,-0.144353852
0.0601057895,-0.160777375,0.102556154,-0.266977161
-0.0243371185,-0.206129029,-0.0428417884,-0.336301953
-0.0314550586,-0.220786706,-0.0579030402,-0.356151342
0.0437618233,-0.207551926,0.0609923266,-0.336636513
0.161827907,-0.17405057,0.250173897,-0.283515841
0.259480625,-0.132464021,0.405622512,-0.215853229
0.282651514,-0.0970965624,0.443809658,-0.159973979
0.214583561,-0.0794703886,0.353604704,-0.135153517
0.0846128687,-0.0829463229,0.14657037,-0.143360391
-0.0466764271,-0.100252509,-0.0732135549,-0.167323813
-0.117915757,-0.116445415,-0.197173864,-0.189326569
-0.0971454531,-0.116855726,-0.167232677,-0.188928723
0.00355650275,-0.0961583629,-0.00370258861,-0.1583561
0.13577354,-0.0631161481,0.215692103,-0.106071576
0.239820436,-0.0371962376,0.382900715,-0.0640990362
0.273608357,-0.0376561061,0.437679529,-0.0651514605
0.230613157,-0.0705036297,0.375676364,-0.11619921
0.138852045,-0.12100964,0.232215405,-0.20061706
0.043157436,-0.157404393,0.0731625855,-0.260019541
-0.0185481254,-0.145636395,-0.0325820819,-0.242531016
-0.0321884416,-0.0685395822,-0.0586957,-0.118096851
-0.00980708376,0.0608115532,-0.0205064546,0.0960277691
0.0219932385,0.199943885,0.0350131653,0.321691722
0.0392021015,0.293602169,0.0664957538,0.461313844
0.0327935964,0.299260885,0.0599345751,0.472599328
0.00996774435,0.20911108,0.0245478153,0.347313344
-0.0148721077,0.0568014532,-0.0183845777,0.103573315
-0.0324016027,-0.0957317054,-0.0508682467,-0.153224677
-0.0454929508,-0.185971543,-0.0772390291,-0.303204119
-0.066596292,-0.17988795,-0.11267405,-0.297329962
-0.107347563,-0.0879104286,-0.180851236,-0.152849063
-0.167479157,0.0404316634,-0.274740607,0.0617559738
-0.230684668,0.140753314,-0.364259809,0.226000279
-0.270829678,0.164859325,-0.419896096,0.264410257
-0.265451372,0.103030629,-0.4175556,0.173662707
-0.208798796,-0.0134116169,-0.340270668,-0.00886734203
-0.116597481,-0.129925177,-0.196146995,-0.204283267
-0.0193542987,-0.197055593,-0.0395911038,-0.318428457
0.0523868054,-0.194148317,0.0783742517,-0.320799977
0.0827722624,-0.136290938,0.133358195,-0.23083891
0.0773016214,-0.0616952591,0.127589017,-0.108504251
0.0580296554,-0.00743738795,0.0979433358,-0.0163395423
0.0504266992,0.0123407198,0.0857397467,0.0199829154
0.06956774,0.0133632757,0.114535108,0.0228392668
0.113302812,0.0294801611,0.186343744,0.0467490032
0.165619239,0.0891599059,0.268762201,0.13961184
0.207304537,0.193982109,0.328877926,0.29926765
0.141841635,-0.33332783,0.239418432,-0.472634554
0.228788793,-0.34825024,0.315422803,-0.534797728
0.30282113,-0.318197459,0.433512449,-0.471699238
0.321219504,-0.258522332,0.471004933,-0.392312795
0.256111026,-0.192910045,0.399663419,-0.310315639
0.11093089,-0.143099099,0.186904073,-0.243616804
-0.0763228759,-0.120289929,-0.119267285,-0.20322606
-0.24563539,-0.121832982,-0.38891086,-0.192851812
-0.338667482,-0.133928761,-0.519413173,-0.197750896
-0.323470682,-0.138304695,-0.503460765,-0.203743637
-0.209047884,-0.11953599,-0.347717255,-0.186634451
-0.042657394,-0.0702078789,-0.0832344666,-0.114461981
0.109688595,0.00722966343,0.174523592,0.00919369422
0.191393435,0.101468287,0.30951637,0.157585472
0.179717839,0.195079178,0.29442358,0.303864032
0.0953848884,0.268126488,0.161505207,0.418438643
-0.00731374696,0.30237335,-0.000601468491,0.47418651
-0.0657770932,0.285902262,-0.0961433128,0.455875814
-0.0384514853,0.217361122,-0.060606502,0.360099941
0.0750934035,0.108212695,0.120840825,0.189554632
0.232723027,-0.0187957007,0.370770246,-0.0255447961
0.36786589,-0.135624543,0.548981071,-0.206761703
0.41917032,-0.21796453,0.595906138,-0.317633539
0.358289897,-0.253836602,0.52392602,-0.379990846
0.203183532,-0.247733593,0.321657538,-0.39519769
0.0109203849,-0.217832729,0.0235224981,-0.359703928
-0.146668419,-0.187016651,-0.236571029,-0.303525597
-0.213410914,-0.171704322,-0.343643069,-0.269163758
-0.171667621,-0.17396304,-0.284840912,-0.274508178
-0.0477994829,-0.181034282,-0.089132607,-0.290441394
0.101445466,-0.172751874,0.154715538,-0.281316251
0.214630827,-0.133210152,0.339050174,-0.220722005
0.251322508,-0.0606810264,0.400961816,-0.106835134
0.206399277,0.0294604171,0.338426948,0.037894059
0.107554607,0.110484079,0.184170291,0.17439279
-0.00133221317,0.155932724,0.00672112079,0.254715383
-0.0819620937,0.151347607,-0.128201589,0.251292527
-0.117894635,0.100403063,-0.191867784,0.172507003
-0.11825005,0.0228140336,-0.19592087,0.0448769815
-0.108399801,-0.0543596819,-0.180246845,-0.085363552
-0.113548771,-0.107286111,-0.188426659,-0.173975006
-0.144072816,-0.122753739,-0.237183392,-0.200280845
-0.189864606,-0.099728778,-0.311057925,-0.161972448
-0.225892827,-0.0459460914,-0.366629779,-0.0736980364
-0.225444943,0.0271170419,-0.368263513,0.045466274
-0.173981696,0.107491657,-0.288268387,0.176510453
-0.0767490342,0.182985052,-0.128218889,0.301086992
0.0431537032,0.240034565,0.0689748079,0.38736248
0.154703259,0.264093012,0.244507298,0.415476203
0.231683657,0.243434355,0.363556713,0.376387715
0.262229323,0.175413325,0.416100204,0.272774458
0.251326114,0.0715105459,0.408364981,0.114291675
0.216105625,-0.0430193506,0.356282294,-0.0685824826
0.177036628,-0.13666226,0.287922263,-0.222254723
0.149461746,-0.183903873,0.238144547,-0.3008883
0.139002621,-0.176368728,0.221123159,-0.290300697
0.141984865,-0.126617029,0.227511287,-0.213492513
0.149606109,-0.0617781579,0.243486166,-0.108566053
0.153238297,-0.00973822083,0.25184074,-0.021562146
0.148392364,0.0148626976,0.245930612,0.0218890347
0.136040553,0.0168921612,0.227920264,0.0262340475
0.121362112,0.0152982734,0.202848434,0.0217643101
0.110879049,0.0287410226,0.185668424,0.0455601513
0.109191544,0.0606626831,0.180898681,0.0965672284
0.116349794,0.0932662413,0.193800464,0.149655253
0.126652136,0.0953343958,0.211574331,0.155553982
0.129455522,0.0408397019,0.218230367,0.0694321096
0.112249412,-0.071703203,0.189904436,-0.115975425
0.0655428842,-0.210960984,0.109260872,-0.338632882
-0.0119063994,-0.322372854,-0.0194754489,-0.501803994
-0.109843634,-0.352846265,-0.170933396,-0.539380491
-0.207532153,-0.278787792,-0.323777229,-0.433575332
-0.279929549,-0.122443274,-0.444099158,-0.196804136
-0.307473302,0.053639181,-0.485493809,0.081719473
-0.285518199,0.173309952,-0.444792658,0.273899227
-0.228562653,0.182576671,-0.358820409,0.298127681
-0.165962234,0.0766457096,-0.270377696,0.138823271
-0.129602522,-0.096042037,-0.211303413,-0.145978972
-0.138362408,-0.255808949,-0.220477387,-0.397675782
-0.186828166,-0.329444379,-0.286461025,-0.499090403
-0.244816452,-0.284885108,-0.377084851,-0.43422699
-0.269686729,-0.145333335,-0.431207687,-0.232133225
-0.227044657,0.0243232753,-0.375870317,0.0374899954
-0.110415377,0.151628628,-0.186319903,0.250415742
0.0503161587,0.193381324,0.0787628442,0.320050359
0.197464406,0.155985475,0.316961825,0.253662467
0.268904239,0.0889160261,0.430361211,0.139555618
0.226312891,0.0551544875,0.372126251,0.0829496905
0.074930653,0.0946537778,0.134192079,0.146385327
-0.135486409,0.200536653,-0.206538036,0.31445837
-0.330334485,0.320897102,-0.466849416,0.463389695
-0.442195296,0.385427535,-0.569987714,0.50925988
-0.440396518,0.342915624,-0.581418455,0.468431503
-0.343746811,0.189919621,-0.513397515,0.300196171
-0.209819332,-0.0244097672,-0.343055606,-0.0204592999
-0.105577506,-0.219932586,-0.174761191,-0.342747688
-0.0736121535,-0.322528034,-0.119458966,-0.500590444
-0.110876381,-0.297882289,-0.176812008,-0.471306354
-0.170943901,-0.165592253,-0.279272169,-0.274328679
-0.189144,0.0124087511,-0.314920455,0.0156264249
-0.118196137,0.162074357,-0.198837966,0.265652895
0.0438237861,0.230345666,0.0669711977,0.376755625
0.248042032,0.205151767,0.384226739,0.324391514
0.41570583,0.114209421,0.613283157,0.166762054
0.475948423,0.00581971463,0.682892799,0.00365099288
0.401935905,-0.0765609443,0.602373123,-0.121359602
0.227055728,-0.112572961,0.372178018,-0.188320383
0.0321893878,-0.10814704,0.0604080036,-0.187191024
-0.0907463804,-0.0847586244,-0.151027605,-0.142512038
-0.0818984434,-0.0631201863,-0.144070864,-0.101807803
0.0575498827,-0.0514146723,0.0848187506,-0.0805130452
0.264786124,-0.0440132916,0.411489606,-0.0697019026
0.443818957,-0.0295739546,0.641381264,-0.0506717451
0.509622157,-0.00186436519,0.707811058,-0.0133536058
0.42707926,0.0342703424,0.632752419,0.038823612
0.22644484,0.0655249581,0.376872092,0.0950441808
-0.0115424395,0.0791630894,-0.00584633043,0.126606822
-0.1932064,0.0721193403,-0.308940202,0.120763555
-0.253902286,0.0539248846,-0.407967478,0.094761841
-0.184674814,0.0413209945,-0.308419645,0.0761215091
-0.0319185145,0.0478460565,-0.0626339912,0.0845116079
0.128273636,0.0749545917,0.20623599,0.123057365
0.227398083,0.110313058,0.364369273,0.171197832
0.234995008,0.134429961,0.380671948,0.207687974
0.168240219,0.131559104,0.281960458,0.20843111
0.0777104795,0.0981505513,0.137437403,0.161021039
0.0182468686,0.0436932929,0.0340478458,0.0751087889
0.0205957107,-0.0163722187,0.0322943479,-0.0230405275
0.0780128986,-0.0709208176,0.125207141,-0.114589542
0.153463215,-0.119738005,0.245934755,-0.195866674
0.202141002,-0.171862915,0.321237922,-0.277258962
0.19647184,-0.236415491,0.308018208,-0.373048246
0.140245765,-0.311737508,0.21662952,-0.483454466
0.0649956167,-0.380303055,0.0955351144,-0.574509919
0.0114808902,-0.41381669,0.0101171602,-0.616057515
0.0069201747,-0.386863351,-0.000584549678,-0.584901452
0.0504234061,-0.291980147,0.0682776645,-0.466089606
0.11418549,-0.147471577,0.176655173,-0.249016389
0.159252614,0.00718422374,0.258570343,0.00246525672
0.156853974,0.126765564,0.259246677,0.199513048
0.103562109,0.178923264,0.176517799,0.288815588
0.0222353004,0.156466737,0.0456907861,0.259873062
-0.0513364673,0.077305235,-0.07936465,0.133569375
-0.0883148983,-0.0270921513,-0.146133348,-0.0382968262
-0.0820038989,-0.127598867,-0.138017043,-0.204427063
-0.0498979911,-0.208599254,-0.0854754895,-0.335255027
-0.0215832647,-0.268751055,-0.0399457403,-0.425990462
-0.0195013247,-0.312383354,-0.0343749523,-0.488586068
-0.0437555574,-0.338460058,-0.0711137205,-0.523707092
-0.0701090917,-0.335457444,-0.115088873,-0.518097997
-0.0631039888,-0.286508203,-0.107289515,-0.453368962
0.00232079788,-0.182161242,-0.00893415324,-0.302339315
0.122552253,-0.0324675217,0.19075422,-0.060403537
0.261115402,0.130469069,0.406033903,0.197152346
0.36228168,0.263133526,0.529331982,0.374390453
0.37675786,0.329991311,0.534625828,0.454699159
0.286895186,0.321073055,0.433714241,0.465410501
0.118332148,0.25706917,0.203050882,0.404791772
-0.0687040836,0.177715018,-0.098559171,0.291105926
-0.205131248,0.118915893,-0.325956881,0.194746777
-0.243740544,0.091333136,-0.391028404,0.150380701
-0.180043429,0.0734352022,-0.29910633,0.12593317
-0.053012684,0.0245457962,-0.0941501409,0.0497367159
0.0746112689,-0.0880223215,0.121258646,-0.137717217
0.146624774,-0.26265645,0.229949847,-0.408849746
0.139222011,-0.453949243,0.19801946,-0.646707058
0.0697547197,-0.587910771,0.08590018,-0.761925697
-0.0154495826,-0.596415162,-0.0269198138,-0.771248877
-0.0673348457,-0.453987628,-0.107322551,-0.658999383
-0.0604594089,-0.197124928,-0.110887535,-0.333183289
-0.00566158444,0.0858647972,-0.0203373078,0.132037923
0.0573524497,0.291658282,0.0926991254,0.455361485
0.0832053721,0.348301589,0.13649644,0.537343085
0.0471330322,0.248297751,0.0887786672,0.404459208
-0.0400151946,0.0515038595,-0.0550859869,0.0943700895
-0.136449456,-0.144055068,-0.218615457,-0.226754829
-0.191639662,-0.249064445,-0.303943664,-0.387605488
-0.174353972,-0.224102646,-0.286243409,-0.355844051
-0.0913862437,-0.0948200971,-0.162714213,-0.160894498
0.0136064012,0.0656349435,0.0142098665,0.104086086
0.0814062282,0.17682223,0.133567572,0.286993772
0.0681899935,0.192435265,0.119996391,0.313800544
-0.0298340935,0.12166848,-0.0362384729,0.205299169
-0.17130971,0.0204919353,-0.27145806,0.0381486639
-0.287596941,-0.0410692021,-0.45227474,-0.0604302287
-0.315313399,-0.0172318891,-0.498560458,-0.0253055934
-0.227535069,0.090164274,-0.376052648,0.146326929
-0.048028063,0.234762922,-0.0870181844,0.378268182
0.158744738,0.352129698,0.236990914,0.53150171
0.316983402,0.394019127,0.44775036,0.546459734
0.373764873,0.351590097,0.526671469,0.48263222
0.321340978,0.255768955,0.487181246,0.376603514
0.197005078,0.156173408,0.328463912,0.247335672
0.0614978857,0.0918180346,0.110554971,0.150448248
-0.0323168747,0.0707105994,-0.050798662,0.117358103
-0.0642626062,0.0695380494,-0.107665971,0.117227763
-0.0528516509,0.0525924079,-0.0885475948,0.0917250514
-0.0403862037,-0.00209366623,-0.0665366724,0.00130340504
-0.0660802498,-0.0854101107,-0.10674727,-0.138636574
-0.142173171,-0.159299821,-0.229229525,-0.255963445
-0.246004403,-0.17757085,-0.387328565,-0.278939158
-0.332167387,-0.113648258,-0.514024138,-0.175270066
-0.357953161,0.0207077507,-0.552747071,0.0319639929
-0.308145463,0.176848844,-0.477130592,0.272779346
-0.20558539,0.290856957,-0.317006707,0.450210303
-0.101514481,0.314201504,-0.155533195,0.494125128
-0.0504377894,0.237334505,-0.0734834,0.388899356
-0.0824239478,0.0939764902,-0.126094058,0.166055843
-0.187114179,-0.0557594188,-0.297269762,-0.083725974
-0.317633033,-0.15414466,-0.486210167,-0.231621742
-0.412382185,-0.171468288,-0.603144169,-0.246003911
-0.42373845,-0.115947314,-0.624761105,-0.165323094
-0.339560837,-0.0243445635,-0.532489121,-0.0328513756
-0.187536821,0.0599392727,-0.314773679,0.102068402
-0.0213465337,0.108558841,-0.0414388068,0.185613662
0.103440367,0.118338108,0.170446426,0.197055206
0.151493877,0.105917618,0.252792805,0.171934426
0.117853582,0.0920492411,0.201624602,0.147201777
0.0231616683,0.0860210061,0.0461244918,0.139816254
-0.101007909,0.0796330273,-0.159457266,0.131486461
-0.227365792,0.0536913313,-0.361463785,0.0899442658
-0.340548813,-0.00778053654,-0.522324681,-0.00395154161
-0.434740424,-0.104870506,-0.629727602,-0.140213534
-0.505329549,-0.218598396,-0.680526197,-0.28105551
-0.54211396,-0.319151878,-0.678979576,-0.387769818
-0.530009687,-0.380505115,-0.650098443,-0.452792108
-0.457784325,-0.392694086,-0.593435347,-0.493495703
-0.3294186,-0.364694893,-0.4745287,-0.506448686
-0.170037329,-0.316712409,-0.274327368,-0.478825182
-0.0207497589,-0.267083824,-0.0443022698,-0.425346911
0.0769966394,-0.222048283,0.115289621,-0.362057686
0.100385681,-0.174558133,0.161143064,-0.288747609
0.0574219599,-0.112472318,0.0958690345,-0.192793742
-0.0150952321,-0.0305144843,-0.0238434281,-0.0564085282
-0.0681276545,0.0620274171,-0.113285944,0.100686543
-0.0639729798,0.143252447,-0.1069481,0.237363711
0.00486062188,0.189579844,0.00743845152,0.312107921
0.111312315,0.189224541,0.179067612,0.309594333
0.206593156,0.149880692,0.332184613,0.239820451
0.24401018,0.0955153927,0.394842774,0.150774732
0.201873049,0.0536812283,0.33515206,0.0834453106
0.0939639434,0.0406242795,0.162451342,0.0620800443
-0.0375677161,0.0530799367,-0.0563650765,0.0843717977
-0.143007085,0.0718857497,-0.232822672,0.119756281
-0.188787162,0.0755008012,-0.307071745,0.128009185
-0.172126919,0.0553596914,-0.283247799,0.0969477817
-0.119643152,0.0234724674,-0.201890975,0.0442604087
-0.0714750215,0.00692005083,-0.120508544,0.0137858288
-0.0598480925,0.0315975249,-0.0998588726,0.0505800359
-0.0934289843,0.104281165,-0.153136969,0.169090778
-0.155169591,0.203800902,-0.24523066,0.323895901
-0.213783011,0.287543148,-0.321234137,0.442428827
-0.241730377,0.311057836,-0.3565422,0.473928154
-0.229529962,0.250912905,-0.348673165,0.398887277
-0.188825548,0.118533514,-0.302622885,0.204120889
-0.14331004,-0.0428705327,-0.23643069,-0.0600428954
-0.113473304,-0.177302033,-0.186301172,-0.281531215
-0.104403317,-0.241370544,-0.171315372,-0.38467139
-0.103792675,-0.223099142,-0.171724275,-0.360242724
-0.0911784396,-0.144738346,-0.155831739,-0.241576105
-0.0528014116,-0.0488243103,-0.0947009772,-0.0838922113
0.00691671623,0.0243719872,0.0070451512,0.0404070728
0.0644976124,0.0556118153,0.106896773,0.0928677619
0.0883908495,0.0519780293,0.147838399,0.0858287141
0.0562620461,0.0369902439,0.100300126,0.0592462905
-0.0308355521,0.0325245708,-0.0452501625,0.050579723
-0.145549819,0.0439141467,-0.234841987,0.0721183792
-0.244931757,0.0572681427,-0.389978439,0.0941836759
-0.289887786,0.0504105426,-0.456547737,0.0865985304
-0.263745695,0.0104084536,-0.423496515,0.0266184192
-0.18052496,-0.0535936467,-0.299598485,-0.0779296458
-0.0786209702,-0.111024328,-0.136558861,-0.177272767
-0.00293775834,-0.124917313,-0.00998793542,-0.2069785
0.015771335,-0.0734552667,0.0246864986,-0.1283205
-0.025625173,0.0343487561,-0.0411122926,0.0499625057
-0.102538176,0.158659473,-0.162835568,0.254466861
-0.175380513,0.245957226,-0.270524889,0.388095319
-0.208385527,0.255118847,-0.317310005,0.403148353
-0.18524991,0.178822771,-0.29319939,0.296632558
-0.114488423,0.0486207902,-0.190188944,0.0929693952
-0.0228916779,-0.0795160383,-0.0427438393,-0.126468971
0.0586408079,-0.151955143,0.090235047,-0.249123588
0.109323435,-0.14259474,0.175370395,-0.2391119
0.125925824,-0.0634542033,0.20646745,-0.113841005
0.120652571,0.0444593504,0.199440017,0.0655069351
0.111733012,0.134451911,0.186725035,0.215097427
0.112398975,0.178491428,0.185630605,0.288718104
0.124115378,0.179218486,0.205720946,0.290594637
0.137107611,0.163411826,0.226378962,0.263961047
0.13713108,0.161333397,0.226787284,0.259306669
0.114278398,0.184511825,0.192404211,0.29529959
0.0689489841,0.215550244,0.117112786,0.34476459
0.0120256757,0.216772452,0.0257769153,0.353776157
-0.0404190719,0.153616041,-0.0596907735,0.258390963
-0.0747468546,0.0197007675,-0.11970529,0.0417392142
-0.0856187195,-0.151420265,-0.139916867,-0.239851356
-0.0772608817,-0.296319306,-0.126839668,-0.458786219
-0.059900526,-0.350385457,-0.0991963297,-0.537331879
-0.0436663702,-0.281327307,-0.0780835748,-0.451365113
-0.0334029421,-0.10989733,-0.0630733818,-0.192694977
-0.0271403976,0.094291687,-0.0487679765,0.148265526
-0.0188676603,0.241794825,-0.0278426614,0.387854308
-0.00390167534,0.264344186,7.1390682e-06,0.427947044
0.0162838548,0.148186058,0.0344822817,0.253945202
0.0327250063,-0.057003703,0.0603215434,-0.0832170546
0.0323853306,-0.258979261,0.05153336,-0.407687187
0.00515523972,-0.364543617,0.00309644453,-0.557974517
-0.0487723164,-0.322652578,-0.0822626501,-0.507303536
-0.115034722,-0.148676977,-0.193783581,-0.255047351
-0.167528123,0.0817779452,-0.278016627,0.123904884
-0.177353352,0.266798288,-0.275746047,0.416222751
-0.125434831,0.324148744,-0.190297961,0.506797493
-0.0136969117,0.228133291,-0.0199502707,0.380858123
0.130653694,0.0206171926,0.216845244,0.048637297
0.261107415,-0.208346561,0.403418809,-0.317057461
0.327465504,-0.360869437,0.459047735,-0.51619786
0.296010554,-0.373893678,0.416151196,-0.541977465
0.166199461,-0.245101348,0.261554658,-0.400820643
-0.0239899103,-0.0312787704,-0.0355761275,-0.0684045479
-0.208163187,0.178834036,-0.32623589,0.277428627
-0.314928085,0.303890318,-0.455231875,0.449740201
-0.296266615,0.303461879,-0.435234427,0.459383667
-0.149186686,0.191400766,-0.243342772,0.322724134
0.0794610232,0.024610607,0.126129121,0.056482885
0.308753997,-0.125903219,0.471867055,-0.192630619
0.455019593,-0.207369357,0.632856965,-0.298450947
0.466272801,-0.20615685,0.645032525,-0.298748732
0.344928354,-0.148728788,0.525374234,-0.238097027
0.148117974,-0.0838942751,0.251539409,-0.148960114
-0.0356894769,-0.0561722331,-0.0532262214,-0.0977191329
-0.124489978,-0.0835616589,-0.206287935,-0.133457288
-0.0787531883,-0.150089785,-0.137843639,-0.238296032
0.0804302245,-0.215880826,0.117143869,-0.343421966
0.279619187,-0.238951296,0.413083017,-0.36701861
0.424584448,-0.197538823,0.599779904,-0.292899013
0.441482008,-0.101926684,0.63868463,-0.159703657
0.309466481,0.00984237436,0.490975678,0.0011029311
0.0703280717,0.0900113806,0.131579652,0.138318256
-0.188932806,0.103941135,-0.29232955,0.169866249
-0.372564971,0.0466030091,-0.559587896,0.081393972
-0.415250659,-0.0551442839,-0.617752135,-0.0680678263
-0.307025373,-0.155383825,-0.484621465,-0.226194441
-0.093972005,-0.210668772,-0.166962728,-0.33203271
0.144056723,-0.199764907,0.216578335,-0.32301417
0.327415884,-0.132190272,0.494161397,-0.212674558
0.406833738,-0.041757144,0.604562104,-0.0737414062
0.377392173,0.0313040987,0.575877309,0.0364198796
0.272458196,0.0605666377,0.440358698,0.0877674073
0.143130481,0.0459616221,0.245284617,0.0734070688
0.0345527604,0.0126694273,0.0631146058,0.0193598717
-0.0298170298,-0.00273207761,-0.0492317714,-0.00579203246
-0.0504304394,0.0283948183,-0.0855864137,0.046545919
-0.0422947668,0.111781672,-0.0712545812,0.181570247
-0.0214106608,0.227129146,-0.0344654694,0.363452643
0.00477568712,0.338185459,0.00953742582,0.521368265
0.0383151472,0.410694718,0.0629227459,0.609108567
0.0841615051,0.428992122,0.12889567,0.628349006
0.141481161,0.402867913,0.214121804,0.593342423
0.199081913,0.361400098,0.301169425,0.535672367
0.238226593,0.337120533,0.358499795,0.497486711
0.241390064,0.348720044,0.363151848,0.507454216
0.201872572,0.39109543,0.303557843,0.563568652
0.128643647,0.437680691,0.196238846,0.627339423
0.0435206592,0.453749567,0.0743345469,0.65223676
-0.0279149581,0.413937598,-0.0311970618,0.616057336
-0.0668972135,0.315319836,-0.0951626524,0.497457355
-0.0682054833,0.179817125,-0.106170714,0.303566456
-0.0400819592,0.0450918078,-0.0653751493,0.0838118568
0.00178959453,-0.0513831936,0.000356999866,-0.0830908567
0.042327527,-0.0874651968,0.0669686198,-0.147683293
0.0726184845,-0.0639963299,0.117022745,-0.11105635
0.0905339941,-0.00229262211,0.148594365,-0.00976348482
0.0971923321,0.066332221,0.161157385,0.105733052
0.0925416127,0.113523416,0.157260105,0.183733165
0.0735770538,0.123547219,0.126301765,0.202930242
0.0366526991,0.0963198841,0.066677019,0.160530582
-0.0176425762,0.044016771,-0.0239287838,0.0734034032
-0.0805950239,-0.0158006493,-0.130794525,-0.0227876045
-0.135760099,-0.066903241,-0.222787827,-0.10683655
-0.164498791,-0.0985556319,-0.2718274,-0.157718629
-0.154316202,-0.106751494,-0.255635291,-0.170734525
-0.105630368,-0.0936234668,-0.180914953,-0.153696999
-0.0330179073,-0.0663008392,-0.0600048229,-0.110712245
0.0402760878,-0.0356238596,0.063428171,-0.0601561852
0.0921970606,-0.014184163,0.151493713,-0.0255710911
0.111320935,-0.0130660431,0.185838789,-0.0238934737
0.101196893,-0.0376215763,0.170806348,-0.0632330552
0.0775184929,-0.0839497,0.132236943,-0.138792351
0.0597276837,-0.138363212,0.0978232846,-0.227753237
0.0614145324,-0.181264713,0.0965474769,-0.294898629
0.0842629522,-0.194702253,0.130493209,-0.317926615
0.118196487,-0.170573354,0.187479824,-0.280370057
0.147043422,-0.115437105,0.236218855,-0.194790095
0.156329289,-0.0490332283,0.255944639,-0.0875743255
0.1391294,0.00345646869,0.231786266,0.000869376294
0.0974715054,0.0221118759,0.165788442,0.0339321941
0.0395035371,0.000886453432,0.0697530136,0.000872332079
-0.0251126774,-0.0500959754,-0.0377226658,-0.0806489065
-0.0885983929,-0.109655403,-0.146102041,-0.178369969
-0.145598903,-0.155379817,-0.237778321,-0.250347257
-0.191427857,-0.173064932,-0.309076428,-0.275160342
-0.22018294,-0.161035448,-0.355282724,-0.255022138
-0.22489126,-0.127558216,-0.363838524,-0.201066166
-0.20026058,-0.0834485218,-0.330085635,-0.132869288
-0.146528065,-0.0346088931,-0.247780383,-0.0552516803
-0.0717244744,0.0208846629,-0.125067085,0.0367754102
0.00973229948,0.089363046,0.013874271,0.146941945
0.0820933208,0.17393662,0.133614957,0.281073004
0.134602085,0.267509222,0.215028062,0.415794641
0.165589213,0.351199716,0.255001515,0.524355233
0.181798249,0.400023043,0.272440732,0.581452012
0.193016663,0.393546015,0.288966924,0.574578762
0.204894274,0.32621336,0.316583872,0.492157698
0.214149594,0.211870193,0.342843264,0.335542768
0.209286287,0.0798327774,0.344331533,0.131703854
0.176934391,-0.0358572043,0.293133855,-0.0597833656
0.110625356,-0.108958952,0.185205325,-0.183084622
0.0171137173,-0.129599586,0.0295313951,-0.218757823
-0.0836500302,-0.105417587,-0.137239337,-0.178627312
-0.165523574,-0.0557011776,-0.273154587,-0.0928568766
-0.20697175,-0.00223824731,-0.339561552,-0.0022489978
-0.200243071,0.0384255871,-0.327088475,0.066136755
-0.154159084,0.0582633056,-0.254653454,0.100421786
-0.0890303925,0.0565498136,-0.150315747,0.099006936
-0.0263797212,0.0366005376,-0.0460579209,0.0631089658
0.0210717358,0.00338886864,0.0349069312,0.00663882308
0.0538705811,-0.0366325229,0.0897472948,-0.0601551831
0.0825369656,-0.0745599493,0.134850293,-0.12335813
0.118607067,-0.0993413925,0.192278966,-0.165590346
0.165285364,-0.101058699,0.266609073,-0.168052793
0.213241175,-0.0764611661,0.341985464,-0.128464818
0.244241029,-0.0335359909,0.390773892,-0.0602859482
0.240892485,0.00873957109,0.39001438,0.00691590551
0.197211862,0.0272527933,0.325023979,0.0401558876
0.12401408,0.00611413131,0.210483879,0.00856075529
0.0457168967,-0.0530423783,0.0801922902,-0.0877705961
-0.0102918176,-0.128067642,-0.0157866441,-0.207986653
-0.0264976975,-0.183847532,-0.0473576896,-0.300424635
-0.00370449992,-0.188134626,-0.0129245957,-0.309833258
0.0394253507,-0.128346354,0.0568840802,-0.21804136
0.0757130831,-0.0204191636,0.121839315,-0.0409612022
0.0830811113,0.0959714577,0.139706433,0.1515304
0.0555947572,0.17476441,0.0953304097,0.282051444
0.0063515692,0.185523868,0.0178619288,0.304022759
-0.0392295681,0.129026189,-0.0575119033,0.218140066
-0.056319125,0.037909314,-0.0916586518,0.0697507411
-0.0332987383,-0.0388132706,-0.0581702441,-0.0608312041
0.022185307,-0.0601675548,0.0320379212,-0.101723634
0.0866781846,-0.0143317869,0.13867873,-0.0278205853
0.13209714,0.0745720416,0.216548935,0.116204463
0.139117122,0.157963559,0.229374468,0.250684023
0.106300086,0.187154308,0.180772856,0.302129209
0.050707873,0.138371006,0.0921974853,0.231151327
-0.000115217306,0.0256983116,0.00462411437,0.0501321927
-0.0208826251,-0.104765952,-0.0344383232,-0.16963464
-0.000106793559,-0.196700811,-0.00677043013,-0.318188041
0.0546825677,-0.210382134,0.0803683102,-0.34441632
0.120120414,-0.141212136,0.188082427,-0.238713488
0.166911125,-0.021079734,0.269235224,-0.045391053
0.17202422,0.0974798203,0.281816572,0.150759518
0.12807633,0.165813804,0.215418518,0.265703708
0.0462643616,0.160033956,0.0856228843,0.264048129
-0.0480144918,0.0885901824,-0.0709350035,0.150862396
-0.124881685,-0.0156937987,-0.202843279,-0.0198900569
-0.161219105,-0.113356575,-0.264609128,-0.178858578
-0.149284869,-0.175757378,-0.246085703,-0.280053854
-0.0996448249,-0.193661705,-0.169498697,-0.312918425
-0.0373705737,-0.17430979,-0.0678054914,-0.287149787
0.00728058303,-0.131100386,0.00770596508,-0.220021427
0.0106031643,-0.0737022683,0.0169952642,-0.126889035
-0.0344944149,-0.00505713653,-0.0560793951,-0.0130707147
-0.113948643,0.0735414252,-0.183577165,0.118512958
-0.195792496,0.153917909,-0.310964704,0.246738821
-0.240867019,0.216352105,-0.37269035,0.341801673
-0.217765361,0.233953595,-0.337579757,0.371747345
-0.116660707,0.18547298,-0.189629242,0.310610056
0.0436550677,0.070019953,0.0689570829,0.128243566
0.21923402,-0.0852545276,0.34933418,-0.131229296
0.354826659,-0.23063086,0.520021677,-0.341897756
0.403696299,-0.311813861,0.557892025,-0.44168964
0.34596929,-0.292783201,0.497295529,-0.434290111
0.197944909,-0.172508165,0.316713303,-0.289415359
0.00789197441,0.0130597977,0.0180462766,0.00579028763
-0.16082409,0.205250487,-0.251070231,0.321507812
-0.253072113,0.346683115,-0.367581695,0.512267411
-0.242505848,0.403722465,-0.34321326,0.583458722
-0.140915021,0.37706551,-0.209452927,0.571012318
0.00753967278,0.296313137,0.0119284233,0.475154132
0.144782379,0.202418432,0.232530713,0.328603834
0.222138956,0.127580866,0.36071986,0.203787461
0.218649566,0.0826287046,0.35811764,0.128833845
0.146809295,0.0572267771,0.247485936,0.0882025585
0.0437972732,0.0311396271,0.0799587891,0.050253287
-0.0473151356,-0.0108231269,-0.0759437457,-0.01483774
-0.0975657403,-0.0687689632,-0.162230387,-0.109343499
-0.104229964,-0.127675295,-0.174529105,-0.204753608
-0.0898495391,-0.166435122,-0.15135932,-0.268794686
-0.0890981779,-0.170102507,-0.148887634,-0.279138267
-0.1300295,-0.138126597,-0.21380496,-0.228764966
-0.21873413,-0.0841954499,-0.351315737,-0.136431366
-0.334687322,-0.0284123234,-0.515266299,-0.0421292111
-0.438963473,0.0131456172,-0.638456821,0.0245166104
-0.491434962,0.0353054181,-0.691175759,0.0579135604
-0.468881845,0.0434559956,-0.671346426,0.0719316378
-0.375542402,0.0468405895,-0.572330236,0.0800298378
-0.241193905,0.0501121357,-0.393590361,0.0890507177
-0.10769178,0.0486396886,-0.184836805,0.0856322646
-0.0103013739,0.0306098908,-0.0174641423,0.054898683
0.037393406,-0.015238177,0.0640277714,-0.0235762522
0.0478772596,-0.0908645689,0.0807921961,-0.147555411
0.051287517,-0.184501275,0.0824656859,-0.299906522
0.0781874582,-0.273497254,0.119351752,-0.43128708
0.262407005,0.177302033,0.382467061,0.242492184
0.387488008,0.115837283,0.589569151,0.188486457
0.462594956,-0.0048157922,0.667430341,-0.0085987132
0.415455699,-0.129822031,0.612230599,-0.194673926
0.22200574,-0.20508185,0.357629031,-0.33101517
-0.0732700229,-0.202115044,-0.106841967,-0.337025613
-0.370126277,-0.129290581,-0.552285969,-0.198161021
-0.554656148,-0.0245688464,-0.744583607,-0.0281486195
-0.551557541,0.0655931085,-0.740854979,0.0964143053
-0.361168802,0.109818205,-0.553792059,0.176507041
-0.0623117723,0.105895542,-0.118160196,0.186877608
0.221713975,0.0789175704,0.349793971,0.131660193
0.378483117,0.0655336455,0.574848413,0.0917313248
0.356809825,0.0933776796,0.551778674,0.129743248
0.187926099,0.166645229,0.313471586,0.254397511
-0.0325207599,0.264900029,-0.0392912738,0.415091664
-0.192418724,0.354823977,-0.278401226,0.530790389
-0.217264161,0.407842875,-0.310425282,0.592354894
-0.103904843,0.413922161,-0.153643787,0.61639154
0.0819208622,0.384519011,0.121299803,0.582644761
0.241803154,0.343978286,0.360576063,0.508553922
0.295477927,0.314980298,0.440280586,0.456550628
0.220375881,0.306535333,0.345849067,0.456261605
0.0605199076,0.311047256,0.109415509,0.480404347
-0.0985387117,0.311432868,-0.14196223,0.483945519
-0.174794406,0.293432981,-0.264141738,0.458006561
-0.131279975,0.255410939,-0.207818314,0.41226688
0.00695292745,0.209663182,0.00662689563,0.347907543
0.168075114,0.174489141,0.267462045,0.283819258
0.271962702,0.161920458,0.427018493,0.247452974
0.271422058,0.16877915,0.429290235,0.255719274
0.175011486,0.176953375,0.290956199,0.277107447
0.0404731892,0.163397372,0.0775963068,0.265508533
-0.0568382852,0.114441231,-0.0882811099,0.191842169
-0.0635971799,0.0360015444,-0.107010223,0.0683009624
0.0241753682,-0.046895247,0.0331838541,-0.0722897425
0.159517631,-0.102045432,0.252726257,-0.165890694
0.26862821,-0.107565127,0.419538468,-0.176790506
0.287835807,-0.0653488711,0.455459356,-0.112464882
0.194829717,-0.00242443127,0.323264062,-0.014760714
0.0192580931,0.0416310132,0.0426000282,0.0617252588
-0.171406761,0.0353560075,-0.272755921,0.0603862554
-0.302762419,-0.0266388562,-0.473383307,-0.0334969908
-0.325798273,-0.118480608,-0.506280899,-0.171096832
-0.235867858,-0.194349349,-0.380898416,-0.294726998
-0.0710228831,-0.211299792,-0.129510388,-0.339051217
0.10743282,-0.152072236,0.162041873,-0.253486902
0.241633475,-0.0357357711,0.381395459,-0.0679854676
0.298682362,0.0901295766,0.468988717,0.130639628
0.27868098,0.17249392,0.438718557,0.260295331
0.208142489,0.179745898,0.340017408,0.282817453
0.124205336,0.11844413,0.213833719,0.195081368
0.0579850078,0.0308086108,0.103461266,0.0532996021
0.0240589194,-0.026420366,0.040471904,-0.0449135415
0.0189724416,-0.0113645056,0.02831617,-0.021187406
0.0272815041,0.0803754106,0.0423009545,0.125957534
0.0310313795,0.211780638,0.0510075502,0.33804816
0.0183530282,0.321695387,0.0347104296,0.497735023
-0.011657862,0.354973912,-0.00941817462,0.545812607
-0.0486871824,0.290360451,-0.0677566603,0.464615524
-0.0750411153,0.15188466,-0.115331329,0.258596241
-0.0722639784,-0.00221057842,-0.117740333,0.00407804782
-0.0287474357,-0.107621633,-0.0524425954,-0.175025195
0.053922575,-0.125153258,0.0799726844,-0.209323406
0.158398256,-0.0593178943,0.25194934,-0.103495538
0.254761398,0.0448231697,0.402379781,0.0622485131
0.309673339,0.124758638,0.481960505,0.185476214
0.298979312,0.131788909,0.469359517,0.201898918
0.218853921,0.0548156686,0.361761242,0.0885028541
0.0900210664,-0.0748827457,0.159807414,-0.121845044
-0.0481976867,-0.199647814,-0.0736865178,-0.321916759
-0.152786151,-0.263610035,-0.242119938,-0.412926197
-0.194962487,-0.238772348,-0.312346995,-0.375626802
-0.172829017,-0.136479929,-0.287996739,-0.223369867
-0.112082772,0.000326269655,-0.193760097,-0.00156327023
-0.0534842424,0.118888296,-0.0918012857,0.19521226
-0.0324253626,0.180703491,-0.0488269739,0.296958357
-0.0604335517,0.176001787,-0.0920843109,0.289855242
-0.118179828,0.12266624,-0.187778562,0.207110927
-0.164257318,0.0521477908,-0.265741438,0.0915072262
-0.156099528,-0.00862791296,-0.257318407,-0.00752527732
-0.0729254633,-0.0492585115,-0.130410269,-0.0765132681
0.070965521,-0.0761121437,0.10940402,-0.122470677
0.229803786,-0.102352507,0.360715806,-0.16517818
0.345771343,-0.135031,0.522341847,-0.209810108
0.375088215,-0.16771698,0.557016969,-0.255651623
0.308048159,-0.18329826,0.473233968,-0.288184881
0.173146755,-0.165139422,0.282978565,-0.27495575
0.0233342461,-0.109557174,0.0440726578,-0.189727426
-0.0886814892,-0.0315929279,-0.146200687,-0.0567888357
-0.133828804,0.0401251353,-0.223627388,0.0673551038
-0.117442772,0.0772522986,-0.196460724,0.131755427
-0.072714895,0.0668751895,-0.122019239,0.116947614
-0.0409307703,0.0193709563,-0.0673994496,0.0382818393
-0.0490391068,-0.0358353741,-0.0797797665,-0.0577629097
-0.0959583968,-0.0648549348,-0.1573966,-0.107627116
-0.154097214,-0.0467450805,-0.25437063,-0.0785503015
-0.184609428,0.0154985311,-0.303877622,0.0239849053
-0.158116385,0.0963202119,-0.262000144,0.157949165
-0.0703706592,0.160755485,-0.119962983,0.266231924
0.0545467027,0.182491601,0.0865396485,0.301722825
0.174371257,0.157367691,0.282211512,0.256791413
0.24661237,0.105278775,0.396118313,0.165808186
0.245675817,0.0595791042,0.399405748,0.0885546878
0.171850279,0.049608808,0.288406909,0.0744539499
0.0494384542,0.0854415372,0.0899621621,0.13412486
-0.0835790336,0.152612448,-0.131024495,0.245611608
-0.188909456,0.219267607,-0.293578088,0.347238481
-0.238999501,0.251776546,-0.364471555,0.392840505
-0.222893387,0.23073028,-0.34523946,0.367689788
-0.146950498,0.159437135,-0.23781459,0.267791659
-0.0321422555,0.0612114184,-0.0548710972,0.112761773
0.0904899389,-0.0324520096,0.147304028,-0.0502717309
0.185763702,-0.096391201,0.298733741,-0.157471359
0.221923336,-0.121799506,0.354995102,-0.20065099
0.17945233,-0.117504716,0.292533368,-0.19837378
0.0590307228,-0.1030301,0.102868833,-0.177238762
-0.114883795,-0.0979444534,-0.182792604,-0.164177716
-0.298030555,-0.113208354,-0.461437374,-0.174154863
-0.438442707,-0.148321941,-0.628984869,-0.205776036
-0.493346125,-0.194453016,-0.677186072,-0.254237801
-0.444460213,-0.240544081,-0.625439405,-0.323290825
-0.305003434,-0.278360605,-0.463471979,-0.402419448
-0.114816219,-0.303872257,-0.194103107,-0.464844376
0.0747341439,-0.315134883,0.102313444,-0.489429444
0.219612166,-0.30916962,0.323143512,-0.471978933
0.297490656,-0.280828714,0.436079293,-0.425298899
0.311659366,-0.225106686,0.466711462,-0.348672837
0.28368327,-0.141841635,0.441025019,-0.231040701
0.239474401,-0.0398524515,0.384556234,-0.0752368346
0.19628422,0.0625425354,0.321105719,0.0936950594
0.156954139,0.141894326,0.259855241,0.224809647
0.113362819,0.177498981,0.191944033,0.286519855
0.0559005104,0.159394458,0.0995992273,0.262601107
-0.0171978306,0.0928399861,-0.021158414,0.159004316
-0.0961860791,-0.00275694393,-0.155738145,0.00021292016
-0.163625166,-0.0999519974,-0.264291078,-0.157354742
-0.203016445,-0.171767995,-0.326620996,-0.270344734
-0.206938624,-0.199255154,-0.334108323,-0.312204003
-0.180010885,-0.175683916,-0.295186341,-0.279982954
-0.1353641,-0.106753036,-0.229304656,-0.175930113
-0.0872410908,-0.00782038458,-0.151021466,-0.0161858667
-0.0444621183,0.100181051,-0.0760561377,0.164725453
-0.00856869388,0.194870323,-0.0112887621,0.316791564
0.0228103176,0.256176084,0.0411317572,0.41081506
0.0503109284,0.269864798,0.0851281509,0.430527866
0.0693047792,0.230805889,0.117719613,0.373794824
0.0713811293,0.145244956,0.123132899,0.242362961
0.0502115116,0.0308142584,0.0903540552,0.0559594445
0.00790846813,-0.0867311731,0.0160057619,-0.141464666
-0.0428273343,-0.17987147,-0.071750544,-0.292797327
-0.0831563771,-0.227012053,-0.136732325,-0.364975661
-0.097369872,-0.218707994,-0.162056163,-0.352348387
-0.0817690864,-0.15988037,-0.140891626,-0.264026612
-0.0475191735,-0.067088455,-0.08543621,-0.115748674
-0.0149713531,0.0378650576,-0.0276018679,0.0607726127
-0.00198276178,0.13506268,-0.00148555695,0.22099115
-0.0127381776,0.211226389,-0.0176205784,0.340792209
-0.0339426883,0.260426223,-0.0480841026,0.415774614
-0.041465722,0.281343013,-0.0602187216,0.44870463
-0.0145075293,0.273522437,-0.0188836772,0.437867671
0.0504520833,0.235422701,0.0826161951,0.382472545
0.134311408,0.165741861,0.217905745,0.273089349
0.202762023,0.0672746152,0.331532985,0.112133421
0.223579451,-0.0492997579,0.364345014,-0.0784788802
0.184939653,-0.164646089,0.30027625,-0.266304523
0.104512721,-0.254547894,0.168231115,-0.406659365
0.023367485,-0.297308356,0.0336662345,-0.471422106
-0.0133567723,-0.281723857,-0.0277946405,-0.449779868
0.020311486,-0.211950183,0.0235107783,-0.347490907
0.116067946,-0.106848337,0.181012511,-0.180551559
0.232757002,0.00609105965,0.36950174,0.00287000532
0.314450085,0.0996901244,0.487928182,0.147402704
0.316662014,0.155184865,0.491974503,0.230809599
0.227783859,0.166439041,0.370361298,0.257069409
0.0750363618,0.139241531,0.13807413,0.227179259
-0.0880047902,0.0869013146,-0.135426626,0.145556003
-0.206027344,0.02467978,-0.329846263,0.0464173257
-0.24654597,-0.0345254429,-0.397754312,-0.0480761826
-0.212612182,-0.0820988938,-0.350690663,-0.125103921
-0.138214037,-0.113596827,-0.232986346,-0.181115285
-0.069717966,-0.127836853,-0.120480843,-0.209244043
-0.043345388,-0.126244619,-0.0734624863,-0.209801495
-0.0698498785,-0.112634242,-0.117194846,-0.188227937
-0.133007541,-0.092769593,-0.21836023,-0.153285965
-0.201019675,-0.0729379803,-0.327268064,-0.116691805
-0.243599921,-0.0574922971,-0.39196828,-0.0892003849
-0.245584443,-0.046380315,-0.39554292,-0.0686675459
-0.210959762,-0.0342813842,-0.347292364,-0.0495254397
-0.157083645,-0.0125431949,-0.262416035,-0.0180331394
-0.104064338,0.026276214,-0.176187351,0.0440766588
-0.0659560412,0.0830848068,-0.110244647,0.137840018
-0.0480713658,0.148872569,-0.0781357959,0.24291116
-0.0501545817,0.205505058,-0.0771649554,0.333634675
-0.0714011341,0.231156871,-0.10709805,0.372427523
-0.112636283,0.208602995,-0.173413128,0.341459721
-0.173606411,0.13301,-0.273314446,0.221709102
-0.247404039,0.0157953855,-0.392066598,0.0342467688
-0.316774189,-0.117362686,-0.487472057,-0.171704426
-0.356534362,-0.233884767,-0.526382804,-0.335018158
-0.342744708,-0.304370373,-0.502268255,-0.431139022
-0.264739126,-0.311755747,-0.403219461,-0.457786471
-0.133517087,-0.256412894,-0.224331692,-0.403145045
0.0189026203,-0.155687869,0.0180463325,-0.259255052
0.150124922,-0.0383426845,0.238357455,-0.0697092116
0.223604545,0.0641117841,0.360729694,0.0963618606
0.222788304,0.126524672,0.36287272,0.196204931
0.156314,0.137127116,0.262642175,0.219411016
0.0519332774,0.100622579,0.0958065242,0.166544631
-0.0573736653,0.0364739336,-0.0893489048,0.0625341088
-0.147737011,-0.0273356643,-0.239898667,-0.040445812
-0.211972997,-0.0635352209,-0.343599051,-0.10013023
-0.257194221,-0.0551020429,-0.413016021,-0.0860746577
-0.294842035,-0.0018054042,-0.467353374,-0.000950546004
-0.329561293,0.0790657401,-0.509838283,0.124645337
-0.353633016,0.158821389,-0.532111526,0.243358761
-0.350201666,0.20865038,-0.519656599,0.317773938
-0.303358346,0.211815938,-0.459929496,0.330002725
-0.209213495,0.171458453,-0.333955467,0.283136696
-0.0815573856,0.110018045,-0.138746783,0.190068483
0.0512748286,0.0597874485,0.0823491141,0.104359306
0.156954288,0.0483430251,0.25560832,0.0766568929
0.211916909,0.0854846537,0.344034731,0.131021321
0.210223749,0.158149421,0.339085758,0.244005322
0.164710045,0.236264139,0.266809732,0.366562665
0.1005954,0.287149429,0.166404039,0.447843999
0.0451452062,0.291537553,0.0786116794,0.459939986
0.0181395449,0.25301525,0.0338587873,0.40837127
0.0265955981,0.195699438,0.0476827137,0.323096037
0.0645796731,0.150924981,0.107137449,0.25027591
0.116721794,0.139667392,0.191710845,0.227245644
0.16330646,0.16011937,0.265929103,0.255387127
0.185465083,0.187594593,0.2988002,0.295086116
0.170007572,0.187630534,0.27805379,0.297759295
0.113717675,0.135962918,0.195559382,0.223489046
0.0262284912,0.0348081663,0.0523592383,0.0611199215
-0.0703230947,-0.0838888958,-0.111781128,-0.133932576
-0.146542937,-0.171221286,-0.237072825,-0.272773236
-0.175759539,-0.184690565,-0.288244307,-0.295530438
-0.145613715,-0.110739619,-0.24763082,-0.182701528
-0.0658529401,0.0253287386,-0.119086787,0.0386723131
0.0327787697,0.167997986,0.0487516671,0.272851139
0.110116303,0.255506575,0.177285999,0.404441237
0.134707481,0.24800618,0.220853537,0.39557001
0.100111701,0.146317616,0.174998268,0.243329659
0.0303875338,-0.00794459321,0.0599336103,-0.00880445819
-0.0297720134,-0.151059881,-0.0464025289,-0.244140714
-0.0370464586,-0.225727096,-0.0666578338,-0.363194883
0.0267023519,-0.205835447,0.0323382542,-0.336847991
0.141505823,-0.106079735,0.220197588,-0.179989517
0.255535305,0.0272411145,0.403429121,0.0336393416
0.309292138,0.138701171,0.480842382,0.205145985
0.266613334,0.1880005,0.422187299,0.285507619
0.136530131,0.164624423,0.235062554,0.265875489
-0.0265939962,0.0873051956,-0.0315380245,0.14815706
-0.146713704,-0.00928156637,-0.238107294,-0.00828752667
-0.163117871,-0.0921970606,-0.269925088,-0.143433586
-0.0625253469,-0.142966792,-0.114470527,-0.229919061
0.110703558,-0.160113618,0.166178703,-0.259859562
0.272830606,-0.152622402,0.4179129,-0.24340862
0.339674532,-0.130309179,0.517970979,-0.208343074
0.267440975,-0.0977622718,0.428654075,-0.165077016
0.0750584006,-0.0550578609,0.134972245,-0.10257072
-0.163461611,-0.00331971887,-0.260651916,-0.010162238
-0.353102148,0.0502243079,-0.536909103,0.0809354633
-0.421448737,0.0925546736,-0.620989561,0.143031135
-0.350225806,0.111388542,-0.537592232,0.179426178
-0.17963995,0.103891455,-0.299096584,0.178425536
0.0153671047,0.0811267197,0.0199208651,0.14137052
0.163453147,0.0637210682,0.266036928,0.103526749
0.229355097,0.0696306601,0.371210098,0.107053168
0.224171549,0.100565284,0.363883346,0.154848635
0.189826041,0.135868281,0.310811251,0.213514656
0.168341309,0.139545694,0.277569801,0.223817468
0.174495593,0.0789216608,0.288688987,0.130707443
0.187771454,-0.0540244207,0.30935517,-0.0847036466
0.167880505,-0.23074396,0.268748075,-0.362333059
0.0841891095,-0.392220706,0.126678482,-0.586658478
-0.0589875281,-0.472742558,-0.0851836726,-0.677684665
-0.217213735,-0.431144089,-0.311953455,-0.615928292
-0.325483561,-0.273997217,-0.485699296,-0.407843471
-0.332698107,-0.0578150935,-0.523239732,-0.0908267424
-0.232017383,0.132902518,-0.379549772,0.213679299
-0.0693018511,0.222732797,-0.116177179,0.367194265
0.0767587647,0.18012476,0.127140254,0.302603483
0.133800521,0.0327311791,0.227976248,0.0615223311
0.0741486698,-0.144906327,0.129781559,-0.235640943
-0.0681653619,-0.266000211,-0.103635713,-0.425496787
-0.211691186,-0.272003442,-0.329090834,-0.423360258
-0.266931891,-0.159408167,-0.426777065,-0.252774775
-0.18137975,0.019939132,-0.309606254,0.0318318345
0.0324278437,0.184668615,0.0397169851,0.302581012
0.300011903,0.262692362,0.445362628,0.395694166
0.517718673,0.223798439,0.692313969,0.296685398
0.598963797,0.09059342,0.771716595,0.111698821
0.511580229,-0.0762801841,0.712863982,-0.110059798
0.289102972,-0.209763065,0.452733636,-0.328431726
0.0123129226,-0.268078476,0.0283628665,-0.436215878
-0.228125587,-0.250818342,-0.351479203,-0.392584324
-0.368971974,-0.19276388,-0.552218556,-0.283009022
-0.394621879,-0.140718758,-0.590190291,-0.201413035
-0.333362341,-0.127053753,-0.51844722,-0.185081005
-0.235280335,-0.154311568,-0.379614294,-0.235911846
-0.145551533,-0.198169008,-0.239704117,-0.312344372
-0.0868478864,-0.225496724,-0.144989818,-0.361466855
-0.0574706793,-0.21610108,-0.0982524604,-0.351177573
-0.0422760025,-0.17532447,-0.0749147013,-0.289939135
-0.0270803254,-0.130499423,-0.0497171544,-0.218069077
-0.00720718224,-0.113784894,-0.0138507867,-0.188910127
0.0136413295,-0.141712025,0.0205529891,-0.231907979
0.0309377201,-0.203517541,0.0478396714,-0.328610241
0.0460314937,-0.265209377,0.0700331926,-0.422227889
0.0660939962,-0.287308216,0.0977285132,-0.454861343
0.0969440117,-0.246444479,0.147509009,-0.398778647
0.134222075,-0.148782924,0.211069822,-0.250270993
0.160450935,-0.0277562588,0.260078877,-0.0557324253
0.152219027,0.0727580413,0.252542973,0.112264574
0.0949433893,0.120710306,0.163665548,0.196178854
-0.00330086052,0.111573018,0.00270468229,0.186197385
-0.108502075,0.0690980479,-0.172816455,0.11822775
-0.172582418,0.0309495665,-0.281985044,0.0552078597
-0.156364977,0.0271984357,-0.261352032,0.0475255847
-0.0522445664,0.0634186715,-0.0952495858,0.107252158
0.106305793,0.117513716,0.167707369,0.193838373
0.255442947,0.151932955,0.401475191,0.236805037
0.328538597,0.134694412,0.508823097,0.203404441
0.287871838,0.0579983033,0.462894946,0.0885033458
0.144492254,-0.0554397069,0.249189287,-0.0926299915
-0.0445019454,-0.16173856,-0.0638767555,-0.265595436
-0.200917751,-0.21619603,-0.318546176,-0.340838224
-0.260991842,-0.19443658,-0.414336056,-0.301554054
-0.204284191,-0.103971437,-0.342395991,-0.166603521
-0.0619475171,0.0192423481,-0.115246452,0.0325950868
0.0993060246,0.127230629,0.156965122,0.208706453
0.209174544,0.181329355,0.334503889,0.285580635
0.225750282,0.168464914,0.365447462,0.264785111
0.152273834,0.105388701,0.258970737,0.169819325
0.0316786878,0.0298148356,0.0623314418,0.0497208536
-0.0767709315,-0.0167132169,-0.123933077,-0.0279514696
-0.126058787,-0.00629462022,-0.211872607,-0.0108772572
-0.101118125,0.0647146404,-0.173056901,0.104849383
-0.021330623,0.175423995,-0.0393414237,0.286931306
0.073129043,0.289337605,0.114488333,0.451945633
0.14225167,0.367992342,0.218773305,0.549138248
0.163261086,0.383836329,0.24964793,0.566823304
0.136325493,0.328161657,0.218452036,0.502753437
0.0785214752,0.212369531,0.138233513,0.347249061
0.0118154697,0.0632376298,0.0287001822,0.110970996
-0.0472116694,-0.0856097415,-0.0766380131,-0.134986088
-0.0909309387,-0.203300714,-0.148864031,-0.326526046
-0.117755629,-0.269838721,-0.190817818,-0.423483789
-0.127135083,-0.280771941,-0.206007227,-0.440338105
-0.117417961,-0.247263134,-0.193648979,-0.393400967
-0.0885325149,-0.191533744,-0.151123434,-0.310506344
-0.0471071675,-0.138994366,-0.0832605585,-0.229868978
-0.00911066867,-0.109572656,-0.0190642718,-0.18241322
0.00381615339,-0.111246794,0.00444602035,-0.184047133
-0.0259877834,-0.138152167,-0.0422364436,-0.227342471
-0.101435803,-0.173907682,-0.164214194,-0.283154607
-0.205524847,-0.198674157,-0.324984282,-0.314105719
-0.306116849,-0.19691959,-0.46881032,-0.297439069
-0.369542122,-0.162721932,-0.555279911,-0.237858653
-0.376469105,-0.100788526,-0.571448565,-0.146943957
-0.331475735,-0.0234953463,-0.520367384,-0.0322136395
-0.26066789,0.0540083759,-0.419963717,0.0899980441
-0.198125526,0.118144795,-0.321188688,0.194708139
-0.168325052,0.159208924,-0.27047646,0.260644764
-0.174230516,0.171807602,-0.276696384,0.279608369
-0.197785556,0.154803663,-0.31326592,0.254525125
-0.212557852,0.112012237,-0.339086622,0.187381625
-0.201197147,0.0535570085,-0.326203227,0.0945080817
-0.16731137,-0.00376102305,-0.277832747,0.000541457091
-0.134298936,-0.0392071083,-0.225441903,-0.0617463812
-0.131138906,-0.0347906463,-0.218974605,-0.0582660884
-0.172971696,0.0159089807,-0.282853037,0.0249173716
-0.247943044,0.100942388,-0.392764956,0.160063267
-0.318906069,0.189826012,-0.48106879,0.292001009
-0.340507686,0.242282718,-0.501481056,0.36578539
-0.28329885,0.223812208,-0.430796415,0.3514705
-0.15183945,0.121835656,-0.249712154,0.212626278
0.0138146197,-0.045396246,0.0179642905,-0.0634180158
0.155356854,-0.232542574,0.242131919,-0.362331182
0.224186718,-0.383346647,0.323313594,-0.561036468
0.205812633,-0.452826232,0.283058137,-0.640195608
0.127657473,-0.42552489,0.182222962,-0.627032161
0.0455128737,-0.321128964,0.0653070584,-0.507281482
0.0149956681,-0.184517339,0.0169905294,-0.309197366
0.0624104626,-0.06485039,0.0958367065,-0.111296117
0.170072794,0.00621971022,0.274344683,0.00883056317
0.283933491,0.0266551487,0.44756186,0.0403923802
0.339971453,0.0208027773,0.526671112,0.0271111447
0.296201855,0.0230218172,0.472402602,0.0271192901
0.154272288,0.0570684709,0.261749834,0.0839810893
-0.0400646143,0.122166485,-0.055620905,0.19518806
-0.217636928,0.192964733,-0.336682439,0.304388672
-0.317246705,0.233094558,-0.472196013,0.356798708
-0.312354326,0.214814305,-0.470424235,0.336138099
-0.220534801,0.134141371,-0.354077011,0.227432981
-0.0921750069,0.0135373976,-0.156187847,0.0349055417
0.0148470914,-0.108904503,0.0205936618,-0.175266147
0.0614456981,-0.197545171,0.0962160528,-0.321549386
0.042095419,-0.234665319,0.0653803423,-0.381622761
-0.0176830851,-0.225309983,-0.0295444485,-0.369714469
-0.0778944343,-0.189783841,-0.129709154,-0.311244905
-0.104941674,-0.149101049,-0.176004246,-0.245369136
-0.0860904679,-0.112470731,-0.148701459,-0.184934616
-0.0313977711,-0.0742955208,-0.0591913685,-0.12302912
0.03582187,-0.0221585594,0.0543673448,-0.0393039584
0.0931455866,0.0495958589,0.152207255,0.0765595958
0.129528493,0.129759446,0.211993486,0.206580877
0.147072792,0.190939113,0.240343094,0.303732425
0.154658094,0.20201081,0.252812028,0.323244095
0.158677429,0.146071255,0.263117641,0.238617465
0.157267839,0.0336442776,0.264776587,0.0607785508
0.141679391,-0.0972782895,0.235143527,-0.157223403
0.10366194,-0.195937991,0.167629436,-0.318463832
0.0438838936,-0.221653029,0.0671498924,-0.364426017
-0.0243245624,-0.163271457,-0.0428134054,-0.275855035
-0.0788570493,-0.0449207388,-0.134626538,-0.0822866336
-0.0987560302,0.0853487179,-0.165478528,0.137338951
-0.0749224946,0.178473085,-0.122932032,0.293616205
-0.0156680681,0.207143903,-0.0238723513,0.341368675
0.0561711304,0.176811367,0.0947567374,0.293746084
0.11334224,0.119592391,0.188781843,0.198002785
0.136449948,0.0748723894,0.226891756,0.122091927
0.122234978,0.067367807,0.204982564,0.105879687
0.0838479996,0.0944675878,0.142116904,0.150766343
0.0432853363,0.129286706,0.0755558759,0.210565537
0.0200843308,0.137088105,0.0366422646,0.227668554
0.0220314302,0.0954568088,0.0386061445,0.161585212
0.0422833599,0.00685342215,0.0729649514,0.0170781091
0.0638194382,-0.103179842,0.105961554,-0.167754397
0.0684557706,-0.200556278,0.110185735,-0.323871553
0.0456488319,-0.261080205,0.0697565451,-0.418164641
-0.00313060917,-0.281911314,-0.00739260251,-0.449274361
-0.0660767034,-0.279509753,-0.10694842,-0.44227913
-0.127275601,-0.275665253,-0.204363436,-0.430969507
-0.173943147,-0.280458003,-0.274059027,-0.431043953
-0.201093167,-0.283070117,-0.313892484,-0.433050692
-0.211782783,-0.256935596,-0.332931638,-0.397000641
-0.213483363,-0.177196741,-0.345325142,-0.282869697
-0.212918162,-0.0406818874,-0.350926995,-0.0693820938
-0.212093636,0.12380185,-0.343197644,0.197027251
-0.207271487,0.262490928,-0.318098724,0.408041686
-0.190999702,0.319326252,-0.284668505,0.491210252
-0.155952647,0.263571322,-0.239317238,0.422317445
-0.098806411,0.108058646,-0.158404842,0.192761883
-0.0227166172,-0.0922963545,-0.0381269492,-0.141200662
0.0622555278,-0.26234585,0.0937600136,-0.413529247
0.1407215,-0.339107811,0.205833256,-0.520259202
0.195138991,-0.299264967,0.290078461,-0.466734797
0.210059375,-0.168544173,0.328774035,-0.280923516
0.176781133,-0.00872046221,0.289332986,-0.0269101579
0.0973907784,0.110979587,0.165929481,0.175398365
-0.0132340398,0.14393729,-0.0123468703,0.23802042
-0.128926188,0.0835308582,-0.203705221,0.144900143
-0.21797429,-0.0391579606,-0.349304229,-0.0540521629
-0.252318859,-0.17409353,-0.397864908,-0.261826217
-0.217585623,-0.276408792,-0.342743993,-0.416583449
-0.120141394,-0.323338747,-0.197222173,-0.494354278
0.0123710139,-0.316682011,0.00674661389,-0.494358361
0.138532296,-0.272231251,0.206188872,-0.432567716
0.216994122,-0.204724669,0.335799068,-0.328842491
0.221928731,-0.118456937,0.354146868,-0.19874756
0.153912351,-0.0091300495,0.257157385,-0.0252767708
0.0412246585,0.125221565,0.0746813491,0.197337255
-0.0698977411,0.272584587,-0.103925675,0.42573911
-0.132894725,0.403802872,-0.191225305,0.594696224
-0.119561955,0.482022107,-0.162699357,0.679981649
-0.0319684446,0.480814129,-0.0419462696,0.685299039
0.097761929,0.400842458,0.148280263,0.601209939
0.22018455,0.274471074,0.342555076,0.425795078
0.2887007,0.153674498,0.454419136,0.237580746
0.278609008,0.0859035701,0.444728106,0.1298915
0.196732208,0.0899989083,0.325758904,0.136284322
0.0773363039,0.145395145,0.135697469,0.230948627
-0.0338118672,0.201628,-0.0486605428,0.325660378
-0.0999401435,0.204549536,-0.156960875,0.334990025
-0.108818114,0.126291573,-0.174878627,0.217800722
-0.0761052519,-0.0168833826,-0.127215102,-0.0164342783
-0.0350365005,-0.169202521,-0.0590169802,-0.271644115
-0.0176360216,-0.261472523,-0.032670144,-0.418152034
-0.0369412452,-0.246226996,-0.0649200082,-0.399383664
-0.079423964,-0.124127783,-0.136496767,-0.214588508
-0.111857541,0.0524804704,-0.188351303,0.0794288889
-0.099572517,0.201787055,-0.162089676,0.326686829
-0.0269622989,0.250377148,-0.0426116325,0.40644902
0.0905797035,0.168388605,0.150339976,0.28392899
0.210283518,-0.0154546704,0.343705714,-0.0163170863
0.280502468,-0.226595715,0.429782748,-0.343067974
0.265620202,-0.379144639,0.379755378,-0.55048126
0.165023863,-0.415360451,0.235851452,-0.611668825
0.0160779711,-0.331019908,0.0217404775,-0.524254143
-0.121366337,-0.17477645,-0.201060444,-0.294637978
-0.192107081,-0.0226210635,-0.316903919,-0.0401120447
-0.171303079,0.0592512973,-0.285494149,0.101316489
-0.0758735538,0.04460508,-0.130459353,0.0832842439
0.0444754548,-0.0440422855,0.0702468976,-0.0650638863
0.132436365,-0.151153162,0.214615792,-0.243558809
0.151905447,-0.219152629,0.240926698,-0.353122652
0.105662331,-0.218110874,0.16849412,-0.357281566
0.0326717384,-0.159001857,0.0523426086,-0.269138843
-0.0137186721,-0.0845334157,-0.0253311582,-0.146017075
0.00474541122,-0.04342575,0.00342050334,-0.0717682689
0.0898612142,-0.0624444932,0.144799501,-0.0992504582
0.205510393,-0.131215796,0.325545132,-0.208839312
0.297384709,-0.207704172,0.45072788,-0.31979987
0.32356891,-0.241141692,0.48104617,-0.367968112
0.279220909,-0.200028285,0.428950548,-0.319217443
0.201075524,-0.0903036371,0.325954407,-0.158622175
0.147987321,0.0459078662,0.242789432,0.0655535087
0.166897878,0.150371671,0.26986143,0.239809096
0,0.0921970606,0.0181466714,0.154993087
0.093971394,0.0860430896,0.143961802,0.147375107
0.23213318,0.0899770632,0.36849606,0.142189384
0.355151236,0.100376315,0.539174259,0.148088843
0.409288049,0.118522458,0.60619396,0.166313216
0.37391153,0.148074076,0.563565671,0.211684093
0.269274473,0.189753428,0.425545871,0.284707457
0.141819045,0.237093955,0.236329362,0.368967891
0.0368616953,0.276378065,0.0664445758,0.435226649
-0.0251219478,0.291247189,-0.0342141986,0.460258156
-0.0555003025,0.269566536,-0.0817614347,0.431469142
-0.0850151777,0.20875065,-0.130841091,0.342524409
-0.140443027,0.116697714,-0.223512739,0.197145343
-0.224861279,0.00810170732,-0.356249869,0.0195606742
-0.313251317,-0.101433508,-0.483018994,-0.149838775
-0.36576274,-0.200000495,-0.544191658,-0.2881836
-0.350574106,-0.280391484,-0.515743673,-0.397884965
-0.262937993,-0.337760568,-0.396768957,-0.489881396
-0.129574984,-0.366539717,-0.206598774,-0.546555698
0.00371887861,-0.359745413,-0.00606445409,-0.550021946
0.0938299373,-0.312141985,0.136134639,-0.490671158
0.119173653,-0.225830212,0.1866934,-0.370158792
0.0857861936,-0.114554092,0.141032457,-0.198221773
0.0187638942,-0.00293454481,0.0329233855,-0.0105454987
-0.0543282181,0.0807245597,-0.0862279609,0.131651714
-0.117442206,0.115680039,-0.188699126,0.193109408
-0.16945529,0.0987597108,-0.272534043,0.16679506
-0.21643436,0.0476087742,-0.34726119,0.0829686075
-0.259558171,-0.00551019376,-0.413610578,-0.0020929419
-0.288180172,-0.0273992531,-0.456528693,-0.0385471657
-0.283848524,0.000921508239,-0.452613801,0.00464093918
-0.23343505,0.074824132,-0.380718082,0.121858157
-0.142764509,0.167269662,-0.236223474,0.2726098
-0.0407353863,0.240452528,-0.0665998533,0.387913018
0.03091974,0.262696356,0.0535849482,0.421114981
0.0382577144,0.222807691,0.0695728809,0.362891078
-0.0250069033,0.135270372,-0.031423647,0.228584796
-0.130428091,0.0340116099,-0.207911491,0.0595058091
-0.226213858,-0.0421936847,-0.363260567,-0.0633790866
-0.26243189,-0.0659140274,-0.420829415,-0.101067029
-0.217050403,-0.0317242965,-0.359497368,-0.0489960127
-0.108471066,0.042821411,-0.187600896,0.0739641041
0.0129986843,0.125441372,0.017049972,0.207973301
0.0908858925,0.182188123,0.149639994,0.294172943
0.0919838995,0.189437106,0.157513261,0.306481212
0.023564918,0.14032428,0.0496750362,0.23381643
-0.0710974187,0.0443565063,-0.109979957,0.0801533014
-0.136540219,-0.0779234543,-0.223459303,-0.121047169
-0.135253936,-0.201779187,-0.221733257,-0.316367686
-0.067668274,-0.3037211,-0.116742134,-0.470056713
0.0288248342,-0.364525616,0.0331185125,-0.553606093
0.100941256,-0.37068665,0.143533409,-0.562841892
0.108689457,-0.315836132,0.161975503,-0.496799797
0.0463978574,-0.20288156,0.0726134703,-0.340700746
-0.055799339,-0.0460407883,-0.0928475186,-0.0871169195
-0.150181234,0.129187644,-0.243029118,0.205061078
-0.198412463,0.289866209,-0.302625388,0.446165562
-0.191639289,0.403370708,-0.273575336,0.589416027
-0.152441233,0.446915746,-0.21139434,0.642826021
-0.118157737,0.415185481,-0.165456861,0.613483965
-0.116022244,0.32257551,-0.169404522,0.506001532
-0.145229936,0.198542625,-0.225309014,0.32699874
-0.176829666,0.0774944052,-0.284911752,0.134423092
-0.171656609,-0.0128813656,-0.283545434,-0.0140792262
-0.105668433,-0.060178306,-0.181348726,-0.0937366039
0.0125965839,-0.0693895668,0.0122353816,-0.114521742
0.143357649,-0.0580711961,0.229100913,-0.0962268636
0.235725641,-0.0470290743,0.376295596,-0.0801522508
0.255480051,-0.0507945083,0.410650045,-0.0871985182
0.204490304,-0.0719769895,0.334782422,-0.121868968
0.120204046,-0.101617761,0.201572329,-0.169644058
0.0549123362,-0.124891788,0.0908045992,-0.207563758
0.0462253615,-0.129196107,0.0719586983,-0.215755373
0.0955521092,-0.110800214,0.151443914,-0.185581446
0.167145953,-0.0770892277,0.268737435,-0.129916906
0.208709002,-0.0435113125,0.336779267,-0.0761043206
0.182163864,-0.0266745146,0.300925642,-0.0491715595
0.0871029496,-0.0366337001,0.152142569,-0.0646441206
-0.0367788002,-0.0716659352,-0.0554910712,-0.119530775
-0.13026686,-0.117745869,-0.211806089,-0.190593064
-0.147163957,-0.153023064,-0.245241761,-0.244702891
-0.080694437,-0.155660599,-0.142038897,-0.25298667
0.0312308092,-0.112151414,0.0415324271,-0.185844511
0.125318617,-0.023095049,0.201888964,-0.0435851328
0.146543369,0.0956270918,0.242286697,0.146955028
0.077832453,0.216704249,0.134494632,0.340840399
-0.050481502,0.308997631,-0.06563434,0.479052126
-0.176640138,0.346428037,-0.255243689,0.523661554
-0.240121439,0.315387607,-0.353813052,0.480701685
-0.213164851,0.218528911,-0.331215978,0.353909135
-0.114154503,0.0740240663,-0.191629484,0.135958314
0.00397392968,-0.0892197415,0.00326041412,-0.138863117
0.0833492726,-0.238818854,0.130465478,-0.379780978
0.0921388939,-0.346589655,0.138010874,-0.53279078
0.0399094261,-0.394727141,0.0558509938,-0.594262779
-0.0304940511,-0.379158735,-0.0505861267,-0.577359259
-0.0691604912,-0.309521288,-0.114419326,-0.486182243
-0.0481055081,-0.205962256,-0.0866592601,-0.338297218
0.023362169,-0.0935986415,0.0281320009,-0.160049126
0.105148636,0.00403802097,0.169891149,0.00280377292
0.150390089,0.07092233,0.24785471,0.112582058
0.132765561,0.102151059,0.223261341,0.16472286
0.061357744,0.10402476,0.108550973,0.170410037
-0.0252010934,0.0903438851,-0.0361889713,0.150089562
-0.0814784467,0.0760072172,-0.132688656,0.129172266
-0.0813767686,0.0702273399,-0.136263385,0.118920267
-0.0323808566,0.0721749142,-0.0572129488,0.122122072
0.0302662421,0.0711846948,0.0482802466,0.119124398
0.0658587292,0.0518488698,0.11066179,0.0889441147
0.0537486747,0.00205079932,0.0944082737,0.0037160553
0.00690678926,-0.0796791464,0.0147992987,-0.130596802
-0.0347678587,-0.181208998,-0.0574634895,-0.293861121
-0.0279083475,-0.280204445,-0.0509130731,-0.440711647
0.0474591143,-0.35283199,0.0606418513,-0.538822532
0.173322096,-0.3838889,0.243483961,-0.568131328
0.300339788,-0.37334916,0.415646702,-0.535694063
0.372785091,-0.335692436,0.514554083,-0.476407886
0.358326048,-0.291837126,0.512423158,-0.427633375
0.266137183,-0.257422179,0.405533493,-0.398734689
0.142987579,-0.233520105,0.229268447,-0.377382904
0.0489646755,-0.205183774,0.0772508532,-0.337082416
0.025720844,-0.149563566,0.0362032726,-0.25031665
0.0743571147,-0.0503235795,0.115198039,-0.089122802
0.154940858,0.0887380168,0.247423485,0.137708202
0.20800589,0.23845017,0.326620013,0.362930626
0.186578363,0.351566941,0.289138377,0.519364953
0.0817120373,0.380820334,0.136676759,0.569228888
-0.0718726292,0.300331682,-0.0956232548,0.475259483
-0.212762445,0.120565385,-0.329881102,0.206475899
-0.283257604,-0.110784039,-0.443018615,-0.157065958
-0.25729987,-0.323568434,-0.389914602,-0.46786043
-0.151864827,-0.450159341,-0.23049514,-0.635252655
-0.0168934613,-0.45039928,-0.0400469266,-0.65233916
0.0899003223,-0.326170594,0.126496211,-0.513248563
0.129687682,-0.11976596,0.206260398,-0.211340666
0.0972755924,0.10271199,0.161732316,0.156861156
0.0178596694,0.275488794,0.0370633826,0.431399196
-0.0703830197,0.354806662,-0.0962331444,0.543931365
-0.13697736,0.330191642,-0.199911192,0.512066245
-0.171682492,0.222583562,-0.265287638,0.363514632
-0.183228523,0.0723347068,-0.296430737,0.128742382
-0.187052205,-0.076439552,-0.303489596,-0.114334568
-0.190982178,-0.188718766,-0.307385623,-0.296864301
-0.188323751,-0.245108247,-0.300648898,-0.380456179
-0.162646636,-0.242233232,-0.264894366,-0.381385684
-0.101036943,-0.189611197,-0.173694581,-0.310066402
-0.00714397104,-0.105727836,-0.0211656261,-0.177114889
0.0948019698,-0.0144058373,0.149978027,-0.0270086434
0.168650746,0.0592167489,0.275140554,0.0928501114
0.183833525,0.0941695347,0.302848756,0.149450541
0.132369652,0.0802874416,0.227044716,0.130337536
0.0357044525,0.0235739388,0.0672711134,0.0396171808
-0.0632205606,-0.0532408804,-0.101412661,-0.0849853083
-0.119502358,-0.117263615,-0.198085025,-0.189047992
-0.107989714,-0.138062954,-0.1837973,-0.223866522
-0.0363221467,-0.10147959,-0.070357956,-0.169729829
0.0574185811,-0.0178566072,0.0885070041,-0.0343579985
0.121636756,0.0804353058,0.199503511,0.126138091
0.114882573,0.152448267,0.193905815,0.244618177
0.0253059957,0.167566448,0.0524236448,0.273049027
-0.122831449,0.12079145,-0.188430309,0.201060325
-0.278165817,0.0362501033,-0.432936072,0.0650295019
-0.382379502,-0.0438168496,-0.575509906,-0.0565432273
-0.392616361,-0.0799470022,-0.59216696,-0.111813821
-0.29706201,-0.0560713299,-0.476577997,-0.0822447091
-0.118242443,0.010848593,-0.207212657,0.0208935421
0.0959623829,0.0777942762,0.150647581,0.129611328
0.288951188,0.096584782,0.450567603,0.152135998
0.412992567,0.0386593603,0.614760518,0.0551718809
0.441951334,-0.0887274891,0.644165933,-0.129869476
0.376108319,-0.243438974,0.549734712,-0.357093781
0.239168614,-0.366589665,0.350474477,-0.539807796
0.0697844699,-0.409245193,0.1025135,-0.613065183
-0.0892441347,-0.354625344,-0.139952615,-0.546640933
-0.201221988,-0.224950239,-0.321770877,-0.358138561
-0.243230924,-0.0698108971,-0.395954162,-0.115111291
-0.210076556,0.0577702709,-0.346699148,0.0952633098
-0.114129394,0.125395194,-0.191661671,0.211545467
0.0186231751,0.13357611,0.0279341992,0.227109581
0.155314371,0.110746332,0.253158689,0.183771938
0.264146477,0.0945147648,0.420069039,0.145893097
0.321704358,0.109601781,0.498961449,0.162487075
0.317986816,0.154169649,0.492002189,0.228270262
0.258129418,0.201405898,0.408767194,0.305334181
0.160599783,0.214980647,0.265490323,0.338263303
0.0523701385,0.169808507,0.0961963758,0.278905928
-0.0379174352,0.0671152249,-0.0563110225,0.11773584
-0.0874266177,-0.0638091192,-0.143094599,-0.0978474692
-0.0855823755,-0.177656129,-0.143913269,-0.283866793
-0.0376597829,-0.232474297,-0.0688860491,-0.373889267
0.0361310132,-0.206733912,0.04854827,-0.33950606
0.106745049,-0.106423266,0.169160202,-0.181667149
0.146500096,0.0398236252,0.238993764,0.0563916005
0.140207812,0.193564132,0.231418535,0.302674711
0.0927220136,0.320223004,0.152853101,0.49122107
0.0288323313,0.397578567,0.0523773059,0.593829274
-0.0159145594,0.417179465,-0.0148138711,0.618309855
-0.0107820351,0.381190628,-0.00981966127,0.582903504
0.0545992404,0.299080521,0.0889244154,0.475494266
0.16229701,0.187055126,0.262182832,0.305464208
0.270885974,0.069528304,0.430633545,0.112369813
0.332512975,-0.0211159401,0.516721249,-0.0369773693
0.315440118,-0.0503238402,0.494564623,-0.0874922723
0.221538782,0.00667813979,0.361997724,-0.00142262003
0.0893679261,0.151013985,0.151647791,0.233341292
-0.0203922931,0.351865262,-0.0252450891,0.531641781
-0.0518551841,0.550456405,-0.06373965,0.737384796
0.0188487004,0.677876711,0.0265027378,0.805977285
0.169357657,0.681133389,0.198829263,0.787017405
0.337840557,0.546474695,0.418361932,0.674629688
0.448916316,0.308708519,0.612033963,0.420284986
0.44738251,0.0407307297,0.657748938,0.0613385588
0.32400009,-0.173571214,0.502079964,-0.268070668
0.120812021,-0.271818161,0.1970869,-0.43544209
-0.0869607478,-0.236818194,-0.139061585,-0.389143378
-0.22412096,-0.100972518,-0.365495741,-0.168114752
-0.248117387,0.0701851845,-0.403004497,0.110718466
-0.165761977,0.207275167,-0.270116091,0.333431989
-0.0266474672,0.265479296,-0.0447886772,0.428591162
0.102628291,0.239406422,0.167448834,0.387984753
0.170112222,0.15883413,0.280557036,0.258577347
0.160419121,0.069176957,0.269361854,0.113755375
0.0969808474,0.00754154474,0.167558432,0.0105086137
0.025127504,-0.0135634374,0.0450321138,-0.0267997496
-0.0138145974,-0.00769066904,-0.0238680691,-0.0138188703
-0.00333443144,-0.0020829686,-0.00801831391,-0.00234605116
0.0429177731,-0.0195129905,0.068977356,-0.0309392437
0.092647396,-0.0647311807,0.152671874,-0.106336296
0.115501463,-0.122612759,0.188853532,-0.202402174
0.100523412,-0.168196529,0.163367093,-0.277554691
0.0608490631,-0.182192937,0.0972663388,-0.300443709
0.0238323621,-0.162760153,0.0370441861,-0.270846307
0.0132476101,-0.126759127,0.01773398,-0.212189227
0.0345002599,-0.0998111889,0.052873414,-0.167828634
0.0715775266,-0.100851566,0.114668846,-0.166751236
0.0972347707,-0.130007833,0.157725647,-0.213407218
0.089965187,-0.166864663,0.146267623,-0.2731013
0.047307726,-0.180512115,0.0767934024,-0.297789574
-0.012669567,-0.146299466,-0.0223934259,-0.247086674
-0.0626851618,-0.060418874,-0.106886931,-0.107125379
-0.0834929198,0.0556442998,-0.14098528,0.087545909
-0.0763816386,0.163602263,-0.125755072,0.266918868
-0.0628099218,0.22589983,-0.0980795249,0.366116315
-0.0706483349,0.223625973,-0.107139856,0.363621086
-0.114745744,0.165767714,-0.179079965,0.274903923
-0.183558404,0.0850072131,-0.291923195,0.145218238
-0.240809768,0.0219598133,-0.385569066,0.0410691351
-0.242883235,0.00553733995,-0.393442661,0.0128912982
-0.163425729,0.0391067117,-0.2754803,0.0696463957
-0.0117277913,0.0993139073,-0.0275856853,0.167593777
0.166127786,0.148243144,0.263156503,0.240430862
0.305602431,0.153021693,0.473454297,0.234877795
0.353287399,0.103259221,0.543445766,0.153040528
0.292994618,0.0176363476,0.470840752,0.0236689933
0.154774547,-0.0639014989,0.263035029,-0.108745337
0.00171459303,-0.0989725292,0.00686546136,-0.169286251
-0.0992891416,-0.0638287365,-0.166282341,-0.109819822
-0.108332247,0.0334348641,-0.185962632,0.0527841598
-0.0296276025,0.154197872,-0.0548227727,0.251136154
0.0931960717,0.245169595,0.145928517,0.39202705
0.200562805,0.261967778,0.314923912,0.407253444
0.246713549,0.189776808,0.394094795,0.298317164
0.220564529,0.0514374189,0.365545094,0.0850890428
0.147667676,-0.10120865,0.248295009,-0.164436162
0.0734647959,-0.209355399,0.119329967,-0.340021968
0.0376765691,-0.233080089,0.0552596226,-0.380559564
0.0537371635,-0.169426024,0.078120254,-0.283624351
0.103764638,-0.0543616042,0.165738583,-0.0976394564
0.150788963,0.0526496656,0.244216025,0.0805325508
0.160736531,0.0949072912,0.266377479,0.153233841
0.121909529,0.0439977832,0.209278896,0.0747597516
0.051700633,-0.0868193805,0.0923507065,-0.139646351
-0.0123856794,-0.24743849,-0.0192760155,-0.392380446
-0.0318903625,-0.371894419,-0.0557663292,-0.562212408
0.0137572093,-0.406232536,0.00971183274,-0.60532701
0.118274979,-0.330981463,0.166768715,-0.513728201
0.253080577,-0.168540418,0.383263499,-0.275797457
0.381639332,0.027261382,0.571157396,0.0275341198
0.475202739,0.194151282,0.658963978,0.258504063
0.521860421,0.286315709,0.677751124,0.361533374
0.525550723,0.29033199,0.678475499,0.366109699
0.497733772,0.226011202,0.676141739,0.298810035
0.448228359,0.133340865,0.647184968,0.18610768
0.381204605,0.0529361032,0.581009865,0.0745379999
0.298132122,0.00960311014,0.474829257,0.00705330679
0.204422116,0.00599215971,0.336007267,0.00284025446
0.113810547,0.0275410358,0.192839593,0.0407588333
0.0459264107,0.0541671999,0.0802347362,0.0882127434
0.0171231162,0.0714274868,0.0278828926,0.119184434
0.0296327136,0.0753194317,0.0501090325,0.127305999
0.0662215799,0.0693956017,0.109655894,0.11538361
0.0952035859,0.0576318018,0.159353152,0.0955729261
0.0849630162,0.0387527198,0.145058081,0.0628864691
0.0212321915,0.00626457809,0.0401380993,0.00898528099
-0.0822292939,-0.0457012467,-0.131793693,-0.0741854683
-0.186383158,-0.114835411,-0.299259663,-0.182781607
-0.243289113,-0.187086254,-0.384676754,-0.287271947
-0.218979508,-0.240659535,-0.349018335,-0.366424561
-0.111656182,-0.256477356,-0.19023627,-0.402431339
0.0443385616,-0.229550108,0.0585043058,-0.370591789
0.191606581,-0.174321547,0.297142059,-0.284230769
0.274184138,-0.119819008,0.428351045,-0.196080372
0.26191318,-0.0960433036,0.418673903,-0.158365667
0.163006753,-0.11833182,0.272007585,-0.196433961
0.0188525673,-0.178250492,0.0369889326,-0.292042762
-0.116144523,-0.246581137,-0.183054417,-0.390459388
-0.199548617,-0.287567735,-0.3118608,-0.439240903
-0.218396127,-0.277240843,-0.34300524,-0.422887444
-0.190957397,-0.215999275,-0.309483469,-0.341732681
-0.152666852,-0.128400192,-0.256982803,-0.210020706
-0.134212106,-0.0499809049,-0.223449484,-0.0823586732
-0.143638164,-0.00817885157,-0.236501589,-0.0122635579
-0.162035853,-0.00791591033,-0.266200274,-0.00951907877
-0.15515852,-0.0300220717,-0.257666141,-0.0438036062
-0.0948706269,-0.0435338691,-0.163471892,-0.0679876804
0.0210072659,-0.0249337777,0.0270645376,-0.0409536697
0.161396608,0.026840074,0.257716924,0.0402922072
0.272025824,0.0886882246,0.429335445,0.134357929
0.298975021,0.126539797,0.470753163,0.191247597
0.214825973,0.116269335,0.354900211,0.1808604
0.0347476155,0.060178306,0.0734078214,0.098729223
-0.185820833,-0.0112395063,-0.292552501,-0.0168154631
-0.371797353,-0.0544910692,-0.561742127,-0.0771121532
-0.45876506,-0.0376090594,-0.663467109,-0.0500419512
-0.419699878,0.0396905318,-0.626765192,0.0627347901
-0.276290834,0.14243415,-0.442488253,0.226060346
-0.0898265019,0.216946095,-0.150825799,0.35519591
0.0643634349,0.219739437,0.104147442,0.358943522
0.127806544,0.1432513,0.215824947,0.237871304
0.0819512308,0.023503514,0.146572605,0.0405599661
-0.0460186526,-0.0761714876,-0.0689900294,-0.126799926
-0.196307257,-0.098203674,-0.314226419,-0.161293358
-0.302134991,-0.0236131418,-0.477027237,-0.0386845693
-0.316514939,0.113570198,-0.49439019,0.176778823
-0.229090154,0.239645362,-0.361238658,0.375132173
-0.06698028,0.277219117,-0.108444616,0.447168499
0.11914859,0.186170399,0.193322659,0.311972588
0.276454866,-0.0117680347,0.441280812,-0.00913572591
0.369051367,-0.238664255,0.539574027,-0.349746436
0.387364149,-0.39494434,0.516408026,-0.535600245
0.345444828,-0.40645358,0.463901997,-0.563742936
0.269602388,-0.260653555,0.401870072,-0.409726411
0.185079277,-0.0135902641,0.299360991,-0.043013934
0.107232615,0.236139774,0.174984485,0.364713967
0.0403266288,0.393503547,0.0696929395,0.587982476
-0.0173869245,0.410195559,-0.0156996623,0.614777744
-0.0667522773,0.303583354,-0.0931663513,0.481708407
-0.103729606,0.142857462,-0.163823307,0.243281364
-0.120729379,0.0107396748,-0.197967216,0.0239147451
-0.112074666,-0.0386241712,-0.188410699,-0.063425079
-0.0797636434,-0.00371480454,-0.137891501,-0.00730237411
-0.0354634486,0.0699737668,-0.0606862791,0.116027333
0.00310690911,0.120677464,0.00674611097,0.199697137
0.0198879,0.108367667,0.037737973,0.182293817
0.00823828485,0.0387035012,0.0191659424,0.0684752092
-0.0255410336,-0.0402486064,-0.0384415314,-0.0649740472
-0.0649947077,-0.0665230155,-0.108829089,-0.110740326
-0.0912882537,-0.00202529295,-0.15427053,-0.00869506877
-0.0919737294,0.141601473,-0.153689817,0.226837486
-0.0662992746,0.303863376,-0.103849575,0.471634358
-0.0246076342,0.403517216,-0.0328946523,0.604483068
0.0173768159,0.379641593,0.0342331827,0.579409719
0.0459356382,0.224269226,0.0831519514,0.37322861
0.05444289,-0.0106630102,0.0973398164,-0.00610264391
0.043946512,-0.23605755,0.0719740093,-0.374875605
0.0199523214,-0.366826206,0.0235981885,-0.560813189
-0.0116700754,-0.36089462,-0.0247124694,-0.556304991
-0.046605818,-0.236824661,-0.082758151,-0.388677478
-0.0807742849,-0.0619887263,-0.138196662,-0.111381873
-0.107472919,0.0818205923,-0.178688601,0.132355109
-0.116305187,0.13748613,-0.188411757,0.230050907
-0.0963997319,0.096971035,-0.156988129,0.169452026
-0.0434513763,-5.00815331e-05,-0.0733535737,0.00842443667
0.0332391784,-0.0909230411,0.0521316864,-0.14675796
0.108980134,-0.124141008,0.173815221,-0.205730736
0.150537252,-0.0850558206,0.243901238,-0.145611733
0.130379036,-0.000763088989,0.216727927,-0.00910994317
0.0421356969,0.0768960789,0.0753976479,0.122788042
-0.0911598057,0.10010998,-0.140749812,0.165160879
-0.222176462,0.0502341092,-0.350721419,0.0883248672
-0.297595292,-0.0532601438,-0.465171576,-0.072893858
-0.282263339,-0.163560823,-0.445013702,-0.243129104
-0.177620888,-0.230383992,-0.291791707,-0.357777208
-0.0243775528,-0.224213988,-0.0532114916,-0.361320198
0.113473304,-0.148933709,0.176050588,-0.249347389
0.176833838,-0.0375151783,0.288051337,-0.0717045739
0.138632268,0.0658119842,0.233808324,0.100423828
0.0163500905,0.127182975,0.0381745882,0.206996694
-0.13682434,0.137790248,-0.212534085,0.226928025
-0.258275867,0.115226097,-0.403750122,0.189638793
-0.306593239,0.0920161754,-0.476926684,0.15013501
-0.280850768,0.0978734568,-0.445139021,0.159473613
-0.218437076,0.14449127,-0.352371454,0.233298942
-0.172477648,0.219670162,-0.273524314,0.349047005
-0.180821463,0.292730004,-0.272816211,0.452492177
-0.243383035,0.328059196,-0.352092683,0.491736293
-0.320540756,0.300553292,-0.457723081,0.44485265
-0.354208142,0.206565604,-0.52024436,0.318299294
-0.300875336,0.0663621351,-0.4713597,0.118520632
-0.158976734,-0.0824238807,-0.268312901,-0.121800058
0.024711011,-0.197656929,0.0294207595,-0.31370309
0.174278051,-0.247282192,0.265005738,-0.392400742
0.220641285,-0.220678106,0.341682822,-0.354171604
0.136201888,-0.132912144,0.225021288,-0.229958862
-0.0497599766,-0.0202012975,-0.0750206262,-0.0436957888
-0.263387978,0.0723334104,-0.4102588,0.112670533
-0.420587838,0.106782362,-0.612521768,0.164408863
-0.466406524,0.066781491,-0.665807903,0.109174319
-0.399826586,-0.0355718397,-0.600046456,-0.039167732
-0.271801412,-0.163574934,-0.431929827,-0.241902992
-0.157991201,-0.26983127,-0.255080283,-0.413712442
-0.120371863,-0.315135449,-0.191780865,-0.487385511
-0.177134916,-0.284586757,-0.276327223,-0.445200592
-0.295532733,-0.19377099,-0.454227775,-0.3003802
-0.41026172,-0.0818435326,-0.609067559,-0.119640976
-0.457050383,0.0058101723,-0.662185788,0.0146060148
-0.403998643,0.0376679637,-0.606863141,0.066537559
-0.265308112,0.00966262538,-0.429331779,0.0281997249
-0.0918126628,-0.0541397445,-0.160725906,-0.0805254579
0.0552799329,-0.114091299,0.0840272978,-0.186197311
0.133120552,-0.134645075,0.215136096,-0.224348173
0.134102255,-0.10157086,0.219421774,-0.175483838
0.0838855505,-0.0283664279,0.141527727,-0.0550973788
0.023796143,0.0510339029,0.0410160236,0.0801724494
-0.0116115781,0.0992984995,-0.018970143,0.16544947
-0.00988073926,0.0937878042,-0.0144838793,0.159992248
0.0178400911,0.0367786549,0.0318052918,0.0668733045
0.0476586521,-0.046771422,0.0804646984,-0.073781684
0.0583780035,-0.122038715,0.0966925919,-0.202046961
0.0424581952,-0.160679072,0.068211779,-0.266606808
0.00736612594,-0.152452081,0.00926631317,-0.255604476
-0.0315642804,-0.107039236,-0.0538804904,-0.181349561
-0.060944166,-0.0465288274,-0.103386551,-0.079909265
-0.0754441693,0.0062086219,-0.126009524,0.0103152608
-0.0772753656,0.0366508104,-0.12819095,0.0621002801
-0.0709354803,0.0411418788,-0.117266625,0.0703368858
-0.0581041947,0.0232512672,-0.0978187397,0.0415138081
-0.036874067,-0.0118434113,-0.0630139858,-0.0166901071
-0.00580899976,-0.0601567887,-0.0106174331,-0.0975388885
0.0306898542,-0.116849355,0.048248589,-0.191907063
0.0606868416,-0.171515524,0.0957575142,-0.280699402
0.0694002509,-0.205744788,0.10895963,-0.335607827
0.0483899526,-0.197146535,0.0769069493,-0.324742109
0.0034846582,-0.129932851,0.00218384899,-0.221342877
-0.0446385443,-0.0071174996,-0.0762482733,-0.0196016263
-0.0694272965,0.143306598,-0.11547216,0.230121419
-0.0531744473,0.274044991,-0.0834799632,0.43277961
0.000759299146,0.335997254,0.00430226885,0.522964537
0.0662623495,0.300596297,0.10863626,0.476323605
0.106082372,0.176021218,0.178742334,0.293132067
0.0918034911,0.00796978455,0.160647616,0.019640943
0.0216253716,-0.13730146,0.0423393771,-0.227686673
-0.0746143982,-0.200952098,-0.121189132,-0.329280615
-0.147543058,-0.157612339,-0.243266106,-0.259750128
-0.152553663,-0.02673457,-0.261329919,-0.0479761101
-0.0741036609,0.136703432,-0.130718678,0.222695887
0.0631395206,0.267877907,0.0964618474,0.426286757
0.203147128,0.321609288,0.30937165,0.48702687
0.28379485,0.29113552,0.429520667,0.432404011
0.26605913,0.207196474,0.422190666,0.318387419
0.152245119,0.118681356,0.260241836,0.190799475
-0.016061902,0.0655992329,-0.0163187366,0.105812296
-0.178957731,0.0588653348,-0.287318558,0.0955175459
-0.286789119,0.0773717463,-0.449505955,0.125277221
-0.321286738,0.0832294449,-0.498003989,0.136371166
-0.298721164,0.0461372472,-0.46932736,0.0822834447
-0.254725844,-0.0370490514,-0.409600288,-0.0482509173
-0.220536068,-0.138663858,-0.354115099,-0.213548914
-0.204737335,-0.214671418,-0.326161683,-0.333182424
-0.190817893,-0.229224741,-0.30720225,-0.359890223
-0.151180446,-0.175603926,-0.251974195,-0.283805251
-0.0684369057,-0.0816072375,-0.122886524,-0.136511788
0.0494636111,0.0040905932,0.0744722709,0.00403302396
0.169942349,0.0376205184,0.274676532,0.0624230765
0.252390176,0.00386122824,0.405650139,0.00538887922
0.270954251,-0.074497208,0.432346672,-0.120196834
0.22973749,-0.148119047,0.367389947,-0.239871725
0.160807535,-0.166989699,0.259761035,-0.276609004
0.105520353,-0.107756384,0.171688557,-0.185681894
0.0898141339,0.0119259376,0.145417124,0.0126760267
0.108236499,0.139797822,0.17566441,0.224206999
0.126855403,0.213241741,0.207574651,0.340854257
0.104287863,0.189360633,0.177079603,0.30903849
0.019104626,0.0660225227,0.0427255742,0.115146458
-0.112648986,-0.116266944,-0.176772609,-0.182788551
-0.241164252,-0.292124152,-0.364909351,-0.434940934
-0.307272911,-0.39961046,-0.437221676,-0.552703202
-0.274781317,-0.405473232,-0.399201512,-0.567250013
-0.152536184,-0.316063643,-0.249012128,-0.483931333
0.00714439247,-0.170407027,-0.00265108794,-0.284776211
0.134249508,-0.0206551794,0.214091003,-0.041715987
0.177871346,0.0895572677,0.29389894,0.138722911
0.133913532,0.138834178,0.227331519,0.222709894
0.0477701277,0.129227802,0.0886551961,0.213938981
-0.0106324432,0.0773219764,-0.0134477541,0.133367285
0.0133101605,0.00223892322,0.0198136084,0.00959024206
0.125704423,-0.0822393745,0.200717792,-0.132189214
0.276409477,-0.168133989,0.422826976,-0.26145196
0.382177621,-0.248241365,0.547684252,-0.364328563
0.369446605,-0.310908258,0.52327776,-0.448586553
0.214511558,-0.339570135,0.324687928,-0.514592826
-0.0404134095,-0.318456918,-0.0561588891,-0.505237937
-0.304360569,-0.241457716,-0.457168579,-0.368806213
-0.479701251,-0.118631907,-0.677486837,-0.165822417
-0.507742763,0.0242203083,-0.712184489,0.0394871868
-0.394621044,0.153732494,-0.587911546,0.232101455
-0.204747051,0.241312876,-0.326005191,0.382880419
-0.0260939486,0.273653865,-0.0433993563,0.441145062
0.0739523098,0.256334364,0.123584025,0.411522269
0.0792403892,0.209122255,0.136949614,0.338023037
0.0270473734,0.155894369,0.0516172424,0.25607276
-0.017561134,0.114610039,-0.0244111177,0.191834971
0.170209959,0.0354604088,0.26593861,0.0674146414
-0.0449230112,0.216199636,-0.0521320477,0.324332982
-0.250954568,0.377650261,-0.352297544,0.546360552
-0.371290028,0.466770887,-0.469261974,0.609703302
-0.365318328,0.449433327,-0.472046196,0.596235931
-0.245609134,0.325947225,-0.362950593,0.498265952
-0.0713217258,0.133345619,-0.119582951,0.236313969
0.078948468,-0.0675240681,0.12940605,-0.101269558
0.141978428,-0.215002298,0.226747483,-0.345414251
0.0962748304,-0.269766092,0.153065696,-0.433648258
-0.0314283036,-0.228055596,-0.0487393141,-0.376335502
-0.181002244,-0.119630434,-0.292990625,-0.20124115
-0.286584705,0.00770044606,-0.456023574,0.0120002888
-0.303497493,0.109091595,-0.475732714,0.175343066
-0.222788066,0.159406483,-0.357489556,0.261945665
-0.069063656,0.158833787,-0.119204864,0.267365456
0.114317216,0.126556128,0.183237284,0.213331401
0.283548981,0.0874987766,0.445249885,0.138152167
0.407427937,0.0598419569,0.605684817,0.081516929
0.471211821,0.0493442453,0.672149479,0.0610267408
0.473222315,0.0518754423,0.675723076,0.0649680868
0.419491857,0.0607317276,0.621875465,0.0793319046
0.321012557,0.0730372146,0.505263567,0.103546552
0.194393232,0.0909239203,0.323245853,0.139767125
0.0629231706,0.117144741,0.110964499,0.188868359
-0.046022702,0.14875938,-0.0691820607,0.242809072
-0.1087927,0.174056232,-0.174458697,0.285103261
-0.115640119,0.175979659,-0.186864153,0.290700465
-0.0772754997,0.141143963,-0.127320617,0.239267483
-0.022381274,0.0695691258,-0.0369204357,0.121786177
0.0147733521,-0.0209725611,0.0249031521,-0.0308322385
0.0114285443,-0.0997220725,0.0194499362,-0.165398464
-0.0308760256,-0.135683104,-0.0500679314,-0.226496339
-0.0856904238,-0.112563848,-0.141994491,-0.189479783
-0.115035884,-0.0383030064,-0.194834918,-0.0668590069
-0.0906957686,0.05623037,-0.154123202,0.0915938765
-0.0121095404,0.129564181,-0.0241306666,0.215530217
0.0896458477,0.147619829,0.146056235,0.245213225
0.16539517,0.0990119651,0.272258192,0.164807305
0.172961712,0.000415737624,0.290173829,0.00230007106
0.100878298,-0.110520206,0.173414588,-0.182026565
-0.0224697459,-0.191331819,-0.0319459029,-0.315063953
-0.140353665,-0.212436929,-0.225892991,-0.342107862
-0.195017606,-0.168431163,-0.317013234,-0.268545866
-0.157056332,-0.0784097984,-0.266569197,-0.128721789
-0.041270256,0.023945732,-0.0791794062,0.0412135646
0.100003593,0.105210416,0.161220998,0.173866734
0.203323275,0.144987211,0.325634629,0.230075344
0.226858646,0.141348258,0.36862275,0.22204572
0.172130436,0.107688412,0.289522022,0.171425864
0.0829403251,0.0638347268,0.145018891,0.103804782
0.0216306429,0.0264688581,0.0379231721,0.0442906879
0.0349998884,0.00340926228,0.0552486815,0.0075980667
0.128012642,-0.0063337977,0.207183242,-0.0091195209
0.259598464,-0.00799893495,0.40745768,-0.0139129004
0.363226414,-0.00536236446,0.553616822,-0.0149742644
0.381699026,0.00267645298,0.577953398,-0.00561264157
0.297841221,0.0214435495,0.473967999,0.0243859757
0.144715816,0.0564028211,0.247743905,0.0837113187
-0.0102687962,0.10810522,-0.00866803061,0.174202994
-0.0991657078,0.169098645,-0.158886641,0.274376869
-0.0874879137,0.224707142,-0.143470943,0.364339978
0.00943182595,0.257714897,0.0125443684,0.415704489
0.136151388,0.255166233,0.215472087,0.406042546
0.227450624,0.214483276,0.36058712,0.335148126
0.242905647,0.1462522,0.390557885,0.230304614
0.187202603,0.072213538,0.312574208,0.114739284
0.105485439,0.0187453106,0.181067318,0.0285237134
0.0565447211,0.0078479806,0.0947800055,0.0107023418
0.0786141977,0.0487459339,0.127099931,0.0773393735
0.166530356,0.133301929,0.264521658,0.212740406
0.272896022,0.237360716,0.41608882,0.355900526
0.332959801,0.328130394,0.482773572,0.46157217
0.300100625,0.375394702,0.435854077,0.526076078
0.172942162,0.362599999,0.273293078,0.537283719
-0.000661181344,0.293495655,0.0144954389,0.46297577
-0.145460859,0.191396803,-0.223793462,0.314360678
-0.195635065,0.0909280106,-0.317597449,0.155701637
-0.127866,0.025227787,-0.218846351,0.0504064672
0.0262055602,0.013669882,0.0337282754,0.0269679334
0.19447735,0.0551351495,0.309234232,0.0866565332
0.298464924,0.129593447,0.465075403,0.193115801
0.289846182,0.207151577,0.450144708,0.307407081
0.171483368,0.260431826,0.27974996,0.399784803
-0.00681654597,0.274747908,0.00464868033,0.432676882
-0.174620479,0.251752585,-0.262836099,0.397482127
-0.275210291,0.205481246,-0.418415487,0.324291468
-0.290524334,0.153398782,-0.451503932,0.247371078
-0.244857684,0.107334547,-0.392824322,0.17940478
-0.186821431,0.0689250231,-0.307078451,0.11783696
-0.160156831,0.0315654315,-0.261766344,0.0552244484
-0.17920658,-0.0126960622,-0.291277409,-0.0151721193
-0.221751079,-0.065511778,-0.357298911,-0.10141889
-0.242438123,-0.118342988,-0.387714833,-0.181952223
-0.1992535,-0.154722109,-0.3274481,-0.24197492
-0.0789202601,-0.157707289,-0.140290245,-0.254509211
0.0920691267,-0.118768923,0.139675692,-0.196642742
0.256590068,-0.0435723998,0.402363777,-0.0746677741
0.351826131,0.0482916683,0.538192868,0.0640673563
0.337941259,0.129554376,0.521487176,0.187550202
0.216835767,0.174593568,0.354403406,0.268900126
0.032360699,0.167742044,0.0670656636,0.27262786
-0.147761792,0.10737852,-0.229747206,0.179621339
-0.259756505,0.00490100542,-0.411443532,0.017500367
-0.268889755,-0.119971193,-0.428725719,-0.176827148
-0.181348071,-0.244945109,-0.294079393,-0.374644548
-0.0388772786,-0.349728286,-0.0724251717,-0.531717777
0.100189067,-0.418622881,0.135564819,-0.614133835
0.184553355,-0.441695184,0.254451364,-0.632344007
0.188336983,-0.415515989,0.265849948,-0.605213046
0.117651723,-0.34386453,0.175589457,-0.534052432
0.00437594065,-0.237795427,0.00590093015,-0.392384827
-0.108678326,-0.114013821,-0.179716915,-0.195581853
-0.18434906,0.00888091698,-0.30311951,0.0117845982
-0.203088745,0.115328006,-0.3290371,0.187840596
-0.166804254,0.196745798,-0.266945571,0.318246603
-0.0947019905,0.252282351,-0.15096961,0.406612784
-0.0140997861,0.285661221,-0.0185121074,0.454550803
0.0496915728,0.299714416,0.0818029642,0.471197993
0.0808761641,0.291939288,0.133721411,0.460613787
0.0761634409,0.254340887,0.1288701,0.406096846
0.0432071052,0.178634077,0.0792529285,0.294730335
-0.00409481721,0.0645944327,-0.000147732702,0.111794785
-0.0513254069,-0.0731796324,-0.0816625282,-0.11586602
-0.0882473364,-0.204925552,-0.144890845,-0.325654805
-0.11107254,-0.293849409,-0.178438932,-0.457643569
-0.121889688,-0.310332805,-0.195449099,-0.480437577
-0.12587148,-0.246008888,-0.208091244,-0.395466477
-0.127657473,-0.120565385,-0.216282219,-0.202319354
-0.128552169,0.0230964962,-0.217178687,0.0348440669
-0.125769287,0.134369135,-0.204598904,0.220250517
-0.114013679,0.174821272,-0.183027491,0.289010525
-0.0885999948,0.133659586,-0.143092915,0.228085741
-0.0485566966,0.0316958241,-0.0805361047,0.0612383708
0.00186091568,-0.0880305693,0.00203952938,-0.140482634
0.054072801,-0.178662196,0.0832707733,-0.288954556
0.098129347,-0.208611041,0.154245377,-0.34147203
0.126327023,-0.173004478,0.198444933,-0.28714633
0.135755613,-0.0931252316,0.219714656,-0.160845891
0.128597677,-0.00521485694,0.213328809,-0.0161136035
0.110162266,0.0554047301,0.184337363,0.0877586976
0.0857983828,0.067639485,0.146693125,0.111919262
0.0583782382,0.0303732753,0.101834811,0.0540190749
0.0276717152,-0.0401025712,0.0492373183,-0.0645271614
-0.00814801548,-0.117994405,-0.0117395855,-0.194324821
-0.0498314202,-0.176840737,-0.0837033167,-0.289096653
-0.0948407426,-0.196052149,-0.156358585,-0.317794144
-0.136986271,-0.164421827,-0.225314572,-0.268202752
-0.168277189,-0.0817697942,-0.278468966,-0.13645345
-0.182111084,0.0400390886,-0.301043034,0.0635385141
-0.176141158,0.176972762,-0.283451736,0.281790942
-0.153269336,0.295478106,-0.235032514,0.461131066
-0.12016733,0.359779358,-0.177292153,0.547719777
-0.084025681,0.343506038,-0.122511625,0.532453418
-0.0491838194,0.24194245,-0.0719927177,0.396452487
-0.0153964348,0.0788545907,-0.0190626904,0.142508477
0.0213187076,-0.0974017531,0.0359348543,-0.154988945
0.0656172782,-0.229516283,0.10160055,-0.36827001
0.119061656,-0.273596168,0.179436833,-0.434163302
0.177569881,-0.218688071,0.272192061,-0.355261236
0.23146531,-0.0936598703,0.363812059,-0.162323534
0.268301994,0.0433366373,0.425328434,0.058346983
0.27733928,0.129397839,0.439575642,0.195132345
0.253760815,0.124635808,0.409226656,0.196162
0.200826839,0.0299821589,0.33456251,0.0503841415
0.129053965,-0.113986231,0.217742234,-0.184109345
0.0528051779,-0.247118801,0.086747475,-0.39497748
-0.0142394444,-0.319052458,-0.0248056818,-0.499675363
-0.0628445745,-0.313280731,-0.104004122,-0.491161108
-0.0897492766,-0.253745347,-0.148475185,-0.407799721
-0.096555315,-0.190551192,-0.161409304,-0.309880137
-0.0867834538,-0.172167376,-0.146348342,-0.277890235
-0.0627492517,-0.218607903,-0.103732646,-0.349689335
-0.0239926223,-0.30974403,-0.0430689603,-0.479543358
0.0317471847,-0.395125479,0.037962798,-0.590113342
0.105297834,-0.420450777,0.142974809,-0.61836201
0.192114592,-0.35700205,0.274168789,-0.540305734
0.27984935,-0.218614101,0.418545604,-0.346682847
0.349307448,-0.0570599474,0.531640947,-0.100542054
0.379354447,0.0621614493,0.573154092,0.0840297192
0.354501396,0.0915415511,0.546085,0.133380115
0.272324771,0.0248324946,0.441571623,0.0378791392
0.147345588,-0.099730432,0.251229346,-0.161076918
0.00892735552,-0.217645422,0.0175554957,-0.353167504
-0.107041202,-0.268472403,-0.173204437,-0.426182151
-0.170239285,-0.223219559,-0.275740445,-0.355809331
-0.167353824,-0.0957711712,-0.28201285,-0.158815056
-0.108119026,0.0661931857,-0.186585128,0.105750144
-0.0229208358,0.205038041,-0.0400269069,0.332518071
0.047850132,0.27922231,0.0795950145,0.443308204
0.06905137,0.278968394,0.116862066,0.442214549
0.0247906353,0.225235775,0.0501181409,0.365725487
-0.0745712444,0.154600218,-0.112916462,0.257168591
-0.195618793,0.0993876755,-0.308575451,0.165034667
-0.294445068,0.0736757591,-0.460547239,0.120570771
-0.333862603,0.0713904947,-0.516249895,0.115922213
-0.298478067,0.0755406097,-0.470682889,0.125894815
-0.201521352,0.071753256,-0.332458228,0.124528438
-0.0805156305,0.0577568635,-0.138193831,0.103007875
0.0166959129,0.0437121354,0.0276018232,0.0755681694
0.0502032377,0.044079721,0.0864968449,0.0717423931
0.00349066337,0.0665814951,0.0106023746,0.106998794
-0.109868757,0.10511554,-0.172250569,0.170001164
-0.250843972,0.140791714,-0.389095068,0.225046754
-0.369115293,0.150412858,-0.546402395,0.232482865
-0.421424061,0.117633931,-0.613298774,0.18219392
-0.387274235,0.0409063585,-0.583215058,0.0746509954
-0.276254177,-0.0655023083,-0.443692893,-0.0912747607
-0.124409914,-0.177198589,-0.210871652,-0.276239246
0.0188962482,-0.268565983,0.0200479999,-0.423246682
0.108813494,-0.320482761,0.162076995,-0.498381346
0.121070638,-0.324072659,0.18277584,-0.503887415
0.0605097339,-0.28045851,0.0937886834,-0.451108634
-0.040995717,-0.198498413,-0.0662248582,-0.331273615
-0.136535242,-0.0926059559,-0.226203829,-0.15750362
-0.181787133,0.0187334642,-0.301023006,0.0273653232
-0.151872098,0.114833638,-0.251424193,0.18955417
-0.0511674881,0.176562592,-0.0881371945,0.292924076
0.0877389014,0.192109019,0.141171724,0.315687627
0.215801477,0.162638083,0.343917727,0.26039362
0.285731643,0.104317419,0.452360511,0.162372112
0.269799829,0.0440305173,0.435134262,0.0657789558
0.170308381,0.00915020145,0.287594557,0.00968269352
0.0185397621,0.0154314935,0.0389301777,0.019821411
-0.137493506,0.0590895526,-0.22146754,0.0946146473
-0.25163433,0.117858917,-0.399192005,0.189537019
-0.297002912,0.161522701,-0.459091127,0.256270677
-0.27521348,0.167206377,-0.428104967,0.268291473
-0.21378921,0.131604865,-0.34346962,0.219793394
-0.153172836,0.0732999668,-0.251030087,0.127582207
-0.129099116,0.023256205,-0.213274226,0.0419125333
-0.157905713,0.00797732454,-0.258826643,0.0136302309
-0.230819508,0.0341465957,-0.36993432,0.0554612391
-0.319114357,0.0832793936,-0.492889076,0.130573139
-0.387230784,0.119878829,-0.575346291,0.183226153
-0.407687753,0.109375812,-0.599939585,0.17116189
-0.371320665,0.0366658196,-0.563950896,0.0686012059
-0.28901127,-0.0845798254,-0.457554042,-0.119462602
-0.185207799,-0.216954216,-0.299661487,-0.333246171
-0.0871040896,-0.316268951,-0.143583328,-0.486488551
-0.0147147095,-0.351664633,-0.0308659431,-0.539836526
0.0241747964,-0.318531752,0.029873766,-0.501241803
0.0331538059,-0.237921625,0.0476584285,-0.389682531
0.0223409049,-0.143531203,0.0322519094,-0.242833555
0.0028740773,-0.0639862046,0.00314721465,-0.109604619
-0.0165638011,-0.0103284866,-0.0272781588,-0.0177896302
-0.0304728895,0.0248310845,-0.0513983853,0.0416082554
-0.0357518941,0.0570586622,-0.0597633012,0.0956496745
-0.0312996618,0.0958195701,-0.0518309027,0.159252241
-0.0189619362,0.135464698,-0.0299689844,0.224751323
-0.00501148496,0.157385811,-0.00532192923,0.259902805
-0.00010910134,0.142249808,0.00382917677,0.236569479
-0.0160442088,0.0847562477,-0.021609107,0.145590231
-0.0595248863,0.00133147987,-0.0941950604,0.00659227464
-0.1257561,-0.075048238,-0.205369905,-0.121278279
-0.195855409,-0.11115589,-0.316270798,-0.178348541
-0.241130769,-0.0921970606,-0.389120966,-0.145336971
-0.234011322,-0.0319086127,-0.382298559,-0.0493430495
-0.161515072,0.0327815264,-0.270855218,0.0579543859
-0.0347640552,0.0609634593,-0.0635695979,0.108033836
0.111131087,0.0311422665,0.181506619,0.056183178
0.2284448,-0.0439982302,0.367307603,-0.0681072548
0.275572777,-0.12041115,0.434893072,-0.192832753
0.235036775,-0.142956778,0.375088006,-0.235326126
0.122172467,-0.0735199973,0.205731958,-0.132798016
-0.020250218,0.0873488933,-0.0300500654,0.133560926
-0.139694661,0.296827048,-0.213640839,0.454811841
-0.195981175,0.486836314,-0.2637178,0.669675767
-0.177594706,0.593756795,-0.21851632,0.752245784
-0.104501694,0.58637017,-0.127446234,0.759465694
-0.0163134951,0.478445709,-0.0161785819,0.685542285
0.0481399447,0.320189953,0.0814365745,0.506060123
0.0695034638,0.173388839,0.12089771,0.289024234
0.0554936454,0.0829499513,0.0970526189,0.136467606
0.0338071249,0.0587427579,0.0578982234,0.0944708735
0.0344091132,0.0757790878,0.0581301972,0.124205954
0.0708552971,0.0912001804,0.117065817,0.151241422
0.130855098,0.0683402121,0.216824129,0.115759648
0.181445941,-0.00457713986,0.299086034,-0.00640664296
0.186381906,-0.109786339,0.304294109,-0.177591383
0.126695335,-0.210253045,0.205545917,-0.339861631
0.0133974599,-0.268291771,0.0222959872,-0.431753337
-0.114911191,-0.262630254,-0.183243155,-0.418814391
-0.209029391,-0.19611226,-0.33491832,-0.312428862
-0.23258397,-0.0919817835,-0.380208492,-0.148244008
-0.180132449,0.0174145028,-0.301454395,0.0284401923
-0.0805779919,0.102799952,-0.139559537,0.172436893
0.0161950998,0.145546705,0.0253007207,0.242769003
0.0631035492,0.139124751,0.108052343,0.231578261
0.0383908637,0.0867133886,0.0714227483,0.145227507
-0.0442099124,-0.00138159783,-0.0667500943,-0.000117132266
-0.142610624,-0.108483687,-0.22925581,-0.173252374
-0.207099974,-0.211498231,-0.327955812,-0.326905578
-0.204271644,-0.283078462,-0.322604924,-0.430332422
-0.132356822,-0.298264951,-0.21756418,-0.460736156
-0.0207232554,-0.244609877,-0.0465984754,-0.39427653
0.0856075361,-0.131178141,0.13154462,-0.223140493
0.148130491,0.00951229967,0.240415409,0.00598295312
0.152397484,0.130143434,0.251333058,0.203979045
0.112440199,0.186077848,0.190456092,0.299403131
0.0606532544,0.154542074,0.108102441,0.257325262
0.0292477049,0.0462075248,0.0540200323,0.0838240162
0.0334589817,-0.0974265933,0.0563152768,-0.1547243
0.0652760714,-0.220831946,0.100749098,-0.354670703
0.100446604,-0.278211504,0.151498422,-0.440796882
0.114210889,-0.253097683,0.174206525,-0.408753455
0.0965628996,-0.164348602,0.153190166,-0.277200043
0.0582996979,-0.0557082891,0.0948290676,-0.10158281
0.0244039223,0.0257411934,0.0424179807,0.0403167307
0.0185075905,0.0514630452,0.0306019764,0.0868951827
0.0473649018,0.0230447948,0.0785841197,0.0433823504
0.0945394635,-0.0315858647,0.155370191,-0.0508376397
0.127636001,-0.0743812397,0.209735453,-0.122644827
0.115922064,-0.0767886862,0.192394957,-0.131907627
0.0491125472,-0.0326379947,0.0844848827,-0.0616120808
-0.0531993508,0.0415295251,-0.0852530748,0.0639019832
-0.147586375,0.117444552,-0.237947717,0.191300064
-0.186465397,0.170299187,-0.296677321,0.275930226
-0.142135128,0.189528972,-0.231445059,0.311543435
-0.0229658149,0.179977834,-0.0401295424,0.301086009
0.127153441,0.154304966,0.204370275,0.255086333
0.24690406,0.122563869,0.39255628,0.194594666
0.285080224,0.0860406309,0.454752088,0.131102592
0.224389479,0.0391723663,0.371257424,0.0589125901
0.0897219554,-0.0221747514,0.159000307,-0.0391013473
-0.0634970516,-0.0921406969,-0.099486202,-0.153780863
-0.175457612,-0.152545497,-0.283949167,-0.24197951
-0.209924847,-0.179552004,-0.339396954,-0.281566948
-0.170291185,-0.15631555,-0.283926755,-0.249591142
-0.095864512,-0.0843929499,-0.167467877,-0.140875638
-0.0404080674,0.0133448793,-0.0711126924,0.0180468448
-0.0438743941,0.101155326,-0.0703135654,0.165167198
-0.111706488,0.146667719,-0.174827695,0.240829036
-0.212213054,0.13663137,-0.329508573,0.224203706
-0.293273151,0.0836323798,-0.456381679,0.139733046
-0.309685051,0.019817546,-0.487094402,0.0398143269
-0.246956646,-0.0193947088,-0.402536273,-0.0224547274
-0.129128247,-0.0131802317,-0.221901551,-0.0178068206
-0.00647698017,0.0345826894,-0.0175600909,0.0579375252
0.0705457404,0.0980972052,0.116208039,0.160438254
0.0774870589,0.143482119,0.133313864,0.233080164
0.0282820761,0.145945936,0.0530466102,0.240426093
-0.0329567157,0.101078168,-0.047913041,0.171350718
-0.0567472763,0.0246568862,-0.0923530832,0.0476261489
-0.0166862775,-0.0579998493,-0.0310356673,-0.0912746713
0.073753193,-0.126288503,0.115206905,-0.206638068
0.165678576,-0.17362833,0.260714203,-0.281284213
0.199150756,-0.206613258,0.313671023,-0.330677301
0.13552095,-0.235183522,0.218060911,-0.380123347
-0.0189441759,-0.260649949,-0.0269303005,-0.421816349
-0.211020187,-0.269948363,-0.323335826,-0.417966872
-0.36232841,-0.240913436,-0.533025563,-0.34964025
-0.405128747,-0.156605437,-0.601332724,-0.226065442
-0.314805567,-0.0206855796,-0.502268136,-0.0300115682
-0.122905836,0.135868609,-0.214428574,0.224339619
0.0960887894,0.2625148,0.146789864,0.418134183
0.258191943,0.309534639,0.389843434,0.460467845
0.30751583,0.251918644,0.469804227,0.376917571
0.240012392,0.104690693,0.396085203,0.169975504
0.102282211,-0.0790681615,0.181572467,-0.128075302
-0.0332295261,-0.228127524,-0.0505932383,-0.368077725
-0.103795566,-0.282708257,-0.169463441,-0.444554627
-0.0849939808,-0.220423713,-0.147830531,-0.35906136
0.00129931001,-0.0665177107,-0.010110043,-0.119247019
0.102306411,0.116489746,0.162246168,0.185045809
0.164056793,0.25513497,0.261398226,0.395754218
0.159509405,0.295470387,0.256328434,0.455782771
0.100748934,0.224234402,0.172792703,0.36331293
0.0297948997,0.0719696209,0.0596926734,0.12770015
-0.00608254317,-0.102250353,-0.00756685156,-0.163219899
0.0191974863,-0.236742094,0.023681825,-0.377572685
0.0964247584,-0.291982234,0.140819952,-0.458677351
0.186369807,-0.263926864,0.280985951,-0.417035937
0.240969345,-0.181466743,0.372028589,-0.294721663
0.228696242,-0.0908050314,0.367890865,-0.155377865
0.150638759,-0.0347232744,0.253447056,-0.0640166625
0.0392692648,-0.0358346552,0.0711780861,-0.0627607927
-0.0586522147,-0.0900617242,-0.0937435627,-0.146308318
-0.105340607,-0.171531573,-0.17348662,-0.273650765
-0.0890466869,-0.245331928,-0.149389699,-0.387772799
-0.0266402364,-0.282043189,-0.0522596836,-0.445797682
0.0482568033,-0.268275142,0.0656409562,-0.429418445
0.103799812,-0.209909156,0.160503969,-0.343801796
0.12437138,-0.127967834,0.200016961,-0.217771575
0.113473304,-0.0496445708,0.188602373,-0.0891278684
0.0849197805,0.00175804435,0.143823653,-0.000285908609
0.0492049195,0.0144795142,0.0848525316,0.0235578939
0.00451105274,-0.00866709556,0.00951069035,-0.0129794274
-0.061449267,-0.0523542948,-0.0991541818,-0.0862609893
-0.159690782,-0.0947153643,-0.256819993,-0.153106749
-0.285928011,-0.114921041,-0.447193772,-0.179618001
-0.414034128,-0.0996869877,-0.608557999,-0.143019795
-0.502908468,-0.0465853065,-0.702439487,-0.0601388738
-0.514860749,0.0366606377,-0.713075042,0.0553776659
-0.436296463,0.136098057,-0.633852065,0.201993823
-0.289013505,0.236619383,-0.444195062,0.363137513
-0.124540582,0.325834125,-0.195500016,0.504399955
-0.00270139216,0.395271331,-0.000555978157,0.59378022
0.035700351,0.43911323,0.0608254969,0.639321506
-0.0116375023,0.452204138,-0.00472190091,0.652408063
-0.107185468,0.429566979,-0.141878545,0.627002895
-0.191684827,0.368669361,-0.273476809,0.551502287
-0.212972119,0.273663849,-0.322432131,0.430971831
-0.151175141,0.158936471,-0.244289547,0.267849296
-0.0276935082,0.0488008335,-0.0503362566,0.0921843722
0.106332459,-0.0283333827,0.17147395,-0.0439167991
0.195891291,-0.0500449501,0.315938652,-0.0861827359
0.208977968,-0.0100946175,0.339402527,-0.025425259
0.150995046,0.0764878094,0.251935422,0.115038976
0.0599802025,0.176968187,0.104611494,0.281652421
-0.0140280062,0.252769351,-0.0164573174,0.403940976
-0.0342671722,0.274990082,-0.0503618047,0.439659059
0.00580641767,0.236565694,0.0134170642,0.387106866
0.0818453133,0.155071586,0.134217128,0.260489911
0.153281823,0.0643657446,0.253456533,0.107217342
0.184606597,-0.00131064723,0.304562777,-0.00362324435
0.161832049,-0.0232550856,0.268955767,-0.0440441035
0.0962544009,-0.00646218471,0.164067045,-0.0179908685
0.0150685757,0.0240903534,0.0291470047,0.0354629755
-0.0545701422,0.0372660458,-0.0868212059,0.0623622276
-0.0986218676,0.012828351,-0.162868053,0.0244753286
-0.119599663,-0.0468647704,-0.198186398,-0.0716156065
-0.129806042,-0.116536893,-0.213733464,-0.187165916
-0.13979961,-0.159427971,-0.230087504,-0.255785882
-0.149853617,-0.145070091,-0.248107269,-0.237425461
-0.149699822,-0.0648996681,-0.253021538,-0.110517196
-0.126309812,0.0616891347,-0.213844106,0.098372601
-0.0743212253,0.193618044,-0.123988308,0.313603431
-0.00207788195,0.28375569,-0.00207756064,0.4504489
0.070958063,0.29691425,0.115439005,0.469460219
0.124216177,0.222695783,0.205263972,0.362107813
0.147494942,0.0785559863,0.247599304,0.134821162
0.14681828,-0.0970023125,0.246088415,-0.155144155
0.140796766,-0.257329792,0.221818864,-0.404135525
0.14928551,-0.361315131,0.21772629,-0.545006394
0.180857599,-0.383540928,0.257003635,-0.569444954
0.226535037,-0.31900689,0.330053121,-0.488408029
0.263710439,-0.18274653,0.403480887,-0.297433943
0.268266261,-0.00567558268,0.425445586,-0.0229487401
0.228036389,0.172157899,0.365402699,0.260710001
0.149859279,0.310220003,0.240258768,0.46925652
0.0561324805,0.37716192,0.0960547477,0.568154335
-0.0271047652,0.3596358,-0.0312686116,0.552445054
-0.0835532546,0.267290175,-0.123868167,0.429680556
-0.113617048,0.131030709,-0.179558232,0.225113675
-0.130884349,-0.00644275686,-0.215428486,-0.00234475383
-0.150382295,-0.105464213,-0.24770616,-0.167917266
-0.175958499,-0.14409788,-0.287506938,-0.231817365
-0.194927856,-0.126231879,-0.320176989,-0.203809291
-0.183990508,-0.0788530111,-0.304781646,-0.128048614
-0.123672791,-0.0391036719,-0.210403964,-0.0618834458
-0.0130912997,-0.0368219092,-0.0282883998,-0.05790627
0.124015734,-0.0808851421,0.19990848,-0.129598752
0.24659282,-0.1561317,0.386501044,-0.2457643
0.314111918,-0.232405975,0.469402075,-0.35216254
0.305972517,-0.280955017,0.45155704,-0.422191978
0.232089564,-0.289395779,0.352613956,-0.448100835
0.128682643,-0.267113566,0.202671438,-0.428039432
0.041118715,-0.238121673,0.0645729974,-0.38800475
0.00264702993,-0.225434154,0.00031261699,-0.365637153
0.0200803541,-0.236008704,0.0250328314,-0.379285783
0.0736387148,-0.255363792,0.111176349,-0.407335222
0.130386218,-0.255771101,0.199745223,-0.408506662
0.163298801,-0.214140356,0.254647374,-0.347284734
0.165138677,-0.129639477,0.263921827,-0.220851257
0.149568722,-0.0303063095,0.245285362,-0.0570285805
0.139445171,0.0367785767,0.230064318,0.0562637895
0.1496903,0.0283352677,0.248280093,0.0472966507
0.175298885,-0.0703801736,0.289172739,-0.110377923
0.192045107,-0.232284367,0.303756684,-0.360857278
0.170015499,-0.39509517,0.248560995,-0.580252469
0.092443414,-0.486593217,0.126314819,-0.687384903
-0.0311255939,-0.457473874,-0.0480818935,-0.664766431
-0.165494829,-0.306125104,-0.259404153,-0.480040461
-0.264879972,-0.0827993006,-0.425101489,-0.139101341
-0.294826895,0.129796892,-0.463380694,0.200768188
-0.249354348,0.25116995,-0.383137703,0.390690297
-0.15401037,0.237228066,-0.242946506,0.386945218
-0.0530291796,0.0984376892,-0.0857632682,0.177258864
0.0126713626,-0.105962105,0.0228096601,-0.163858071
0.0250282418,-0.294345051,0.0379049703,-0.459741026
-0.00424799649,-0.39704445,-0.00974014681,-0.596224248
-0.0425643511,-0.383096755,-0.0714867786,-0.582894146
-0.0557646155,-0.268350273,-0.0967794508,-0.433560044
-0.0270504355,-0.103261694,-0.0539141968,-0.178593144
0.0347113386,0.0519636236,0.0508555286,0.0828959197
0.101326346,0.15240027,0.164831549,0.247868806
0.142094061,0.182675183,0.23483175,0.294463992
0.141344652,0.156068221,0.237091765,0.25337103
0.106931448,0.101725549,0.183892906,0.167639703
0.0653446615,0.0482262485,0.113707572,0.080445677
0.0467224605,0.0118813841,0.0789135471,0.019487055
0.0684781671,-0.00587666314,0.111394204,-0.00944757834
0.126559377,-0.0131195476,0.206982419,-0.0230775326
0.198567003,-0.018985834,0.321491569,-0.0324986465
0.256057739,-0.0275364444,0.409366399,-0.0476137027
0.278409809,-0.0366832875,0.441897511,-0.0639464706
0.260432273,-0.0413913727,0.417885095,-0.072793819
0.210331336,-0.0380271934,0.343545586,-0.0680220127
0.140840799,-0.0268101338,0.234796822,-0.0500005968
0.0604134761,-0.0113233803,0.105739661,-0.0230018143
-0.0291590001,0.00368513283,-0.0453932397,0.00358222309
-0.127109692,0.0140442587,-0.206631139,0.0234258361
-0.224437818,0.0161959082,-0.360146493,0.0302360356
-0.298717409,0.00619793497,-0.469578087,0.016449092
-0.318917155,-0.0202990491,-0.49947679,-0.0238134377
-0.260101944,-0.0655211881,-0.419505149,-0.0949125439
-0.120971829,-0.125002757,-0.208759114,-0.196583137
0.0662624165,-0.183866546,0.0957622454,-0.294660956
0.241621181,-0.217669383,0.365803897,-0.341264993
0.338955522,-0.199797392,0.505170882,-0.309685707
0.314732611,-0.113692269,0.48804459,-0.189913079
-0.198578283,0.014184163,-0.28927055,0.000585546484
-0.0132940393,-0.149876386,-0.0505430289,-0.212660104
0.132895097,-0.283160865,0.201102898,-0.44102183
0.177477553,-0.369592279,0.260749102,-0.553998232
0.104449019,-0.408372432,0.153374359,-0.608389974
-0.0482113436,-0.406960845,-0.0724798366,-0.609779954
-0.205398753,-0.372775525,-0.306170434,-0.55099225
-0.288907319,-0.309014618,-0.432930142,-0.454734266
-0.253424644,-0.216948003,-0.404090434,-0.334327847
-0.108068198,-0.102646478,-0.193093657,-0.167116061
0.0866639987,0.0170498528,0.132218048,0.0271051601
0.245567501,0.114584051,0.389243037,0.177500919
0.297216654,0.159795314,0.466193676,0.241921321
0.216859847,0.133312106,0.358855695,0.210004359
0.0386693142,0.0386929251,0.0788961351,0.0656265318
-0.158416688,-0.093682304,-0.249490499,-0.14750433
-0.285024107,-0.214606136,-0.438246489,-0.32073307
-0.280460358,-0.2738792,-0.432551056,-0.404313296
-0.139173746,-0.24077709,-0.237183347,-0.378237844
0.0869428888,-0.117993064,0.124694481,-0.198352709
0.310812086,0.0576560199,0.474562943,0.0789281055
0.446420878,0.228671759,0.627473414,0.306924701
0.442730397,0.338958681,0.600713432,0.441239506
0.300887853,0.355114013,0.444817126,0.501807094
0.0688165575,0.277934819,0.127972722,0.437770218
-0.182168692,0.139730051,-0.276120096,0.232197151
-0.386519283,-0.0105279107,-0.575927556,-0.00381785864
-0.506045401,-0.126972094,-0.698941648,-0.1634029
-0.535912335,-0.182722703,-0.715816498,-0.232294202
-0.495556384,-0.175677896,-0.684849381,-0.232628405
-0.412212223,-0.123255029,-0.61101836,-0.175168499
-0.307003886,-0.0502853282,-0.488145232,-0.074984163
-0.190236658,0.0231531747,-0.317786813,0.0406122655
-0.0660332069,0.0882035494,-0.115433343,0.149276003
0.059239883,0.145995691,0.0947433263,0.240934819
0.171974853,0.201005608,0.274419427,0.317516863
0.253917992,0.253856689,0.391900539,0.383976251
0.290897012,0.298042685,0.436658651,0.435854167
0.281674981,0.32224369,0.421250135,0.468883485
0.240377232,0.316423893,0.368732512,0.469637901
0.189809382,0.27775529,0.302509338,0.427939206
0.148920596,0.212728068,0.245068073,0.340435922
0.121924222,0.134262338,0.205162227,0.22105132
0.0963085219,0.0556849279,0.164396316,0.0943048373
0.0519880205,-0.0147351148,0.0907267183,-0.0243670586
-0.0230748355,-0.0754430518,-0.0335929357,-0.124980941
-0.120133512,-0.128615662,-0.195172891,-0.210726023
-0.208498999,-0.174640715,-0.332600743,-0.273680657
-0.248545319,-0.207848892,-0.391183764,-0.319384485
-0.213115886,-0.216692597,-0.34296906,-0.336161077
-0.105783619,-0.188972145,-0.181865498,-0.304763198
0.0351295397,-0.11958348,0.0466816798,-0.199968174
0.150891438,-0.016418701,0.24267517,-0.0342768766
0.189178869,0.0993704572,0.307373196,0.15245913
0.129995674,0.19974111,0.219029665,0.314246207
-0.00324169034,0.26020965,0.0078676343,0.412988186
-0.154196113,0.26947251,-0.228257179,0.42405808
-0.261065423,0.233448014,-0.394011736,0.365471452
-0.286977887,0.171669975,-0.442233026,0.275273472
-0.237190261,0.1077943,-0.380873173,0.18054235
-0.153648123,0.0589473657,-0.256069601,0.103621602
-0.0896236897,0.0291813686,-0.150784537,0.0522685125
-0.0782166347,0.010116389,-0.128687769,0.017763475
-0.112286195,-0.0119078066,-0.183358729,-0.0186134875
-0.147508129,-0.0462029167,-0.244023919,-0.0728502646
-0.127647355,-0.0908692479,-0.213223606,-0.1426377
-0.0185915884,-0.132407665,-0.0414152145,-0.214336306
0.16780673,-0.152078807,0.25790453,-0.246007264
0.374174297,-0.135757789,0.550786495,-0.209662944
0.523554206,-0.0822338164,0.712047875,-0.123434305
0.557983041,-0.00570355402,0.745114386,-0.0213939901
0.469334185,0.0688842833,0.674240053,0.0860799775
0.305418879,0.11549674,0.484487385,0.169966772
0.147083536,0.117260881,0.250573575,0.187203825
0.0674893484,0.0727829486,0.11666996,0.12345469
0.0946073607,-0.00391946407,0.155703306,-0.000425254257
0.196763098,-0.089345701,0.314603776,-0.142756075
0.299254417,-0.159342572,0.458108634,-0.250259191
0.323800951,-0.197066754,0.489511997,-0.306604236
0.230481014,-0.197251007,0.365056157,-0.319565386
0.0403347835,-0.165909216,0.0739899427,-0.280819744
-0.173219875,-0.116507009,-0.276141882,-0.194435492
-0.319855154,-0.0646194369,-0.497887254,-0.0976720005
-0.336554021,-0.023018891,-0.527592659,-0.0292020235
-0.218165264,0.00159689062,-0.363132417,0.0107436683
-0.019219745,0.00979651976,-0.0427162126,0.0229290612
0.173151135,0.00852139946,0.277856231,0.0158800129
0.280803442,0.00827269163,0.445552826,0.00846572313
0.269619614,0.018801244,0.435047239,0.0215523634
0.161296606,0.044305291,0.27421087,0.065609321
0.0178021342,0.0798696205,0.0368003175,0.129196495
-0.0916545838,0.111174323,-0.146737456,0.184326813
-0.123345554,0.11876297,-0.203716129,0.199546024
-0.0754172951,0.0862864405,-0.128124714,0.149138629
0.0182040818,0.00981016736,0.0281575378,0.0237678513
0.110402875,-0.0962487459,0.180525482,-0.154213592
0.166141972,-0.20052439,0.264119595,-0.320056677
0.176894858,-0.264644891,0.273429811,-0.416105986
0.158257619,-0.258798391,0.245352849,-0.413039684
0.134734571,-0.176498637,0.213390246,-0.295281112
0.122362725,-0.0412595198,0.198519364,-0.0790028125
0.11976327,0.0993817449,0.196590364,0.155992746
0.1120198,0.191550583,0.185925096,0.307013303
0.0835760534,0.197651789,0.143359303,0.321721733
0.0310857408,0.113921516,0.0601238906,0.194329992
-0.0322450772,-0.0257249307,-0.0473496467,-0.0355658792
-0.0835226998,-0.162450746,-0.136567309,-0.259519577
-0.103766538,-0.23710449,-0.171615481,-0.378640592
-0.0896030888,-0.216002166,-0.153308257,-0.351625323
-0.0556708574,-0.106093869,-0.0995681509,-0.181848466
-0.0261266008,0.0477465242,-0.047435496,0.0736661702
-0.0203202553,0.182345629,-0.0304642878,0.294828117
-0.0412317477,0.243793637,-0.0593428873,0.392506778
-0.0735753253,0.210135356,-0.110827319,0.345300615
-0.0926876962,0.098726891,-0.146932051,0.173666328
-0.0789650753,-0.0447216369,-0.13082552,-0.0643547997
-0.0294890199,-0.169442296,-0.0522781126,-0.272781104
0.0396573432,-0.243323594,0.0574653633,-0.389825225
0.101298802,-0.265204608,0.152923003,-0.423610717
0.130367815,-0.260009319,0.201416895,-0.413922608
0.114827104,-0.259997249,0.178787872,-0.41431877
0.0587465242,-0.28270483,0.0928596333,-0.448797375
-0.022873899,-0.317929357,-0.0368621498,-0.497797877
-0.112987489,-0.331370831,-0.176848605,-0.510572195
-0.198907405,-0.283670306,-0.311947316,-0.438698053
-0.272635579,-0.155136347,-0.432454139,-0.246306002
-0.326441705,0.0371428765,-0.511404395,0.0541603826
-0.348857343,0.239837751,-0.514664114,0.354727805
-0.326235741,0.382972389,-0.452607274,0.539609492
-0.250933468,0.410264641,-0.351307869,0.590358675
-0.131586298,0.306005925,-0.200021923,0.486178905
0.00225732033,0.105273746,0.00458055967,0.19013989
0.107056312,-0.118195057,0.176659688,-0.185675666
0.143218175,-0.281673074,0.222498551,-0.442533642
0.0960261673,-0.327535301,0.14403756,-0.512482405
-0.0123056173,-0.246507823,-0.0218743887,-0.40708968
-0.128400758,-0.0798312649,-0.214441583,-0.141157195
-0.191374049,0.100173466,-0.31238097,0.159086302
-0.164072767,0.22189413,-0.263581634,0.356243759
-0.0557345264,0.244123146,-0.0907542109,0.399726778
0.0775004104,0.170815557,0.127144754,0.287118882
0.157203466,0.0454334989,0.264154643,0.0792300776
0.1219652,-0.0711711645,0.208468989,-0.118891008
-0.0380634479,-0.128368348,-0.0535705015,-0.217914119
-0.270114034,-0.106346242,-0.419469804,-0.173567846
-0.47905907,-0.0214098953,-0.679566979,-0.0295164809
-0.570951104,0.0847278535,-0.751030743,0.118814021
-0.499156952,0.165231183,-0.687271357,0.235487983
-0.289876074,0.188091546,-0.454335332,0.300337702
-0.0332466699,0.147221118,-0.0638296753,0.254867852
0.156865045,0.0612190813,0.256676942,0.107047535
0.195481375,-0.037725009,0.325820178,-0.0639263093
0.0660855174,-0.118374795,0.118889123,-0.200732857
-0.172061339,-0.161609203,-0.268777758,-0.264200121
-0.412165105,-0.164168,-0.597468972,-0.237516165
-0.549564421,-0.135116637,-0.732965887,-0.172529683
-0.528557301,-0.0884892941,-0.722695172,-0.110787645
-0.364328712,-0.0365703143,-0.565450907,-0.0471114218
-0.130985335,0.0131379627,-0.230220154,0.0290467069
0.0763596371,0.0568994321,0.119299963,0.0952950493
0.185443118,0.0916667134,0.303099155,0.143770143
0.175316498,0.112744443,0.292861283,0.176952779
0.0775304362,0.11407461,0.13687402,0.184897333
-0.0471879914,0.0911137015,-0.0704225972,0.151309684
-0.142069131,0.0445528999,-0.231183305,0.0774187595
-0.179348692,-0.0174613744,-0.29409048,-0.0215042662
-0.165805161,-0.0801965147,-0.274115115,-0.124976888
-0.129204601,-0.126301333,-0.216015071,-0.203490883
-0.0963870287,-0.141361818,-0.162618518,-0.230445728
-0.0769692659,-0.118829876,-0.131090373,-0.198380962
-0.061593689,-0.0624658577,-0.106754273,-0.106848449
-0.0338704214,0.0144548798,-0.0603790469,0.0211193562
0.0133181503,0.092676796,0.0196072794,0.154196694
0.0687080547,0.151924402,0.11305508,0.248239011
0.107219227,0.175809383,0.177202731,0.286236793
0.105611116,0.155565366,0.179227129,0.253647894
0.0592098832,0.0920336246,0.105089955,0.1553455
-0.0115459841,-0.00425411109,-0.0127771934,-0.00335516292
-0.0701906085,-0.11484094,-0.112820528,-0.184810102
-0.0849162191,-0.216797292,-0.142393693,-0.344418079
-0.0492770113,-0.287506938,-0.0860319287,-0.450921863
0.00971480645,-0.310064524,0.00598618062,-0.48590976
0.0423696674,-0.278119445,0.0606702566,-0.445151418
0.00184609205,-0.198738188,0.000363633822,-0.330557495
-0.128398508,-0.092036888,-0.20737642,-0.157965332
-0.320085496,0.0129356533,-0.492421776,0.0170312729
-0.507396042,0.0854518116,-0.697677016,0.124346629
-0.613941252,0.101710223,-0.769947708,0.13927564
-0.587057471,0.052249372,-0.759410262,0.081141822
-0.422944874,-0.0543517284,-0.626810312,-0.0653598458
-0.170354038,-0.193088293,-0.286107898,-0.292732835
0.089154616,-0.329445004,0.122699939,-0.500658572
0.275165588,-0.429765821,0.371918947,-0.601421773
0.340889752,-0.471824855,0.439959854,-0.62290746
0.289730936,-0.451941848,0.389954478,-0.620553553
0.169500172,-0.385886431,0.248223349,-0.57934612
0.0483676158,-0.302866757,0.0734060481,-0.48355189
-0.0154855987,-0.234464049,-0.0296350736,-0.381491899
0.0031752463,-0.202498317,-0.00151834544,-0.327527195
0.0901171491,-0.21055977,0.138044015,-0.338533163
0.20240806,-0.242818296,0.308511078,-0.379431248
0.289763272,-0.270970941,0.429188758,-0.410975814
0.316162914,-0.266805947,0.466341287,-0.405109525
0.272836506,-0.21527116,0.418731958,-0.340232641
0.178681001,-0.12237449,0.29068622,-0.209903464
0.0699162558,-0.0141579248,0.119326331,-0.034399081
-0.0153139792,0.073277697,-0.0245080665,0.117668033
-0.0508482531,0.108736478,-0.0834250599,0.183219224
-0.030215444,0.0795072466,-0.0503214225,0.138494745
0.033446867,-0.00244096504,0.0548156984,0.0034710702
0.113962136,-0.10452497,0.183954015,-0.168582216
0.182095766,-0.186227754,0.287613213,-0.299616933
0.215372682,-0.214901552,0.334849596,-0.343164355
0.204664454,-0.177861661,0.323738694,-0.292961061
0.155668035,-0.0857596695,0.25422439,-0.151465803
0.0850414559,0.0336672999,0.1438867,0.046213273
0.0127910757,0.147978365,0.0250726324,0.239503026
-0.0459841266,0.232499778,-0.0685673654,0.374838501
-0.0863941088,0.277332455,-0.130633116,0.43959552
-0.113574676,0.286510378,-0.171141133,0.452329665
-0.13699314,0.271048069,-0.210049838,0.430112213
-0.162158459,0.240530789,-0.251024425,0.384543628
-0.184480831,0.198140323,-0.288195133,0.320970267
-0.189457566,0.141575053,-0.302182853,0.235592917
-0.160257339,0.0686669871,-0.262355775,0.12166626
-0.0894817486,-0.0162966084,-0.15167211,-0.0190196764
0.0112789031,-0.0999156907,0.0121144131,-0.160276711
0.110448822,-0.162839696,0.174786136,-0.265380383
0.166637257,-0.187410459,0.263755709,-0.302670032
0.146697119,-0.165704474,0.237478554,-0.277208924
0.0434108861,-0.103505023,0.0764602497,-0.180374041
-0.116581805,-0.0179439019,-0.188307077,-0.038580332
-0.280134857,0.0699085668,-0.438558877,0.110318802
-0.388424367,0.143416747,-0.574810565,0.217876524
-0.402306288,0.195203289,-0.584069908,0.291486859
-0.320152074,0.226147845,-0.482172966,0.347723484
-0.179051682,0.239880547,-0.285927743,0.385592192
-0.0381211974,0.236889049,-0.0617045015,0.385599107
0.0484444499,0.212617353,0.0818911791,0.347494453
0.0556010455,0.161378041,0.0982558578,0.264576644
-0.00283814012,0.0839610398,0.00421871431,0.142322332
-0.0835799426,-0.00612468598,-0.133468732,-0.00707350625
-0.137219027,-0.0828515664,-0.226194069,-0.131635696
-0.133450598,-0.11614988,-0.224394217,-0.18757163
-0.0752423853,-0.0856205747,-0.134173006,-0.141555354
0.00496174023,0.00730989501,0.000329498114,0.00766947679
0.0644415617,0.135868564,0.105398878,0.219008833
0.0742363855,0.256378561,0.123347796,0.403411418
0.0351356789,0.325928926,0.0629913956,0.504400969
-0.0227590781,0.321322471,-0.0242716577,0.502493203
-0.0564777702,0.249944463,-0.0824654698,0.407029182
-0.0338220336,0.146658346,-0.0535917357,0.249963149
0.0481875949,0.0576351173,0.0781366453,0.101259254
0.159517571,0.0187213905,0.257979631,0.0296294
0.249772817,0.0389815494,0.398298383,0.0574605167
0.270850152,0.0976548046,0.431827724,0.144901797
0.198578283,0.156025797,0.326676399,0.240446955
0.0434780568,0.17805402,0.0828283876,0.287280113
-0.153408691,0.14906022,-0.235281512,0.243445396
-0.336547345,0.0827825144,-0.51069963,0.135145217
-0.455949813,0.0132307475,-0.655880094,0.0298170336
-0.482949108,-0.024204554,-0.684305429,-0.0241315495
-0.416794926,-0.0122419419,-0.621453524,-0.0115395645
-0.281872511,0.0386593528,-0.455329478,0.0671591088
-0.118742391,0.0957210809,-0.20547761,0.161714032
0.0270531923,0.121473767,0.0427907631,0.203592405
0.115785778,0.0942116678,0.19475165,0.158144787
0.1229093,0.0203675833,0.209764555,0.0348724872
0.0463321842,-0.0678110346,0.0836803839,-0.113172606
-0.0900899097,-0.128103971,-0.143299386,-0.211450845
-0.239557683,-0.129368261,-0.380584985,-0.208443582
-0.343824118,-0.0668291673,-0.531022906,-0.10137108
-0.351984084,0.0361655764,-0.544219375,0.0595145859
-0.240895271,0.140446678,-0.389470428,0.227058128
-0.0285210703,0.210509807,-0.0556036122,0.347669244
0.227570683,0.230762288,0.349623412,0.362215728
0.44874537,0.210213065,0.630169392,0.292741686
0.564999402,0.173805729,0.737576604,0.217241377
0.543474972,0.145895138,0.727162659,0.184709176
0.402468115,0.13546741,0.600528836,0.189364895
0.203433454,0.131431118,0.340735167,0.202185109
0.0237705316,0.110463798,0.0490391143,0.182438061
-0.0771695152,0.0527748279,-0.123416603,0.092740573
-0.0825995281,-0.0433171727,-0.138723791,-0.0644809753
-0.0214954093,-0.156470984,-0.0418349095,-0.250428677
0.0506462865,-0.250242174,0.074629657,-0.397698611
0.0830843896,-0.289965093,0.124661401,-0.458483666
0.0565429367,-0.259819627,0.0873560607,-0.422147125
-0.00863686483,-0.171165317,-0.0173322447,-0.288416922
-0.0667456165,-0.057849545,-0.11314971,-0.102286406
-0.0749443471,0.0389982127,-0.127843335,0.065286912
-0.0194277521,0.0888817534,-0.0363991633,0.151994854
0.0753302574,0.0837467536,0.123686142,0.14268142
0.159585282,0.0384911336,0.2629987,0.0645912513
0.186359927,-0.018911222,0.308378965,-0.0337412544
0.138678297,-0.0615838766,0.233402744,-0.106532164
0.0404042974,-0.0746046305,0.0713090822,-0.128473863
-0.0558452383,-0.0576356687,-0.0917354301,-0.0987268239
-0.0973478109,-0.0195491873,-0.165150136,-0.0328183956
-0.0606222004,0.0302319638,-0.106742263,0.0510491095
0.0350682959,0.0876324251,0.0532701015,0.145883918
0.137950942,0.153441831,0.222161964,0.246308267
0.192370549,0.227373347,0.307490975,0.351651877
0.170023769,0.301398873,0.270782501,0.457494438
0.0862930045,0.357832998,0.143234506,0.539692104
-0.00775161525,0.374816,6.06040849e-05,0.568556011
-0.0536460355,0.337134063,-0.0757350773,0.524757802
-0.0187023934,0.246540025,-0.0266228914,0.403868377
0.0842926875,0.125238106,0.138527036,0.215510383
0.201980427,0.00943670888,0.327399492,0.017262619
0.267650187,-0.0648522601,0.42686072,-0.10813266
0.236295879,-0.0772036687,0.382327378,-0.13218914
0.10876479,-0.0317885429,0.187048972,-0.061981719
-0.0677721053,0.0445566736,-0.105709888,0.066208683
-0.222968623,0.114312001,-0.351854861,0.184261993
-0.297451079,0.145450994,-0.459655493,0.232562974
-0.269918442,0.124100618,-0.42734623,0.205666199
-0.163638666,0.0581195615,-0.272754103,0.106247582
-0.030418627,-0.0291128997,-0.0579203516,-0.0402835459
0.0777549893,-0.110551365,0.125378773,-0.181124687
0.133323967,-0.166559532,0.214523748,-0.272663921
0.141281798,-0.190106571,0.22576721,-0.311105728
0.128330857,-0.184871316,0.2051339,-0.304053932
0.121584736,-0.159086883,0.194585323,-0.264564723
0.13069199,-0.11983797,0.210045055,-0.200801253
0.144114837,-0.0713306218,0.234977975,-0.121998198
0.14084214,-0.0173769388,0.231631547,-0.0341399908
0.108931832,0.0348175913,0.18266362,0.0531380326
0.0579916462,0.0734564885,0.100762509,0.117820553
0.0166023634,0.0856187791,0.0312766284,0.143125847
0.0153716952,0.064027302,0.0263915267,0.109567456
0.0658405647,0.012962997,0.108043134,0.0265067704
0.148905456,-0.0510493517,0.24159354,-0.0806197673
0.221416354,-0.105432615,0.352899641,-0.171793938
0.238879114,-0.132106259,0.378964365,-0.216271341
0.18202439,-0.126790211,0.296502233,-0.212852836
0.0715929121,-0.101510376,0.121897481,-0.174602404
-0.0385648496,-0.0781992301,-0.0621558912,-0.132527813
-0.0880049989,-0.0763359517,-0.148429304,-0.123772077
-0.0422753692,-0.101322226,-0.0765697062,-0.164793834
0.0862664282,-0.140399992,0.132335186,-0.22721982
0.24156639,-0.169041321,0.372162253,-0.268224031
0.350317091,-0.1648601,0.523468792,-0.255691081
0.358272851,-0.121503621,0.542318761,-0.194567814
0.257267833,-0.054433547,0.414759278,-0.100134596
0.0885409415,0.00541393971,0.156313241,0.0005876543
-0.0792783871,0.0274381451,-0.125741109,0.0436366871
-0.1854655,-0.00158632197,-0.302281797,0.00210752361
-0.206672683,-0.0687510148,-0.337904096,-0.10210266
-0.164995566,-0.140025884,-0.27244252,-0.219694018
-0.111133136,-0.177187368,-0.186657846,-0.285458386
-0.0929718316,-0.15808247,-0.156803161,-0.261473417
-0.12774393,-0.0893293843,-0.210818142,-0.149889275
-0.193390593,-0.00414402643,-0.314581245,-0.00989773497
-0.24344717,0.0542411469,-0.389742106,0.0890243948
-0.236184135,0.0552434959,-0.380622685,0.0956350267
-0.160649061,-0.00226343982,-0.268095434,0.00574762467
-0.0442493968,-0.0882021487,-0.0793946609,-0.139405668
0.0626145899,-0.155975431,0.0968969688,-0.254204631
0.115902677,-0.166163191,0.184931129,-0.27495116
0.104042821,-0.10680756,0.170469746,-0.18539232
0.0552761294,0.000544319395,0.0924570188,-0.00843356084
0.0214749277,0.112396091,0.0361092761,0.181284145
0.0473231748,0.18639569,0.0771137774,0.303758383
0.14245443,0.203616545,0.226749524,0.330355585
0.272841632,0.177982971,0.424379289,0.277367175
0.377057493,0.147637591,0.564706981,0.215813339
0.398965985,0.152814209,0.590723753,0.216058984
0.31892705,0.212207794,0.489040405,0.3072595
0.166110069,0.310851902,0.266994178,0.465274721
0.00480262563,0.406467438,0.0193841029,0.60019213
-0.0980641544,0.451300353,-0.131448001,0.650912881
-0.106595568,0.417949826,-0.150221527,0.619853973
-0.032641001,0.315238416,-0.0484915972,0.501541078
0.0731889009,0.185219422,0.120534733,0.310851872
0.150727034,0.0823655352,0.249033093,0.136356547
0.163225874,0.045573134,0.2709409,0.0695485398
0.115941606,0.0777045116,0.196673512,0.121138953
0.0505389795,0.1437103,0.0865561888,0.23020035
0.0191684384,0.188771024,0.0345380418,0.308697164
0.0532755814,0.167378411,0.0878957361,0.279667854
0.144778386,0.068378076,0.238173261,0.120398857
0.24992767,-0.077148445,0.397750407,-0.117598832
0.313255906,-0.20959115,0.473892301,-0.319838941
0.297867417,-0.269499093,0.443018168,-0.411910743
0.205134183,-0.226960421,0.321559757,-0.368818372
0.0732240453,-0.0970067233,0.122259505,-0.17417796
-0.044016581,0.0665714592,-0.0723480433,0.102142431
-0.10543602,0.195804209,-0.169021621,0.316124797
-0.102262847,0.239311934,-0.161559567,0.388253897
-0.0587115698,0.184357062,-0.0941244811,0.309420228
-0.0143494504,0.0600573346,-0.0224544238,0.109179169
0.000589804025,-0.0787432864,0.00310628978,-0.124989353
-0.017800305,-0.178030595,-0.0285912957,-0.290713519
-0.0474563949,-0.20818913,-0.0804747865,-0.341879606
-0.0571320839,-0.173606023,-0.0997682363,-0.287532181
-0.0288868211,-0.105083756,-0.0547474399,-0.178294122
0.0277717412,-0.0406520776,0.0409766138,-0.0696965382
0.0791068822,-0.00568527263,0.129894435,-0.010735238
0.0863646343,-0.00254995679,0.146123067,-0.0059727109
0.0299647842,-0.0140886586,0.0556678399,-0.0250304881
-0.0756186545,-0.0175319109,-0.122039884,-0.0323635899
-0.185558602,-0.000106200496,-0.299503684,0.000189087252
-0.245777115,0.0326596387,-0.395270884,0.0558411703
-0.220358983,0.060298156,-0.3597534,0.103493229
-0.110467158,0.0600530542,-0.189211041,0.106570438
0.0454817116,0.0213171635,0.069152914,0.041881822
0.190385118,-0.0464203283,0.308013976,-0.0722238049
0.275649428,-0.116613187,0.433370084,-0.185437381
0.282538712,-0.158072904,0.439234823,-0.251900285
0.226916686,-0.150112912,0.361913353,-0.247332156
0.146123528,-0.0924860239,0.239600003,-0.160562411
0.0765385479,-0.00517483288,0.127990469,-0.0169361439
0.0349840038,0.0814126804,0.0583154373,0.131597742
0.0141027868,0.140354037,0.025824789,0.231395096
-0.00682252971,0.158980638,-0.0063474942,0.262938023
-0.0433062464,0.14145042,-0.0654545873,0.235251114
-0.0914077088,0.102827907,-0.146766394,0.174257413
-0.126985475,0.0589650385,-0.208017737,0.100852087
-0.119365022,0.0183847919,-0.199820951,0.0360754803
-0.0515159443,-0.019334266,-0.0922401249,-0.0273779631
0.0653625503,-0.0583808981,0.102884367,-0.0931508988
0.192106351,-0.0986784026,0.307032615,-0.160550103
0.277714282,-0.130742446,0.432604194,-0.210080713
0.283407271,-0.137522355,0.442431062,-0.222647771
0.202095956,-0.103123114,0.330190539,-0.176310703
0.0630264059,-0.0239339173,0.109838232,-0.049822744
-0.0808106586,0.0843489468,-0.129512221,0.133867681
-0.175979793,0.188754365,-0.27895987,0.302475452
-0.19089815,0.250590175,-0.296718627,0.396410555
-0.126618862,0.241873965,-0.202213272,0.392814457
-0.0121771777,0.158965513,-0.0203984324,0.271857828
0.111351319,0.0264733192,0.183923393,0.0525519252
0.208839759,-0.111185625,0.335523367,-0.176264137
0.262289554,-0.207371414,0.403751493,-0.325603873
0.271427184,-0.232273772,0.413638175,-0.362677544
0.246348858,-0.184851006,0.382990479,-0.300248444
0.198720187,-0.0922420621,0.321728498,-0.159304976
0.137367055,0.00301538617,0.227420315,-0.00399036938
0.0697894469,0.0620387644,0.121239468,0.0985489637
0.00631120289,0.0662155896,0.014817127,0.110659942
-0.0384649523,0.0239635389,-0.0608405806,0.0440699235
-0.050134819,-0.0350764729,-0.0849572122,-0.0541985109
-0.0233313255,-0.075277634,-0.0425148085,-0.123667739
0.0308681037,-0.0723199248,0.0460463278,-0.121716313
0.0853153095,-0.0244640186,0.138036937,-0.0453524143
0.10735625,0.0472018793,0.177533954,0.0726551861
0.075641863,0.109255984,0.130413681,0.176686823
-0.00566650135,0.131898388,-0.00148205203,0.216550529
-0.104268856,0.102710895,-0.163980946,0.173522905
-0.172286242,0.0318343341,-0.278990835,0.0599312708
-0.169361264,-0.053599,-0.279484242,-0.0782503337
-0.0850580409,-0.122809894,-0.148501962,-0.196228147
0.0516280271,-0.155911937,0.0738194957,-0.25510022
0.18209891,-0.152631357,0.286535382,-0.249083757
0.244017065,-0.131091639,0.386718214,-0.215556726
0.201224878,-0.117375523,0.326850772,-0.197039738
0.0629086494,-0.131042257,0.111767903,-0.219745398
-0.118015267,-0.173773095,-0.186293513,-0.283009768
-0.267175972,-0.226895183,-0.411785215,-0.34400174
-0.321277589,-0.259341449,-0.483396858,-0.377782941
-0.25538826,-0.242590725,-0.402831972,-0.366707593
-0.0922507718,-0.165649712,-0.166367278,-0.269254446
0.110016555,-0.0428527966,0.166980296,-0.0763518661
0.284815311,0.0896312445,0.44291839,0.132861316
0.384881616,0.187568665,0.568832934,0.268599033
0.397934079,0.216890499,0.580951393,0.30713591
0.344257087,0.168334395,0.527276695,0.250716835
0.259978354,0.0618706867,0.422654539,0.0987835526
0.176681697,-0.0612343438,0.294291586,-0.100096755
0.108603381,-0.155341968,0.179696009,-0.25543505
0.0530883372,-0.188940987,0.0843813196,-0.311904073
0.00171945454,-0.15663293,-0.000329998031,-0.263589919
-0.0466033854,-0.0795064941,-0.0794372559,-0.137649551
-0.079949908,0.0059090266,-0.135769829,0.00771521125
-0.0792408511,0.0647961646,-0.132666528,0.108506866
-0.0323267579,0.0793935806,-0.0556324087,0.136794373
0.0527415127,0.0557109602,0.0851725265,0.0964945108
0.14448671,0.0189921819,0.237337276,0.0323632322
0.198661283,0.000572370249,0.323940814,-0.0022853401
0.178595945,0.0226085074,0.296803981,0.0290067978
0.0749536976,0.0878080204,0.130756319,0.13721852
-0.0860094279,0.178556412,-0.129597887,0.285094142
-0.251143128,0.265202254,-0.374066323,0.405675858
-0.362840503,0.319018722,-0.507818639,0.457706183
-0.384674162,0.323550612,-0.533095479,0.460254997
-0.317693144,0.279409349,-0.465594262,0.421495825
-0.199315086,0.201216355,-0.31732288,0.329730779
-0.0853998885,0.10933312,-0.143268019,0.190885544
-0.0244403537,0.0212281533,-0.0389599428,0.0403789319
-0.0365363695,-0.0532049015,-0.0557330362,-0.0885419697
-0.107076436,-0.110853627,-0.172663853,-0.182278216
-0.197355688,-0.150957376,-0.316670656,-0.24156633
-0.265776396,-0.170889154,-0.417335689,-0.263697028
-0.288241029,-0.165540889,-0.45184353,-0.251449883
-0.267356753,-0.13110581,-0.426700473,-0.203493848
-0.226429418,-0.0708770528,-0.369564116,-0.112438455
-0.192479879,0.00114379555,-0.317639649,0.00207641558
-0.178300485,0.0623096861,-0.292196661,0.1032269
-0.173887372,0.0895153359,-0.282983363,0.148970321
-0.152332708,0.0702311248,-0.250966519,0.122488402
-0.087241739,0.0107954293,-0.149316058,0.026729539
0.0278199222,-0.0630466416,0.0414214209,-0.0990821794
0.16896601,-0.114947714,0.268218994,-0.186391935
0.287573248,-0.113038674,0.445238203,-0.183120877
0.330582052,-0.0447177254,0.510170341,-0.0817475244
0.266422331,0.0758447424,0.427752137,0.105653338
0.103838407,0.211427003,0.179162353,0.328758806
-0.106520928,0.315505654,-0.151818067,0.484351724
-0.290103287,0.350126177,-0.407842994,0.510619283
-0.379042447,0.300059348,-0.529582918,0.435165793
-0.341874927,0.177243575,-0.514188468,0.280690879
0.134749547,-0.134749547,0.193043157,-0.185678735
0.122937128,-0.0667598918,0.212735683,-0.138822943
0.101649411,0.0122132972,0.169563264,0.0145574566
0.0608924069,0.07429827,0.104951672,0.118877992
-0.0125148622,0.102283098,-0.014836737,0.168976888
-0.120571963,0.0976562276,-0.191358939,0.162956521
-0.245255798,0.0784823969,-0.38562879,0.130238295
-0.352175832,0.0681218654,-0.535742164,0.109319389
-0.405863345,0.0809787288,-0.602285624,0.126606241
-0.388257772,0.113329977,-0.580217123,0.175450087
-0.309363127,0.144664064,-0.480139554,0.230174825
-0.203176573,0.149169058,-0.328455389,0.24591729
-0.110500842,0.111212187,-0.181941465,0.190252796
-0.0580950826,0.0361133814,-0.0953519642,0.0675482899
-0.0460507758,-0.0502220318,-0.0754955485,-0.0792286992
-0.0507030636,-0.113284245,-0.0854364708,-0.18665655
-0.0413776934,-0.127567321,-0.073070094,-0.212305307
-0.00109093788,-0.0904372931,-0.00797227677,-0.15382202
0.0611641146,-0.0245503616,0.0966111422,-0.0453494601
0.114119396,0.0329604298,0.187240288,0.0515826605
0.122130133,0.0492477752,0.206075266,0.0795624778
0.0669902042,0.0127931796,0.118737772,0.0220405124
-0.0391972326,-0.0602328777,-0.0593319945,-0.098419793
-0.158002436,-0.13377513,-0.253374249,-0.215834945
-0.243705854,-0.169975936,-0.385219485,-0.264873683
-0.266753435,-0.148305088,-0.425161123,-0.229798168
-0.228241727,-0.0759986565,-0.373925477,-0.122033902
-0.157101333,0.0153817888,-0.264705151,0.0258990694
-0.0916829631,0.0853164345,-0.154595733,0.144177839
-0.0566504225,0.103713989,-0.092542693,0.175116241
-0.0490092672,0.0646980777,-0.0781782791,0.112960592
-0.0418717824,-0.0115801264,-0.0679845214,-0.0140883299
-0.00405484764,-0.0891870931,-0.00968661904,-0.145373091
0.0761234835,-0.132883608,0.118673414,-0.216680005
0.17765893,-0.122506119,0.281254351,-0.202811003
0.25358659,-0.0588722043,0.401920944,-0.102164879
0.255575389,0.0401790515,0.409897119,0.0531452037
0.163523704,0.149893314,0.271731913,0.231344387
0.00326755201,0.248665258,0.0171716083,0.391693115
-0.159071505,0.323110253,-0.232688114,0.493997574
-0.245343089,0.367039472,-0.352268785,0.540011764
-0.202984512,0.377185017,-0.297463924,0.562911987
-0.0329021588,0.350197405,-0.0542029999,0.545769751
0.207265601,0.283962548,0.313955575,0.443463475
0.427128047,0.182740882,0.613681257,0.262715518
0.543494761,0.0623464063,0.7361269,0.079051353
0.516860783,-0.0492933914,0.71574676,-0.0758270994
0.366842389,-0.118645623,0.55838871,-0.188896865
0.159822151,-0.118500255,0.267609209,-0.203745887
-0.0239281207,-0.0400712043,-0.0368095674,-0.0781036019
-0.126559153,0.100902282,-0.210368127,0.15892145
-0.134642377,0.267775506,-0.214434937,0.419943482
-0.0775509924,0.415432006,-0.112351961,0.613172948
-0.00560441893,0.506257772,-0.00190059724,0.706401229
0.0386249758,0.522609591,0.0616671741,0.71828568
0.0402306281,0.470493108,0.0687743351,0.673208117
0.013761715,0.373506188,0.0318423174,0.570167363
-0.0116980765,0.260736376,-0.0110163474,0.422324479
-0.01365826,0.154845238,-0.0182242766,0.26051718
0.00943753961,0.0658416897,0.0157950893,0.114026658
0.0385783724,-0.0073875743,0.0638266727,-0.0106171286
0.0478893556,-0.0699149668,0.0796924084,-0.116977558
0.0223618317,-0.122830324,0.0367287695,-0.204697058
-0.0317346714,-0.159331188,-0.0521837659,-0.26393652
-0.0902674571,-0.167063549,-0.14931275,-0.27620545
-0.126339301,-0.135321066,-0.212795958,-0.221899286
-0.127667516,-0.0630274415,-0.216533676,-0.106497422
-0.105277345,0.0370082706,-0.179872483,0.0588372834
-0.0875992998,0.140183628,-0.143002391,0.230159491
-0.102780618,0.218032628,-0.160546273,0.350872278
-0.159309134,0.248708814,-0.243948564,0.39397049
-0.236606494,0.22557883,-0.359725356,0.356691152
-0.292047769,0.16032359,-0.44703272,0.25831607
-0.281735182,0.0792331621,-0.445205331,0.13425824
-0.184393764,0.0140401684,-0.307884961,0.0323172212
-0.0154684391,-0.00938454363,-0.0369406864,-0.0108781094
0.176726922,0.0195300132,0.280094534,0.0307140462
0.331628591,0.0917993858,0.508446217,0.132412687
0.403751642,0.181407526,0.591650784,0.252842277
0.383016378,0.253996521,0.558321655,0.356161296
0.297882915,0.279006124,0.452964008,0.407636523
0.199912965,0.241149247,0.322015226,0.375244856
0.137808293,0.146946043,0.232791632,0.243313089
0.134117186,0.0233948883,0.224027738,0.0423949808
0.176095396,-0.0914479941,0.285007536,-0.146433964
0.224719793,-0.162980855,0.35324648,-0.261676818
0.236596957,-0.174171567,0.370278537,-0.283701301
0.187256679,-0.133298591,0.30295679,-0.225283235
0.0841074437,-0.071444951,0.142438382,-0.126332864
-0.0370132625,-0.0300093442,-0.0575571097,-0.0523477606
-0.129365399,-0.042998258,-0.211669937,-0.0656532943
-0.157768354,-0.121611588,-0.259232968,-0.188788638
-0.11490231,-0.248108655,-0.189300194,-0.384923279
-0.0239064787,-0.382085294,-0.0466136634,-0.570359528
0.0733025372,-0.47672388,0.0930517316,-0.675594151
0.135792106,-0.497912884,0.17910929,-0.691654563
0.141876176,-0.437709361,0.196552083,-0.636328161
0.0976322889,-0.316256434,0.146095514,-0.499708384
0.0324351862,-0.171756059,0.0510691814,-0.291110784
-0.0156784318,-0.0437311791,-0.0277469791,-0.0785309374
-0.0177278705,0.042241361,-0.0310831498,0.0705697015
0.0332870856,0.0813516974,0.0525716878,0.136749759
0.119479939,0.0856264755,0.194217667,0.143891245
0.205830261,0.0725694671,0.333775431,0.116234086
0.254828244,0.0532985032,0.40913409,0.0816636384
0.241749093,0.0268273558,0.393196017,0.0383835956
0.16445525,-0.0167379156,0.277756274,-0.0315586664
0.0440887399,-0.0865646973,0.0793398544,-0.145863429
-0.0833368748,-0.181165427,-0.134275377,-0.294157982
-0.180982918,-0.284394592,-0.281344771,-0.435120463
-0.225332916,-0.370104849,-0.337773651,-0.537492096
-0.214878678,-0.41318056,-0.317441583,-0.586706758
-0.169824585,-0.400989175,-0.257850945,-0.584304214
-0.122739524,-0.339018762,-0.197965354,-0.520184577
-0.10374856,-0.24771522,-0.172960788,-0.397354841
-0.126325712,-0.152406216,-0.208097205,-0.251480043
-0.179905385,-0.0719158873,-0.293493956,-0.118670091
-0.233051792,-0.0119570261,-0.375999451,-0.0170612913
-0.246589482,0.0335618779,-0.397852898,0.0564181283
-0.191616967,0.0747881159,-0.316586107,0.12557584
-0.0647058934,0.116799317,-0.113663137,0.197451204
0.106787145,0.154703885,0.168827221,0.254025519
0.272485077,0.175834864,0.421603411,0.272517025
0.377402604,0.167577699,0.56424129,0.244981274
0.383698463,0.126020595,0.579322696,0.183514401
0.286618263,0.0601744279,0.461533844,0.0902316794
0.117665209,-0.0108386036,0.207138851,-0.0213032123
-0.0666100308,-0.066116862,-0.104163311,-0.111033395
-0.205670357,-0.0921970606,-0.331695825,-0.148250028
-0.257226467,-0.0881812051,-0.415229321,-0.136197537
-0.211668849,-0.0643289089,-0.351046652,-0.100758091
-0.0933158547,-0.0354649201,-0.164176524,-0.0542536713
0.0511704013,-0.0133043304,0.0780848861,-0.0202074684
0.171630129,-0.00193281716,0.278888881,-0.00408595707
0.232502103,0.00171254808,0.377065688,-0.000602430198
0.22331585,0.00378402579,0.365398407,-0.000209235222
0.158603892,0.00931618083,0.265599132,0.00975639187
0.0688469708,0.0208070651,0.119617067,0.0313824527
-0.0126983235,0.0399715714,-0.0199042298,0.0639536232
-0.0617102347,0.0702899694,-0.101414077,0.116898008
-0.0690955371,0.117040321,-0.115083776,0.193520218
-0.0407337137,0.183237225,-0.0663602576,0.297859371
0.00785122253,0.263294369,0.0141929118,0.418473721
0.058977481,0.338971406,0.0956217051,0.519786
0.099463664,0.382095009,0.155799538,0.572525144
0.124348402,0.365139842,0.196080074,0.550395608
0.136806682,0.275703788,0.222816542,0.436928093
0.144616142,0.127267331,0.242883176,0.21347037
0.154576644,-0.0409700014,0.257256687,-0.0620161965
0.167085379,-0.177470475,0.268386841,-0.284205258
0.173381239,-0.240097746,0.268346369,-0.382851988
0.157418489,-0.215915084,0.245991945,-0.351691812
0.102694355,-0.128442094,0.168451846,-0.219829142
0.00196539285,-0.0274040438,0.00635464163,-0.0530559532
-0.13436693,0.0350053236,-0.216408148,0.0565189868
-0.276034713,0.0297557693,-0.431840807,0.0530703142
-0.379878551,-0.0348589867,-0.571750581,-0.0413569286
-0.40510112,-0.118442208,-0.600155354,-0.163011
-0.331386417,-0.170871869,-0.51232028,-0.250028163
-0.171762839,-0.160159335,-0.290491819,-0.252622098
0.0269656107,-0.0906508416,0.0311624575,-0.151774675
0.198570445,-0.00119914126,0.316164404,-0.00635102252
0.282048821,0.0563307554,0.447025508,0.0818952248
0.246508002,0.0468676686,0.403586,0.0690793023
0.104964145,-0.0262226947,0.186626568,-0.045054432
-0.0900271535,-0.120274656,-0.138176978,-0.197124243
-0.267863959,-0.174798831,-0.41681087,-0.271591306
-0.369256407,-0.144468397,-0.559294283,-0.214299157
-0.370068222,-0.0258998442,-0.56876266,-0.0381603166
-0.288574308,0.136850312,-0.458017021,0.215346202
-0.172963619,0.272116035,-0.273701876,0.426710397
-0.0755842924,0.316192299,-0.114866577,0.496948689
-0.0269696619,0.246229902,-0.0363555066,0.403251022
-0.0226596519,0.0929587483,-0.0294954255,0.164696589
-0.0291397348,-0.073884964,-0.0452483185,-0.115086727
-0.00525856996,-0.180185005,-0.0141854212,-0.294761896
0.072565034,-0.184240431,0.107852116,-0.303518087
0.194930956,-0.0966860428,0.304767132,-0.164660841
0.322145432,0.0265388247,0.495255947,0.0322302058
0.403638273,0.114006363,0.599131584,0.160692275
0.403819174,0.11540404,0.602778912,0.163928866
0.320666701,0.0258285459,0.507540166,0.0375989862
0.18723686,-0.114201486,0.312734306,-0.185245067
0.0553651564,-0.241719127,0.0920638219,-0.387529761
-0.029778555,-0.303915769,-0.0520799831,-0.478567123
-0.050955534,-0.282679647,-0.0886577517,-0.449318767
-0.0250949599,-0.198813081,-0.0502702296,-0.329348385
0.00817334093,-0.0955264941,0.00858195219,-0.163596645
0.00898953713,-0.0122130718,0.0147409169,-0.0238801166
-0.0414896831,0.0358952135,-0.0655761808,0.0581352636
-0.132119596,0.061114911,-0.212228715,0.101415463
-0.229094222,0.0893383473,-0.363557041,0.143591031
-0.294721007,0.138695225,-0.457105219,0.218764693
-0.306956112,0.204863623,-0.467252374,0.316159517
-0.269260406,0.262456298,-0.408066779,0.4024252
-0.206258446,0.281601459,-0.315956563,0.438386351
-0.148743168,0.249094814,-0.231312856,0.40057835
-0.117184468,0.180263683,-0.185136944,0.29870224
-0.113042109,0.113028921,-0.183373153,0.190859422
-0.122038312,0.0865088776,-0.198966205,0.144666776
-0.126305312,0.116419323,-0.208339959,0.190326974
-0.117268436,0.18241553,-0.190330431,0.296038151
-0.101132728,0.236335218,-0.158974618,0.380524755
-0.0937477127,0.228318185,-0.145825684,0.37087214
-0.108387358,0.13685362,-0.170281455,0.232526571
-0.144504517,-0.0145552009,-0.234535441,-0.0140279457
-0.185072526,-0.164872423,-0.297545254,-0.256090939
-0.204951435,-0.244788349,-0.324939221,-0.379649043
-0.185876489,-0.21292007,-0.303722709,-0.339013219
-0.129250079,-0.0794481635,-0.223496512,-0.13724491
-0.0586373061,0.0962593481,-0.10339915,0.153923616
-0.0094497893,0.233752966,-0.012748152,0.375210494
-0.0106279114,0.271094173,-0.00782992505,0.434021413
-0.0680009574,0.195238262,-0.0988240242,0.32398814
-0.158566132,0.0472484976,-0.250669569,0.0876094401
-0.239320874,-0.100175954,-0.380199134,-0.150966868
-0.266576588,-0.180568174,-0.421226591,-0.275841355
-0.216130883,-0.166615635,-0.352743119,-0.26439175
-0.094310388,-0.0808940008,-0.167627752,-0.136322215
0.0651711226,0.0203756075,0.0983602703,0.0316867456
0.2161946,0.0804969743,0.345809072,0.128623039
0.318955272,0.0733761862,0.497099906,0.111314639
0.353250116,0.0152817937,0.547434032,0.0194326974
0.321068496,-0.0485363603,0.504666448,-0.0818413794
0.239559531,-0.0737329125,0.387462825,-0.1258903
0.130424917,-0.0453052707,0.219709545,-0.0833032802
0.0126062892,0.0123024639,0.0241046324,0.0141481953
-0.0983677655,0.0495475829,-0.160514459,0.0824619085
-0.186361596,0.0224146619,-0.300316781,0.0414966233
-0.231563479,-0.0785021335,-0.371373415,-0.114485875
-0.213481277,-0.217757463,-0.340167105,-0.330068797
-0.12067765,-0.330496967,-0.195909232,-0.5013448
0.0376548506,-0.355911046,0.0438876748,-0.544674397
0.2261893,-0.270634085,0.331370056,-0.423116118
0.390066892,-0.103630625,0.571816742,-0.168827787
0.47345981,0.0760055855,0.671684504,0.0934044048
0.442774862,0.192227229,0.633783042,0.26060921
0.303239405,0.198725164,0.475724131,0.295985281
0.0995877236,0.0999188274,0.179992273,0.166396186
-0.101099588,-0.0542610064,-0.15595971,-0.0847406313
-0.237307638,-0.196046203,-0.370731026,-0.30042699
-0.278756231,-0.27433309,-0.427989602,-0.406315416
-0.237432569,-0.277363122,-0.373059124,-0.419636667
-0.158646032,-0.232221186,-0.260376185,-0.366078377
-0.0967149585,-0.183085904,-0.164366707,-0.297277182
-0.0875660256,-0.161915407,-0.147182912,-0.264267862
-0.131886199,-0.168933704,-0.213824764,-0.272796124
-0.19682613,-0.174030483,-0.315697461,-0.277413696
-0.234635592,-0.137753546,-0.378442705,-0.217726976
-0.208101034,-0.0391216651,-0.346441031,-0.0643203184
-0.109651722,0.106494449,-0.190086663,0.173295602
0.0351268984,0.250507802,0.0510379933,0.401472688
0.180394396,0.334328741,0.274074674,0.505268455
0.281820267,0.320177823,0.420015395,0.471523166
0.3157368,0.212459654,0.484207779,0.321715534
0.286511064,0.0576091893,0.460939318,0.0920515433
0.219854519,-0.0780128986,0.360764086,-0.128616214
0.147246405,-0.140703037,0.24151057,-0.234259591
0.0906310827,-0.11539755,0.146265179,-0.197965652
0.0552042648,-0.0316250175,0.0883078799,-0.0588729382
0.0326539911,0.0532446206,0.0554189719,0.0852105916
0.0110905934,0.0842086524,0.0205976367,0.140347362
-0.0153715024,0.0363745876,-0.0213763993,0.065420635
-0.0432018526,-0.0737615153,-0.0696155503,-0.116955318
-0.0634407923,-0.198355421,-0.103646487,-0.316617727
-0.0693868995,-0.283240944,-0.115206823,-0.443777621
-0.0620940104,-0.294380009,-0.104917482,-0.464737177
-0.0495767556,-0.232453257,-0.0880886912,-0.377661556
-0.0401287377,-0.129422069,-0.0722962096,-0.218552783
-0.0344292074,-0.0305852629,-0.0609685779,-0.0539213344
-0.0223620422,0.0273851752,-0.0381615907,0.0458381996
0.0122118462,0.0311227422,0.019108519,0.0559074841
0.0805491582,-0.008211351,0.133525461,-0.00884251762
0.178152412,-0.0656061172,0.285409957,-0.105357774
0.280952781,-0.117328905,0.437519759,-0.187459841
0.352171451,-0.151940763,0.528414965,-0.234690681
0.357607275,-0.172288999,0.535728574,-0.265671402
0.282067388,-0.189325273,0.438713163,-0.29925856
0.138433039,-0.212942734,0.226405069,-0.345631719
-0.0357116237,-0.24569039,-0.0538505241,-0.397654355
-0.192643106,-0.282367498,-0.297523946,-0.434500426
-0.293258905,-0.314350098,-0.435343653,-0.456638187
-0.321004689,-0.334785044,-0.468733937,-0.473464191
-0.284705311,-0.341012746,-0.421974093,-0.489028007
-0.210008472,-0.333217323,-0.326094359,-0.496003717
-0.124981046,-0.311299264,-0.203077704,-0.479680687
-0.0479042828,-0.273197532,-0.0844081417,-0.434414089
0.0167319644,-0.21657218,0.019527223,-0.354211181
0.0732548311,-0.142921999,0.114679784,-0.239061669
0.125333875,-0.0609412268,0.202364013,-0.106614143
0.168752939,0.0140759246,0.274770647,0.0184315387
0.191261023,0.0655450523,0.311443627,0.10183607
0.179550484,0.0830804855,0.297215968,0.132478207
0.128737986,0.067719318,0.221105337,0.109897904
0.0480208807,0.0313664749,0.0855279937,0.0521513559
-0.0415261723,-0.0096648261,-0.0645128116,-0.0162989609
-0.116173305,-0.0433646068,-0.191411585,-0.0696558952
-0.160476997,-0.0676538497,-0.263308316,-0.107951537
-0.173387364,-0.0892865062,-0.286254823,-0.14056313
-0.165790647,-0.116606534,-0.273510814,-0.186215207
-0.151043981,-0.150914028,-0.24934417,-0.241710007
-0.134620294,-0.182562292,-0.221473217,-0.292502254
-0.10992606,-0.195310324,-0.183931693,-0.313583016
-0.0638583228,-0.177206889,-0.11126361,-0.289803684
0.0104272906,-0.131535038,0.00981944334,-0.218992352
0.101216204,-0.0802347288,0.161340982,-0.134640455
0.175046608,-0.0558799766,0.282249331,-0.0937570632
0.187054768,-0.0849540606,0.308089405,-0.138746262
0.101827271,-0.171027362,0.172488645,-0.280370146
-0.0849487707,-0.28779915,-0.127107233,-0.452657104
-0.335781693,-0.387508601,-0.461680859,-0.536052167
-0.57916528,-0.422022492,-0.66016686,-0.474859715
-0.734709024,-0.366444379,-0.72694391,-0.353813827
-0.745524526,-0.232773229,-0.775744498,-0.235997468
-0.603279471,-0.065696083,-0.773755491,-0.0793700665
-0.353828669,0.0781061724,-0.554576099,0.125879347
-0.0799116194,0.1567249,-0.143257052,0.264218301
0.131983668,0.161799133,0.213002086,0.267249852
0.226016253,0.119283415,0.366776437,0.190218657
0.197421476,0.0719567463,0.329041094,0.112637289
0.0902674571,0.0535902455,0.158108994,0.0832283869
-0.0256390963,0.0695156902,-0.0372323543,0.111965656
-0.0874149054,0.0949018374,-0.142865494,0.157410458
-0.0661233142,0.0920436904,-0.112100273,0.157817438
0.0237369481,0.0368974097,0.036215581,0.0694953725
0.135451421,-0.0607538298,0.220284462,-0.0946042091
0.21540162,-0.156202838,0.340988845,-0.249332353
0.229667068,-0.19013615,0.360863656,-0.306819707
0.179281563,-0.12050838,0.290130466,-0.206966311
0.0976199657,0.0511147752,0.161470011,0.0707314089
0.0322444774,0.273835033,0.054148566,0.424805909
0.0207983088,0.466965616,0.0344671346,0.666391671
0.0728511587,0.556084991,0.102771424,0.742695808
0.166145131,0.50774914,0.232019573,0.694137096
0.258397639,0.345253855,0.385063767,0.512713194
0.308330745,0.137415856,0.48319298,0.216556117
0.295458853,-0.033824224,0.470643997,-0.0547764562
0.229179218,-0.110476561,0.369758755,-0.183557078
0.143174201,-0.0818590298,0.236198053,-0.14411819
0.0783016607,0.016404314,0.130107775,0.0187808834
0.0625786558,0.125358105,0.102441311,0.20077011
0.0980397165,0.194114298,0.15949443,0.314285666
0.160722166,0.20274888,0.2591618,0.32604295
0.213555291,0.165669069,0.344298303,0.263740242
0.225627422,0.115939349,0.36543259,0.182893455
0.188187778,0.0815548971,0.312090129,0.128788322
0.11931397,0.0683191493,0.200944915,0.108799502
0.0547291972,0.0590576977,0.0953402221,0.0970838591
0.0291537382,0.028567059,0.05083891,0.0507152639
0.057483945,-0.0358664542,0.0942479372,-0.0544212088
0.125524461,-0.121762626,0.202308506,-0.197612181
0.195565164,-0.195054188,0.306801021,-0.311055452
0.22477369,-0.21849902,0.348642766,-0.347441524
0.187681019,-0.174233496,0.299586147,-0.288718313
0.0913724676,-0.0769142583,0.152492389,-0.137252375
-0.0250438564,0.030978933,-0.0381076671,0.0454108231
-0.107661493,0.0999076366,-0.173942789,0.165242374
-0.114181131,0.0989656225,-0.187582731,0.169965133
-0.0367143527,0.0322621837,-0.0630624369,0.0632298291
0.0909474269,-0.0632198453,0.145331293,-0.0970929638
0.206554607,-0.137216568,0.327435017,-0.220649019
0.248069972,-0.152445167,0.389514953,-0.247875795
0.184591994,-0.103152245,0.303110629,-0.1789442
0.0342762507,-0.016071979,0.0637634844,-0.0372668132
-0.140526295,0.066102162,-0.224087968,0.104377389
-0.259991586,0.108905561,-0.409139961,0.176779464
-0.263634533,0.10417372,-0.41897139,0.174650192
-0.139883339,0.0721776113,-0.239490062,0.128572717
0.0661468133,0.0474352948,0.0999422073,0.0846740529
0.271189123,0.0571750477,0.424040169,0.0884139314
0.39057821,0.105312102,0.584458828,0.147524506
0.376167953,0.171076983,0.565745592,0.241486266
0.237565771,0.222442776,0.381187141,0.335159183
0.036732778,0.235650316,0.0747107118,0.37425071
-0.141230002,0.208690479,-0.21430409,0.337535024
-0.226942867,0.160582826,-0.357729614,0.263330787
-0.196768612,0.117250495,-0.320447594,0.19827418
-0.0802643001,0.0932809934,-0.140417293,0.160682142
0.0573492683,0.0816525742,0.0900015831,0.137668625
0.148016125,0.0587418415,0.244604528,0.0968964994
0.152444437,0.00231029955,0.25665012,0.00175393152
0.0755620822,-0.0885423049,0.131860614,-0.146222115
-0.0402156822,-0.184823006,-0.061484471,-0.302220255
-0.138667062,-0.23799482,-0.221310958,-0.377256721
-0.177302033,-0.205670357,-0.288198441,-0.327788293
-0.145012528,-0.0791286156,-0.248483583,-0.134197131
-0.0624432974,0.103674643,-0.113293558,0.168037117
0.0327835567,0.269359112,0.0508928448,0.426106513
0.106409259,0.341529399,0.16845125,0.524704874
0.142249689,0.278992474,0.230124846,0.441641867
0.144627273,0.0997810662,0.2453679,0.171812207
0.129506066,-0.122982241,0.215672284,-0.194484517
0.111488305,-0.293308407,0.172634378,-0.458351642
0.0951778963,-0.337767601,0.138914153,-0.524266958
0.0755881146,-0.24159117,0.11363633,-0.39704138
0.0459705554,-0.0568222664,0.0719952583,-0.106440932
0.00668088812,0.122368313,0.0122457249,0.194060862
-0.0316554494,0.205462083,-0.0447931029,0.336938649
-0.0533132814,0.149852291,-0.0825364515,0.254316241
-0.0477842577,-0.0184564404,-0.0749579072,-0.0173272565
-0.0182785112,-0.217948005,-0.031233469,-0.34339872
0.0177961066,-0.351776809,0.0195920169,-0.538047969
0.0376756117,-0.354898691,0.0490225554,-0.549481094
0.026651714,-0.224920914,0.0352643505,-0.373390019
-0.0120585719,-0.0220346861,-0.0226000883,-0.0501444787
-0.0575008541,0.160962433,-0.093375802,0.258684069
-0.0819352791,0.242947698,-0.125393689,0.393229932
-0.0666463748,0.191181213,-0.103256695,0.319784313
-0.0133549171,0.0333848335,-0.0201606471,0.0686819032
0.0558701903,-0.158931062,0.0891266987,-0.251836926
0.11068093,-0.30589053,0.167636126,-0.475135773
0.129723817,-0.355210841,0.188900158,-0.543330371
0.112855658,-0.301835328,0.170651317,-0.478404015
0.0806521475,-0.183850124,0.127678961,-0.308294415
0.0609983131,-0.0594466627,0.0974095985,-0.107183002
0.0705346242,0.0217986815,0.115221113,0.0326455273
0.102412686,0.039076671,0.170172691,0.0677672774
0.128678009,0.00387409655,0.215544924,0.00711187674
0.11711143,-0.0518128164,0.195521578,-0.0862715468
0.0533204637,-0.0939530209,0.0922902822,-0.15976654
-0.045283176,-0.101271793,-0.0730581507,-0.171130106
-0.133383617,-0.0699629411,-0.219864562,-0.11663796
-0.159506112,-0.00865965802,-0.266325444,-0.0139980474
-0.0949232206,0.0706305653,-0.165110484,0.118535176
0.0462669656,0.158787519,0.0690099597,0.260768205
0.208346352,0.249422774,0.322344214,0.384750545
0.317961782,0.333839715,0.462136358,0.473687917
0.319767237,0.396333963,0.453139424,0.540767074
0.205373704,0.415030956,0.307771116,0.588616729
0.0197818819,0.36982134,0.0476496257,0.560471296
-0.159165829,0.254020393,-0.235389411,0.405788809
-0.25849086,0.0832064375,-0.404260904,0.146389499
-0.24566564,-0.104722477,-0.394115508,-0.151285246
-0.143524736,-0.260090351,-0.237501457,-0.400191039
-0.0166889485,-0.338935643,-0.0386644341,-0.521509588
0.0632136986,-0.319985956,0.089637816,-0.503236771
0.0549728237,-0.213512734,0.0835130736,-0.355235994
-0.0319610909,-0.0580594353,-0.0521561876,-0.107634649
-0.144787893,0.0935309157,-0.23267366,0.148443133
-0.217592046,0.192814767,-0.341351897,0.305782378
-0.207563415,0.211633548,-0.325958371,0.342681289
-0.117401689,0.149508744,-0.193444863,0.254438609
0.00784579664,0.0309132021,0.0101953465,0.061846707
0.10689202,-0.105112672,0.174643636,-0.168776974
0.136041105,-0.218184352,0.217364952,-0.35085097
0.0917021036,-0.277882814,0.144569144,-0.443243653
0.00950924121,-0.270251185,0.0130814286,-0.435765594
-0.0584093668,-0.198918566,-0.100386664,-0.329188287
-0.0740672201,-0.0819585696,-0.1307455,-0.140983075
-0.0341156423,0.0538388975,-0.0619334802,0.0859429613
0.03137343,0.179795012,0.0493462496,0.292422712
0.080255881,0.272087961,0.131516799,0.429195613
0.0861385614,0.317256004,0.142835885,0.491398424
0.0551794171,0.315150201,0.0939852223,0.490848482
0.0211049095,0.278199732,0.0399937257,0.441889584
0.0211104229,0.226727158,0.0378272533,0.370017201
0.0674791709,0.181514427,0.111499645,0.29907012
0.133275479,0.156208768,0.216984242,0.25453192
0.162869424,0.152617007,0.267441422,0.242601916
0.103391372,0.160985112,0.176805168,0.256919891
-0.0600806661,0.165259391,-0.0857249796,0.266914368
-0.286726028,0.151039615,-0.43374601,0.237552986
-0.492372334,0.112625457,-0.679606259,0.167259291
-0.58838892,0.0559465401,-0.761911273,0.0850343332
-0.527821898,-0.00389350904,-0.724422991,0.00813945197
-0.333814859,-0.0491987877,-0.525310278,-0.0643392354
-0.0933440626,-0.0672683492,-0.169257089,-0.10480839
0.0827927738,-0.0555678606,0.130268961,-0.0944350138
0.114438012,-0.0223833062,0.193757445,-0.043959409
-0.00700955372,0.0169614851,-0.00092962588,0.0218590628
-0.213132873,0.0463150218,-0.333956301,0.0727554634
-0.392345637,0.0545366742,-0.582974315,0.0880577564
-0.446310848,0.0387213789,-0.649021566,0.0667146072
-0.34005031,0.0039983592,-0.531968951,0.01775603
-0.119814359,-0.0394171998,-0.211319014,-0.0545097105
0.110589139,-0.080359742,0.172481701,-0.128688782
0.242740631,-0.110420413,0.384881705,-0.181013137
0.218459859,-0.126140699,0.355632454,-0.209091663
0.0584892221,-0.129298016,0.107364543,-0.221420422
-0.149136558,-0.125431538,-0.237489462,-0.208150432
-0.294157803,-0.121108465,-0.459272176,-0.185412079
-0.298768491,-0.120711654,-0.473406255,-0.179356933
-0.153988659,-0.123800963,-0.264209211,-0.193458274
0.0796669647,-0.124216646,0.116839387,-0.20029296
0.305525571,-0.111773767,0.466064066,-0.177895829
0.439100891,-0.0764866024,0.637702644,-0.121474333
0.44597286,-0.0139818173,0.651251972,-0.0338022709
0.350955814,0.0702726692,0.54310894,0.0954995304
0.216664344,0.16035983,0.353576869,0.245146498
0.105821505,0.234105781,0.176380724,0.367935658
0.0490530469,0.271036267,0.0841173902,0.430259794
0.0350102559,0.260926813,0.061080806,0.418902248
0.025900906,0.208938509,0.0485850386,0.342110157
-0.0129945893,0.134486198,-0.0136267524,0.225475073
-0.0883797333,0.0637990758,-0.139390215,0.109807655
-0.173306927,0.0192829929,-0.280875832,0.0342131853
-0.22352995,0.0106018931,-0.361493915,0.020510368
-0.205465198,0.0317610987,-0.338759184,0.0548895411
-0.11880932,0.0655533969,-0.203484327,0.111739352
-0.000280698878,0.0929680765,-0.00659988122,0.158247501
0.0939328298,0.102574676,0.154671431,0.169583425
0.117210552,0.094952397,0.198254749,0.154157013
0.0568521954,0.0800052732,0.102332525,0.130868942
-0.0594990663,0.06901595,-0.0915271416,0.11410325
-0.178377867,0.0663107336,-0.284982383,0.109469168
-0.247453347,0.0656758919,-0.395289272,0.109481759
-0.24011144,0.053931471,-0.388664931,0.0940146744
-0.165054694,0.0198140629,-0.275370836,0.0414511226
-0.0573405214,-0.037030071,-0.101885006,-0.0547731034
0.0423343182,-0.102574654,0.0675183684,-0.166760415
0.107508481,-0.153214261,0.173009694,-0.252139091
0.13421756,-0.166891977,0.215688705,-0.276251405
-0.014184163,-0.0496445708,-0.0171199087,-0.0976188928
-0.137589425,-0.0688771829,-0.221871197,-0.106782883
-0.193543226,-0.0214392431,-0.320797741,-0.0353427939
-0.167881325,0.0616168603,-0.280222923,0.103093311
-0.0836568996,0.130601838,-0.142184436,0.217836142
0.00872960314,0.1424371,0.0137071274,0.239716485
0.0561150759,0.0825996026,0.0983824879,0.141714364
0.0299273841,-0.0275403839,0.0568894148,-0.0421241038
-0.0579217896,-0.141773462,-0.090123035,-0.231576517
-0.159573153,-0.212678,-0.254072845,-0.338685304
-0.214764819,-0.215355307,-0.343842953,-0.337165982
-0.181825534,-0.158704922,-0.302997261,-0.254378259
-0.0601686873,-0.0782878995,-0.112356387,-0.129041791
0.107691437,-0.01475312,0.170178503,-0.0247192942
0.256109446,0.0102297915,0.405628532,0.0151919043
0.328251749,0.00693768589,0.511010408,0.00549914874
0.303598404,0.0116261188,0.481947869,0.0108537907
0.206836879,0.0640847087,0.341889143,0.094481498
0.093773596,0.180582136,0.158154145,0.282237709
0.0220133476,0.337439507,0.0382571593,0.515042961
0.0220813788,0.475693494,0.0360535756,0.675628901
0.0841091424,0.526550829,0.119688541,0.720140338
0.166511834,0.446048081,0.244040638,0.639532149
0.221049532,0.241488948,0.350432575,0.384309977
0.219908267,-0.0248098541,0.365218699,-0.0313422941
0.169751272,-0.25828889,0.269969851,-0.404027402
0.105368569,-0.372092724,0.154832751,-0.564712703
0.0672307611,-0.32581073,0.0963734612,-0.513358295
0.0763423666,-0.144447818,0.115814663,-0.250928491
0.121176079,0.0919150934,0.193334654,0.140504286
0.164386049,0.283394158,0.258177519,0.434007615
0.165479541,0.354168713,0.259208381,0.531138599
0.106241666,0.284522474,0.179585978,0.449685305
0.00385953742,0.116465218,0.0192213822,0.200738356
-0.0964682177,-0.0688537359,-0.153155535,-0.10594248
-0.145913824,-0.190313637,-0.239573896,-0.30244568
-0.119885564,-0.203497976,-0.204667732,-0.328348875
-0.0333888754,-0.117822543,-0.0676207691,-0.198645458
0.0654800385,0.0127482992,0.100934438,0.01624378
0.121099003,0.119206049,0.197745755,0.190491721
0.101184741,0.15166159,0.174827561,0.245671585
0.015705904,0.101371862,0.0358462259,0.17096138
-0.0872783214,0.000924535329,-0.138852477,0.00681032101
-0.147413507,-0.0957004875,-0.2420232,-0.151245758
-0.125901431,-0.141683981,-0.212693438,-0.228706837
-0.0288882218,-0.119678371,-0.0588235632,-0.197580919
0.0929666236,-0.0473764986,0.145437926,-0.0826242641
0.169447422,0.0348476022,0.275292486,0.0512315631
0.147628441,0.0862482637,0.249268144,0.136382461
0.0212034434,0.0856701359,0.0473686159,0.141928375
-0.163521364,0.0392494649,-0.256546438,0.0672049597
-0.32866323,-0.0267339088,-0.504729569,-0.0340858437
-0.402302116,-0.0824129283,-0.601184785,-0.112600364
-0.353292763,-0.110425279,-0.545046389,-0.158894762
-0.205573216,-0.112912662,-0.342795402,-0.174043208
-0.0249907076,-0.10660354,-0.0515890978,-0.173929453
0.114003725,-0.110016234,0.181958854,-0.181652293
0.164217368,-0.130897641,0.26739341,-0.215846583
0.125790179,-0.161250591,0.206654891,-0.267052531
0.0410328992,-0.182446182,0.0688134581,-0.30175212
-0.0318174735,-0.17694065,-0.0544572696,-0.293118566
-0.0508338064,-0.139450356,-0.0895550624,-0.233764574
-0.011045184,-0.0810318291,-0.0251528844,-0.136655807
0.0570311062,-0.0238229763,0.0904965103,-0.0411361754
0.108962461,0.0103861131,0.179166183,0.0151100885
0.11500147,0.0111833243,0.193465024,0.0155557571
0.0790370777,-0.0159512311,0.13527824,-0.0276619047
0.0369190462,-0.0538703427,0.0648503527,-0.0907023847
0.0349197499,-0.0839534774,0.0552774407,-0.13969788
0.100383602,-0.0962687805,0.160014182,-0.160294577
0.221266851,-0.0939909592,0.348057359,-0.153235748
0.346761405,-0.0898642689,0.52544117,-0.142437339
0.409955055,-0.0971103385,0.604518175,-0.150737718
0.361536235,-0.120255753,0.549871087,-0.188718885
0.197271436,-0.151224241,0.324483871,-0.2496434
-0.0352961682,-0.172906935,-0.0483714156,-0.288163096
-0.255171031,-0.168169767,-0.396542937,-0.264818817
-0.382941961,-0.129298151,-0.575507939,-0.189882696
-0.375843495,-0.0627925768,-0.575352728,-0.0896024778
-0.246139318,0.0128960647,-0.405622393,0.0271572266
-0.0543321446,0.0752957687,-0.100354642,0.129907057
0.119119972,0.107322089,0.193292588,0.178991258
0.209846288,0.103628203,0.341235459,0.165249258
0.196504772,0.0713927299,0.32770437,0.113023177
0.10677132,0.0260924287,0.186613306,0.0410898179
0.000861155277,-0.014917084,0.00734572764,-0.0260024201
-0.0584884919,-0.0378208272,-0.0980347991,-0.062389385
-0.0350346938,-0.0349899828,-0.0635014772,-0.0582587905
0.0659792423,-0.005106478,0.102181509,-0.00836873241
0.202490807,0.0477346629,0.321489334,0.0736531243
0.316239446,0.11467734,0.489115387,0.169840023
0.358835012,0.182537407,0.540202081,0.264936924
0.311382473,0.235221669,0.476114988,0.344946384
0.189873323,0.257308871,0.306707978,0.394981921
0.0356707759,0.239530042,0.0707611963,0.385408729
-0.10304036,0.183938831,-0.158626705,0.302851677
-0.189878151,0.105563298,-0.303218573,0.17907019
-0.211303577,0.0283172373,-0.344098389,0.0541513264
-0.176904246,-0.0242498294,-0.294337451,-0.0344454199
-0.110921234,-0.0396107659,-0.1901685,-0.062720634
-0.0404140912,-0.0229699612,-0.0724952221,-0.0380742252
0.0141964499,0.00409587659,0.0217407625,0.0057965694
0.0428370014,0.0133951996,0.0723459497,0.0222703498
0.0438823812,-0.0158769973,0.0760935396,-0.0246599801
0.0195569322,-0.0857454017,0.0352287963,-0.140151903
-0.0276994258,-0.176728457,-0.0443346351,-0.286353469
-0.0955995992,-0.255700916,-0.153558254,-0.404773295
-0.179323331,-0.290821075,-0.27912119,-0.449463218
-0.268178821,-0.266160876,-0.408754021,-0.40420562
-0.344682813,-0.188622907,-0.523021281,-0.282874525
-0.387927383,-0.0836408287,-0.5858441,-0.123600222
-0.380672336,0.0179734603,-0.579985678,0.0314186998
-0.317236811,0.095001705,-0.497119635,0.152920246
-0.208258048,0.144680232,-0.337859154,0.237158433
-0.0793759748,0.180935368,-0.132925734,0.29879126
0.0364687368,0.223363549,0.0587229431,0.361963779
0.110383816,0.283437729,0.177571774,0.441375852
0.127821714,0.355911344,0.201150164,0.533608794
0.093308799,0.420406461,0.146498591,0.612586141
0.0274653863,0.452362269,0.0512974188,0.653293967
-0.0423265696,0.437136173,-0.0501936264,0.639639556
-0.0933139473,0.379135132,-0.130707845,0.575115025
-0.115632735,0.300531298,-0.173085347,0.474212646
-0.113895841,0.229928479,-0.178509444,0.372830033
-0.101952672,0.187062114,-0.162264884,0.30863443
-0.0940564647,0.172020793,-0.151594028,0.282268018
-0.0972907841,0.165182367,-0.154964179,0.271313876
-0.109085158,0.138280675,-0.174840838,0.230513394
-0.120565385,0.0709208176,-0.196011052,0.124332577
-0.12308225,-0.0362104326,-0.202408671,-0.0509725399
-0.113515988,-0.158559442,-0.188051775,-0.250529498
-0.0949264988,-0.257033199,-0.155539423,-0.40541175
-0.0722889602,-0.294857234,-0.120491393,-0.463569582
-0.0465232469,-0.253636867,-0.0815104395,-0.40911746
-0.011575344,-0.140982941,-0.0272214599,-0.238895848
0.0422641039,0.0133626657,0.0633411184,0.0140120117
0.119656429,0.170125335,0.190968156,0.270538896
0.211165383,0.29510051,0.324356824,0.446390301
0.290507346,0.36893943,0.420132518,0.523410976
0.32227388,0.388738871,0.455938131,0.536223888
0.278569937,0.362806678,0.411950171,0.519016087
0.156996921,0.303245574,0.256567985,0.465144604
-0.0102601983,0.221087068,-0.00108598243,0.358818799
-0.163602293,0.125932142,-0.256648272,0.210458905
-0.239100233,0.0284414738,-0.383295983,0.0553590916
-0.198267698,-0.0580177903,-0.328812808,-0.0848626345
-0.0500794277,-0.119428955,-0.0943311751,-0.190083146
0.147317335,-0.146674022,0.228386849,-0.238617688
0.308829427,-0.141176835,0.470728785,-0.223713562
0.360228121,-0.116218321,0.546267807,-0.183597326
0.274226129,-0.091568388,0.439062059,-0.154068083
0.0866540745,-0.0831737146,0.153318033,-0.145065635
-0.116942234,-0.0932663009,-0.185560092,-0.154169068
-0.239767656,-0.106989175,-0.384962529,-0.166619614
-0.219843909,-0.0986526534,-0.364217788,-0.152881935
-0.0613145269,-0.0454554409,-0.11662329,-0.0733422041
0.165181905,0.0581226274,0.257967114,0.0924238116
0.354523271,0.193219423,0.528514564,0.278691053
0.416837603,0.321480513,0.577718198,0.428668261
0.32096532,0.400483936,0.456476122,0.544594646
0.110121623,0.402492076,0.181269288,0.589404941
-0.118404783,0.32721138,-0.163923502,0.506389976
-0.259938151,0.20207639,-0.393520206,0.325119764
-0.25271377,0.0699344203,-0.405840099,0.124303214
-0.107115835,-0.0295388363,-0.18754296,-0.0395085327
0.100364596,-0.0753401741,0.152991265,-0.120211184
0.26511997,-0.0702474117,0.414922774,-0.117588498
0.305277318,-0.0341299996,0.481009722,-0.0631872714
0.20030573,0.00955169462,0.333610237,0.00586667797
-0.00108699687,0.0458032489,0.010481325,0.0710873231
-0.206533134,0.0720834285,-0.327204078,0.117089577
-0.325210065,0.0930337906,-0.50205487,0.148830101
-0.309732109,0.11068739,-0.484550059,0.180391207
-0.174571648,0.117703579,-0.289778203,0.198665947
0.0163699612,0.0991302133,0.0205848608,0.173104763
0.184602231,0.0424843989,0.300412744,0.0724639371
0.275230348,-0.0499557331,0.439000577,-0.0803365558
0.279170722,-0.155117571,0.438679576,-0.244746417
0.229753852,-0.234924182,0.357935071,-0.369758517
0.178048581,-0.252708703,0.275463104,-0.402909309
0.161953494,-0.19227916,0.254014879,-0.316745818
0.186121464,-0.0689960718,0.296657264,-0.122728437
0.222601101,0.0743823349,0.356264442,0.110551059
0.2301265,0.186386749,0.366254568,0.287565708
0.179984421,0.231135368,0.293814719,0.362100452
0.0736117512,0.205545455,0.131930247,0.333051562
-0.0574277826,0.139870539,-0.0846102685,0.234020278
-0.168181747,0.0806328058,-0.269037545,0.136180788
-0.223734811,0.0646578744,-0.360994577,0.108118191
-0.216231734,0.0981880799,-0.351295382,0.161869049
-0.166700065,0.15280664,-0.272464544,0.249619916
-0.111698389,0.181066915,-0.17970182,0.297555655
-0.0830277577,0.143918857,-0.132564157,0.243917912
-0.0918734819,0.0351554528,-0.148186684,0.0676492527
-0.125434235,-0.110901497,-0.203053147,-0.175381914
-0.156653851,-0.233666092,-0.250206977,-0.365558267
-0.160535663,-0.275953799,-0.257661313,-0.429299802
-0.127613977,-0.213903636,-0.214937851,-0.346602321
-0.0677203909,-0.0713032633,-0.122287408,-0.124841452
-0.00325991004,0.0897881612,-0.009982544,0.144144714
0.0429762043,0.197993279,0.0732063353,0.321034074
0.0581657402,0.206748053,0.101149842,0.33736971
0.0428699031,0.116362177,0.0784935877,0.198514163
0.00722902967,-0.0271248389,0.0187130403,-0.0392234065
-0.0360814147,-0.155544847,-0.0573917404,-0.252069473
-0.0770376697,-0.21250324,-0.127844319,-0.343669295
-0.108880468,-0.180421352,-0.181508586,-0.297672212
-0.125380725,-0.0874461979,-0.211903051,-0.14843744
-0.118633509,0.00848100241,-0.199330658,0.0122610666
-0.0807415769,0.0495173894,-0.13620761,0.0872393474
-0.00944176223,0.00629152311,-0.0180078279,0.0185583029
0.0860128179,-0.109142378,0.139921069,-0.170637876
0.183779597,-0.251117855,0.282920599,-0.389658034
0.255924493,-0.363559067,0.36574164,-0.53154397
0.280426472,-0.405965626,0.386969328,-0.576658487
0.252321154,-0.369341493,0.359064996,-0.544952989
0.186892495,-0.275580704,0.28531006,-0.438375235
0.111702062,-0.162883624,0.180381283,-0.275390387
0.0508454964,-0.0665198863,0.0829216838,-0.11552804
0.0102448072,-0.00530978711,0.0171879567,-0.00909113046
-0.0265964177,0.0204364546,-0.0436727367,0.0344574302
-0.0881711915,0.0209572203,-0.142866269,0.0352198184
-0.194261879,0.00591916591,-0.310177535,0.0112746814
-0.336433679,-0.0222556982,-0.515804648,-0.0295748282
-0.472333491,-0.0669383779,-0.669943154,-0.0873975828
-0.540102601,-0.129873872,-0.723331571,-0.162645131
-0.48830539,-0.20395641,-0.672632158,-0.266019166
-0.307054907,-0.272107929,-0.468642384,-0.39183861
-0.043181017,-0.313952327,-0.0869769156,-0.482585907
0.211329043,-0.316558272,0.304368675,-0.480515718
0.355404705,-0.282391548,0.506521046,-0.418391347
0.32416901,-0.228850499,0.488040775,-0.354457766
0.121910229,-0.178731233,0.206704408,-0.300728649
-0.174297929,-0.146708727,-0.269776076,-0.244246453
-0.443957597,-0.129882097,-0.636090517,-0.182374567
-0.573242366,-0.108632118,-0.753112316,-0.131807074
-0.503238142,-0.0583039336,-0.707130969,-0.0710659176
-0.254276067,0.0342229567,-0.422009498,0.0618338436
0.084441565,0.158398718,0.119210459,0.262064546
0.394349396,0.279807836,0.555464983,0.391326815
0.577258885,0.353214085,0.692791462,0.409479082
0.592611551,0.342902273,0.702807128,0.394872993
0.466736645,0.240134299,0.648388267,0.323760986
0.272749633,0.0687317178,0.447567761,0.110003985
0.093437396,-0.124147072,0.16713956,-0.201948777
-0.0139774606,-0.287334502,-0.0228754114,-0.452556878
-0.0355560668,-0.385342807,-0.0637552887,-0.579327583
0.00427688565,-0.408927381,-0.00546816783,-0.609289765
0.0637059733,-0.372343481,0.0847136527,-0.566902637
0.107175879,-0.30042246,0.159342319,-0.474342674
0.119420506,-0.213796511,0.186672628,-0.350969106
0.1049565,-0.120861329,0.169581875,-0.206230745
0.0770167857,-0.0203973856,0.129264191,-0.0397988521
0.0451604947,0.088004671,0.0771161765,0.140174255
0.00987064186,0.193463773,0.0201698486,0.312054217
-0.0334091783,0.271169543,-0.0466721989,0.429803342
-0.0851049796,0.290775329,-0.125497743,0.459139645
-0.134908095,0.232168972,-0.208335966,0.376909435
-0.163523108,0.0999608412,-0.260786623,0.174943313
-0.152756333,-0.0721549466,-0.251462519,-0.106674276
-0.0980285555,-0.231101438,-0.162879497,-0.362377226
-0.0151540861,-0.3247132,-0.033689566,-0.502941668
0.0638791993,-0.323301107,0.0893188193,-0.505625427
0.105047986,-0.232089415,0.161403582,-0.380543441
0.0892546922,-0.0884734914,0.145785391,-0.157610461
0.0229356457,0.054479003,0.0406100415,0.0819124132
-0.0637217313,0.150203541,-0.0994247794,0.246363476
-0.130404666,0.176012486,-0.205500811,0.288219988
-0.145304531,0.138144061,-0.233929187,0.231878117
-0.099426195,0.063508071,-0.166283116,0.11364115
-0.00983147323,-0.0162901655,-0.0201590359,-0.0207717307
0.0889342427,-0.0798795149,0.14308545,-0.13140662
0.160054564,-0.122827746,0.256246269,-0.202077925
0.178484246,-0.154081538,0.288745373,-0.252925694
0.137800142,-0.185761392,0.223392338,-0.305309087
0.0485497527,-0.223038375,0.0810999572,-0.362338036
-0.0686440319,-0.259935856,-0.108158909,-0.415617704
-0.190195784,-0.282889903,-0.294694275,-0.43626076
-0.293562502,-0.279279709,-0.440936387,-0.414297432
-0.358358294,-0.245542794,-0.53050673,-0.357267052
-0.367451072,-0.19018884,-0.549587667,-0.276275128
-0.310706645,-0.130315661,-0.48747322,-0.196728244
-0.191112354,-0.0839894041,-0.320265949,-0.130826399
-0.029539898,-0.0628808141,-0.0582256578,-0.0999153927
0.136811078,-0.0688532963,0.219244972,-0.112616144
0.264744371,-0.0954781622,0.417363942,-0.153358936
0.321435899,-0.132547811,0.494996279,-0.208860174
0.299325764,-0.170354545,0.463552684,-0.270217806
0.221002117,-0.201433569,0.350070477,-0.322455376
0.12967591,-0.219791681,0.207283065,-0.357268631
0.068405807,-0.219655663,0.106410004,-0.357672215
0.0581030808,-0.196053296,0.0877171233,-0.3221035
0.0862835944,-0.147882104,0.135344967,-0.245640531
0.113768481,-0.0816852227,0.184470326,-0.142034948
0.0970971435,-0.0129162855,0.162272543,-0.027658971
0.0153030101,0.0377443433,0.032978341,0.0599110946
-0.11379844,0.052655872,-0.179556757,0.0871851593
-0.238041595,0.0264702123,-0.3769916,0.0488100722
-0.295507997,-0.0287939794,-0.465361208,-0.0371309407
-0.247400388,-0.0866527781,-0.401048869,-0.128269136
-0.101758778,-0.116928264,-0.179090828,-0.186343208
0.0856809318,-0.099852033,0.129971802,-0.164722696
0.235656217,-0.036535643,0.373080283,-0.0652017072
0.283343434,0.0499779098,0.45075348,0.0686143264
0.210872144,0.124412484,0.347276896,0.190167591
0.0571478382,0.155515254,0.106671549,0.251094669
-0.100902498,0.131032869,-0.155888706,0.217488721
-0.186651483,0.0638654158,-0.300473958,0.112006985
-0.162138999,-0.0138960052,-0.271302342,-0.0130496304
-0.046606902,-0.066267401,-0.0874472409,-0.104232356
0.0944825485,-0.0704772547,0.147493497,-0.117660396
0.184167996,-0.0274262726,0.297372907,-0.0517187119
0.174160391,0.0395631678,0.287460238,0.0573039837
0.0693259388,0.0968502015,0.123128697,0.154189274
-0.0762700438,0.117203951,-0.1160409,0.193272218
-0.189343721,0.0928506702,-0.301136076,0.1559726
-0.217151612,0.0386935696,-0.351892382,0.0717016086
-0.155674204,-0.0153220743,-0.261854231,-0.0171458535
-0.0511803702,-0.0384044424,-0.0920609534,-0.0595441386
0.0255779959,-0.0125565473,0.0379615165,-0.0226266906
0.0186950024,0.0605347008,0.0337877683,0.0932082608
-0.0810208172,0.161699459,-0.12455897,0.259701967
-0.228603587,0.263361722,-0.340984136,0.40311721
-0.345982641,0.340427786,-0.481732488,0.485874712
-0.36076358,0.378010392,-0.494325191,0.527108967
-0.242988348,0.373558402,-0.353496432,0.550867856
-0.0215092786,0.334210694,-0.0377623364,0.526967406
0.227695286,0.272243202,0.34359324,0.423517287
0.414796561,0.20138675,0.599153459,0.287503153
0.474315047,0.135035917,0.672752142,0.182527691
0.390273899,0.0854010954,0.59200269,0.117500864
0.197992191,0.0619117171,0.333823174,0.0933378786
-0.0357467681,0.0681420565,-0.0466178805,0.106469445
-0.242454231,0.0984388441,-0.380469054,0.157861739
-0.376884609,0.136806861,-0.5614869,0.2104875
-0.427084059,0.160254151,-0.616403162,0.239473537
-0.408431232,0.146626145,-0.597504497,0.225473195
-0.348596871,0.0841336772,-0.532732308,0.14095825
-0.273295194,-0.0219400711,-0.437972218,-0.0224264711
-0.199722663,-0.149215728,-0.324869484,-0.22894673
-0.138283193,-0.265774846,-0.224037513,-0.411172628
-0.0977819115,-0.34237811,-0.156691849,-0.52164948
-0.0879287496,-0.363840669,-0.140370369,-0.552409828
-0.116100833,-0.334234536,-0.181614652,-0.515733004
-0.180423245,-0.273560047,-0.284266233,-0.426965564
-0.264763117,-0.207782462,-0.411410213,-0.321950644
-0.340778857,-0.157385185,-0.518682718,-0.235109657
-0.37795648,-0.130090892,-0.568028808,-0.188960865
-0.357273698,-0.120899975,-0.546602249,-0.175461248
-0.281171918,-0.11851193,-0.448943138,-0.178844765
-0.17389597,-0.113817722,-0.290684998,-0.179335669
-0.0713277906,-0.105344661,-0.124563836,-0.172318578
-0.00525846938,-0.0986799821,-0.0118787037,-0.163639486
0.00983238965,-0.100691147,0.0162595566,-0.168026
-0.019139193,-0.112562276,-0.0314830355,-0.188092098
-0.0703719631,-0.126403436,-0.115914471,-0.209431484
-0.119882025,-0.128031597,-0.196887448,-0.208893687
-0.152871042,-0.104732096,-0.253172606,-0.170790777
-0.167609662,-0.0536146797,-0.27751255,-0.088997148
-0.170620948,0.0145169729,-0.281914145,0.0250082929
-0.167384088,0.0785811394,-0.274907917,0.128284872
-0.15539211,0.116699964,-0.252779573,0.193148971
-0.124616764,0.117030025,-0.203457341,0.197990373
-0.065390572,0.0842420682,-0.11031945,0.145712912
0.0214374419,0.0380776525,0.0339134149,0.0698307604
0.119215302,0.00450480543,0.194085285,0.00728249457
0.199681222,0.00382177695,0.323146373,0.00168550981
0.235572428,0.041550789,0.37946862,0.0596312359
0.21514304,0.106372215,0.350267023,0.161788315
0.150235817,0.175630406,0.249786168,0.276251018
0.0726125911,0.22517997,0.124742605,0.359534442
0.0196369868,0.238548651,0.0371016227,0.385136962
0.0164977424,0.211387947,0.0296844859,0.347200602
0.064390339,0.150179803,0.107488863,0.253864765
0.14102307,0.0673069507,0.232182562,0.114062846
0.213099107,-0.0239331629,0.345835119,-0.0380864665
0.253820807,-0.111681134,0.403719753,-0.17873843
0.255735636,-0.185016513,0.399806052,-0.295279652
0.231983617,-0.232711315,0.359663069,-0.366096944
0.205672458,-0.243938193,0.317783624,-0.386462152
0.193903565,-0.212076962,0.301926762,-0.341680497
0.196001351,-0.140059069,0.310601801,-0.232727617
0.193024471,-0.0436762236,0.312856764,-0.0798679888
0.15907301,0.050519105,0.263834387,0.0756755248
0.0780128986,0.113473304,0.135400161,0.183782518
-0.0440294594,0.125112772,-0.0635041893,0.206715927
-0.17782183,0.0835339427,-0.280904055,0.142271757
-0.282797873,0.0066851289,-0.444602072,0.0201830585
-0.325408489,-0.07529971,-0.504605293,-0.107116088
-0.294412583,-0.134090215,-0.464186877,-0.200125679
-0.205246642,-0.156715065,-0.337863714,-0.246356636
-0.0916685164,-0.15154399,-0.160896242,-0.246072575
0.0102944905,-0.143039525,0.0104812598,-0.234822452
0.0773115158,-0.157375693,0.123147823,-0.258156568
0.105161428,-0.206083387,0.168602824,-0.33230257
0.104530558,-0.276477933,0.162536338,-0.434749991
0.0903140381,-0.334673196,0.134496406,-0.516764104
0.0718511865,-0.340781331,0.104338862,-0.528365254
0.0501284525,-0.269507319,0.0720809922,-0.435498923
0.0229102653,-0.126072094,0.0316711143,-0.21795547
-0.00675011426,0.0509501733,-0.0142667405,0.076804392
-0.02562977,0.202368215,-0.0403692462,0.325617909
-0.0139048696,0.271787316,-0.017203996,0.435578108
0.043590989,0.229557112,0.0739379674,0.376879483
0.14473328,0.0865574405,0.238770217,0.152530327
0.264403611,-0.108460665,0.416554809,-0.165141299
0.360934407,-0.286996812,0.516264319,-0.415016025
0.393246353,-0.386706799,0.523070991,-0.527497768
0.340707928,-0.374311388,0.469820768,-0.530106783
0.215249568,-0.256446004,0.332681865,-0.410125315
0.058517199,-0.0748743489,0.099543795,-0.139678821
-0.0756388605,0.110937543,-0.122747175,0.174691871
-0.145248473,0.246148348,-0.227950677,0.391850978
-0.138990581,0.298937112,-0.212903142,0.470462352
-0.0801582485,0.268689752,-0.124882065,0.433535635
-0.0137824342,0.182342812,-0.019507112,0.305989176
0.0165278073,0.0817855299,0.0321922563,0.140420273
-0.00971824024,0.00789677072,-0.0120902853,0.0133488504
-0.0804765299,-0.0130224116,-0.129963681,-0.0233023558
-0.158366933,0.0235446077,-0.25991866,0.0366098247
-0.200292155,0.100803129,-0.325475544,0.16230461
-0.179197639,0.187704459,-0.288484305,0.301681191
-0.097109586,0.249905795,-0.156057179,0.402271837
0.0164530966,0.26127547,0.026898358,0.422082126
0.118964911,0.212655023,0.194090888,0.346437961
0.174344122,0.115279436,0.288198382,0.189001858
0.167734072,-0.00243411236,0.281784564,-0.00173815957
0.109272406,-0.104144901,0.184075445,-0.17389816
0.0265998393,-0.158219784,0.046043478,-0.264722556
-0.0486980453,-0.149473295,-0.0834955797,-0.249957517
-0.0934874192,-0.0854998231,-0.158623919,-0.144508913
-0.0990670398,0.00535772415,-0.169489563,0.00678592687
-0.0698060766,0.0842849463,-0.118115321,0.138908431
-0.0174378362,0.116951108,-0.0301680155,0.197211966
0.0446181595,0.0872975811,0.075022772,0.149039909
0.104069658,0.00441603269,0.173654288,0.0120035876
0.149844736,-0.100560598,0.247612342,-0.164251745
0.171821535,-0.186450407,0.274111062,-0.300852567
0.162508383,-0.217965946,0.256008923,-0.353448004
0.120848857,-0.178992704,0.194501951,-0.298212379
0.0557412803,-0.0778627768,0.0909817368,-0.139050409
-0.0141597064,0.0570858419,-0.0243961755,0.0881347209
-0.066240564,0.189128742,-0.105895624,0.305613697
-0.0838043317,0.286565214,-0.12746799,0.451955259
-0.0653289855,0.332332909,-0.0963806584,0.516999245
-0.0276369024,0.326597482,-0.0376248732,0.511979282
8.22623588e-06,0.282644272,0.00617419323,0.452146918
-0.0108095054,0.219295263,-0.0108401943,0.35739705
-0.0729980394,0.153948575,-0.111711964,0.254825711
-0.175386637,0.0990039408,-0.27868399,0.16433765
-0.285202324,0.0619092211,-0.44487673,0.101578839
-0.361210108,0.0469157621,-0.549189985,0.0765504315
-0.371702135,0.0560739525,-0.565199077,0.0907253474
-0.308891684,0.0882089064,-0.486505032,0.14280048
-0.192884728,0.136672989,-0.316325158,0.225289464
-0.0634438619,0.188155591,-0.106100596,0.308205277
0.0363990963,0.224693581,0.0604329035,0.362747401
0.0771810934,0.229241416,0.130537942,0.368099511
0.0528951026,0.192765698,0.094748795,0.314046741
-0.0196220484,0.11932224,-0.0236499198,0.202278569
-0.110158756,0.0260173529,-0.176100031,0.0471336991
-0.188025445,-0.0628947541,-0.304062665,-0.0974283814
-0.232326642,-0.12546204,-0.372276902,-0.194685295
-0.235998005,-0.150642872,-0.379693359,-0.235896558
-0.203772247,-0.141856298,-0.334384501,-0.224977359
-0.147100344,-0.113727599,-0.249165565,-0.183997437
-0.0795755759,-0.0838026479,-0.136989653,-0.137605041
-0.014717509,-0.0636733621,-0.0288221687,-0.105579101
0.0344793573,-0.0542657115,0.0548675992,-0.0912337229
0.0562784933,-0.0477366187,0.0939247683,-0.080401808
0.0427799672,-0.0347071253,0.071886003,-0.0607483163
-0.00606043357,-0.012464582,-0.00784240384,-0.0235465616
-0.0793490931,0.0109373918,-0.127517417,0.015953999
-0.155944556,0.0195688922,-0.253700227,0.0353032202
-0.210159004,-0.00157354109,-0.339695483,0.00365636265
-0.220887959,-0.0565184169,-0.357865691,-0.0819158554
-0.180242047,-0.132855058,-0.296953261,-0.205807298
-0.0974202827,-0.204620749,-0.165725574,-0.325417608
0.00437708944,-0.242971659,-0.00186848931,-0.389278054
0.0967928842,-0.229724795,0.147021115,-0.371661097
0.156840265,-0.166891545,0.246363103,-0.276980728
0.174313501,-0.0769445673,0.282327861,-0.133259043
0.153088257,0.00690653548,0.254778236,0.0035445299
0.106586635,0.0559941083,0.181548104,0.0901222751
0.0505435094,0.0595206022,0.089618206,0.0996760949
-0.00290266098,0.0291713998,-0.000884897774,0.0508836694
-0.0472033173,-0.00745179038,-0.0777290761,-0.01123932
-0.0796029419,-0.021330744,-0.132760122,-0.0349897258
-0.097944431,0.00293568964,-0.164934531,0.00455489615
-0.0989360064,0.0593296662,-0.165583998,0.0966462269
-0.0792593509,0.123905934,-0.13195999,0.20556362
-0.0385759622,0.167734638,-0.06196725,0.277387053
0.0180664528,0.172433168,0.030219797,0.284768552
0.0806514397,0.139977664,0.135051623,0.233262852
0.137739584,0.0914572328,0.227953061,0.151483551
0.181192845,0.0553313047,0.297513962,0.0881720781
0.20911634,0.0514718033,0.339779377,0.0792886168
0.225072607,0.0797271281,0.363042921,0.122113138
0.234087363,0.119514681,0.375855595,0.184630007
0.238256484,0.141093999,0.381912559,0.218740329
0.235251904,0.122746736,0.380726159,0.195203274
0.221182331,0.0645581931,0.361644,0.103104562
0.196129158,-0.00910945982,0.323043376,-0.0155676054
0.168294147,-0.0605902709,0.2770257,-0.102010578
0.152847439,-0.0582511835,0.249472439,-0.101909146
0.16454941,0.00572965248,0.268419027,0.00212438148
0.207466349,0.108812585,0.331846476,0.168238774
0.267966121,0.207000628,0.414596766,0.313711017
0.316534549,0.255459785,0.475822151,0.375603378
0.319606185,0.230753601,0.4862535,0.344790578
0.256679356,0.143266305,0.413641125,0.224054277
0.133901522,0.0330080651,0.232475415,0.0540613309
-0.106381223,0.0425524898,-0.1644582,0.060768459
-0.00614548707,0.0119298687,-0.0250954758,0.0323137008
0.101012558,0.0238851253,0.162751898,0.0375279188
0.184544995,0.0633508489,0.300964236,0.0985513553
0.222508907,0.0957181677,0.360232264,0.147521392
0.208754018,0.087922141,0.34265399,0.139362961
0.153787985,0.0294017475,0.259441406,0.0479754359
0.0789961815,-0.0590651706,0.135393173,-0.0974586084
0.00702210888,-0.134149775,0.0140758026,-0.222716019
-0.0470896438,-0.152259365,-0.0795512199,-0.253067374
-0.0799177736,-0.0936640278,-0.136764094,-0.160426125
-0.0974176154,0.0245519187,-0.166296333,0.0354610495
-0.108318865,0.154117703,-0.175882965,0.250037223
-0.117347889,0.237548366,-0.182935536,0.379678786
-0.122370824,0.23564899,-0.188941434,0.381934583
-0.11712984,0.146739215,-0.186056286,0.24799642
-0.097794883,0.00792600866,-0.159243792,0.0250517353
-0.0690200403,-0.122163683,-0.117002003,-0.194242507
-0.0450876355,-0.190500721,-0.0776097998,-0.309967816
-0.0442701951,-0.173235491,-0.0767718256,-0.289106905
-0.0784859806,-0.0845407099,-0.132798731,-0.146834448
-0.143544137,0.0327417254,-0.236263171,0.048656337
-0.215887189,0.128953189,-0.342960447,0.206933424
-0.259131759,0.170452192,-0.403208852,0.272806019
-0.238954678,0.152250573,-0.376118094,0.250208288
-0.140267327,0.0952831209,-0.233462527,0.165943354
0.0214336943,0.0313983262,0.0295787305,0.0605492853
0.20087415,-0.0147756469,0.32033971,-0.0232963134
0.337244391,-0.0371247642,0.519387245,-0.0625547245
0.377017796,-0.0471065193,0.573115289,-0.0789262056
0.296134025,-0.0623668581,0.473196685,-0.105775252
0.111919284,-0.09248586,0.194919303,-0.159483001
-0.120966345,-0.130676672,-0.188254908,-0.216051713
-0.329617828,-0.156484485,-0.501513958,-0.235599786
-0.449602932,-0.147983223,-0.645846307,-0.20554772
-0.448502958,-0.0963694528,-0.653698981,-0.132708773
-0.336697578,-0.0143181439,-0.529875398,-0.0155842183
-0.161171287,0.0671886876,-0.275370896,0.115225315
0.0147333574,0.112498395,0.0188551843,0.191940099
0.136870429,0.0984767377,0.226670876,0.165184811
0.180427521,0.0261911545,0.301435173,0.0436871499
0.156571075,-0.0792343467,0.261861742,-0.129185021
0.10355702,-0.180759385,0.169622838,-0.294147372
0.0669690296,-0.247436866,0.103582129,-0.397300631
0.0781918019,-0.269073367,0.115651011,-0.428453386
0.140555158,-0.260047078,0.211861774,-0.412654251
0.228802249,-0.250406742,0.343974739,-0.389989704
0.301459044,-0.268935829,0.44462347,-0.404499054
0.320072621,-0.326973021,0.45909223,-0.475568473
0.26658538,-0.411347032,0.374735296,-0.58344841
0.151372954,-0.490096033,0.209293902,-0.682572603
0.00893015694,-0.528132558,0.00970018841,-0.726554334
-0.116303653,-0.505001068,-0.1665878,-0.698365331
-0.187434569,-0.425834239,-0.276978731,-0.611340046
-0.188470915,-0.319986016,-0.295644581,-0.486344725
-0.128504291,-0.227854818,-0.215816811,-0.362816393
-0.0360306837,-0.18210955,-0.067831926,-0.294177026
0.0531050265,-0.192166984,0.0812008008,-0.309868664
0.108543642,-0.239187598,0.169438586,-0.380996764
0.114075169,-0.283943146,0.176510096,-0.447563589
0.0699023828,-0.284060866,0.108281858,-0.454398453
-0.0105537521,-0.213055149,-0.0188582428,-0.353047192
-0.106386386,-0.0729508698,-0.176590949,-0.128912792
-0.194562897,0.104750529,-0.314568818,0.163823843
-0.2535941,0.27000311,-0.383422911,0.411140978
-0.266082227,0.372458547,-0.379188269,0.543585479
-0.221557155,0.379747301,-0.317809582,0.561601877
-0.120231763,0.288880974,-0.185326055,0.461508304
0.0235253554,0.126838878,0.037199229,0.222593442
0.180706307,-0.0593688004,0.292307764,-0.0874875933
0.312718749,-0.219069436,0.467684031,-0.332017988
0.38230148,-0.314591497,0.532312036,-0.449817061
0.367252856,-0.332345903,0.511058033,-0.475873232
0.271275163,-0.284730792,0.406700999,-0.437412322
0.126118362,-0.202663004,0.204267189,-0.33684352
-0.0177493598,-0.121866129,-0.0281409044,-0.2089715
-0.109576911,-0.0682055652,-0.18180263,-0.114011213
-0.118703,-0.0476416051,-0.200159267,-0.0741516948
-0.0478214063,-0.0446556322,-0.0862925649,-0.0701639801
0.067495659,-0.0298282299,0.105347112,-0.0490583368
0.173713103,0.0263023097,0.280111164,0.038362544
0.222593546,0.138580412,0.356787115,0.210411996
0.192418009,0.29783231,0.30204004,0.445230246
0.0973108113,0.470950663,0.149825633,0.659087002
-0.0198282991,0.611014128,-0.0130110169,0.774630964
-0.107543305,0.673874795,-0.11450813,0.795351505
-0.129605114,0.634805202,-0.150291935,0.77900511
-0.0810261071,0.498528093,-0.10514535,0.700692177
0.0112036876,0.298496783,0.0218285285,0.481603801
0.102617152,0.0856531411,0.172547832,0.153077528
0.153460279,-0.0888040066,0.251863152,-0.142461136
0.147364154,-0.189755604,0.234946534,-0.309141368
0.0973329991,-0.207370728,0.157032207,-0.341839105
0.0365579538,-0.156278923,0.0573513061,-0.264972001
-0.000591804914,-0.0662236363,-0.00359867746,-0.116806813
0.00288821966,0.0308350008,0.00320365187,0.0459667668
0.0383404754,0.111284532,0.0626327395,0.183492303
0.0775368437,0.164115936,0.128564224,0.269460499
0.0895597935,0.188510224,0.151082531,0.30457738
0.0591402836,0.187786713,0.102161676,0.305303663
-0.00357843167,0.16417335,0.00192411593,0.270675004
-0.0672115907,0.117684893,-0.105272382,0.198605537
-0.0950936154,0.0493951812,-0.155946866,0.0871683508
-0.064574495,-0.0336660147,-0.110829994,-0.0490435101
0.0205523744,-0.116084553,0.0280380528,-0.188299343
0.13099055,-0.176964045,0.204112247,-0.286158681
0.22563,-0.197860584,0.348969281,-0.315236539
0.270688176,-0.17212221,0.417137593,-0.27592063
0.254340798,-0.110459432,0.401465416,-0.184208035
0.189594164,-0.038871184,0.312476605,-0.072121121
0.104671046,0.011277711,0.179045811,0.0135868592
0.0268952046,0.0170155223,0.0508757755,0.0279337652
-0.0307074785,-0.0251470301,-0.0482972562,-0.0381466262
-0.0728295967,-0.0965794027,-0.11964298,-0.156597391
-0.114031278,-0.164313376,-0.18670322,-0.264336705
-0.164909601,-0.196084127,-0.266789138,-0.312171042
-0.221058503,-0.175610632,-0.354216605,-0.27886948
-0.261983961,-0.110579491,-0.419101924,-0.175872236
-0.261328995,-0.0290798396,-0.421513051,-0.0451155752
-0.203004926,0.0341556557,-0.334789038,0.0600996129
-0.0939629897,0.0551568195,-0.161600828,0.0974265188
0.0343495607,0.0330994539,0.0546711758,0.0603763983
0.137888104,-0.00884360727,0.22658135,-0.0127909193
0.179944038,-0.0351522267,0.296645373,-0.0604014993
0.149026692,-0.0167942811,0.249679074,-0.0353734195
0.0651489273,0.0519790724,0.113177128,0.0789134577
-0.0293053295,0.147590458,-0.0440368019,0.238843188
-0.0899954438,0.225688428,-0.142286211,0.363615066
-0.0921970606,0.241130769,-0.14451097,0.38992542
-0.042611558,0.170431972,-0.0672706664,0.288515449
0.0246302877,0.0259736832,0.0429474376,0.0521927215
0.0657683164,-0.145403892,0.108999722,-0.233408093
0.0499925241,-0.279845059,0.0782174319,-0.442901701
-0.0245798044,-0.322933733,-0.042139288,-0.506647944
-0.129429951,-0.253693223,-0.20760493,-0.409379125
-0.219127432,-0.0953384265,-0.356800139,-0.16032207
-0.252754003,0.0924291536,-0.406327784,0.143257216
-0.212534279,0.236773416,-0.333684772,0.372580111
-0.110807791,0.281039983,-0.173795432,0.448371381
0.0172754265,0.207696751,0.0293509755,0.348576576
0.130730301,0.0452763438,0.218679547,0.0841179565
0.200348228,-0.143449634,0.322342694,-0.227173015
0.218404397,-0.2868931,0.333135158,-0.442523062
0.196772367,-0.332919449,0.2922481,-0.508152843
0.156124204,-0.268338263,0.238589361,-0.430840462
0.11328423,-0.122035548,0.181788132,-0.212972641
0.073985368,0.0487627685,0.121962138,0.0707185715
0.0344277881,0.182631359,0.0580688901,0.294349015
-0.0104538314,0.238084301,-0.0102828415,0.38538444
-0.0580594912,0.207903385,-0.0866449699,0.341678739
-0.0947910473,0.118490234,-0.1514384,0.202812165
-0.101048544,0.0155939469,-0.16495733,0.0332529582
-0.0621214621,-0.0566755012,-0.106974564,-0.0903959051
0.0212567039,-0.0743051991,0.0285106283,-0.124731779
0.129158959,-0.0417374745,0.20778881,-0.0726609826
0.228496224,0.0127035715,0.365175217,0.0138670327
0.286507487,0.0515046269,0.454019248,0.0763311312
0.285209179,0.0458243601,0.455666721,0.0678775534
0.229549155,-0.0114074154,0.376943439,-0.0202833991
0.145102233,-0.102656342,0.243637219,-0.168396011
0.066418618,-0.194063291,0.110138729,-0.315526068
0.0217883438,-0.250852078,0.0321648754,-0.403219819
0.0217895061,-0.252913922,0.027388256,-0.407079577
0.0568033494,-0.203712046,0.0843108818,-0.334451228
0.103979632,-0.128685966,0.165332034,-0.217355415
0.139465943,-0.0639609694,0.227513865,-0.110270455
0.14947857,-0.0403899029,0.247251406,-0.0692243055
0.134983808,-0.0699637234,0.225567743,-0.115969189
0.108505309,-0.140572414,0.177311823,-0.228637367
0.0857150853,-0.221431538,0.137020633,-0.356637239
0.0767938197,-0.276795477,0.115765966,-0.439576805
0.0820023492,-0.281900823,0.123341367,-0.448432773
0.0930753797,-0.234053686,0.142253548,-0.38073656
0.0987165645,-0.153884351,0.157177329,-0.259379804
0.0905424133,-0.0761543438,0.147687078,-0.132043734
0.0662245229,-0.0341950357,0.111386277,-0.059825927
0.028816184,-0.0449705236,0.0509788543,-0.0750810057
-0.0162224025,-0.101531833,-0.026023915,-0.166890725
-0.0635710433,-0.17630735,-0.104728743,-0.284824878
-0.108224548,-0.233726606,-0.175810501,-0.3717902
-0.143515974,-0.246364594,-0.232141718,-0.390052825
-0.159232318,-0.207143664,-0.260997146,-0.330894619
-0.142501414,-0.131959349,-0.23943606,-0.216468871
-0.0825254917,-0.0515970066,-0.145229906,-0.0858675092
0.0225190427,0.00312230038,0.0315113403,0.00697814347
0.160272554,0.0158044565,0.259825766,0.0275487546
0.304582417,-0.00840611197,0.475016892,-0.0131590078
0.422953874,-0.0464488938,0.620837033,-0.0726672187
0.488709658,-0.0698338151,0.685440123,-0.106574155
0.492421389,-0.0597437173,0.691088378,-0.0936275199
0.446718991,-0.0171678551,0.649796367,-0.0355943181
0.381331772,0.0371118598,0.578081787,0.0445293263
0.329972655,0.0728504136,0.512994945,0.105914861
0.31502077,0.0659923777,0.491962463,0.0999876633
0.337492019,0.0119053861,0.522387445,0.0171379205
0.377480775,-0.0704901516,0.568929493,-0.108648397
0.405097693,-0.145999834,0.594286323,-0.219160646
0.396497548,-0.178591236,0.579264283,-0.26940462
0.346756935,-0.147747204,0.524282753,-0.235195622
0.272747576,-0.0580451488,0.432534367,-0.104515702
0.204201445,0.0624402352,0.333324611,0.0898549855
0.167362452,0.173945144,0.271781117,0.272841752
0.169734105,0.241302028,0.27049166,0.378394932
0.194217384,0.247132823,0.308058351,0.38597855
0.20633778,0.196288332,0.332262784,0.310066193
0.171539173,0.110425621,0.286745995,0.178350225
0.0741062313,0.0164116062,0.133005291,0.0254408922
-0.0719766021,-0.065154694,-0.112035222,-0.108303897
-0.226240143,-0.125804007,-0.358337283,-0.198689997
-0.338169575,-0.167516187,-0.512115777,-0.247377992
-0.369403452,-0.19585225,-0.552012742,-0.281959474
-0.31121245,-0.212884724,-0.479199111,-0.313239992
-0.188921556,-0.214522645,-0.310157806,-0.332162023
-0.0511930101,-0.19376944,-0.0942756087,-0.313541681
0.0506741628,-0.147573918,0.076824069,-0.24660109
0.0836576372,-0.0825292543,0.136365429,-0.14269644
0.0446224958,-0.01517752,0.0771558434,-0.031086877
-0.0420110859,0.0341557786,-0.0656781346,0.0533107482
-0.138267085,0.0510551259,-0.223378494,0.0858215839
-0.210589588,0.0347935408,-0.338628143,0.0611099042
-0.242857665,-0.000650300994,-0.389410228,0.00471645501
-0.238843322,-0.0336445235,-0.38634786,-0.0474851541
-0.214473724,-0.0467270315,-0.351062059,-0.0726441666
-0.185559303,-0.0368278474,-0.30639863,-0.0568539798
-0.158499449,-0.0178682283,-0.263282955,-0.0279841218
-0.129045218,-0.0135395797,-0.216357321,-0.0193720665
-0.0890212432,-0.0434584729,-0.150581837,-0.066853404
-0.0360093452,-0.109936498,-0.0618185066,-0.176514432
0.0208060779,-0.192936048,0.0312936418,-0.310539037
0.0630956367,-0.256947428,0.0967011899,-0.410692602
0.073462896,-0.267325103,0.111302599,-0.428912342
0.0474748425,-0.208272606,0.0728489012,-0.344519705
0.000119080411,-0.0931155086,-0.00324716838,-0.162561819
-0.0382977352,0.0391723625,-0.0648579001,0.0601706728
-0.0360596739,0.140494242,-0.0600656271,0.23177889
0.022822937,0.175730348,0.0369193964,0.291864067
0.127431691,0.1396548,0.207525149,0.232817888
0.241545618,0.0600030012,0.386205912,0.0995989665
0.31853193,-0.0153636243,0.497192293,-0.0271930546
0.322912753,-0.0413439535,0.504283369,-0.0719982162
0.247953802,0.002506305,0.401266456,-0.00679322006
0.120011121,0.101859249,0.205786675,0.156375915
-0.0132396631,0.21438162,-0.0142833134,0.341588646
-0.105336905,0.290139586,-0.158222362,0.457371682
-0.133182779,0.295588106,-0.202317223,0.464731812
-0.10747771,0.229288176,-0.166787267,0.376238674
-0.0658415779,0.12165162,-0.106743537,0.211159244
-0.0518664531,0.019056201,-0.0831010789,0.0366936587
-0.0907519609,-0.0394664742,-0.148857415,-0.0656157285
-0.174217165,-0.041086819,-0.283345342,-0.0688672662
-0.262852013,-0.00406576321,-0.417212635,-0.00589800067
-0.305179298,0.0336204246,-0.480046004,0.0565884188
-0.263998866,0.0358451046,-0.424443007,0.065304175
-0.136620179,-0.0112318462,-0.233725786,-0.00848301593
0.0414985716,-0.0906035155,0.0598011166,-0.142162994
0.211825311,-0.162379175,0.330257893,-0.257505596
0.319143653,-0.184394121,0.482259512,-0.288227737
0.336117119,-0.134992376,0.512334883,-0.217259392
0.273914218,-0.026215924,0.43689537,-0.0546837859
0.17403169,0.099667877,0.289054185,0.150676131
0.0861200318,0.189030036,0.145220339,0.303130388
0.0436314419,0.202081949,0.0758632645,0.331466854
0.0498247705,0.132054806,0.0856298804,0.22444354
0.0807762817,0.00883947685,0.136023998,0.0216603111
0.102771781,-0.114841014,0.169495508,-0.186335474
0.0937911719,-0.188084468,0.151621357,-0.307915032
0.056848567,-0.185339257,0.090352729,-0.30757457
0.0177263618,-0.117426187,0.0263076574,-0.201192632
0.00850622915,-0.0248034447,0.0100759137,-0.0469559617
0.046392858,0.0435009487,0.0740753412,0.0713173077
0.120191284,0.054903578,0.19696179,0.0929703936
0.192801729,0.00996339601,0.314911187,0.0171461292
0.219336838,-0.0574265495,0.356785625,-0.0948401392
0.171669707,-0.0965405405,0.283818483,-0.164155424
0.0561998896,-0.0651564598,0.0974082723,-0.116963923
-0.0853226185,0.0483711585,-0.139677972,0.0719175339
-0.193438649,0.216864944,-0.302867264,0.337994814
-0.218897566,0.383968383,-0.317230135,0.562422693
-0.147019997,0.487410814,-0.201276153,0.681320488
-0.0061362437,0.485388339,-0.00633902196,0.692355275
0.144401476,0.374260038,0.219228208,0.567690969
0.240924999,0.189877898,0.384238273,0.303910792
0.243892491,-0.0076424852,0.399404675,-0.00966690108
0.154450983,-0.158570588,0.256976366,-0.259571284
0.0117129143,-0.226635903,0.0231968649,-0.372026235
-0.126951814,-0.210755751,-0.204616323,-0.344117373
-0.212169111,-0.14115572,-0.343714774,-0.227270365
-0.222439319,-0.0627284423,-0.365654975,-0.0981750414
-0.168887436,-0.0138938259,-0.281214923,-0.0178560838
-0.0844225436,-0.0106122969,-0.143892378,-0.011849408
-0.00470034871,-0.0421803519,-0.0112846764,-0.0681083798
0.0483839735,-0.0796514079,0.0807196423,-0.131885633
0.0725789145,-0.0919738486,0.118620224,-0.15613319
0.0791835561,-0.0618298016,0.128797382,-0.10821072
0.0804803297,0.00607834198,0.13293089,0.00561947562
0.0793259814,0.0875395387,0.133349836,0.139639616
0.0673920736,0.150214255,0.112523466,0.243706867
0.0326549262,0.168077573,0.0602229051,0.275996178
-0.029277036,0.132227093,-0.0398806818,0.219324842
-0.10794346,0.0536151938,-0.171180576,0.0939653292
-0.180421159,-0.042653013,-0.291889817,-0.0626174808
-0.222856611,-0.127987891,-0.357542962,-0.198937669
-0.224735022,-0.180694371,-0.36074245,-0.279646426
-0.197152227,-0.191704407,-0.319585651,-0.301497996
-0.169188678,-0.164159849,-0.279998779,-0.263587832
-0.173049524,-0.10851825,-0.283378422,-0.177768677
-0.225293174,-0.0366998352,-0.363268584,-0.060500972
-0.314397693,0.041504398,-0.487525821,0.0660320297
-0.40226379,0.11858318,-0.59211427,0.178860605
-0.440235049,0.18728444,-0.623297095,0.272777587
-0.392493039,0.239069462,-0.565578163,0.352058619
-0.25539884,0.265188873,-0.393044323,0.411227107
-0.062877506,0.260491908,-0.104322731,0.422417492
0.125409931,0.227791831,0.199628919,0.368442923
0.247983173,0.179555669,0.392162532,0.280743599
0.266587198,0.134688377,0.425295532,0.205834568
0.181018531,0.110855423,0.304103673,0.173082322
0.0274964496,0.115690678,0.0558529943,0.1864326
-0.137799054,0.141621739,-0.216683567,0.228624463
-0.26179719,0.167863324,-0.40403387,0.265585065
-0.31377241,0.169705942,-0.477627158,0.266777664
-0.293174446,0.131215379,-0.456807375,0.213864133
-0.224520609,0.0550435781,-0.36398983,0.0989122018
-0.143712908,-0.036230024,-0.239944667,-0.0507279746
-0.0830356479,-0.108978905,-0.141330242,-0.175734863
-0.0610408932,-0.134176239,-0.103758857,-0.221201092
-0.0797953606,-0.102419429,-0.134145483,-0.173362374
-0.12802577,-0.0305083785,-0.212304384,-0.0538848713
-0.186716884,0.0446227975,-0.303972811,0.0732472315
-0.234313235,0.0826800764,-0.373050243,0.135137156
-0.250770479,0.059886761,-0.4000341,0.10438627
-0.221403509,-0.017844528,-0.359976888,-0.0179995485
-0.14142406,-0.115602717,-0.237264633,-0.179254428
-0.0203424953,-0.18470484,-0.0429504327,-0.298302889
0.116499566,-0.185874537,0.177489072,-0.303688526
0.232275248,-0.109404579,0.363955557,-0.184283271
0.289693713,0.0177993011,0.456420422,0.0164527856
0.265652835,0.142450646,0.422365278,0.212137595
0.163242131,0.208273336,0.271146894,0.326688707
0.0144807464,0.181864977,0.0363773368,0.299013793
-0.129380524,0.0688039958,-0.203355938,0.121055491
-0.217259601,-0.0878384411,-0.348505527,-0.130205855
-0.219244704,-0.226132989,-0.349867433,-0.342803657
-0.139354765,-0.292449087,-0.228236452,-0.452098131
-0.0134852761,-0.264459312,-0.0343888253,-0.423107594
0.107047379,-0.159385234,0.165718034,-0.267862707
0.17870906,-0.0240420029,0.28859207,-0.0490478016
0.184410408,0.0880496204,0.302875012,0.134964257
0.138447255,0.141233072,0.23365958,0.225482494
0.0755125582,0.132335037,0.132507548,0.216881439
0.0298684742,0.0889596716,0.0547857285,0.148899689
0.0159759969,0.053226456,0.0268152077,0.0915287063
0.0211250391,0.0596382171,0.0344051197,0.0991600901
0.0141514707,0.118102103,0.0256762933,0.191557437
-0.0344650261,0.209943339,-0.0503259413,0.335377187
-0.132242709,0.297918469,-0.196498349,0.461779535
-0.255696923,0.344366491,-0.365922153,0.510305226
-0.358482391,0.328169256,-0.498244137,0.470634848
-0.393305123,0.252632201,-0.558348596,0.373611778
-0.336603612,0.141637504,-0.512835264,0.228544638
-0.203031674,0.0274667181,-0.334206969,0.0583238713
-0.0416395217,-0.0626612827,-0.0766323209,-0.0972239971
0.0851078108,-0.114734329,0.134557307,-0.188233152
0.129506946,-0.128063738,0.211661294,-0.215163514
0.0802178904,-0.10952089,0.135247082,-0.187909365
-0.0332687497,-0.0670074001,-0.0508083031,-0.117235668
-0.155307457,-0.00676429179,-0.252599746,-0.0129346838
-0.230460331,0.0643101856,-0.371483058,0.104741663
-0.228548452,0.13422741,-0.365514725,0.217598319
-0.156495482,0.184276506,-0.254716069,0.300927967
-0.052050557,0.193669811,-0.0854671448,0.320253372
0.0364055298,0.149746612,0.0624419749,0.252180398
0.0732166544,0.0585651398,0.126423419,0.101840109
0.0504132919,-0.0511203185,0.0891660154,-0.0838513896
-0.0122479983,-0.135174155,-0.0168855004,-0.223081842
-0.0807452798,-0.151686206,-0.13282381,-0.251962811
-0.125695422,-0.0817306116,-0.211226285,-0.138057843
-0.136620864,0.0569876209,-0.229441628,0.0900044739
-0.124777101,0.211824015,-0.202202708,0.339269638
-0.114222661,0.313737094,-0.172130078,0.48779735
-0.126898602,0.305888802,-0.188744441,0.481511176
-0.170053259,0.169803709,-0.262008011,0.284251988
-0.232373908,-0.0633555427,-0.365988493,-0.0863067135
-0.290101409,-0.322629333,-0.426092297,-0.459529907
-0.319143653,-0.52481401,-0.412715077,-0.656795025
-0.306525558,-0.607869327,-0.371545047,-0.712571025
-0.255547822,-0.555260777,-0.333485216,-0.701068878
-0.182834208,-0.400320292,-0.27877751,-0.584548354
-0.109724715,-0.208982095,-0.188550115,-0.342636913
-0.0529304706,-0.0493582673,-0.0954829976,-0.0858378783
-0.0189637691,0.0373513512,-0.0318120793,0.0636891425
-0.00421276316,0.0511232726,-0.00459011504,0.088480413
0.000612616597,0.0265860017,0.00339737651,0.0477667488
0.00482270215,0.0100676464,0.00900552608,0.0177607797
0.0138768889,0.03257576,0.0239609685,0.0527772009
0.0285790954,0.0927864909,0.0474072471,0.149512187
0.0466376655,0.158730298,0.07930208,0.25755316
0.0648562685,0.187092781,0.109396145,0.305090308
0.0805475414,0.149825767,0.137380004,0.249238089
0.091902554,0.053756088,0.157785684,0.0948436856
0.0980053768,-0.0578327514,0.164307833,-0.0921558514
0.0992340297,-0.123645291,0.161500767,-0.20645456
0.0979933441,-0.0945330411,0.158952728,-0.162448034
0.0988379195,0.0393859409,0.160663024,0.0550071709
0.106940158,0.23865433,0.171238557,0.370854318
0.124851458,0.427702665,0.186772451,0.616786361
0.149041995,0.526495457,0.208745018,0.707412064
0.168668419,0.486551583,0.241844416,0.673991144
0.168476745,0.314591885,0.267889172,0.489015073
0.135656953,0.0722803771,0.233366817,0.128491879
0.0678599775,-0.148663536,0.118174285,-0.240321815
-0.0219372306,-0.265309781,-0.034730956,-0.426939875
-0.107277542,-0.239022955,-0.175669193,-0.387592316
-0.157323688,-0.0916323215,-0.264452398,-0.15803723
-0.149880216,0.105041414,-0.252546787,0.166743472
-0.0823795125,0.261530042,-0.132899195,0.416822374
0.0248568766,0.310265452,0.0402928442,0.490312338
0.135430962,0.234518334,0.218472242,0.380430341
0.211229622,0.0739339292,0.347814441,0.12581037
0.227902874,-0.0953190625,0.37081632,-0.151087716
0.184227794,-0.19620575,0.295041382,-0.318091005
0.100994326,-0.185722798,0.163943574,-0.310262024
0.0101882461,-0.0732156336,0.0153598785,-0.13240613
-0.0599962063,0.0857134685,-0.100458108,0.134981766
-0.0968969688,0.216133893,-0.154009461,0.347126663
-0.106415659,0.258528769,-0.163349241,0.4149414
-0.106573761,0.195170313,-0.164794803,0.324516207
-0.115708292,0.0563903339,-0.187052011,0.103115626
-0.141882449,-0.0952452868,-0.229481325,-0.149076477
-0.178912714,-0.194532499,-0.286533654,-0.306941271
-0.210425749,-0.202666089,-0.336746037,-0.319206208
-0.218907118,-0.122385889,-0.357260257,-0.19908759
-0.194301829,0.00683966512,-0.322876453,0.00907339435
-0.137609884,0.129875049,-0.229162544,0.211394548
-0.0583666936,0.202023149,-0.0950811356,0.330326647
0.0312995948,0.207344532,0.0525078066,0.340874791
0.121536784,0.161124006,0.199781597,0.266823441
0.205327287,0.096913375,0.332406551,0.156902432
0.274961948,0.0463559851,0.437313229,0.0706963539
0.318024009,0.0231092256,0.496881545,0.03041186
0.31744498,0.0191915203,0.498894155,0.0233142022
0.257882684,0.0147674903,0.417319953,0.0171416122
0.136287645,-0.00523076346,0.231956601,-0.0136127109
-0.0292627905,-0.03803543,-0.0400794521,-0.0656833127
-0.198986694,-0.0618232638,-0.318621665,-0.100663483
-0.322133183,-0.0477947779,-0.502231598,-0.0719827935
-0.356065929,0.020861024,-0.54921931,0.034896642
-0.285392165,0.134051532,-0.453209847,0.211205423
-0.131394371,0.253385335,-0.215892747,0.403190106
0.0542186163,0.326864213,0.0809248015,0.511722088
0.209788397,0.31342715,0.322047293,0.477643758
0.289562911,0.205129743,0.450693995,0.317557573
0.282728076,0.0349802375,0.456576973,0.0576026328
0.216181561,-0.134880677,0.352488995,-0.216707289
0.139419347,-0.240092754,0.222022206,-0.385367543
0.0988872871,-0.243489042,0.151774883,-0.396278232
0.114647768,-0.152520195,0.178473711,-0.257673085
0.1712116,-0.0156731568,0.275360942,-0.0340938494
0.227215409,0.100863725,0.364667773,0.154491648
0.238876298,0.145106494,0.384639382,0.225756571
0.18487902,0.104073472,0.3103486,0.168012157
0.0794151574,0.00914703961,0.142603546,0.0162495133
-0.0338869095,-0.080708161,-0.0512661226,-0.133227006
-0.104449622,-0.109501705,-0.175105006,-0.18111372
-0.102208354,-0.0532559268,-0.176620737,-0.0917531997
-0.0356395841,0.0670090765,-0.0663217381,0.107273027
0.049593389,0.194821805,0.0782644674,0.313935786
0.0916258544,0.265553921,0.151084438,0.419389993
0.0432165675,0.237920642,0.0826677904,0.383108795
-0.102656357,0.114265986,-0.154142216,0.195208833
-0.305314273,-0.0599650666,-0.466296524,-0.0852737278
-0.491319269,-0.216746062,-0.667366564,-0.284827501
-0.585422814,-0.295508236,-0.71717304,-0.351543039
-0.543492615,-0.268162161,-0.700621963,-0.334700048
-0.372509778,-0.147883877,-0.567833543,-0.216301605
-0.128830701,0.0208948068,-0.231274426,0.0340856761
0.104124747,0.184559673,0.159777865,0.296858013
0.248594999,0.302574337,0.377395689,0.450032562
0.261504799,0.359419227,0.390804172,0.516962409
0.14826569,0.362363428,0.237138718,0.538072586
-0.0428076982,0.329207033,-0.0500132889,0.509633005
-0.241221979,0.274979681,-0.35281834,0.423089504
-0.380358666,0.205825046,-0.550727189,0.310561687
-0.418409824,0.122749768,-0.60931617,0.191466659
-0.347583055,0.0310987197,-0.53865689,0.0599774681
-0.190817416,-0.0523077846,-0.31998226,-0.0742689967
0.00985781662,-0.101089671,0.00378282089,-0.16321075
0.207238257,-0.0911367759,0.324716061,-0.150391221
0.360207707,-0.0163480602,0.546702266,-0.0360189714
0.440301418,0.101393089,0.637317777,0.1336312
0.434186459,0.21567668,0.62019825,0.292736053
0.343799382,0.27320829,0.511868238,0.391732901
0.185350284,0.238240868,0.305951506,0.371756136
-0.0128539344,0.111644834,-0.00530217588,0.190211192
-0.214574784,-0.0659392029,-0.338457733,-0.0968365148
-0.382194668,-0.229916036,-0.555433631,-0.324881911
-0.484726042,-0.31989944,-0.640515625,-0.411758333
-0.505042732,-0.306880802,-0.660133541,-0.389440179
-0.443790317,-0.206012383,-0.633469999,-0.287043631
-0.318467438,-0.0685117915,-0.505972564,-0.104668796
-0.158058301,0.0433964282,-0.270717949,0.0748016834
0.00469125062,0.0860403031,0.00213936507,0.148005739
0.140627339,0.053696163,0.231423333,0.0931733176
0.229145333,-0.0215216186,0.370468557,-0.0336800329
0.260214418,-0.0885414109,0.416246325,-0.144199505
0.234261706,-0.104695432,0.375680894,-0.175781786
0.161117181,-0.0572219454,0.268048704,-0.102560349
0.0586254373,0.0319272131,0.101395063,0.0438343324
-0.0494568236,0.119719148,-0.0769006312,0.194101021
-0.137151524,0.166084349,-0.218362078,0.27026698
-0.181869775,0.155090913,-0.290470153,0.257284939
-0.170898169,0.101947553,-0.277704179,0.175581738
0.156025797,0.241130769,0.221946344,0.378172904
0.198102802,0.204269335,0.332271755,0.323411793
0.158546418,0.123065367,0.267478526,0.20065175
0.0342660733,0.0414376073,0.0664997622,0.0685411394
-0.136073723,-0.00556753203,-0.217954978,-0.0108917374
-0.284862727,-0.00586254802,-0.448877066,-0.00802058633
-0.344937027,0.0281450097,-0.533953547,0.0483378582
-0.282210141,0.0697135404,-0.451278478,0.116980962
-0.11520794,0.0932048932,-0.198707357,0.160629138
0.0894834995,0.0866200775,0.140954718,0.148918539
0.24539198,0.0555819124,0.393149763,0.0886817202
0.285527557,0.0181388445,0.457713872,0.0237087272
0.194230273,-0.00559914578,0.324988842,-0.0165348463
0.0156767182,-0.00307721598,0.0371326096,-0.0116482852
-0.165817887,0.0263232961,-0.266628295,0.0398874767
-0.264854789,0.0731360987,-0.421432287,0.119648084
-0.234912157,0.123545326,-0.379215717,0.201153606
-0.0901446268,0.165256634,-0.154564306,0.276182145
0.101294152,0.190713137,0.15784432,0.3129417
0.24896501,0.197151825,0.389465094,0.306338519
0.28154844,0.184954315,0.442631096,0.279531091
0.178391442,0.15619728,0.299968243,0.247344956
-0.0229877643,0.114258468,-0.0214266218,0.186994806
-0.245645925,0.063843675,-0.382646441,0.105220668
-0.407996356,0.010156977,-0.605481267,0.0239918232
-0.457648546,-0.043288365,-0.661492586,-0.0503570773
-0.38919729,-0.0971120894,-0.587977529,-0.134722114
-0.239814907,-0.15655373,-0.388916433,-0.236170769
-0.0675627962,-0.22833769,-0.119656228,-0.359495431
0.0751809254,-0.314471155,0.108430833,-0.487149388
0.16026257,-0.406161219,0.22892566,-0.595522463
0.187299564,-0.4822146,0.252097845,-0.669940293
0.173884794,-0.514759541,0.228773698,-0.699016392
0.140561506,-0.481254876,0.189461201,-0.678043008
0.0998216271,-0.377524555,0.143543348,-0.57575345
0.0542659387,-0.224596679,0.0817923769,-0.371425301
0.00266239722,-0.0641114563,0.000851533841,-0.116694368
-0.0520893857,0.0574772246,-0.0848684013,0.091973044
-0.0995212495,0.10939239,-0.159674376,0.184088394
-0.125414014,0.0916126668,-0.203300714,0.156841457
-0.120356955,0.0359852649,-0.199719146,0.0663639233
-0.0871518701,-0.00870405789,-0.146536261,-0.0101188878
-0.0417161919,-0.00141950289,-0.073323831,-0.0027088637
-0.00619535893,0.068782106,-0.0132487947,0.109829731
0.00204612687,0.174691096,0.00426898897,0.281209677
-0.0208474863,0.262507021,-0.0278196018,0.417014062
-0.0639587268,0.278390825,-0.0918490663,0.442666292
-0.108527206,0.197150677,-0.166814789,0.327450246
-0.13884826,0.0382555351,-0.222336367,0.0742040575
-0.15050602,-0.13989155,-0.245475143,-0.215854809
-0.150971875,-0.265691489,-0.242693231,-0.413215905
-0.152369663,-0.287983686,-0.244031936,-0.447388649
-0.161192194,-0.200961575,-0.264211059,-0.325457036
-0.171854749,-0.0476972498,-0.286746651,-0.0836679041
-0.168789566,0.0998382717,-0.279435277,0.16037038
-0.136504769,0.174558699,-0.220682383,0.287555277
-0.0717869401,0.14519389,-0.115937673,0.247502103
0.00973749999,0.0292552765,0.0162797924,0.059005402
0.0777439252,-0.11783585,0.12757054,-0.188838273
0.101066642,-0.231221929,0.160459325,-0.371965498
0.0643257946,-0.267795861,0.0989923403,-0.431606054
-0.021941945,-0.22445102,-0.0362161435,-0.370910436
-0.124010965,-0.135087892,-0.204772294,-0.226030156
-0.200162217,-0.0494377017,-0.327977329,-0.081447348
-0.221010178,-0.00602289615,-0.360400945,-0.00461918581
-0.184402511,-0.0138789685,-0.305400699,-0.0156646129
-0.116785623,-0.0520317443,-0.196753815,-0.079515554
-0.0598897561,-0.0855123848,-0.102489069,-0.13921085
-0.0493482314,-0.0876530483,-0.0829106048,-0.147512093
-0.0962153599,-0.0554913729,-0.159043252,-0.0963841155
-0.180895925,-0.00974390097,-0.294423729,-0.0173295401
-0.262515604,0.0198475104,-0.416292191,0.0344474278
-0.298752159,0.0143766738,-0.470326096,0.0302328616
-0.265911728,-0.0215165261,-0.426715255,-0.0255223941
-0.169301406,-0.0620484501,-0.284456223,-0.0943602175
-0.0394007638,-0.0766090676,-0.0745465755,-0.124845386
0.0831455365,-0.0502103269,0.133148938,-0.0847039595
0.165238172,0.00466344459,0.27002418,0.0015044217
0.192699507,0.0529464185,0.315833509,0.0803182721
0.170617491,0.0570824556,0.284781098,0.0903801173
0.114477783,0.00144857285,0.19777745,0.00312443892
0.038799677,-0.0932789817,0.0686294734,-0.15203841
-0.0494293012,-0.175580025,-0.0804217979,-0.287568778
-0.149039999,-0.187546521,-0.240193114,-0.304274172
-0.256923616,-0.0966219082,-0.410656065,-0.158999115
-0.360544056,0.0822291747,-0.549569845,0.12060643
-0.437005788,0.286985427,-0.59926331,0.394729286
-0.460849732,0.433611244,-0.568663895,0.545547485
-0.417042524,0.454787284,-0.520995021,0.583060563
-0.311792582,0.333639324,-0.44529894,0.495645791
-0.174261302,0.115300499,-0.283590406,0.207652003
-0.0468505025,-0.110492118,-0.0803846642,-0.168952093
0.0320081711,-0.248452097,0.0445251912,-0.399321377
0.0442956127,-0.240366176,0.0670421124,-0.394042611
-0.000130388697,-0.0912330747,-0.00463114213,-0.164776877
-0.0687746927,0.133298188,-0.113243282,0.207288295
-0.121712692,0.336696506,-0.182997763,0.512676477
-0.129111871,0.43425712,-0.180360988,0.63285315
-0.0826403797,0.388863057,-0.116706498,0.59150368
0.00403497508,0.223955348,0.0100395586,0.375078082
0.104596108,0.00923616905,0.174019754,0.0275477823
0.193391025,-0.17250666,0.306172132,-0.273551524
0.255606562,-0.260989487,0.383205354,-0.403450698
0.289881319,-0.240267351,0.433391184,-0.374716491
0.303709805,-0.13856788,0.464690566,-0.228253722
0.305913568,-0.00899853744,0.477901906,-0.0260693487
0.301346034,0.0973596275,0.472032249,0.141247138
0.290628672,0.152298525,0.455187798,0.230734512
0.273856342,0.15635936,0.433210343,0.240450367
0.254447073,0.129462406,0.407640278,0.201537296
0.239409611,0.0937880054,0.388348103,0.147429883
0.235124111,0.0594498292,0.380902439,0.0930078328
0.241332218,0.0207002591,0.390068859,0.0307420529
0.247931555,-0.0362484865,0.39820677,-0.0603941642
0.237930208,-0.11939659,0.381706536,-0.19144991
0.196125776,-0.219917119,0.311624557,-0.34907639
0.119044729,-0.310914397,0.184332326,-0.48404178
0.0200556424,-0.35744518,0.0284241959,-0.550393045
-0.0743350834,-0.33304283,-0.120497331,-0.518283844
-0.136127889,-0.234333128,-0.223425105,-0.378837496
-0.149654746,-0.0860330313,-0.252439529,-0.145643786
-0.119920567,0.0667987019,-0.203783527,0.107503392
-0.0702892467,0.176287085,-0.116492629,0.288909197
-0.0300979558,0.211404577,-0.0445917025,0.34687528
-0.0186431669,0.171036214,-0.0236597192,0.286201894
-0.0345094427,0.0845627934,-0.0521153361,0.145256937
-0.0567052923,-0.000516326632,-0.0910896882,0.00344751147
-0.0576596968,-0.0388636217,-0.0982541442,-0.062958084
-0.0212762449,-0.00709208148,-0.0408238731,-0.012971703
0.044153478,0.0851827413,0.0687523633,0.13747558
0.106173731,0.197801113,0.171376333,0.314311475
0.122658886,0.275443316,0.198840812,0.429897994
0.063794218,0.270189613,0.112352483,0.429450214
-0.0698568895,0.162482664,-0.101257294,0.271783829
-0.243218929,-0.0280039664,-0.379086405,-0.0334433503
-0.399659783,-0.24652572,-0.570390582,-0.341297209
-0.485369533,-0.421742916,-0.605564594,-0.507571101
-0.473387212,-0.492100239,-0.56629914,-0.571699619
-0.375403136,-0.430146128,-0.50415045,-0.562390029
-0.235503972,-0.254993826,-0.376203001,-0.39438355
-0.109073631,-0.027259903,-0.193827271,-0.0531520136
-0.0374048464,0.172430947,-0.0629129037,0.276687562
-0.0304376613,0.273496151,-0.0410220958,0.435041279
-0.0655793995,0.24217321,-0.0942728966,0.394848436
-0.102237836,0.0940156206,-0.160556078,0.167330801
-0.103916064,-0.11331816,-0.171658084,-0.172414348
-0.0564278811,-0.304194897,-0.0946003646,-0.468961865
0.0265432205,-0.415929347,0.0279381648,-0.615694284
0.11238876,-0.423260808,0.151846707,-0.621455491
0.167468786,-0.345866352,0.243671611,-0.529960036
0.174323261,-0.235931471,0.268659294,-0.381662816
0.139646798,-0.151814833,0.226176798,-0.253920376
0.0897463113,-0.130178019,0.1494129,-0.216382682
0.0566503815,-0.16956155,0.0926266611,-0.27541852
0.0623197295,-0.232899293,0.0962175354,-0.373087078
0.108613066,-0.267414033,0.162175015,-0.423556864
0.177157372,-0.232038572,0.269886434,-0.371786892
0.238237694,-0.118961819,0.372940511,-0.201305389
0.263899267,0.0411649235,0.419260859,0.0521961711
0.239321515,0.192840561,0.380939454,0.291292131
0.168183982,0.281488985,0.269919693,0.43119812
0.0708474666,0.278912544,0.123560689,0.44039914
-0.0230108891,0.196229592,-0.0257350132,0.324962884
-0.0842338428,0.0782857612,-0.133867443,0.138372704
-0.093415387,-0.0175010897,-0.156151608,-0.0238400064
-0.0472042412,-0.0475638695,-0.0848807842,-0.0773782656
0.0398281589,-0.00138736051,0.0598048382,-0.00573470071
0.138554454,0.0951484367,0.222232237,0.151411906
0.213744417,0.193108618,0.340358198,0.297972679
0.235928923,0.243526012,0.370358407,0.372031897
0.193145469,0.219030574,0.315093786,0.342870772
0.0978426039,0.12443006,0.173350558,0.207377583
-0.0151146455,-0.00754270982,-0.0162687544,-0.00821659248
-0.100369141,-0.131936446,-0.163939357,-0.21258685
-0.120429657,-0.210470259,-0.19932276,-0.335126996
-0.0630576909,-0.224879414,-0.111938447,-0.36223042
0.0506576262,-0.179757416,0.0709654838,-0.296034783
0.172654346,-0.0956074372,0.27215147,-0.161555529
0.247377306,0.00265734759,0.394975245,-0.00369726587
0.236390799,0.0953060314,0.383754641,0.143989369
0.136725336,0.171328783,0.231522888,0.268864065
-0.0163557418,0.225948289,-0.0144862179,0.359785199
-0.164430603,0.25565052,-0.247054204,0.402903289
-0.252340406,0.255226791,-0.381249249,0.396737963
-0.25347659,0.219368681,-0.390222043,0.348427534
-0.181545109,0.147873461,-0.293336749,0.248698458
-0.0828579217,0.0506871827,-0.140168279,0.0940477923
-0.012892033,-0.0514260419,-0.0224134643,-0.0808035731
-0.00882841274,-0.132531375,-0.0150592467,-0.218371645
-0.0718341023,-0.171722487,-0.115911834,-0.283178955
-0.167812571,-0.163078591,-0.269924819,-0.264060974
-0.245813668,-0.120020553,-0.393925846,-0.190970317
-0.264275461,-0.0710684359,-0.424388289,-0.110383444
-0.211514831,-0.0481635705,-0.349107295,-0.0718035996
-0.110302299,-0.0725582838,-0.188454464,-0.112971634
-0.00499087665,-0.144790888,-0.0140562002,-0.232783377
0.0612237826,-0.243610024,0.0946714357,-0.38745743
0.066646859,-0.334640115,0.10097491,-0.517353356
0.0188545268,-0.385042578,0.0252090339,-0.585397601
-0.0528596714,-0.377606571,-0.0838897899,-0.574116886
-0.114691675,-0.317931503,-0.183332488,-0.495374531
-0.144837976,-0.231509879,-0.236925259,-0.37171939
-0.140460193,-0.152087808,-0.235019743,-0.247555569
-0.112722464,-0.106561653,-0.190469146,-0.173140422
-0.0749050006,-0.103134751,-0.127539471,-0.168170363
-0.0324242041,-0.127928212,-0.0577981248,-0.209527165
0.018362442,-0.151481703,0.0246485379,-0.248587713
0.0820777789,-0.142292976,0.128388122,-0.236656278
0.153216019,-0.081571795,0.24500227,-0.140244484
0.210959196,0.0270822719,0.340196699,0.035565678
0.225619406,0.157229483,0.361278981,0.239917502
0.174932674,0.26873517,0.280330509,0.411229968
0.0612565205,0.323012054,0.106766298,0.499506384
-0.081520617,0.298423946,-0.115355499,0.469541281
-0.197951972,0.199804291,-0.303037405,0.32506755
-0.235196754,0.058249265,-0.375482559,0.105688803
-0.169884115,-0.0789966136,-0.284197241,-0.118242256
-0.0231623892,-0.16500172,-0.0489417985,-0.265682697
0.145539582,-0.169949338,0.224229798,-0.277613342
0.264659077,-0.092033796,0.412134498,-0.156755552
0.284263432,0.0417116508,0.45177722,0.0516693294
0.200302482,0.185132563,0.326906294,0.281673938
0.0564839691,0.289741993,0.101312257,0.451052487
-0.0776738897,0.322367132,-0.109159537,0.500122488
-0.141491592,0.277000844,-0.214881942,0.440215528
-0.11250174,0.176313102,-0.182205394,0.297076881
-0.0153062148,0.0622025765,-0.0303411484,0.112120889
0.0943270549,-0.0209715329,0.153558254,-0.0324454233
0.161037683,-0.043925073,0.263891071,-0.0774384215
0.159656048,-0.0038403878,0.264505297,-0.0146895181
0.106957309,0.0748938322,0.18097432,0.11520981
0.0493111201,0.150854424,0.0846589878,0.243966103
0.033633586,0.182543024,0.0576435551,0.299618781
0.0783480406,0.145287111,0.130303204,0.243087038
0.160988018,0.0413112417,0.26516822,0.0733308047
0.229662165,-0.100951113,0.368445158,-0.158620164
0.232115194,-0.237819374,0.361809283,-0.369685978
0.146128193,-0.326978117,0.224132732,-0.506582677
-0.00587458909,-0.342978686,-0.00894109625,-0.535054147
-0.166398153,-0.285578758,-0.260727793,-0.449819148
-0.271555036,-0.178044096,-0.427600294,-0.278843433
-0.283168137,-0.0567584746,-0.454139382,-0.0877573043
-0.206821725,0.0430731736,-0.344289929,0.0735194236
-0.0863806829,0.0996135622,-0.147817522,0.169158354
0.0212686174,0.109848864,0.0330424495,0.185469374
0.076549679,0.0869473964,0.130665064,0.144645035
0.0754245967,0.0517452918,0.129519731,0.0863094926
0.0457203276,0.0228810832,0.0795702189,0.0369121321
0.0246944297,0.0101504344,0.0414373502,0.0165151004
0.0320047289,0.0135706598,0.052344691,0.0228731781
0.0549366213,0.0275430717,0.0919172913,0.0448264927
0.0554541834,0.0469398089,0.0942977369,0.0767687634
-0.00449259765,0.0711788014,-0.0016668418,0.115289547
-0.134351224,0.103736445,-0.21194081,0.16810742
-0.300869107,0.147348121,-0.457384497,0.230144322
-0.438749433,0.197890043,-0.617557287,0.286227763
-0.482261539,0.241130769,-0.652337253,0.334323674
-0.401411712,0.255430013,-0.572188497,0.372285873
-0.22244148,0.220450729,-0.351249456,0.358061224
-0.0199014395,0.12847048,-0.0370619223,0.222860724
0.117410414,-0.00726063736,0.194705009,-0.00567869516
0.129894614,-0.152178869,0.217439279,-0.247581556
0.0173996203,-0.25995627,0.0340620428,-0.417750955
-0.160028726,-0.289223999,-0.245999768,-0.453411251
-0.311941087,-0.220898077,-0.474217325,-0.338119209
-0.362737924,-0.0684024617,-0.560219049,-0.104433715
-0.289012581,0.124498926,-0.461523622,0.195653796
-0.129712045,0.298418313,-0.208248943,0.465072304
0.0358178914,0.400146037,0.0543975979,0.600944102
0.129935846,0.402599663,0.200641498,0.595367014
0.116582334,0.314423472,0.193832174,0.487414241
0.0181522649,0.175093904,0.0435698032,0.290878892
-0.0988180935,0.0377663225,-0.154392898,0.0677357167
-0.160637155,-0.0524440184,-0.265383571,-0.0820001736
-0.125828445,-0.0751233548,-0.216431439,-0.120875753
-0.00594579242,-0.0391130932,-0.0198453739,-0.0657210052
0.142545804,0.0262150206,0.227412418,0.0401643477
0.249895081,0.0877954215,0.398996919,0.135731578
0.270373344,0.124971569,0.431808591,0.189911261
0.205057055,0.13683103,0.337347835,0.214202955
0.0984804928,0.137622416,0.170083642,0.222339034
0.0121410871,0.143556327,0.0242274571,0.235487372
-0.00971710216,0.158962041,-0.0152188409,0.263019055
0.0369659699,0.170174599,0.0594415814,0.28075856
0.116485573,0.15135923,0.190455958,0.249890566
0.175887883,0.0798488781,0.290760159,0.132726431
0.176167935,-0.0470495671,0.293328196,-0.0754795074
0.114400044,-0.203364685,0.190324724,-0.324965388
0.0246934798,-0.339904845,0.0375463963,-0.524675906
-0.0419332981,-0.402818799,-0.070804432,-0.601625919
-0.0468688011,-0.357275099,-0.0825525671,-0.54961592
0.0143288346,-0.204996228,0.0106156664,-0.342381597
0.10985098,0.0133014005,0.172450513,0.0105898874
0.190084457,0.232558295,0.297662079,0.355376989
0.215910792,0.388888508,0.322284162,0.559550881
0.180843204,0.444361031,0.268246293,0.628982365
0.114658825,0.399687141,0.181064919,0.592746377
0.0666484535,0.28928858,0.114252999,0.458956391
0.0779327601,0.161788687,0.130785689,0.270920008
0.158206597,0.0559858456,0.257780761,0.0948693305
0.27962634,-0.0156828202,0.438438863,-0.0275451206
0.39098677,-0.0682783499,0.583463907,-0.106439427
0.444241405,-0.13023147,0.638194561,-0.193585098
0.418900549,-0.221971273,0.598807931,-0.320552498
0.331330478,-0.339044392,0.472332925,-0.487556368
0.224444494,-0.449109674,0.311465561,-0.631590486
0.143930525,-0.504993618,0.190352231,-0.695189774
0.114170983,-0.467624247,0.151127651,-0.667352974
0.126717672,-0.327387363,0.182640105,-0.51297164
0.147007048,-0.112951063,0.231462225,-0.199189961
0.135050565,0.117378592,0.221083537,0.179230079
0.0685526505,0.298204392,0.115159564,0.460459054
-0.0439305082,0.38318342,-0.0529567972,0.578254402
-0.166418374,0.362802625,-0.235709608,0.547532201
-0.253165543,0.265952826,-0.376984417,0.415074497
-0.270911157,0.145251408,-0.421957493,0.239853308
-0.214224637,0.0535915531,-0.350541055,0.0965678096
-0.10667824,0.0230283197,-0.184103504,0.0433887243
0.0117409518,0.0552579835,0.0140635213,0.0908496752
0.103683211,0.126780629,0.170506641,0.205768898
0.150089368,0.204601184,0.243922338,0.321952999
0.155292332,0.263627231,0.250440419,0.409893185
0.140494198,0.296924591,0.224638075,0.459017426
0.130486369,0.314402133,0.207345605,0.483345985
0.141188234,0.331841528,0.22173886,0.507069826
0.174007386,0.357153028,0.264647275,0.532809079
0.218530625,0.38188234,0.32475242,0.555593967
0.260427147,0.382914275,0.379518569,0.546841979
0.289216816,0.333764702,0.428618699,0.485797703
0.301638335,0.219733208,0.465703338,0.335742652
0.299691737,0.0490778647,0.478011578,0.0804710984
0.285815358,-0.14576219,0.448229909,-0.225568801
0.259094983,-0.318065196,0.383544117,-0.474377632
0.215251982,-0.423701018,0.302074939,-0.607693434
0.150366008,-0.437588781,0.210477725,-0.636101723
0.0657044053,-0.36262998,0.0946768597,-0.559569955
-0.0297621451,-0.22754091,-0.0508828796,-0.376583487
-0.121182941,-0.0749915019,-0.201530457,-0.13060157
-0.193362921,0.0544692017,-0.314844221,0.0865761414
-0.237111211,0.135846645,-0.374352396,0.220105141
-0.252936602,0.165379733,-0.394885898,0.267232507
-0.250039876,0.157172054,-0.391997844,0.25548178
-0.241084591,0.133484438,-0.380466253,0.219467536
-0.235432252,0.113768302,-0.373815179,0.186157197
-0.234247699,0.107354954,-0.373839915,0.176738858
-0.229840696,0.112359643,-0.367698729,0.18401286
-0.209486902,0.120126434,-0.336629808,0.198190317
-0.161912695,0.122031681,-0.265732229,0.2047773
-0.0835833848,0.114787132,-0.140329376,0.194482386
0.0177894216,0.101681761,0.026946485,0.17204617
0.123871349,0.0896532163,0.202962458,0.148617879
0.21029453,0.0843618065,0.339609861,0.131744489
0.253819853,0.0863947496,0.406084031,0.133439675
0.239973381,0.0909239352,0.387606353,0.139016926
0.168849319,0.0910587758,0.28189519,0.143240482
0.0570152961,0.0829161108,0.102318622,0.134735793
-0.065767996,0.0692825615,-0.102014713,0.11504548
-0.164887786,0.0593401827,-0.268213004,0.0991011932
-0.212256074,0.064023003,-0.344805121,0.107092068
-0.196929872,0.0891139209,-0.321258664,0.148455068
-0.130507186,0.129809931,-0.217172265,0.215100259
-0.0440558977,0.170201018,-0.0739626959,0.281277686
0.0235156007,0.188880146,0.0410809666,0.309013158
0.0417432487,0.168723315,0.0743309408,0.279410332
0.00270451815,0.106348164,0.0118838539,0.179050699
-0.0739915073,0.0162990876,-0.115948096,0.0312526077
-0.148815095,-0.0729096755,-0.243067786,-0.115121119
-0.180253133,-0.129949048,-0.294567913,-0.206275582
-0.145338446,-0.134343237,-0.244732454,-0.216240004
-0.0528107472,-0.0862387195,-0.0974559262,-0.144165978
0.058430098,-0.00722769042,0.0894935653,-0.0160623565
0.136216119,0.0687877238,0.222827137,0.109257296
0.140248135,0.110843569,0.234486431,0.176889494
0.0635328367,0.105156332,0.115317576,0.172518879
-0.0609745309,0.0613421835,-0.0916717947,0.102373376
-0.173018709,0.00724264514,-0.278501183,0.0157552976
-0.212095618,-0.0254595596,-0.347725302,-0.0372797363
-0.146484166,-0.0179137997,-0.249609292,-0.0249626935
0.00985848159,0.0253133196,0.00667588459,0.0434019193
0.20132333,0.077385731,0.319442779,0.123871781
0.354408473,0.102003299,0.539534628,0.151103869
0.410295188,0.071877636,0.612818182,0.102262624
0.350789338,-0.0162008889,0.547048628,-0.0295773093
0.205257729,-0.137382075,0.339342296,-0.222996935
0.0354604088,-0.248222843,0.06180856,-0.399607956
-0.0939851478,-0.305347025,-0.149247527,-0.477449715
-0.144852206,-0.284462601,-0.2340931,-0.445697665
-0.120110124,-0.190711319,-0.203539953,-0.309661031
-0.0577381179,-0.0556449518,-0.105211891,-0.0967193916
-0.00774378283,0.0772550404,-0.0161413886,0.126095966
-0.00490741711,0.171073213,-0.00299367495,0.278445035
-0.0514418148,0.208928958,-0.0753349289,0.340031087
-0.118054621,0.196445674,-0.181659952,0.320713371
-0.161970481,0.153271556,-0.25746727,0.256467491
-0.151609004,0.0994153619,-0.24826178,0.170408621
-0.0844473094,0.0445036665,-0.144050717,0.0800448284
0.0113546662,-0.0141526116,0.0158607643,-0.0194822159
0.0920508206,-0.0842586532,0.149782568,-0.136718124
0.121657714,-0.167181969,0.197829038,-0.27112627
0.0908797979,-0.250276536,0.144989893,-0.400801003
0.0216032527,-0.308622271,0.0328103602,-0.485408723
-0.0451055244,-0.316420734,-0.0755853876,-0.497108072
-0.0707207844,-0.262341559,-0.120592065,-0.421496361
-0.0389416628,-0.160109982,-0.0723861381,-0.267166167
0.036971394,-0.0474172831,0.0531694591,-0.0822090283
0.122598939,0.0279351603,0.199602395,0.0437107384
0.181373075,0.0289015099,0.296955168,0.0473105237
0.193577677,-0.0528691486,0.318749279,-0.0837451965
0.165142253,-0.191110268,0.266671717,-0.302659243
0.121967264,-0.334526956,0.18595776,-0.51159817
0.0935853049,-0.427848786,0.129659563,-0.626392305
0.0957036018,-0.434675753,0.129076675,-0.636886001
0.121507153,-0.351631254,0.175040141,-0.54108429
0.14646481,-0.207708284,0.225969523,-0.343177974
0.143710211,-0.0499492586,0.234261289,-0.0938658193
0.101136081,0.0770080015,0.170375273,0.120247543
0.0303942971,0.147650495,0.0557852276,0.240962371
-0.0374970585,0.161404297,-0.0551949218,0.267351657
-0.0678044111,0.136420965,-0.108635373,0.230830252
-0.0405970663,0.096276246,-0.0695714206,0.165238097
0.0379114412,0.0574380904,0.0615266785,0.100221865
0.137418509,0.0238441732,0.224724248,0.0396277457
0.218008339,-0.00983804744,0.352256268,-0.0189870168
0.249431655,-0.0498257987,0.4012779,-0.0845997706
0.225071892,-0.0958519131,0.36459887,-0.157157779
0.163436353,-0.139686733,0.268233538,-0.230809003
0.0967725739,-0.170275688,0.158413351,-0.279712081
0.0532929897,-0.181791365,0.0841820464,-0.299608678
0.042777013,-0.178890884,0.0652625784,-0.295035273
0.053272374,-0.175090417,0.0821292922,-0.288586527
0.0603963062,-0.184460744,0.0960585624,-0.303264409
0.0437503979,-0.211247236,0.0698209554,-0.343009889
0.0010150288,-0.243854076,-0.000501065981,-0.39223066
-0.048471503,-0.257679701,-0.0809003264,-0.411259592
-0.0730787143,-0.226503938,-0.123659372,-0.367400616
-0.046440579,-0.137131438,-0.0856038481,-0.231123596
0.0362629443,0.000372686307,0.0516041182,-0.00355695654
0.152419582,0.152813181,0.241281882,0.24174048
0.260314435,0.275304645,0.396149933,0.412649125
0.317997783,0.329231739,0.464969218,0.469965696
0.303275406,0.298501253,0.455468953,0.43627888
0.224507973,0.1965231,0.363103896,0.30843848
0.11641518,0.0607776493,0.202184573,0.1021749
0.0227302331,-0.062294241,0.0427662842,-0.0998460129
-0.0256000683,-0.134994581,-0.0440159589,-0.222557515
-0.0255038142,-0.140855193,-0.0493428707,-0.233521536
-0.0022588002,-0.0871454626,-0.00904450938,-0.14734818
0.00514023937,0.00232181884,0.0062625017,-0.00174616289
-0.0335919559,0.0994367674,-0.0520169884,0.161236584
-0.121335045,0.182836682,-0.188911855,0.294981986
-0.228524014,0.243143871,-0.346817434,0.378853798
-0.305008292,0.281452537,-0.446646988,0.423239827
-0.303580046,0.303639084,-0.445098281,0.453142375
-0.203923956,0.314625442,-0.310495853,0.483510137
-0.0252112746,0.315784156,-0.0447172299,0.49981311
0.179162368,0.306133002,0.273049265,0.472236216
0.342688292,0.285512835,0.50110209,0.413860947
0.413128465,0.256987572,0.590337932,0.356345266
0.373657703,0.226625398,0.554084003,0.323331952
0.248330161,0.20081833,0.397863895,0.30562374
0.0899450555,0.183007702,0.157996595,0.294415653
-0.0434078425,0.172037005,-0.0632740259,0.28242752
-0.111931473,0.163218707,-0.178884551,0.269649327
-0.107293949,0.151396841,-0.175708458,0.252172232
-0.0505134203,0.134012535,-0.0839705914,0.226818368
0.0226639882,0.112243809,0.0362622291,0.189445898
0.0803596228,0.0896112397,0.133785501,0.149511814
0.10753075,0.069130376,0.180258483,0.112803146
0.107610032,0.0510429367,0.182496816,0.083086744
0.093685627,0.0327566639,0.158106789,0.0523662679
0.0757377818,0.0111336,0.129038975,0.0176058896
0.0521819331,-0.0143476063,0.0891415402,-0.025082916
0.010985259,-0.0397201143,0.0207804032,-0.0675885677
-0.0603114478,-0.0574178435,-0.0975811332,-0.0971850604
-0.161864251,-0.0597317219,-0.261636972,-0.098239921
-0.274290651,-0.043040432,-0.433456153,-0.0659656003
-0.362420887,-0.0104814274,-0.554566622,-0.0124118058
-0.389510095,0.0284256972,-0.587094545,0.0500283316
-0.335313022,0.0609968677,-0.522120595,0.100029774
-0.208659276,0.0757505968,-0.344293565,0.130629182
-0.0473522246,0.0658526793,-0.085763745,0.115914807
0.0956419632,0.0304462165,0.156356394,0.0542715602
0.173792511,-0.0258657858,0.285721391,-0.0414703265
0.166336253,-0.0941325128,0.275288492,-0.157666564
0.08619266,-0.161701456,0.145711735,-0.26655218
-0.0271677747,-0.212546393,-0.0411439426,-0.346539676
-0.1262144,-0.228679076,-0.203202352,-0.365353763
-0.176154032,-0.194198027,-0.287047654,-0.310247809
-0.168262407,-0.102079965,-0.281638414,-0.167763412
-0.120133318,0.0385922343,-0.204719335,0.0592251793
-0.0639612973,0.19911398,-0.105868503,0.320024043
-0.0297119003,0.335229993,-0.042613104,0.517688096
-0.031881094,0.399762899,-0.0393792763,0.599329054
-0.0657879412,0.360310137,-0.0892142802,0.555213571
-0.113765962,0.214799166,-0.171549246,0.355776638
-0.156416506,-0.0029542828,-0.249281749,0.00904738624
-0.182066903,-0.232118919,-0.288027585,-0.353066474
-0.189597934,-0.406243235,-0.282931,-0.583998919
-0.184387743,-0.478938133,-0.264849603,-0.662181497
-0.171377316,-0.442618012,-0.252444565,-0.631702781
-0.150640592,-0.331334412,-0.238495529,-0.510063589
-0.118623793,-0.205606028,-0.199047685,-0.335114032
-0.0739260986,-0.125520095,-0.12789461,-0.206978112
-0.0229573548,-0.124157138,-0.0410925262,-0.200623021
0.0195846409,-0.193562016,0.0285589937,-0.31095314
0.0372775644,-0.289749891,0.0564106293,-0.454766452
0.0225160569,-0.354270458,0.0304760262,-0.545628369
-0.0155545659,-0.34202525,-0.0294464231,-0.532071471
-0.0519133732,-0.242202327,-0.0887957364,-0.395594746
-0.0569871888,-0.0827341229,-0.102291845,-0.144531071
-0.0136612048,0.0832167119,-0.0287173614,0.133696064
0.0692721009,0.201657578,0.110601023,0.326568007
-0.269499093,-0.219854519,-0.371131271,-0.310774118
-0.163230792,-0.172754824,-0.295739651,-0.284610271
-0.043054156,-0.10750328,-0.0810144916,-0.178531557
0.0549739674,-0.0327800252,0.085473083,-0.0585304126
0.100999348,0.0468853414,0.167650878,0.0726963133
0.0839721635,0.132277742,0.142594308,0.210202172
0.0177897066,0.227065504,0.0356703997,0.362395257
-0.0627193749,0.332525283,-0.0886825845,0.511692643
-0.115396008,0.441850007,-0.160738409,0.637055099
-0.108747743,0.537280858,-0.141007572,0.724022269
-0.0364961401,0.592630744,-0.0418407284,0.767936766
0.0782842189,0.581598282,0.106303751,0.757698059
0.192029044,0.489383638,0.268642515,0.673440754
0.259162158,0.322828412,0.390755296,0.481922328
0.252058536,0.113893598,0.410553008,0.184805721
0.17330718,-0.0866613835,0.291415691,-0.139848784
0.0544534959,-0.224596113,0.0925025344,-0.36592719
-0.0582807548,-0.261468619,-0.0958258435,-0.421600163
-0.124569744,-0.190299317,-0.20989652,-0.312749207
-0.12708649,-0.0406217873,-0.217954457,-0.0731352121
-0.0771338493,0.130271569,-0.13214162,0.210644156
-0.00653334195,0.257463396,-0.0100023849,0.411641628
0.0496601649,0.292472839,0.0829967856,0.46518898
0.070588097,0.221675515,0.122214012,0.362114638
0.0583396293,0.0714360997,0.10508395,0.12530385
0.033961948,-0.102383018,0.0596730784,-0.164019272
0.023475755,-0.236407757,0.0362620614,-0.377978235
0.0419043563,-0.284294516,0.0589688309,-0.454225868
0.0842417106,-0.233868659,0.126362309,-0.382372826
0.128362462,-0.110119984,0.204586715,-0.190171123
0.14821744,0.0366554186,0.24293299,0.0500278212
0.129864424,0.152097955,0.215583503,0.241864488
0.081139043,0.19928728,0.138064608,0.32234928
0.0290996972,0.171727046,0.0545149222,0.284861386
0.00606363127,0.0930607915,0.0139755327,0.159635529
0.0314910822,0.00456122635,0.0510405861,0.0110942088
0.0996254161,-0.0535765179,0.162562117,-0.088726975
0.180086404,-0.0589860268,0.288667053,-0.101054221
0.231852934,-0.0152042219,0.371744871,-0.031984482
0.223813087,0.0515509322,0.36374566,0.0734465718
0.151226804,0.104688615,0.255097121,0.165435731
0.0392209366,0.112933122,0.0743074566,0.183957666
-0.0689711645,0.062833488,-0.107694857,0.107930824
-0.133303061,-0.0365922377,-0.218305156,-0.0533576943
-0.136841238,-0.158211246,-0.225051492,-0.248480186
-0.0939067006,-0.267627537,-0.155219465,-0.418052137
-0.0420268662,-0.335759997,-0.073953934,-0.517444551
-0.0217452627,-0.34820956,-0.0400553532,-0.536500931
-0.0547894314,-0.308245182,-0.0899460688,-0.486470163
-0.132096648,-0.233049601,-0.212892711,-0.375250667
-0.218137205,-0.145524904,-0.351126999,-0.2356814
-0.269454122,-0.0654503852,-0.430116892,-0.101193264
-0.257819623,-0.00362235727,-0.416963279,-0.00175676506
-0.185868368,0.0390303507,-0.308514208,0.068268992
-0.0868848488,0.0677239373,-0.149988025,0.115897097
-0.00862976816,0.0879267156,-0.0164727066,0.148355886
0.0105996476,0.100610733,0.0232285708,0.165022552
-0.0385803431,0.101246938,-0.0582943745,0.168021947
-0.131628156,0.0831263065,-0.209274456,0.138997212
-0.222002953,0.0431886055,-0.354243338,0.0755316094
-0.263850212,-0.0130613418,-0.42064774,-0.0123796109
-0.233882397,-0.0708682686,-0.381478429,-0.106364533
-0.141544282,-0.111142933,-0.239932656,-0.176412329
-0.0227981117,-0.119362764,-0.0464735776,-0.196004257
0.0786645412,-0.0942742825,0.124241605,-0.158499867
0.132731095,-0.0515285172,0.216707617,-0.091243878
0.135806054,-0.0192325506,0.225922346,-0.0378860421
0.109315388,-0.0261867922,0.184962317,-0.044536151
0.0854798108,-0.0875626877,0.143112808,-0.14174287
0.0885807127,-0.194866866,0.143174633,-0.312584788
0.121841788,-0.315860331,0.182557136,-0.485899806
0.166526288,-0.405835509,0.234612048,-0.595049858
0.193018958,-0.426139683,0.267113775,-0.615623295
0.17731598,-0.361787081,0.257302076,-0.547818899
0.113854796,-0.229675516,0.178837091,-0.378532827
0.0181209669,-0.0728429258,0.0310107339,-0.131864637
-0.0816415697,0.0572681502,-0.132459402,0.0918016806
-0.158397317,0.122580789,-0.254628241,0.201662377
-0.19806689,0.113897607,-0.317105442,0.191551581
-0.20299539,0.0526294522,-0.328683764,0.0946266428
-0.186162785,-0.0220701844,-0.305938184,-0.0284548104
-0.160463318,-0.0741825476,-0.266036242,-0.118281394
-0.129896745,-0.0888999924,-0.218344212,-0.145628631
-0.0879396573,-0.0783884749,-0.151532814,-0.128790781
-0.023780439,-0.0721096769,-0.0449905358,-0.118670799
0.0677140579,-0.0968669802,0.106927857,-0.158383414
0.178659618,-0.157572418,0.281389862,-0.251780838
0.288202018,-0.229847044,0.432445914,-0.352386504
0.370305121,-0.269619286,0.528589129,-0.396355063
0.405070007,-0.235782936,0.573011279,-0.348843277
0.387336195,-0.114477873,0.574525416,-0.184445336
0.327960879,0.0681992173,0.508463979,0.0902866349
0.247460231,0.25300169,0.386150509,0.373924911
0.166046754,0.371994287,0.255949497,0.549073517
0.0959135219,0.379424065,0.153743982,0.572259068
0.0398618914,0.273794234,0.0733104497,0.441217035
-0.00383494562,0.099718757,0.000931533403,0.175594896
-0.0344699807,-0.0720209628,-0.0543729551,-0.112414382
-0.0453025028,-0.176827222,-0.0771054998,-0.289012223
-0.026504498,-0.185244188,-0.0499013849,-0.304207176
0.026697671,-0.114300907,0.0354092754,-0.195578635
0.106011167,-0.0159031507,0.170061439,-0.0319977105
0.188313276,0.0513946563,0.304732978,0.0805257484
0.243082792,0.0525069796,0.391874045,0.0836843178
0.246467322,-0.00764277671,0.401077509,-0.0140681881
0.194799781,-0.0893054754,0.322028071,-0.14824155
0.109568402,-0.141434208,0.181605428,-0.235275
0.02973032,-0.130544335,0.0479726233,-0.220729947
-0.00601163087,-0.0592508279,-0.014451365,-0.103900157
0.0215464998,0.0354341753,0.030661894,0.0563546568
0.101455025,0.102932617,0.164802611,0.168921828
0.196726963,0.107556216,0.317545116,0.175916672
0.261805415,0.0489219204,0.421559036,0.0789190307
0.264735341,-0.0370100327,0.425604016,-0.0597662888
0.202582523,-0.0971096829,0.332997233,-0.161906883
0.101994634,-0.0902729258,0.172214001,-0.157315448
0.00466980785,-0.0108676124,0.00967394933,-0.0264479462
-0.0543405041,0.106428273,-0.090745613,0.171169743
-0.0636522472,0.203361288,-0.103427835,0.32997039
-0.0386616737,0.227792934,-0.0600391477,0.372419655
-0.0093343081,0.160687208,-0.0118048871,0.271576881
2.42548285e-05,0.0260530151,0.00552246487,0.0523640104
-0.0129924361,-0.121486716,-0.0190267507,-0.195725664
-0.0265478175,-0.224917129,-0.0453569554,-0.361791402
-0.00811460987,-0.253828287,-0.0211213902,-0.408339262
0.0634401515,-0.218743846,0.0923876017,-0.356527656
0.180099607,-0.163173601,0.27878812,-0.26777193
0.302448511,-0.137716338,0.464177817,-0.217008322
0.375880331,-0.170209959,0.55720222,-0.255600572
0.357814014,-0.248169348,0.524413168,-0.368198156
0.241691515,-0.323344857,0.363138497,-0.487819493
0.0643329322,-0.336544126,0.100853525,-0.525617778
-0.108488925,-0.250044823,-0.174347445,-0.406336814
-0.211910874,-0.070676893,-0.349194765,-0.121958107
-0.212440103,0.148798048,-0.346968561,0.235054702
-0.123400174,0.331404895,-0.193533391,0.511034906
0.00268852198,0.410444856,0.00655535795,0.614390492
0.100867674,0.359976232,0.159609884,0.552643955
0.125717074,0.206534222,0.212840453,0.338902831
0.0720139518,0.0166788567,0.132336944,0.0340558365
-0.0262500569,-0.133237123,-0.0369841568,-0.220057175
-0.117142737,-0.190372586,-0.192131892,-0.309235513
-0.160197511,-0.146225154,-0.265795946,-0.240434423
-0.147717044,-0.0361486934,-0.250547558,-0.0614433475
-0.106562644,0.0806793123,-0.179790571,0.132613003
-0.0800218433,0.15001972,-0.129532412,0.248536468
-0.100427143,0.146027252,-0.158073813,0.243718684
-0.168241277,0.0791254789,-0.267525107,0.136743858
-0.249581993,-0.0136332978,-0.396116406,-0.0136603238
-0.293767244,-0.0892034993,-0.462537676,-0.134517625
-0.261230856,-0.119207762,-0.420767695,-0.18265231
-0.146338135,-0.100960411,-0.250493079,-0.161529675
0.0175746456,-0.0549703836,0.0177408308,-0.0914272368
0.173808709,-0.011951739,0.279118329,-0.02109164
0.270109236,0.00310301571,0.432542682,-0.000823910756
0.283675343,-0.0180334151,0.453122646,-0.0330727361
0.230176866,-0.064980194,0.37640819,-0.109241657
0.152598679,-0.115457281,0.252220333,-0.191047996
0.0968239233,-0.146135584,0.158698171,-0.242649794
0.0878086388,-0.142262906,0.139627114,-0.237043455
0.119206592,-0.102430329,0.190024659,-0.172794089
0.161142692,-0.037782114,0.259826541,-0.0683179796
0.180333927,0.0326510109,0.294909269,0.0462470166
0.159998268,0.0880206749,0.26654622,0.138563275
0.107796758,0.111285731,0.183233678,0.179833502
0.047793068,0.0936176553,0.0843303874,0.155428872
0.00239019911,0.0373474211,0.00990072079,0.0650608689
-0.0235915892,-0.043048881,-0.0389765538,-0.0673275515
-0.0458832905,-0.122921228,-0.0772884339,-0.199704334
-0.0881650895,-0.173182994,-0.144932285,-0.281920344
-0.161452517,-0.169290811,-0.261264205,-0.274464041
-0.248969704,-0.10092064,-0.398493409,-0.16312924
-0.307815969,0.021687638,-0.485572278,0.0332216546
-0.289241254,0.168428272,-0.451441407,0.261676311
-0.16782935,0.298270941,-0.264568061,0.464339733
0.0368565321,0.373850912,0.0530026443,0.571550488
0.260193408,0.375919431,0.376428396,0.544529974
0.417132229,0.311139941,0.579883695,0.427793801
0.441021651,0.209211379,0.629490554,0.290403336
0.317242205,0.110076182,0.503369927,0.164618
0.0935455188,0.0467554107,0.171213239,0.0718954057
-0.13972117,0.0316744596,-0.220629171,0.0485435389
-0.290741295,0.0528594367,-0.458294243,0.0865600407
-0.308411211,0.0816827863,-0.485197932,0.133592069
-0.204229563,0.0882054642,-0.337347597,0.152446598
-0.0428483188,0.0564481393,-0.0783130825,0.101933829
0.0934079438,-0.00795566663,0.153630391,-0.00907754432
0.14708218,-0.0813522711,0.243633851,-0.133503199
0.11265666,-0.134811983,0.1877276,-0.223745987
0.0342054218,-0.149336025,0.0570569038,-0.25005585
-0.0241996665,-0.125708655,-0.0430374034,-0.211390838
-0.0182475653,-0.0840473324,-0.0368968248,-0.140086651
0.049288176,-0.0534426197,0.0757800117,-0.0899466723
0.129295006,-0.0571099818,0.209309161,-0.0934279338
0.155074492,-0.100636274,0.256240904,-0.165283769
0.083209902,-0.169162497,0.140654474,-0.278041899
-0.0765522048,-0.234696373,-0.117254645,-0.379331946
-0.259988278,-0.269645125,-0.392954707,-0.409545273
-0.377848744,-0.259703696,-0.54928273,-0.371262074
-0.361330956,-0.209840044,-0.544661999,-0.303968996
-0.199600205,-0.140835345,-0.336149901,-0.220047072
0.0509956069,-0.0786461011,0.0668478832,-0.127128422
0.291705519,-0.0422792695,0.450321257,-0.0688985512
0.427940458,-0.0362495743,0.628967524,-0.060127072
0.41388315,-0.050985001,0.618037283,-0.0839087144
0.272417903,-0.0702898726,0.439809144,-0.119073607
0.0806461051,-0.0814052746,0.142439887,-0.141112819
-0.0707718953,-0.0821046084,-0.115129344,-0.138485387
-0.122846626,-0.0810777098,-0.206556529,-0.131196946
-0.0747266039,-0.0915481746,-0.131696209,-0.146611989
0.0213463958,-0.121694833,0.0281595364,-0.197961733
0.0923519954,-0.167179525,0.147379056,-0.272570074
0.0856512785,-0.210090533,0.138945788,-0.341730595
-0.00331939338,-0.225430951,-0.00374419219,-0.368259072
-0.130963728,-0.192493051,-0.211144403,-0.315250158
-0.231750533,-0.105894983,-0.373327523,-0.17190595
-0.255301356,0.0190712325,-0.413326591,0.0310910903
-0.193648189,0.149757653,-0.317284703,0.242596924
-0.0841627568,0.247322321,-0.136891037,0.398364902
0.0124805532,0.281384021,0.0224915463,0.448672384
0.0462538488,0.242117926,0.0812910572,0.391968787
0.00455302605,0.144621938,0.0183792785,0.2429391
-0.082604371,0.0234971624,-0.128897294,0.0438333042
-0.160928771,-0.0803601816,-0.262743592,-0.126465067
-0.182653651,-0.135461211,-0.299519181,-0.215055585
-0.13222903,-0.131486177,-0.224641934,-0.213148713
-0.0329005234,-0.0822163299,-0.0640232861,-0.136234775
0.0686194003,-0.0183952767,0.108857743,-0.0320629701
0.12978822,0.0264555961,0.214951962,0.0395079143
0.135988116,0.0311694238,0.229495555,0.0475007556
0.106957585,-0.00359445461,0.182229668,-0.00834129006
0.0827446505,-0.0557734296,0.139998019,-0.0919808671
0.0978537202,-0.0921311006,0.157714695,-0.154249609
0.158897996,-0.0837926269,0.254358023,-0.140996441
0.238859504,-0.0200788155,0.379569471,-0.0391311161
0.291403979,0.0857424513,0.457224607,0.124727048
0.277175426,0.201575175,0.434041947,0.300708234
0.187148601,0.290278524,0.297800452,0.439088315
0.049753923,0.32581979,0.0886252224,0.502732337
-0.0824111849,0.304295301,-0.117531195,0.478783131
-0.15909487,0.244661167,-0.244486362,0.392042607
-0.157673076,0.178875878,-0.252362639,0.295433849
-0.0935758427,0.136234239,-0.157183766,0.22906588
-0.0105615342,0.129485831,-0.0193611365,0.215849936
0.0433826447,0.149457365,0.0742215738,0.245404467
0.041090712,0.170713425,0.0736181363,0.27786985
-0.0112827774,0.165339738,-0.0107296146,0.272402197
-0.0804885849,0.117924824,-0.124853849,0.199079499
-0.126831323,0.0342662893,-0.207304999,0.0650166944
-0.127190888,-0.0604900531,-0.211617589,-0.0935818478
-0.0875415504,-0.133272722,-0.149455965,-0.214294046
-0.0384139419,-0.158345923,-0.0687522888,-0.261971265
-0.0164687913,-0.128925651,-0.0308289845,-0.217477039
-0.042969346,-0.059694346,-0.0720698461,-0.10585399
-0.111305751,0.020557208,-0.180821449,0.031115219
-0.190307245,0.0820675865,-0.306905925,0.134921342
-0.241130769,0.106381223,-0.38359803,0.175375909
-0.238121793,0.0920911208,-0.381205261,0.154895842
-0.182221621,0.0521562472,-0.300100952,0.0939119458
-0.100003444,0.00533166993,-0.169585854,0.0158973429
-0.0294766203,-0.0330759548,-0.0530891195,-0.0527606569
-0.000802016235,-0.0563129447,-0.0019524541,-0.0937406868
-0.0222363174,-0.0653402135,-0.0368314162,-0.109942213
-0.0780915245,-0.0639626458,-0.12783663,-0.10719692
-0.138597518,-0.0540301427,-0.228592679,-0.0874418914
-0.175342381,-0.0342539437,-0.28854394,-0.0551754832
-0.173801795,-0.00333011476,-0.287420362,-0.00263778656
-0.137165949,0.0352166854,-0.231038466,0.0590737388
-0.0812039375,0.0706243813,-0.138199866,0.11909879
-0.024789514,0.0878280699,-0.0422333591,0.14892152
0.017833773,0.0752209947,0.028967578,0.126944944
0.0394090042,0.0331776366,0.0681872442,0.0581676774
0.0373544395,-0.0221106987,0.0646310151,-0.0365590975
0.0107019758,-0.0630391017,0.0202463679,-0.105616286
-0.0398607105,-0.0623980723,-0.0655857772,-0.106186584
-0.108167492,-0.007262717,-0.179355949,-0.0169098657
-0.178257331,0.0923119634,-0.289461255,0.146783903
-0.224629939,0.205081195,-0.351214856,0.322233081
-0.220101833,0.291039944,-0.33309567,0.447095543
-0.149330482,0.318989426,-0.228231326,0.495944262
-0.0212223064,0.280669004,-0.0341750383,0.452259392
0.127937183,0.194245458,0.205976009,0.319436342
0.245145276,0.0952305794,0.393069804,0.152193129
0.282434583,0.0193852782,0.450893551,0.0271906797
0.220101863,-0.0136105148,0.363603413,-0.0280360449
0.0793686062,-0.0073458408,0.140459597,-0.0192714091
-0.0835231543,0.0167394262,-0.132183582,0.0243740901
-0.200811505,0.0340095386,-0.325042576,0.0579921082
-0.223988712,0.032109011,-0.364820004,0.0584320351
-0.146910071,0.0183916781,-0.248816341,0.0388950706
-0.0092941029,0.0149107054,-0.0237673372,0.0294782277
0.121861018,0.0436028577,0.196552217,0.0698849112
0.184211373,0.110032164,0.300835013,0.171566352
0.149569467,0.195277125,0.246126771,0.304235727
0.0361857004,0.261442721,0.0690940619,0.412656635
-0.102261655,0.268952698,-0.149678126,0.426421106
-0.205056712,0.197146267,-0.316872895,0.320590436
-0.235349089,0.0574023053,-0.374410987,0.105806857
-0.197530165,-0.108590476,-0.321517736,-0.161568135
-0.132301539,-0.245377138,-0.21607706,-0.381464809
-0.0924977288,-0.307463825,-0.151925147,-0.479232639
-0.112857826,-0.278827786,-0.181901991,-0.443293452
-0.189992994,-0.178852335,-0.304669052,-0.291556031
-0.283206135,-0.0521226376,-0.44822976,-0.0849118382
-0.335642964,0.0524858534,-0.519047558,0.0844595358
-0.304497212,0.10293074,-0.477278829,0.168383703
-0.184357673,0.0952468589,-0.305135071,0.164677948
-0.011617234,0.0503143966,-0.0261564702,0.0913980901
0.152042493,-0.00088349398,0.246859357,0.00113003352
0.248217523,-0.0349240005,0.398092866,-0.0597665682
0.247657448,-0.0470952764,0.401913464,-0.0820297524
0.160763606,-0.0507467389,0.270743459,-0.090768449
0.0286032222,-0.0662479922,0.0540420264,-0.115505025
-0.0993940756,-0.106520772,-0.160996154,-0.174376473
-0.188481972,-0.16760236,-0.302966893,-0.262091249
-0.230503067,-0.229516059,-0.363157481,-0.351881713
-0.23981379,-0.266793549,-0.373141795,-0.404458404
-0.237589493,-0.262644589,-0.371443272,-0.399224937
-0.235033825,-0.218878403,-0.373346627,-0.340037972
-0.225843072,-0.156136408,-0.364789903,-0.248035803
-0.192137837,-0.104304001,-0.316619188,-0.166729912
-0.119690359,-0.0881656632,-0.203415185,-0.141332135
-0.0125422059,-0.115684748,-0.0269666463,-0.186206505
0.102694623,-0.174639195,0.160759121,-0.279828906
0.186581582,-0.238817722,0.288430572,-0.377478153
0.206063598,-0.2801359,0.315671116,-0.437208295
0.152701825,-0.280429363,0.236640364,-0.443825841
0.0494529717,-0.237499416,0.07885205,-0.388909698
-0.0585668981,-0.1634828,-0.0969520435,-0.27611649
-0.125253737,-0.07766895,-0.210091233,-0.128960878
-0.125921175,0.00172687066,-0.214352861,0.00380063197
-0.0692972317,0.06270428,-0.119233854,0.105783604
0.00723922066,0.0999812409,0.00910100713,0.168936878
0.056834273,0.112335786,0.0963499621,0.188056931
0.0469388776,0.0998881385,0.0837042108,0.165354967
-0.024398528,0.0638031214,-0.0334876813,0.106327578
-0.127798215,0.00860948488,-0.204694629,0.0160420313
-0.217353478,-0.0550198182,-0.34981674,-0.0829053968
-0.253108084,-0.110021383,-0.405500531,-0.1674546
-0.219803914,-0.136946797,-0.357848674,-0.213119909
-0.132922441,-0.121281795,-0.225629106,-0.197252393
-0.0299050119,-0.0607280284,-0.05916816,-0.10366872
0.0480450615,0.0315455496,0.0768797696,0.0485804304
0.0739305019,0.130031943,0.125697002,0.209899917
0.0440693311,0.205633759,0.0794142634,0.331006885
-0.0248997398,0.236369327,-0.0301032197,0.3799721
-0.107774764,0.215285882,-0.164975628,0.350041986
-0.183785513,0.152143747,-0.288164049,0.252252847
-0.243601859,0.0684416369,-0.388064682,0.117787883
-0.287432849,-0.011549931,-0.453154117,-0.00989387371
-0.31693092,-0.0694833472,-0.494259119,-0.0999024585
-0.327311248,-0.0976986215,-0.506989717,-0.145325586
-0.305783033,-0.0987107232,-0.480264544,-0.148471579
-0.238323778,-0.0807325616,-0.389523655,-0.125418708
-0.121383131,-0.0521606579,-0.210569143,-0.0821860731
0.0285749175,-0.0178419556,0.0386918522,-0.0276781619
0.174504638,0.0215531364,0.279696256,0.03184947
0.269734561,0.0675661638,0.427027643,0.10075818
0.276876241,0.121041268,0.441201627,0.17983669
0.186329842,0.179889992,0.307496428,0.278857261
0.0251599848,0.238290563,0.0523456149,0.377177149
-0.149184451,0.287169725,-0.220776081,0.446593285
-0.26916784,0.315483779,-0.391634613,0.472309709
-0.283795655,0.312116414,-0.416137815,0.46742934
-0.180522084,0.268617362,-0.282038093,0.427972317
0.00716951909,0.182866499,0.00695328228,0.309910476
0.210425436,0.062849611,0.337386936,0.108734138
0.350316018,-0.0714057907,0.536715209,-0.109831862
0.36803174,-0.190080583,0.548090041,-0.286669433
0.248069599,-0.261199772,0.383723021,-0.405930221
0.025159508,-0.262257099,0.0461627766,-0.426961541
-0.227935314,-0.191546768,-0.355038971,-0.309563518
-0.427092135,-0.0734965354,-0.627438724,-0.107988521
-0.507666647,0.046332527,-0.709166944,0.0696481466
-0.447600245,0.116763897,-0.645480633,0.177328765
-0.273988456,0.10195493,-0.439791113,0.17457214
-0.0508338846,-0.00105207646,-0.0930545852,0.0133726364
0.146873698,-0.156926662,0.233126834,-0.247375518
0.262235075,-0.303037703,0.388673633,-0.456165463
0.276990563,-0.373813033,0.394295484,-0.543913305
0.215413436,-0.328770608,0.319386542,-0.5042817
0.130341873,-0.171839893,0.208422661,-0.292828977
0.0776278302,0.0473759696,0.124976106,0.0650548637
0.0901990682,0.25202468,0.142093852,0.394995749
0.163117871,0.368788242,0.24571006,0.551874936
0.256260842,0.357776135,0.379386067,0.5242154
0.313482285,0.228371158,0.480900317,0.348043382
0.289711058,0.0341030248,0.465494066,0.056737572
0.173704162,-0.150871783,0.289388925,-0.242915928
-0.00407187967,-0.262842774,-0.00154186226,-0.423623532
-0.182383254,-0.273233712,-0.283461958,-0.428907394
-0.294444859,-0.196437642,-0.456518143,-0.302834541
-0.29630962,-0.0785481408,-0.473443657,-0.121270694
-0.185796976,0.0263839904,-0.312501699,0.0475232042
-0.00357695692,0.0806853995,-0.0154344188,0.140123442
0.183886677,0.0768243745,0.296468198,0.12708427
0.311685026,0.0354480557,0.488752872,0.0528875068
0.341860712,-0.00944831129,0.531092584,-0.0201041922
0.275964051,-0.0294260215,0.443962187,-0.0540846661
0.150204673,-0.0147351846,0.254307657,-0.0319456272
0.0167707819,0.0241858698,0.0335106216,0.0351897366
-0.0791132748,0.066105932,-0.129153743,0.10846895
-0.115731187,0.0929461941,-0.192065731,0.155357987
-0.0984314531,0.100157171,-0.163961992,0.169964895
-0.0505109727,0.0981049538,-0.0851452425,0.165735722
0.00215109647,0.104438782,0.00332429982,0.175756156
0.0440005474,0.132411987,0.0730955005,0.217040151
0.0739727393,0.182054147,0.121468276,0.292863578
0.100140698,0.239095807,0.16282919,0.380171329
0.129492611,0.281967849,0.205793798,0.44072637
0.159857512,0.292710811,0.252810985,0.452970594
0.179176614,0.265706956,0.284245163,0.413982868
0.172532901,0.209703237,0.280819029,0.333234191
0.132462606,0.142560214,0.222384945,0.231725454
0.0659305006,0.0821749941,0.116411,0.135648385
-0.00680710422,0.0388256721,-0.00711395219,0.063600719
-0.0614619032,0.0128756603,-0.100940913,0.0226650666
-0.082173489,-0.0017069903,-0.137892231,0.000521452515
-0.070031628,-0.011061429,-0.119600631,-0.0157742947
-0.0424023345,-0.0168541856,-0.0720396489,-0.0264211223
-0.022837542,-0.0164458472,-0.0396472663,-0.0269399527
-0.0267830156,-0.0074761142,-0.044614736,-0.013022989
-0.0510582924,0.00663737208,-0.08413551,0.0105711622
-0.0734932125,0.0147484383,-0.122527115,0.0246111676
-0.0638602003,0.00205998053,-0.109321669,0.00693290727
-0.00106885273,-0.0411483124,-0.00571708428,-0.0630387515
0.112190425,-0.110972084,0.178652555,-0.177834377
0.245432347,-0.187189996,0.379701108,-0.293277711
0.350057006,-0.239534929,0.510203242,-0.358908832
0.378995597,-0.241206348,0.545747042,-0.3596735
0.307477534,-0.183388516,0.470922559,-0.291699201
0.145255089,-0.0829782262,0.244183406,-0.149469867
-0.0654881373,0.0216815062,-0.0993747711,0.0274720658
-0.265679747,0.0865200087,-0.414422631,0.138732985
-0.401399761,0.0822845027,-0.594092965,0.132887125
-0.442846894,0.0100831268,-0.644359291,0.0279446412
-0.392587632,-0.0963042453,-0.588622332,-0.129108012
-0.280719787,-0.183640122,-0.4430103,-0.274990141
-0.150449648,-0.202733546,-0.251774281,-0.322592318
-0.0412219279,-0.131599307,-0.0778035298,-0.222404897
0.0235063136,0.0128098503,0.0348636135,0.0123768151
0.0399935581,0.18041496,0.0671131685,0.287170917
0.0200025085,0.309331477,0.0389915816,0.48109141
-0.0175231155,0.353205681,-0.0177754369,0.543259144
-0.0543363169,0.301959038,-0.0759138912,0.479377896
-0.0774206072,0.186174363,-0.11833661,0.311477154
-0.0799293891,0.0629015863,-0.130236745,0.111459903
-0.0602199771,-0.0106425211,-0.102963127,-0.0144050391
-0.0209198501,-0.00329403137,-0.040077094,-0.00634910958
0.0312561952,0.0760978237,0.046738252,0.122071669
0.0857556015,0.183414206,0.13884376,0.293879002
0.129925951,0.260414898,0.210370004,0.408401698
0.152821034,0.262369454,0.24639447,0.41147697
0.149922758,0.179315433,0.249101907,0.293308586
0.126259506,0.0411611684,0.216060504,0.0726396516
0.0955212712,-0.0955874622,0.159915343,-0.15459545
0.0745996684,-0.173235342,0.120791167,-0.284422666
0.0756100789,-0.158769637,0.119277261,-0.265891463
0.0993317589,-0.0585486963,0.158756405,-0.105428167
0.133852318,0.084522754,0.217547342,0.130425647
0.159835339,0.209656611,0.2580055,0.328844905
0.160353109,0.264047056,0.257350683,0.412325174
0.130505279,0.224491999,0.218297005,0.360825479
0.0816725418,0.105727844,0.144005314,0.180644855
0.0376349948,-0.0473032184,0.0679978952,-0.0734712183
0.0238242969,-0.178949803,0.0369398184,-0.290709794
0.0546217896,-0.245111197,0.0797117501,-0.394892454
0.12491715,-0.228862569,0.188423187,-0.371618629
0.210329309,-0.143768176,0.327553183,-0.238060743
0.276400656,-0.0250143427,0.434607625,-0.0499265082
0.292743713,0.086406514,0.461255789,0.126833797
0.245727092,0.159040868,0.395610541,0.244305715
0.144019589,0.179789111,0.241508231,0.285378933
0.0147573156,0.153968126,0.0355666354,0.254340917
-0.107511893,0.0986038372,-0.168326616,0.166272521
-0.193807974,0.033488825,-0.313721657,0.0594490021
-0.229890198,-0.0255286489,-0.371502548,-0.0339435264
-0.218202651,-0.0687988698,-0.356713146,-0.104167886
-0.172887847,-0.0913701057,-0.288906127,-0.143717498
-0.111323103,-0.0903924853,-0.190369025,-0.146413743
-0.0467265733,-0.0641251132,-0.0833544731,-0.105569281
0.0149214761,-0.0135669298,0.0214446951,-0.0247313958
0.0731543601,0.0545146316,0.119656757,0.0878134817
0.128613964,0.125791639,0.20968172,0.203485221
0.17918691,0.180153519,0.288170606,0.285707116
0.219079047,0.197507247,0.349193662,0.308867395
0.241148189,0.165633544,0.385106236,0.259897828
0.240783587,0.0865424573,0.389279097,0.138848022
0.218782172,-0.0220404454,0.359293729,-0.0353806093
0.181405008,-0.131446272,0.296080261,-0.213565513
0.137555376,-0.211641192,0.220587686,-0.341459572
0.0947178453,-0.241850987,0.148815095,-0.39168787
0.055961933,-0.21784389,0.086209029,-0.356136382
0.0196275655,-0.152857125,0.0283018854,-0.257736593
-0.0182564128,-0.0718805417,-0.0328610316,-0.125374854
-0.0602838397,-0.00181790092,-0.101168811,-0.00580294942
-0.104805216,0.0383391269,-0.171209753,0.065024972
-0.145444795,0.0434282981,-0.238121465,0.073733367
-0.173255101,0.022106126,-0.282006383,0.0408875421
-0.180446416,-0.00853188056,-0.294727117,-0.00874082185
-0.163976267,-0.0310256891,-0.272019446,-0.0454789251
-0.127517357,-0.0348401219,-0.214948148,-0.053704571
-0.0811559185,-0.0200811904,-0.137899816,-0.0334777161
-0.039065592,0.00342947571,-0.0674576685,0.00618747529
-0.0159321707,0.0208749082,-0.0271846317,0.035660252
-0.0229978804,0.0187770706,-0.0354335718,0.0324700773
-0.0644925684,-0.0095714312,-0.104004316,-0.0148532763
-0.135204181,-0.0614752509,-0.219171688,-0.0974152461
-0.220057204,-0.125706092,-0.350108236,-0.198146731
-0.296542108,-0.186300278,-0.456569642,-0.280068427
-0.340288758,-0.227764979,-0.510222733,-0.334328324
-0.332875252,-0.239795461,-0.501283467,-0.351305217
