I_in,Q_in,I_out,Q_out
0.0556455627,0.185485214,0.0831740052,0.29109931
-0.0877019092,0.142133266,-0.122857019,0.2398175
-0.17931132,0.121370725,-0.287483901,0.199943557
-0.185688108,0.133211374,-0.301481485,0.219295084
-0.105326101,0.166540638,-0.175597236,0.27617085
0.0253435168,0.201536208,0.0374701619,0.330159515
0.143433064,0.223878875,0.229835168,0.357327968
0.185408503,0.232325777,0.297109246,0.362666696
0.116523661,0.236299068,0.197306678,0.372739613
-0.0498621091,0.246508226,-0.0663178563,0.391665161
-0.253284872,0.265529931,-0.37290588,0.404895812
-0.408811837,0.284681708,-0.565241933,0.405376047
-0.442446738,0.289130837,-0.602895617,0.404178053
-0.323921978,0.267828465,-0.480484456,0.404278249
-0.0820091143,0.221796483,-0.140325636,0.368042886
0.204972595,0.165286422,0.319266856,0.271520227
0.439654082,0.118684746,0.635414839,0.167674974
0.543905497,0.0971086994,0.732505322,0.12018466
0.488427609,0.101391308,0.689565122,0.129634365
0.301466793,0.116957493,0.481909096,0.170660526
0.0541276969,0.121625677,0.105527468,0.193603545
-0.169968456,0.0982088,-0.265876234,0.163372874
-0.306826115,0.0449129678,-0.477651626,0.0780508593
-0.332741469,-0.0223889686,-0.518355906,-0.0244593341
-0.266620338,-0.0774837658,-0.429307699,-0.113799959
-0.155752987,-0.0969006717,-0.262123555,-0.153571323
-0.0535281412,-0.071708411,-0.0964274779,-0.119298667
0.000570037228,-0.0116961887,-0.000756015186,-0.0226435345
-0.00859791413,0.0601771213,-0.0119810086,0.0956636593
-0.0725471228,0.119832851,-0.114747398,0.196074873
-0.167572364,0.153895944,-0.263215691,0.251284778
-0.265227854,0.164860189,-0.408509314,0.263610512
-0.34043479,0.167041555,-0.509343266,0.259003013
-0.375720054,0.176018521,-0.553591073,0.267184168
-0.362655967,0.197916016,-0.5390293,0.3003259
-0.302289039,0.224894941,-0.459033191,0.345780045
-0.205266953,0.239568606,-0.323551863,0.380043149
-0.0908007622,0.225847453,-0.146385863,0.370698214
0.0169376321,0.179882169,0.0284392722,0.301250964
0.0952403396,0.11453411,0.158230081,0.192392573
0.130251572,0.0543432012,0.218874976,0.0893108323
0.121931463,0.023344364,0.205428764,0.0360582434
0.0836096555,0.032290943,0.142367601,0.0484056249
0.0356091447,0.0724701062,0.0615310073,0.116133317
-0.00432280032,0.119890265,-0.00530086877,0.197102115
-0.0289640371,0.147974759,-0.0443727747,0.243719041
-0.0436682962,0.142085105,-0.0684198514,0.236906096
-0.0613112748,0.107907027,-0.0984474421,0.182609141
-0.0928962976,0.0687753111,-0.149435133,0.116613671
-0.139151245,0.0528519563,-0.226575449,0.0872695968
-0.188027442,0.0766208395,-0.305435628,0.124517538
-0.219732061,0.133430749,-0.350377202,0.215051517
-0.216626257,0.193526313,-0.340719879,0.30896771
-0.172505409,0.216275066,-0.273069084,0.349327058
-0.0961232558,0.169073403,-0.156575233,0.284159333
-0.00715352455,0.043905329,-0.0103646247,0.0838456228
0.0728675276,-0.136472151,0.11908929,-0.21596396
0.129307866,-0.325780809,0.194130272,-0.496138126
0.158090726,-0.471609086,0.213714212,-0.662124991
0.162829414,-0.53506422,0.209209785,-0.716489494
0.148272052,-0.504204988,0.19318828,-0.695394933
0.115224287,-0.39617905,0.162142798,-0.595103621
0.0610114038,-0.248450682,0.0929912552,-0.408170164
-0.0144282645,-0.104169503,-0.0255690664,-0.181470886
-0.101084754,0.00159121153,-0.165360093,-4.62044918e-05
-0.176170975,0.0497396179,-0.285962939,0.0833685473
-0.210131288,0.0379864126,-0.340316743,0.0679756701
-0.18010655,-0.0231626406,-0.298728913,-0.0289892536
-0.0843189955,-0.115613066,-0.147764772,-0.180709302
0.0511430018,-0.217551321,0.0728337541,-0.345544696
0.17868951,-0.305825323,0.26552093,-0.468815744
0.247568324,-0.358487546,0.355814338,-0.529745102
0.226113781,-0.359055936,0.329588741,-0.536866069
0.116801485,-0.302137464,0.182595834,-0.478801221
-0.044078853,-0.197764993,-0.0699560791,-0.331196249
-0.202644587,-0.0709730312,-0.327981383,-0.120874539
-0.311634094,0.0452111214,-0.487612814,0.0731881633
-0.350256532,0.121659175,-0.532403171,0.190062523
-0.329519361,0.144820243,-0.502501547,0.230569139
-0.280767322,0.122086622,-0.439920753,0.199758932
-0.234493807,0.077225022,-0.37654072,0.131707713
-0.201988339,0.0372848101,-0.328587174,0.0665597692
-0.170774892,0.0173579417,-0.281719625,0.0340692364
-0.116739862,0.0115222279,-0.196567595,0.0224066712
-0.0257638022,-0.00427611545,-0.0472745113,-0.00309892348
0.0886453763,-0.0578034967,0.14270404,-0.0918275788
0.18385908,-0.161600739,0.292598665,-0.25632742
0.206201687,-0.299896955,0.31676507,-0.45807144
0.120534934,-0.429618269,0.177097276,-0.627821743
-0.0645068511,-0.496796489,-0.0895885676,-0.69895786
-0.290872544,-0.461368561,-0.395424038,-0.626320839
-0.470971704,-0.318154454,-0.626338542,-0.422234178
-0.525587499,-0.102807976,-0.721160293,-0.13840051
-0.421939403,0.121353678,-0.62607801,0.178527355
-0.192475542,0.289997041,-0.306726605,0.45163703
0.0763860494,0.365007788,0.111843497,0.560151577
0.281636328,0.348724127,0.415099382,0.508465767
0.349949539,0.278085113,0.518365145,0.400069088
0.270698667,0.202088714,0.429629654,0.305595756
0.099710457,0.154846266,0.177561462,0.248035803
-0.0680192709,0.138918102,-0.102791145,0.22639218
-0.143326074,0.127999514,-0.23246786,0.212906748
-0.0839101598,0.0872466937,-0.143618777,0.153970852
0.0878090262,-0.000581288128,0.136873901,0.00854699127
0.297429025,-0.118747674,0.457744122,-0.182389855
0.454367906,-0.220540315,0.630072415,-0.313211352
0.492688477,-0.252962261,0.656211376,-0.348951519
0.397762418,-0.187866226,0.57988131,-0.287425995
0.207812816,-0.0429886542,0.343694508,-0.087535359
-0.0078012622,0.120354369,-0.00424388843,0.187109321
-0.180998519,0.224071011,-0.278114766,0.354219526
-0.272053361,0.212173045,-0.414766192,0.336649656
-0.28000769,0.0816515163,-0.438873321,0.144355163
-0.234642968,-0.111881681,-0.377642125,-0.162607566
-0.177199617,-0.278612196,-0.281139106,-0.423126966
-0.140926778,-0.3380799,-0.221853331,-0.514450431
-0.140177071,-0.260194302,-0.22776781,-0.417195737
-0.170464218,-0.0822759271,-0.284274489,-0.144017488
-0.215815589,0.107700504,-0.34760192,0.169516861
-0.257238209,0.214233652,-0.395035148,0.336082488
-0.27789408,0.182407618,-0.423738152,0.294725865
-0.264617622,0.026407253,-0.418817133,0.0582186133
-0.208512679,-0.176591024,-0.334589511,-0.265403062
-0.10736838,-0.324590236,-0.175859168,-0.493967265
0.0302072987,-0.341868162,0.0310861114,-0.530810714
0.182310998,-0.216986284,0.273272812,-0.353954852
0.317156166,-0.00824481715,0.485802799,-0.0272664838
0.403808087,0.186208263,0.588844657,0.258484066
0.426615983,0.278227806,0.600678265,0.379706174
0.395701081,0.233873203,0.577915967,0.33423385
0.346028239,0.0894075781,0.536626518,0.138956845
0.322752297,-0.0687600747,0.50495702,-0.105836086
0.358311683,-0.149417147,0.534637988,-0.229451805
0.452691972,-0.103561938,0.641082764,-0.159804896
0.568438888,0.0509727374,0.744294465,0.0507908314
0.645394683,0.23937358,0.756170094,0.265738875
0.629740119,0.368314296,0.70687139,0.398562878
0.503305674,0.372701585,0.637649477,0.457259834
0.297390878,0.246797964,0.462891877,0.368979961
0.0821785033,0.0446865447,0.15556626,0.0805834755
-0.0648078173,-0.148684412,-0.101071872,-0.237661481
-0.0962652937,-0.259710491,-0.161580622,-0.408670932
-0.0195241198,-0.259573877,-0.0448877253,-0.415429026
0.105557464,-0.172772273,0.159184381,-0.287899494
0.195319116,-0.0585188977,0.311701715,-0.103701591
0.183811039,0.0229838639,0.304502308,0.0295499172
0.056108743,0.0404580794,0.105100296,0.0639070198
-0.143839821,0.00233921013,-0.225601628,0.0046417159
-0.335179627,-0.0552665554,-0.512400627,-0.0790545046
-0.440805763,-0.0943737701,-0.642840385,-0.128531098
-0.425774813,-0.0986976773,-0.628359139,-0.13662973
-0.313676476,-0.081570819,-0.498043001,-0.118950784
-0.172769472,-0.0747165382,-0.291387975,-0.115469627
-0.0796177834,-0.105806574,-0.134811223,-0.17119953
-0.0797223449,-0.178983405,-0.128641725,-0.287871003
-0.165937811,-0.270226866,-0.257165194,-0.419362128
-0.285627842,-0.340212196,-0.417090297,-0.492709726
-0.371892393,-0.356725305,-0.519691825,-0.48879236
-0.381273121,-0.31301108,-0.543474495,-0.436332166
-0.317106903,-0.230918884,-0.485843092,-0.342314452
-0.225864634,-0.146848455,-0.37003994,-0.231617779
-0.168870687,-0.0888781846,-0.280474544,-0.144510388
-0.185479671,-0.0589461885,-0.301409185,-0.0937781483
-0.268574148,-0.0312583633,-0.42308864,-0.0491614938
-0.366494894,0.0313213207,-0.556633592,0.0491975956
-0.410897881,0.151890591,-0.60223192,0.223839432
-0.355549246,0.319959939,-0.508609295,0.45684278
-0.20467715,0.489954799,-0.281496823,0.670928538
-0.0147788059,0.600219965,-0.0159276742,0.773464799
0.132046044,0.603416502,0.174317002,0.762540579
0.169722125,0.492336214,0.244863182,0.676288724
0.0829260871,0.306940138,0.146539941,0.481935501
-0.0836348757,0.118042707,-0.121692859,0.20050928
-0.24667412,-0.00464993995,-0.390389681,-0.00261069532
-0.325615972,-0.0241358895,-0.508987248,-0.0355616324
-0.282373756,0.0485018305,-0.454394042,0.0779293329
-0.139073089,0.162281811,-0.235533431,0.265206546
0.0352002084,0.253232658,0.0522600114,0.406616986
0.161306083,0.275819898,0.255423099,0.431862175
0.191029981,0.223035097,0.309651554,0.352981091
0.130705237,0.125933602,0.224064559,0.206520244
0.0354697332,0.0344831012,0.067464456,0.0579343401
-0.0222437773,-0.00898798835,-0.0369976088,-0.0148103572
0.00712243142,0.0104297306,0.00521595962,0.0170781277
0.122859016,0.0766064525,0.194155037,0.123352729
0.273812205,0.15494065,0.423440158,0.239133373
0.385344803,0.21258609,0.565670311,0.303526938
0.399037778,0.23464103,0.580354989,0.328929156
0.304101169,0.228114679,0.46924746,0.337836713
0.143896207,0.213169098,0.241975009,0.335931301
-0.00595958019,0.208321869,0.00117968197,0.336349159
-0.07660494,0.218950078,-0.119787455,0.353890657
-0.041870676,0.235425025,-0.0694972649,0.382508367
0.0674923137,0.24077104,0.105782494,0.389572054
0.178808987,0.221984223,0.284050047,0.351944625
0.214318603,0.177493751,0.34576571,0.27897504
0.131391004,0.116429724,0.227496296,0.188131914
-0.0540695079,0.0510918126,-0.077188924,0.0832121372
-0.272847831,-0.0114934985,-0.424400717,-0.0145230554
-0.433921963,-0.0726653039,-0.632310033,-0.0972400308
-0.467039973,-0.137545064,-0.665136516,-0.182611078
-0.355890512,-0.206086084,-0.538790047,-0.292670518
-0.146114364,-0.266630232,-0.244769022,-0.40872407
0.075390853,-0.29781729,0.103161909,-0.464396119
0.219796002,-0.279441386,0.328652024,-0.434931666
0.235717788,-0.20653595,0.366412759,-0.333660692
0.130564779,-0.0976741016,0.219584197,-0.171905234
-0.0352930501,0.00932898652,-0.0524970703,0.00692531234
-0.177808031,0.0742293671,-0.287077367,0.122176588
-0.227648646,0.0758087784,-0.36522153,0.130675122
-0.159841776,0.0261069741,-0.269106269,0.05381101
-0.00170089561,-0.0318083353,-0.0119719962,-0.0447963104
0.183269754,-0.0434372127,0.290117204,-0.0710809529
0.326613486,0.0290057063,0.503245533,0.0344031788
0.385910124,0.184342623,0.568754375,0.255285501
0.361099243,0.378576428,0.503835857,0.504171312
0.289385974,0.542942703,0.376387864,0.67768693
0.222467095,0.615916491,0.280800343,0.743752122
0.198102742,0.573396623,0.262193322,0.73057735
0.220336765,0.441516846,0.31636703,0.62380749
0.258050203,0.284977347,0.396402508,0.43667084
0.262377948,0.176198572,0.416577339,0.273618668
0.19424662,0.160490915,0.31904152,0.24799338
0.0482896306,0.234582126,0.0880544856,0.366476774
-0.139012188,0.34909761,-0.197713301,0.523378074
-0.301711887,0.433475584,-0.402248293,0.596212447
-0.372318119,0.430644035,-0.48484078,0.577109575
-0.31277746,0.324299544,-0.449013799,0.481190056
-0.134274423,0.145916164,-0.222489834,0.25402832
0.103585735,-0.0408496,0.164018467,-0.0548509955
0.314475566,-0.169563413,0.475782782,-0.261520922
0.418869585,-0.199398309,0.597936511,-0.297184706
0.375128776,-0.129449412,0.563371003,-0.208287582
0.195102826,0.00599811552,0.32622394,-0.00733158272
-0.0618065521,0.156523421,-0.0882059485,0.245007411
-0.312736839,0.278012604,-0.450630933,0.412739307
-0.482685179,0.347634614,-0.616581857,0.457706869
-0.52982527,0.366036505,-0.646043122,0.459510565
-0.455287099,0.348787785,-0.596484363,0.468084097
-0.295497149,0.314060032,-0.435166627,0.470511287
-0.102927499,0.273771226,-0.16507788,0.440412283
0.0746697709,0.231611222,0.119419321,0.377624005
0.207458496,0.186432928,0.331000656,0.295774549
0.285277873,0.136639759,0.449032396,0.211083636
0.310506791,0.0819089264,0.486717433,0.124572307
0.288740754,0.0218348559,0.460030407,0.0302459616
0.22390084,-0.0458068736,0.366996348,-0.0758561417
0.120448582,-0.123908907,0.203423634,-0.206402093
-0.00991256256,-0.211213022,-0.0123787262,-0.342155397
-0.143131018,-0.296783775,-0.223635525,-0.458281398
-0.244927779,-0.358840227,-0.362890393,-0.521941841
-0.281590372,-0.371469259,-0.411555529,-0.52887243
-0.235310271,-0.317952126,-0.363777816,-0.474341005
-0.116196461,-0.204197302,-0.201734632,-0.330518603
0.0364741683,-0.0636705682,0.0476538613,-0.111092165
0.166510269,0.0516832136,0.267724872,0.0789292678
0.222582251,0.092742607,0.363145709,0.145694762
0.180256739,0.037331786,0.303661108,0.0613263249
0.0540418439,-0.0955670401,0.100725465,-0.15519461
-0.106755137,-0.250637352,-0.162993252,-0.395394444
-0.237293839,-0.359876901,-0.351564437,-0.525736749
-0.283536851,-0.374508888,-0.415048689,-0.531820476
-0.224268869,-0.289044976,-0.35322544,-0.439617157
-0.0793356448,-0.144261762,-0.145896539,-0.239940077
0.0991421342,-0.0062829149,0.153196588,-0.0138502354
0.248310313,0.0682696477,0.395176083,0.106779508
0.319302171,0.0629059076,0.502238274,0.0942500457
0.294777125,0.0107809948,0.471914947,0.0147959245
0.192716435,-0.0232093725,0.321409196,-0.0438162982
0.0562470257,0.0206190702,0.0985637456,0.0263904892
-0.0649244338,0.160036042,-0.10445296,0.254401267
-0.133110866,0.354747206,-0.199037522,0.533395529
-0.134048924,0.521141529,-0.177661672,0.707411885
-0.0778948739,0.572217286,-0.0951844901,0.755190074
0.00867580157,0.463183105,0.0194873437,0.672222257
0.0944923684,0.219185323,0.158758461,0.365664214
0.154627174,-0.0701911524,0.25873819,-0.102794893
0.176197514,-0.288509607,0.270675242,-0.445350111
0.158471525,-0.344659656,0.234743103,-0.529643238
0.109027371,-0.214414313,0.167852327,-0.357430071
0.0388285182,0.0488344394,0.0621221773,0.0625746176
-0.0413556732,0.339141905,-0.0605956018,0.511051357
-0.1221577,0.546250641,-0.151953399,0.729388833
-0.194929466,0.603372455,-0.232007354,0.754202008
-0.250571758,0.511945546,-0.318160653,0.682670057
-0.279339075,0.333072364,-0.398690462,0.498610973
-0.272417784,0.15221335,-0.421494603,0.25238061
-0.22504513,0.0364251509,-0.364720076,0.0670866966
-0.139962539,0.00571395783,-0.238224193,0.0117288977
-0.02944424,0.0313123465,-0.0562482961,0.0526914299
0.085713394,0.0590200461,0.13854979,0.098493956
0.180921406,0.0431045629,0.296602815,0.0708524808
0.235378325,-0.0279436633,0.381313592,-0.0440094434
0.240004793,-0.126660064,0.385039777,-0.202401996
0.202311605,-0.203606382,0.320006967,-0.326329112
0.145272553,-0.215335324,0.231619537,-0.351010084
0.0993830562,-0.147628397,0.159333721,-0.250506669
0.0901841894,-0.022125043,0.144805759,-0.0453602821
0.12625064,0.115759753,0.20406343,0.18394722
0.193432853,0.21972093,0.304813832,0.343355566
0.259132624,0.263493776,0.398462325,0.398403257
0.286037773,0.249512047,0.439113528,0.375498414
0.249891847,0.202655628,0.398074269,0.312471956
0.153012425,0.154617786,0.258493394,0.24718754
0.0262506939,0.128514096,0.0531937517,0.209429279
-0.0830058455,0.131558537,-0.13106823,0.217083946
-0.132369891,0.15769057,-0.213947058,0.256922573
-0.105722465,0.195933715,-0.171912283,0.32114327
-0.0234564934,0.237688512,-0.0383650325,0.384422898
0.0645531565,0.278307647,0.102825761,0.440670431
0.101311788,0.313308507,0.162350133,0.485015512
0.0504918396,0.333869517,0.0900007561,0.513581872
-0.0838347673,0.326883465,-0.114720389,0.504392326
-0.255953163,0.281371772,-0.374723554,0.431122094
-0.397589713,0.197858736,-0.57208395,0.298196971
-0.449067503,0.0939889625,-0.645716608,0.147717923
-0.387783706,0.000798098859,-0.58960551,0.0143462736
-0.239902377,-0.0506423898,-0.394533187,-0.0725782514
-0.0689523444,-0.0460501201,-0.126400396,-0.0754590034
0.053714443,0.00139576837,0.084208414,-0.000213621825
0.0825362355,0.0540543497,0.140978083,0.0849547312
0.019093737,0.0669811666,0.0407302231,0.109671436
-0.0892483518,0.0114994766,-0.141587034,0.021757748
-0.172697499,-0.10719303,-0.278312087,-0.165565744
-0.17284587,-0.248727456,-0.275585145,-0.381661355
-0.0703914762,-0.354825854,-0.121128418,-0.535511255
0.106462866,-0.377363235,0.143557087,-0.56848526
0.296307594,-0.303063691,0.421318382,-0.453961134
0.433632493,-0.161652774,0.614571929,-0.24644205
0.477947861,-0.0125048291,0.67734921,-0.0306745898
0.428964317,0.0839322135,0.632413626,0.112188868
0.321720332,0.0954144076,0.506449699,0.141201511
0.206032351,0.0327066444,0.343167573,0.051643841
0.12217544,-0.0578010529,0.205410838,-0.0954461321
0.0854829997,-0.119695008,0.139519319,-0.198764667
0.0865511447,-0.116729915,0.136551067,-0.196629569
0.104583547,-0.0515858494,0.168878675,-0.092084527
0.124311842,0.0366490819,0.205052853,0.0543809123
0.145728692,0.094662033,0.239113554,0.152086958
0.180988163,0.0846289098,0.296710581,0.138829947
0.241092324,0.00538552878,0.388845146,0.011753629
0.321505874,-0.106282845,0.495690137,-0.163483083
0.396803796,-0.194796875,0.574914873,-0.288696408
0.429273397,-0.214998335,0.605489314,-0.314279705
0.388017595,-0.155811772,0.572812021,-0.242858887
0.268359661,-0.0459503755,0.429721951,-0.087943092
0.10018903,0.0609690957,0.1738469,0.0891720951
-0.0608338676,0.113599502,-0.091616407,0.187278971
-0.156317115,0.0878121853,-0.251887202,0.150356978
-0.151694998,-0.00337319705,-0.252418458,0.00650726585
-0.0531775504,-0.119196601,-0.0958613604,-0.187533706
0.0936216787,-0.213782221,0.140986279,-0.342080832
0.223128334,-0.259163946,0.33703059,-0.403643042
0.278209269,-0.256432354,0.416031897,-0.395453751
0.234209552,-0.229916021,0.365894645,-0.365899593
0.107761204,-0.208957508,0.177268624,-0.344517857
-0.0528365672,-0.208537057,-0.0829898939,-0.341880947
-0.190067306,-0.220128685,-0.301360935,-0.346849293
-0.261372268,-0.2178794,-0.408520758,-0.33284241
-0.254201442,-0.176183209,-0.40603447,-0.271680444
-0.186484724,-0.0881040394,-0.312189877,-0.142264605
-0.0944345817,0.0264349207,-0.164052889,0.0431841277
-0.015086404,0.128008083,-0.0271683224,0.211023629
0.0278565176,0.177108869,0.0487551242,0.290191203
0.0294357315,0.155249491,0.0545362234,0.259360313
-0.000155957387,0.076151222,0.00633378141,0.131662235
-0.0441857055,-0.0194191039,-0.0700244531,-0.0275079403
-0.0876933336,-0.0829429105,-0.145722672,-0.134853855
-0.121877134,-0.081850484,-0.203582972,-0.136671081
-0.144050643,-0.0155636575,-0.241629019,-0.028494142
-0.15515466,0.0841970593,-0.255149782,0.136418849
-0.157372192,0.168808788,-0.25299105,0.274969816
-0.153186023,0.195896298,-0.2414404,0.318531483
-0.145497188,0.148645729,-0.232725158,0.249114588
-0.137550279,0.0420499109,-0.223741367,0.0796414465
-0.131913662,-0.0862321258,-0.217096835,-0.134147257
-0.129034743,-0.194970399,-0.210378945,-0.310512781
-0.126738369,-0.25836885,-0.205449417,-0.406556875
-0.121617682,-0.275620788,-0.197923124,-0.433419287
-0.111771204,-0.266996622,-0.183261171,-0.419928461
-0.0989051238,-0.259479731,-0.163731575,-0.410986334
-0.0877225474,-0.27006349,-0.143441617,-0.425837934
-0.0821825564,-0.29555437,-0.13402085,-0.461801291
-0.0807294473,-0.31399864,-0.130979538,-0.486884326
-0.0741940811,-0.296776325,-0.123958774,-0.466127455
-0.0492724068,-0.225099847,-0.0881122798,-0.365938455
0.00276309531,-0.102627829,-0.00503313681,-0.177490473
0.0764667168,0.0420834646,0.121220171,0.0642232373
0.148226261,0.164713949,0.240110591,0.263125151
0.182703748,0.222031012,0.294186205,0.348604828
0.14924562,0.18925637,0.249883041,0.306011468
0.0414156318,0.0706797242,0.0810818821,0.120483413
-0.110922396,-0.100762971,-0.174060792,-0.15956454
-0.245798469,-0.274658233,-0.374092519,-0.410233468
-0.291202247,-0.400541753,-0.417437375,-0.556118429
-0.197123781,-0.444875479,-0.294017702,-0.62230736
0.0370565616,-0.401326537,0.033338543,-0.597934306
0.354269892,-0.290881395,0.487705261,-0.426320016
0.657101631,-0.1522706,0.773144305,-0.195094541
0.845107079,-0.0267851185,0.801805675,-0.0409927741
0.855980337,0.0564793795,0.791873276,0.0422696546
0.691445887,0.0893095434,0.799418986,0.092518352
0.415284753,0.0839411393,0.624257028,0.112674594
0.124144115,0.0642472282,0.222399831,0.0975194126
-0.0948689431,0.0527754724,-0.148850068,0.0858253092
-0.199297547,0.0595702566,-0.32451877,0.101282798
-0.202545524,0.0778394789,-0.331224293,0.130265772
-0.157059774,0.0883511901,-0.258674741,0.150859296
-0.119919635,0.0703342408,-0.198008582,0.120929129
-0.12018948,0.013506569,-0.19737035,0.0277423374
-0.145840779,-0.0747766122,-0.2367993,-0.117335133
-0.156808138,-0.170961991,-0.256080717,-0.269562215
-0.115884975,-0.244835123,-0.191794097,-0.384371608
-0.018853711,-0.272625178,-0.0410460494,-0.432674646
0.0947084948,-0.247329637,0.141151801,-0.397274852
0.157903999,-0.181305051,0.249724597,-0.299659789
0.112709299,-0.100101143,0.187645748,-0.174337521
-0.0535714366,-0.0309419781,-0.0797197223,-0.0590505674
-0.292571515,0.00817849301,-0.451199442,0.0130607523
-0.510707676,0.0134950653,-0.705508292,0.0269700829
-0.610830069,-0.00720772287,-0.777702987,0.00303842314
-0.539578617,-0.0423617959,-0.733903885,-0.0450554155
-0.316186726,-0.0841783583,-0.502250671,-0.115824841
-0.0270501077,-0.131253496,-0.0615083352,-0.207839295
0.21250686,-0.184924826,0.327219099,-0.292573303
0.311022401,-0.242391348,0.466683477,-0.369694024
0.242313981,-0.292070866,0.371428251,-0.447894722
0.0551499426,-0.315608323,0.0921486765,-0.499793291
-0.153197289,-0.296773344,-0.236000165,-0.4636316
-0.285726279,-0.232605025,-0.439149022,-0.353665203
-0.292073876,-0.139652818,-0.46365872,-0.214361519
-0.189562216,-0.0499434546,-0.320439398,-0.0767434686
-0.049459964,0.00317011843,-0.0912299678,0.00938080996
0.0430923775,0.00277181691,0.0712707862,0.0066624051
0.0339935385,-0.0401317775,0.0616824031,-0.0664961413
-0.0731785446,-0.0892426521,-0.113855608,-0.148914307
-0.221603408,-0.100545332,-0.352103889,-0.162831441
-0.333054096,-0.0471274182,-0.516504943,-0.0726441815
-0.349532783,0.0617326982,-0.541378558,0.0957179368
-0.262837559,0.178803667,-0.417423606,0.283122718
-0.117376491,0.237987861,-0.190322325,0.385917872
0.0140407169,0.186778903,0.024671983,0.315458506
0.0678521693,0.0164443385,0.120133959,0.0372136794
0.0210887063,-0.226290524,0.0406323634,-0.358750433
-0.0990333781,-0.454242289,-0.140870675,-0.650606394
-0.230773643,-0.576528549,-0.297893733,-0.725302696
-0.309310883,-0.540538967,-0.397545695,-0.679274023
-0.297246963,-0.358654052,-0.437346458,-0.516089261
-0.199260086,-0.105585381,-0.337539077,-0.177056953
-0.0552601777,0.113885693,-0.103206463,0.1860414
0.0822615623,0.212308094,0.132729292,0.346338719
0.173628017,0.159644231,0.285198092,0.2617625
0.207135931,-0.00341417408,0.342419386,0.00186053349
0.197793663,-0.185568601,0.318260878,-0.292962104
0.172736555,-0.288851529,0.263200283,-0.451450527
0.153031141,-0.255107611,0.232290611,-0.411542177
0.142259553,-0.0926281512,0.227623582,-0.165517077
0.127270475,0.12948519,0.206841245,0.198287055
0.0891022235,0.315672338,0.145829782,0.483213633
0.0166244544,0.389523119,0.0366869196,0.587324202
-0.0852648839,0.328277886,-0.117482536,0.512198627
-0.197089598,0.170178041,-0.303498864,0.283201396
-0.294152409,-0.0073583778,-0.458853096,-0.000177337395
-0.357706577,-0.12638773,-0.543130457,-0.182782948
-0.381439537,-0.144102618,-0.573657632,-0.210413769
-0.370192796,-0.0685608983,-0.567198038,-0.10294944
-0.332784921,0.0512795709,-0.5201388,0.0800295919
-0.274234116,0.153707907,-0.430923849,0.244158059
-0.192649916,0.194675371,-0.3070544,0.316336036
-0.0828004628,0.165053055,-0.136785731,0.277412325
0.0560239479,0.087769419,0.0899017453,0.153727323
0.213055864,-0.000794199354,0.342041135,0.00384958996
0.364829779,-0.072869204,0.551827848,-0.113301851
0.481234759,-0.122116834,0.672065377,-0.17905736
0.536173224,-0.16119656,0.712935209,-0.22191982
0.517486036,-0.207630068,0.689590394,-0.283080071
0.43115586,-0.268217474,0.600745857,-0.380042255
0.29788956,-0.332382768,0.433787167,-0.488521039
0.144195557,-0.378585756,0.215701461,-0.569378197
-0.00724642118,-0.389313102,-0.0139474049,-0.590557873
-0.143170223,-0.364463687,-0.219978347,-0.549750209
-0.259099096,-0.323688895,-0.387631208,-0.479406446
-0.353911608,-0.295067281,-0.512919664,-0.42101714
-0.42353341,-0.296336889,-0.588841081,-0.402582318
-0.45789662,-0.320378929,-0.615827382,-0.418546647
-0.443239152,-0.335182279,-0.599911273,-0.439460248
-0.36873433,-0.300547689,-0.533800304,-0.422349364
-0.234042391,-0.193653315,-0.381146282,-0.302118748
-0.0538389646,-0.0291706976,-0.105219722,-0.0520796739
0.143188149,0.139016777,0.224283472,0.2210152
0.320862442,0.238426879,0.481215984,0.353278011
0.445231795,0.21269536,0.630751669,0.298609197
0.494013667,0.0534227528,0.697683275,0.0755820647
0.462645561,-0.188081622,0.653756201,-0.261747688
0.365196019,-0.417437345,0.49067539,-0.561902225
0.230112404,-0.536526024,0.295897335,-0.704415381
0.0922442526,-0.48792544,0.122235283,-0.691388905
-0.016510848,-0.283266932,-0.0330903642,-0.462555528
-0.0752906874,-0.00123263802,-0.13271369,-0.0174239296
-0.078744106,0.244903147,-0.127862126,0.386329681
-0.0365149975,0.35575527,-0.051397495,0.549401164
0.0321075432,0.288223594,0.0561235435,0.464123905
0.106421605,0.0726483092,0.182531446,0.134856597
0.17211628,-0.202389747,0.276172936,-0.312424898
0.225203246,-0.429618001,0.3130925,-0.609134495
0.27014792,-0.52815187,0.339129657,-0.689044714
0.313051045,-0.473810732,0.4023045,-0.634711742
0.353538334,-0.302498579,0.495484143,-0.4467673
0.380277812,-0.0877465904,0.564664006,-0.148329407
0.373719871,0.0947759151,0.565448463,0.13115035
0.31599322,0.198349357,0.487323135,0.293148965
0.203563169,0.218544841,0.332995892,0.339835703
0.092742607,-0.0649198219,0.168375239,-0.0894325897
0.204900667,0.0629348382,0.312229007,0.0827224255
0.291112393,0.270878196,0.436884016,0.392428249
0.335186779,0.497393787,0.43906498,0.627627909
0.336001307,0.654953063,0.381025016,0.718578458
0.309766442,0.669050157,0.348709613,0.731841505
0.28477338,0.516643047,0.377535731,0.669046879
0.289342612,0.243618086,0.447895408,0.377918422
0.337500513,-0.0498977005,0.524758399,-0.0682382807
0.419133365,-0.25166139,0.58618784,-0.358735085
0.500386357,-0.287693471,0.64715445,-0.389479458
0.535822272,-0.156421229,0.707255483,-0.225105867
0.488126576,0.0708178505,0.68430841,0.0792697445
0.346802205,0.2840195,0.51273793,0.393802464
0.136812761,0.387215137,0.220361665,0.568148553
-0.0878533944,0.34378922,-0.116078809,0.531664729
-0.263881415,0.191936031,-0.397571892,0.310855418
-0.343391716,0.0225941036,-0.526999474,0.0491005071
-0.312871575,-0.0689465031,-0.494984001,-0.0997903496
-0.19785583,-0.0332396887,-0.332940131,-0.0524317995
-0.0514545329,0.106821597,-0.0948970094,0.171999171
0.0677918047,0.266787291,0.106036291,0.420225859
0.118625171,0.343478173,0.189204156,0.522830069
0.0905671194,0.26845631,0.155150756,0.429871172
0.00332311634,0.0453416705,0.0194170177,0.0869728103
-0.105939031,-0.247794956,-0.161516294,-0.382093251
-0.200183168,-0.492430091,-0.278946579,-0.666966379
-0.256468683,-0.583607554,-0.327555627,-0.720965087
-0.270804107,-0.478080004,-0.372471899,-0.642775297
-0.253707379,-0.213955373,-0.404485583,-0.339816362
-0.220860034,0.106649339,-0.364619464,0.159766734
-0.184773713,0.362745941,-0.275216103,0.539527893
-0.151465207,0.465661645,-0.205285206,0.661980748
-0.122318491,0.392949283,-0.172435611,0.592811346
-0.0980754718,0.191212207,-0.150524825,0.323220998
-0.0811288655,-0.0506410487,-0.130656585,-0.070783183
-0.074211292,-0.242833599,-0.120220453,-0.38399002
-0.0767035335,-0.33080858,-0.124329127,-0.511006832
-0.0819404498,-0.31069994,-0.13494283,-0.48789981
-0.0785775259,-0.220342174,-0.135608822,-0.359971046
-0.0564255267,-0.113830552,-0.0998638943,-0.192280322
-0.0138483476,-0.0341322683,-0.0282431096,-0.0583998822
0.0379575454,0.00313069695,0.0624115765,0.00575797213
0.0773895532,0.00914768502,0.129208595,0.0157141816
0.0815934017,0.0081749009,0.13787052,0.0115211783
0.0382989496,0.0200331286,0.067876026,0.0298851002
-0.0458642617,0.0485043004,-0.070931457,0.0777430013
-0.145571887,0.0805708319,-0.23548165,0.131451547
-0.226402104,0.0950392112,-0.361712188,0.157433644
-0.259768337,0.0746064559,-0.412159413,0.127879679
-0.236072093,0.0148590133,-0.381314427,0.0342556611
-0.169500649,-0.0734270811,-0.280567229,-0.110039152
-0.0918476731,-0.168266028,-0.155299038,-0.267753124
-0.0380900465,-0.243571684,-0.0667456239,-0.389581054
-0.0304653365,-0.276033521,-0.052493412,-0.439693928
-0.0684550926,-0.250089288,-0.112956598,-0.40460968
-0.129154801,-0.161183581,-0.212836102,-0.268904835
-0.177586883,-0.0180075709,-0.29371652,-0.034339495
-0.182072148,0.156645969,-0.297302902,0.249653697
-0.127871081,0.328195304,-0.19880572,0.503902376
-0.0235659629,0.457612067,-0.0316050127,0.661664128
0.101869337,0.513544202,0.14485988,0.705854058
0.209513754,0.485499263,0.293126911,0.66568464
0.264113069,0.391747206,0.384503454,0.55933857
0.246017486,0.276090592,0.384247541,0.418620437
0.157805294,0.191974819,0.264480889,0.305209488
0.0239528473,0.178942204,0.0495264977,0.288168699
-0.116135038,0.241769239,-0.176986858,0.38170284
-0.219858795,0.343380779,-0.322248042,0.510462284
-0.254840881,0.417479604,-0.353575647,0.59282887
-0.210099146,0.39760673,-0.300555229,0.585475266
-0.100934215,0.250446826,-0.156150982,0.412484914
0.0352870077,-0.00257603102,0.0598480925,0.0120137837
0.152407542,-0.287394106,0.23450245,-0.436313301
0.213886708,-0.504585624,0.280506432,-0.68297708
0.20914042,-0.571140587,0.256721854,-0.73451972
0.159978792,-0.458099782,0.218159914,-0.655994534
0.112478875,-0.206191167,0.171672165,-0.349338889
0.115950197,0.0889123827,0.183399856,0.129327342
0.197451457,0.31608519,0.298951626,0.474600792
0.344013035,0.395555109,0.476795137,0.545618236
0.502707064,0.311821282,0.653100371,0.406485051
0.601048052,0.117753923,0.766151369,0.149611562
0.580101848,-0.0916463062,0.757706463,-0.12258026
0.425165594,-0.223245934,0.608172596,-0.324331135
0.178312719,-0.226931661,0.288153857,-0.372959584
-0.0753750205,-0.115167089,-0.119164884,-0.204446524
-0.243504778,0.0471358262,-0.393167645,0.0711844787
-0.268130332,0.176355302,-0.422177315,0.279800266
-0.153415188,0.210639611,-0.250121981,0.346043766
0.0351993255,0.137872919,0.053160686,0.239869341
0.201189667,-0.00130547315,0.327257067,0.0061550336
0.262624562,-0.135493472,0.415985197,-0.215541333
0.191076905,-0.197844729,0.309207261,-0.321479499
0.0242610686,-0.15744777,0.0439887308,-0.270983666
-0.154234305,-0.0323816091,-0.251966983,-0.0625531748
-0.258053005,0.120486267,-0.409891397,0.188635588
-0.24205935,0.232775167,-0.377389729,0.366003186
-0.124542363,0.255324364,-0.200412244,0.413149625
0.0238976255,0.178231135,0.039781414,0.300752312
0.118953355,0.0320898555,0.200989157,0.0609466992
0.108360037,-0.12842074,0.183835492,-0.208770335
0.00051569799,-0.249591723,0.00469487533,-0.402153641
-0.139388904,-0.300395489,-0.216537699,-0.468017042
-0.223916709,-0.281665832,-0.348824918,-0.430764824
-0.19043003,-0.220225096,-0.31222865,-0.345051646
-0.035666354,-0.152501136,-0.0727910027,-0.248086333
0.180624828,-0.106370308,0.280697167,-0.173030302
0.365054786,-0.0897177458,0.547715247,-0.13979578
0.437499464,-0.0901576951,0.635634482,-0.139365092
0.370782703,-0.0847754255,0.564619064,-0.137574747
0.202390596,-0.0543029755,0.337386191,-0.0977433026
0.012583158,0.00534898648,0.0294446517,0.000323251676
-0.118691988,0.0795035064,-0.193764165,0.127752244
-0.152505934,0.140449792,-0.250175774,0.231986821
-0.107429884,0.15967609,-0.178206757,0.267403215
-0.0435853414,0.121074393,-0.0719543397,0.206608787
-0.0240727048,0.0293346103,-0.0360936411,0.0553511828
-0.0760494545,-0.0901308656,-0.121605732,-0.144922003
-0.173752755,-0.199860319,-0.275174856,-0.317878515
-0.253317863,-0.26422435,-0.389330655,-0.398546964
-0.251207799,-0.262977779,-0.393367141,-0.398126364
-0.144461423,-0.198991105,-0.245780975,-0.317507088
0.0305714756,-0.0969297141,0.0357779302,-0.162598565
0.192786843,0.00670772232,0.307914525,0.00590481982
0.257540733,0.0781789199,0.413125634,0.118816465
0.182724491,0.0996490493,0.307670176,0.156750053
-0.00555548025,0.0753094256,0.00543889217,0.123118334
-0.222582251,0.0278227814,-0.349691093,0.049003087
-0.366053224,-0.0132815,-0.556186199,-0.0125994477
-0.367622674,-0.02594015,-0.565040767,-0.0322800651
-0.228014916,-0.00593182351,-0.379141718,-0.00256295712
-0.017105069,0.031631574,-0.0409213267,0.0566158444
0.161277816,0.0604311489,0.260267019,0.0988835171
0.221504286,0.0567266531,0.362374395,0.0870397463
0.138102993,0.0119676115,0.240610629,0.0162695311
-0.0440197438,-0.0621386804,-0.0607706755,-0.103921279
-0.235660791,-0.138770372,-0.369581312,-0.216845572
-0.351065427,-0.188859075,-0.529847443,-0.276277333
-0.351574302,-0.195204228,-0.532812595,-0.283182561
-0.26221475,-0.160635427,-0.421693146,-0.246090129
-0.153331757,-0.106040195,-0.259920329,-0.170231044
-0.0983852148,-0.0593232252,-0.165639654,-0.098327212
-0.13173528,-0.0411117896,-0.214151159,-0.0679958463
-0.229803294,-0.0547332019,-0.365538985,-0.0849689022
-0.325814784,-0.0856998116,-0.503199637,-0.127773762
-0.349674821,-0.110821083,-0.53590554,-0.160815731
-0.270579219,-0.111851491,-0.435385644,-0.169487089
-0.118291423,-0.0861095041,-0.208193302,-0.137277365
0.0294895004,-0.0481518544,0.0416394621,-0.0805285349
0.0877961293,-0.0215071514,0.146557584,-0.0385369733
0.0117579261,-0.0249998625,0.0281412285,-0.0451798216
-0.174840465,-0.0612887293,-0.273942888,-0.0994762555
-0.385914594,-0.114156418,-0.57177645,-0.165084854
-0.512423635,-0.156354293,-0.70064193,-0.202589005
-0.475564599,-0.163984254,-0.669560432,-0.219406977
-0.267246604,-0.129684955,-0.437719733,-0.196116328
0.0425958112,-0.0673610494,0.0510962084,-0.110266872
0.335854381,-0.00565354386,0.51030755,-0.0123540843
0.499000847,0.0265953932,0.701311111,0.0275153071
0.47357735,0.0152651807,0.681046367,0.0142275151
0.28093195,-0.0316407084,0.457516581,-0.0567361303
0.0106804892,-0.0880633816,0.0323691927,-0.151860237
-0.220206544,-0.123309918,-0.348834068,-0.19803302
-0.317628026,-0.117796868,-0.496582747,-0.17746678
-0.247002453,-0.0729469135,-0.405760646,-0.110487275
-0.0415809862,-0.0102538774,-0.0842459574,-0.0141478078
0.218090102,0.0397428721,0.341606796,0.064123638
0.441094905,0.0526682884,0.639399052,0.0719413608
0.561371803,0.0219015982,0.749417365,0.0220793132
0.556696475,-0.0390256718,0.745510578,-0.0595658384
0.44669503,-0.103813455,0.647631228,-0.157120496
0.27554214,-0.14619495,0.437743038,-0.235849202
0.0907339379,-0.151466846,0.153528169,-0.255627394
-0.0717136413,-0.121375896,-0.118210129,-0.205173522
-0.19137843,-0.070927836,-0.312239617,-0.116542414
-0.259548962,-0.0198863167,-0.416817933,-0.0285998248
-0.273804635,0.016082203,-0.437837154,0.0292974748
-0.236414969,0.0304157436,-0.383480459,0.0549244434
-0.157336369,0.0254756473,-0.263148636,0.0489331745
-0.0579077564,0.00885753985,-0.0997847021,0.0197081324
0.0302326325,-0.010745653,0.0487339087,-0.0161235873
0.0738767833,-0.0258978624,0.124505572,-0.045372922
0.0522869118,-0.0308764279,0.0909505337,-0.0556523539
-0.0303031877,-0.0218156222,-0.0451173484,-0.0405842699
-0.141411066,0.00188905757,-0.229888692,0.00188053341
-0.230192199,0.0350436866,-0.369527817,0.0577715822
-0.247852609,0.0651605353,-0.398243636,0.108989567
-0.170022532,0.0748026744,-0.284967005,0.128995314
-0.0105484594,0.0488363244,-0.0247528423,0.0903092548
0.180563554,-0.0157263856,0.289650708,-0.0207478087
0.335220665,-0.102567814,0.512305498,-0.160202071
0.394019574,-0.177143052,0.578511119,-0.265502602
0.330232769,-0.198243901,0.499090165,-0.307544023
0.160672441,-0.13665913,0.266489238,-0.235531792
-0.0609965548,0.00743746804,-0.0945093185,-0.000164859273
-0.265152603,0.197924465,-0.405746609,0.300898254
-0.39202556,0.372546226,-0.527077973,0.509514272
-0.41163367,0.466890305,-0.513937175,0.594965219
-0.330458611,0.442582369,-0.438401133,0.600309312
-0.183830962,0.306302011,-0.280476958,0.481586754
-0.0191748589,0.109422825,-0.0321177803,0.197308928
0.121566422,-0.0730967894,0.199239075,-0.114214011
0.2129893,-0.175670549,0.334431618,-0.281607926
0.247666985,-0.171534091,0.387261242,-0.279728681
0.229947329,-0.084316656,0.368591994,-0.147883728
0.16747281,0.0243170951,0.277670294,0.0297151394
0.0659578741,0.0853050277,0.116372228,0.137242347
-0.0700469539,0.0562594682,-0.106745422,0.096852392
-0.23174724,-0.0577799678,-0.363611907,-0.0849573985
-0.400479615,-0.207155839,-0.577142358,-0.290358871
-0.546747983,-0.322486937,-0.681588531,-0.392613292
-0.636387348,-0.349171788,-0.717762232,-0.383677095
-0.642302573,-0.27435112,-0.746479213,-0.312576503
-0.556705236,-0.133163273,-0.739640415,-0.170978993
-0.397636026,0.00835393555,-0.605400026,0.0169461649
-0.205561742,0.0847645774,-0.341944635,0.14466992
-0.0301851891,0.06141771,-0.0535778292,0.112350933
0.0876893327,-0.0510846376,0.146229535,-0.0779261068
0.131611571,-0.204100266,0.213419601,-0.326036811
0.115254708,-0.334878594,0.175130695,-0.51486057
0.0754432157,-0.394509971,0.10767971,-0.592699289
0.055013705,-0.366379857,0.0751855895,-0.561866641
0.0828454569,-0.267652094,0.121950515,-0.430059016
0.160011694,-0.135536671,0.250026196,-0.227114081
0.258547872,-0.00743845897,0.40719378,-0.0200182498
0.333755761,0.0941585004,0.514284313,0.136664137
0.34472999,0.165434256,0.527357638,0.24224408
0.273804426,0.214249805,0.430299938,0.322122008
0.135836735,0.249049142,0.226602703,0.388721764
-0.0272571146,0.271609843,-0.0308964066,0.429791957
-0.164516985,0.277955562,-0.247248292,0.436044246
-0.238355368,0.265680164,-0.362263709,0.41397962
-0.240985826,0.241366029,-0.369580269,0.379310459
-0.197102562,0.221569359,-0.30933401,0.356262773
-0.151423529,0.225109458,-0.239326105,0.362858117
-0.146857962,0.260465294,-0.226916477,0.411419809
-0.203570947,0.31611976,-0.299997032,0.480155885
-0.308877379,0.361009032,-0.429576814,0.516399205
-0.422803462,0.356935143,-0.554870963,0.486632943
-0.496703893,0.277791321,-0.647633851,0.3789078
-0.496092707,0.12579836,-0.682846427,0.190103367
-0.416846812,-0.0644628555,-0.616385102,-0.077655904
-0.287147075,-0.237631455,-0.445857137,-0.346765816
-0.154381499,-0.340128005,-0.246605366,-0.510863841
-0.0634159073,-0.343125135,-0.106710188,-0.528276324
-0.0366693288,-0.254793137,-0.0656363368,-0.414987803
-0.0653906018,-0.115895219,-0.111548573,-0.199227542
-0.115983553,0.0189364851,-0.192048371,0.0264142714
-0.14791736,0.104951523,-0.240784794,0.174065441
-0.134249285,0.124691248,-0.21963504,0.210473835
-0.0747143179,0.0914159045,-0.124916971,0.158592239
0.00486331852,0.0382520184,0.00634164922,0.0677907094
0.0663301721,-0.000260602683,0.11036361,0.000385118939
0.0792343765,-0.00451014983,0.133489683,-0.0112383608
0.037248563,0.0235028584,0.0655056536,0.0343324952
-0.0370970406,0.0649198219,-0.0580785908,0.104288556
-0.101826943,0.096031934,-0.163779587,0.158925653
-0.114805721,0.100378089,-0.188461915,0.169614419
-0.0539626107,0.0750119984,-0.092605859,0.130655035
0.0709530711,0.0292316452,0.113592774,0.0539344996
0.220651716,-0.0215500556,0.352573216,-0.0324645974
0.341860771,-0.0621358901,0.524802804,-0.0999222621
0.389487863,-0.0806840584,0.58444494,-0.129855737
0.345821172,-0.0684991181,0.532953024,-0.115931407
0.228510007,-0.0190800019,0.374130845,-0.0419219397
0.0839101002,0.0706364661,0.144965455,0.106066249
-0.0314100347,0.196193278,-0.0470533334,0.313115239
-0.0732868612,0.341276377,-0.110738739,0.520739317
-0.0273842271,0.477402478,-0.0380949788,0.678594232
0.0856092572,0.570502162,0.115903996,0.748829603
0.218895376,0.593229473,0.277245462,0.738125682
0.318668097,0.537540376,0.407476693,0.673058212
0.345394403,0.420441687,0.474965572,0.565727651
0.288567543,0.278377175,0.442225456,0.414221376
0.169149414,0.15154767,0.28426218,0.243346602
0.029200539,0.0654330775,0.0580402836,0.108160406
-0.08641164,0.0192884784,-0.13938269,0.0339471288
-0.148136377,-0.0114984801,-0.245504662,-0.0145584587
-0.151977241,-0.0594872572,-0.253108561,-0.0908998474
-0.117892288,-0.143738478,-0.197476417,-0.226493984
-0.0778715387,-0.254742742,-0.128682449,-0.399892896
-0.0598658174,-0.355031163,-0.095290944,-0.53894341
-0.0754140913,-0.396646261,-0.117335111,-0.593331099
-0.116689779,-0.347152352,-0.18369858,-0.533027351
-0.163773686,-0.210268259,-0.267336935,-0.340895325
-0.197685078,-0.0289690904,-0.327402204,-0.0530670695
-0.211749464,0.132400021,-0.340137333,0.211976707
-0.214844659,0.219155505,-0.333813965,0.348291159
-0.224555105,0.214769602,-0.34593299,0.343516707
-0.253997564,0.151295409,-0.393173099,0.24836643
-0.299986243,0.0947633833,-0.4652583,0.155729532
-0.340017974,0.111459188,-0.520365059,0.17337355
-0.341106802,0.23150143,-0.508623719,0.343631059
-0.276945591,0.428573102,-0.386421978,0.595527649
-0.144702971,0.627356112,-0.176754877,0.771960914
0.0280377045,0.736581385,0.0358946733,0.815814137
0.191309601,0.692477584,0.222230941,0.782014549
0.293288052,0.491550714,0.392868489,0.650877178
0.303922325,0.196220666,0.475300282,0.307031721
0.229848936,-0.0902505368,0.381061852,-0.139976785
0.112442054,-0.268256634,0.183101624,-0.426941097
0.00908007845,-0.285085917,0.00982446596,-0.459039956
-0.0336433575,-0.156870231,-0.0652521774,-0.26837483
-0.00155113463,0.0405140184,-0.0122959595,0.0591663159
0.0815898925,0.206658646,0.128414556,0.33066231
0.167500034,0.261129081,0.264981866,0.410688668
0.208812431,0.176950231,0.338354021,0.28562966
0.183180928,-0.0110880407,0.309113175,-0.011461868
0.103389338,-0.225169942,0.17136918,-0.357730329
0.00823798496,-0.379896641,0.0103705702,-0.575928807
-0.060606394,-0.417699218,-0.0973731354,-0.619657397
-0.0828516632,-0.329334736,-0.137272149,-0.51414752
-0.0711812004,-0.152895689,-0.126503378,-0.259386569
-0.0632983446,0.0451304317,-0.111110173,0.066568315
-0.0983692333,0.196275696,-0.155262813,0.315591246
-0.190848604,0.252455294,-0.287314653,0.397932053
-0.31678021,0.19701907,-0.468767434,0.31019479
-0.421417713,0.0436887927,-0.613098681,0.0795073137
-0.445545048,-0.1724042,-0.634655416,-0.227982432
-0.357308596,-0.405930221,-0.493716002,-0.533185005
-0.17255494,-0.611034095,-0.230816409,-0.746896148
0.0480546057,-0.748721361,0.0349393636,-0.810039401
0.225037903,-0.793042243,0.207272023,-0.778237522
0.296853215,-0.736687839,0.293129086,-0.753782034
0.249025866,-0.594626307,0.299381107,-0.734543979
0.120731898,-0.402875453,0.17629382,-0.607107103
-0.0146980025,-0.210166842,-0.0266389027,-0.354927182
-0.0855591372,-0.0633248612,-0.145217761,-0.108488351
-0.0557672456,0.00892353244,-0.0986421704,0.0187246799
0.0598565899,0.00674121594,0.0951665416,0.0167048983
0.206015587,-0.0411749259,0.329932928,-0.0640961975
0.316711932,-0.090227209,0.488752276,-0.144109696
0.34827739,-0.100044399,0.532050073,-0.161350831
0.298576146,-0.0532120876,0.471442342,-0.094714269
0.20334582,0.0362162106,0.334209919,0.0478780307
0.113187805,0.128741384,0.190692469,0.204235703
0.0648851246,0.177439407,0.109387711,0.288360566
0.0630823448,0.149663657,0.106701672,0.25015223
0.0818613544,0.0423279107,0.1392802,0.0771503821
0.08421579,-0.116214208,0.143216923,-0.186641127
0.0473740846,-0.278254867,0.0765479282,-0.439431995
-0.0211028792,-0.396841973,-0.0349263288,-0.595312417
-0.085979417,-0.444557816,-0.131321162,-0.643938422
-0.104430668,-0.422775805,-0.161432981,-0.619311512
-0.0522167645,-0.358099669,-0.0920079574,-0.547798097
0.0589708611,-0.288695574,0.0790397301,-0.455446512
0.183130607,-0.247402698,0.278271914,-0.390911818
0.260302216,-0.249093294,0.394537657,-0.384530991
0.24524501,-0.28692162,0.371376067,-0.437776476
0.129657552,-0.337651908,0.201643586,-0.520894289
-0.0531961545,-0.372492641,-0.0771696568,-0.568403721
-0.243143156,-0.36836797,-0.357501447,-0.538119614
-0.378839523,-0.315509319,-0.538015485,-0.441751659
-0.421426058,-0.219606817,-0.607028604,-0.309677213
-0.365301549,-0.0990674347,-0.561919987,-0.14539206
-0.233092636,0.0208101701,-0.385575175,0.0359418802
-0.0604946353,0.114810422,-0.107857168,0.193149984
0.11894875,0.164416522,0.190330535,0.269328803
0.281040102,0.162871167,0.438343525,0.252732068
0.408636719,0.117498122,0.604156077,0.169338003
0.485229522,0.0481933542,0.688467741,0.0635808632
0.492353171,-0.0182764102,0.694161773,-0.0339340754
0.415541887,-0.0570234954,0.618929267,-0.0929005444
0.256590992,-0.0539856218,0.416479319,-0.0957522392
0.0438378453,-0.0113730161,0.0830970183,-0.0282968711
-0.168719381,0.0531933084,-0.270501971,0.0813645944
-0.317228317,0.114065856,-0.488777012,0.180353403
-0.353559643,0.148504108,-0.535855114,0.231741428
-0.26836744,0.146123454,-0.426144242,0.239558235
-0.0986583158,0.112233661,-0.16901356,0.195179328
0.0861992911,0.0633938015,0.138438568,0.110690348
0.214900762,0.017600134,0.34814164,0.0266040694
0.246565625,-0.0154739423,0.398047119,-0.03069463
0.188479021,-0.0386567898,0.313503176,-0.0682482198
0.0895978734,-0.0634012893,0.152767777,-0.109272137
0.0127892736,-0.100038826,0.0232240669,-0.166301996
0.00029074194,-0.148005307,-0.00241172314,-0.242158815
0.0509114154,-0.192306086,0.0759065971,-0.310815871
0.121517658,-0.209205672,0.187795743,-0.339169681
0.152325585,-0.178807214,0.241694748,-0.293500751
0.102425613,-0.0978137776,0.169968143,-0.171182513
-0.0239953492,0.0150162866,-0.0344903581,0.0154848211
-0.175633505,0.124667883,-0.277173877,0.198658839
-0.278227806,0.194759473,-0.426569581,0.30649811
-0.272595048,0.204051197,-0.421623498,0.323801905
-0.146392062,0.155713379,-0.242266431,0.264694333
0.0575562418,0.0740979537,0.0883873925,0.132778808
0.261190027,-0.00942758098,0.410862446,-0.0144176828
0.389169216,-0.0737330765,0.58253473,-0.116265297
0.404974312,-0.11832235,0.600640297,-0.18272467
0.32632035,-0.160511971,0.501675546,-0.252001107
0.212215692,-0.220567062,0.33798781,-0.351199329
0.12921004,-0.303337365,0.199860096,-0.470670462
0.115374036,-0.387825519,0.164687142,-0.578354836
0.161393374,-0.432495117,0.220231116,-0.623980641
0.218485594,-0.395552963,0.3049151,-0.579842389
0.228037,-0.260435671,0.343201756,-0.412740827
0.156059548,-0.0524048284,0.25697124,-0.103235908
0.013208474,0.164625987,0.027824074,0.257317424
-0.150627702,0.312283009,-0.219619915,0.47776711
-0.27390939,0.332929522,-0.391873479,0.498253554
-0.317629457,0.218958795,-0.472812802,0.344147861
-0.286912084,0.0207740627,-0.451335847,0.0507419594
-0.227863893,-0.172286019,-0.363824934,-0.259844393
-0.201246217,-0.270576358,-0.316415906,-0.414596498
-0.247393221,-0.224702343,-0.386522859,-0.353089392
-0.361727685,-0.0487013496,-0.553086162,-0.08354
-0.494557709,0.185551599,-0.675192058,0.251465499
-0.575709522,0.380409926,-0.670877635,0.450728685
-0.55113107,0.455988467,-0.618604958,0.525301576
-0.412137151,0.384816229,-0.543783724,0.519664228
-0.201871812,0.201895624,-0.320920676,0.336984128
0.00438791513,-0.0133952638,0.0027696148,-0.00505295489
0.134808823,-0.173671812,0.216013342,-0.278271496
0.154188409,-0.220276445,0.244939446,-0.360238403
0.0782177225,-0.143626705,0.129059628,-0.247989565
-0.037459217,0.0203067753,-0.0615907237,0.0223722178
-0.126579404,0.212669954,-0.202017486,0.333952099
-0.144221649,0.380082995,-0.213824928,0.567865729
-0.0852966458,0.494179398,-0.116487607,0.693623722
0.0185105912,0.554376364,0.029538963,0.74319303
0.119733311,0.575942039,0.161208466,0.748404086
0.181456938,0.573159456,0.240125597,0.731841624
0.194706604,0.548736334,0.263008684,0.714711607
0.178611666,0.495305061,0.253770947,0.676202953
0.165050238,0.406461656,0.249978527,0.594344616
0.177776948,0.288508266,0.282776713,0.44787693
0.218272403,0.163676783,0.350905538,0.262738883
0.26589638,0.0612805784,0.424801856,0.0964847058
0.291371405,0.00144342741,0.460068762,-0.00257281214
0.275117069,-0.0183418859,0.439702898,-0.0374949127
0.219593838,-0.024242511,0.359815508,-0.0458923168
0.148638189,-0.052039437,0.248971403,-0.0899202526
0.0943592712,-0.124664597,0.157208815,-0.203816667
0.0791540369,-0.234154835,0.124323122,-0.373114169
0.102961779,-0.339849681,0.152498364,-0.519236803
0.142803937,-0.386416465,0.203032091,-0.576898873
0.164847746,-0.334006488,0.24119249,-0.515595615
0.142520681,-0.184825048,0.224577948,-0.310706317
0.0711571574,0.00946589932,0.12002378,0.00116181397
-0.028300494,0.166158885,-0.0405821353,0.266085386
-0.118244775,0.208903506,-0.181304172,0.341027379
-0.161367357,0.106345929,-0.257666677,0.187048703
-0.137395263,-0.107998066,-0.224976912,-0.159712434
-0.0519913062,-0.346409023,-0.0880365819,-0.521291196
0.0656058639,-0.504977107,0.0770629123,-0.700503409
0.174312904,-0.511608958,0.222368658,-0.697403669
0.236630142,-0.360764056,0.335811436,-0.540898323
0.231361553,-0.117405333,0.363401264,-0.207143947
0.15933916,0.112515114,0.263181001,0.167457968
0.0413034521,0.231158584,0.0773656145,0.368855268
-0.0899658427,0.193759859,-0.133371994,0.321291894
-0.199841037,0.0276748743,-0.315817773,0.0585892685
-0.261215925,-0.18338038,-0.407760412,-0.273440152
-0.261027038,-0.34151122,-0.391870588,-0.492019475
-0.202982247,-0.381932437,-0.309485257,-0.557048976
-0.1062252,-0.30199787,-0.179196075,-0.473657399
-0.000136759671,-0.158331946,-0.011731362,-0.266769439
0.0838378295,-0.0347895846,0.133567691,-0.0632016957
0.12144547,0.00148291036,0.204506785,0.00179403112
0.103199072,-0.0667363927,0.175199911,-0.108593866
0.0374840535,-0.200539693,0.0661512092,-0.322705179
-0.05229396,-0.32755205,-0.0818484351,-0.50719136
-0.135703668,-0.380476832,-0.208437219,-0.567668676
-0.185335696,-0.330964029,-0.288949758,-0.502934873
-0.184838355,-0.201606512,-0.303588718,-0.323512286
-0.131887496,-0.0510273315,-0.226202831,-0.0869001746
-0.0356310569,0.058711417,-0.0670993254,0.0992081985
0.089055866,0.0943386778,0.14460969,0.158860892
0.226778373,0.0662870705,0.363954931,0.109356254
0.363440335,0.0193483625,0.554292023,0.0288420264
0.484490782,0.00540419249,0.683372021,0.00012068425
0.572249353,0.0538702048,0.750233471,0.0588980429
0.606109738,0.15598157,0.760114908,0.180095762
0.567938328,0.270786941,0.710665584,0.323306054
0.451512575,0.348509878,0.6040681,0.446976006
0.271364093,0.357587188,0.40781939,0.511990368
0.0651494414,0.300245017,0.119104877,0.468667269
-0.114174955,0.208490223,-0.17005989,0.339904487
-0.21527116,0.123739086,-0.341022015,0.206530333
-0.208216608,0.0725294501,-0.340949714,0.124718361
-0.0983915031,0.0527013503,-0.170658499,0.0933882222
0.0726662129,0.0380807742,0.11372634,0.0680824146
0.241111636,-0.00127046276,0.383755177,-0.00110633462
0.344299287,-0.0754983425,0.530085981,-0.117784083
0.344220787,-0.162673429,0.524050653,-0.250134885
0.240935534,-0.216246814,0.379965454,-0.343266577
0.0705065429,-0.189481378,0.118654802,-0.318854123
-0.111072533,-0.0640020072,-0.181599811,-0.117488064
-0.25036931,0.133614689,-0.397085875,0.203994289
-0.315498561,0.337630749,-0.453280091,0.487058848
-0.304052204,0.470065981,-0.401868939,0.632552207
-0.238086104,0.476057589,-0.318107933,0.657119989
-0.150264949,0.349993914,-0.220646948,0.539099872
-0.0686818138,0.139045179,-0.10814523,0.244494215
-0.00732250651,-0.0779043287,-0.0103423521,-0.120878965
0.0346355326,-0.225451916,0.0526506975,-0.362289637
0.0662554502,-0.263571143,0.0985566303,-0.422651947
0.095808886,-0.20095478,0.147860602,-0.333102763
0.124410689,-0.0845687315,0.198965907,-0.147764757
0.145156592,0.0274506025,0.237523913,0.0387733988
0.147289202,0.0943500474,0.245007485,0.151271343
0.122472495,0.107976943,0.207550198,0.175788581
0.0697704405,0.0882513896,0.122241154,0.146211341
-0.0027608152,0.0639306381,0.00115746527,0.107100934
-0.0799576938,0.0517157316,-0.129975766,0.0874481723
-0.1435581,0.0468739197,-0.235783517,0.0789994821
-0.176697075,0.0308618862,-0.287753761,0.0545835607
-0.167840391,-0.00949691609,-0.276891291,-0.00892349891
-0.113768861,-0.0644286498,-0.193058744,-0.0993063822
-0.0213296488,-0.0981460884,-0.0421740338,-0.15991804
-0.241130769,-0.380244672,-0.329601288,-0.539748073
-0.131707117,-0.0893608779,-0.246749699,-0.165491566
0.00992725883,0.180767462,0.00590347778,0.290043592
0.124830246,0.340726167,0.195179597,0.519645691
0.161750764,0.347099632,0.254521459,0.526926398
0.102512278,0.217944652,0.177885965,0.355598271
-0.0291972216,0.0217360891,-0.0357019007,0.0448732302
-0.17951636,-0.154297948,-0.283408493,-0.242672339
-0.289948404,-0.241455019,-0.442690581,-0.362913221
-0.323419064,-0.215665787,-0.495525032,-0.323143572
-0.278003544,-0.101748265,-0.448593736,-0.159417912
-0.182584435,0.0440860689,-0.307892203,0.0711049587
-0.0784257948,0.163265973,-0.130889103,0.2672337
0.00229933532,0.220649168,0.00574462349,0.359257251
0.04929116,0.215180278,0.084299922,0.349137664
0.0722578317,0.172091261,0.123106293,0.285755515
0.0872718915,0.122968107,0.14843528,0.204406232
0.101036876,0.0858037993,0.169561431,0.139980882
0.103698105,0.0562775955,0.175219283,0.0925105587
0.0753785223,0.0146418363,0.128966674,0.0231683124
0.0028983776,-0.0564563796,0.010698799,-0.0933466703
-0.103787884,-0.154259086,-0.165678501,-0.249789596
-0.206855044,-0.249573901,-0.322789222,-0.383582234
-0.253067821,-0.297053695,-0.386597872,-0.442145586
-0.199153587,-0.258041501,-0.321176112,-0.39954859
-0.0375389196,-0.124419183,-0.0787281692,-0.210080564
0.191996604,0.069785364,0.297054619,0.106181376
0.413156718,0.256945103,0.581555247,0.352743059
0.543618619,0.362545729,0.670239151,0.433925986
0.531657755,0.338515967,0.669468641,0.415194154
0.381068975,0.187347844,0.572793305,0.274273723
0.151293173,-0.0353860036,0.268209964,-0.0538342521
-0.0685252175,-0.242720768,-0.100813016,-0.385499865
-0.199776545,-0.353249907,-0.304044425,-0.525481403
-0.209596381,-0.326715022,-0.328056037,-0.491529763
-0.123774774,-0.181688398,-0.214848891,-0.29867813
-0.0109726125,0.0131832501,-0.0294783562,0.0157035179
0.0538098589,0.170639545,0.0908983275,0.275743067
0.0280674975,0.224546149,0.055124104,0.362436682
-0.0767342523,0.159519404,-0.112927899,0.26731497
-0.201900735,0.0167582277,-0.319122404,0.0372079834
-0.272925079,-0.126407877,-0.428879946,-0.18846184
-0.239396945,-0.193421617,-0.384402305,-0.297654897
-0.102830768,-0.144437149,-0.183695748,-0.237880915
0.0820198506,0.00538193714,0.123139665,0.00244121859
0.233262509,0.19328101,0.363140672,0.293712765
0.282292694,0.337886781,0.419782579,0.483564645
0.208155692,0.375621974,0.319222957,0.546875536
0.0485227518,0.287495881,0.0924769342,0.456084549
-0.118242405,0.10446579,-0.179891869,0.181190148
-0.210991159,-0.109762736,-0.337065369,-0.164338186
-0.184938461,-0.288906485,-0.293856978,-0.434520692
-0.0529995076,-0.392110527,-0.0960301533,-0.582428336
0.120652378,-0.416779637,0.161305085,-0.613096356
0.251075357,-0.391622573,0.34879905,-0.56832242
0.271976739,-0.355472505,0.390284926,-0.523688197
0.165344432,-0.334180146,0.253773272,-0.514223576
-0.0318738781,-0.327890337,-0.0439034961,-0.51477766
-0.245756269,-0.314614654,-0.365975797,-0.473651499
-0.398332387,-0.266829401,-0.570848227,-0.376644075
-0.439770639,-0.1708498,-0.635315239,-0.239582732
-0.365993768,-0.037633352,-0.566725552,-0.0514918752
-0.215836868,0.101109728,-0.357274711,0.16463688
-0.0514474176,0.209074959,-0.0884487927,0.343194127
0.0678292364,0.264292985,0.110783845,0.421235085
0.106861778,0.26970011,0.176757634,0.424989879
0.0642341673,0.248997167,0.113229744,0.397184312
-0.0312722027,0.230020672,-0.040043354,0.370718539
-0.133409098,0.22541365,-0.205383703,0.360153168
-0.194706559,0.222550422,-0.304314017,0.355525523
-0.181381851,0.189921305,-0.288244039,0.31192711
-0.0839484036,0.0978488401,-0.141273439,0.173622712
0.0781482905,-0.0574742965,0.124178581,-0.0838698447
0.259223312,-0.240963086,0.390353113,-0.364536941
0.398388177,-0.386405677,0.525827885,-0.522405624
0.438227713,-0.424200565,0.551497936,-0.549238205
0.347002268,-0.316958338,0.491370827,-0.465659112
0.136591643,-0.0849675611,0.228318542,-0.161012381
-0.132901907,0.193320736,-0.203932017,0.292831481
-0.367767662,0.409340441,-0.484274179,0.553080201
-0.472791582,0.470357239,-0.559839189,0.57675153
-0.390102565,0.342726409,-0.53227061,0.485060453
-0.128272921,0.0715099275,-0.218943179,0.142984971
0.233313099,-0.234491959,0.34578836,-0.344168633
0.5703848,-0.447295874,0.629065514,-0.514104426
0.761802793,-0.474600881,0.653894544,-0.428156167
0.739887238,-0.300142467,0.739387333,-0.312281907
0.52015239,0.00913624931,0.714346111,-0.00953477994
0.195446417,0.332624227,0.311496586,0.473836809
-0.104523525,0.548840284,-0.12016239,0.727283299
-0.270662755,0.587343097,-0.321471393,0.730718672
-0.262403041,0.456316382,-0.351357281,0.634498835
-0.123238787,0.234091848,-0.195613578,0.389516324
0.0437803082,0.0298422817,0.0700597093,0.0633557737
0.128848717,-0.0672634318,0.212199748,-0.113979377
0.0707002804,-0.0266237687,0.121923044,-0.0558803976
-0.112848639,0.114475794,-0.175857067,0.174789995
-0.334222734,0.273206174,-0.479487956,0.398513645
-0.480589479,0.362676859,-0.609353006,0.473800391
-0.471295804,0.331876159,-0.615071476,0.446993023
-0.299568385,0.185589135,-0.461676806,0.301313609
-0.0377628654,-0.0232824478,-0.0728270337,-0.0191419106
0.196273446,-0.222789824,0.300534189,-0.344183862
0.294855028,-0.356440753,0.420612514,-0.5185377
0.210665852,-0.405985236,0.304899037,-0.594442368
-0.0226457156,-0.392683506,-0.0293204095,-0.598526001
-0.308441907,-0.35888043,-0.436854303,-0.515813649
-0.533450246,-0.341459513,-0.666715801,-0.41854465
-0.618968248,-0.351825088,-0.71084851,-0.390017629
-0.552319169,-0.372366101,-0.668621302,-0.433783442
-0.385126293,-0.36984989,-0.533995926,-0.492391527
-0.202115297,-0.317129165,-0.320806116,-0.476177722
-0.0782654658,-0.210627228,-0.137120977,-0.345264524
-0.0462554507,-0.074048534,-0.0797438174,-0.130216822
-0.0888818055,0.0533094294,-0.145862475,0.0825692266
-0.157041699,0.136831939,-0.250091702,0.222389564
-0.200784445,0.164193645,-0.31791231,0.268180281
-0.195596024,0.150767669,-0.31275329,0.24841319
-0.150656119,0.130065247,-0.246825173,0.219113335
-0.0970262438,0.134483755,-0.160780877,0.222906396
-0.0649850368,0.17672129,-0.105609134,0.288068414
-0.064873606,0.241770789,-0.099155359,0.385096967
-0.0824806616,0.293828368,-0.122846991,0.46128124
-0.0906540602,0.294746131,-0.135077015,0.466048837
-0.0691306219,0.224800408,-0.107069708,0.370072037
-0.0200456567,0.0954059213,-0.0309216585,0.168482631
0.030474158,-0.0526158661,0.050222747,-0.0810567513
0.0458381735,-0.164650828,0.0763042346,-0.269631296
-1.33457858e-17,-0.194759473,-0.00185167301,-0.321514994
-0.105959654,-0.12501277,-0.173353344,-0.214470461
-0.241038844,0.0265796222,-0.387491852,0.0348732583
-0.356997639,0.212557599,-0.526974142,0.31315124
-0.409860998,0.373729587,-0.544801414,0.503909528
-0.379178494,0.460600883,-0.485197186,0.598624408
-0.275696397,0.450157762,-0.372427672,0.621669233
-0.134627596,0.352241397,-0.201595932,0.544330657
0.000832185789,0.204231858,0.00329600647,0.342630595
0.0967869684,0.057082776,0.16288738,0.101333074
0.138639763,-0.041712597,0.230467767,-0.0703000948
0.130736828,-0.0624686889,0.216240361,-0.108590253
0.0884787068,-0.000954390562,0.148916975,-0.0104822004
0.0290683396,0.122049853,0.0498716235,0.195495039
-0.0337227844,0.268200696,-0.0493330956,0.42184642
-0.0892966613,0.393291891,-0.126744539,0.587109447
-0.127211466,0.459769249,-0.172070622,0.656325817
-0.135884523,0.446814239,-0.186996773,0.645318031
-0.105786502,0.355589807,-0.154905751,0.547113299
-0.0360437669,0.208524793,-0.0556537807,0.348373383
0.0599378496,0.0430088639,0.100586422,0.0823849291
0.15464054,-0.0987200662,0.250598699,-0.158776373
0.214293346,-0.180748105,0.336391419,-0.290895015
0.211771369,-0.182751924,0.332945973,-0.297240198
0.138503134,-0.105008721,0.22736609,-0.183708027
0.00930325687,0.0319631249,0.0194025822,0.0419533402
-0.142514259,0.192810148,-0.22297214,0.304317653
-0.277414709,0.336284995,-0.399149269,0.49369362
-0.363365471,0.425530374,-0.477893978,0.572466254
-0.384832382,0.437351644,-0.496802539,0.580871403
-0.344026327,0.36834383,-0.47359398,0.52293545
-0.255832285,0.236240119,-0.391059548,0.37660715
-0.140845284,0.0756672174,-0.231983289,0.137674719
-0.0207226966,-0.0712603331,-0.0380255394,-0.109737657
0.0829534307,-0.167463437,0.130504683,-0.272267491
0.148657814,-0.192940488,0.233743086,-0.314971715
0.157519668,-0.151998788,0.253623396,-0.253412426
0.100352608,-0.0721953213,0.167260051,-0.127876505
-0.0132971257,0.00583985122,-0.0157429613,0.00396640226
-0.150098398,0.0447690599,-0.241677806,0.0742034912
-0.257971108,0.0268730577,-0.408766061,0.0496343821
-0.282927752,-0.0369482785,-0.450520009,-0.0491091274
-0.192539573,-0.110541381,-0.320275068,-0.170079097
0.00465103611,-0.148165762,-0.00611752691,-0.237633675
0.254834652,-0.116475523,0.388354838,-0.187449336
0.474924356,-0.0129526006,0.670679092,-0.0290629659
0.584234834,0.128614172,0.753043771,0.151359156
0.538583875,0.249818459,0.702637792,0.308441877
0.350877106,0.292772323,0.520358264,0.411263794
0.0876013935,0.2279488,0.160469621,0.364617079
-0.158171654,0.0715276226,-0.242734894,0.125715017
-0.305215061,-0.117151983,-0.473721504,-0.167899296
-0.316207111,-0.258644193,-0.480222553,-0.376093894
-0.208767265,-0.287734866,-0.334457308,-0.436074555
-0.0413700454,-0.183746994,-0.0848485604,-0.304119736
0.117456011,0.0175987724,0.182941973,0.0173229408
0.220350042,0.237275347,0.342708528,0.357761621
0.25730589,0.386069477,0.377921104,0.549311221
0.250311047,0.403249115,0.366641939,0.574349642
0.231944636,0.283296883,0.362606466,0.43528685
0.221879333,0.0784249008,0.36647138,0.133678913
0.215483814,-0.124350443,0.349079758,-0.194980651
0.190821126,-0.241091698,0.297644049,-0.38142243
0.128921375,-0.226536721,0.202233642,-0.372717947
0.0339146182,-0.091537483,0.0545010231,-0.166220114
-0.0606932379,0.10477864,-0.100512587,0.162525401
-0.105328925,0.283429205,-0.163878366,0.443068236
-0.0611853264,0.380693138,-0.0909428447,0.579357207
0.0742700249,0.373734087,0.114214465,0.572327971
0.258502543,0.285904408,0.390153617,0.438122362
0.41884312,0.170992628,0.608280063,0.246699139
0.485246152,0.0854220018,0.685777247,0.113536142
0.424646258,0.0622133948,0.629097402,0.0794355795
0.258827746,0.0984783322,0.420226008,0.143360794
0.0556673557,0.160841525,0.104444362,0.254962653
-0.102677979,0.204477265,-0.159189537,0.330385566
-0.15888685,0.195636883,-0.252171636,0.320465654
-0.107080646,0.127073109,-0.177006945,0.218609929
0.00655680103,0.0202252939,0.00713455305,0.0428716168
0.109202512,-0.0853110179,0.177455723,-0.13742514
0.139506012,-0.149055302,0.227623552,-0.24630399
0.0787122846,-0.145751983,0.130956039,-0.246551037
-0.0408788882,-0.0742433891,-0.0643300787,-0.132586643
-0.153747007,0.0430019908,-0.251427114,0.0649840981
-0.195315167,0.167991251,-0.31378445,0.268147558
-0.13449128,0.259174973,-0.21379523,0.413363814
0.0117718028,0.28349331,0.0162868574,0.455922842
0.188288569,0.225814089,0.297785014,0.36227569
0.329457819,0.0941428468,0.512515247,0.1470761
0.389969647,-0.080519937,0.588337481,-0.119108967
0.362900436,-0.250482559,0.531691253,-0.367583156
0.277355343,-0.363664359,0.398890406,-0.530138254
0.178968474,-0.3796947,0.259563595,-0.568374276
0.105082937,-0.285124838,0.158113718,-0.457044572
0.0680039078,-0.101657175,0.104715481,-0.182096496
0.0540693402,0.117538512,0.0870706141,0.183284536
0.0370480418,0.304250836,0.0616303943,0.471878558
-0.00315894373,0.399565816,0.00474252924,0.598690808
-0.0674415752,0.376767546,-0.0898531079,0.575112283
-0.136718899,0.252716601,-0.204964072,0.410268068
-0.182722718,0.0817270502,-0.291261047,0.145446792
-0.183319509,-0.0665155053,-0.299611896,-0.0996829867
-0.133687809,-0.135944754,-0.226124495,-0.218266577
-0.0479937568,-0.10726732,-0.0899295881,-0.177962616
0.0479249656,-0.00479093054,0.0721079335,-0.0144183701
0.127621114,0.116141014,0.208736405,0.185726285
0.172611073,0.195091754,0.27981627,0.30700621
0.175064713,0.193576247,0.286714792,0.309662491
0.135598928,0.110673182,0.231412381,0.183519647
0.0600367561,-0.0194606707,0.108106755,-0.0290784724
-0.0414413288,-0.145846099,-0.064083606,-0.237689182
-0.152503923,-0.224874735,-0.242693126,-0.35711354
-0.249397799,-0.23836422,-0.38753733,-0.367622286
-0.304292053,-0.197369292,-0.469893277,-0.298394531
-0.29470408,-0.131493241,-0.46546343,-0.202026546
-0.215734318,-0.0708672628,-0.356913626,-0.110971086
-0.0881395414,-0.0310562551,-0.154846504,-0.0461426228
0.0444760285,-0.00850654114,0.0682433918,-0.013092258
0.131201178,0.0124235246,0.216344312,0.0178274196
0.136705115,0.0464208461,0.229673624,0.0703203008
0.0606027767,0.0966415182,0.108175658,0.152628481
-0.0576849915,0.152819782,-0.0865671709,0.247655898
-0.153427705,0.198441789,-0.240112215,0.319381416
-0.165596575,0.221597672,-0.261791587,0.357788831
-0.0673134029,0.221958935,-0.111046076,0.363562495
0.117442675,0.209062904,0.182934836,0.341348678
0.3203457,0.193010837,0.48494187,0.291668713
0.456883609,0.17408061,0.647123635,0.238977462
0.46371302,0.139113903,0.660652518,0.18861258
0.32769376,0.0687306225,0.518301427,0.100211233
0.0926797166,-0.047511708,0.170230091,-0.081806615
-0.159253612,-0.196823254,-0.245794803,-0.3117989
-0.343149453,-0.339641541,-0.489139378,-0.474306941
-0.406290621,-0.42176187,-0.538561225,-0.541919708
-0.346927434,-0.398367971,-0.486412972,-0.53951335
-0.208987996,-0.2585572,-0.338538051,-0.400968045
-0.0570989959,-0.0369428992,-0.10964334,-0.0696408078
0.0545516349,0.195743158,0.08529789,0.31068927
0.10404446,0.360753238,0.163582757,0.544154346
0.104717627,0.405743778,0.166196838,0.600705028
0.0900890082,0.328844309,0.148348436,0.511436343
0.0905944258,0.179922298,0.154432744,0.300000221
0.115306921,0.0375310779,0.192675337,0.0670392066
0.147956491,-0.0277765933,0.242455527,-0.0485911705
0.158127412,0.0140051246,0.258895993,0.0130961621
0.120266259,0.139844954,0.199669525,0.216223344
0.0294576194,0.287128836,0.0551561899,0.443734825
-0.0945494249,0.385855407,-0.129532397,0.577206969
-0.21665284,0.392991602,-0.30280152,0.575977266
-0.303346574,0.311625421,-0.435387164,0.466907144
-0.337907672,0.185744047,-0.503521621,0.293027461
-0.326042891,0.0742901042,-0.504092395,0.12554273
-0.289886236,0.0188492425,-0.460579365,0.0366576612
-0.254584908,0.022301767,-0.41076991,0.0404538177
-0.235258743,0.0495630875,-0.379404128,0.0827153772
-0.231175795,0.0495431833,-0.369955659,0.0861359239
-0.229445353,-0.0139025562,-0.369451612,-0.0134718819
-0.215156898,-0.138973519,-0.346080929,-0.211742893
-0.181676775,-0.28347978,-0.286053389,-0.428225577
-0.135301128,-0.38457793,-0.210773095,-0.567641854
-0.0920466185,-0.390565336,-0.147598758,-0.585186124
-0.0688101575,-0.288280159,-0.117494047,-0.460045636
-0.0739657059,-0.111954004,-0.12749581,-0.193684191
-0.10234841,0.0710661337,-0.169189185,0.111252427
-0.136900678,0.190587744,-0.217031211,0.308231622
-0.155743495,0.204889953,-0.24330771,0.334646016
-0.141019046,0.118098356,-0.226761073,0.203829437
-0.0855861977,-0.0239615459,-0.144245178,-0.0283986051
0.00472761272,-0.156250954,0.000835671963,-0.250081569
0.113325685,-0.223643824,0.17259717,-0.35941878
0.217850044,-0.202819064,0.334099412,-0.325753897
0.295969874,-0.107808195,0.456458777,-0.1803592
0.330514729,0.0212039147,0.51077956,0.0205300152
0.313291281,0.138315111,0.485828936,0.203307256
0.247239903,0.210836291,0.391927153,0.319440365
0.146425381,0.228484556,0.243679285,0.359017134
0.0332521312,0.200817138,0.0646220073,0.326735914
-0.0671686009,0.147042707,-0.10335134,0.245960742
-0.134328231,0.0852044374,-0.21820654,0.145684198
-0.158827037,0.0262688249,-0.261080623,0.0494188443
-0.145207554,-0.0255900379,-0.242597848,-0.0372158661
-0.109404176,-0.0693144947,-0.184408963,-0.110057816
-0.0715137869,-0.10416349,-0.123133078,-0.168610543
-0.0470662825,-0.130314261,-0.0801126063,-0.214171275
-0.0410254188,-0.151959449,-0.0698006451,-0.249547809
-0.0475518927,-0.179404005,-0.0800516829,-0.293103129
-0.0555460267,-0.226796687,-0.0918108299,-0.362377822
-0.056751553,-0.305009812,-0.0934862718,-0.473700762
-0.0516327955,-0.412959963,-0.0824980512,-0.607527196
-0.0493918508,-0.532781899,-0.0736669376,-0.721954584
-0.0618749112,-0.633081019,-0.0846102238,-0.783456624
-0.0948523507,-0.680351257,-0.119254328,-0.796460092
-0.142023325,-0.653811932,-0.177174494,-0.780667424
-0.185838968,-0.556256056,-0.249893486,-0.723998129
-0.205401689,-0.414805442,-0.304324776,-0.599082291
-0.187412322,-0.270311505,-0.300279588,-0.421188802
-0.133950397,-0.160033792,-0.226306364,-0.260748714
-0.0622445419,-0.101953708,-0.109602734,-0.168499038
0.00404544966,-0.0884948373,0.00301469723,-0.144375831
0.0475398041,-0.0927072689,0.0785790235,-0.154365778
0.0666668788,-0.0835846141,0.109603725,-0.142340794
0.0761771947,-0.0425239764,0.124311261,-0.073245354
0.0976699218,0.0274949335,0.160333708,0.0412010252
0.144937456,0.104436897,0.235760078,0.167645156
0.212359086,0.159624115,0.338812768,0.252313703
0.273540765,0.173091635,0.429271489,0.265345097
0.292224646,0.143652931,0.46091041,0.220121443
0.240844578,0.0885771215,0.392603964,0.138726875
0.117576443,0.033527445,0.20424512,0.0510846302
-0.0471291766,-0.00139449886,-0.070673041,-0.00414928095
-0.198678926,-0.0117846401,-0.320216388,-0.0187228899
-0.278170109,-0.00988337398,-0.442477167,-0.0105180861
-0.245293632,-0.0161089581,-0.399728239,-0.0176476687
-0.0943242982,-0.0460312814,-0.167786151,-0.0662088618
0.143281832,-0.0999394953,0.222449228,-0.158178926
0.409832776,-0.160575226,0.5884673,-0.237096325
0.640251875,-0.200163186,0.760347843,-0.249563023
0.780771136,-0.193059877,0.783838332,-0.206651419
0.801095009,-0.127690285,0.792964697,-0.138781577
0.697928071,-0.0121701527,0.803156853,-0.0261746906
0.491840571,0.128532887,0.686639786,0.161308154
0.221112251,0.261885375,0.357410342,0.387413085
-0.0649551004,0.358829975,-0.081507571,0.54229027
-0.313204855,0.401861846,-0.420655251,0.562106311
-0.475657374,0.387652457,-0.595336139,0.501757026
-0.520788789,0.324703574,-0.654750347,0.422670454
-0.444504023,0.228525802,-0.619465828,0.330632359
-0.275591642,0.117025532,-0.438821256,0.198803142
-0.0705389902,0.0074842684,-0.125828475,0.0238780081
0.103580952,-0.0851041004,0.164091423,-0.135958314
0.193326801,-0.149358347,0.308901876,-0.242844224
0.180334926,-0.179078788,0.290264785,-0.292823553
0.089491047,-0.174540401,0.14785096,-0.292226762
-0.0216298029,-0.14227277,-0.034331765,-0.240251988
-0.0887272656,-0.0925036222,-0.149117723,-0.154441968
-0.0706841573,-0.0348679237,-0.124839492,-0.057099849
0.0309639778,0.0255360994,0.043926537,0.0427390225
0.172990844,0.0892899856,0.276592731,0.144597217
0.291933417,0.159819588,0.451729536,0.240618214
0.33559671,0.237781376,0.503013551,0.343737811
0.288706392,0.315944076,0.43378979,0.454560161
0.179553092,0.378176004,0.276653171,0.551673055
0.0642567426,0.404234916,0.106447227,0.598370492
-0.00295450166,0.378750741,0.00471772393,0.576372623
0.00238010124,0.299945533,0.00753971888,0.478719771
0.063741833,0.183051765,0.107099645,0.306430817
0.134856373,0.055713933,0.223607793,0.0978799909
0.166886598,-0.0531513691,0.275726497,-0.0875837281
0.136382282,-0.125759289,0.224708661,-0.208988279
0.0583865643,-0.162678063,0.0980553031,-0.27138865
-0.0226325635,-0.180791736,-0.0363553129,-0.298596412
-0.0589413643,-0.202768192,-0.0991313979,-0.327951759
-0.0280231722,-0.243530914,-0.0513177812,-0.386804044
0.0528817065,-0.301168591,0.0725510567,-0.469476789
0.13481608,-0.357578993,0.196603104,-0.539670825
0.163753882,-0.388902932,0.236951306,-0.578404486
0.111291125,-0.380244672,0.16443263,-0.575777352
-0.00779593829,-0.33642152,-0.0127551872,-0.526407421
-0.141348973,-0.282232672,-0.221697569,-0.44506377
-0.226429313,-0.251240969,-0.354469389,-0.385546654
-0.222607732,-0.268421978,-0.350187004,-0.405256152
-0.13391383,-0.335753024,-0.2149252,-0.503442407
-0.00739745609,-0.428712606,-0.0223609582,-0.623978853
0.0911019444,-0.506156981,0.116538219,-0.699281275
0.111018009,-0.529004157,0.142442986,-0.720729172
0.0427147783,-0.478386253,0.0557427406,-0.685081303
-0.0788007453,-0.364074379,-0.121919997,-0.560290754
-0.193609998,-0.219043657,-0.309947342,-0.35115996
-0.248858213,-0.0833231434,-0.402928203,-0.133616045
-0.225415558,0.0141827511,-0.369036973,0.0262027197
-0.145068824,0.0664374903,-0.242824644,0.114618592
-0.0552120283,0.0865145177,-0.0942575559,0.149305269
-0.000531867845,0.0953716114,0.00144211564,0.158909842
0.00189926999,0.106997497,0.00628847769,0.17580539
-0.0298224427,0.11999511,-0.045752272,0.197959855
-0.0558878072,0.120600611,-0.0897960588,0.201017559
-0.0407473557,0.0950956941,-0.0669373423,0.161631331
0.0239577089,0.0436275117,0.038256485,0.0777678341
0.113073051,-0.0138580529,0.184408754,-0.0208585039
0.181966245,-0.0445839167,0.295843184,-0.0757608861
0.192732736,-0.0202201642,0.31618771,-0.0404384471
0.13722904,0.0647462383,0.229432926,0.0966121629
0.0433402248,0.184477329,0.0764531344,0.292683214
-0.0394585803,0.289473772,-0.0559445433,0.455573618
-0.0671961606,0.328268528,-0.100355439,0.511911273
-0.0257039554,0.272837818,-0.0378846899,0.441630095
0.0618314706,0.134483188,0.104354136,0.231780887
0.148423865,-0.038950406,0.245509207,-0.0559949428
0.190125987,-0.18432194,0.303597987,-0.295650035
0.170588106,-0.252955765,0.267109752,-0.402732342
0.109024189,-0.234045953,0.173336551,-0.383127719
0.0469026566,-0.159581587,0.074126631,-0.269958138
0.0212030653,-0.0878971517,0.0311336536,-0.149973452
0.0402417444,-0.073945567,0.0636974424,-0.122277938
0.0769949928,-0.141365781,0.125541151,-0.228779405
0.0849123076,-0.270602077,0.135323733,-0.42437759
0.0279335659,-0.409036487,0.0412227474,-0.608038247
-0.0925826207,-0.497625828,-0.13141261,-0.693780124
-0.23065412,-0.499951154,-0.313970208,-0.671509802
-0.314475507,-0.418480456,-0.439407647,-0.573819339
-0.282956421,-0.289849401,-0.432834476,-0.43019852
-0.121054694,-0.162363231,-0.214909881,-0.262119412
0.125678062,-0.0685871392,0.191246375,-0.112996362
0.36676991,-0.00856266823,0.550042391,-0.0179042984
0.506411731,0.0466872156,0.705820084,0.0555878915
0.487722188,0.133052796,0.684821844,0.170686975
0.319426715,0.265040308,0.483171672,0.374273479
0.0713287592,0.417872101,0.123162344,0.603332222
-0.159174368,0.531700909,-0.197633341,0.710777819
-0.29255861,0.53804034,-0.359666944,0.690226018
-0.301839203,0.396177381,-0.414065838,0.565338075
-0.219726995,0.120882489,-0.348850638,0.216343895
-0.116144352,-0.214142784,-0.189430624,-0.321524709
-0.0592054948,-0.501179636,-0.0888248459,-0.693979323
-0.0806136131,-0.641722739,-0.107473947,-0.789558232
-0.162985697,-0.588345528,-0.212060183,-0.751076519
-0.254115731,-0.365430146,-0.374790639,-0.538440347
-0.298646659,-0.0586938784,-0.478655636,-0.102651894
-0.268916965,0.221773982,-0.420520782,0.339302093
-0.178315327,0.387722015,-0.261770666,0.57633245
-0.0710116625,0.406862348,-0.0990131125,0.610763371
0.0047240993,0.309884518,0.0148465298,0.492557615
0.0237165689,0.16874969,0.0479790792,0.283441126
-0.00372186908,0.0584148616,0.000375215634,0.0993647426
-0.040367052,0.0214216467,-0.0661488995,0.0343674384
-0.0455609001,0.0521923676,-0.0777005032,0.0848156884
0.000758564041,0.107063323,-0.00238161068,0.177038729
0.0875549391,0.132806271,0.142491013,0.220519811
0.181365907,0.0974643081,0.295128107,0.160797164
0.248261169,0.00713315979,0.401202738,0.0137415444
0.27532655,-0.0993939415,0.43620947,-0.158509135
0.278291136,-0.174045101,0.431661934,-0.274706483
0.290307164,-0.187340409,0.443552107,-0.295676053
0.338404715,-0.145116985,0.508105278,-0.230846733
0.422012389,-0.0849360302,0.614142001,-0.133022234
0.507421613,-0.0542505197,0.701285124,-0.0835722312
0.543217659,-0.0824203938,0.731631637,-0.116495296
0.489378691,-0.162102789,0.678563237,-0.228869542
0.343992263,-0.250620157,0.511250019,-0.374964774
0.151572198,-0.291255504,0.240263775,-0.460812896
-0.0138016045,-0.243688017,-0.0238384176,-0.400232345
-0.0836284012,-0.107640021,-0.145269021,-0.184910029
-0.0308512878,0.0730099231,-0.0626073778,0.116612643
0.112760343,0.228499845,0.17344375,0.3641617
0.268221319,0.295206666,0.403394133,0.443202645
0.345715791,0.245632872,0.516655564,0.36261788
0.288434446,0.10144911,0.464217067,0.160527378
0.102045417,-0.076866895,0.184622735,-0.126923919
-0.145353794,-0.218566656,-0.221820787,-0.348546118
-0.353403658,-0.275143445,-0.516137481,-0.399746716
-0.435363293,-0.24088712,-0.618742168,-0.33367303
-0.357525527,-0.151830599,-0.54823333,-0.224426895
-0.153385803,-0.0644382685,-0.267386585,-0.100005135
0.0934955776,-0.0254565682,0.142687857,-0.0393286645
0.288563401,-0.0484118871,0.452845901,-0.0763653517
0.367620081,-0.108374581,0.558747053,-0.167533055
0.320734859,-0.156959713,0.494971067,-0.245741129
0.18876718,-0.149156645,0.308194667,-0.250206977
0.0368111767,-0.067783542,0.0645013675,-0.123697519
-0.0799215734,0.0669997782,-0.132151306,0.10381224
-0.139725015,0.207642451,-0.223730847,0.331455588
-0.156489223,0.302981734,-0.237182006,0.471768707
-0.161625758,0.32323733,-0.240961567,0.49980849
-0.178132594,0.273343295,-0.269272357,0.431706637
-0.202755883,0.188171685,-0.31374526,0.307113767
-0.20685789,0.112835653,-0.331286639,0.189329728
-0.15544562,0.0789847821,-0.256836861,0.136261046
-0.0331210084,0.089801237,-0.0635752678,0.151196614
0.138610333,0.121409722,0.21925348,0.198288232
0.303821534,0.139363661,0.468780816,0.21411927
0.394839138,0.120624654,0.590977192,0.174513489
0.364264131,0.0684340745,0.561447382,0.0985110253
0.209857419,0.0113346856,0.352801919,0.0123425946
-0.0211035553,-0.01366923,-0.0227471255,-0.0274532754
-0.251116186,0.0151485,-0.395924926,0.0213828925
-0.406409681,0.0869351849,-0.603286266,0.13281481
-0.448992848,0.158014119,-0.64010489,0.23157461
-0.391109616,0.170682669,-0.575714171,0.260487109
-0.285335094,0.0828455761,-0.45110479,0.143758208
-0.195854321,-0.106187873,-0.316851556,-0.155215189
-0.165814355,-0.347607046,-0.252555072,-0.511279583
-0.197263345,-0.558580935,-0.261618018,-0.7185902
-0.253366202,-0.655786514,-0.300547987,-0.752825677
-0.28095901,-0.592231333,-0.348062545,-0.716139793
0.324599117,0.222582251,0.42578724,0.29961744
0.258588225,0.12301752,0.451348096,0.210525855
0.0976330563,-0.00218313048,0.176215023,-0.0045753913
-0.106956705,-0.114799447,-0.166856393,-0.187826246
-0.284383178,-0.1943122,-0.43791765,-0.296042413
-0.378701806,-0.244842261,-0.554307938,-0.347695738
-0.374533594,-0.286834717,-0.542554975,-0.40034309
-0.300908446,-0.338796794,-0.443723172,-0.479661077
-0.212260827,-0.400060356,-0.317016006,-0.57090497
-0.158062771,-0.445161104,-0.233193487,-0.633108199
-0.158211499,-0.434169412,-0.233402669,-0.624143839
-0.197088182,-0.334469169,-0.302612126,-0.507675946
-0.237891957,-0.142765716,-0.384271443,-0.234833404
-0.247188374,0.10486678,-0.400139391,0.160447538
-0.214385688,0.341650546,-0.321778387,0.507717907
-0.154907152,0.49503988,-0.208173856,0.686684191
-0.0964413434,0.517130911,-0.123212963,0.713250816
-0.0582380742,0.40645647,-0.0768364295,0.610628843
-0.0375021286,0.21056506,-0.0529772416,0.35356915
-0.0120729646,0.00743850647,-0.0164864697,0.0231358241
0.0421813056,-0.126482964,0.0650178939,-0.205763981
0.130752608,-0.147725403,0.20395124,-0.245952368
0.230931982,-0.0629265383,0.36263451,-0.11175672
0.301167101,0.0756039023,0.469440609,0.108034991
0.305286109,0.193628475,0.470968604,0.285913378
0.237348706,0.227392882,0.379555881,0.347558141
0.130970702,0.150615513,0.224201649,0.246076033
0.0451018997,-0.0152417524,0.0825930834,-0.0173067003
0.0321181417,-0.211170465,0.0512431078,-0.33508119
0.10562668,-0.366206855,0.149658605,-0.551352739
0.227387488,-0.427086115,0.309215754,-0.60866791
0.323284119,-0.379445374,0.441159606,-0.538995683
0.322109342,-0.252163529,0.47458896,-0.388247132
0.197093055,-0.103792399,0.322019815,-0.182076037
-0.0131815355,0.00256108027,-0.00990225654,-0.00520271575
-0.21797429,0.0251316875,-0.344355404,0.0436183549
-0.317044199,-0.040408574,-0.493844748,-0.0509608649
-0.251488537,-0.160788372,-0.40436995,-0.238125548
-0.0358237177,-0.280345708,-0.0735230967,-0.434018642
0.246681899,-0.34487927,0.344490618,-0.509229839
0.484231353,-0.324187875,0.620279849,-0.433682084
0.591919482,-0.224202663,0.730018079,-0.292147279
0.553377569,-0.0840643197,0.735070765,-0.125686362
0.426576436,0.0403282382,0.630284548,0.0443380065
0.31067127,0.0993574858,0.490400642,0.146385655
0.291594446,0.0698477179,0.459758371,0.110659443
0.395485997,-0.0357990265,0.588321686,-0.0498708189
0.57474041,-0.175038785,0.733548343,-0.227153972
0.733764529,-0.292748064,0.751981139,-0.310286671
0.78012526,-0.343529671,0.723125041,-0.329526782
0.673297226,-0.309524298,0.733114958,-0.347258836
0.44498685,-0.206486866,0.628023624,-0.303793639
0.18088679,-0.0758995786,0.304336131,-0.140355736
-0.0251564812,0.0331975333,-0.0343761258,0.0485491343
-0.118868336,0.0846941546,-0.196413264,0.142973363
-0.109178752,0.0694346577,-0.182545692,0.121737629
-0.0558311269,0.00699562766,-0.0943591371,0.0194818769
-0.0294124149,-0.065089114,-0.0485246517,-0.103838637
-0.0675049201,-0.109430574,-0.108737692,-0.181633979
-0.152335405,-0.10586869,-0.246737167,-0.175383046
-0.222616196,-0.0598638207,-0.360435635,-0.0969945267
-0.212504536,0.0013555676,-0.351197779,0.00448118616
-0.0949420333,0.0427702107,-0.165564567,0.0762932897
0.0961013138,0.0389429852,0.151287198,0.0696474239
0.278227806,-0.0133887939,0.438800335,-0.0191877261
0.362193078,-0.0933294818,0.552150369,-0.144631445
0.300075203,-0.165264547,0.46892795,-0.260174334
0.113440722,-0.195217669,0.190485492,-0.324568391
-0.114577591,-0.166468516,-0.182196379,-0.27851969
-0.27992484,-0.0872285962,-0.443353146,-0.139713407
-0.309900314,0.0130330287,-0.491928577,0.0241990425
-0.199636728,0.0967153311,-0.332220286,0.163040861
-0.0137674017,0.134451658,-0.0300172325,0.227762133
0.14725545,0.11719086,0.238744006,0.195781648
0.198238447,0.0586988926,0.328742683,0.0957434252
0.111131623,-0.0121719008,0.195613831,-0.0225453563
-0.0733158514,-0.0653082654,-0.112122685,-0.111946464
-0.268801361,-0.0824665129,-0.421562523,-0.130536214
-0.388150424,-0.0636188611,-0.585354149,-0.0901686251
-0.38568598,-0.0240472779,-0.586354375,-0.0307763238
-0.276139498,0.015592684,-0.446885109,0.0326123722
-0.122370571,0.0406054482,-0.208229199,0.0743500888
-0.000680980214,0.04891387,-0.00435456773,0.0845110267
0.0367774628,0.0496874228,0.0650995597,0.0819270462
-0.016679069,0.0550450608,-0.0199996028,0.0888624117
-0.126081437,0.0698198825,-0.20227246,0.11430797
-0.238623008,0.085615404,-0.37798655,0.138656572
-0.312494308,0.0832433701,-0.484314203,0.136544168
-0.334967285,0.0431099795,-0.517439067,0.0768674091
-0.321771532,-0.0414954238,-0.502332509,-0.053465005
-0.301055282,-0.15549615,-0.467424423,-0.228998169
-0.293316036,-0.263296306,-0.444314152,-0.386645943
-0.299408227,-0.32126382,-0.442004889,-0.463962823
-0.302465945,-0.296690464,-0.452996075,-0.435112059
-0.280677795,-0.184579298,-0.442259014,-0.286460102
-0.221803054,-0.0137255872,-0.369591892,-0.0256185364
-0.130429015,0.162033007,-0.218848333,0.261745095
-0.0245548002,0.284693688,-0.0388620608,0.451523423
0.0748117492,0.316357225,0.118910968,0.495465785
0.153341815,0.255930632,0.245919406,0.408120126
0.206075802,0.14020659,0.335209519,0.230211318
0.232422486,0.0281528961,0.377705902,0.0453000851
0.228588805,-0.0250103083,0.370451987,-0.0451667421
0.184592322,0.00756062753,0.303020984,0.00194195006
0.0897867531,0.112174734,0.1535943,0.174891159
-0.055594787,0.240543067,-0.0801300779,0.37822327
-0.230704606,0.331199229,-0.332224637,0.494751722
-0.394411415,0.336739928,-0.533497334,0.472455651
-0.49867934,0.244670466,-0.658199072,0.340922475
-0.509868562,0.0827532038,-0.699766636,0.130467191
-0.426840991,-0.093022503,-0.627133012,-0.118961021
-0.284914225,-0.221891582,-0.445024133,-0.328315854
-0.141552597,-0.262465686,-0.233940005,-0.410693139
-0.0497000888,-0.20726563,-0.0896860808,-0.339465529
-0.0321569219,-0.0823868439,-0.0563640408,-0.145577118
-0.0707994699,0.0659154803,-0.116431952,0.10197603
-0.117058426,0.190432832,-0.186405644,0.306154966
-0.118701182,0.259217709,-0.185195893,0.413859725
-0.0488823317,0.262813032,-0.0769626424,0.425510228
0.0781620964,0.21167478,0.12625511,0.348736852
0.213385165,0.127589568,0.341800958,0.209304765
0.29788807,0.0346524455,0.470643908,0.0538154617
0.293102592,-0.0462173298,0.466135204,-0.0764496401
0.199946716,-0.0987230167,0.329918683,-0.165990204
0.0569160841,-0.111051418,0.100131407,-0.191147417
-0.0811890662,-0.0771413669,-0.132833555,-0.13278389
-0.171551779,-0.000278602325,-0.283666432,-0.002605343
-0.20273155,0.103187218,-0.330719799,0.166669264
-0.194759473,0.204033732,-0.309408486,0.323947906
-0.180902287,0.267206043,-0.278775275,0.419676989
-0.182739601,0.2648651,-0.277939916,0.417755336
-0.19401291,0.190217867,-0.300813943,0.312029153
-0.183430418,0.0647288784,-0.296851993,0.116149023
-0.115262941,-0.066810213,-0.19502084,-0.0991281047
0.0242906418,-0.153326616,0.0307871085,-0.248602897
0.211003885,-0.1600326,0.324563891,-0.259393185
0.387514889,-0.0859418288,0.572367787,-0.140102103
0.488172531,0.0330295898,0.686982453,0.0326748267
0.471218914,0.138390467,0.66753,0.182995528
0.340937048,0.175228015,0.524145663,0.255609155
0.147324577,0.118105479,0.256350666,0.191565201
-0.0371389911,-0.0161080565,-0.0504257493,-0.0225755405
-0.151625827,-0.175455153,-0.243094608,-0.273334086
-0.17407304,-0.297362983,-0.27538234,-0.452171534
-0.127293825,-0.338731289,-0.206157714,-0.515693426
-0.061708536,-0.296707422,-0.106758006,-0.467431664
-0.0250974745,-0.209442213,-0.0479974113,-0.344381154
-0.0365930498,-0.135968804,-0.0622415394,-0.22943157
-0.0792193562,-0.124945454,-0.130012408,-0.204973906
-0.114382416,-0.187937587,-0.185875773,-0.297927111
-0.109050728,-0.291021943,-0.175338566,-0.44757992
-0.0591476224,-0.369569749,-0.0999739617,-0.557799757
0.0050061075,-0.359509856,-0.00446908781,-0.55186528
0.0348502807,-0.229996383,0.0471029505,-0.381372869
-0.00769616943,-0.00145053631,-0.0159223042,-0.0176812336
-0.125593051,0.260072887,-0.192070723,0.399565428
-0.28084442,0.469814837,-0.3667638,0.634029508
-0.411771804,0.559962749,-0.467067927,0.658554852
-0.464573711,0.50748539,-0.533700466,0.602500975
-0.421960801,0.341684103,-0.561472416,0.474717021
-0.312823474,0.128879577,-0.481833786,0.217282981
-0.197098479,-0.0576549545,-0.323489606,-0.07884527
-0.133658662,-0.168097526,-0.221185461,-0.268015921
-0.148566037,-0.19328095,-0.240883738,-0.312347054
-0.221067727,-0.162332416,-0.352926791,-0.259208351
-0.295164764,-0.123950861,-0.462519556,-0.19152762
-0.310648441,-0.121687233,-0.484902352,-0.181119382
-0.236825898,-0.175127834,-0.381346941,-0.264609516
-0.0906140059,-0.274616748,-0.153814435,-0.424221635
0.0708761588,-0.389795303,0.0939060897,-0.579199076
0.179334462,-0.485743165,0.239367411,-0.673128486
0.190266758,-0.537959337,0.244357839,-0.715007305
0.105333477,-0.539546132,0.138634324,-0.729019344
-0.0296858866,-0.499013126,-0.045139052,-0.701911271
-0.149757788,-0.432074219,-0.220799014,-0.625236809
-0.204512894,-0.353108555,-0.313178837,-0.524739981
-0.182843804,-0.270795137,-0.293235004,-0.418239743
-0.11523924,-0.1890091,-0.196649119,-0.305986345
-0.0532821938,-0.110653736,-0.0940060541,-0.185357228
-0.0382247567,-0.0406783335,-0.0652410537,-0.0702971667
-0.0763564706,0.0143207237,-0.124225721,0.0221907347
-0.134923324,0.0497823693,-0.220364124,0.0833023861
-0.160894826,0.06752114,-0.264392465,0.115656361
-0.112222619,0.0773870647,-0.189843446,0.132740483
0.0157247689,0.0943440944,0.0188452248,0.161205381
0.183393687,0.131734192,0.292297602,0.211983234
0.324261993,0.193812907,0.49282518,0.285973847
0.377480149,0.271316767,0.547523975,0.378808141
0.319041073,0.342546493,0.465112209,0.480047613
0.175193802,0.379974216,0.272853583,0.554444909
0.0109871225,0.359995961,0.0315860175,0.550928414
-0.10034281,0.27223137,-0.149218291,0.436142206
-0.111677215,0.125066012,-0.179513335,0.216621518
-0.0228886679,-0.0544551685,-0.0422518179,-0.078410387
0.121710099,-0.226492152,0.185961783,-0.355141461
0.257285178,-0.348595798,0.367472291,-0.513281107
0.331037909,-0.387702644,0.451876909,-0.54725945
0.326783687,-0.330793887,0.463025868,-0.485371768
0.269602835,-0.190917328,0.414281487,-0.310363472
0.209158555,-0.00586061692,0.338971823,-0.023205677
0.191137463,0.171553358,0.306230605,0.264977366
0.231923595,0.289816469,0.355361223,0.437820315
0.30941385,0.31690231,0.454268366,0.460727453
0.374244064,0.25341922,0.547639906,0.36629194
0.375240296,0.134469584,0.568430483,0.199506059
0.285958946,0.017619269,0.461114973,0.0228907056
0.11906217,-0.0398128554,0.205703527,-0.0730126053
-0.0782584324,-0.00546206255,-0.123979382,-0.0171097461
-0.245059535,0.112307779,-0.388037115,0.173214659
-0.333130836,0.265743822,-0.490551502,0.392457485
-0.326458991,0.387155414,-0.452429682,0.544671297
-0.245016783,0.418863326,-0.344482064,0.598903179
-0.132248774,0.340205997,-0.196810409,0.528901517
-0.0334398672,0.178434208,-0.0496675968,0.3045789
0.024048293,-0.00277980138,0.0438992456,0.0042864196
0.0395022891,-0.132851601,0.0660311729,-0.217821568
0.0335338749,-0.168171048,0.0526520461,-0.279925019
0.0328768939,-0.113682419,0.0487910174,-0.194539979
0.0540383942,-0.0206936412,0.0849336684,-0.0399325565
0.0943855271,0.0391660035,0.154996619,0.0626274124
0.13475062,0.0118028345,0.223653793,0.0230370574
0.151325881,-0.108400688,0.250473678,-0.173423231
0.129818618,-0.27083689,0.20519051,-0.424578428
0.0739510357,-0.389551699,0.107908189,-0.585330307
0.00372360274,-0.384056777,-0.000892777345,-0.585180998
-0.0554546826,-0.220944524,-0.0960932821,-0.36934498
-0.0866729841,0.064177148,-0.151521966,0.0924217403
-0.0906932652,0.376194954,-0.137760922,0.558833361
-0.0851451829,0.598448932,-0.100078553,0.767484963
-0.0938879922,0.64246136,-0.101799123,0.788834095
-0.132118165,0.486847818,-0.171207845,0.685410559
-0.195377335,0.18760255,-0.295490742,0.314757943
-0.258883774,-0.144880623,-0.401333719,-0.208124116
-0.288346976,-0.391493976,-0.415875584,-0.543173313
-0.257286549,-0.472256005,-0.359868497,-0.63933903
-0.162074447,-0.375517368,-0.254246414,-0.559320569
-0.0265687164,-0.156999424,-0.0599874966,-0.267725825
0.106821597,0.0888796225,0.16668734,0.136869088
0.195904076,0.270968169,0.307182759,0.414135486
0.218259424,0.337627679,0.334883332,0.501794159
0.181674629,0.292558014,0.290999264,0.451286286
0.119780548,0.185893774,0.204068065,0.304486543
0.0746043473,0.0873815864,0.127755105,0.148144484
0.0745797008,0.0551639423,0.123603903,0.0896367505
0.119256385,0.113561541,0.192634866,0.180381238
0.178925887,0.247338772,0.280142605,0.379329085
0.209949628,0.411862969,0.306731135,0.583723128
0.178414047,0.552334964,0.244728506,0.716754496
0.080058977,0.623265922,0.114726916,0.774865627
-0.0541898906,0.601490557,-0.0544568226,0.769151568
-0.170771465,0.490188271,-0.220860332,0.680032074
-0.218625873,0.31512478,-0.32102558,0.485436857
-0.174696892,0.1161047,-0.283111572,0.204124495
-0.0568740554,-0.0634986609,-0.0999269336,-0.0943922698
0.0826752111,-0.18714644,0.126651451,-0.300841659
0.181182295,-0.233938187,0.278510541,-0.374441773
0.194759473,-0.204033732,0.305784434,-0.333144009
0.119327299,-0.11867211,0.198333889,-0.205184549
-0.00738585275,-0.0135786599,-0.00769009348,-0.0323834829
-0.123928502,0.0732047111,-0.200638756,0.118198372
-0.174594209,0.115175352,-0.281783462,0.192392454
-0.136009157,0.107246049,-0.224775031,0.184025571
-0.0280708335,0.0667945594,-0.0504341461,0.119204856
0.0957846269,0.0246641263,0.156062499,0.0433043689
0.173945799,0.00980964955,0.28437084,0.0122960443
0.165225089,0.0349016413,0.274542153,0.0490751304
0.0671899095,0.0902791619,0.119255997,0.142136052
-0.083828859,0.149705276,-0.128793404,0.241720468
-0.23007156,0.185210466,-0.353622496,0.295428634
-0.3180345,0.183163583,-0.48178342,0.286418647
-0.32035625,0.152563527,-0.490789503,0.242894784
-0.244621336,0.12036176,-0.391407967,0.199749202
-0.126756221,0.115635231,-0.214174315,0.194052652
-0.0139389858,0.150931075,-0.0256673954,0.249349818
0.0540930741,0.211412877,0.0903300941,0.339456052
0.057296019,0.258962929,0.0978752002,0.410765499
-0.0023932443,0.250652254,0.00702926144,0.401594758
-0.106954016,0.162952974,-0.163001418,0.272624075
-0.231376857,0.00910209306,-0.36381495,0.0248960909
-0.351157725,-0.160461843,-0.526708066,-0.231589869
-0.44613868,-0.276638687,-0.615870118,-0.371563494
-0.501733124,-0.281626016,-0.664490163,-0.365916103
-0.509913623,-0.156482339,-0.699709296,-0.212157667
-0.47127372,0.0670896024,-0.677636921,0.0949787796
-0.397094369,0.317029119,-0.555722117,0.440731972
-0.308692545,0.509233892,-0.395162255,0.660897791
-0.231938675,0.581386685,-0.28205651,0.732576132
-0.187658101,0.51728344,-0.241512612,0.700838387
-0.181950241,0.351271003,-0.261985421,0.536704004
-0.201925769,0.151712894,-0.314462423,0.256464422
-0.220537052,-0.00820827484,-0.354913473,-0.00382355368
-0.20960103,-0.0790220574,-0.342465758,-0.122727759
-0.15519321,-0.0509147085,-0.26348868,-0.0847192034
-0.0672905669,0.0481574163,-0.118990719,0.0780130997
0.0223845486,0.169091985,0.0341982469,0.274530888
0.0745774955,0.263957411,0.122191258,0.41672948
0.0624346845,0.303860575,0.107642345,0.475578368
-0.0129208444,0.285821736,-0.00740723358,0.452467322
-0.119789317,0.228017464,-0.179678857,0.367662311
-0.208633453,0.157831013,-0.32628125,0.257787049
-0.234584838,0.0992010757,-0.373511583,0.165482193
-0.178751543,0.0644682124,-0.296387106,0.111366488
-0.057546176,0.0526771769,-0.103571303,0.0930560604
0.0848715007,0.0531420633,0.136615753,0.0909615085
0.197360158,0.0514858924,0.319632113,0.0814255998
0.245330051,0.0355443172,0.397417098,0.0538809933
0.225288302,-0.000358520134,0.368850976,-0.00335252215
0.163497925,-0.0532830209,0.273004562,-0.0897942036
0.100267053,-0.111922137,0.165869713,-0.184609517
0.0688090324,-0.159525543,0.110581793,-0.262299538
0.0800502747,-0.179504901,0.124667965,-0.293175399
0.12097051,-0.162624747,0.190438166,-0.269471884
0.166234061,-0.113175385,0.266111493,-0.189798087
0.195426151,-0.0507095978,0.316360444,-0.0894247442
0.20531334,-0.00487962039,0.334894478,-0.0127833216
0.209796563,-0.00379655743,0.343362987,-0.00903156865
0.227734938,-0.0600039177,0.368410736,-0.0967178568
0.266278088,-0.160586476,0.416296035,-0.250814527
0.310426891,-0.267350852,0.458316803,-0.40075919
0.326357067,-0.329060525,0.464464068,-0.478770286
0.278227806,-0.30193606,0.409514368,-0.457241803
0.150079176,-0.169892922,0.242792979,-0.288943619
-0.0393878892,0.0450174995,-0.0599742047,0.0568816327
-0.238503143,0.287781775,-0.354599625,0.429959029
-0.381906152,0.490039647,-0.474679112,0.620616555
-0.419173509,0.596027136,-0.461943895,0.671549082
-0.339080185,0.583397031,-0.396377295,0.69838798
-0.177223936,0.469611377,-0.245002657,0.663977325
-0.00252974196,0.301348656,-0.00256236806,0.485813349
0.111618787,0.132426858,0.186774313,0.224611491
0.118388429,0.00106145942,0.202707455,0.00238437881
0.0164305717,-0.0828305483,0.0362198316,-0.141749144
-0.151543438,-0.135009408,-0.240298584,-0.221141711
-0.319074273,-0.181620657,-0.483900875,-0.272762507
-0.425012499,-0.240169153,-0.604710639,-0.33000353
-0.437776595,-0.3071585,-0.602386117,-0.408160567
-0.364491224,-0.358813494,-0.515051067,-0.48819533
-0.242547095,-0.364115983,-0.367481738,-0.52513814
-0.11946509,-0.302851498,-0.197543174,-0.470785886
-0.0316820182,-0.178881764,-0.0613860935,-0.299426734
0.0079624597,-0.0215862878,0.00775755895,-0.0453021824
0.00969700981,0.125272423,0.0179193802,0.20192799
-0.00422478653,0.221547738,-0.0013226826,0.357788712
-0.0138220573,0.246624216,-0.0173108485,0.398239464
-0.0111912405,0.205799758,-0.0140932407,0.339018643
-0.0015583731,0.124868788,0.00310975965,0.212668791
0.00348341977,0.036595609,0.00720037427,0.0639515743
-0.00441031624,-0.0336328596,-0.00727205491,-0.0543155931
-0.0237357989,-0.076104708,-0.0398127064,-0.126626521
-0.0431138091,-0.096020706,-0.0731196404,-0.160591438
-0.0474352278,-0.105621919,-0.0821975842,-0.175408676
-0.0264316332,-0.114509411,-0.0487441793,-0.188126668
0.0191378873,-0.123617768,0.0274724942,-0.203588739
0.0769548416,-0.125560805,0.123276196,-0.208078757
0.128446907,-0.110247396,0.207843974,-0.184846669
0.157177061,-0.0719679222,0.254898906,-0.123138808
0.156200022,-0.0138947098,0.25692907,-0.0307144225
0.130961567,0.0520828888,0.218884662,0.0793533251
0.0965174437,0.109490044,0.16332756,0.176066786
0.0704064742,0.142776892,0.120229855,0.234346598
0.0643038303,0.141543344,0.109009385,0.232684955
0.0779792666,0.102249011,0.132476389,0.172340736
0.0981121883,0.0279367063,0.165345311,0.0501247272
0.102665596,-0.072643429,0.172931373,-0.119548999
0.0694758669,-0.185606346,0.115108989,-0.300711662
-0.0138904508,-0.292557567,-0.022034904,-0.460802913
-0.142657831,-0.372529119,-0.214177638,-0.557770908
-0.292909801,-0.406162113,-0.414071143,-0.56677717
-0.42673254,-0.38157317,-0.566763103,-0.500768721
-0.503520608,-0.299637109,-0.660302877,-0.385601938
-0.494033307,-0.17578949,-0.683726668,-0.23640646
-0.392206579,-0.0365967937,-0.597643018,-0.0514330752
-0.219897047,0.0881606564,-0.365310401,0.1467067
-0.021915894,0.17468366,-0.0432578363,0.290501177
0.14770332,0.211518988,0.235578343,0.33889538
0.243638366,0.200351655,0.386326969,0.31115365
0.244784951,0.151460126,0.396879107,0.236780837
0.161276415,0.0769622922,0.273823321,0.123364352
0.0301122442,-0.0139705082,0.0595078692,-0.0238022562
-0.0990045518,-0.115262538,-0.158012331,-0.187118873
-0.182099476,-0.21999988,-0.289900541,-0.341613501
-0.19647941,-0.31593141,-0.306776673,-0.470816344
-0.147613958,-0.384679526,-0.229944631,-0.56687361
-0.0652197674,-0.406805724,-0.109961867,-0.602036953
0.00927426014,-0.370970428,0.0040706736,-0.567255437
0.038609311,-0.282104731,0.0546528697,-0.452547759
0.00292311143,-0.163014144,0.00346079003,-0.276556849
-0.0940561369,-0.0468610562,-0.15337263,-0.0843636021
-0.227238983,0.0368941054,-0.362807155,0.0577914938
-0.359247267,0.0761721209,-0.54293108,0.121476799
-0.452847421,0.0818487778,-0.649716556,0.126661986
-0.482769668,0.0811632425,-0.679746985,0.123156719
-0.443570524,0.101407729,-0.643402874,0.153424308
-0.351441234,0.152213156,-0.534900784,0.234664485
-0.239360869,0.216503203,-0.376790762,0.341748714
-0.14663288,0.25638935,-0.229839802,0.407228529
-0.105541021,0.232512519,-0.163288072,0.378606975
-0.129257306,0.127587765,-0.202770919,0.216358081
-0.205533609,-0.0384949185,-0.324859232,-0.0522499382
-0.299424022,-0.211443663,-0.454936087,-0.311816871
-0.365217865,-0.323994845,-0.520909429,-0.451244801
-0.363822579,-0.326947182,-0.520870984,-0.459459573
-0.278781086,-0.214892671,-0.44152993,-0.329727709
-0.123754606,-0.0332299508,-0.219646513,-0.0581832901
0.0625729933,0.138456002,0.0936907828,0.226537377
0.232598662,0.220099673,0.362316102,0.34319368
0.349806368,0.166710719,0.531832993,0.252122849
0.403093129,-0.0108604087,0.605960011,-0.0142748859
0.408141792,-0.249830112,0.583241582,-0.354034811
0.394971102,-0.462287426,0.500125647,-0.594467461
0.388211548,-0.572337091,0.443470985,-0.673172235
0.391071916,-0.546436191,0.453267843,-0.657882273
0.382602066,-0.403567791,0.499114513,-0.549653709
0.330919385,-0.201978594,0.492782533,-0.319774628
0.215941772,-0.0104062129,0.354461908,-0.0327496231
0.0488498956,0.12154609,0.0902412012,0.192673802
-0.124111943,0.180080429,-0.189746141,0.292509109
-0.238317072,0.184695274,-0.369810939,0.296897918
-0.241548747,0.170350343,-0.382462233,0.277780116
-0.123684667,0.165450305,-0.207429245,0.276339591
0.0712309405,0.177738801,0.108726464,0.295498848
0.259292781,0.194734126,0.399801582,0.301441401
0.35286352,0.196769208,0.532037675,0.287504703
0.301901072,0.173776746,0.474886805,0.259812415
0.11972674,0.135321453,0.212796316,0.2168466
-0.12088649,0.107659705,-0.184085608,0.175163299
-0.320864141,0.11923629,-0.489523828,0.186449662
-0.401626647,0.182738721,-0.58736074,0.270110011
-0.342264444,0.283990383,-0.501332819,0.417570084
-0.188073054,0.38448754,-0.2809802,0.569679856
-0.0258217175,0.437210292,-0.0362236872,0.643582225
0.0616426729,0.408301264,0.0988620892,0.609918594
0.0378939882,0.293975651,0.072968252,0.467705905
-0.0697167665,0.124203429,-0.100951694,0.211988837
-0.186925128,-0.0489065684,-0.298623472,-0.0715502873
-0.2345348,-0.172758281,-0.375985414,-0.263583481
-0.17290999,-0.216028452,-0.286243379,-0.337794691
-0.0248875692,-0.180751577,-0.0556305461,-0.295660347
0.135484606,-0.0996302068,0.212213963,-0.168893367
0.222568274,-0.0202932358,0.358998924,-0.0403142795
0.185882926,0.0160535369,0.309449285,0.0193639267
0.0387194157,-0.00797698274,0.0757064372,-0.0170856882
-0.14700897,-0.0798846483,-0.23232089,-0.128475294
-0.277156442,-0.164667517,-0.431566775,-0.24981378
-0.283615768,-0.221929207,-0.443750679,-0.331334978
-0.158746883,-0.224987179,-0.266725123,-0.351306528
0.0421782844,-0.173643827,0.0533909984,-0.284821123
0.23128286,-0.0950835347,0.359785736,-0.158921257
0.33425945,-0.0323234051,0.515021443,-0.0578471981
0.327254295,-0.0248051118,0.514439523,-0.045116093
0.244875491,-0.089123182,0.397762984,-0.145406976
0.155979559,-0.20824334,0.253593445,-0.332192808
0.121735275,-0.334623456,0.181597114,-0.51124543
0.160010993,-0.407314122,0.222515464,-0.596558928
0.236137435,-0.37724188,0.329883039,-0.555197775
0.284896135,-0.230748311,0.424419433,-0.363594234
0.25076732,-0.000985377003,0.401351869,-0.0206499826
0.123075679,0.239330336,0.204770327,0.364209622
-0.0544476993,0.403065413,-0.0669530481,0.597386479
-0.20563212,0.423083425,-0.281163126,0.609427691
-0.263307363,0.282155544,-0.388816327,0.439870745
-0.206867784,0.0249379985,-0.334694058,0.0617417693
-0.0744608939,-0.255015433,-0.126383185,-0.38941288
0.0576452836,-0.44993946,0.0711261332,-0.648720026
0.117517859,-0.481067806,0.155398473,-0.681916296
0.0783445612,-0.332300454,0.114660412,-0.525539458
-0.0254208762,-0.059145581,-0.045119755,-0.11886961
-0.116149567,0.232240066,-0.184455052,0.359735161
-0.116079561,0.428066254,-0.165815368,0.62622869
0.00792158488,0.453965962,0.0139744505,0.664518654
0.222378582,0.305671543,0.336008012,0.475563437
0.440385044,0.0497317947,0.642724454,0.0825819746
0.563416362,-0.206067786,0.726152897,-0.266320348
0.529952109,-0.359310567,0.652841747,-0.452370226
0.345640421,-0.355714381,0.483810484,-0.50921905
0.0798656866,-0.209245935,0.133754432,-0.355786651
-0.16845949,0.00847886596,-0.273199022,-0.00119779399
-0.317148685,0.20328337,-0.480477124,0.309680879
-0.334984541,0.300802797,-0.484292179,0.445822537
-0.247636974,0.276441336,-0.375505388,0.430915833
-0.115014724,0.160156339,-0.187621236,0.274543911
0.00495050987,0.0159956943,0.00899784826,0.0352189653
0.0850223526,-0.0916792229,0.139625832,-0.150741458
0.134832799,-0.127891555,0.217508897,-0.212704033
0.18357873,-0.0987274945,0.293945611,-0.168498591
0.252123088,-0.0412056148,0.398742467,-0.0741368756
0.332971573,0.00112787599,0.512771249,-0.00321786851
0.391025841,0.00270665367,0.587596714,-0.00123317039
0.384882808,-0.0324101932,0.584161103,-0.053373836
0.295650363,-0.0767673403,0.470846474,-0.126286596
0.145334288,-0.0985366032,0.244872838,-0.169158041
-0.00735286716,-0.0815521702,-0.00826089177,-0.142170355
-0.0928466469,-0.0347325876,-0.156436414,-0.0592437461
-0.0646571815,0.0141130518,-0.114799641,0.0263619293
0.0771492645,0.0359236896,0.119783916,0.0628036484
0.285776466,0.0187715739,0.44525364,0.0321688391
0.490764588,-0.0239901617,0.687950313,-0.037387792
0.631480277,-0.0607988685,0.783349633,-0.0856837109
0.682906866,-0.0603227876,0.800173461,-0.0814305991
0.660625279,-0.0107629662,0.795659781,-0.0252653137
0.604108095,0.0712213591,0.768489003,0.0765625611
0.54970181,0.147570416,0.72782886,0.182450548
0.509872615,0.178584471,0.695148408,0.233330429
0.470611662,0.144885108,0.66655314,0.19869405
0.407331228,0.059533935,0.610945165,0.0850298479
0.30812481,-0.0366855189,0.489151984,-0.0607093237
0.188759163,-0.0948766768,0.311803013,-0.160550818
0.0888764039,-0.0825749114,0.14790386,-0.143300071
0.0505430959,-0.000526944466,0.0800659209,-0.00731399143
0.0915086791,0.116998695,0.145536378,0.18810764
0.189553604,0.21847634,0.298441648,0.3421821
0.288558364,0.259474695,0.438559473,0.389195085
0.166936681,-0.343147635,0.280686378,-0.484128952
0.283845395,-0.262949079,0.396499157,-0.423586339
0.309633702,-0.140713587,0.475158125,-0.22838898
0.221406728,-0.0144259753,0.362052888,-0.0356340632
0.0414391272,0.0717179924,0.0811329633,0.111115068
-0.163590774,0.0865456834,-0.25560534,0.142839134
-0.307372093,0.0293533057,-0.476804614,0.056216266
-0.323245734,-0.0644614473,-0.506879926,-0.0873294994
-0.198883325,-0.135169804,-0.331115723,-0.207707524
0.0126973512,-0.124940574,0.0050252662,-0.205686033
0.21415323,-0.00721668126,0.337073892,-0.0209185984
0.308921725,0.195477545,0.473021835,0.280836344
0.249032542,0.415878683,0.364347368,0.5739066
0.0612460673,0.568732202,0.097856693,0.742901981
-0.163120896,0.588638723,-0.188876122,0.750625432
-0.311306804,0.461005479,-0.402446747,0.625304997
-0.304638863,0.23030664,-0.454044729,0.364423573
-0.138791561,-0.019557083,-0.235929161,-0.0121464413
0.112013243,-0.204069391,0.165332541,-0.320600063
0.329825282,-0.27721861,0.471439123,-0.413340002
0.410040498,-0.251275867,0.5783934,-0.368716985
0.312521696,-0.186972275,0.479324996,-0.297232538
0.0813817531,-0.158856824,0.144376904,-0.2688182
-0.176242664,-0.213592052,-0.270004392,-0.337935835
-0.341576785,-0.34295851,-0.487191439,-0.473598719
-0.340099216,-0.486028194,-0.452671915,-0.614240587
-0.174666405,-0.55990392,-0.24443683,-0.718972266
0.0792982057,-0.503377199,0.0892104208,-0.698072493
0.312431216,-0.310773909,0.436266899,-0.465677649
0.433345586,-0.0380169712,0.628568351,-0.0757439584
0.408000231,0.222783729,0.591138542,0.301502883
0.268637031,0.387497693,0.397674143,0.542366564
0.0908048674,0.420269966,0.149109647,0.614393234
-0.0470934026,0.349185437,-0.060325291,0.540644586
-0.100028783,0.249274388,-0.152712926,0.405812711
-0.0711449534,0.20179306,-0.116572641,0.332849473
-0.000863155408,0.250994325,-0.00381006557,0.400560886
0.0601733625,0.380772918,0.0927937403,0.567252874
0.0776031986,0.523060381,0.114075661,0.710698068
0.0453213789,0.593257368,0.0712920204,0.764244497
-0.0208527371,0.534083247,-0.0152821904,0.728754938
-0.100388646,0.34523952,-0.141152427,0.53735292
-0.183093384,0.0841400772,-0.286663264,0.152794257
-0.27183947,-0.161735237,-0.421377122,-0.238958597
-0.371958554,-0.315778315,-0.528538942,-0.440234244
-0.475770026,-0.3452802,-0.622897327,-0.4460015
-0.554573178,-0.270584732,-0.703579962,-0.338908076
-0.566202223,-0.147786722,-0.742598236,-0.188051745
-0.476401955,-0.0364259295,-0.682134628,-0.0450536311
-0.28276059,0.0292960033,-0.458454072,0.0550929755
-0.026624959,0.050688494,-0.0568731055,0.0927511454
0.216316849,0.0526642352,0.342311263,0.0863815546
0.364885569,0.0592491068,0.556610763,0.0838419795
0.367787391,0.0729181468,0.563569665,0.101933509
0.22806105,0.0711819679,0.378228575,0.105740041
0.00381930056,0.0228458382,0.0211832915,0.0358184092
-0.215871796,-0.0861677751,-0.339286894,-0.133691832
-0.348698109,-0.234196588,-0.518600643,-0.334911972
-0.352447987,-0.365864575,-0.501101792,-0.497737914
-0.238632604,-0.416534513,-0.353049815,-0.583452642
-0.0612722635,-0.347438484,-0.109945126,-0.533788979
0.111841425,-0.172153041,0.165109187,-0.291034371
0.230059445,0.0418571644,0.366278976,0.0527944565
0.277890801,0.200357035,0.434053808,0.300065339
0.272988111,0.226343811,0.427180529,0.344871521
0.24792026,0.0991437882,0.403426498,0.164044991
0.227531105,-0.131969765,0.368639886,-0.202318639
0.214712515,-0.367946237,0.315361142,-0.540297747
0.191511333,-0.505090535,0.251894683,-0.688718498
0.133398533,-0.483285546,0.178158671,-0.683826506
0.0274343994,-0.313434988,0.0371402502,-0.501841128
-0.116353065,-0.0705364347,-0.193182722,-0.132067576
-0.266518772,0.143884763,-0.416434258,0.221098393
-0.383332133,0.250855535,-0.54594326,0.368988961
-0.436054826,0.229915291,-0.606232822,0.336563498
-0.415420711,0.124474354,-0.604632199,0.196117163
-0.335774302,0.0150430799,-0.521846473,0.0352918506
-0.227215677,-0.0248243678,-0.374618888,-0.033843264
-0.122956067,0.0332884267,-0.211475611,0.052811075
-0.0484038219,0.159671962,-0.0815400183,0.257814407
-0.0161176659,0.284338832,-0.021184627,0.446082801
-0.0266889259,0.335231423,-0.0326217376,0.521062851
-0.0725609064,0.276202887,-0.103851087,0.441794008
-0.141432777,0.125133589,-0.220727995,0.214612067
-0.217918456,-0.0563540906,-0.347152025,-0.0799819082
-0.284653008,-0.195050836,-0.440187335,-0.291693419
-0.325001985,-0.242650479,-0.490178734,-0.358305514
-0.328155309,-0.197671205,-0.502643645,-0.297961444
-0.294709355,-0.102440365,-0.467348695,-0.159077391
-0.238989323,-0.0182595309,-0.389605761,-0.026046114
-0.185057595,0.00703352178,-0.304165334,0.0176846776
-0.15663369,-0.0381160453,-0.257395059,-0.0557469018
-0.165176511,-0.126784772,-0.268471271,-0.198968261
-0.202509731,-0.211399212,-0.321196795,-0.329208642
-0.242866263,-0.250490606,-0.377666146,-0.382656097
-0.25449419,-0.229426742,-0.398225874,-0.351996422
-0.215518579,-0.164609611,-0.351874292,-0.260899514
-0.1258187,-0.0904277414,-0.215211809,-0.145884469
-0.00824965164,-0.037743099,-0.0221248865,-0.0617779754
0.101952381,-0.0167031866,0.165809318,-0.0278317556
0.174244925,-0.01332461,0.284148246,-0.0238377266
0.197232202,-0.000883145723,0.322445571,-0.00722573558
0.182660222,0.0413642004,0.30090335,0.0604110919
0.156866655,0.113441631,0.259201676,0.177780673
0.144641846,0.192469925,0.235914603,0.302245557
0.154753938,0.244122326,0.246966749,0.383632988
0.175402611,0.241019487,0.281258583,0.379626036
0.182093099,0.177661642,0.297474653,0.286791444
0.153182268,0.0737872124,0.259005219,0.122693859
0.0838708952,-0.035225112,0.146804124,-0.0582991354
-0.00963564124,-0.115115084,-0.0120634297,-0.191875517
-0.0982223228,-0.14729993,-0.161442488,-0.242544249
-0.155322745,-0.13375774,-0.256911844,-0.218872979
-0.170437589,-0.0907484815,-0.283723652,-0.146932244
-0.152598873,-0.0363478325,-0.255952001,-0.0584219061
-0.121819705,0.0200509727,-0.20449762,0.0341190174
-0.0940330476,0.0799260885,-0.156551465,0.133819073
-0.0692531168,0.148720622,-0.112703964,0.245080918
-0.0309798345,0.224944443,-0.0517625138,0.364307165
0.0419610552,0.293079197,0.0667159855,0.462188244
0.157903716,0.325975388,0.242001176,0.499625951
0.300146699,0.296758264,0.444873452,0.439985603
0.428762317,0.194337055,0.61543113,0.278192133
0.497262537,0.0339035615,0.69988054,0.0465289094
0.47600925,-0.144070402,0.670538485,-0.204822525
0.369474798,-0.286997408,0.531317711,-0.417106181
0.216958791,-0.349839807,0.32281363,-0.526521206
0.0751002207,-0.312247455,0.114141919,-0.494322002
-0.00927426014,-0.185485214,-0.0209269039,-0.312836975
-0.021593662,-0.00666388916,-0.0433723256,-0.0198856406
0.0150076216,0.176089317,0.020459678,0.283527195
0.0544060655,0.320102066,0.086472787,0.495506138
0.0543750823,0.399200827,0.0914291963,0.59413898
0.000726146856,0.406132728,0.0131358877,0.605596721
-0.0848332867,0.348059177,-0.117603146,0.53576082
-0.157593951,0.239860207,-0.239983752,0.386207223
-0.176214069,0.0996694788,-0.283822119,0.172628552
-0.127515078,-0.0519887693,-0.213279828,-0.0752645135
-0.0353610814,-0.191588804,-0.0640103221,-0.304414898
0.0518034026,-0.294148594,0.0745782033,-0.462498546
0.0880204365,-0.33901006,0.129968256,-0.524341166
0.0562483892,-0.318334907,0.0851908848,-0.502222717
-0.0210203007,-0.243605629,-0.0346259549,-0.398418248
-0.0933998525,-0.144997522,-0.156472445,-0.242721483
-0.110420018,-0.0615725704,-0.187548086,-0.102218352
-0.0501509979,-0.0253596753,-0.0900489092,-0.0383367464
0.0673982948,-0.0465971418,0.105217658,-0.072104536
0.189797312,-0.108013719,0.304759353,-0.172368065
0.259572446,-0.172198117,0.404648602,-0.271252394
0.24443306,-0.199557245,0.38167429,-0.32010895
0.15377146,-0.168513998,0.248575181,-0.281967014
0.0325737894,-0.0877414271,0.0570074841,-0.155435428
-0.063514784,0.00632895669,-0.105431534,0.00548425782
-0.097853817,0.0662763491,-0.162854582,0.110622749
-0.0707649812,0.0569503792,-0.118940607,0.101404399
-0.0162903741,-0.0261793248,-0.0272589251,-0.0364055708
0.0195975639,-0.152873874,0.0314023346,-0.246263176
0.00631493982,-0.270596683,0.00838688016,-0.42863363
-0.0542292222,-0.32785207,-0.0869913548,-0.511129618
-0.13015075,-0.29730469,-0.207948819,-0.466671735
-0.179552078,-0.18777284,-0.294891089,-0.304716915
-0.175696775,-0.0397062115,-0.295357376,-0.0678073764
-0.122447819,0.0932580456,-0.207155555,0.155201986
-0.0511009991,0.167639732,-0.0849571228,0.277846247
-0.00093514804,0.16754508,0.00166975823,0.278978467
0.00454979204,0.108809963,0.0140162474,0.185885608
-0.0286807939,0.0291386843,-0.0430082045,0.050611984
-0.0697642565,-0.0300839655,-0.113757886,-0.0490873232
-0.0828356594,-0.0415290333,-0.139287278,-0.068749465
-0.0499636494,-0.00173358445,-0.089191094,-0.00413923757
0.0171320979,0.0699683726,0.0239561256,0.115014121
0.0841600448,0.141228542,0.137037694,0.22923632
0.116270877,0.179825187,0.193145514,0.289458305
0.101759382,0.164679542,0.17220217,0.267921329
0.062592499,0.0915568992,0.111082375,0.154596329
0.0442608744,-0.0267979242,0.0765154883,-0.0385392494
0.0896584019,-0.164455101,0.143142208,-0.262532651
0.211624593,-0.288196921,0.314176351,-0.439719677
0.380451411,-0.364567846,0.508898973,-0.50429976
0.534772277,-0.367807567,0.643415093,-0.459880233
0.611102998,-0.287979007,0.718352854,-0.353209376
0.576384306,-0.137252793,0.741379857,-0.191346198
0.445583791,0.0488155633,0.64982307,0.0522467941
0.274313092,0.217724815,0.43216452,0.319561481
0.130213603,0.314332187,0.212901801,0.480512708
0.0587721504,0.299370378,0.0999975353,0.475316256
0.0624054633,0.165432632,0.108025067,0.281537473
0.104147755,-0.0567197651,0.175613806,-0.082542643
0.133253157,-0.305586994,0.206580922,-0.467433095
0.117452331,-0.508607864,0.155977011,-0.701100111
0.0627366081,-0.607078671,0.0734638572,-0.774211347
0.00873841532,-0.576552331,0.00203049183,-0.760474861
0.00205726665,-0.434492081,-0.00791939348,-0.64206171
0.0631211847,-0.232226849,0.0876974985,-0.382659733
0.166686282,-0.0348613299,0.26309979,-0.0671437457
0.249024466,0.102347776,0.395963699,0.155777812
0.239942074,0.15170899,0.388000488,0.236217141
0.103275858,0.118697695,0.18439202,0.191148371
-0.13635911,0.0348476544,-0.209078223,0.0581127591
-0.396506995,-0.0574398674,-0.585563004,-0.0787159353
-0.570157707,-0.121042572,-0.746227384,-0.148380548
-0.573968887,-0.1350725,-0.749163032,-0.165490419
-0.387807548,-0.0979255214,-0.59166795,-0.137511745
-0.0660856515,-0.0235221423,-0.132285193,-0.033274889
0.28450042,0.0658667758,0.433629304,0.102048822
0.54961437,0.146772161,0.729499221,0.18585825
0.652736843,0.199795008,0.773788691,0.222394213
0.580835104,0.212910756,0.737504959,0.25705108
0.38080743,0.183514893,0.57202518,0.260679185
0.13213484,0.119446948,0.235430703,0.19080703
-0.088267222,0.0382569879,-0.134758607,0.0655909032
-0.231847018,-0.0363689438,-0.371753067,-0.0529856235
-0.285514086,-0.0811832324,-0.453582466,-0.121763788
-0.262115985,-0.0812732503,-0.423402518,-0.126254171
-0.184601262,-0.0360554866,-0.309039384,-0.0576398782
-0.074913159,0.0398544967,-0.132639617,0.0660048127
0.0475107469,0.12213555,0.0733175725,0.200184107
0.161078244,0.186718181,0.258357525,0.298114926
0.239388049,0.219720557,0.375116616,0.339353502
0.25679785,0.222464308,0.403883845,0.339901567
0.201314971,0.208933279,0.327706963,0.325272173
0.0866901577,0.196940929,0.152408749,0.314483911
-0.0464020856,0.197718963,-0.0676245689,0.319450557
-0.144929424,0.209632114,-0.22680144,0.337559372
-0.168826237,0.219549477,-0.266598016,0.3539581
-0.11381045,0.211137682,-0.184023142,0.346055418
-0.0174081083,0.175334409,-0.0293865744,0.29415822
0.0581924021,0.116836198,0.0978518426,0.196830124
0.0598042496,0.0525369644,0.104883716,0.0877792761
-0.02398807,0.00243039452,-0.0338564143,0.00261574378
-0.150089324,-0.0220024474,-0.241770893,-0.0354287922
-0.238010451,-0.0250889361,-0.383970946,-0.0376208685
-0.210677832,-0.025204964,-0.347956628,-0.0356204398
-0.0387336761,-0.0442233942,-0.0774355009,-0.0651962981
0.235772282,-0.0936288685,0.364289731,-0.145012155
0.511167765,-0.165164441,0.687970221,-0.229662284
0.670171022,-0.23194845,0.764518321,-0.276095331
0.635362566,-0.260565668,0.743205488,-0.313050956
0.408085942,-0.228536054,0.587376058,-0.338823795
0.0701853782,-0.138150617,0.128086612,-0.243845895
-0.253307968,-0.0189540368,-0.397386581,-0.0384545065
-0.452193439,0.0833317339,-0.651495695,0.126961455
-0.480523169,0.126703531,-0.676139951,0.187136844
-0.372517377,0.0921244398,-0.566884935,0.152293026
-0.217630476,-0.00730911456,-0.357658088,0.0022316312
-0.108884752,-0.131852642,-0.182652518,-0.206454426
-0.0924580172,-0.232621506,-0.148836598,-0.370372593
-0.145359039,-0.272660643,-0.229176313,-0.429309726
-0.192517385,-0.241620019,-0.307248294,-0.378774703
-0.153172284,-0.157584384,-0.258423924,-0.255808622
0.00933019444,-0.056162782,0.000465714984,-0.0933787301
0.261858374,0.0269192513,0.402549684,0.0418275893
0.514193833,0.0708697736,0.705892801,0.0925451815
0.663503647,0.0757075399,0.797765017,0.0806690231
0.646863163,0.0574642606,0.793936431,0.0598296635
0.473917097,0.0367796309,0.681047797,0.0416242257
0.222582251,0.0278227814,0.373635828,0.0348757096
0.000467543636,0.0333340541,0.0105193481,0.0514822118
-0.107352488,0.0474012084,-0.177873135,0.0805102512
-0.0769886672,0.0629377514,-0.134625286,0.109635122
0.0483905971,0.0783771649,0.0719182938,0.132254437
0.186757833,0.0990888998,0.298928916,0.159062266
0.26287362,0.13267152,0.416037023,0.20206809
0.246422529,0.181304947,0.394393176,0.276240885
0.163014457,0.236341149,0.267085254,0.365291566
0.0740142912,0.279138178,0.125932753,0.437131464
0.0381732397,0.288526714,0.0651977733,0.458239436
0.0772178769,0.251367003,0.124477729,0.406426489
0.16427663,0.170666099,0.265735149,0.279452294
0.240610868,0.0667894855,0.388142377,0.1100908
0.250304043,-0.0292196367,0.404975593,-0.0476285592
0.173060745,-0.0872554407,0.287493914,-0.147027165
0.0369768217,-0.0894465894,0.065728277,-0.155716062
-0.0953517258,-0.0363355912,-0.157278404,-0.065261431
-0.159382716,0.0541243888,-0.264359385,0.087644279
-0.122141317,0.153450146,-0.204631999,0.251491874
0.000816242944,0.231879458,-0.00281038205,0.37657553
0.153043732,0.266378015,0.238529548,0.420034707
0.264386147,0.245389387,0.407786608,0.373985469
0.283060938,0.170320168,0.448253512,0.263559729
0.196769744,0.0548527762,0.331893563,0.0864070058
0.0340329818,-0.0770866498,0.0672601759,-0.128755495
-0.152226195,-0.194889307,-0.238485068,-0.310417503
-0.308370888,-0.267105967,-0.460588992,-0.395169109
-0.398714662,-0.26959902,-0.571621299,-0.379041761
-0.411821187,-0.194204107,-0.600704312,-0.277337819
-0.355167657,-0.0543772094,-0.552230537,-0.0812304989
-0.245042786,0.115826212,-0.398116201,0.184971467
-0.0994200259,0.270912021,-0.1628263,0.429036021
0.062677443,0.368937463,0.0956294015,0.561992943
0.217801452,0.386570811,0.320687175,0.565078795
0.336736381,0.327466369,0.487067699,0.46791181
0.389959455,0.219667226,0.57040602,0.317756474
0.359439462,0.102789655,0.553548396,0.152141139
0.250665009,0.0108694071,0.411658883,0.0133337611
0.0966818631,-0.0408584028,0.168716654,-0.0730220973
-0.0508389696,-0.0588524602,-0.0802679062,-0.101853088
-0.14142938,-0.0628408119,-0.233532667,-0.102208674
-0.147684723,-0.0712212622,-0.247229725,-0.112434283
-0.0779621154,-0.0888966396,-0.136678994,-0.143191636
0.0273750108,-0.10485474,0.0380631126,-0.171111777
0.115139879,-0.101216607,0.185665444,-0.168080702
0.144661561,-0.0685679093,0.237469971,-0.118369102
0.106470197,-0.0180738717,0.179570496,-0.0372590199
0.024808757,0.0181422681,0.0485087857,0.0268139113
-0.0570815541,0.000742625911,-0.0915276185,0.0034724914
-0.100869998,-0.094770439,-0.165560693,-0.148235455
-0.0934422165,-0.259247452,-0.151918158,-0.401581824
-0.0529361181,-0.445706546,-0.0846563131,-0.64068985
-0.0176555254,-0.584567308,-0.0323289409,-0.759172738
-0.0242098775,-0.61317426,-0.0389563069,-0.778632581
-0.0868290365,-0.506293178,-0.126079038,-0.705241382
-0.188869834,-0.29233858,-0.29605183,-0.460835725
-0.290745199,-0.0459031686,-0.463845432,-0.0806131959
-0.349691361,0.141788557,-0.531458497,0.21760866
-0.340734065,0.201948315,-0.508616447,0.312710494
-0.268042177,0.118980378,-0.420733005,0.201528937
-0.161390692,-0.0616703369,-0.265698582,-0.0841696858
-0.0604597926,-0.252772093,-0.102148533,-0.393673182
0.00421692664,-0.363242894,-0.00213706167,-0.55437845
0.02378821,-0.337634921,0.0295504015,-0.528811276
0.0114356717,-0.179422066,0.0121341152,-0.306564778
-0.00829606596,0.0519383214,-0.0171057582,0.0739190727
-0.014400566,0.267984182,-0.0212914851,0.421212137
-0.000242969531,0.389286995,0.0060220696,0.587261677
0.0249192938,0.377231807,0.0463273712,0.576858163
0.0434151068,0.246086821,0.0769719481,0.403290063
0.0405037925,0.051710438,0.075636819,0.0964277238
0.0129148876,-0.13599132,0.0247686896,-0.219832048
-0.029828174,-0.263112396,-0.0493655652,-0.418657959
-0.0712830648,-0.310820371,-0.115719274,-0.486722767
-0.0972031057,-0.296396524,-0.159247249,-0.465209514
-0.102593146,-0.258160055,-0.168892503,-0.410535336
-0.0931198299,-0.233277157,-0.154666305,-0.372368634
-0.080756329,-0.239553526,-0.135320872,-0.381862789
-0.0766438246,-0.269049257,-0.12582849,-0.424447864
-0.0852346644,-0.294932514,-0.1389938,-0.46165368
-0.102535762,-0.286798447,-0.165452361,-0.451465636
-0.118733197,-0.2265248,-0.196538091,-0.364871413
-0.123255119,-0.117572561,-0.208319232,-0.197075099
-0.109571166,0.0155694494,-0.18513757,0.0245585926
-0.0778255984,0.136550561,-0.131296337,0.222508952
-0.0349075161,0.210472122,-0.0547149144,0.342913598
0.00731364684,0.216028512,0.0155774849,0.35398978
0.034687236,0.152412027,0.0611664057,0.256484002
0.0340282843,0.0392497182,0.0619527958,0.0715686008
-0.00306642638,-0.0898464844,-0.000296995771,-0.145019025
-0.0761384889,-0.197869748,-0.122067399,-0.320237219
-0.172804162,-0.255992353,-0.271746218,-0.400421172
-0.26879257,-0.252717525,-0.412238747,-0.38419801
-0.332828343,-0.19762671,-0.505285144,-0.297832757
-0.336241037,-0.11800874,-0.520647347,-0.17857419
-0.264492661,-0.0488114581,-0.429371953,-0.0730543062
-0.125790611,-0.0189469531,-0.216632038,-0.0254055243
0.0479411446,-0.0389970914,0.0728354827,-0.0589272603
0.20975925,-0.0956255794,0.335275471,-0.153175339
0.313786626,-0.155867651,0.479192793,-0.244456604
0.332568645,-0.180437103,0.503170431,-0.281212002
0.268288761,-0.140928045,0.422947198,-0.233210951
0.152605623,-0.0334317759,0.252971411,-0.0682272911
0.0346725546,0.117883258,0.0604617782,0.183985457
-0.037909124,0.269385517,-0.0570497662,0.424590319
-0.0373609029,0.375264496,-0.0532337539,0.570711911
0.0341594182,0.405700594,0.053712301,0.60738945
0.146296188,0.35759148,0.224037588,0.543828487
0.252737761,0.253140092,0.390369654,0.39163062
0.308591068,0.127681017,0.484293073,0.198574126
0.286166131,0.0134761399,0.458846927,0.0183137413
0.183938667,-0.0720304921,0.306974798,-0.122631133
0.0266205911,-0.127863809,0.0510403998,-0.216797978
-0.142587453,-0.161390617,-0.227266088,-0.262477517
-0.274567276,-0.176473871,-0.427894503,-0.271023631
-0.328193218,-0.166200772,-0.504481971,-0.248292372
-0.282427609,-0.115767568,-0.452366233,-0.177292779
-0.143894032,-0.0148107288,-0.249328628,-0.0225238856
0.0523822717,0.127897263,0.0748967826,0.20710513
0.250522107,0.277137756,0.377214164,0.415581912
0.389145792,0.378141731,0.531455934,0.504249871
0.421061665,0.37715587,0.566785872,0.494718164
0.330900967,0.247146934,0.503437936,0.36615935
0.143290609,0.00591423875,0.256029785,0.0162526835
-0.0835273042,-0.283858806,-0.11836306,-0.438782722
-0.278181434,-0.535033822,-0.361736357,-0.681159496
-0.383657545,-0.669348121,-0.417125434,-0.702224731
-0.380244672,-0.649198234,-0.419852108,-0.695573211
-0.293026596,-0.493368,-0.395723045,-0.645614564
-0.179263696,-0.269225687,-0.293351054,-0.423646629
-0.100448243,-0.0647079349,-0.175141588,-0.112480022
-0.0918632969,0.0473331735,-0.151761398,0.0782785341
-0.144702747,0.0366455801,-0.231333837,0.066308327
-0.210425898,-0.0765051097,-0.334950924,-0.113621943
-0.226162478,-0.234977037,-0.356404006,-0.353910506
-0.148959011,-0.372061163,-0.234193683,-0.54762882
0.018677311,-0.439148724,0.0108199269,-0.638027132
0.225871071,-0.421770155,0.303363234,-0.603735566
0.395825893,-0.338851482,0.532503426,-0.47637096
0.463057667,-0.228467658,0.6349141,-0.328407258
0.406485885,-0.129031703,0.599001169,-0.201721638
0.260775268,-0.0652423874,0.422191381,-0.114921793
0.0991061106,-0.0437649526,0.173301011,-0.0789938271
-0.00452600606,-0.057556536,-0.00552655011,-0.0957817063
-0.014144877,-0.0935697332,-0.0283317659,-0.15101859
0.0489328578,-0.138352737,0.0741112307,-0.226455241
0.117414705,-0.179305181,0.18502304,-0.292189032
0.115018271,-0.203456268,0.185689121,-0.332430571
0.000264651666,-0.197678074,0.00562060298,-0.327833474
-0.206186384,-0.152846128,-0.324525565,-0.249021068
-0.42610985,-0.0706366375,-0.623697162,-0.105669081
-0.559365034,0.0318124443,-0.746874094,0.048736278
-0.533404887,0.124524668,-0.722760141,0.174911007
-0.341591477,0.176188216,-0.523100376,0.276273727
-0.0503026582,0.170427099,-0.0935240164,0.290665329
0.229637161,0.118350372,0.362005651,0.196854755
0.393549114,0.0589747466,0.591683209,0.0833726525
0.390552849,0.0444238111,0.592690408,0.0564827062
0.244739324,0.114973441,0.399027586,0.168005705
0.0397790745,0.275628716,0.0745710209,0.422717065
-0.124587022,0.486931354,-0.165491059,0.675082266
-0.181707948,0.676821411,-0.203221992,0.783936918
-0.128046274,0.770099401,-0.126338422,0.805014253
-0.0196949504,0.722535551,-0.0161130112,0.812074602
0.0614220873,0.54315275,0.0910843611,0.734807551
0.0530007519,0.293000817,0.0966885239,0.470971316
-0.0546094179,0.0598589443,-0.0762394294,0.107618488
-0.214610815,-0.0797417834,-0.34060058,-0.127252206
-0.350211114,-0.0931707099,-0.536467016,-0.14154391
-0.39642638,-0.00336945709,-0.600304902,-0.00382803776
-0.334668607,0.1257976,-0.519594908,0.196232885
-0.201941207,0.222760394,-0.321747184,0.355579823
-0.070309259,0.243131354,-0.11151614,0.395536929
-0.00810480583,0.188906893,-0.00598470122,0.313882977
-0.0437207408,0.103047334,-0.0623725727,0.174945667
-0.151058927,0.0433518402,-0.242182687,0.0728103667
-0.26393044,0.0500641689,-0.417435914,0.0800260529
-0.311370015,0.124365166,-0.483560354,0.194697857
-0.255040526,0.228559121,-0.396908224,0.355417103
-0.109198764,0.306912422,-0.173182726,0.483445168
0.0668146461,0.315197974,0.103385612,0.497271866
0.199113101,0.242849678,0.316779375,0.383735627
0.236571148,0.116291493,0.386154622,0.186681271
0.175563797,-0.0172981266,0.296238184,-0.0302818213
0.0598069429,-0.115799025,0.105144449,-0.194058031
-0.0438550934,-0.162705988,-0.0722629651,-0.269740462
-0.080511041,-0.171182677,-0.137203455,-0.279508322
-0.0347036719,-0.170208797,-0.067352742,-0.27734971
0.0635325685,-0.181862637,0.0949100554,-0.296016276
0.156558692,-0.203884333,0.244579569,-0.32814309
0.190952748,-0.208523333,0.300292343,-0.335370958
0.146330893,-0.159060597,0.236639887,-0.266836673
0.0461898595,-0.0347811617,0.0797345713,-0.0689264536
-0.0545876697,0.150344536,-0.088138625,0.236955166
-0.0987549648,0.347139388,-0.14864254,0.527759135
-0.0570027903,0.490877002,-0.0770135671,0.6925143
0.0561902933,0.53170687,0.0801490843,0.727513373
0.189320698,0.459844619,0.270439655,0.647691607
0.279751122,0.311628997,0.421391517,0.464792192
0.285473317,0.15243943,0.45271197,0.237071276
0.20649536,0.0448794365,0.345136493,0.0702237636
0.0848475322,0.0187789034,0.147496954,0.0249903724
-0.0170032028,0.0588693917,-0.0267469194,0.0930246338
-0.0485937148,0.116640478,-0.0819049031,0.193305939
0.0016204837,0.139839351,0.000484464341,0.233467907
0.0987779498,0.103396803,0.16177544,0.176271275
0.178010315,0.0245973356,0.294520348,0.0435151607
0.177347064,-0.0462639965,0.293873578,-0.0801116452
0.0712729394,-0.055108469,0.125630111,-0.100558572
-0.11183247,0.0225906167,-0.178624481,0.0284656081
-0.29790777,0.162939638,-0.456298381,0.247885123
-0.39853397,0.300568163,-0.555484235,0.425317377
-0.35159418,0.359155864,-0.489958882,0.510284424
-0.152488515,0.290548503,-0.239942834,0.464091957
0.139119342,0.102325097,0.222237036,0.185036585
0.421106189,-0.140996695,0.607722998,-0.197504178
0.590203226,-0.344785243,0.694314182,-0.415228248
0.584613204,-0.426620275,0.650804937,-0.487497687
0.408889502,-0.353659838,0.550036311,-0.489177287
0.130044416,-0.156985313,0.217419863,-0.27602303
-0.152968019,0.0837138444,-0.242310181,0.118774422
-0.352074623,0.277201772,-0.507187545,0.405118704
-0.425485224,0.361290902,-0.564033449,0.491258323
-0.389879704,0.327744961,-0.535646915,0.464980334
-0.304949373,0.220711783,-0.458455622,0.345835149
-0.239145219,0.111204036,-0.379122049,0.188718468
-0.234223023,0.061446663,-0.374381095,0.102639616
-0.286131501,0.096724622,-0.447416335,0.15210177
-0.351066619,0.197295234,-0.522730291,0.295330226
-0.372546345,0.312140971,-0.525693297,0.445305586
-0.314704716,0.385660797,-0.440282166,0.546863794
-0.1840498,0.383150846,-0.270092458,0.570940435
-0.0281427428,0.303222299,-0.0422711037,0.485023141
0.0881982967,0.173213199,0.147982627,0.290176213
0.116766863,0.032543987,0.199629739,0.0564834997
0.0521738641,-0.0858326256,0.0936487913,-0.143947467
-0.0634560063,-0.166467711,-0.0988545045,-0.274591148
-0.160062522,-0.211047366,-0.257014453,-0.334642589
-0.173775479,-0.229476869,-0.281817466,-0.358744293
-0.0784491226,-0.229423478,-0.13709718,-0.363844275
0.101064943,-0.210925728,0.147256106,-0.34032023
0.300112307,-0.168555737,0.449742287,-0.266111851
0.443705648,-0.0986173749,0.636039436,-0.153467059
0.479255259,-0.00600687508,0.681552947,-0.0223582909
0.396770984,0.0939029157,0.595864475,0.127509147
0.228099123,0.179510042,0.371140748,0.271370769
0.0279778838,0.23070088,0.0587438159,0.366026968
-0.151404843,0.235609278,-0.229773775,0.376546234
-0.278754324,0.193158686,-0.423060626,0.305535406
-0.347000778,0.111172386,-0.525375783,0.180362865
-0.363302708,0.00255460897,-0.553490758,0.0156765245
-0.33512038,-0.117399625,-0.516092479,-0.166770563
-0.263090879,-0.231364772,-0.412243903,-0.34497574
-0.145781681,-0.319587678,-0.235946774,-0.482299805
0.00758792507,-0.361781776,-0.00271309586,-0.54998827
0.306050599,0.259679288,0.423629671,0.344915658
0.310709953,0.353988111,0.470179677,0.511488557
0.31592983,0.315952659,0.46587041,0.458456546
0.292775363,0.178273708,0.460297823,0.277338296
0.223691687,0.0108093843,0.370616794,0.0186874382
0.115910694,-0.113112092,0.196636975,-0.189212471
0.000960837468,-0.148900762,0.00378219364,-0.25144425
-0.0796078593,-0.0967901424,-0.135699198,-0.166376665
-0.0947654247,0.00435338402,-0.163094297,0.00309353345
-0.040019948,0.100643851,-0.0718986392,0.16910027
0.0593957119,0.151306525,0.0971511528,0.250490099
0.159707159,0.147131324,0.259398878,0.241538361
0.218318909,0.110838786,0.353111953,0.178102612
0.212139711,0.080583252,0.347280174,0.125860572
0.145759597,0.0862980559,0.244668767,0.135901779
0.0463215262,0.13171491,0.0840841606,0.210111767
-0.0512074195,0.191357911,-0.0781978592,0.308379978
-0.120198861,0.223731279,-0.187006518,0.359205127
-0.151920661,0.193585679,-0.239942327,0.31917581
-0.154768497,0.091756098,-0.251513332,0.160740703
-0.14532122,-0.057397332,-0.237415224,-0.0846949369
-0.13746722,-0.204539716,-0.222415403,-0.321050555
-0.136037678,-0.295706779,-0.216208756,-0.457351565
-0.13785328,-0.294915706,-0.219543606,-0.461936951
-0.13815707,-0.198995531,-0.229451418,-0.324444383
-0.137088865,-0.0387090035,-0.23076871,-0.0710713416
-0.141118258,0.13339892,-0.231300265,0.213370502
-0.157958969,0.262541413,-0.243534952,0.411959916
-0.188165441,0.310505897,-0.278840393,0.47896269
-0.219408795,0.267065972,-0.330397874,0.41935274
-0.22846286,0.151090369,-0.357911706,0.250898272
-0.191553652,0.0024840876,-0.313574374,0.016340537
-0.0983903408,-0.131284907,-0.168048754,-0.205675989
0.0379101634,-0.209637687,0.0501324683,-0.337287456
0.181591243,-0.210583895,0.276647568,-0.338899612
0.287102133,-0.1371039,0.44185245,-0.224668592
0.318846881,-0.0167238209,0.495877326,-0.0388337895
0.268348277,0.106111594,0.429013222,0.155229881
0.159836173,0.183714122,0.266707927,0.287651718
0.0406307131,0.181614995,0.0761049688,0.297242105
-0.0397048369,0.0925693288,-0.0582300723,0.160956264
-0.0515759699,-0.0577290282,-0.0847540051,-0.0844847113
0.00191514706,-0.217137992,-0.0018400444,-0.343415827
0.0879803523,-0.325269073,0.126759708,-0.502204597
0.161259159,-0.337529987,0.235756487,-0.517597795
0.186291635,-0.245357513,0.284912646,-0.395071536
0.154002279,-0.0831378102,0.251195937,-0.151083797
0.0841209739,0.0829170868,0.143472791,0.12628457
0.0128875487,0.180902004,0.0267666634,0.295173556
-0.0269771311,0.16402328,-0.0372333713,0.275228977
-0.0232335422,0.0325747728,-0.0352890827,0.0654148757
0.0107996473,-0.163447425,0.0180641487,-0.258126885
0.0452358685,-0.343432546,0.064376995,-0.525457978
0.0512036309,-0.429454535,0.0678695813,-0.63386935
0.0170336273,-0.37946099,0.0191881191,-0.581035078
-0.0458894782,-0.205608934,-0.0786176175,-0.345525771
-0.110574156,0.030579308,-0.188273415,0.0385712236
-0.150575221,0.244189054,-0.236809477,0.382267624
-0.155344024,0.36246407,-0.229371563,0.547205985
-0.135757819,0.354219168,-0.197757632,0.544936657
-0.116476797,0.240469009,-0.178041086,0.393182784
-0.119479217,0.0823770538,-0.191812858,0.146696821
-0.148519173,-0.0471529476,-0.241316408,-0.0716320425
-0.18418631,-0.0949996784,-0.30245468,-0.153621882
-0.193554342,-0.0486216135,-0.321407974,-0.0805023387
-0.15007396,0.062067911,-0.254319668,0.100433774
-0.0529802367,0.181045115,-0.0904807001,0.295809954
0.0652551129,0.252168089,0.104729034,0.40407905
0.149256483,0.242874831,0.241353422,0.388440698
0.145406619,0.155854359,0.245615542,0.255362391
0.0293056071,0.0251605697,0.0611387715,0.0445645973
-0.177958041,-0.0998033136,-0.277651608,-0.161074802
-0.413943112,-0.174460724,-0.598015845,-0.250400782
-0.598809123,-0.174941123,-0.75462395,-0.213548943
-0.668556631,-0.104317665,-0.795318723,-0.117873497
-0.602070093,0.0114312954,-0.774792552,0.0201966781
-0.429173946,0.134405583,-0.628475487,0.201031849
-0.216019019,0.227667838,-0.346249819,0.361523926
-0.0350822918,0.265655816,-0.0577481724,0.428948402
0.0656407401,0.239800707,0.111095876,0.388349026
0.0797166005,0.159120128,0.138027951,0.26456672
0.0383725017,0.0467908792,0.0711445063,0.0809602886
-0.0109323198,-0.0659994856,-0.0153264273,-0.107043773
-0.0313978344,-0.147746667,-0.0547613204,-0.240994468
-0.0150287068,-0.17464979,-0.0308161248,-0.287336886
0.016897697,-0.13735491,0.0214929357,-0.231348053
0.0302014723,-0.0444646962,0.0469215848,-0.0808393061
0.00113267533,0.0788710415,0.0023601877,0.125016794
-0.0667459816,0.197727501,-0.102928735,0.317638338
-0.141777024,0.278037518,-0.215968773,0.434970558
-0.18021214,0.297758967,-0.270890534,0.462544501
-0.150366664,0.254524082,-0.234352648,0.409520149
-0.0516286679,0.166652441,-0.0850856528,0.283194482
0.0824507475,0.0667932555,0.133677289,0.117534831
0.199367508,-0.00964966044,0.32363373,-0.0163187515
0.253736615,-0.0370168425,0.406616241,-0.0667032301
0.230769798,-0.00809038896,0.375176221,-0.0234129801
0.154724091,0.0642478466,0.258897781,0.0951932892
0.0774854347,0.152848899,0.131698012,0.244659856
0.052694995,0.227152184,0.0876638964,0.363659889
0.108373135,0.264724731,0.172425672,0.420675159
0.231899559,0.259031028,0.355459273,0.400785625
0.374980718,0.220603153,0.550637662,0.322140187
0.476102024,0.171443701,0.665944874,0.233450681
0.489166677,0.135140002,0.683356047,0.178556919
0.404089421,0.126782715,0.602552891,0.176706687
0.249488801,0.146769986,0.404423118,0.221720591
0.0769469067,0.180952922,0.136120662,0.288949817
-0.0643258244,0.206970006,-0.0969062671,0.334934562
-0.14904283,0.204046711,-0.234170213,0.331850618
-0.182801202,0.162056729,-0.290311694,0.268760532
-0.191837549,0.085920915,-0.309248209,0.147251353
-0.202357009,-0.00657273689,-0.328012824,-0.00256635249
-0.221756846,-0.0925083235,-0.356089711,-0.142548725
-0.232802317,-0.153545484,-0.370853543,-0.237287596
-0.204424545,-0.183021009,-0.331992894,-0.285349041
-0.113277718,-0.187089726,-0.193836361,-0.299127012
0.0363037586,-0.179477036,0.0469801314,-0.291482031
0.206136629,-0.172692001,0.31830585,-0.27646336
0.337034464,-0.170487627,0.505196214,-0.264714181
0.375658512,-0.165827081,0.557769239,-0.254501045
0.302235663,-0.145723253,0.470799148,-0.235079795
0.144430608,-0.10047245,0.243214086,-0.175728187
-0.0312081017,-0.0320708156,-0.0466953963,-0.0627240464
-0.147805825,0.0433760025,-0.243037745,0.0710579902
-0.153901905,0.101428062,-0.254958957,0.170163229
-0.0491208509,0.12089254,-0.0875815749,0.207515687
0.113428585,0.0952059552,0.181667387,0.162983567
0.250405043,0.0370970406,0.401242405,0.0602235906
0.287071586,-0.0267859157,0.456994981,-0.0460135974
0.19369784,-0.0691631734,0.323256761,-0.118717447
0.00206757151,-0.0764635354,0.0132098012,-0.134655982
-0.206363723,-0.0561202094,-0.329315066,-0.0935623348
-0.335879624,-0.0320674777,-0.520411193,-0.0443161055
-0.319535911,-0.0301140565,-0.504322171,-0.0379492529
-0.150136873,-0.0609649532,-0.257602334,-0.0876147524
0.115031727,-0.110848486,0.172582388,-0.174263716
0.377811581,-0.146307185,0.5532161,-0.220651507
0.540289283,-0.132114947,0.719324768,-0.188598141
0.544899344,-0.0534354374,0.735191226,-0.0865206644
0.396021605,0.0702684522,0.597254694,0.0885696709
0.154597536,0.18890655,0.262300819,0.290055871
-0.0902097374,0.24350284,-0.128217578,0.386406958
-0.258303165,0.196368381,-0.393067986,0.315544844
-0.307960153,0.0542126894,-0.479568899,0.101004168
-0.245351031,-0.129196182,-0.394986451,-0.189028725
-0.112664312,-0.274551868,-0.187823713,-0.423524082
0.0367100835,-0.313829005,0.0435483307,-0.491298616
0.162449569,-0.224572346,0.246407181,-0.365884572
0.249590084,-0.0436779559,0.393500298,-0.0851399451
0.304975957,0.147916898,0.472627074,0.215055823
0.342783809,0.263621539,0.50842607,0.381754696
0.369364381,0.254268974,0.542419851,0.368026853
0.37692216,0.134015903,0.570875764,0.201254159
0.349514127,-0.0250589922,0.543446124,-0.0390103906
0.277076483,-0.12831676,0.439767241,-0.207163468
0.168107241,-0.107075728,0.275679141,-0.185720429
0.0521066263,0.0439411923,0.087401852,0.0607791543
-0.0313353725,0.259703666,-0.0480400324,0.404533833
-0.0520227961,0.433142841,-0.071035333,0.634526312
-0.00686444622,0.465638489,-0.00383140123,0.673196614
0.0745254755,0.315382242,0.123479947,0.500689447
0.140845776,0.0199536104,0.240282267,0.0485884845
0.142551064,-0.318062037,0.224642009,-0.481100678
0.0565647669,-0.575569034,0.071954526,-0.758138597
-0.100268893,-0.662264764,-0.126067668,-0.795848906
-0.276356041,-0.557718933,-0.352200776,-0.705219328
-0.407298416,-0.31582424,-0.568335176,-0.441578567
-0.444234878,-0.0365042575,-0.653995752,-0.0568335056
-0.374835908,0.179896072,-0.560981035,0.270471334
-0.226853132,0.273049831,-0.350327045,0.427093148
-0.052968841,0.239904433,-0.084846206,0.396123946
0.0948467851,0.123764127,0.158481836,0.213128805
0.188133538,-0.0154352635,0.31072849,-0.0227178317
0.230458841,-0.13206327,0.367988437,-0.212540373
0.248133272,-0.211025953,0.38359189,-0.332317084
0.269289374,-0.263262272,0.4041996,-0.402525753
0.303731859,-0.306619465,0.43986541,-0.45477131
0.33536458,-0.345849067,0.468731433,-0.494502008
0.331830382,-0.364704341,0.46136868,-0.519483387
0.266132355,-0.334947586,0.38929525,-0.50034982
0.137850508,-0.236517623,0.219398171,-0.387630463
-0.0188315045,-0.0762657672,-0.0292154606,-0.139934495
-0.146295413,0.106711678,-0.237970322,0.166316882
-0.189404815,0.253611892,-0.295059055,0.397845954
-0.12322773,0.310794652,-0.191307157,0.487926513
0.0321729593,0.254536062,0.0503012054,0.4183155
0.218477383,0.103098273,0.350319594,0.17542015
0.364935309,-0.0899518058,0.553790212,-0.134750709
0.420700669,-0.257826,0.591069043,-0.367618024
0.37733233,-0.347365469,0.52168864,-0.489562422
0.269936144,-0.338444501,0.39240101,-0.505694985
0.156457305,-0.248154715,0.244846225,-0.403377146
0.0861213803,-0.119637609,0.138211161,-0.206416428
0.0738275275,-0.00213661091,0.120281845,-0.00798162352
0.0941997617,0.0684859529,0.15441516,0.112727471
0.0985037759,0.0814267397,0.166385442,0.135469928
0.0452475809,0.0520685241,0.0816857219,0.086661078
-0.0723582283,0.01424844,-0.111941494,0.0236462969
-0.217588663,0.0076352004,-0.348091722,0.0124222543
-0.325799644,0.0641308203,-0.505733609,0.100980312
-0.337076187,0.196142927,-0.51187098,0.29636547
-0.229075775,0.388962746,-0.337315202,0.563888252
-0.0324856415,0.59969461,-0.0437536873,0.770454049
0.179867536,0.76517731,0.194201559,0.792351723
0.325654119,0.819595635,0.298703909,0.727768958
0.351414353,0.718500674,0.360929221,0.721357465
0.257430434,0.461198688,0.363267571,0.630364299
0.0965757594,0.100909501,0.182238877,0.180858135
-0.0521954633,-0.26550135,-0.0721601322,-0.409234077
-0.122265466,-0.528620839,-0.174343452,-0.712329268
-0.0904655308,-0.608500898,-0.129829541,-0.769170702
0.0141715305,-0.49004817,0.00327036879,-0.692687213
0.127346918,-0.234212488,0.187137708,-0.387428015
0.182422385,0.0435121506,0.29190129,0.0543918461
0.142123625,0.220843688,0.234125823,0.345083863
0.0135079017,0.2226163,0.0379194804,0.362505466
-0.159688786,0.0556726493,-0.24551937,0.103076689
-0.321130157,-0.193195358,-0.482067913,-0.277180731
-0.428235114,-0.3972359,-0.564992428,-0.507687807
-0.46690917,-0.449895203,-0.578919053,-0.545735896
-0.44860518,-0.316441059,-0.61016041,-0.426010221
-0.39432478,-0.0513775311,-0.601027369,-0.0828242451
-0.317419618,0.227798462,-0.484317511,0.338299304
-0.216806561,0.398268193,-0.312678188,0.582335949
-0.0848185942,0.392598957,-0.122729465,0.595123351
0.0760744214,0.231999069,0.123784386,0.38716352
0.239934728,0.0150871724,0.386952579,0.0344642028
0.358567148,-0.132433578,0.540714443,-0.203292966
0.380053252,-0.121847861,0.565784514,-0.195228145
0.276450962,0.0532300547,0.44064185,0.0628559962
0.0654397383,0.313205421,0.11505083,0.467824936
-0.187975943,0.532178283,-0.231754795,0.703557253
-0.393979162,0.600477338,-0.433028102,0.688166857
-0.475938439,0.478165299,-0.555146635,0.578300834
-0.405870199,0.21273689,-0.579457819,0.324700773
-0.219178587,-0.0869503394,-0.359808594,-0.115104854
-6.92780741e-05,-0.305927604,-0.0135466913,-0.470775336
0.156333998,-0.378477752,0.221069381,-0.569007874
0.187087089,-0.315495044,0.280037791,-0.492427826
0.0886599869,-0.191243276,0.145349666,-0.322848082
-0.0849124491,-0.0984722152,-0.133759931,-0.170413494
-0.251444101,-0.0969610736,-0.395497411,-0.149580121
-0.342110336,-0.182913855,-0.516195893,-0.263075739
-0.333757401,-0.294455022,-0.493174404,-0.415521622
-0.256001323,-0.348708749,-0.385795206,-0.504104018
-0.170645922,-0.289337158,-0.275362521,-0.448476136
-0.135473669,-0.11865373,-0.228950739,-0.202616587
-0.172271132,0.102411561,-0.28115043,0.156634837
-0.256018609,0.285560846,-0.379572958,0.430457056
-0.330293745,0.360223413,-0.456521481,0.516769588
-0.339677781,0.308574408,-0.48319751,0.456021756
-0.261040181,0.172865629,-0.406269461,0.283910215
-0.116706155,0.0326386765,-0.198474705,0.0660441816
0.0371702574,-0.035059467,0.0553055108,-0.054862909
0.140031204,0.00839475263,0.227436483,0.00600914657
0.157662421,0.148388162,0.256905705,0.227549493
0.0975970626,0.328484833,0.158536255,0.494621038
0.00149137038,0.479591817,0.0143157076,0.676983058
-0.080239363,0.550660312,-0.0950879231,0.73776269
-0.116566785,0.526277363,-0.148638755,0.717521787
-0.110782012,0.425449699,-0.154317141,0.628209233
-0.0942356139,0.286412776,-0.140093714,0.45853737
-0.103312306,0.148387641,-0.161785021,0.250837713
-0.153777003,0.0400626734,-0.247588456,0.071322009
-0.228128716,-0.0220383555,-0.365392655,-0.0328963064
-0.284040391,-0.0293489713,-0.450661153,-0.0437061377
-0.279630274,0.0216824412,-0.448033959,0.036176309
-0.201205954,0.126916528,-0.330339253,0.206629217
-0.0770362988,0.268088996,-0.127287343,0.425663412
0.0320376046,0.409468234,0.0501364581,0.60684371
0.0616515018,0.504316092,0.0974469855,0.698741198
-0.022018604,0.512117147,-0.0142212743,0.708106101
-0.201224357,0.419604778,-0.269853294,0.605369866
-0.410368621,0.253750682,-0.5657745,0.371064961
-0.563495219,0.0769110322,-0.740123034,0.116588384
-0.59225893,-0.0370192304,-0.767159522,-0.0354697965
-0.475763172,-0.0357845537,-0.684449077,-0.0432691686
-0.248044357,0.0850273892,-0.41001603,0.136665896
0.019419834,0.277142614,0.0169522315,0.437716395
0.250282824,0.460296005,0.345578015,0.628025115
0.39425844,0.559286952,0.474399388,0.653422475
0.441863805,0.539025545,0.52014637,0.619389415
0.417984962,0.419543654,0.548862517,0.539082289
0.360663116,0.263090461,0.534111679,0.380128592
0.298485458,0.140146121,0.471690565,0.214901298
0.239051074,0.092508249,0.387189448,0.141179681
0.173245206,0.113220081,0.285073578,0.176111683
0.0903211981,0.153947964,0.154275864,0.247033209
-0.00724035501,0.155377254,-0.00399258081,0.254886627
-0.099164471,0.083512634,-0.155786991,0.144196928
-0.156146005,-0.0485213324,-0.253936797,-0.0706581026
-0.156343475,-0.185587823,-0.255271226,-0.289178669
-0.0990273505,-0.260037988,-0.166944206,-0.409973502
-0.00647497596,-0.229471073,-0.0221049991,-0.37425673
0.0875558853,-0.101867072,0.135882765,-0.176978499
0.156065255,0.0660181791,0.254141927,0.0983108133
0.192681089,0.196515933,0.309283555,0.305155098
0.212483883,0.230326682,0.338272452,0.358918279
0.238979921,0.156167597,0.382752538,0.250444829
0.285097003,0.0150444843,0.454094917,0.0286611337
0.340269148,-0.122740351,0.519095361,-0.188451767
0.37261489,-0.195017606,0.54729557,-0.29472962
0.346394062,-0.179284707,0.519668758,-0.280593753
0.245384723,-0.101711497,0.391775995,-0.17528531
0.0882622972,-0.0196620449,0.153572127,-0.0427644327
-0.0744631067,0.0117173716,-0.116112478,0.0183491148
-0.182425395,-0.0300288182,-0.295652181,-0.041673854
-0.195732802,-0.123711079,-0.32031101,-0.188796505
-0.117329419,-0.218277186,-0.196455821,-0.341822773
0.00575828739,-0.262662053,-0.00213826611,-0.417463511
0.104601905,-0.234409824,0.159164786,-0.381780267
0.123479761,-0.151070058,0.198479652,-0.254789323
0.0496997908,-0.0585858747,0.0869380608,-0.106086165
-0.0781631321,-0.00404941058,-0.123167075,-0.00905431621
-0.188998774,-0.00881495327,-0.304545373,-0.0103254104
-0.215952769,-0.0572874025,-0.351944625,-0.0843832344
-0.132368997,-0.107354484,-0.225394011,-0.168418691
0.0321753696,-0.115914248,0.041468434,-0.189655498
0.204755858,-0.0644542351,0.321663588,-0.11022976
0.304845482,0.0300730933,0.476563483,0.0359617136
0.284724474,0.125090748,0.450785547,0.186191916
0.153678998,0.176910415,0.260256857,0.278812259
-0.026600467,0.165467322,-0.0294406544,0.271435708
-0.173084348,0.104845874,-0.273116142,0.17652835
-0.222903118,0.0335237943,-0.36030972,0.0634025037
-0.164000541,-0.00989945326,-0.276274115,-0.01077291
-0.0395434126,-0.0112174572,-0.0741987154,-0.0155760339
0.0755211711,0.00919832941,0.120436229,0.0145377405
0.11304149,0.00703039719,0.19027096,0.0103940889
0.0452995189,-0.0599430017,0.084280245,-0.0980392843
-0.103063293,-0.204776689,-0.156064585,-0.325691551
-0.269729704,-0.398625106,-0.381404608,-0.558158934
-0.386982501,-0.580131412,-0.457632512,-0.663113654
-0.414018869,-0.682767987,-0.430865586,-0.68605572
-0.352871984,-0.666213274,-0.388772041,-0.710156083
-0.241236016,-0.535626471,-0.325291306,-0.691947103
-0.128191158,-0.339090496,-0.210457787,-0.523417592
-0.0474946983,-0.144940019,-0.0883292332,-0.245840073
-0.00324164564,-0.0109309796,-0.00823728926,-0.0226662122
0.0253355056,0.0391733237,0.0432645902,0.0672243014
0.0645023659,0.0206792094,0.107715547,0.0380396247
0.124815397,-0.0261329822,0.205267623,-0.0404884927
0.191264614,-0.0602366701,0.30816257,-0.0996686816
0.230748698,-0.0607438385,0.369334459,-0.103899948
0.21232605,-0.0339899734,0.346889377,-0.0626917183
0.127970323,-0.00469808653,0.217094645,-0.0150359534
0.00109889184,0.00212783017,0.00865379907,0.000525338226
-0.122839406,-0.0224824715,-0.19945921,-0.0359821655
-0.198999822,-0.0659828484,-0.323102146,-0.101541691
-0.206443325,-0.101860173,-0.33700791,-0.159325421
-0.158822313,-0.104928061,-0.265695721,-0.16826193
-0.0960434377,-0.0651715845,-0.167153656,-0.109190308
-0.0611471422,0.0074639325,-0.104995362,0.00942576397
-0.0750817955,0.0891982913,-0.121562146,0.146063223
-0.123505831,0.1550055,-0.196800619,0.25228557
-0.163331896,0.190008804,-0.25846386,0.307125509
-0.145927534,0.19353202,-0.235336259,0.316980094
-0.0446490161,0.174634084,-0.0767068416,0.291871101
0.128194377,0.143195972,0.204141766,0.237589329
0.324326187,0.102964878,0.498732537,0.158868879
0.481192708,0.0511377864,0.681255877,0.0676698983
0.55114907,-0.0155929457,0.742914975,-0.0289529935
0.523014128,-0.093095161,0.715816379,-0.133532584
0.425046682,-0.16600053,0.616276085,-0.245719165
0.308330953,-0.211648598,0.469057977,-0.327912003
0.219848424,-0.210461855,0.343678176,-0.337848067
0.179638952,-0.157097489,0.284950942,-0.259333849
0.173804328,-0.0656358898,0.278350651,-0.115664758
0.166281417,0.0349715166,0.272652835,0.0488808788
0.122196861,0.113570653,0.205322519,0.180643827
0.0296574011,0.151201829,0.0573442206,0.246912897
-0.0919053853,0.149487808,-0.141764402,0.246239737
-0.201121062,0.128213629,-0.318741202,0.210884333
-0.256411999,0.113001391,-0.404996574,0.185706541
-0.238173321,0.119375832,-0.382643044,0.196269482
-0.15952073,0.14168115,-0.263305187,0.234938771
-0.0600480884,0.153067946,-0.101308659,0.255313605
0.0139059778,0.117279105,0.024570819,0.198726505
0.0320662409,0.00704603689,0.0598231629,0.0170650203
-0.00554784946,-0.179480195,-0.00347122876,-0.28644374
-0.0697909668,-0.412115157,-0.104376763,-0.602880776
-0.117705613,-0.635360837,-0.154218763,-0.774971724
-0.11375279,-0.786199749,-0.128579527,-0.800546229
-0.0463713035,-0.81613493,-0.0590630546,-0.801452875
0.0676043853,-0.709120989,0.0617574044,-0.804440916
0.191584527,-0.488842517,0.246168017,-0.675947607
0.285507053,-0.212853104,0.424739391,-0.34190625
0.321435243,0.0443765745,0.497193426,0.0511871204
0.291737139,0.214002743,0.452680558,0.316692978
0.207810149,0.25392881,0.33358717,0.391347885
0.0922207236,0.162022293,0.163435131,0.268692702
-0.0303915143,-0.0228040218,-0.0404309705,-0.0297474153
-0.139201969,-0.232460693,-0.217720866,-0.360857457
-0.218639538,-0.391415238,-0.32261917,-0.562447369
-0.257347405,-0.441766769,-0.365931123,-0.609226406
-0.247845486,-0.363324344,-0.372099936,-0.529071212
-0.188716471,-0.181208655,-0.313341945,-0.294447422
-0.0883552656,0.0426631942,-0.157551423,0.0635585412
0.0328605808,0.231960878,0.0488925725,0.3703188
0.145102054,0.324171454,0.225059867,0.496975303
0.217067227,0.293620348,0.338598311,0.450495481
0.226803392,0.159736365,0.368560314,0.256773531
0.170526743,-0.0230629966,0.289389968,-0.0351314321
0.0649514198,-0.189500883,0.111105353,-0.308657944
-0.0584220551,-0.29083395,-0.0908959061,-0.460020512
-0.164651155,-0.313191772,-0.256213844,-0.483127296
-0.227145389,-0.278841287,-0.353588939,-0.425409406
-0.234695986,-0.230618209,-0.372531742,-0.356149912
-0.191244707,-0.207962647,-0.310941309,-0.325881004
-0.109802194,-0.226939902,-0.183475494,-0.356340885
-0.00480495766,-0.27421847,-0.0168674961,-0.431417644
0.112542994,-0.317412227,0.165357724,-0.490850747
0.233808562,-0.325446486,0.339704752,-0.491469443
0.349180251,-0.287359655,0.495643198,-0.42342034
0.443610579,-0.219059974,0.614448369,-0.316268235
0.497195125,-0.154428184,0.680760741,-0.222886056
0.491093963,-0.12600933,0.68225491,-0.183780476
0.416601568,-0.146430627,0.608046114,-0.220348209
0.282433361,-0.201267526,0.440341383,-0.314318985
0.115528807,-0.257521302,0.187076628,-0.413688749
-0.0462860726,-0.282832593,-0.0727919713,-0.451978862
-0.167170763,-0.264201462,-0.265106559,-0.415476769
-0.225938916,-0.215059429,-0.359606832,-0.33518675
-0.22257629,-0.166184038,-0.360405028,-0.261169761
-0.175591201,-0.145487159,-0.291154712,-0.231640667
-0.111743227,-0.158658132,-0.188458622,-0.254150122
-0.0534689315,-0.182792902,-0.0912425667,-0.296640307
-0.0103002097,-0.17805618,-0.0223540105,-0.292417973
0.0217561256,-0.111865729,0.0303952787,-0.191383138
0.0532642044,0.0179620106,0.0839478523,0.0219829585
0.091254048,0.17533204,0.146670774,0.279287755
0.131956026,0.299863517,0.207743689,0.46241349
0.160663351,0.337251484,0.251826495,0.511659086
0.15899761,0.270495117,0.257335007,0.423744261
0.115703419,0.134431347,0.199393585,0.224933058
0.035024479,0.00363269169,0.0649576858,0.00869378354
-0.0621974804,-0.0425247177,-0.101561069,-0.07421083
-0.145896137,0.038913887,-0.242134541,0.0587955453
-0.189487427,0.228210241,-0.300086349,0.352989972
-0.181974173,0.44653213,-0.256641358,0.630852401
-0.133630052,0.589744985,-0.164834216,0.757154942
-0.07237003,0.577169955,-0.0850100368,0.758406103
-0.0321819708,0.391697556,-0.0372967869,0.596095026
-0.0385714546,0.0910529718,-0.053484004,0.167285278
-0.0972568393,-0.216185689,-0.15064995,-0.335341394
-0.190892503,-0.418847352,-0.27713716,-0.601223528
-0.285183728,-0.45260796,-0.395490289,-0.617446423
-0.341942519,-0.326849431,-0.495928466,-0.468449175
-0.333978266,-0.116381004,-0.521194637,-0.182159975
-0.256146014,0.0771263242,-0.417310268,0.123481952
-0.128412008,0.174343556,-0.212252885,0.291127175
0.0102756117,0.153721154,0.0160291195,0.262537003
0.115290515,0.056295719,0.193324119,0.10071934
0.152282342,-0.0411858223,0.253956378,-0.0689379871
0.110221528,-0.0699427053,0.184956908,-0.121724874
0.00671610422,-0.00675483933,0.0152880158,-0.0223636422
-0.116839953,0.11362613,-0.188510627,0.1799514
-0.209312141,0.217005178,-0.325359404,0.341600001
-0.228646189,0.22906886,-0.352514029,0.365492672
-0.158793122,0.115023538,-0.256763816,0.202220351
-0.0180539116,-0.100651339,-0.0352317467,-0.14990519
0.145228073,-0.344075024,0.211488128,-0.51368314
0.269095033,-0.526137829,0.340074658,-0.686316848
0.301027775,-0.583680093,0.356876194,-0.714903235
0.218894362,-0.507390082,0.288338125,-0.687041342
0.0412010401,-0.343301028,0.0634873435,-0.541158736
-0.178110525,-0.16816178,-0.283174634,-0.281482309
-0.368887633,-0.0517124124,-0.558320761,-0.0771551132
-0.470625728,-0.024740519,-0.672708094,-0.0229396559
-0.454566956,-0.0681416541,-0.657060266,-0.0838431641
-0.33310467,-0.127256617,-0.518382192,-0.182423577
-0.152987808,-0.143195122,-0.261440396,-0.227643415
0.0241922401,-0.0848841667,0.0282872673,-0.144166827
0.145431623,0.03412183,0.235039011,0.0476758741
0.183685765,0.161976948,0.298928916,0.251036793
0.142655447,0.234357223,0.236664444,0.367616296
0.048729863,0.206711888,0.091440089,0.336169779
-0.0642502904,0.0771437362,-0.0965839028,0.135568649
-0.169104993,-0.111009359,-0.270202458,-0.169529125
-0.251793176,-0.28790918,-0.382029682,-0.426377267
-0.308780789,-0.3882083,-0.440458924,-0.540951252
-0.339193255,-0.379713625,-0.478190362,-0.525013864
-0.338344157,-0.276565909,-0.501985729,-0.403051972
-0.29779315,-0.131249607,-0.471626401,-0.204113096
-0.212419137,-0.0096127782,-0.352460414,-0.0131333424
-0.0898916349,0.0392543338,-0.155613005,0.0715804696
0.0445003323,0.00439683069,0.0711803138,0.0143856937
0.152788863,-0.0838949904,0.249452189,-0.133496165
0.198737472,-0.17015107,0.318285167,-0.273917854
0.165430635,-0.201013237,0.264058262,-0.32765162
0.0667006001,-0.150748953,0.109532505,-0.25638029
-0.0549785532,-0.0329960659,-0.091414921,-0.0653817207
-0.14511098,0.106677212,-0.238098502,0.171137378
-0.161627904,0.213714346,-0.258056343,0.343336582
-0.0956273973,0.25191766,-0.152375326,0.406402558
0.0223158393,0.22185424,0.0356437266,0.36578247
0.134514332,0.161037028,0.219673336,0.265504628
0.182340547,0.12520726,0.299225092,0.200688303
0.134186,0.159251273,0.224562928,0.250480264
0.00175621302,0.271724284,0.0136863012,0.421906322
-0.16349107,0.425878078,-0.224969015,0.609418213
-0.292474896,0.55273658,-0.357257724,0.696433544
-0.32888025,0.581376612,-0.385940999,0.702542186
-0.253486544,0.472994804,-0.338433534,0.650639057
-0.0911492705,0.242770165,-0.143409252,0.404443085
0.102293879,-0.0415345579,0.167395145,-0.0511145517
0.266170323,-0.284882993,0.396609336,-0.425001234
0.361107141,-0.403710872,0.481900632,-0.556167126
0.38271305,-0.36104691,0.516478658,-0.506462753
0.357173771,-0.182169735,0.527058244,-0.288036376
0.322480172,0.0564003959,0.499221981,0.0691021085
-0.695569515,-0.129839644,-0.724615455,-0.149299592
-0.514604986,0.0134385163,-0.751769781,0.0302765258
-0.192161769,0.138726115,-0.327766478,0.22992903
0.161160126,0.228344038,0.241809517,0.366639823
0.426864237,0.271059573,0.597798228,0.374247938
0.530054331,0.262185901,0.694256008,0.330968022
0.468960375,0.20566,0.658543646,0.277268708
0.309029758,0.116107121,0.493339688,0.17489703
0.145893008,0.0176042728,0.251329243,0.0274590999
0.0568487346,-0.0627157614,0.0966943651,-0.104664795
0.0655763224,-0.104715295,0.102348059,-0.172462165
0.137104765,-0.104339994,0.21691744,-0.171595275
0.203823075,-0.0764634535,0.326558411,-0.129354969
0.207121193,-0.0487823114,0.337097079,-0.08626578
0.131582528,-0.0486744903,0.222001508,-0.0853939727
0.0133893164,-0.089037545,0.0291156024,-0.148958862
-0.0809855089,-0.160276532,-0.131479651,-0.257751197
-0.0934798867,-0.232939199,-0.155752048,-0.368201524
-0.00886095688,-0.270266533,-0.0259019881,-0.428349406
0.134337068,-0.244878426,0.199909672,-0.391550541
0.262677521,-0.151647523,0.403616488,-0.248721451
0.306546628,-0.0106890323,0.478379846,-0.0306824446
0.237924054,0.140704453,0.385279447,0.209477484
0.0867334083,0.263027102,0.150205106,0.408754945
-0.0733334795,0.329258651,-0.100951672,0.509289742
-0.162368804,0.332842141,-0.238852605,0.512759924
-0.135573596,0.28628695,-0.209221616,0.454298615
-0.00671567768,0.21244216,-0.0137519687,0.353759319
0.158508539,0.133605763,0.255815029,0.223387286
0.275647789,0.0637740865,0.438086957,0.100231037
0.283870548,0.00682076998,0.4543764,0.00359823462
0.175677046,-0.0400743745,0.296007216,-0.0727729499
-0.000957815093,-0.0808700994,0.0078441631,-0.138323173
-0.168329865,-0.116401069,-0.27037999,-0.18813996
-0.25855273,-0.143234879,-0.411067992,-0.221344054
-0.246141493,-0.155293345,-0.395529747,-0.239331543
-0.157219157,-0.146522537,-0.265250593,-0.233154863
-0.0517137684,-0.112997301,-0.0939710364,-0.186254665
0.0108526582,-0.053973157,0.0151066333,-0.0942613631
0.00323750428,0.0275293961,0.00791745819,0.0411446802
-0.0566995442,0.123901218,-0.090256229,0.199319035
-0.118159264,0.222062409,-0.184111968,0.354225874
-0.126993164,0.303786188,-0.194393516,0.474493593
-0.056216199,0.348696202,-0.0853543729,0.539058805
0.0788791478,0.340213239,0.121372625,0.527866304
0.228468761,0.272667855,0.351287663,0.422554016
0.333804935,0.156196773,0.510687649,0.239104256
0.356437951,0.0161893778,0.551710963,0.0239836164
0.295577496,-0.113721788,0.467175692,-0.181287244
0.185223058,-0.202828929,0.298629731,-0.327679813
0.073919937,-0.233861834,0.118685931,-0.381346077
-0.000908557908,-0.207932726,-0.00576614542,-0.342725098
-0.0299713165,-0.141647711,-0.0547395721,-0.238018855
-0.0320310555,-0.0581985414,-0.0572190061,-0.101243384
-0.0382553563,0.0225478429,-0.0648616105,0.0358650088
-0.0710591525,0.0895740986,-0.113995902,0.148717493
-0.129955634,0.139303476,-0.207584858,0.228938833
-0.192201123,0.169190452,-0.302343786,0.273776114
-0.227080509,0.171668395,-0.355953366,0.276894242
-0.214785293,0.133922532,-0.343612969,0.222645968
-0.158473879,0.0453782976,-0.260205388,0.0849006101
-0.082473062,-0.0905701667,-0.13719441,-0.139402702
-0.0179752763,-0.247992739,-0.032768134,-0.390904218
0.0149734663,-0.380209267,0.0165125951,-0.574664772
0.0182755124,-0.434299022,0.0203345846,-0.638205409
0.012866701,-0.373534858,0.0112693794,-0.573425949
0.0239140652,-0.19736059,0.0296320766,-0.332426548
0.0632825196,0.052001927,0.0975449011,0.0733309537
0.120353743,0.301775575,0.186770856,0.459522456
0.167525768,0.476055652,0.241339594,0.660661817
0.177916929,0.526696861,0.247634903,0.703277826
0.145037949,0.453203589,0.217269242,0.645533323
0.092144452,0.30170083,0.154902562,0.476799518
0.064148441,0.142909899,0.111452758,0.241991237
0.104731642,0.0393524952,0.172933429,0.0665113479
0.230266899,0.0174682364,0.36378929,0.0259358212
0.415117264,0.0580110289,0.605891883,0.0780267045
0.597806096,0.109040663,0.761561155,0.129892841
0.70682627,0.114601202,0.804376781,0.120980762
0.694129705,0.0444946922,0.80570817,0.0465101302
0.559500813,-0.0896936059,0.745944262,-0.121885888
0.352939457,-0.239948243,0.529045224,-0.356775701
0.153072461,-0.345312387,0.234824866,-0.526757479
0.0318533108,-0.361350209,0.0435420871,-0.556374311
0.0229250956,-0.280916423,0.0254733246,-0.451048374
0.109173179,-0.136504024,0.166200906,-0.23053728
0.235075504,0.0160076506,0.371034682,0.0162022971
0.336687148,0.123282939,0.515276134,0.180650696
0.373225361,0.157136545,0.562467515,0.229293719
0.343926996,0.123481698,0.530819595,0.184242219
0.282206982,0.05484467,0.453463107,0.0841215402
0.231582731,-0.00810535718,0.376407534,-0.016135525
0.217607751,-0.0359032452,0.35237959,-0.0619776174
0.231910005,-0.0213144589,0.370961696,-0.0410778634
0.237418309,0.0217652954,0.380700529,0.0279575679
0.191865668,0.0687987432,0.317521006,0.105004147
0.0762696341,0.0976063386,0.135805368,0.157113135
-0.0879910588,0.097108148,-0.134907857,0.159558713
-0.243941799,0.0686926097,-0.383268416,0.113890164
-0.324289948,0.0217124391,-0.503729165,0.0433809049
-0.284664065,-0.0325906351,-0.455248833,-0.0418049954
-0.127660632,-0.0847867355,-0.222495034,-0.130543754
0.0949501693,-0.127412364,0.142706737,-0.205245823
0.303320825,-0.153433412,0.460206836,-0.239601597
0.423511297,-0.156037256,0.610811889,-0.234511212
0.417675257,-0.131373614,0.611223876,-0.201211631
0.296277851,-0.0829931945,0.468735844,-0.14269419
0.10790015,-0.0245300829,0.187188879,-0.0513003208
-0.086286135,0.0226280037,-0.136952862,0.0332564972
-0.239162117,0.037176311,-0.380333334,0.0634573847
-0.332090557,0.00801041815,-0.513679206,0.0225422494
-0.371776253,-0.0588737726,-0.564829886,-0.0788893327
-0.374495119,-0.141311184,-0.562016726,-0.200065762
-0.349329859,-0.210443631,-0.525469005,-0.304260463
-0.291491687,-0.244582891,-0.449538976,-0.363446236
-0.189601049,-0.240292951,-0.307777673,-0.371759772
-0.0414092019,-0.21434328,-0.0796073973,-0.34467116
0.133422166,-0.194704905,0.20386669,-0.313237518
0.293585151,-0.204698592,0.443960696,-0.31551984
0.39172259,-0.248515159,0.560117066,-0.360976756
0.397848994,-0.306201965,0.554960668,-0.431757867
0.317205608,-0.341664255,0.454966575,-0.496565044
0.191010818,-0.32049638,0.289335757,-0.495125115
0.0775599629,-0.229042798,0.121730112,-0.378236502
0.0224247165,-0.0849067271,0.0318737812,-0.151567623
0.0336330049,0.0670660064,0.0522603951,0.106640488
0.0762416497,0.172322333,0.124555275,0.281645983
0.0908951834,0.189976186,0.153653264,0.310934305
0.0278227814,0.111291125,0.0562957153,0.188283116
-0.121542044,-0.0353834145,-0.189305753,-0.0527104698
-0.313107044,-0.195711568,-0.471007794,-0.289201379
-0.466771454,-0.311722606,-0.624787986,-0.408265293
-0.504332244,-0.345653176,-0.646816134,-0.430214077
-0.389901847,-0.295024842,-0.560834944,-0.409994066
-0.151688069,-0.192715034,-0.262860179,-0.306699872
0.12721853,-0.0923162699,0.190953463,-0.152645454
0.345687151,-0.0451942421,0.527616739,-0.0741827786
0.431167513,-0.0788324252,0.633977234,-0.120568134
0.372708052,-0.185197115,0.55798918,-0.277574837
0.223574951,-0.323596209,0.341514766,-0.488503009
0.0721514821,-0.436703533,0.103791848,-0.638048053
-0.0038449876,-0.473344147,-0.0144526372,-0.676823199
0.0238505471,-0.409100205,0.0224440731,-0.61194998
0.122237861,-0.256629914,0.178597316,-0.413863897
0.218000948,-0.0614626147,0.344210029,-0.112344667
0.239754871,0.115405403,0.384236783,0.172774702
0.158894628,0.22149834,0.264277875,0.345041394
0.00709424634,0.233824715,0.0256333221,0.375621259
-0.139134437,0.167903498,-0.214251384,0.278084636
-0.198930621,0.0704330206,-0.32024315,0.123340242
-0.131335258,-0.00198739185,-0.22511971,0.0051960689
0.040216852,-0.0092392629,0.0544960871,-0.0140349399
0.23656103,0.0527160205,0.372281849,0.0799862519
0.360828578,0.148690313,0.543230534,0.212418407
0.346750081,0.220168605,0.523539901,0.317614347
0.192703873,0.213790745,0.318549633,0.332492441
-0.03585729,0.10918992,-0.0414249785,0.184474722
-0.236975893,-0.0678185299,-0.370391756,-0.0977795348
-0.320587456,-0.254446894,-0.481540591,-0.364153922
-0.250910014,-0.379489958,-0.37580201,-0.538845301
-0.0624067448,-0.397984892,-0.110816322,-0.590056539
0.157637998,-0.314563721,0.223808795,-0.486818671
0.310466051,-0.182680577,0.464679956,-0.290722221
0.330569297,-0.0785973296,0.512390256,-0.132481799
0.212752283,-0.0622013807,0.354639322,-0.106510222
0.0102534471,-0.144488916,0.0301846303,-0.238397688
-0.192822084,-0.279305398,-0.292889118,-0.426550299
-0.319720447,-0.385146499,-0.454554498,-0.533791006
-0.331431478,-0.387142777,-0.471651435,-0.531703651
-0.236633942,-0.257959247,-0.378507644,-0.396778345
-0.0798696876,-0.0356693305,-0.14777936,-0.0676872283
0.0828962699,0.192233399,0.126096427,0.303651184
0.207723722,0.331921339,0.317389578,0.496359557
0.274635643,0.331690073,0.411624908,0.487441599
0.28551358,0.210007429,0.44705686,0.324086249
0.253316969,0.0470506474,0.414236218,0.0784368142
0.191455498,-0.0574454926,0.317603141,-0.0951996222
0.109807506,-0.0387924723,0.183974236,-0.0746801421
0.0178899094,0.0947229415,0.0303204823,0.145335406
-0.0698275194,0.262241095,-0.105960943,0.410458356
-0.132983416,0.351132691,-0.194420174,0.535638928
-0.151959211,0.278522611,-0.229253739,0.446253896
-0.119395785,0.0415453725,-0.192691073,0.0888144672
-0.0493596122,-0.271468461,-0.0812400356,-0.413928181
0.0231313035,-0.517463386,0.0226604138,-0.712315261
0.0546703339,-0.566707611,0.0606121235,-0.754547119
0.0134503515,-0.369038969,0.0121354517,-0.573727071
-0.103183791,0.0156279448,-0.175130278,-0.000205678181
-0.263467014,0.439459771,-0.360273093,0.597052872
-0.412428796,0.732248008,-0.382760078,0.711740017
-0.495313913,0.779028356,-0.398441643,0.651480377
-0.482194692,0.572018862,-0.511660278,0.623445153
-0.381562889,0.211716771,-0.549210966,0.331515431
-0.235916212,-0.142752618,-0.377992928,-0.201700911
-0.101409212,-0.348939002,-0.166104347,-0.526713848
-0.0217799731,-0.34489429,-0.0430550873,-0.538829327
-0.00966299511,-0.171229661,-0.023737222,-0.293777704
-0.0444642231,0.0570968054,-0.0764801055,0.082632497
-0.0872544274,0.212518796,-0.137426823,0.341199994
-0.104227073,0.21766524,-0.161388248,0.359457582
-0.0858747661,0.0782067701,-0.137792304,0.142503843
-0.0514801592,-0.128205523,-0.0850944445,-0.19855985
-0.0364951156,-0.297724456,-0.0609767847,-0.464044392
-0.0696803108,-0.35470891,-0.112899907,-0.546277404
-0.152589604,-0.286344498,-0.240793109,-0.451817572
-0.25308159,-0.141685575,-0.402757764,-0.22939229
-0.317439914,0.00079354737,-0.498799831,0.00109920523
-0.296005368,0.0769187808,-0.468030781,0.129526854
-0.169913948,0.0675427318,-0.283643723,0.121292613
0.034660019,0.00134431967,0.0478158519,0.0127647528
0.252765566,-0.0685951263,0.395951778,-0.106415682
0.405774504,-0.0984716415,0.597616017,-0.152901083
0.434570819,-0.0775687471,0.634051144,-0.125009015
0.325953245,-0.0296138134,0.511713386,-0.0586598888
0.120135449,0.00676795188,0.212011337,0.00303320866
-0.104442909,0.00477732625,-0.163132846,0.00771910837
-0.262755454,-0.0336434543,-0.416196913,-0.0464816019
-0.297851801,-0.0806230679,-0.472977668,-0.11645098
-0.203888401,-0.10212633,-0.340630293,-0.157098994
-0.0279789101,-0.081413947,-0.0590140224,-0.133054495
0.149639651,-0.0309294332,0.23743856,-0.0544798486
0.24862431,0.0151643325,0.399857163,0.0181318261
0.221036419,0.0232983977,0.364052176,0.0323465168
0.0702685565,-0.0163581669,0.12959303,-0.0299860649
-0.150774106,-0.0808578581,-0.234894961,-0.132263914
-0.360833794,-0.12613748,-0.541041613,-0.18833451
-0.481760532,-0.113336943,-0.678944826,-0.153881133
-0.46755594,-0.0343685709,-0.675084054,-0.0433664024
-0.319862127,0.0789963305,-0.505755186,0.127192855
-0.0847175866,0.169108093,-0.14948386,0.281337708
0.16686371,0.182641,0.262154669,0.298486471
0.365660876,0.100306138,0.555429935,0.155060396
0.467247993,-0.0510191545,0.671151459,-0.0736746043
0.462608993,-0.211260304,0.646501482,-0.297749192
0.373743474,-0.318523705,0.526224732,-0.454800725
0.238371104,-0.341501743,0.352485865,-0.512954175
0.0922328979,-0.294599593,0.144329846,-0.470214516
-0.0424084216,-0.227049455,-0.0698786601,-0.371779382
-0.157570988,-0.192032039,-0.25444749,-0.308808684
-0.251329452,-0.213389933,-0.392715544,-0.325806499
-0.317263514,-0.269226104,-0.473205358,-0.391168028
-0.339479566,-0.302408695,-0.497026533,-0.430505842
-0.297718912,-0.252865762,-0.456070393,-0.375871032
-0.180778667,-0.0940517336,-0.307983667,-0.156393304
-0.000678134442,0.146818846,-0.0147705786,0.235378936
0.201906696,0.396594763,0.291126996,0.57082063
0.366925716,0.568680227,0.445223212,0.672318518
0.4373959,0.603404582,0.486698866,0.65336436
0.385619015,0.495294631,0.490498662,0.611900747
0.23003453,0.293523133,0.365091056,0.445446402
0.0324671902,0.0763247013,0.0723833516,0.132055134
-0.125667691,-0.086179398,-0.203112081,-0.137446702
-0.178971082,-0.161002904,-0.292810917,-0.255458146
-0.10917858,-0.159102857,-0.190087929,-0.257502854
0.0439007655,-0.118997402,0.058962252,-0.196560949
0.198624074,-0.0790544227,0.314415157,-0.131652281
0.268953562,-0.0556455627,0.427702576,-0.0945102945
0.206180781,-0.0394493975,0.342515528,-0.0709915087
0.0248492621,-0.0102917971,0.0532933436,-0.0257089566
-0.200533763,0.0407209732,-0.316287011,0.0617376491
-0.367716908,0.0974379852,-0.553613126,0.152083471
-0.393438399,0.123545215,-0.585713744,0.192865044
-0.25273639,0.0844532698,-0.411186129,0.149338514
0.0080392221,-0.0267093647,0.000373150746,-0.0304332264
0.291014433,-0.175628051,0.439315319,-0.263310045
0.49018836,-0.296187162,0.641839027,-0.396861106
0.537987888,-0.320104927,0.669456482,-0.413641125
0.433269173,-0.212049305,0.611353874,-0.314156801
0.238349363,0.00878417585,0.38762486,-0.00552770775
0.0477427579,0.273249179,0.0833102688,0.417027712
-0.0554265641,0.491859138,-0.0700421557,0.690890908
-0.0343848392,0.594805479,-0.0400179923,0.771832585
0.0904417112,0.562033713,0.123657875,0.747814178
0.257484674,0.42833811,0.361687183,0.604981184
0.396651089,0.261861056,0.568761408,0.375827402
0.461198539,0.128479525,0.660406232,0.178264782
0.443878502,0.0615327135,0.648320436,0.0800351575
0.372004449,0.0524557419,0.568877101,0.0702306703
0.287418902,0.0655134842,0.458525926,0.0963099822
0.22418116,0.0661028698,0.36589089,0.103281058
0.195917323,0.0448046178,0.321793944,0.0713346452
0.197416738,0.0225615054,0.322293282,0.0343805999
0.216031447,0.0340644643,0.348821163,0.0499953739
0.243173033,0.0998023823,0.386464357,0.151124924
0.277587563,0.204492345,0.428001344,0.305527151
0.318855852,0.296466678,0.470708549,0.427009761
0.357160181,0.310710222,0.514467537,0.440353096
0.368759185,0.204300046,0.551624417,0.302213311
0.32341969,-0.0150549281,0.51254499,-0.0185174271
0.202019706,-0.284113854,0.320273906,-0.433061361
0.0146142365,-0.507562637,0.0211895462,-0.70763427
-0.193333104,-0.599502623,-0.246857688,-0.751191914
-0.35381645,-0.522725582,-0.447211951,-0.651408792
-0.405099839,-0.306147665,-0.571705759,-0.42849952
-0.323255211,-0.031642098,-0.516023815,-0.0533941314
-0.139533669,0.203141689,-0.236038834,0.327330381
0.0677723661,0.327613205,0.101758108,0.512155831
0.205808342,0.326179862,0.316210955,0.494104683
0.209744126,0.238938168,0.337801576,0.372427374
0.0747682974,0.136727616,0.138907388,0.223085597
-0.139118686,0.0844837427,-0.216762051,0.135747567
-0.333091766,0.11137405,-0.507582068,0.170941442
-0.414414197,0.201227412,-0.59854883,0.293856353
-0.338656783,0.305563778,-0.493124783,0.447524846
-0.128773674,0.370325416,-0.198438749,0.562624931
0.137760758,0.36186558,0.203028962,0.55337286
0.366444319,0.280035645,0.529592812,0.406530559
0.488434911,0.154196829,0.682405949,0.210214183
0.487172365,0.0268291496,0.692247093,0.0327921323
0.396937639,-0.0655403286,0.598589301,-0.105942808
0.276564777,-0.105087325,0.440736234,-0.17357111
0.174411163,-0.0951769873,0.285429776,-0.161967561
0.104372121,-0.0544832088,0.173085615,-0.0962742791
0.045439437,-0.00789212994,0.077529788,-0.0160865504
-0.0366703756,0.0212011728,-0.0568975583,0.0329007767
-0.16003415,0.0155944386,-0.258588016,0.0287085492
-0.307771504,-0.0328513458,-0.476138026,-0.0460817218
-0.43219468,-0.120516412,-0.62571466,-0.163435265
-0.480483383,-0.229722083,-0.659401178,-0.300894171
-0.427518934,-0.329410881,-0.586696029,-0.434169888
-0.296503335,-0.381835878,-0.431723416,-0.531287074
-0.153981999,-0.355688423,-0.244062409,-0.533968687
-0.0797690675,-0.241598845,-0.136088356,-0.392270356
-0.126463026,-0.0624408275,-0.209247127,-0.115979671
-0.289847463,0.128822058,-0.44449234,0.194677964
-0.506645501,0.266069829,-0.657978714,0.357004017
-0.682190716,0.296530634,-0.738321066,0.338010669
-0.734922528,0.205520779,-0.776344597,0.232663721
-0.635567427,0.0271194261,-0.783635199,0.0499294326
-0.421310246,-0.16607967,-0.61633271,-0.219558448
-0.177947029,-0.2913827,-0.290072829,-0.437385947
0.000729647058,-0.290762126,-0.0125757083,-0.461705089
0.0557577908,-0.156418979,0.0855943561,-0.270228267
-0.013048036,0.0646667406,-0.0183571838,0.0936020836
-0.152835295,0.289441913,-0.229414642,0.442306131
-0.288452655,0.432322174,-0.387227118,0.601025522
-0.361037582,0.438658625,-0.469484448,0.58871448
-0.354249597,0.303964645,-0.500247836,0.448705435
-0.295556217,0.0720207021,-0.459373146,0.132081673
-0.233830392,-0.185164735,-0.370184928,-0.274773389
-0.207055569,-0.395110697,-0.308231384,-0.56582576
-0.218568429,-0.508207798,-0.300451547,-0.677739382
-0.234848246,-0.508643329,-0.320219278,-0.677231193
-0.205646768,-0.411905736,-0.305208325,-0.593869567
-0.0949955955,-0.253723621,-0.166562468,-0.40749681
0.0941435024,-0.0772204548,0.140352786,-0.133356065
0.315250307,0.0770513862,0.481664479,0.113325894
0.496574432,0.177400753,0.681422591,0.234847203
0.57332325,0.205450162,0.7356655,0.252773136
0.517587006,0.160308555,0.705981851,0.208808333
0.351293206,0.0614877045,0.549375296,0.0900170878
0.136260837,-0.0527595691,0.238455385,-0.0901585817
-0.0532204881,-0.134703383,-0.0816707537,-0.223248467
-0.161758572,-0.143448159,-0.265792787,-0.233555779
-0.173601806,-0.0627208576,-0.291563302,-0.105037317
-0.114213757,0.0885554925,-0.196716532,0.14387463
-0.033735089,0.260105103,-0.0574822985,0.411691189
0.018391367,0.389499843,0.0325783156,0.584510863
0.0153083699,0.429499805,0.032162942,0.631402433
-0.0381802507,0.370797664,-0.0456679463,0.566773176
-0.111765891,0.248164564,-0.165308788,0.402016699
-0.166357264,0.125393584,-0.265060127,0.213253483
-0.172714815,0.0651135966,-0.283186734,0.110825613
-0.123769298,0.0979210883,-0.208231911,0.159626514
-0.0362865329,0.206564218,-0.0638794154,0.332492262
0.0574378781,0.333901644,0.0904959142,0.51335597
0.123350784,0.411326498,0.187661067,0.602783322
0.139016852,0.393510163,0.216111764,0.583335161
0.101736933,0.281556845,0.172132432,0.447092116
0.0289499909,0.122263581,0.0592118651,0.207297683
-0.0488373637,-0.0165324043,-0.0760174692,-0.0223475881
-0.100063108,-0.0819320157,-0.167110369,-0.135774836
-0.104995005,-0.0644738078,-0.178850889,-0.10795255
-0.0648495406,-0.00395097118,-0.113229066,-0.00691351108
-0.00321650971,0.0309885014,-0.0092503801,0.0526176915
0.0419005752,-0.020681357,0.0708791018,-0.0295876898
0.0336082019,-0.178453147,0.0606062487,-0.28540647
-0.0462981537,-0.406443596,-0.0659362599,-0.597385764
-0.185337931,-0.62695092,-0.229354054,-0.761660099
-0.340557754,-0.754876912,-0.339604348,-0.731572568
-0.453053117,-0.736119688,-0.421423912,-0.670158744
-0.472340286,-0.571436107,-0.521549225,-0.621040285
-0.380505562,-0.314990431,-0.545094132,-0.443094403
-0.204528928,-0.049577605,-0.350769132,-0.084538497
-0.00927426014,0.148388162,-0.0257513262,0.244094372
0.127860934,0.237136856,0.207641274,0.379529923
0.150516883,0.218926758,0.251232445,0.349948436
0.0499301888,0.128897548,0.0968944132,0.21611996
-0.128753081,0.0120155485,-0.199821025,0.0226256214
-0.304826975,-0.0985122472,-0.469868928,-0.147599861
-0.397722006,-0.19073379,-0.584143281,-0.26788038
-0.36384058,-0.268812746,-0.535464108,-0.377076596
-0.216993108,-0.339218199,-0.338152081,-0.495153427
-0.0222389251,-0.398407876,-0.0480791032,-0.591595769
0.134353444,-0.430087686,0.181380153,-0.624545574
0.185674295,-0.413466036,0.261282802,-0.603304684
0.113983072,-0.336873561,0.173841327,-0.524689913
-0.0428787209,-0.207846656,-0.0673173517,-0.347890705
-0.212086067,-0.0530263856,-0.342462927,-0.0928013921
-0.322494328,0.092548199,-0.499772906,0.142960489
-0.338748276,0.200794935,-0.509827197,0.306893796
-0.275864512,0.261889786,-0.41684553,0.402971447
-0.187607244,0.285259247,-0.288645238,0.446524173
-0.135539576,0.290125042,-0.207448378,0.456132114
-0.155412614,0.291601688,-0.232165381,0.454052866
-0.238517165,0.290894955,-0.350473225,0.44476223
-0.337392569,0.275618196,-0.485335141,0.408991456
-0.392310768,0.230109259,-0.561837494,0.341672957
-0.364110827,0.149470106,-0.546068013,0.235413998
-0.255899638,0.0484624319,-0.411680013,0.0892670676
-0.112314939,-0.041036211,-0.19267951,-0.0590739734
0.00297535886,-0.083930552,-0.000604440691,-0.13854596
0.0395125113,-0.0604051352,0.0648963824,-0.105915189
-0.0147774313,0.0209491942,-0.0211758539,0.029040264
-0.128151864,0.123212181,-0.204795122,0.197366923
-0.241453886,0.195743904,-0.371811956,0.309567779
-0.297152191,0.197133571,-0.449692786,0.310619086
-0.265782505,0.115666807,-0.419051737,0.195363238
-0.156720355,-0.0228060558,-0.262501389,-0.0235673059
-0.00908180512,-0.163975477,-0.0233877357,-0.261439681
0.130872726,-0.247562274,0.199631408,-0.393298924
0.232855707,-0.233287349,0.352977097,-0.369909436
0.293901324,-0.118742608,0.452829331,-0.197222888
0.332890838,0.0587618835,0.51137948,0.0754991844
0.372761905,0.237143278,0.544112802,0.333384633
0.421519279,0.354743183,0.571331024,0.469470859
0.463373721,0.375010103,0.601168692,0.477154434
0.465298623,0.300436467,0.628781736,0.398207277
0.39553535,0.170323268,0.589286804,0.248345882
0.243929952,0.0437600501,0.404373258,0.06731911
0.0329394639,-0.024877863,0.0667789876,-0.0480109602
-0.186950281,-0.00790379662,-0.299433947,-0.0181251578
-0.355622917,0.0848885179,-0.542345047,0.127913594
-0.426928312,0.210615903,-0.609131217,0.303312719
-0.386629462,0.310868591,-0.542529523,0.443467677
-0.257047087,0.335378736,-0.379918814,0.50384593
-0.0873344019,0.262473822,-0.13963598,0.42820549
0.0652736127,0.108319372,0.109460011,0.191196159
0.154748529,-0.0786664039,0.25620243,-0.122761793
0.158784986,-0.236051634,0.253169328,-0.374362171
0.0814578459,-0.311109692,0.127551496,-0.490046561
-0.0524269976,-0.2806229,-0.083194837,-0.451810986
-0.207033232,-0.158911467,-0.332696587,-0.260716617
-0.345075041,0.00897869375,-0.532825649,0.0106630847
-0.435097039,0.165850818,-0.625345767,0.242421344
-0.456386566,0.264715672,-0.623101532,0.370393962
-0.402269751,0.285488307,-0.561065018,0.411651134
-0.281868666,0.239280686,-0.429866046,0.375276983
-0.119247183,0.159253642,-0.195834503,0.271090895
0.051383771,0.0830776021,0.0806086883,0.144662887
0.194419011,0.0356402919,0.314497739,0.0582714304
0.283291876,0.0200149193,0.449303448,0.0261256322
0.308543056,0.0202204138,0.48606962,0.024694737
0.279686332,0.0132653303,0.448837906,0.0146960616
0.219543695,-0.0165294837,0.35917592,-0.0314299576
0.153402925,-0.0686044022,0.25512737,-0.114090174
0.0981569067,-0.126906514,0.16298306,-0.209835589
0.0567791164,-0.169062212,0.0923304185,-0.280187309
0.0207441822,-0.178175598,0.0311484728,-0.295752972
-0.021289805,-0.150377586,-0.0373098105,-0.250822425
-0.0736755654,-0.0941861719,-0.121972732,-0.159298152
-0.128592819,-0.0229023322,-0.213584363,-0.0407058187
-0.168567911,0.0544393808,-0.276200414,0.0887449235
-0.175317511,0.137234733,-0.284956038,0.222674251
-0.139840424,0.229508042,-0.224858925,0.367789447
-0.0679155439,0.330490768,-0.105508387,0.511287451
0.0221880525,0.426210761,0.0347043127,0.626716018
0.108450145,0.489040792,0.156919256,0.684255481
0.175196052,0.487924844,0.249448821,0.67204535
0.218732998,0.405388266,0.323652536,0.58427453
0.245474234,0.252270132,0.384859025,0.390847981
0.264131963,0.0707227439,0.425780118,0.116967261
0.277266741,-0.0787769035,0.440665901,-0.126520604
0.277959883,-0.142253652,0.43195191,-0.229486108
0.254223824,-0.0976131037,0.402163237,-0.1660209
0.198789448,0.0324197784,0.323180914,0.0389289893
0.118114002,0.187614784,0.196125612,0.291417241
0.0342667289,0.295805305,0.0623704344,0.463682592
-0.022873342,0.30523321,-0.0285158269,0.482513785
-0.0299580228,0.208127007,-0.0412572324,0.347167611
0.0164338406,0.0437608212,0.0304134842,0.0845489725
0.0950963199,-0.120774575,0.154855728,-0.192071483
0.167718366,-0.22270368,0.260638475,-0.355089217
0.195620775,-0.232685417,0.303247809,-0.372191459
0.157498851,-0.16657871,0.253542095,-0.278415352
0.0591128059,-0.0744512007,0.10021808,-0.133690998
-0.0699991658,-0.0130960867,-0.111601129,-0.0258507784
-0.190809906,-0.016623538,-0.307501048,-0.0224258788
-0.272304624,-0.0803073794,-0.430030316,-0.117991738
-0.302981168,-0.165552124,-0.470151961,-0.244315654
-0.290920287,-0.222557873,-0.449132115,-0.333728641
-0.253789216,-0.218022749,-0.40029791,-0.335117459
-0.205948174,-0.152894408,-0.336886197,-0.243370324
-0.151180208,-0.0608719848,-0.255298108,-0.10068129
-0.0855968669,0.0111075165,-0.146991417,0.0203239787
-0.0083305398,0.0294981468,-0.0154451644,0.0531656519
0.0680267364,-0.00667803269,0.113073409,-0.00873053912
0.115958117,-0.0645031035,0.191763088,-0.105002843
0.104134537,-0.0944516361,0.173515931,-0.159896255
0.0165208988,-0.0571901277,0.0308984313,-0.10433992
-0.131497934,0.0541223846,-0.211995572,0.0808071345
-0.291301012,0.207547262,-0.441953003,0.314709455
-0.398180217,0.345246881,-0.5410285,0.476850897
-0.401537478,0.409004122,-0.525539815,0.545734107
-0.293527931,0.36587137,-0.418795586,0.534014404
-0.120053388,0.222003207,-0.192734361,0.370130479
0.0345804878,0.0191312768,0.0573336631,0.0458456054
0.0848873183,-0.183283597,0.141994566,-0.293801397
-0.0133464448,-0.330920845,-0.0156434737,-0.515528679
-0.236532718,-0.392134815,-0.337162733,-0.569730818
-0.497563124,-0.363859504,-0.631118417,-0.460704476
-0.681249857,-0.266030341,-0.761516809,-0.290336698
0.17621094,-0.389518946,0.209155977,-0.533420682
0.0909505039,-0.34911117,0.15790306,-0.558108926
-0.0108950697,-0.157564968,-0.0217933021,-0.275529206
-0.101181962,0.13243416,-0.168709949,0.201857537
-0.148645982,0.423947573,-0.214916497,0.609760165
-0.12902537,0.614155293,-0.153994173,0.771688163
-0.0379025526,0.636647403,-0.0397037305,0.792095244
0.101424091,0.488158077,0.14713268,0.689998746
0.242037296,0.227231994,0.380821824,0.3643879
0.330697536,-0.0542629063,0.518553495,-0.0755327195
0.331715852,-0.272622049,0.489524961,-0.403245866
0.245563239,-0.386403799,0.352792621,-0.563000262
0.111428291,-0.406902611,0.163512155,-0.607706606
-0.00955891423,-0.381274939,-0.0175391026,-0.580555737
-0.0634338334,-0.358976483,-0.104737431,-0.545784771
-0.0304380823,-0.360761493,-0.0566984676,-0.54791069
0.0644298494,-0.36761868,0.0851719454,-0.559111595
0.163838714,-0.335582823,0.23857528,-0.514749348
0.20798631,-0.227536097,0.319236845,-0.367084831
0.16667515,-0.043076992,0.271810234,-0.0859388411
0.0564930886,0.171971187,0.097844325,0.267024219
-0.0666847974,0.343770534,-0.0928427652,0.523376524
-0.136732429,0.407976478,-0.191410556,0.604773939
-0.113002539,0.346349359,-0.167404622,0.537671804
-0.00380662037,0.201334149,-0.00543256011,0.339377791
0.135354161,0.0584244207,0.220798358,0.104284495
0.228753969,0.00345071941,0.367858112,0.00048135189
0.219213307,0.0763268098,0.357560843,0.108244143
0.0987593755,0.246148527,0.165608868,0.376585662
-0.0849096254,0.422482461,-0.111291677,0.613568783
-0.249972314,0.499061674,-0.321163446,0.671929121
-0.319538444,0.408631772,-0.431326568,0.573771
-0.258782685,0.160814241,-0.401710272,0.272411615
-0.091784656,-0.157369465,-0.15674293,-0.232919157
0.109948866,-0.419918448,0.148242459,-0.60667187
0.261139005,-0.520737946,0.329199195,-0.68716085
0.301758647,-0.42364949,0.406290561,-0.594967067
0.222712129,-0.178404346,0.347786039,-0.300520003
0.0668834597,0.105172642,0.114490844,0.153968066
-0.093216598,0.3114447,-0.134181619,0.479157716
-0.188957915,0.373882473,-0.270581245,0.560618222
-0.183891103,0.303082466,-0.275307775,0.477136791
-0.0847306773,0.174757034,-0.138879314,0.298110932
0.0674206018,0.0854982287,0.10706076,0.147249997
0.218438745,0.100469768,0.346544117,0.154628322
0.323304951,0.22045663,0.485937804,0.320298761
0.359180152,0.384497076,0.499010921,0.514651418
0.326269984,0.504954398,0.429340363,0.639165103
0.240270764,0.514891386,0.329880357,0.676217496
0.123462118,0.401993155,0.197221398,0.594854176
-0.000222557806,0.211693853,0.0142612318,0.352430165
-0.105721809,0.0195975639,-0.166396707,0.0430918634
-0.166931868,-0.110032931,-0.272823393,-0.173882827
-0.161070049,-0.156112865,-0.268011659,-0.250169039
-0.0785472691,-0.145770922,-0.139858872,-0.237912878
0.0658427179,-0.131268024,0.0976708904,-0.214966625
0.228185609,-0.153558731,0.354063153,-0.245051786
0.343757033,-0.214550227,0.509893954,-0.322708815
0.348939896,-0.274657249,0.506961107,-0.40715006
0.209363237,-0.277292311,0.326038152,-0.43687886
-0.0584786125,-0.186049119,-0.0878356546,-0.317067921
-0.3841241,-0.0125878165,-0.572897911,-0.0297748856
-0.663291037,0.181943566,-0.77736181,0.218751773
-0.795337021,0.314366966,-0.740086615,0.305674762
-0.723232388,0.321802795,-0.73537755,0.335414261
-0.458786547,0.19599171,-0.641236722,0.287652612
-0.0814196914,-0.00952918734,-0.151747763,0.00951018464
0.290002018,-0.20413731,0.430512786,-0.303947687
0.541008651,-0.304273605,0.673943043,-0.394557685
0.602990687,-0.274028122,0.722364843,-0.344324052
0.475478649,-0.141019329,0.666120946,-0.211912081
0.221013576,0.0203498248,0.369314969,0.0148428176
-0.0637800097,0.128834277,-0.0895260498,0.204213426
-0.287608206,0.138031349,-0.440219581,0.222246602
-0.397684962,0.0580378324,-0.59174639,0.100417688
-0.393885851,-0.0533595458,-0.591772854,-0.0668159053
-0.320108414,-0.123841166,-0.501085222,-0.181758255
-0.2388549,-0.105271056,-0.389296442,-0.165927634
-0.201367706,0.00283820531,-0.332180887,0.000599514053
-0.226178765,0.156572759,-0.358599424,0.245262474
-0.294092417,0.293872386,-0.429813355,0.43642208
-0.360023677,0.367715776,-0.489435315,0.514286339
-0.375192076,0.367365599,-0.507723808,0.512043238
-0.309632838,0.316796005,-0.448404521,0.470209748
-0.165814623,0.253280401,-0.262688875,0.407887965
0.021511212,0.20069021,0.03031349,0.334258825
0.198342159,0.154671282,0.316407919,0.249188229
0.311577529,0.0891264528,0.487518787,0.136952952
0.32824862,-0.0200261101,0.516113162,-0.0340719856
0.246651605,-0.169045284,0.395270199,-0.268642157
0.095656015,-0.315944672,0.154548898,-0.492417127
-0.0769249201,-0.394541264,-0.115819782,-0.593353271
-0.221957758,-0.347714126,-0.335388154,-0.520414174
-0.305626303,-0.162442639,-0.477807045,-0.256183386
-0.318813384,0.113617606,-0.499837518,0.167859361
-0.276122153,0.385639638,-0.397095591,0.550603807
-0.205790803,0.551095963,-0.262349248,0.720292568
-0.135512918,0.546690285,-0.170423225,0.731713533
-0.0807053596,0.379165918,-0.112996794,0.580361128
-0.0403512754,0.12371365,-0.0590912923,0.220390752
-0.00177421875,-0.110185876,-0.00292072934,-0.173221871
0.0486945696,-0.229118913,0.0713585019,-0.369968116
0.115091421,-0.197664633,0.175675571,-0.327876836
0.187097445,-0.0516128764,0.296733797,-0.0962834582
0.243979275,0.123156786,0.386457533,0.18495065
0.265337527,0.234525561,0.412252158,0.353901923
0.243029833,0.228215903,0.38504222,0.353755176
0.187721044,0.110499032,0.31452623,0.183267146
0.126062065,-0.0602470487,0.215362951,-0.093990162
0.0892914981,-0.206679687,0.143258631,-0.332691252
0.0986278728,-0.271840245,0.148899585,-0.431000412
0.154733136,-0.244388044,0.233884081,-0.391830891
0.236677527,-0.158183664,0.364513785,-0.258822262
0.311098814,-0.0688743368,0.480450749,-0.114918903
0.3470698,-0.021932289,0.535626769,-0.040617764
0.329302222,-0.0299038105,0.515304446,-0.0513313264
0.263276458,-0.0702187568,0.423612535,-0.115921713
0.170200795,-0.102849014,0.28029415,-0.172804147
0.0750659257,-0.0962732285,0.127526581,-0.165682152
-0.00541772461,-0.0464305915,-0.00935847778,-0.0839378759
-0.0684381276,0.0217210967,-0.113369077,0.0327178724
-0.121529996,0.0700039342,-0.199473813,0.117451787
-0.172460571,0.0702933297,-0.278149515,0.120406859
-0.219026491,0.0215696804,-0.351840645,0.0430428572
-0.245450661,-0.0488957912,-0.393829972,-0.0705186576
-0.228436217,-0.100559905,-0.370410204,-0.155273497
-0.150382683,-0.102032788,-0.253454864,-0.164018199
-0.0128269931,-0.0482308492,-0.0324078277,-0.0798130408
0.157662421,0.0370970406,0.249228314,0.0583526827
0.315532774,0.11443641,0.486968517,0.171432972
0.412678182,0.14953956,0.605337203,0.211344928
0.418216556,0.130755663,0.617181599,0.185043395
0.33241421,0.0735255033,0.520684958,0.108271465
0.187908024,0.0103071108,0.317439139,0.0123874862
0.0371324867,-0.0278480146,0.0691404268,-0.0500588976
-0.0687668175,-0.0277306326,-0.114095598,-0.0489073023
-0.100337133,0.000172099011,-0.171682194,0.000786323741
-0.0607066564,0.028722683,-0.105961367,0.0517319031
0.0175057277,0.0293412916,0.0257336255,0.0528010987
0.0874905363,-0.0132753579,0.145235717,-0.0189163499
0.108796261,-0.0944525078,0.180630878,-0.154391229
0.0642622337,-0.193291619,0.108041756,-0.313794822
-0.0335245878,-0.28347367,-0.0510710701,-0.449025422
-0.148349836,-0.344466239,-0.226569802,-0.523432612
-0.2358879,-0.367411405,-0.350236505,-0.535882235
-0.261852205,-0.354034185,-0.39038524,-0.512493074
-0.215416834,-0.311306447,-0.337403178,-0.469571918
-0.112863623,-0.246575132,-0.192170873,-0.391543806
0.00952987187,-0.166401237,0.00349969533,-0.275356293
0.110207036,-0.0787538141,0.174991056,-0.135471135
0.158767253,0.0048699067,0.260315537,0.00173995888
0.147751242,0.0710909069,0.246278659,0.110032722
0.0952223912,0.110869355,0.162843466,0.179065883
0.0370313115,0.126963407,0.0665509105,0.209649086
0.0115673244,0.136852384,0.0206418931,0.228570879
0.0428473577,0.166746393,0.0702689961,0.273768097
0.128804684,0.237296358,0.201609194,0.375681072
0.240031227,0.347501218,0.355749279,0.506988645
0.330325425,0.466357946,0.441636294,0.608686268
0.355516911,0.5395118,0.444316715,0.655011833
0.293133616,0.510974228,0.392751634,0.658248365
0.154394016,0.351352364,0.249740005,0.530515909
-0.0174052902,0.0787838027,-0.0100478642,0.143156797
-0.162510365,-0.239631757,-0.249536589,-0.363539696
-0.228508741,-0.509652436,-0.31459704,-0.670973361
-0.192372262,-0.647206187,-0.244214714,-0.766478121
-0.0709683672,-0.61473316,-0.10406556,-0.771960557
0.0850470811,-0.439062744,0.105782315,-0.641854763
0.211737618,-0.201126799,0.320645005,-0.332218647
0.257993668,-0.00100700301,0.410965592,-0.0132803535
0.205763176,0.0860199556,0.3418459,0.134090438
0.0755841807,0.0418897271,0.138621315,0.0704611018
-0.0845719352,-0.0888064429,-0.131831959,-0.141435891
-0.221396282,-0.222886771,-0.344266266,-0.344021857
-0.29864949,-0.280381471,-0.451676488,-0.413505882
-0.309621394,-0.223692149,-0.476664096,-0.338336021
-0.274738789,-0.07517647,-0.443531513,-0.121217288
-0.226964816,0.0949713662,-0.37009573,0.15095672
-0.19349201,0.20395568,-0.304544866,0.326727778
-0.183450535,0.196906745,-0.286340535,0.32209146
-0.18746151,0.0727115497,-0.299845248,0.131315351
-0.188088328,-0.117004201,-0.301516175,-0.17545639
-0.174285963,-0.294203013,-0.274554014,-0.444497317
-0.151004583,-0.392023891,-0.231902868,-0.57629025
-0.138121679,-0.384552211,-0.213503987,-0.572930098
-0.159099475,-0.294468373,-0.251756102,-0.460910738
-0.225713804,-0.176122949,-0.3597233,-0.283204108
-0.32760337,-0.0842203274,-0.505882144,-0.128128126
-0.432952911,-0.0451968946,-0.63152802,-0.059425123
-0.500710547,-0.0461696349,-0.699627519,-0.0547549985
-0.498579234,-0.0464423411,-0.699272871,-0.0550932921
-0.417917103,-0.00437057996,-0.623914182,-0.000532490027
-0.278227806,0.095652014,-0.446935952,0.154205814
-0.119183771,0.231087461,-0.197710186,0.369864255
0.0157519728,0.350808591,0.0243083891,0.537604153
0.0962472856,0.40136075,0.15005973,0.59757179
0.115030125,0.355956286,0.185197055,0.54231602
0.0872500092,0.230645195,0.151635602,0.374724329
0.0409602188,0.0787336528,0.0763471648,0.137584314
0.00418365048,-0.0341581702,0.00973610301,-0.0551064163
-0.00539944042,-0.0619082116,-0.0119051086,-0.104971118
0.0154663017,-0.000431645109,0.0211733095,-0.00473086396
0.0577073358,0.110553965,0.0922308117,0.177303225
0.105427086,0.207528949,0.170773566,0.33223477
0.1415499,0.234947279,0.229158193,0.373446107
0.151778549,0.172912791,0.252365679,0.282514542
0.127007574,0.0470039286,0.218024239,0.0817230791
0.0652900711,-0.0845362321,0.114487886,-0.138041526
-0.0261843055,-0.159786239,-0.0416016765,-0.265275508
-0.130155712,-0.143949136,-0.213336408,-0.24038367
-0.221385315,-0.0468859747,-0.359819442,-0.0791941807
-0.272970766,0.0810551569,-0.436458558,0.127528578
-0.265712529,0.172744438,-0.414707303,0.27428177
-0.196802825,0.176023945,-0.314330012,0.291104019
-0.0832239389,0.0784378275,-0.13927713,0.142351791
0.0429286622,-0.0864771456,0.0686924681,-0.133076623
0.146054462,-0.253880888,0.226538613,-0.397641569
0.200512201,-0.356145054,0.291838855,-0.534278274
0.199355513,-0.352082014,0.291329414,-0.534024239
0.153892562,-0.24408488,0.238960892,-0.396460712
0.0845284387,-0.0763941333,0.138199449,-0.139192492
0.00834336691,0.083712846,0.0148089658,0.131281033
-0.069063507,0.172929525,-0.107129849,0.282928199
-0.152297303,0.155646771,-0.239068821,0.259986788
-0.246044129,0.0354511067,-0.38784647,0.0683342665
-0.342612356,-0.14862828,-0.516079128,-0.212934032
-0.416097075,-0.337845296,-0.568855405,-0.450162083
-0.429190189,-0.474201888,-0.538530886,-0.576244116
-0.351495594,-0.518024862,-0.449642897,-0.640983343
-0.180649281,-0.457595557,-0.268951535,-0.638275981
0.0459268913,-0.309524238,0.0510284156,-0.489016324
0.25761497,-0.111648068,0.393149555,-0.188634649
0.375682384,0.0883350968,0.564149261,0.1181532
0.346899927,0.24534753,0.519893229,0.349943936
0.169869885,0.328067124,0.274234802,0.49090147
-0.099768132,0.326763332,-0.133447796,0.502323151
-0.369626015,0.256038845,-0.52037096,0.37908718
-0.548286557,0.151023015,-0.719606578,0.214500263
-0.583345234,0.0567858443,-0.760072052,0.086797066
-0.48190254,0.0130153643,-0.688677728,0.0297033414
-0.303863108,0.0385769643,-0.486087412,0.0656162128
-0.131615222,0.122014068,-0.223746419,0.201509342
-0.0311636943,0.223034322,-0.0506590307,0.358326286
-0.0236564297,0.286266237,-0.0306015406,0.451406866
-0.080523394,0.263280451,-0.115635492,0.421214432
-0.143183261,0.134407908,-0.224718854,0.231317729
-0.155917898,-0.0793257579,-0.254660428,-0.114622064
-0.0944680423,-0.320630252,-0.154230118,-0.484034449
0.0238829553,-0.516521037,0.0187026132,-0.708225787
0.152514979,-0.607403457,0.176222235,-0.761933863
0.241856262,-0.572436273,0.291553199,-0.725629687
0.264902771,-0.439621806,0.357393563,-0.616834819
0.22834003,-0.275184125,0.345231116,-0.433657616
0.164482638,-0.155864701,0.264624387,-0.261848897
0.11010883,-0.13570933,0.18115291,-0.223733619
0.0851522386,-0.221941993,0.137101233,-0.352029026
0.0834683403,-0.370970428,0.123062357,-0.556515574
0.0802572668,-0.506825089,0.104150519,-0.700838327
0.0507976338,-0.554290414,0.0593243726,-0.743308604
-0.0113161737,-0.472255349,-0.0217619538,-0.680286169
-0.087620303,-0.272559315,-0.145894825,-0.441455752
-0.14392893,-0.0160224065,-0.244516522,-0.0387834571
-0.149784878,0.212483749,-0.243105203,0.335505486
-0.0966828614,0.33881852,-0.146325886,0.524015546
-0.0042380658,0.328983665,-0.00244234013,0.518439829
0.0894550681,0.200747117,0.149445787,0.335292846
0.147762597,0.0133484453,0.249222443,0.0294868909
0.154223055,-0.159032434,0.252654284,-0.255447268
0.119272456,-0.25756678,0.187079445,-0.411641598
0.0713354275,-0.259555012,0.109287225,-0.419838279
0.0379235186,-0.181682676,0.0559027381,-0.306048572
0.0283674467,-0.0662969202,0.0440168902,-0.117904551
0.0288970601,0.0411017649,0.0475799479,0.0646623746
0.0133928303,0.111747451,0.0248324778,0.183713272
-0.0364806987,0.141928419,-0.0528541431,0.23425433
-0.114215985,0.147351786,-0.179384276,0.24130547
-0.185853258,0.148360819,-0.294601321,0.241944581
-0.205198601,0.15504843,-0.326294571,0.25242117
-0.139723331,0.16064401,-0.230788559,0.266418695
0.00702120038,0.146569401,0.00648534996,0.248741716
0.189903736,0.0959965363,0.303522021,0.161150828
0.338587761,0.00802276935,0.524108529,0.0127787562
0.388944983,-0.0958934426,0.58419919,-0.148133412
0.314004064,-0.177636608,0.484312385,-0.277721167
0.138320222,-0.198350698,0.228079155,-0.328664273
-0.0722760707,-0.137175456,-0.114027657,-0.235510245
-0.240960628,-0.00358034344,-0.387020111,-0.011825609
-0.315146863,0.163177088,-0.486987323,0.249743327
-0.288897842,0.30794543,-0.428052574,0.458732873
-0.201389819,0.381081522,-0.294845015,0.565936446
-0.112797819,0.357933015,-0.167527676,0.550627172
-0.0707165375,0.247839019,-0.105698653,0.405631721
-0.0849945247,0.088946417,-0.132921919,0.15746671
-0.124158449,-0.0683739483,-0.201726213,-0.10495884
-0.13498576,-0.181718826,-0.221954226,-0.289177656
-0.074446395,-0.231456593,-0.128352031,-0.370373487
0.0633053407,-0.224197507,0.0878889188,-0.362049043
0.239564165,-0.184663773,0.363473356,-0.293642998
0.387665004,-0.141155332,0.568536758,-0.216702282
0.445313454,-0.112388618,0.640778303,-0.170597851
0.386220545,-0.102025472,0.581113756,-0.16021511
0.234894037,-0.102604158,0.383515716,-0.172608152
0.0569293797,-0.105315581,0.101673648,-0.180321783
-0.0706366748,-0.108936682,-0.116696887,-0.181692153
-0.0946223065,-0.121916652,-0.162282601,-0.196854338
-0.00986870937,-0.15577729,-0.0259270296,-0.251116842
0.138806701,-0.213419735,0.213223025,-0.338073164
0.277213335,-0.279629588,0.409566551,-0.420996249
0.334897012,-0.320826232,0.47632125,-0.466062665
0.275556386,-0.296694279,0.409182727,-0.453054726
0.111684501,-0.179808512,0.183779851,-0.306245834
-0.101826258,0.0259175561,-0.163916975,0.026744334
-0.290927082,0.278137267,-0.429689914,0.409308106
-0.391622484,0.506203771,-0.480408043,0.630034029
-0.372947276,0.636432707,-0.404921621,0.708516717
-0.245436519,0.6225003,-0.288583905,0.748574853
-0.053567417,0.467216492,-0.0737808496,0.677020371
0.143009186,0.224619865,0.229820967,0.373718888
0.291181475,-0.0202383306,0.461767226,-0.0239095725
0.361002356,-0.186014578,0.537838399,-0.281832844
0.352261961,-0.229060173,0.518917978,-0.349969447
0.290216893,-0.160911441,0.447440118,-0.262301534
0.213322148,-0.0406242087,0.345704019,-0.0784805194
0.157924473,0.0550027303,0.262064159,0.0835305825
0.145230442,0.0694873855,0.241050407,0.115213931
0.174712345,-0.00530472724,0.287663519,-0.00369279296
0.225895137,-0.125123456,0.360918641,-0.199422836
0.267707497,-0.215830177,0.410268039,-0.335073829
0.271945328,-0.211850196,0.415149301,-0.336699754
0.225717425,-0.0916805938,0.360081702,-0.161471769
0.137795091,0.107610427,0.228524938,0.160197943
0.0358831622,0.305020899,0.0628954917,0.469418764
-0.0445655994,0.413135886,-0.0570967756,0.61230731
-0.0756302252,0.380537063,-0.105951458,0.580850065
-0.0497770458,0.218026355,-0.07401824,0.364770204
0.015583599,-0.00497205509,0.0276074391,0.00657772552
0.0842920169,-0.192917019,0.133862391,-0.30957979
0.116059639,-0.270117342,0.177914321,-0.430991739
0.0832881629,-0.21755141,0.131786138,-0.361517072
-0.0172270928,-0.0819723979,-0.0286099799,-0.14768073
-0.162692279,0.0477640592,-0.262142241,0.0733632892
-0.313147366,0.0858379975,-0.480223209,0.139870241
-0.426412165,-0.00626656832,-0.622046232,0.00521298731
-0.472427756,-0.198675767,-0.654687107,-0.256794065
-0.441222668,-0.406250745,-0.573451042,-0.507064164
-0.342332989,-0.529906273,-0.439087749,-0.651059866
-0.197721437,-0.505824924,-0.281888515,-0.679429531
-0.032837335,-0.338015825,-0.0679066554,-0.527154624
0.12974973,-0.0977224484,0.196867988,-0.173548818
0.272270977,0.110380128,0.424577951,0.163874671
0.380517215,0.198661387,0.563615084,0.287870795
0.442506135,0.138750881,0.640458047,0.198071614
0.44955799,-0.0253725369,0.656212389,-0.0358268991
0.399892271,-0.199780658,0.585896254,-0.292456299
0.30234313,-0.287211239,0.448591769,-0.432213724
0.176907554,-0.23472631,0.277267665,-0.382640064
0.0502906963,-0.0590067767,0.0820395127,-0.113394074
-0.052417811,0.162696451,-0.085121192,0.254976988
-0.116165914,0.330743492,-0.173649237,0.508138001
-0.140127644,0.370970547,-0.20302403,0.561865032
-0.135364324,0.268595099,-0.204889551,0.431975514
-0.117221892,0.0722258538,-0.187069967,0.13336502
-0.0967195407,-0.132551566,-0.158230916,-0.207975492
-0.0757723823,-0.265445888,-0.126135901,-0.418722063
-0.0488208719,-0.287864655,-0.0853307247,-0.457692504
-0.0095852185,-0.215858415,-0.0255936999,-0.355121791
0.0414932668,-0.104891531,0.061539527,-0.180718526
0.0940782055,-0.0163989179,0.153107524,-0.0304817036
0.131462112,0.0150968442,0.217868373,0.0230693426
0.139096573,-0.00306659099,0.232676163,-0.00565126911
0.113187097,-0.0315571725,0.192615077,-0.0542583466
0.0640669465,-0.0268642884,0.109091818,-0.0489858799
0.0119571751,0.029393075,0.020412622,0.0435360074
-0.0227836184,0.116559781,-0.0375780836,0.189276114
-0.0294089708,0.184571072,-0.0477549173,0.301456928
-0.0108456435,0.182125852,-0.0150577603,0.302406341
0.0203076843,0.0880282819,0.0378865525,0.153904513
0.051285807,-0.0718019307,0.0870078802,-0.112015948
0.0780290589,-0.23188141,0.12318144,-0.366606146
0.107370302,-0.31668213,0.158463642,-0.493084311
0.150436312,-0.277852833,0.225568965,-0.440998524
0.210815683,-0.12042959,0.328044921,-0.205517739
0.275027484,0.0956080258,0.430913389,0.135516986
0.312511384,0.280079484,0.465841591,0.404352635
0.28750208,0.35242188,0.426295847,0.505660176
0.178196222,0.278020769,0.289858997,0.431169838
-0.0065291333,0.0841864869,0.0090326583,0.147029296
-0.222753018,-0.151382133,-0.341679603,-0.230584532
-0.404007286,-0.333978176,-0.557005882,-0.451378167
-0.48669219,-0.391698658,-0.617465973,-0.485547632
-0.437356561,-0.304044217,-0.60502702,-0.4104231
-0.268918693,-0.107570812,-0.439618498,-0.170584545
-0.0375435576,0.122337073,-0.0793945789,0.198378563
0.179107547,0.304085106,0.271421403,0.462792635
0.312678188,0.382043242,0.448684335,0.533393681
0.330158144,0.345076531,0.477880359,0.488412946
0.243849441,0.225404322,0.391340911,0.347946823
0.101795428,0.0806656331,0.181986779,0.134990081
-0.0356439464,-0.0314001888,-0.0528190546,-0.0509973168
-0.121519133,-0.0745870918,-0.201415077,-0.123963878
-0.138849244,-0.0442840494,-0.23549588,-0.0746978894
-0.102048516,0.0360402279,-0.174944296,0.0589272231
-0.044955451,0.128299057,-0.0778814256,0.210837021
-0.00302609382,0.196446687,-0.00286965654,0.320547998
0.00145527301,0.219705805,0.00921262987,0.356438011
-0.0344842225,0.198297203,-0.0490864962,0.3259058
-0.0973272547,0.15101248,-0.15258348,0.251065463
-0.164938524,0.106752969,-0.264247537,0.178034365
-0.214536473,0.0935616568,-0.344101101,0.154394224
-0.227833837,0.128732622,-0.364280969,0.208422691
-0.193522587,0.212760597,-0.30753547,0.3371481
-0.109087184,0.32866022,-0.169007152,0.506371737
0.0167388991,0.446793228,0.0251162834,0.649430931
0.161937237,0.53390193,0.219093353,0.712364674
0.292616487,0.563746214,0.37003237,0.697441995
0.370482683,0.525960386,0.46253401,0.642886877
0.365838051,0.429953694,0.493766367,0.566729486
0.271415412,0.302094787,0.4175978,0.446957171
0.109968834,0.176760793,0.19449307,0.285175174
-0.0699679032,0.084257029,-0.10584677,0.140221983
-0.210471928,0.0400675274,-0.337732434,0.0664684251
-0.266588122,0.0396135449,-0.42724067,0.0668630227
-0.224439532,0.0606483035,-0.368685305,0.10275276
-0.106012441,0.0723941177,-0.181772605,0.126226395
0.0422263518,0.0478183329,0.0644941628,0.0854489803
0.171437696,-0.0257782917,0.278917134,-0.0388958901
0.251975954,-0.141914144,0.399308443,-0.223466665
0.283222318,-0.277486682,0.423077375,-0.41711697
0.286773473,-0.401469111,0.399423599,-0.568031192
0.287324756,-0.486210644,0.374458194,-0.648980021
0.292708009,-0.51705879,0.368400335,-0.672414839
0.285375029,-0.496925235,0.367815524,-0.660063922
0.231380194,-0.444455504,0.316676289,-0.626741648
0.102828085,-0.386775106,0.153904736,-0.586646616
-0.0986120328,-0.349557221,-0.14733009,-0.539422512
-0.331297785,-0.347900689,-0.468942702,-0.49241817
-0.524288177,-0.381111264,-0.645389438,-0.45754838
-0.605955899,-0.433154821,-0.66779387,-0.462333083
-0.537272692,-0.478685856,-0.612845659,-0.526093006
-0.333002031,-0.492654681,-0.442242861,-0.623321712
-0.0593330674,-0.460120708,-0.106316835,-0.655070126
0.191966265,-0.382563889,0.263343722,-0.565915823
0.341003984,-0.277998716,0.48996377,-0.416568011
0.351129651,-0.174408451,0.52782017,-0.273352981
0.239739537,-0.0987424999,0.388796121,-0.167215601
0.0645753145,-0.0658526793,0.116381839,-0.115391016
-0.106213182,-0.0722094253,-0.169747025,-0.120613687
-0.224484563,-0.097544767,-0.35981226,-0.150771543
-0.278227806,-0.11420054,-0.441696316,-0.174204662
-0.287178993,-0.100325398,-0.455545574,-0.153592095
-0.282939494,-0.0509176776,-0.451880008,-0.0767844692
-0.286325365,0.0187103283,-0.455389231,0.0326678939
-0.29493627,0.0791769102,-0.46325478,0.127160758
-0.287040859,0.100510485,-0.449076533,0.164696798
-0.238087833,0.0666960329,-0.383413941,0.116049901
-0.139119282,-0.0157221835,-0.234578341,-0.0146240462
-0.00590809528,-0.119368404,-0.0163797848,-0.190918356
0.126347899,-0.207533732,0.195230156,-0.331645161
0.219272792,-0.250038028,0.334648848,-0.392823428
0.248845294,-0.235797778,0.380066633,-0.371941358
0.214404047,-0.17604135,0.338503391,-0.289486498
0.134954408,-0.0968407765,0.222304404,-0.168897018
0.0364055745,-0.0250929575,0.0632553548,-0.0478463471
-0.061494045,0.0245765187,-0.0982860178,0.0392833315
-0.150351807,0.055102434,-0.245064825,0.091778338
-0.228097171,0.0818498805,-0.363666773,0.134196833
-0.288618416,0.120182544,-0.450863838,0.191279173
-0.314968377,0.172967464,-0.481653124,0.269126981
-0.28305316,0.225493506,-0.431992322,0.349843115
-0.175747961,0.251399577,-0.277466506,0.401155561
0.000334626733,0.227184936,-0.00318111805,0.374968439
0.206697285,0.147887453,0.327776492,0.243326068
0.381306052,0.0352807119,0.575710297,0.0531983152
0.462419808,-0.0667528063,0.664993525,-0.102240011
0.417390257,-0.108743109,0.615203381,-0.169824705
0.261459827,-0.0570328757,0.421326876,-0.104992293
0.055261042,0.0897623003,0.0984178483,0.13347286
-0.119885132,0.297120869,-0.180359975,0.455261141
-0.198031187,0.505951941,-0.263261586,0.684709787
-0.158543527,0.654282153,-0.1849152,0.783789158
-0.034820091,0.70012486,-0.0358889662,0.809395313
0.10283684,0.636079013,0.131701276,0.783427715
0.181644663,0.490121126,0.258124888,0.675106943
0.160670578,0.313136488,0.258681148,0.483904004
0.0479482301,0.159110099,0.0924359411,0.263508588
-0.107470542,0.0662797466,-0.16784586,0.111029267
-0.243118182,0.0462458134,-0.386725843,0.075473994
-0.314868182,0.0840716884,-0.490831673,0.132909283
-0.315832376,0.147821382,-0.488072067,0.231619447
-0.273119181,0.202720806,-0.422738224,0.318163633
-0.225755677,0.224218279,-0.349009752,0.35577184
-0.197496742,0.205512404,-0.308335215,0.332405716
-0.180770934,0.157665879,-0.287660033,0.261414528
-0.141354993,0.103112996,-0.23143357,0.175839022
-0.0413384438,0.0653944016,-0.073317863,0.113875106
0.132708818,0.0589585267,0.212001309,0.0993008986
0.352792174,0.0827789083,0.530977964,0.12300884
0.554397821,0.120371275,0.732787371,0.150196418
0.662153363,0.146670386,0.786712229,0.162327752
0.62392807,0.139554635,0.773857951,0.162523121
0.43639043,0.0914452896,0.642880857,0.124346785
0.149313897,0.0155117903,0.263840109,0.0202178583
-0.153340548,-0.0575106815,-0.237077475,-0.096063301
-0.386177659,-0.0920738578,-0.577889562,-0.134382725
-0.49350214,-0.0655121654,-0.69439435,-0.0848653316
-0.465406001,0.0174516849,-0.674570739,0.0299724247
-0.333837718,0.121528648,-0.520054162,0.190729648
-0.153619811,0.192862257,-0.253397733,0.315290064
0.0205029119,0.182888299,0.0305385217,0.307206452
0.150136337,0.0739896819,0.248736843,0.128893897
0.218011141,-0.105763488,0.354694217,-0.164899647
0.223613515,-0.287946314,0.340710849,-0.439289153
-0.102016866,1.33457858e-17,-0.1597341,-0.0378529765
-0.109769732,0.130424231,-0.190594718,0.224334106
-0.151394442,0.268619597,-0.232551783,0.419896275
-0.227483943,0.358640522,-0.325927556,0.530681908
-0.306919247,0.37431848,-0.423907846,0.535104215
-0.344013482,0.325499892,-0.483401477,0.473957628
-0.306880653,0.246441394,-0.459642619,0.381238222
-0.200672567,0.175167352,-0.322438806,0.288026065
-0.0712089613,0.135908842,-0.120873243,0.229221866
0.0151720922,0.133098796,0.0241684709,0.21982187
0.00637387624,0.157539755,0.0160628874,0.2555345
-0.104322359,0.198181674,-0.158037603,0.315979123
-0.268484443,0.25055629,-0.397983998,0.382916003
-0.401555538,0.316336453,-0.549903095,0.44343549
-0.423092037,0.395220697,-0.551859856,0.522999823
-0.298756421,0.475995451,-0.399197489,0.638400257
-0.062391147,0.534602404,-0.0886036381,0.730297744
0.194466665,0.542688847,0.257310539,0.715928316
0.362267822,0.483098686,0.470675886,0.616377592
0.364059895,0.363440901,0.513843834,0.498411328
0.192624092,0.218703881,0.321003854,0.341011286
-0.084285818,0.0993201435,-0.119401939,0.162409291
-0.353767455,0.0492297672,-0.533355296,0.0777807087
-0.508823931,0.0847088173,-0.704836488,0.123376638
-0.496517271,0.185297832,-0.682317734,0.259134024
-0.340558916,0.302448332,-0.49691686,0.441387981
-0.128081352,0.38239035,-0.193549529,0.57671684
0.03253299,0.392085999,0.0518725701,0.593658626
0.0624272637,0.335155278,0.108336695,0.519773662
-0.0521093719,0.249527499,-0.0671310946,0.401229829
-0.255032003,0.187797666,-0.383533031,0.295282096
-0.447794467,0.190048248,-0.626900613,0.272848457
-0.534650445,0.262679815,-0.689803958,0.343376905
-0.464710742,0.373703092,-0.60019964,0.485016823
-0.252232462,0.466697663,-0.349683255,0.641764104
0.0323684514,0.48654902,0.041611854,0.695316672
0.294721723,0.4046956,0.41352585,0.571007371
0.456154704,0.232402414,0.638495088,0.322466224
0.483216435,0.0167343058,0.691485822,0.0241454318
0.395623028,-0.177965015,0.585421622,-0.264102191
0.251642525,-0.294235557,0.382852525,-0.450083017
0.119630322,-0.301093578,0.183916822,-0.478099167
0.0492038988,-0.20216465,0.073697336,-0.337525576
0.0539926775,-0.0311831851,0.0814975947,-0.0623731874
0.111562811,0.161269367,0.177569151,0.25507912
0.17834729,0.323683679,0.274125189,0.486694306
0.211621329,0.416940808,0.311919928,0.5953269
0.188758701,0.422327936,0.280551523,0.604454756
0.116246685,0.343949139,0.189488694,0.524794877
0.0257284492,0.206332743,0.053464856,0.341136396
-0.040451318,0.0480011813,-0.061063394,0.0885192826
-0.0479616635,-0.0883695558,-0.0807720199,-0.140782014
0.0140286656,-0.167872086,0.0161031242,-0.272771776
0.126675338,-0.17452921,0.195800975,-0.28604126
0.247195199,-0.117615826,0.384641975,-0.194776028
0.324693173,-0.0295172818,0.501131237,-0.056215927
0.320307523,0.0457291231,0.502259672,0.0612811893
0.223848835,0.0698378012,0.371364266,0.106548958
0.0599234067,0.0266938694,0.112259731,0.0432373136
-0.119735703,-0.0698071271,-0.189157605,-0.110414535
-0.25552091,-0.180918753,-0.398554504,-0.275361657
-0.303470939,-0.259738117,-0.45977661,-0.381066591
-0.253347218,-0.272200644,-0.397422373,-0.40784198
-0.133272365,-0.21256882,-0.226239368,-0.341036648
0.00159121153,-0.105858386,-0.0083364984,-0.178755164
0.0918454751,0.00415329682,0.15041703,0.00176043063
0.098349072,0.0755801573,0.166923419,0.119933657
0.0176270902,0.0876338631,0.0391951762,0.144467607
-0.11850661,0.0490129106,-0.186048821,0.0830347538
-0.258494437,-0.00838578772,-0.408308119,-0.00801838096
-0.354056746,-0.0468473695,-0.542850435,-0.0651876107
-0.379702717,-0.0422203727,-0.578605294,-0.0581663027
-0.339903563,0.00452151988,-0.530382097,0.0113923764
-0.261621535,0.0690213442,-0.42114222,0.113501295
-0.177372903,0.117052801,-0.291394889,0.193880528
-0.108530827,0.122323185,-0.178626269,0.206304371
-0.0577753223,0.0792640597,-0.0954638049,0.136724144
-0.0139775174,0.00460195215,-0.0217122342,0.0122237308
0.0344916657,-0.0723462179,0.0561401099,-0.11728131
0.0869228244,-0.124885343,0.138780668,-0.206583142
0.126478285,-0.141445935,0.203011453,-0.234073445
0.128618523,-0.129174814,0.209093854,-0.216247514
0.0774055123,-0.107528865,0.130213559,-0.183813825
-0.0199678149,-0.0960979834,-0.0291978996,-0.162750781
-0.129995048,-0.103559457,-0.210730106,-0.169792488
-0.204861283,-0.123499021,-0.330230147,-0.195330307
-0.205020726,-0.138755828,-0.33507815,-0.217537805
-0.121162839,-0.131369933,-0.208089471,-0.212060854
0.0165030491,-0.0925872326,0.0157844666,-0.152821824
0.148063526,-0.0278829131,0.237043932,-0.0504996479
0.209717855,0.0450194106,0.340676725,0.0658456162
0.163982481,0.10350924,0.2751863,0.162026316
0.0196877886,0.128902733,0.0457799472,0.209139794
-0.168514937,0.112782821,-0.261973739,0.185558632
-0.321798027,0.0588236041,-0.49442625,0.0989432335
-0.370445579,-0.0195514821,-0.563795805,-0.0188196506
-0.283640921,-0.103796594,-0.453650564,-0.15030846
-0.0822974965,-0.175167277,-0.149003834,-0.276817918
0.170417607,-0.218830869,0.256161511,-0.346086532
0.395792961,-0.226954192,0.56076026,-0.334198505
0.530825973,-0.20075798,0.699447036,-0.277701467
0.550086915,-0.151053324,0.723296344,-0.21127224
0.469635308,-0.0963314772,0.66885829,-0.147541568
0.333402634,-0.0578454435,0.520586669,-0.0998017713
0.190418616,-0.0524794534,0.316164196,-0.0906719267
0.0744396076,-0.0858648345,0.126592606,-0.142990753
-0.00516692223,-0.148992091,-0.00748428516,-0.243353307
-0.0590937324,-0.220622152,-0.0969375968,-0.353145123
-0.105026573,-0.275250882,-0.170418411,-0.432695895
-0.154181287,-0.293463379,-0.243723392,-0.454104543
-0.204695016,-0.269919753,-0.320233047,-0.416596711
-0.244408771,-0.21506162,-0.385542452,-0.334127545
-0.260118246,-0.149693504,-0.414073944,-0.233013496
-0.247122228,-0.0952901766,-0.399343342,-0.148740396
-0.21335189,-0.065123938,-0.350137502,-0.101183303
-0.175890058,-0.0607263371,-0.291609615,-0.0942114666
-0.152094528,-0.0750356764,-0.251494497,-0.117849343
-0.150374338,-0.0996337235,-0.2471288,-0.160816401
-0.165571228,-0.131093636,-0.27067709,-0.209471822
-0.181197137,-0.172146767,-0.292563617,-0.270873427
-0.177142009,-0.226811439,-0.284993351,-0.352439702
-0.138873547,-0.292770654,-0.222300261,-0.449857891
-0.0638094917,-0.356540859,-0.106357493,-0.539422274
0.0376545042,-0.395757467,0.0450440645,-0.591966808
0.146227047,-0.388702422,0.20593141,-0.578350306
0.240484789,-0.326409191,0.348007411,-0.493072152
0.303231776,-0.220263869,0.451351076,-0.345200956
0.325267553,-0.099727042,0.498664498,-0.166074499
0.306050599,-2.66915715e-17,0.481343776,-0.00985817425
0.252167881,0.0546564609,0.40668866,0.0811406374
0.17503804,0.0631263629,0.291340232,0.0997632146
0.0888697654,0.0480763353,0.153531685,0.0778362826
0.0090828808,0.0438934639,0.0196860004,0.0717776418
-0.0492104404,0.077820234,-0.0817766786,0.128514662
-0.0731227621,0.154310554,-0.119374335,0.249792844
-0.0543506742,0.251322389,-0.0866273046,0.401631176
0.00850964617,0.33098343,0.0155969523,0.513535142
0.10846746,0.359161109,0.16790399,0.545662999
0.230158851,0.323364139,0.347649276,0.486848593
0.351730794,0.239100069,0.521159768,0.353740662
0.448509276,0.141105309,0.643859208,0.197927028
0.497985691,0.0643300116,0.697887897,0.083186999
0.485294342,0.0254265852,0.688169241,0.0271498654
0.407985121,0.0153268566,0.61112386,0.0128727723
0.278615206,0.00723751169,0.448873103,0.00459052343
0.12375354,-0.0245248675,0.213810518,-0.0436263084
-0.0213113464,-0.0859266445,-0.0288138185,-0.143359005
-0.121511072,-0.156146616,-0.198468983,-0.251554996
-0.152315184,-0.197003216,-0.249397114,-0.311548412
-0.108023331,-0.174350187,-0.186142311,-0.284505486
-0.00472460687,-0.0796473846,-0.0196155086,-0.136221066
0.123783641,0.060861852,0.195855558,0.0942879915
0.23620601,0.195537195,0.369228363,0.300369233
0.296648979,0.271279544,0.448071867,0.40133813
0.285558134,0.25968653,0.438709617,0.388884902
0.204807863,0.171377376,0.338596523,0.272647679
0.0755071044,0.0504807979,0.137230039,0.0861626491
-0.0699549094,-0.0481087454,-0.109413303,-0.0807566494
-0.198055536,-0.0867197514,-0.319155633,-0.140200943
-0.282698452,-0.0632113144,-0.449494839,-0.0976914838
-0.309915364,-0.00986607745,-0.488401055,-0.0123098753
-0.27863133,0.0263409186,-0.44469285,0.0472693034
-0.19896552,0.0112156002,-0.327509105,0.0266400799
-0.0896568373,-0.0564502552,-0.152369961,-0.0834607482
0.0248798151,-0.142892808,0.0358027481,-0.231606111
0.118559979,-0.196605265,0.185441121,-0.317967713
0.169526264,-0.175441891,0.26706183,-0.28999263
0.16741395,-0.0691672266,0.271572977,-0.123554133
0.119399227,0.0941836759,0.19939968,0.142189234
0.0512310304,0.260851532,0.087115325,0.408632249
0.000463934819,0.375553757,0.00828276947,0.567944348
0.00249512726,0.404531986,0.0112852706,0.606057644
0.0742886662,0.346288741,0.116495177,0.537814736
0.203372598,0.226366207,0.319345027,0.361239195
0.348742247,0.0813296139,0.534471869,0.127919823
0.455403805,-0.0578230284,0.656956673,-0.0865721032
0.477457434,-0.1738974,0.664723873,-0.248607695
0.399365216,-0.260860145,0.570500612,-0.377586156
0.244572014,-0.315077096,0.368739635,-0.477809072
0.0659118444,-0.328790069,0.10396596,-0.515660048
-0.0788768753,-0.291948378,-0.12591885,-0.46307078
-0.155098706,-0.201992139,-0.256159753,-0.326872915
-0.168247387,-0.0746643022,-0.281991839,-0.124747053
-0.160602346,0.0532152057,-0.266956776,0.0873770118
-0.187659308,0.134129241,-0.2984927,0.218789548
-0.285573602,0.130535483,-0.43844685,0.208889872
-0.446504861,0.0357108936,-0.637373447,0.0634666681
-0.615898907,-0.117273644,-0.767369568,-0.13258864
-0.715190351,-0.265394628,-0.767226577,-0.270207286
-0.680210471,-0.34158197,-0.730051994,-0.354069352
-0.496551931,-0.304915994,-0.655093491,-0.387888044
-0.213310152,-0.160173193,-0.360945135,-0.253253341
0.0735349804,0.043461889,0.102593958,0.0667109862
0.261905909,0.234323308,0.401615411,0.351302326
0.289845347,0.350146681,0.43000415,0.499478489
0.164825216,0.364281237,0.263060898,0.54081893
-0.0386780389,0.293848068,-0.0422175713,0.46311897
-0.213001668,0.187050343,-0.326510072,0.304513127
-0.266832173,0.0974954367,-0.422682434,0.164082304
-0.166975334,0.059374284,-0.281701893,0.104794517
0.0474186614,0.0756634176,0.0659934506,0.130205303
0.28455919,0.123513706,0.438492924,0.190736696
0.443641126,0.171450913,0.634136081,0.234864444
0.461145967,0.197333783,0.651153743,0.266595662
0.337934852,0.19710502,0.518587232,0.287332088
0.135248333,0.181078658,0.233660579,0.285577834
-0.0569105297,0.1624614,-0.0823809952,0.266106635
-0.162568957,0.147118211,-0.261780202,0.242900595
-0.152987674,0.131806597,-0.250861973,0.221192509
-0.0554628745,0.111616313,-0.0969951302,0.190881476
0.0644138083,0.0904831663,0.10413491,0.152878821
0.136462286,0.0859386027,0.225377515,0.138724685
0.118470326,0.122629128,0.201095954,0.194966853
0.0127629526,0.216642976,0.029377982,0.342430532
-0.138925463,0.359627247,-0.199951172,0.537195921
-0.277217418,0.51348263,-0.351561517,0.671830535
-0.351492196,0.621474206,-0.39090848,0.710784435
-0.338687807,0.632389188,-0.375864625,0.718962789
-0.247884795,0.526186168,-0.318529338,0.693692625
-0.11176157,0.327396542,-0.169448808,0.517514646
0.0284270905,0.0980677977,0.0477142222,0.176093951
0.136683434,-0.0874783844,0.223925889,-0.138324946
0.19028756,-0.174090818,0.30098176,-0.28332755
0.181810096,-0.148002118,0.289847374,-0.248522907
0.11779087,-0.0392156765,0.195863217,-0.0772534311
0.0166803561,0.0960429385,0.0317075588,0.150796115
-0.0935472697,0.20264031,-0.146317929,0.325133353
-0.179746002,0.249078304,-0.274303615,0.394549847
-0.211479545,0.234539941,-0.325547576,0.374343336
-0.171541885,0.179234847,-0.274523437,0.298173517
-0.0650652945,0.106353104,-0.109805524,0.184392959
0.0781925395,0.0278675929,0.125396401,0.0519313924
0.211748958,-0.0573428944,0.33989355,-0.0912903249
0.288974047,-0.153452322,0.449218631,-0.240122691
0.281724662,-0.254408121,0.426840127,-0.387152344
0.192239091,-0.338448793,0.289516538,-0.514795363
0.0520108789,-0.376256883,0.0791609585,-0.573807716
-0.0923505053,-0.349013567,-0.143855065,-0.53688097
-0.199479908,-0.264810026,-0.314221561,-0.41413641
-0.249615371,-0.161166072,-0.39939943,-0.253418058
-0.24882254,-0.0889280811,-0.403260767,-0.138741195
-0.219627649,-0.0844886005,-0.357262462,-0.129193917
-0.184212133,-0.145999536,-0.299981207,-0.226844236
-0.150488392,-0.229152173,-0.244337335,-0.358689576
-0.109553002,-0.268223077,-0.179829672,-0.421882778
-0.0460642166,-0.213431418,-0.0848490819,-0.348192155
0.0450446866,-0.0646134391,0.0640728474,-0.114661731
0.146596,0.119193211,0.234085515,0.18598105
0.220952243,0.243110389,0.346476167,0.372005999
0.226757556,0.223657876,0.363167286,0.348830491
0.142575055,0.0362781361,0.249978498,0.0679630637
-0.0159412846,-0.262973964,-0.0120530166,-0.408121407
-0.196579888,-0.555855334,-0.256778508,-0.717792153
-0.331140935,-0.714125395,-0.353384197,-0.736608267
-0.367270201,-0.660617292,-0.403370976,-0.70714277
-0.295639634,-0.4081707,-0.421693474,-0.570657551
-0.157662421,-0.0556455627,-0.277677894,-0.103773557
-0.0282068308,0.258031517,-0.0525588468,0.40417093
0.0193966627,0.418978125,0.0380746312,0.620087683
-0.0508401617,0.389611185,-0.0603786334,0.590548038
-0.218916908,0.220225498,-0.324055374,0.355941743
-0.417025626,0.0160250086,-0.605840683,0.0375721268
-0.560728431,-0.121731222,-0.738733053,-0.149656221
-0.58764714,-0.148409739,-0.75533855,-0.1813806
-0.484523177,-0.0944655091,-0.689883232,-0.126072913
-0.289769828,-0.0408448428,-0.469151914,-0.0562455691
-0.0714647993,-0.0663139969,-0.129582539,-0.099559091
0.106729798,-0.197027549,0.168618008,-0.310446829
0.213605642,-0.387052357,0.308860034,-0.562555015
0.258420318,-0.540988266,0.326901346,-0.698446512
0.276331693,-0.56610173,0.334855676,-0.712564588
0.301089257,-0.42475763,0.401283622,-0.594548345
0.34139958,-0.157679126,0.503822446,-0.258833587
0.374695271,0.135183692,0.558234811,0.184237957
0.361742765,0.34575063,0.513644814,0.471844316
0.273443609,0.41265887,0.395929396,0.575064719
0.114047706,0.34969008,0.190082446,0.532230735
-0.0732613429,0.232560292,-0.101701915,0.378510833
-0.222817749,0.152293876,-0.346892059,0.24818778
-0.277168125,0.162108883,-0.434236944,0.25458318
-0.216130763,0.248152867,-0.340472549,0.386838883
-0.0687767118,0.340605617,-0.109546565,0.525986195
0.0984060094,0.358417451,0.149608031,0.54861927
0.211630583,0.26146692,0.334361851,0.410633087
0.223367825,0.0793344676,0.3704319,0.132330254
0.132981077,-0.101035781,0.228270486,-0.166133285
-0.0150560597,-0.183020115,-0.0192870479,-0.305524588
-0.153444469,-0.116906211,-0.253523946,-0.198223919
-0.223042563,0.0670790225,-0.366561741,0.100961693
-0.197358936,0.269458354,-0.31021589,0.417248994
-0.0898158327,0.371986449,-0.134797499,0.568441987
0.0575181022,0.301472276,0.0940405503,0.483362138
0.195857301,0.0721524432,0.322487265,0.130537584
0.290240377,-0.21740362,0.444671869,-0.325239539
0.329131067,-0.432631493,0.440631121,-0.589812875
0.320686758,-0.471763968,0.414047897,-0.631272614
0.280768305,-0.318854988,0.404646009,-0.482948661
0.221411243,-0.0528470911,0.352591246,-0.104954414
0.146682739,0.192276075,0.240448311,0.295786232
0.0571941175,0.295333385,0.100404434,0.463950276
-0.0413016193,0.208280936,-0.05393558,0.348925918
-0.132322818,-0.0220271181,-0.2073403,-0.0197563618
-0.191055655,-0.280882567,-0.294985682,-0.419721335
-0.194435284,-0.446003526,-0.286448359,-0.624404192
-0.133497357,-0.448619217,-0.205013275,-0.642951846
-0.0207280256,-0.303776413,-0.0482208356,-0.482749879
0.112374246,-0.095850952,0.172103927,-0.168316379
0.226976573,0.0704584792,0.36289683,0.105497092
0.292214483,0.125665888,0.46110329,0.193552122
0.29659158,0.0677322671,0.473270088,0.10597261
0.25018099,-0.0444958061,0.406911373,-0.070907779
0.177320212,-0.130155832,0.290706426,-0.214306533
0.104336902,-0.133820951,0.172173947,-0.226993233
0.0488917679,-0.0545883514,0.0797303244,-0.100075394
0.0158431008,0.058206711,0.0250014905,0.0901290402
0.000378654629,0.137927771,0.00301471679,0.227665961
-0.00490377704,0.141407087,-0.00394873088,0.238126352
-0.00393042574,0.0732488781,-0.00116248941,0.127601147
0.00443354808,-0.0199807938,0.00755808828,-0.0286062714
0.0234486014,-0.0811087489,0.0360390767,-0.133065432
0.0540543497,-0.079626821,0.0848330259,-0.136207029
0.0926625803,-0.0320139006,0.150903076,-0.0587567426
0.133005798,0.00748877646,0.218240991,0.00955587253
0.170635775,-0.019415224,0.281183541,-0.0316982791
0.206391394,-0.136681646,0.332718372,-0.215034813
0.245470718,-0.313870579,0.364200056,-0.465654701
0.291618943,-0.477288932,0.381506622,-0.638237953
0.339638382,-0.547385275,0.405682921,-0.678161919
0.371504366,-0.482173592,0.462237328,-0.621667564
0.360220999,-0.302437395,0.504951537,-0.443968385
0.281454831,-0.0840725452,0.441576481,-0.149648115
0.128090709,0.0791377649,0.2199402,0.118544504
-0.0799677297,0.122734644,-0.117168717,0.202098846
-0.29724595,0.0436015762,-0.456705779,0.079138048
-0.466886342,-0.100219965,-0.661525846,-0.129124582
-0.542604744,-0.221533313,-0.710735381,-0.276314914
-0.508864284,-0.250387162,-0.680516422,-0.323759705
-0.38958028,-0.170040756,-0.584024131,-0.246251851
-0.24034436,-0.0237411372,-0.397598803,-0.0380654447
-0.126554459,0.110420153,-0.213502929,0.181093648
-0.0964375809,0.162223116,-0.1521516,0.266781211
-0.160562783,0.106353581,-0.250870138,0.180642724
-0.286799103,-0.025679918,-0.444035262,-0.0304504596
-0.413016677,-0.164108112,-0.599305868,-0.229508772
-0.472243696,-0.238899961,-0.650923133,-0.319300085
-0.419867873,-0.216314271,-0.607650995,-0.303103656
-0.251918823,-0.114837185,-0.414153159,-0.178576052
-0.0074511678,0.00682991929,-0.0294498857,0.0120156221
0.245404914,0.0819477662,0.383236617,0.130400732
0.433895409,0.070147261,0.6341362,0.10027951
0.506199241,-0.02390063,0.709450305,-0.0377486944
0.448871613,-0.156036943,0.644281268,-0.226016119
0.290391862,-0.267559916,0.442082196,-0.406734586
0.0901615471,-0.314991921,0.144183591,-0.496420562
-0.0827505141,-0.288889438,-0.132808015,-0.459021538
-0.173569694,-0.21322602,-0.282502711,-0.339205742
-0.160217628,-0.128045544,-0.270947784,-0.207447857
-0.0598022677,-0.0666979775,-0.109238937,-0.107591622
0.0791661441,-0.0405491143,0.124899745,-0.0660346895
0.196240485,-0.0383796804,0.316531152,-0.0644307807
0.243191972,-0.0386152342,0.390395194,-0.0663779452
0.203638241,-0.0254976861,0.335805595,-0.0489786565
0.100034297,0.000866093498,0.172853321,-0.00495553249
-0.0155683197,0.0258391853,-0.0202064663,0.0396474786
-0.0840330794,0.0308159404,-0.138247579,0.0527132824
-0.0659287944,0.00545777893,-0.114171699,0.0160251576
0.0390939303,-0.0462369919,0.0587666966,-0.0703083724
0.189691365,-0.109263361,0.298850775,-0.173855841
0.319400251,-0.167264089,0.482351214,-0.259922922
0.366054535,-0.211498991,0.538357317,-0.317409933
0.301137894,-0.242982611,0.456334144,-0.372996181
0.145212412,-0.266616821,0.231989056,-0.426653117
-0.0387788489,-0.281921417,-0.0577171668,-0.449692488
-0.172482491,-0.277725279,-0.27244401,-0.432253152
-0.197679237,-0.235981077,-0.319582194,-0.368380606
-0.103939243,-0.143907011,-0.182253167,-0.236047134
0.0650809184,-0.00758431526,0.0950892568,-0.015027822
0.230460942,0.142125756,0.361367583,0.219476402
0.31376946,0.257167578,0.473595053,0.374806851
0.273177058,0.29184413,0.419527113,0.43107453
0.122823261,0.225482717,0.212914377,0.358950913
-0.073867619,0.0763886869,-0.107676998,0.133654669
-0.233757749,-0.101327628,-0.369061232,-0.152898595
-0.292245388,-0.238176629,-0.449721515,-0.35155943
-0.23185651,-0.278227806,-0.367367297,-0.420551449
-0.0877185762,-0.203131557,-0.156225249,-0.329509914
0.0720737427,-0.0398728736,0.10702417,-0.0741985887
0.180865735,0.151265591,0.288065225,0.232062429
0.205263183,0.302538455,0.321314812,0.453286469
0.158745676,0.366074592,0.248684913,0.545039058
0.090964295,0.330425978,0.151617438,0.511239409
0.058995124,0.220048651,0.103562281,0.360630333
0.0957754627,0.0800419599,0.160645589,0.13978678
0.192019492,-0.0448846295,0.308098972,-0.0705457032
0.300706089,-0.126780301,0.463016987,-0.20059742
0.361564964,-0.159663618,0.539600551,-0.246922344
0.332850218,-0.153775319,0.507529259,-0.243657872
0.214166403,-0.124626718,0.349076599,-0.20935218
0.0488219447,-0.0841301009,0.0867105052,-0.147180125
-0.095440723,-0.0382619835,-0.155797914,-0.0676089525
-0.157785237,0.00931274705,-0.261611581,0.0170295183
-0.112431183,0.0521792658,-0.192837745,0.0894835442
0.0197136737,0.079727605,0.0261930805,0.136397213
0.180943459,0.0813853666,0.290062904,0.133664444
0.302808017,0.0541728139,0.475469649,0.0837415233
0.335695088,0.00831463281,0.523146689,0.00807907898
0.268442959,-0.0338134691,0.433714718,-0.060414508
0.130022287,-0.0463528447,0.221971139,-0.0834918246
-0.0258612912,-0.0124476003,-0.0369369425,-0.0266060326
-0.144778192,0.0660513192,-0.236929238,0.105121292
-0.192827657,0.167302191,-0.310116917,0.267675251
-0.16645965,0.25791803,-0.260565221,0.408159196
-0.088569656,0.307163417,-0.137849376,0.483998328
0.00489622727,0.299712062,0.0107026435,0.477143317
0.0800969601,0.24052678,0.133090481,0.389532685
0.1153211,0.149762884,0.193344712,0.247576714
0.103085309,0.0510776527,0.178471476,0.0863552243
0.0462387428,-0.0397697277,0.0814091265,-0.0667139068
-0.0472783893,-0.119627073,-0.0741712078,-0.197107062
-0.166908681,-0.193750486,-0.264010131,-0.308955759
-0.298149318,-0.265943021,-0.446242541,-0.392084837
-0.419890285,-0.32981953,-0.575173199,-0.442927748
-0.50455904,-0.36748156,-0.637545347,-0.453344643
-0.523939788,-0.357512265,-0.655649781,-0.436523169
-0.459962994,-0.288396329,-0.629750669,-0.384694099
-0.315927297,-0.169593245,-0.494871467,-0.255238295
-0.121833839,-0.0329289027,-0.217199787,-0.0532361791
0.0708900914,0.0782447383,0.110526755,0.129991636
0.205453634,0.127972007,0.332614392,0.204082534
0.241282061,0.105559736,0.392729253,0.16805847
0.17221117,0.0328457057,0.292363405,0.0524193197
0.032614138,-0.0439711101,0.063895382,-0.074686721
-0.112831503,-0.0751726255,-0.182724535,-0.125599891
-0.193137079,-0.0315981694,-0.319159389,-0.0530515835
-0.159754172,0.0797144026,-0.269439727,0.12903887
-0.00816035364,0.21644865,-0.0238208435,0.350979805
0.217475697,0.3188712,0.322627395,0.482603312
0.439646274,0.336811334,0.591431141,0.450645298
0.57749325,0.253318459,0.725295842,0.312272757
0.579422414,0.0938561037,0.758807063,0.118799739
0.444611073,-0.0834541246,0.651872575,-0.124326058
0.223902121,-0.212202147,0.360600859,-0.33826977
-0.000820390647,-0.245577306,0.00164842862,-0.402555674
-0.15033263,-0.175205529,-0.246825159,-0.28928861
-0.180474505,-0.0328127518,-0.304533303,-0.0567048751
-0.0991697013,0.125263959,-0.172848672,0.206147403
0.0394037254,0.242818758,0.0598818772,0.3915627
0.160808712,0.28602162,0.252459288,0.446210176
0.204692826,0.253314435,0.326746374,0.39289242
0.15179497,0.169653177,0.256197661,0.273326516
0.0312686488,0.0696182474,0.0641723648,0.117066205
-0.0948742479,-0.0208941605,-0.151570514,-0.0326644219
-0.162629738,-0.0946766883,-0.267899036,-0.149223253
-0.137322694,-0.160246134,-0.229025021,-0.254058093
-0.0302784573,-0.228675872,-0.0597300492,-0.36209929
0.107224606,-0.298861235,0.155934647,-0.464043736
0.20976533,-0.350984871,0.304339528,-0.525805175
0.230693743,-0.353581667,0.335748255,-0.528831065
0.165879831,-0.28186208,0.255136788,-0.447598994
0.056371402,-0.137871519,0.0930584371,-0.2392537
-0.0317031443,0.0394351445,-0.05318873,0.0557087921
-0.0404542536,0.182273939,-0.0688481256,0.297037452
0.049388472,0.219597965,0.079052262,0.361333758
0.205971256,0.110007569,0.331669301,0.187541857
0.358117491,-0.133447021,0.542860091,-0.192646086
0.426242709,-0.440000057,0.542280912,-0.557898164
0.358117402,-0.703837991,0.366931766,-0.730356336
0.153043762,-0.824969113,0.142083555,-0.790719628
-0.136352345,-0.751134336,-0.146313712,-0.800730169
-0.424996704,-0.501745522,-0.514728069,-0.616238236
-0.628988385,-0.162005588,-0.771773875,-0.20403266
-0.696965933,0.15138647,-0.796111405,0.175617456
-0.626327157,0.338313997,-0.711323857,0.394082695
-0.4591721,0.355686218,-0.595902145,0.475333869
-0.262090594,0.232004687,-0.403312862,0.372752428
-0.100166418,0.0497267619,-0.168031141,0.0991105884
-0.016254114,-0.0958145708,-0.0276912302,-0.154077202
-0.0222010706,-0.141192496,-0.0362004526,-0.237063482
-0.102182709,-0.0821525976,-0.167408437,-0.142607853
-0.223284841,0.0290403757,-0.358687729,0.041217275
-0.34712407,0.113795854,-0.52455914,0.176551476
-0.438468426,0.109130055,-0.630468488,0.16738981
-0.470357716,0.000150450956,-0.670059323,0.0159308948
-0.427538246,-0.172817335,-0.617946029,-0.23107399
-0.309765995,-0.335205168,-0.458466619,-0.470339149
-0.13433148,-0.415756196,-0.212477073,-0.599525988
0.0648930594,-0.381058365,0.0806989148,-0.576209664
0.244460359,-0.249629989,0.361448437,-0.394505709
0.364172786,-0.0792479664,0.546890438,-0.13446188
0.401494831,0.0646724999,0.59928894,0.0855306014
0.360809594,0.142177358,0.549816191,0.205839664
0.271876454,0.155712396,0.433175653,0.238079324
0.176650643,0.142525047,0.293474019,0.225999385
0.109842673,0.147766367,0.184841573,0.239323914
0.0827031434,0.194100112,0.136426702,0.312378377
0.0787910149,0.265434116,0.128101081,0.419031292
0.0647475272,0.314461291,0.108640224,0.489084184
0.0110983504,0.290343583,0.0284959991,0.460532069
-0.0878250375,0.171365291,-0.131278366,0.285624772
-0.206085071,-0.0159576628,-0.325216293,-0.0152884191
-0.295801193,-0.203056842,-0.453829199,-0.299801141
-0.310341746,-0.309160203,-0.462404877,-0.445503831
-0.229401514,-0.280337065,-0.363353521,-0.425986916
-0.0725536868,-0.117820576,-0.136981681,-0.199540868
0.106658816,0.119354285,0.163771033,0.185575649
0.243967384,0.33951062,0.362866133,0.494133145
0.293512642,0.459348798,0.407170564,0.615059376
0.247982547,0.440924108,0.35768947,0.612464726
0.139375195,0.306868345,0.229235232,0.47560817
0.020222906,0.127198637,0.0464395247,0.21661295
-0.064434588,-0.0148576209,-0.103173196,-0.019740982
-0.0990951359,-0.0607338212,-0.168303236,-0.101256065
0.667746723,-0.0556455627,0.745815217,-0.0548332185
0.687968493,-0.161210716,0.809939802,-0.197670206
0.533399999,-0.232573867,0.696273923,-0.311528653
0.258477271,-0.215676203,0.407356828,-0.345660001
-0.0380653925,-0.101054385,-0.0549355224,-0.183761835
-0.256238222,0.0649107546,-0.406077176,0.0974748582
-0.337389886,0.19901213,-0.508803606,0.30389756
-0.286444932,0.222253174,-0.438204676,0.350091457
-0.163930386,0.102306634,-0.268103451,0.183319077
-0.0527127497,-0.125165805,-0.0869279355,-0.189313844
-0.016463438,-0.368957222,-0.0274612568,-0.555061698
-0.0703131482,-0.524048209,-0.100990728,-0.718642235
-0.17741096,-0.522623301,-0.243666157,-0.704946041
-0.271781534,-0.368641824,-0.397740245,-0.537196755
-0.294805795,-0.137691528,-0.468009174,-0.219667345
-0.226357773,0.0589404516,-0.37394914,0.0955803543
-0.0950397998,0.128748149,-0.160994902,0.220031932
0.0369699486,0.0438870266,0.0621039271,0.0852947459
0.106028765,-0.144890994,0.176904261,-0.228895679
0.0794496462,-0.333736956,0.125935122,-0.514404774
-0.028012583,-0.418184727,-0.0433975719,-0.62279433
-0.161364257,-0.346332878,-0.247403249,-0.530608892
-0.252018511,-0.145912334,-0.40542233,-0.239608929
-0.250247657,0.0884652138,-0.407312661,0.136321828
-0.147567004,0.241493374,-0.238870442,0.387506574
0.0211569089,0.233621463,0.0339699872,0.389276028
0.195719242,0.0596751086,0.318228334,0.110016681
0.318870932,-0.209104687,0.484561175,-0.309014142
0.360775799,-0.459704906,0.468285233,-0.60289675
0.328406602,-0.590490222,0.383464277,-0.708868086
0.256825447,-0.55610621,0.317406774,-0.710776687
0.188346267,-0.382640064,0.268214822,-0.573783278
0.150974944,-0.147520736,0.238085821,-0.255654633
0.146857291,0.0632412136,0.23885648,0.0932694599
0.155512393,0.197065473,0.252100021,0.311702102
0.148751631,0.254494399,0.241880298,0.399038255
0.108470418,0.278025389,0.18016623,0.434255719
0.0376687571,0.318470091,0.0687842816,0.49222073
-0.0408070497,0.398938268,-0.0524980687,0.59214139
-0.0966237262,0.496991664,-0.125991195,0.691048443
-0.108542554,0.554836988,-0.135026246,0.737689853
-0.0764388964,0.511701882,-0.0982714519,0.710811913
-0.0225968268,0.34036088,-0.0267398208,0.535505891
0.0183065794,0.0676046163,0.0374054462,0.128280774
0.0155146848,-0.232796445,0.0301551782,-0.363718748
-0.0430815592,-0.471343219,-0.0640190691,-0.672560036
-0.144611746,-0.582262754,-0.192345008,-0.750025511
-0.255873263,-0.551158309,-0.33178103,-0.703219593
-0.336424917,-0.417433828,-0.464241683,-0.568122506
-0.35408023,-0.251433223,-0.527233481,-0.368316412
-0.296325028,-0.119103648,-0.470904768,-0.183391601
-0.173689008,-0.0526308939,-0.293352127,-0.0788862035
-0.0149858175,-0.0412671044,-0.0326543301,-0.062984474
0.142413437,-0.0451667681,0.228531435,-0.0736749098
0.262917489,-0.0228397381,0.416266084,-0.0428925939
0.320337564,0.0436807945,0.498742282,0.057922028
0.301709354,0.139515519,0.47200349,0.204761982
0.20818226,0.22754471,0.335751206,0.347490847
0.0544370525,0.271861583,0.10060095,0.42636624
-0.132732764,0.260227174,-0.196327865,0.411378384
-0.317377895,0.212752759,-0.468759894,0.328439265
-0.460185826,0.172016829,-0.641142726,0.2508412
-0.527497411,0.180123433,-0.703448594,0.247960508
-0.501807511,0.255206347,-0.665935874,0.342947632
-0.389905035,0.379971653,-0.528900683,0.515367329
-0.224252015,0.508283913,-0.299689531,0.683487296
-0.0550552979,0.586289585,-0.0686773062,0.764468193
0.0656933337,0.577240705,0.0949600786,0.755459964
0.102830216,0.477723658,0.156045511,0.674642563
0.0516935699,0.317853153,0.0939475596,0.49901399
-0.0595774502,0.146299124,-0.0833608285,0.246351629
-0.181114957,0.00834463164,-0.289271414,0.0189630371
-0.261855334,-0.0721011311,-0.418157011,-0.108383954
-0.271011204,-0.0984923095,-0.434215307,-0.151252776
-0.211017966,-0.0941736624,-0.349252641,-0.147478133
-0.115946501,-0.0866534486,-0.197696209,-0.138871565
-0.0358260497,-0.0922854915,-0.0641332716,-0.151183024
-0.0138051845,-0.108883403,-0.0238461439,-0.181654647
-0.0664789155,-0.119095437,-0.107493773,-0.198379964
-0.176308289,-0.101792902,-0.284343868,-0.169269189
-0.299442738,-0.0450649261,-0.469436496,-0.0712101087
-0.385088444,0.0458003841,-0.582486033,0.070458822
-0.397296101,0.14903459,-0.588314533,0.224327266
-0.329196334,0.235144913,-0.494504571,0.35710904
-0.203627154,0.279418766,-0.315314084,0.438257456
-0.06076359,0.272487223,-0.0970220193,0.439295769
0.0605638996,0.224402323,0.101380572,0.367932916
0.138644174,0.160597593,0.228754699,0.263111234
0.174645185,0.111446522,0.287838608,0.180787712
0.186721548,0.0996290818,0.30601275,0.156947136
0.196737885,0.130351141,0.31863153,0.204510495
0.217196539,0.18843843,0.344687879,0.292084128
0.245155662,0.243810534,0.380959868,0.371501297
0.265669048,0.263631612,0.409071535,0.397229433
0.262015432,0.226614535,0.410488904,0.348262995
0.226548478,0.133634388,0.369198531,0.212979183
0.166094825,0.00974276662,0.279495418,0.0178490952
0.099181287,-0.104151011,0.167869002,-0.170366451
0.046968624,-0.167275012,0.0765325725,-0.276952595
0.0230518747,-0.156224161,0.0320886411,-0.261335343
0.027568303,-0.075705871,0.0403659642,-0.133081198
0.0483974405,0.0426671952,0.0781115666,0.0643877983
0.0683071911,0.153827354,0.112979509,0.249303982
0.0739339963,0.219332844,0.123701803,0.35322535
0.0620014481,0.224752516,0.106003612,0.363012642
0.0401759781,0.185665473,0.0714882985,0.305687159
0.0230275467,0.138719052,0.0435303859,0.231557757
0.0258430559,0.121589482,0.0450154245,0.200771213
0.0593523569,0.151691437,0.0975124389,0.246886849
0.126941621,0.214800864,0.202205941,0.340290517
0.22394833,0.270305932,0.344527692,0.411342263
0.337653637,0.271493077,0.497990459,0.39681682
0.447266459,0.191227809,0.6348387,0.270972908
0.524870515,0.0398820601,0.722988307,0.0523096249
0.539446294,-0.13446945,0.722302079,-0.182566941
0.46534434,-0.265000999,0.634044945,-0.368064553
0.293877393,-0.295917481,0.437286645,-0.447760433
0.043454282,-0.20887287,0.0756214708,-0.353654027
-0.237861946,-0.0330110118,-0.378213316,-0.0664654076
-0.48167038,0.166571841,-0.666614056,0.231267959
-0.619692802,0.316601932,-0.718374074,0.377466619
-0.60863167,0.366425574,-0.689988196,0.427065939
-0.448945522,0.3074404,-0.603809059,0.424622864
-0.188152954,0.172808975,-0.307909131,0.293295383
0.0946181491,0.0190796163,0.149106249,0.044609759
0.317566514,-0.100026533,0.487894922,-0.155439809
0.426587373,-0.154527858,0.615866125,-0.233622581
0.413695514,-0.144729301,0.602948844,-0.223494381
0.315324843,-0.092742607,0.490825385,-0.155317947
0.191763029,-0.0262040514,0.319021881,-0.0526621938
0.0979784653,0.0355323441,0.166462451,0.0542579517
0.0600344427,0.0855804756,0.102108255,0.140701577
0.0680509806,0.123968206,0.113096341,0.20540759
0.0879067928,0.148650154,0.14570342,0.241705671
0.08416868,0.15122886,0.142460749,0.246983454
0.0412293375,0.121699885,0.0753094405,0.201741159
-0.0287751947,0.059552893,-0.0419932902,0.101495802
-0.0949557871,-0.0169972088,-0.154993787,-0.0247019138
-0.127666757,-0.0721463859,-0.212783694,-0.115124173
-0.117487155,-0.0668059587,-0.200316846,-0.109914392
-0.0819035396,0.0196798369,-0.142824084,0.0305574499
-0.0555733442,0.17235893,-0.0921610892,0.277017921
-0.0695903003,0.339586079,-0.101488166,0.519571483
-0.131689876,0.451956064,-0.176605031,0.64638114
-0.219082654,0.454085231,-0.293343604,0.637613535
-0.288647652,0.333683431,-0.410697401,0.496911585
-0.299419731,0.131884828,-0.459529698,0.221792758
-0.235191494,-0.0726715103,-0.381255209,-0.100823402
-0.114692926,-0.19998315,-0.195584327,-0.315867007
0.0164921377,-0.207622245,0.0151896412,-0.33925572
0.108065329,-0.112266704,0.169763193,-0.193606719
0.129234821,0.0184039883,0.212513879,0.0217217188
0.0819579065,0.100624815,0.141679049,0.161318645
-0.00361756468,0.0790842846,0.00339302327,0.135127082
-0.0882853642,-0.0419955775,-0.139921486,-0.0614068136
-0.146101728,-0.198190898,-0.234185472,-0.309851855
-0.176909715,-0.296210885,-0.279195935,-0.452739447
-0.201978341,-0.262081951,-0.319289148,-0.409210861
-0.245699033,-0.0817275494,-0.397787541,-0.139306694
-0.314661115,0.187265351,-0.480607331,0.277109891
-0.387248635,0.439556837,-0.499717027,0.574977994
-0.420980066,0.570389569,-0.472987562,0.660046995
-0.374438643,0.524600208,-0.450671166,0.651297152
-0.231766164,0.322179288,-0.34270075,0.49724403
-0.0155338729,0.0481469333,-0.0290286634,0.103279375
0.220173955,-0.187555119,0.338469803,-0.286511987
0.413662106,-0.299803704,0.566045463,-0.42515552
0.523973942,-0.263375223,0.673985362,-0.356975228
0.548280418,-0.117540553,0.723883271,-0.171012804
0.518735349,0.0596109144,0.713239014,0.0661727861
0.480652183,0.191885948,0.667606175,0.252400249
0.464476556,0.239243373,0.642363429,0.322765768
0.467738092,0.209343344,0.652069807,0.287316531
0.457655877,0.143441871,0.6540429,0.19940038
0.3932679,0.0874483585,0.591622829,0.122590519
0.254458606,0.0657682568,0.415769458,0.0955765173
0.0606918447,0.0721587241,0.112147018,0.11301586
-0.132529259,0.080768317,-0.210771576,0.132767618
-0.259104401,0.0684760585,-0.410856992,0.113956831
-0.276624739,0.0335015543,-0.442869723,0.0616574846
-0.1906479,-0.00170552032,-0.31807977,0.00537450425
-0.0547282062,-0.00516836438,-0.09997724,-0.00513538392
0.0551863126,0.0415316932,0.0892994851,0.0668508112
0.0792281777,0.126487553,0.133445561,0.200812504
0.00459488994,0.208386377,0.0165986884,0.332320958
-0.127933621,0.236246273,-0.191873565,0.378017157
-0.246094704,0.177852854,-0.377666533,0.289233714
-0.285547763,0.0410391912,-0.449596852,0.0788946897
-0.225594893,-0.124877512,-0.36723429,-0.184539199
-0.101761729,-0.249738857,-0.172487557,-0.389050484
0.0120823756,-0.27550897,0.00797028467,-0.441395938
0.0430595018,-0.184885696,0.0638671815,-0.312563449
-0.0406655557,-0.0108654723,-0.0661714002,-0.0318656825
-0.210591063,0.177639753,-0.3255983,0.276182204
-0.39003247,0.306761473,-0.537998915,0.435254723
-0.491811275,0.329668462,-0.630507529,0.439244568
-0.461995751,0.244205475,-0.630034924,0.347199887
-0.306933254,0.0888663083,-0.480940372,0.155878007
-0.0895739421,-0.0788473412,-0.157567471,-0.115626
0.102798939,-0.209189594,0.157979742,-0.33294794
0.202427089,-0.278357267,0.305718333,-0.434867501
0.193705723,-0.290549397,0.295375794,-0.453858435
0.117987484,-0.265930384,0.18624711,-0.427185893
0.0487648919,-0.223950356,0.0746669248,-0.366373688
0.0508814827,-0.17272222,0.0746625289,-0.284812778
0.145401642,-0.109982774,0.227684647,-0.181735054
0.298280984,-0.0330871902,0.459402204,-0.0573682562
0.438147098,0.0504334606,0.636496961,0.0643328801
0.493289977,0.120396577,0.688897312,0.157447264
0.428360313,0.152647853,0.625759184,0.210444331
0.262069464,0.134184644,0.4265697,0.205848053
0.0575605556,0.074939318,0.110116541,0.122664832
-0.108680308,0.00743221818,-0.174919859,0.0146403126
-0.182958797,-0.0277207531,-0.300633371,-0.0415062793
-0.157468081,-0.00374450604,-0.26675275,-0.00276161497
-0.0698180646,0.0750567392,-0.123671748,0.123621762
0.0191527288,0.171528399,0.0290118903,0.279720038
0.0568394214,0.232248217,0.0978757441,0.373105586
0.0235814545,0.21509093,0.0476845726,0.350139767
-0.0607265979,0.113519721,-0.0903760791,0.194156483
-0.149599299,-0.0360222124,-0.239609227,-0.0502127521
-0.194344699,-0.168995917,-0.312677771,-0.262073696
-0.167115718,-0.223580062,-0.275436729,-0.350721389
-0.0720417723,-0.172130063,-0.130296558,-0.284250885
0.0591172017,-0.0368400216,0.0869783685,-0.0675781593
0.182601795,0.119274199,0.290920764,0.185704052
0.260862231,0.222397983,0.405571282,0.336762965
0.27508992,0.224237487,0.428924829,0.343169838
0.228132471,0.126267165,0.37359041,0.203552306
0.139108494,-0.0206645336,0.23886393,-0.031680461
0.0343408622,-0.141544133,0.0608857162,-0.233962148
-0.060694702,-0.17473723,-0.101809502,-0.289416164
-0.126079291,-0.103011467,-0.211281642,-0.175259605
-0.149281546,0.0376055166,-0.251121759,0.0563991517
-0.125938907,0.175602049,-0.206825972,0.284556687
-0.060810335,0.239437371,-0.0962599069,0.388565361
0.031561859,0.192883894,0.0537289828,0.322963446
0.128137827,0.0526596755,0.213629261,0.0960519016
0.201902628,-0.120210387,0.327183992,-0.190477818
0.229125261,-0.250658035,0.352527738,-0.38975358
0.196867883,-0.286131531,0.300783992,-0.449490726
0.107507937,-0.221278012,0.17293492,-0.366943687
-0.0218348876,-0.0988348722,-0.0350356475,-0.175515249
-0.164662078,0.01313686,-0.268531352,0.0163039677
-0.292706847,0.0558372512,-0.456601053,0.0920053646
-0.382538319,0.00873540435,-0.573585272,0.0244590957
-0.41907835,-0.101199992,-0.615617573,-0.13462083
-0.39612934,-0.214108825,-0.578879714,-0.298035383
-0.315672487,-0.267855883,-0.476922929,-0.390791953
-0.187715098,-0.229093447,-0.307688385,-0.357689083
-0.0308949687,-0.109340176,-0.0653599054,-0.184652731
0.127865389,0.0416189581,0.202294171,0.0614211261
0.257011622,0.161344171,0.403383315,0.246856675
0.328218848,0.20635438,0.500392854,0.307692975
0.32642895,0.173934668,0.504945099,0.26065743
0.257465512,0.103318542,0.418864757,0.160229847
0.148388162,0.0556455627,0.251852393,0.0870848745
0.038572304,0.0825177506,0.0707217455,0.130964756
-0.0357583053,0.198565051,-0.0563805103,0.31718111
-0.056740284,0.371540517,-0.0850608572,0.55867362
-0.0321661644,0.535067201,-0.0401345193,0.727593482
0.00944188796,0.618304193,0.0203160942,0.781026423
0.0341644026,0.578670204,0.0552286208,0.758681893
0.0209082589,0.422204614,0.0414348617,0.627400279
-0.0270005129,0.201882929,-0.0314810053,0.338918537
-0.0832719877,-0.00548138376,-0.133783519,-1.42947192e-06
-0.112750888,-0.133085817,-0.186486661,-0.214725405
-0.0908172876,-0.153041095,-0.154943377,-0.252217442
-0.0175771378,-0.086961098,-0.0388110876,-0.147619456
0.0811269507,0.00652038353,0.127314389,0.00697876001
0.166786119,0.0612304322,0.27362597,0.0965491906
0.20848231,0.0358900279,0.343433022,0.057732977
0.199263766,-0.0658852682,0.328437954,-0.105701029
0.159475133,-0.197467133,0.258765429,-0.315748483
0.124961354,-0.292017579,0.19162108,-0.457069427
0.126478314,-0.295296401,0.188107446,-0.465377241
0.171689287,-0.192793608,0.26369977,-0.3172234
0.239892676,-0.0182120651,0.376203209,-0.0417828374
0.292685568,0.160786182,0.452461809,0.237821981
0.29491657,0.272843242,0.447747529,0.401017249
0.234463409,0.274891108,0.368748635,0.418014973
0.129890382,0.170877829,0.222732171,0.280417472
0.0216736086,0.00870496687,0.0448379628,0.0215613898
-0.0482468978,-0.142725319,-0.0784305185,-0.23024787
-0.0573989451,-0.22512719,-0.100543074,-0.3624807
-0.0128368782,-0.216134012,-0.0301650167,-0.352934957
0.0548405461,-0.13682285,0.0820283592,-0.231380194
0.109642886,-0.0388793349,0.177592352,-0.0706681982
0.129889265,0.0214095302,0.2158636,0.0303994641
0.118210375,0.00928845257,0.200874284,0.0147491349
0.0964453071,-0.0744933337,0.163644969,-0.119942881
0.0889616907,-0.197457701,0.144289806,-0.316273242
0.104778446,-0.313496053,0.158752337,-0.484620899
0.129628092,-0.385164738,0.184709936,-0.575223982
0.133245721,-0.398901939,0.189569607,-0.594560564
0.0880408362,-0.36652717,0.128978342,-0.562923968
-0.0118043562,-0.314042777,-0.0210598279,-0.495692164
-0.14261736,-0.26524654,-0.225191951,-0.419798493
-0.260585636,-0.229636431,-0.402321517,-0.351274848
-0.324083388,-0.20078291,-0.493573904,-0.297969103
-0.316977799,-0.164884552,-0.491155297,-0.246509463
-0.259519607,-0.11335174,-0.419406652,-0.175801322
-0.199610487,-0.051232975,-0.329813272,-0.0812732354
-0.187831163,0.00389938708,-0.30773598,0.00886377785
-0.248850375,0.0321013145,-0.393877834,0.0529195406
-0.364552617,0.0242180116,-0.550858855,0.0432532579
-0.478713125,-0.00997325871,-0.677075565,-0.00466354843
-0.522070527,-0.0440056548,-0.716757536,-0.0514478944
-0.445960283,-0.0469134487,-0.652692795,-0.0594489165
-0.247936159,0.000745819358,-0.411395222,0.00678433571
0.0234658867,0.0955316126,0.0226692036,0.159607068
0.287423342,0.210670486,0.433639169,0.318407387
0.464161307,0.307130665,0.625631809,0.402266383
0.507308662,0.350885242,0.647961497,0.433982342
0.420738786,0.327936083,0.581130445,0.440252483
0.253381401,0.249989614,0.403059453,0.376868218
0.076057218,0.148542792,0.139618456,0.2443185
-0.0478976965,0.0608523339,-0.0747300014,0.104012199
-0.0850867704,0.014822999,-0.143569574,0.0278508626
-0.039389953,0.0196113326,-0.0702982843,0.0336099863
0.0560316555,0.0651928335,0.0855622515,0.106858872
0.15564312,0.129485562,0.250217795,0.207045957
0.218705237,0.188417584,0.348018229,0.292613089
0.220463172,0.224025816,0.350242198,0.344817489
0.155811504,0.227933198,0.258637577,0.357904583
0.0376866013,0.200622126,0.0725552812,0.325437248
-0.106697395,0.148848802,-0.164456323,0.245626092
-0.240442991,0.083386749,-0.377128422,0.14080134
-0.32338807,0.0176095925,-0.502621353,0.0357400589
-0.321832895,-0.034214519,-0.50456208,-0.0444254577
-0.220868915,-0.06023122,-0.365831286,-0.0919170305
-0.0350761116,-0.0557130724,-0.0710221231,-0.0896475315
0.188771501,-0.0268980842,0.296355277,-0.0448344573
0.381788701,0.00922476314,0.573573172,0.005794161
0.475246698,0.0309471674,0.678657115,0.0355477333
0.427632332,0.0221416857,0.634564817,0.0239200573
0.244775549,-0.0180295631,0.405289352,-0.0361014679
-0.0175055824,-0.0718651563,-0.0148568582,-0.123797216
-0.271840632,-0.10970068,-0.423116893,-0.171866104
-0.432659,-0.104538813,-0.633202136,-0.146454901
-0.450580567,-0.0478857532,-0.659251273,-0.0616588444
-0.332490414,0.0419603325,-0.523480356,0.0705089048
-0.137882978,0.125022843,-0.236623064,0.208290532
0.0472099893,0.157321855,0.0727364719,0.26371327
0.147062898,0.113162607,0.244367033,0.187286079
0.127386615,0.000587618386,0.221336678,0.00227230252
0.00724911597,-0.138973743,0.0207055118,-0.228234112
-0.152491987,-0.248157412,-0.238050833,-0.390769035
-0.277735025,-0.280466944,-0.420246422,-0.418517172
-0.313035309,-0.223135039,-0.480195701,-0.335464239
-0.2429405,-0.104023591,-0.398565173,-0.166397318
-0.0949190557,0.0216342229,-0.169799507,0.0358433872
0.0750359371,0.0983659327,0.118563846,0.16509743
0.205840766,0.0976243541,0.332997769,0.15888536
0.253175437,0.0307581034,0.411405742,0.0491057113
0.201959118,-0.0591495,0.334925026,-0.0983951315
0.0672475472,-0.122244023,0.118988372,-0.206640705
-0.1136209,-0.130117208,-0.181652635,-0.218058914
-0.292701155,-0.0916766003,-0.458821058,-0.144807294
-0.422996938,-0.0475365259,-0.624664664,-0.0660834163
-0.468304545,-0.0455065221,-0.67132175,-0.0540045872
-0.411277205,-0.110425711,-0.608749211,-0.148106217
-0.259254634,-0.22532247,-0.409575164,-0.33363688
-0.0458431691,-0.335381418,-0.0862119496,-0.509077191
0.174575269,-0.374160111,0.244592667,-0.557871461
0.34065637,-0.299245864,0.48176074,-0.443863094
0.403593808,-0.118704058,0.590596795,-0.192723557
0.3454763,0.106417611,0.532068014,0.144362092
0.188030928,0.286404103,0.301835656,0.429386705
-0.0139429243,0.343146414,-0.00541990902,0.527919531
-0.193535089,0.247047782,-0.288349241,0.39566943
-0.298816532,0.0324886106,-0.462168336,0.069833383
-0.313760787,-0.215861052,-0.477388591,-0.309989482
-0.262689471,-0.39943561,-0.38447246,-0.557757258
-0.195557266,-0.447672874,-0.286038101,-0.629211247
-0.161019608,-0.346164584,-0.251770705,-0.529263735
-0.180795982,-0.139158577,-0.29781583,-0.235228702
-0.23860462,0.092824541,-0.382777572,0.14205195
-0.289652586,0.26811406,-0.429961562,0.404035896
-0.285929739,0.335021943,-0.413616002,0.496844053
-0.204035774,0.286151916,-0.311496913,0.449631482
-0.0606338605,0.152618811,-0.10016714,0.265459865
0.0930587202,-0.0153053943,0.152321756,-0.0145206051
0.195298076,-0.169611186,0.312243313,-0.269723654
0.204033732,-0.278227806,0.314393669,-0.433303535
0.117610022,-0.327584445,0.183736816,-0.510664403
-0.0247753877,-0.317518651,-0.0376289561,-0.501670003
-0.162879989,-0.255201072,-0.258534998,-0.404644012
-0.244874343,-0.152946249,-0.392093867,-0.244821489
-0.250987798,-0.029853778,-0.409180999,-0.0476710573
-0.199389011,0.0870692134,-0.329033762,0.143397838
-0.132190332,0.167165697,-0.216159821,0.274164945
-0.0901786909,0.186854377,-0.143836141,0.308596253
-0.0905942097,0.142336458,-0.141887799,0.238948733
-0.11997506,0.0563459359,-0.192970961,0.0991163775
-0.145219192,-0.0274848305,-0.238060609,-0.0405889526
-0.135659546,-0.0627930537,-0.228692845,-0.10109704
-0.0829282999,-0.0236367472,-0.145419046,-0.0403017513
-0.00699806679,0.079366155,-0.0179174002,0.128105775
0.055010695,0.1998889,0.0894549564,0.321597755
0.0706246272,0.275591642,0.118781619,0.433312774
0.0316400267,0.25831601,0.0603501722,0.416359663
-0.0399695672,0.139795542,-0.0555987246,0.239810199
-0.103532434,-0.0410792232,-0.166275576,-0.0568554886
-0.122213706,-0.214637175,-0.198910862,-0.335422218
-0.0838493183,-0.313390762,-0.141410157,-0.484743804
-0.00814141985,-0.305279016,-0.0237596259,-0.48143509
0.0640949607,-0.209845945,0.0946801603,-0.346106619
0.0938024297,-0.0882067382,0.150896445,-0.153721601
0.0659017712,-0.0111262752,0.113033555,-0.023581434
-0.00170860882,-0.021288231,0.00148961798,-0.0344600268
-0.0676871538,-0.109523945,-0.109897614,-0.175678909
-0.0903318524,-0.218127534,-0.148720354,-0.34435764
-0.0516056083,-0.270573288,-0.0907858312,-0.426856637
0.0312115643,-0.213027999,0.0386309698,-0.351354361
0.112952925,-0.0463196971,0.178287044,-0.0878078565
0.143481463,0.168815896,0.233585849,0.26067552
0.094107531,0.337238431,0.153505877,0.51219523
-0.0264229309,0.374131441,-0.0236842819,0.56950593
-0.174817607,0.2473813,-0.259383082,0.397646755
-0.293563157,-0.00336469663,-0.453128994,0.0117816133
-0.338260144,-0.280911237,-0.496468008,-0.393004984
-0.298153698,-0.471979827,-0.410521358,-0.621635795
-0.199847743,-0.496885002,-0.284723878,-0.674300551
-0.0929460824,-0.34461692,-0.156390339,-0.533802629
-0.0253601447,-0.077640757,-0.0522140451,-0.143818006
-0.0206732843,0.195013389,-0.0345852226,0.305690229
-0.0681862459,0.363429278,-0.0952888727,0.553612292
-0.129446462,0.360609561,-0.183288172,0.551508486
-0.156999111,0.185926631,-0.24253042,0.313338965
-0.115876794,-0.0999300778,-0.188848346,-0.143477216
0.00181769219,-0.403590828,-0.00832908228,-0.588147998
0.174571782,-0.636755407,0.193803251,-0.770816088
0.360660851,-0.746545374,0.334278882,-0.730144203
0.513566613,-0.727456868,0.438580096,-0.643329561
0.59698689,-0.61345005,0.542876005,-0.575537443
0.594603777,-0.457327574,0.635637403,-0.504184544
0.512947679,-0.30844003,0.652592838,-0.40725103
0.378264308,-0.197944224,0.557629347,-0.303735584
0.229279116,-0.135274708,0.369983435,-0.22583507
0.107529126,-0.113591395,0.180090293,-0.19196263
0.0466393903,-0.118677177,0.0755560622,-0.196968779
0.0623868443,-0.1361029,0.0972080678,-0.223487973
0.146390602,-0.154369771,0.230183765,-0.250239313
0.266629696,-0.164943337,0.407056898,-0.262821257
0.376539499,-0.161672339,0.554788411,-0.247557804
0.43107003,-0.141453683,0.621025503,-0.213541642
0.404204845,-0.106053263,0.600557864,-0.167698592
0.300344855,-0.0633286089,0.475777924,-0.109325975
0.153468594,-0.0259464644,0.260126412,-0.0498454124
0.0130872307,-0.007139483,0.0281790271,-0.0144155519
-0.0774753094,-0.0150887109,-0.127336875,-0.0230617691
-0.100449085,-0.0487479381,-0.168872029,-0.076527752
-0.0709015429,-0.0974696875,-0.121848531,-0.156556845
-0.0277134199,-0.144857571,-0.050093133,-0.237331957
-0.0122585911,-0.175001681,-0.0235819481,-0.287374496
-0.0455112979,-0.178014576,-0.0764537379,-0.293260038
-0.115710549,-0.152312547,-0.18931444,-0.251693279
-0.183675498,-0.103044383,-0.299500078,-0.168224782
-0.203722984,-0.0382638909,-0.334814072,-0.0626581013
-0.149625644,0.0344558321,-0.252984762,0.0588039905
-0.0318161361,0.108907446,-0.0602198839,0.182623476
0.103915535,0.178533942,0.166373491,0.289999455
0.196550548,0.234044388,0.311813861,0.364946455
0.199163929,0.263069391,0.318047196,0.403836221
0.102655612,0.253488064,0.175647959,0.399282545
-0.0583830997,0.199653134,-0.0798978806,0.327271491
-0.220949337,0.108399644,-0.344900608,0.180574074
-0.322541893,0.000927902409,-0.500689864,0.0111071356
-0.329279304,-0.0918869302,-0.511851609,-0.132501692
-0.24939099,-0.140023798,-0.403863043,-0.213938177
-0.125984415,-0.126620606,-0.21633552,-0.205056354
-0.013693315,-0.0563420206,-0.0306730345,-0.0972971991
0.0482059531,0.0447782725,0.0783256441,0.0686332807
0.052490104,0.13898322,0.0896950811,0.224376798
0.0228568353,0.192365214,0.0430483222,0.312476367
-0.00289367465,0.189588636,-5.8490612e-05,0.312683672
0.00487265829,0.140801281,0.00980153587,0.237191826
0.0522735119,0.0769665837,0.0876091495,0.13247776
0.121155344,0.0351235531,0.199056923,0.0583007
0.182013571,0.040022444,0.297742784,0.06169172
0.212114587,0.0907740518,0.342956573,0.139444157
0.208000138,0.159328207,0.335675836,0.246673882
0.185481861,0.202355787,0.300657332,0.316848338
0.167912826,0.181728035,0.275615245,0.291958481
0.17038618,0.0842606649,0.282654494,0.141743064
0.189620748,-0.068961516,0.311589062,-0.107312568
0.205578253,-0.229058787,0.321654797,-0.357115746
0.193666562,-0.339769185,0.287715226,-0.514123619
0.140039161,-0.363042355,0.206718579,-0.554207802
0.0507455729,-0.297867745,0.075994879,-0.477403492
-0.0507098734,-0.182746187,-0.0851232484,-0.306619048
-0.135818139,-0.0794066563,-0.224850908,-0.134079888
-0.18593581,-0.0442739837,-0.303798944,-0.0682978109
-0.200616807,-0.100604333,-0.325716943,-0.152815327
-0.194551736,-0.224800959,-0.30877009,-0.343040049
-0.1853773,-0.354482472,-0.283384889,-0.523894727
-0.180419505,-0.415836692,-0.269515634,-0.600301266
-0.171297818,-0.358294815,-0.265548497,-0.53964138
-0.140531555,-0.180307493,-0.237220421,-0.298896521
-0.0765725523,0.0665781051,-0.13713859,0.100376643
0.0123145264,0.298279375,0.0166332386,0.464333564
0.0953288078,0.43452695,0.14435856,0.631248534
0.131696776,0.43417564,0.200742677,0.629991293
0.0935068652,0.312643111,0.157072112,0.488872916
-0.0134020839,0.132950261,-0.00814026035,0.225255191
-0.143487647,-0.0253648069,-0.228428528,-0.0365919471
-0.226720884,-0.104189686,-0.366247416,-0.164052889
-0.200073659,-0.0928044468,-0.334834963,-0.147217244
-0.0407387093,-0.0289659835,-0.0818752646,-0.0472477973
0.216112942,0.0251359735,0.335888624,0.0411361717
0.485893637,0.0192542244,0.681655645,0.0250806492
-0.00927426014,0.278227806,0.022021858,0.401816487
0.0608405061,0.262425423,0.0853870884,0.438550055
0.137041762,0.259403437,0.218231127,0.409350276
0.189772651,0.237367481,0.302631915,0.37197262
0.193157211,0.17206575,0.316186845,0.274187922
0.138219416,0.0622097924,0.235520214,0.103534266
0.0377165601,-0.0674042702,0.0706250519,-0.110464014
-0.0800727755,-0.176506117,-0.126811132,-0.287020802
-0.184864208,-0.22810936,-0.293803573,-0.359524041
-0.257327318,-0.205908954,-0.403510571,-0.318299294
-0.294258922,-0.121783525,-0.465100706,-0.189141974
-0.303715408,-0.0100065591,-0.481325656,-0.0154520897
-0.294140846,0.0886695608,-0.462677479,0.142959505
-0.265271485,0.145178139,-0.417774081,0.234778747
-0.20743762,0.153960422,-0.330958396,0.253035933
-0.110413678,0.133231148,-0.183866978,0.225733921
0.0235404111,0.114082195,0.0336862057,0.194409162
0.171316653,0.123907611,0.274353355,0.200966075
0.292274028,0.171921834,0.452335417,0.259781599
0.343742847,0.24322699,0.51239121,0.3502554
0.301737309,0.303846657,0.452175736,0.437261373
0.175825432,0.314363569,0.2818214,0.474861711
0.00913623441,0.24635914,0.0304801129,0.396896899
-0.138126224,0.0950312838,-0.215837851,0.165958375
-0.214423582,-0.11678002,-0.341960967,-0.171649426
-0.199227691,-0.344419837,-0.306320667,-0.502891481
-0.11056,-0.534699142,-0.162120417,-0.714055598
0.00619621063,-0.641781986,-0.00673387712,-0.789191782
0.102320656,-0.640317202,0.113725059,-0.78489089
0.149917364,-0.531814396,0.191110969,-0.718565106
0.153495267,-0.342820853,0.223223537,-0.531891704
0.143138364,-0.116205424,0.2276887,-0.206475362
0.15352267,0.101125963,0.249117732,0.154488325
0.20080255,0.270064175,0.311894804,0.412085235
0.27053985,0.367364675,0.394357383,0.527351022
0.32370764,0.388325781,0.458811074,0.538508296
0.317722946,0.344407409,0.462753445,0.488794982
0.231001228,0.257582307,0.366112113,0.393823266
0.0773763731,0.153711408,0.140337065,0.251550585
-0.0978869349,0.0567706786,-0.150082052,0.0957998484
-0.238771394,-0.0152318636,-0.380611271,-0.0196013134
-0.305051267,-0.052688349,-0.48034811,-0.0766221806
-0.290658414,-0.0555136316,-0.463393718,-0.0824377984
-0.224262923,-0.0329942591,-0.369239569,-0.0500756949
-0.152109131,-0.00191541365,-0.255219221,0.00055749953
-0.112702601,0.0175426062,-0.186402664,0.0310556702
-0.117174372,0.00792601146,-0.191758186,0.0160239208
-0.145780265,-0.0388570577,-0.238097638,-0.0591604672
-0.161941379,-0.116998166,-0.263911664,-0.184818104
-0.135523573,-0.206978604,-0.222876772,-0.326557696
-0.0620373338,-0.281596839,-0.106056452,-0.4393785
0.0331617072,-0.316292882,0.0419888459,-0.493042737
0.108157299,-0.299691141,0.161168978,-0.470946729
0.127948403,-0.239350766,0.198493645,-0.389856994
0.0850886106,-0.159268543,0.139785871,-0.268452138
0.00590382423,-0.0893666595,0.0118867764,-0.154065549
-0.0615054183,-0.0513667874,-0.101862662,-0.0861000493
-0.0714130849,-0.0479082055,-0.122844912,-0.0755576044
-0.00414408278,-0.0609078072,-0.0132714566,-0.0984871089
0.123102315,-0.0609762631,0.195745826,-0.10168846
0.263836592,-0.0240122471,0.413611799,-0.0435621329
0.364178032,0.0532260761,0.552720606,0.0701880455
0.387697935,0.147228986,0.579076827,0.207100436
0.330717087,0.216059327,0.503374755,0.314115137
0.22099103,0.219399825,0.357407421,0.339725196
0.101572439,0.141290545,0.178568855,0.235660449
0.00910026208,0.00396751566,0.0221938789,0.0134895276
-0.0420353562,-0.135612309,-0.0693902746,-0.218261853
-0.0621498525,-0.207145199,-0.105076924,-0.334514081
-0.0754768848,-0.15793024,-0.130655423,-0.264829606
-0.103295647,0.0205022842,-0.176251739,0.0229293033
-0.150807664,0.283162266,-0.234147862,0.43116799
-0.204754949,0.545591474,-0.259733737,0.712516546
-0.242306933,0.716352522,-0.250283718,0.777140141
-0.245420665,0.734402299,-0.247110009,0.773901403
-0.212162286,0.594857395,-0.2538113,0.743497014
-0.158648625,0.351381749,-0.230431408,0.542970061
-0.110834323,0.0937400237,-0.176875025,0.171245098
-0.0910514221,-0.0897710696,-0.15061447,-0.142615139
-0.106850356,-0.148482397,-0.178550214,-0.244424224
-0.148012593,-0.0882810056,-0.246170387,-0.150946781
-0.19280009,0.0346231796,-0.31666252,0.0528457724
-0.219436362,0.141652301,-0.349666297,0.227360845
-0.216306478,0.168500975,-0.341666192,0.275249809
-0.185628861,0.0939345509,-0.300471514,0.16497159
-0.139406532,-0.051761657,-0.230048344,-0.0735832676
-0.0908261016,-0.201720774,-0.150529906,-0.318451941
-0.0464595072,-0.283400446,-0.0818645805,-0.447875559
-0.00358065101,-0.25129649,-0.014406763,-0.408077091
0.0464919284,-0.10709583,0.0683901981,-0.188381717
0.111702397,0.101014182,0.178624496,0.155859321
0.193548322,0.298789769,0.297468781,0.450498551
0.285596937,0.416630119,0.402110457,0.578081548
0.376518697,0.417155772,0.505418599,0.553646982
0.455083698,0.308313102,0.616264701,0.413342744
0.513613462,0.137340516,0.704745173,0.186603695
0.547834396,-0.0308203716,0.737163544,-0.0450302623
0.553896487,-0.140821129,0.729144275,-0.195172206
0.525583506,-0.168248087,0.702716529,-0.235834986
0.454882324,-0.126463503,0.647659004,-0.192382008
0.336884171,-0.0569019131,0.522151828,-0.0996100903
0.176769525,-0.00783597492,0.29742384,-0.0222830959
-0.00555633614,-0.0113320388,-0.00018449327,-0.0203274954
-0.177207604,-0.0686089247,-0.283892751,-0.107286692
-0.30143401,-0.150175944,-0.467193782,-0.224810183
-0.350989074,-0.210591555,-0.527070045,-0.303244084
-0.319774002,-0.211189002,-0.49139148,-0.312451273
-0.226930469,-0.140422702,-0.37322247,-0.221767873
-0.110839583,-0.0222638715,-0.193497747,-0.0389429182
-0.0152779063,0.0918574706,-0.0294388216,0.150577381
0.026231762,0.144751444,0.0473448597,0.238080397
0.00107068871,0.0995900333,0.00938863307,0.170409575
-0.0809918344,-0.0413112603,-0.126100451,-0.0605059378
-0.19505845,-0.234104812,-0.302958757,-0.358425617
-0.312618166,-0.409436643,-0.435949922,-0.559708655
-0.411393255,-0.500564396,-0.51022476,-0.609487116
-0.479387254,-0.471423179,-0.577612102,-0.558222234
-0.512799859,-0.332069755,-0.655969322,-0.420476824
-0.510994792,-0.134374678,-0.703587115,-0.182779863
-0.472942978,0.0502123199,-0.678868175,0.0738515258
-0.397920519,0.160697877,-0.585972071,0.242045328
-0.289864331,0.17065005,-0.450045198,0.273330778
-0.161836803,0.0956062153,-0.266200244,0.167853281
-0.036426641,-0.0187910516,-0.0632634237,-0.0220812559
0.0599061809,-0.121100418,0.0954306126,-0.196672752
0.106772542,-0.178121939,0.171985194,-0.292260796
0.099228397,-0.186642185,0.159827024,-0.308654666
0.0512623154,-0.167780146,0.0845445171,-0.279829115
-0.00927426014,-0.148388162,-0.0171771534,-0.248515397
-0.0525246076,-0.141052172,-0.0892971009,-0.232907921
-0.05970091,-0.134948313,-0.101383984,-0.221752912
-0.0308256019,-0.103585869,-0.0563284904,-0.174504086
0.016875755,-0.0255277809,0.0225955267,-0.0466975048
0.0591459163,0.0940466896,0.0946974978,0.149012238
0.078124091,0.214836195,0.129323453,0.341091335
0.0719380975,0.273727655,0.121305659,0.432204813
0.055347573,0.214482605,0.0986375287,0.35257712
0.0510719381,0.0209194385,0.0908654556,0.0472670346
0.0764425397,-0.264163047,0.120942198,-0.407004774
0.132604569,-0.546729207,0.167684391,-0.723332167
0.202251345,-0.715859354,0.208145201,-0.7883479
0.257424951,-0.691071212,0.271190673,-0.764715552
0.273590356,-0.46121192,0.358506978,-0.635468721
0.242784724,-0.0959000587,0.379839361,-0.177731425
0.178950056,0.277656078,0.281487614,0.408979803
0.112431325,0.523788512,0.165941954,0.709363341
0.0760670528,0.552541018,0.112291574,0.740756333
0.0895380974,0.35534212,0.145211622,0.551718235
0.149540484,0.00692811562,0.252620578,0.0318642408
0.230510399,-0.366506726,0.336249411,-0.52769208
0.29553178,-0.638097942,0.330646604,-0.741521597
0.312260717,-0.727658331,0.309381098,-0.752374053
0.266521096,-0.626193523,0.305868864,-0.741932333
0.167603806,-0.389727384,0.23887974,-0.587100506
0.043397814,-0.108689852,0.0687066019,-0.200699136
-0.0718036145,0.130993888,-0.115882762,0.207181215
-0.150908098,0.2775639,-0.229648083,0.437303215
-0.183018222,0.323111832,-0.271642208,0.497497559
-0.174453706,0.293393642,-0.263400555,0.460967273
-0.142385289,0.226927832,-0.223232746,0.368659556
-0.104936726,0.155613154,-0.168806657,0.261139035
-0.0727594718,0.0955339968,-0.118724152,0.162578344
-0.0457974933,0.0492953882,-0.0763333067,0.084658727
-0.0160948951,0.0146451918,-0.0286809951,0.02549918
0.0254468638,-0.00818041712,0.0403941683,-0.0126410387
0.0821182877,-0.015325902,0.134272903,-0.0253905188
0.1477727,-0.00401678775,0.240279496,-0.0104298573
0.208206147,0.0216814969,0.335935831,0.0304868408
0.246809348,0.0495306738,0.397071898,0.0740146711
0.251864672,0.0644540042,0.404748499,0.0964488164
0.222263142,0.057829313,0.362701923,0.0893485472
0.169221655,0.0346799791,0.283034474,0.0543119721
0.113302134,0.0132509181,0.19309859,0.0192448795
0.077884689,0.015771959,0.13084428,0.023099944
0.0814955384,0.0547804758,0.133856118,0.0870038867
0.131646529,0.122785486,0.21404779,0.196119323
0.222138792,0.192039222,0.348957568,0.298210472
0.334495187,0.22601442,0.50020653,0.334829599
0.442836255,0.197613403,0.629094541,0.276962638
0.520562112,0.104860753,0.714231372,0.140102968
0.546894312,-0.024586333,0.73914212,-0.0371290669
0.511648834,-0.143413335,0.700854421,-0.202347323
0.417324573,-0.205003276,0.600329757,-0.302538306
0.278375834,-0.184539288,0.433205843,-0.296062768
0.11813689,-0.090561904,0.197164327,-0.159926623
-0.0358346738,0.0386974998,-0.0568195581,0.0568946414
-0.157152727,0.152382985,-0.251157135,0.245418414
-0.22588402,0.209151313,-0.351530224,0.331578791
-0.232803255,0.193847492,-0.364896923,0.31281659
-0.181632057,0.121275455,-0.293401003,0.206423014
-0.0883731171,0.0262349211,-0.148540676,0.0524308234
0.0226470567,-0.0543655232,0.0325587243,-0.0863194317
0.125452101,-0.0981753394,0.201905131,-0.16259335
0.200064704,-0.105117746,0.319464177,-0.175667971
0.238552526,-0.0935075432,0.380232066,-0.155659869
0.246968329,-0.0878218338,0.394860595,-0.143778458
0.241943061,-0.10506171,0.386415482,-0.1704835
0.242835626,-0.146508396,0.384338468,-0.232749283
0.262494862,-0.198219687,0.403635234,-0.309409022
0.300747335,-0.238961115,0.447915375,-0.36528483
0.343929619,-0.250889421,0.501217663,-0.37615183
0.371215194,-0.227686897,0.538217187,-0.341694266
0.365184397,-0.17684558,0.541640341,-0.274241358
0.321654499,-0.115975752,0.49607119,-0.189439982
0.253618747,-0.0655968785,0.408154815,-0.113773733
0.186620429,-0.0417666622,0.309679389,-0.0735505447
0.147044122,-0.0511488952,0.244137421,-0.0858416557
0.148653135,-0.0895908847,0.241625652,-0.1471356
0.184180185,-0.143974528,0.294195324,-0.232438296
0.226854444,-0.196490139,0.353027314,-0.311083764
0.242082849,-0.230343014,0.37192747,-0.360153705
0.20427981,-0.235720932,0.319035053,-0.375061095
0.110742517,-0.214385733,0.178144008,-0.351657689
-0.0146929035,-0.180855259,-0.0232903548,-0.302251309
-0.13082324,-0.158541307,-0.21423097,-0.259288013
-0.19734621,-0.170874432,-0.317874551,-0.267358959
-0.193645835,-0.230011135,-0.312543184,-0.353303969
-0.128778338,-0.327912658,-0.206689864,-0.495494545
-0.0373427346,-0.434854776,-0.0642101169,-0.630434752
0.0371545814,-0.507947385,0.0412082113,-0.704468787
0.0634276792,-0.507668614,0.079409793,-0.707731545
0.037481878,-0.415857702,0.0481342487,-0.623062611
-0.0161094479,-0.246635079,-0.0314507112,-0.406247526
-0.057557255,-0.0439258702,-0.101170443,-0.0828152299
-0.0531378724,0.134857818,-0.0910344869,0.218716905
0.00655013602,0.242507055,0.0105084507,0.392832518
0.100944526,0.262248605,0.161771938,0.420223296
0.189657986,0.214503706,0.302631289,0.343100578
0.23330757,0.146238297,0.375960916,0.229770899
0.21416764,0.107561789,0.349762499,0.168683708
0.145600989,0.126973957,0.245067343,0.200262502
0.0649009794,0.197840691,0.109206825,0.314577073
0.0128752394,0.283311397,0.0256485641,0.445140809
0.0107068829,0.337443501,0.0210307781,0.5214836
0.0464865863,0.331593215,0.0764444023,0.518085063
0.079176344,0.271864772,0.131822526,0.434548378
0.058882568,0.197619468,0.105323344,0.324474573
-0.0462920479,0.16084525,-0.065016821,0.264064163
-0.230391592,0.196599334,-0.351760119,0.304016173
-0.447285801,0.300197899,-0.598964751,0.409466386
-0.627926528,0.424165964,-0.670620084,0.463303715
-0.709504902,0.498192698,-0.642134607,0.463356793
-0.662812531,0.463308215,-0.654020548,0.468470454
-0.504853964,0.303462774,-0.647826135,0.405703515
-0.290892601,0.0580481142,-0.460940719,0.113759987
-0.090037331,-0.192176774,-0.155039772,-0.293144315
0.0437925905,-0.360115379,0.0603907295,-0.548251927
0.0919392258,-0.391886055,0.130221128,-0.593691707
0.0734689683,-0.291661292,0.108560376,-0.469521463
0.0303167365,-0.119367935,0.045239158,-0.209806487
0.00371828163,0.0380114019,0.00371575309,0.056412302
0.014108235,0.107817419,0.0241432264,0.182155997
0.0539445803,0.0657752901,0.0920587108,0.116414323
0.0956523418,-0.0536682457,0.158781454,-0.0829383656
0.109044261,-0.175470099,0.17851764,-0.283467889
0.0782384649,-0.221408397,0.125264063,-0.361906469
0.00927426014,-0.148388162,0.0124299675,-0.254059941
-0.0746610686,0.0308327489,-0.126982629,0.0410369746
-0.146568775,0.253999561,-0.230378345,0.393461496
-0.189387023,0.438933253,-0.264335454,0.624866247
-0.202451006,0.521385968,-0.261530966,0.70101887
-0.197672024,0.482842147,-0.26256296,0.670100093
-0.188569009,0.355590463,-0.272207767,0.54101783
-0.17932573,0.203973189,-0.278841794,0.335008591
-0.16078195,0.092266947,-0.260925561,0.156717762
-0.115964696,0.0554797538,-0.19433254,0.0955529511
-0.0319691896,0.0868750215,-0.0587474257,0.144135192
0.0889409035,0.146917984,0.140541524,0.240191221
0.225955606,0.187470272,0.355854183,0.294748157
0.34676525,0.17793864,0.523239434,0.265941441
0.421811581,0.12004777,0.620037317,0.171393961
0.438252807,0.0445541367,0.642598033,0.0609567501
0.405971915,-0.00718645565,0.607312679,-0.0173934083
0.352052659,-0.00635001017,0.543319345,-0.0185936876
0.306332737,0.0477606282,0.481097907,0.0648723468
0.285556763,0.12735872,0.44767642,0.191261202
0.284586459,0.190562621,0.442081928,0.289272755
0.279518336,0.20255214,0.43467629,0.309138685
0.241295084,0.152498484,0.389240205,0.239810184
0.152801558,0.0580115914,0.260030031,0.0944266021
0.0204862542,-0.0443808846,0.0432997346,-0.0743049607
-0.125717163,-0.11708802,-0.20256272,-0.191732958
-0.244421303,-0.138197705,-0.388905346,-0.217718944
-0.300940186,-0.108922832,-0.473383904,-0.166832939
-0.282693177,-0.0489614233,-0.452162117,-0.0749708191
-0.204476818,0.0165268574,-0.339427114,0.02902738
-0.101372682,0.0704904348,-0.173911646,0.119912505
-0.0131196938,0.110556886,-0.0229289625,0.184997275
0.0323486254,0.145437539,0.0556289703,0.239255443
0.0286496542,0.183964729,0.0518426895,0.299236655
-0.00974495336,0.223838836,-0.0100941565,0.360451311
-0.0570723973,0.2474325,-0.0841470659,0.396250069
-0.0891631469,0.228108242,-0.137176335,0.370089591
-0.0933378264,0.144529492,-0.15042679,0.245664179
-0.0714664161,-0.00440779142,-0.117091015,0.0033161575
-0.0363230482,-0.192464337,-0.0610729791,-0.305204719
-0.00454441505,-0.371773809,-0.0124239791,-0.559720516
0.00973610394,-0.49007979,0.00522359321,-0.689846635
-0.00182890601,-0.512161314,-0.0116358139,-0.71232456
-0.0413570143,-0.435487598,-0.0661903247,-0.640356719
-0.105151869,-0.292375356,-0.170539588,-0.464724272
-0.183307648,-0.13706325,-0.300624251,-0.226981193
-0.258802503,-0.0232248679,-0.413905203,-0.0370563455
-0.308384359,0.0179620776,-0.482507348,0.0352987833
-0.307784706,-0.0107231745,-0.484387815,-0.00616922276
-0.241552457,-0.0765159428,-0.392583936,-0.111635722
-0.114118032,-0.13373372,-0.195465982,-0.211324587
0.0440874659,-0.145513996,0.0603117757,-0.238599777
0.181242436,-0.0998744369,0.285228878,-0.16914919
0.240985915,-0.0128762797,0.385830909,-0.0306596756
0.186489031,0.0817798972,0.310969681,0.124820031
0.0213128366,0.150742278,0.0480533391,0.241088063
-0.204258665,0.177157208,-0.31121105,0.282372862
-0.407616436,0.166978061,-0.586460888,0.251674473
-0.505745173,0.142861143,-0.692207396,0.205089077
-0.452060342,0.12962231,-0.648171782,0.194927543
-0.261171103,0.139476657,-0.420454204,0.228860557
-0.00819273293,0.165072128,-0.0233313795,0.277578205
0.199971542,0.183869615,0.316127479,0.291543454
0.270640522,0.171175271,0.429616481,0.262222558
0.168527901,0.114473544,0.288361937,0.1821592
-0.0644368306,0.0211356748,-0.0903462619,0.0339853466
-0.32357353,-0.084652923,-0.49094221,-0.127006412
-0.485561669,-0.173896328,-0.673230648,-0.230316103
-0.463232666,-0.226959854,-0.648641944,-0.302007109
-0.246103123,-0.24205175,-0.395828307,-0.3628878
0.0925837532,-0.233492464,0.12520574,-0.368935913
0.426402479,-0.22114414,0.590871632,-0.318782896
0.630411327,-0.217493802,0.75480634,-0.272755474
0.63494283,-0.220272481,0.757098198,-0.271683037
0.453756422,-0.215259776,0.636802137,-0.308705032
0.173883095,-0.187808394,0.29020378,-0.31249398
-0.087289162,-0.136092678,-0.136816844,-0.231528774
-0.236640036,-0.0774231181,-0.382712007,-0.123751879
-0.245397151,-0.0423949361,-0.399688929,-0.06200381
-0.156051919,-0.0585066937,-0.265098482,-0.0882256404
-0.0541386716,-0.131472722,-0.0939120725,-0.209343806
-0.020257134,-0.234952018,-0.032499902,-0.374059439
-0.0871296898,-0.316065997,-0.134707838,-0.492852569
-0.223329961,-0.316268682,-0.336008608,-0.480593801
-0.351318687,-0.198809847,-0.528642118,-0.300980568
-0.389770776,0.0303370301,-0.593909264,0.0416542031
-0.297868848,0.319041491,-0.444112569,0.464801401
-0.098493129,0.586103022,-0.130031511,0.760180295
0.131672457,0.752039313,0.146935686,0.804951131
0.299947262,0.76997447,0.301151156,0.748134851
0.343840629,0.642809272,0.390097529,0.710720062
0.261864841,0.419365019,0.379487544,0.587757349
0.113241024,0.172140226,0.202656493,0.286912858
-0.0131823691,-0.0323205143,-0.0133604361,-0.0498684198
-0.0447067991,-0.156792819,-0.0784745812,-0.254400343
0.0382292569,-0.200957477,0.0510200523,-0.326876372
0.192628309,-0.19214797,0.294426262,-0.309354156
0.33557567,-0.166395545,0.500445485,-0.258559346
0.387029111,-0.150612712,0.573601723,-0.230529338
0.310728908,-0.154399499,0.483546704,-0.245901495
0.132485271,-0.173340872,0.223643899,-0.289436549
-0.0730513707,-0.198836252,-0.112760179,-0.325885773
-0.219864309,-0.226397395,-0.345036864,-0.350684136
-0.252876431,-0.25654757,-0.394323081,-0.38545391
-0.173686713,-0.288331658,-0.278420657,-0.439256698
-0.0372807384,-0.311189085,-0.0723568574,-0.482628584
0.0777046531,-0.302832693,0.112351425,-0.475439429
0.109293371,-0.237425879,0.170793757,-0.386214703
0.0423825197,-0.101594388,0.0704357773,-0.181395054
-0.0859623402,0.0903017148,-0.139214873,0.137038723
-0.207771093,0.29174,-0.313801616,0.445149451
-0.260129571,0.436050892,-0.355507672,0.610465705
-0.217039987,0.461961806,-0.295971483,0.650489032
-0.101287678,0.341763765,-0.151736885,0.536135912
0.0287538264,0.0983019322,0.0504880473,0.180913538
0.109584235,-0.198776171,0.179725975,-0.308655679
0.104259133,-0.457507461,0.149182841,-0.654080868
0.0195543785,-0.598686695,0.0202875026,-0.773364127
-0.0989264324,-0.585938215,-0.134236857,-0.759318292
-0.189815268,-0.437382251,-0.27766791,-0.627589107
-0.204706088,-0.214270234,-0.333054572,-0.344557047
-0.128385708,0.00713317282,-0.225952089,0.00720205996
0.0180105977,0.166656837,0.0206430014,0.273556083
0.190197974,0.240158185,0.29617089,0.379236102
0.341701716,0.240708917,0.508495033,0.356727958
0.441469222,0.203279331,0.627600193,0.282930493
0.480577052,0.162973076,0.671548843,0.21806024
0.467468113,0.138731241,0.663997293,0.18767938
0.417341709,0.129839644,0.614818573,0.181291655
0.34333989,0.124547049,0.529077709,0.182021454
0.254368603,0.113346457,0.411139637,0.174219891
0.158984512,0.09769243,0.266163856,0.155402809
0.0703731775,0.088787578,0.122533374,0.144108966
0.00680910936,0.0979354158,0.0153366523,0.161795318
-0.0145931002,0.125544041,-0.0232289676,0.209674418
0.0121531179,0.156797007,0.0202604383,0.259215921
0.0747181252,0.167783141,0.12281581,0.277418733
0.143941835,0.13912563,0.235912412,0.227966696
0.185239047,0.0690415725,0.305206031,0.114519179
0.17509602,-0.0224938802,0.291968882,-0.0379971191
0.113992997,-0.101893023,0.192201331,-0.168951124
0.0280305743,-0.138555899,0.0476732105,-0.231745183
-0.0428868309,-0.120757885,-0.0741119906,-0.203591973
-0.0651304871,-0.0615819879,-0.112935781,-0.104847014
-0.029503651,0.00892171171,-0.0551458895,0.0132083995
0.0424195379,0.0612363219,0.0673953444,0.103938714
0.107927211,0.0835784972,0.178308368,0.138405547
0.124614134,0.0886075646,0.208680376,0.14379324
0.072988838,0.105206542,0.126935735,0.169448018
-0.0315060355,0.159523517,-0.0447169393,0.258142233
-0.143767759,0.256048858,-0.221095055,0.400678635
-0.209628582,0.370128721,-0.305530429,0.547369242
-0.191948503,0.457342774,-0.264758378,0.644485593
-0.0894319043,0.475731283,-0.123294912,0.678598404
0.0611272939,0.409188032,0.0933093652,0.613344967
0.200362056,0.278880984,0.311510742,0.436903238
0.272211045,0.135427147,0.433832169,0.212990209
0.247987643,0.0347701311,0.404421151,0.0496678725
0.137745231,0.0097890757,0.234491929,0.00802400615
-0.0155205866,0.0525679216,-0.020054495,0.0801536217
-0.155128658,0.11718192,-0.248820633,0.188376635
-0.233912617,0.142335489,-0.369564772,0.230934814
-0.231011108,0.0827404857,-0.37133044,0.143857747
-0.155965552,-0.0666650832,-0.259524435,-0.0947440863
-0.0403315984,-0.266083241,-0.0718945414,-0.410484791
0.0775135607,-0.448275715,0.102170691,-0.644514859
0.166734636,-0.549292862,0.208469093,-0.726295769
0.211916536,-0.537160695,0.266746461,-0.709731221
0.213048384,-0.424551338,0.293754816,-0.612722635
0.180143803,-0.259949505,0.275825143,-0.41862309
0.126684666,-0.102836624,0.206638917,-0.179973364
0.0650751814,0.00383452186,0.111284748,-0.000475900393
0.00484540174,0.0500181168,0.011618861,0.082666643
-0.0477015562,0.0565291829,-0.0767366812,0.0963478163
-0.090065591,0.0572881773,-0.146928847,0.0969833285
-0.12473955,0.0765855238,-0.203422099,0.126977682
-0.159707963,0.114030294,-0.259537458,0.185081959
-0.206333235,0.145001858,-0.327241063,0.233875543
-0.273897082,0.135706648,-0.424210548,0.217909634
-0.362475008,0.0641504824,-0.54430306,0.106382281
-0.457882375,-0.0644889846,-0.65450865,-0.0798305571
-0.532566369,-0.216269448,-0.700552464,-0.271259427
-0.553994834,-0.341461807,-0.680879593,-0.406282663
-0.498258352,-0.395523876,-0.624394774,-0.480108917
-0.363269657,-0.357912689,-0.514278769,-0.490738392
-0.175066501,-0.240273595,-0.291821033,-0.377946019
0.0169075988,-0.0811650455,0.0120805893,-0.140694484
0.154974282,0.0691885576,0.250285357,0.106300242
0.193438962,0.166767418,0.314267993,0.26062867
0.115842529,0.187015399,0.200382516,0.299848855
-0.0578485541,0.129574865,-0.0804346055,0.215349555
-0.27715978,0.0148429666,-0.427943408,0.0313945375
-0.477873981,-0.124406911,-0.668200672,-0.163426608
-0.603195727,-0.252595395,-0.738528252,-0.296688884
-0.621511102,-0.339673996,-0.71708256,-0.377271146
-0.534739196,-0.367423326,-0.658758342,-0.438630849
-0.375162512,-0.333554089,-0.534677327,-0.458297402
-0.19282718,-0.252969027,-0.314753056,-0.392534435
-0.0385207422,-0.154884875,-0.0739903077,-0.258244246
0.0518239811,-0.07493186,0.0809268653,-0.128830284
0.0665508881,-0.0433133878,0.112312756,-0.0736460239
0.0191037189,-0.0727749541,0.0373022854,-0.121071883
-0.0594568551,-0.151725978,-0.0946013257,-0.245408297
-0.133493289,-0.246826306,-0.21267727,-0.386446893
-0.176912531,-0.315521508,-0.275621593,-0.478975773
-0.183312163,-0.324009955,-0.286801934,-0.490303427
-0.168041661,-0.262643307,-0.270514339,-0.412198097
-0.160660893,-0.151053667,-0.267264068,-0.247708991
-0.190017253,-0.0297452901,-0.312195688,-0.0510960817
-0.267774045,0.0584756844,-0.421795756,0.0938535854
-0.377981812,0.0884466991,-0.564897299,0.138942808
-0.478821576,0.0640384182,-0.673489869,0.101327948
-0.517875791,0.0150937866,-0.71309191,0.0323805399
-0.455852956,-0.0186492074,-0.661696792,-0.0170094315
-0.288550347,-0.00840065442,-0.466803372,-0.00625141896
-0.0559064783,0.0489250347,-0.106303148,0.084843643
0.168460637,0.129745573,0.266158074,0.208956257
0.30520305,0.197017714,0.469040006,0.29373014
0.303733528,0.220388457,0.470245808,0.325976133
0.167624921,0.192329139,0.282880604,0.302053928
-0.0421959125,0.131519869,-0.0540026426,0.218345419
-0.230245635,0.0717787743,-0.360857904,0.119408958
-0.306869715,0.0428227149,-0.483630806,0.074719578
-0.228606164,0.0536809973,-0.377384692,0.0931213573
-0.0195780825,0.088110514,-0.0447184294,0.152396932
0.237205535,0.114643395,0.369980931,0.184609517
0.435999513,0.105639078,0.633347273,0.148427308
0.496038556,0.0545230098,0.698892057,0.0693180114
0.398778707,-0.018771302,0.604370773,-0.0348819904
0.196907714,-0.0776550248,0.332063496,-0.132983044
-0.00963180326,-0.0889374763,-0.00881737098,-0.153727993
-0.119762793,-0.0420653261,-0.199860796,-0.0721694008
-0.078076534,0.0433516912,-0.139826089,0.0731328279
0.0995325446,0.126415119,0.152492747,0.208630592
0.333160073,0.165920138,0.501581192,0.252318352
0.515233696,0.142328352,0.704824209,0.189561635
0.55848676,0.0687540248,0.747670829,0.0848476514
0.433239996,-0.0153200747,0.642350912,-0.0289767589
0.177547172,-0.0646353588,0.305135638,-0.114786901
-0.122795165,-0.0522806197,-0.189979389,-0.0938998908
-0.373210311,0.015552449,-0.564164996,0.0221761093
-0.509147823,0.102284566,-0.703291714,0.145654738
-0.517347336,0.160031244,-0.699902833,0.226471171
-0.432100862,0.155223548,-0.623125315,0.234851122
-0.311647117,0.0873508826,-0.486787796,0.148229942
-0.208615959,-0.00911805406,-0.33966735,-0.00552591216
-0.149369761,-0.0808748603,-0.247824982,-0.127908409
-0.130476445,-0.0818616152,-0.217952728,-0.135440454
-0.130592689,0.00389951211,-0.21973525,0.000942045881
-0.128314376,0.154187903,-0.210925058,0.247728184
-0.114937291,0.319016784,-0.176600352,0.490679562
-0.0957719609,0.444029778,-0.133598998,0.642543852
-0.0813749358,0.494927496,-0.106002599,0.693022192
-0.0760885254,0.470894068,-0.100597508,0.674614072
-0.0722523853,0.401004136,-0.0988650545,0.600965381
-0.0541685149,0.326421589,-0.078067638,0.511354685
-0.250405043,0.0556455627,-0.374821365,0.103609182
-0.264202565,0.120669596,-0.429584891,0.184392005
-0.185414508,0.126011029,-0.303450227,0.213118315
-0.0772102922,0.101596326,-0.130024791,0.175320238
-0.00840701442,0.0892748609,-0.0131998416,0.149845839
-0.0183558371,0.118315309,-0.0257660039,0.191272169
-0.0979922861,0.189587101,-0.151771218,0.303647876
-0.196268827,0.275353819,-0.294749469,0.425177902
-0.248271167,0.333104402,-0.361326963,0.498873085
-0.210364431,0.325304449,-0.31449905,0.498073965
-0.0842513219,0.235384867,-0.136888698,0.389029264
0.0824112147,0.0736716092,0.135438398,0.134402573
0.219147488,-0.127329141,0.349992275,-0.197190389
0.267684579,-0.324234813,0.395841539,-0.47995615
0.210905775,-0.47518307,0.289388597,-0.659821093
0.080904074,-0.549455762,0.106155276,-0.73907125
-0.0579549,-0.533253372,-0.0842837021,-0.727387786
-0.142195031,-0.432320684,-0.214019358,-0.627861023
-0.141494364,-0.27195248,-0.232369065,-0.429934293
-0.0733921453,-0.0935963392,-0.133690804,-0.160355657
0.00714907097,0.0533924773,0.00716683129,0.0864978731
0.0378867574,0.12496233,0.065763019,0.205288813
-0.0165484492,0.0976118147,-0.016797727,0.165500686
-0.144347116,-0.0201591495,-0.22737667,-0.0271847602
-0.29082945,-0.186445653,-0.443186998,-0.27733472
-0.385421336,-0.337617576,-0.53910923,-0.457827419
-0.377580017,-0.410293669,-0.513135493,-0.54013437
-0.26322189,-0.365286678,-0.394614428,-0.525168657
-0.0879912376,-0.203163356,-0.159831434,-0.332465321
0.0744481087,0.0358729474,0.111805327,0.0482726954
0.158134013,0.28805241,0.247804955,0.436529756
0.13646175,0.490824252,0.201527491,0.674890518
0.0339038149,0.60505724,0.0568537638,0.768079281
-0.0877423584,0.624973953,-0.0949857309,0.77789712
-0.161067337,0.572621942,-0.196519464,0.740742743
-0.146233767,0.481556624,-0.198219851,0.677456856
-0.0488358252,0.379417121,-0.0712860078,0.581496596
0.0859769657,0.278589129,0.134991422,0.44701314
0.198981285,0.178634971,0.319747388,0.288165271
0.247800231,0.076932162,0.400704801,0.121866398
0.226806238,-0.0207723845,0.37342608,-0.0373021364
0.166062191,-0.0976958573,0.273642421,-0.164471298
0.111009225,-0.13370195,0.182287157,-0.223749503
0.0950322002,-0.118845165,0.151491359,-0.200424343
0.120587744,-0.0639667436,0.193627,-0.111660205
0.159410208,-0.000560586224,0.259288609,-0.00530176237
0.171336502,0.0319059454,0.28302446,0.0495764092
0.130616114,0.0055007874,0.221572176,0.00767843798
0.0441530719,-0.0802238733,0.079524748,-0.132926092
-0.0495025143,-0.195144609,-0.0790001824,-0.31285736
-0.100748315,-0.291138142,-0.161992118,-0.452869892
-0.0780764148,-0.324660778,-0.131504431,-0.501572251
0.0107736746,-0.27799058,0.00286866724,-0.443477839
0.118572891,-0.168107837,0.181767687,-0.280475408
0.181100354,-0.0384868197,0.291258514,-0.0729655698
0.151521385,0.0620095804,0.253596544,0.0936537758
0.0284429248,0.102236904,0.0585162789,0.165422514
-0.138284996,0.0821154192,-0.216248944,0.137473285
-0.268874735,0.0298364237,-0.421821445,0.0548098758
-0.29258731,-0.0148189608,-0.466094166,-0.0145362439
-0.185025468,-0.0216373522,-0.313206345,-0.0283776894
0.015779132,0.0156769119,0.0141443824,0.0301976614
0.223886222,0.0790021569,0.351858914,0.124293268
0.344575316,0.138372347,0.526939809,0.203227445
0.319279462,0.169846103,0.496015549,0.2497482
0.154032573,0.16849795,0.263069779,0.265506119
-0.0830139592,0.1496564,-0.119059242,0.242685542
-0.294095606,0.138413534,-0.449203491,0.219671026
-0.398350894,0.153948084,-0.586267412,0.232689843
-0.369229406,0.197754741,-0.549313486,0.298274875
-0.24424623,0.252252042,-0.379711002,0.394944876
-0.102527827,0.290180445,-0.162624419,0.45981583
-0.0218956489,0.289245099,-0.0301383212,0.460460752
-0.0375519879,0.243893176,-0.0491560809,0.392545998
-0.123520747,0.16813603,-0.190400451,0.277575284
-0.206348076,0.0885072872,-0.327746063,0.148974195
-0.204135671,0.0315000154,-0.335099101,0.0573381595
-0.0711109191,0.0122684864,-0.128455833,0.0270840377
0.174888805,0.0299419351,0.273226798,0.0500884503
0.456085891,0.0707871839,0.647979319,0.0951265991
0.668131113,0.11626339,0.793020129,0.125760227
0.727072477,0.151086181,0.799777746,0.154044792
0.607328176,0.167512774,0.760172307,0.19660525
0.352765858,0.165046856,0.543909132,0.235744834
0.0562835336,0.147514328,0.113414668,0.235798582
-0.181605831,0.120288804,-0.282844573,0.198052809
-0.295212656,0.0891438276,-0.463703513,0.147618353
-0.277698696,0.0600775667,-0.444567412,0.104116648
-0.177063808,0.0383034088,-0.296675414,0.0702341124
-0.0682532638,0.0254219938,-0.119332977,0.0460170135
-0.0163875353,0.0160183944,-0.0264719147,0.0284679327
-0.0489343628,-0.00323102251,-0.0771037489,-0.00551583944
-0.148668334,-0.0491763055,-0.239157155,-0.0780712217
-0.268134266,-0.132656842,-0.417962134,-0.201898247
-0.355972707,-0.247905791,-0.523203492,-0.353323549
-0.380939096,-0.367428333,-0.526138484,-0.490950584
-0.342440635,-0.447635651,-0.464682072,-0.587423444
-0.26464507,-0.44546026,-0.376238465,-0.609749079
-0.179919273,-0.33966282,-0.282384276,-0.513387561
-0.111968905,-0.146290019,-0.194427639,-0.247009456
-0.0675909594,0.0812416449,-0.11790847,0.125482351
-0.0398585051,0.270350426,-0.0604093671,0.426986933
-0.0186576918,0.359384358,-0.0204697587,0.551873565
-0.000726867758,0.326041907,0.00671425881,0.512381971
0.00741508417,0.199756294,0.0194505062,0.333953023
-0.00487324502,0.0503968634,-0.00275686034,0.0905534625
-0.0423827544,-0.0429998301,-0.0683908761,-0.070902124
-0.0968982354,-0.0293920096,-0.160413697,-0.0533093326
-0.148293912,0.089133963,-0.244883522,0.141245052
-0.174123764,0.257094026,-0.272441894,0.398875505
-0.162414342,0.391190588,-0.235736996,0.578895152
-0.119858041,0.419953108,-0.169442236,0.619227707
-0.069752261,0.318425894,-0.100575469,0.504802346
-0.0397578664,0.121058844,-0.0579853356,0.213660523
-0.045645453,-0.0934627429,-0.0705331042,-0.146462724
-0.0801156312,-0.238018557,-0.129505083,-0.379137278
-0.113659114,-0.256145358,-0.185368553,-0.40961358
-0.108192898,-0.145890817,-0.186081499,-0.245499417
-0.0371535458,0.0421569869,-0.0721704662,0.0631324947
0.0982774347,0.230408505,0.152019635,0.364739299
0.265754014,0.349978149,0.388479948,0.510316849
0.413831294,0.36919117,0.557281554,0.491987407
0.494243413,0.302328378,0.652778566,0.392620087
0.483650357,0.196645379,0.669686496,0.265747011
0.394077569,0.106356785,0.59437716,0.15177384
0.266799748,0.067599602,0.431415588,0.100238405
0.152708843,0.086152792,0.254948765,0.133509919
0.088966012,0.141766623,0.147998378,0.227847382
0.0834683403,0.204033732,0.135194048,0.32733354
0.114477508,0.249596462,0.18449454,0.395950586
0.144877478,0.271434098,0.231238753,0.424205482
0.143085018,0.276785672,0.23158358,0.432136357
0.0995033905,0.277172059,0.16538021,0.434423804
0.0301546678,0.277987868,0.0564464964,0.43970412
-0.0338005461,0.274280101,-0.0454462878,0.436123192
-0.0643649027,0.254649371,-0.0966582522,0.409659982
-0.0524976775,0.209871769,-0.0826250166,0.346307635
-0.0126909306,0.140140176,-0.0190448724,0.236315861
0.026030438,0.0562034883,0.0466739833,0.0972668156
0.0374420919,-0.0260152966,0.0642522871,-0.0416551754
0.0138409808,-0.0934267193,0.0233642273,-0.154437676
-0.0290027391,-0.140962645,-0.0475492738,-0.23271367
-0.0609033294,-0.170637712,-0.102889813,-0.278531432
-0.0556856543,-0.185533732,-0.0958375782,-0.300966412
-0.00877608545,-0.1834279,-0.0220879093,-0.299641907
0.0563637763,-0.155292466,0.0877601504,-0.258179605
0.0976871103,-0.0907670185,0.159542724,-0.154968143
0.0761109963,0.0121682687,0.128368378,0.0112295728
-0.0215946622,0.139583856,-0.0289105754,0.223146155
-0.17097342,0.262015492,-0.258341074,0.405713528
-0.316657633,0.344589204,-0.445956826,0.498345882
-0.396181613,0.362635881,-0.531900287,0.50029707
-0.370342731,0.314559579,-0.520641088,0.453794539
-0.245462611,0.224245399,-0.381084472,0.359126836
-0.0758229718,0.130457371,-0.129662931,0.226338908
0.0565821938,0.0678284764,0.0927992761,0.116854854
0.0771203861,0.0491790399,0.132103041,0.0774287283
-0.0468939282,0.0589136146,-0.0668611228,0.0919964463
-0.287961632,0.0617948771,-0.439789534,0.0966608375
-0.565567255,0.0232092552,-0.741273224,0.039188277
-0.776673853,-0.0694700703,-0.810541511,-0.0571825132
-0.837036073,-0.195982054,-0.774638355,-0.166346133
-0.715833127,-0.309258133,-0.746806204,-0.308959216
-0.448820651,-0.356266618,-0.601035357,-0.453056723
-0.124360628,-0.30355528,-0.215211153,-0.466006011
0.151760757,-0.154673114,0.227542713,-0.259887129
0.29793334,0.0494634546,0.464466661,0.0618445873
0.287496179,0.247648507,0.444224298,0.360694885
0.15631786,0.3845388,0.245811045,0.561032355
-0.0152417133,0.433093011,-0.00661689928,0.633312762
-0.137748361,0.402668864,-0.191195056,0.597093225
-0.150338173,0.329650253,-0.225461811,0.511291862
-0.0450220518,0.256326795,-0.0739659443,0.41809696
0.131896347,0.209352747,0.207066819,0.340136766
0.301085979,0.188697875,0.460972041,0.287336111
0.384588063,0.172017127,0.57278043,0.248762295
0.338678569,0.131126985,0.526677847,0.192771465
0.171595588,0.051134333,0.294231534,0.0801592693
-0.0608030632,-0.0582094155,-0.0869097561,-0.0971433669
-0.27900672,-0.164900735,-0.42904222,-0.251559347
-0.412827939,-0.229462713,-0.594138861,-0.320451736
-0.42919758,-0.224431485,-0.615120232,-0.310840964
-0.343070537,-0.148720682,-0.531336367,-0.221559435
-0.207201928,-0.0298922304,-0.348095983,-0.0462328754
-0.0858302489,0.0865093991,-0.146784082,0.142299339
-0.0243855063,0.155255333,-0.0383327417,0.255684435
-0.0290989578,0.148889124,-0.0418855809,0.248572946
-0.065940775,0.0669380724,-0.102502279,0.117539681
-0.0794992819,-0.0661577135,-0.130269274,-0.100709707
-0.0231089797,-0.212210998,-0.0423848033,-0.337045193
0.114017695,-0.333832979,0.16314581,-0.507026017
0.295991749,-0.406201482,0.399497837,-0.57052356
0.451915443,-0.422228426,0.56000495,-0.540126443
0.50576359,-0.39081496,0.618333995,-0.490063429
0.411410302,-0.330695957,0.562243223,-0.461646557
0.176715657,-0.263327301,0.28326273,-0.422846705
-0.134971082,-0.207383856,-0.20541583,-0.341268182
-0.42747277,-0.175677374,-0.611897647,-0.250548452
-0.609098613,-0.173877954,-0.761677504,-0.204511002
-0.628233016,-0.200056791,-0.762949526,-0.228293091
-0.491542637,-0.244681969,-0.667386055,-0.314785838
-0.257227123,-0.291590631,-0.402082324,-0.426692933
-0.00735854544,-0.32082504,-0.0287354235,-0.495149016
0.187103733,-0.313665569,0.274181455,-0.482270211
0.292217284,-0.258961529,0.432643533,-0.398220152
0.316713333,-0.158656821,0.482316881,-0.254589438
0.296820253,-0.0299940128,0.467085958,-0.0585583523
0.270165443,0.0973565057,0.428866893,0.144204885
0.253689378,0.189231098,0.400430053,0.288532317
0.237502933,0.217870757,0.376208633,0.335791409
0.197241113,0.172133371,0.32295534,0.274410546
0.11677219,0.0630767867,0.20291625,0.106754467
0.00693694502,-0.0778018981,0.0200935919,-0.125041425
-0.0921808109,-0.207919151,-0.148763299,-0.332439125
-0.128883466,-0.287890762,-0.209325537,-0.447303146
-0.0692633912,-0.295816869,-0.121578947,-0.463116407
0.077488862,-0.236001879,0.107893363,-0.382230371
0.253173172,-0.138089284,0.387949526,-0.225964278
0.370279372,-0.0460404344,0.560866773,-0.0781186745
0.350285143,-0.000590321142,0.543412209,-0.00847626571
0.162992299,-0.0220480096,0.283639878,-0.0428479798
-0.152795255,-0.10095159,-0.232520998,-0.166228667
-0.499085218,-0.201412141,-0.672221661,-0.267619073
-0.756519318,-0.276716471,-0.768950284,-0.265660733
-0.83395046,-0.291014969,-0.742764711,-0.247259527
-0.707234263,-0.237399101,-0.770658314,-0.249490395
-0.429219514,-0.143392816,-0.633247674,-0.198793992
-0.106208444,-0.0600481629,-0.1973342,-0.0924751833
0.148219019,-0.0384445377,0.235723376,-0.0608611107
0.26077494,-0.103946455,0.417741179,-0.164360225
0.226053163,-0.240688488,0.357901156,-0.37430504
0.102720097,-0.394896209,0.156287402,-0.58951211
-0.0181507934,-0.49715668,-0.0301580373,-0.697748363
-0.0564555675,-0.494437188,-0.0891497508,-0.693244219
0.0223089382,-0.377103984,0.0187941194,-0.57392627
0.196026146,-0.187481955,0.2944507,-0.307048649
0.401243508,-0.00448902743,0.588509262,-0.0187292676
0.565018952,0.0899384841,0.745849133,0.111257486
0.636924326,0.0478739552,0.789307237,0.0543924309
0.606621504,-0.121221587,0.768528521,-0.154022753
0.501033962,-0.352088839,0.640171766,-0.447704494
0.365607142,-0.550163627,0.439418942,-0.66747719
0.241108403,-0.631311297,0.279254824,-0.753274381
0.14780353,-0.556926489,0.184227288,-0.73678863
0.0832762942,-0.348736405,0.117819577,-0.545864105
0.0322297141,-0.0772148371,0.0472441353,-0.145889848
-0.019280782,0.170219332,-0.0306908768,0.269993097
-0.0737851411,0.326011837,-0.106863655,0.505213439
-0.121440157,0.367516756,-0.17277655,0.558563411
-0.147336647,0.319889903,-0.219348326,0.498009682
-0.141776383,0.237385944,-0.221148595,0.385529578
-0.107314326,0.173627391,-0.173470736,0.287705988
-0.0589716882,0.155749723,-0.0982137993,0.257615179
-0.0181701723,0.17427519,-0.0291946735,0.285357475
-0.00407158071,0.192123815,-0.00336464518,0.31396085
-0.0265782923,0.166813657,-0.0370229259,0.276636958
-0.0834683403,0.0741940811,-0.130694151,0.129916206
-0.161583871,-0.0776227117,-0.259137332,-0.117304802
-0.240405485,-0.249888688,-0.369854063,-0.375296772
-0.296456367,-0.388550997,-0.423797995,-0.541820347
-0.308127671,-0.44559285,-0.426937342,-0.599365711
-0.261280984,-0.397057354,-0.3830055,-0.562618315
-0.155355722,-0.251060039,-0.258014381,-0.399023831
-0.00796858314,-0.0440410078,-0.027844198,-0.0821819976
0.145379499,0.171874642,0.22796388,0.270591021
0.259200424,0.345102519,0.381970078,0.499920636
0.293001384,0.439172566,0.410986036,0.595656872
0.228375033,0.442040324,0.332772434,0.615104556
0.0802103803,0.368429691,0.138229311,0.557481229
-0.105076037,0.254971713,-0.150851846,0.408841401
-0.266083926,0.149065048,-0.408935368,0.240811184
-0.351986825,0.0937432051,-0.536356449,0.148235366
-0.345529199,0.112497166,-0.530491233,0.175845936
-0.271503776,0.199250981,-0.424206972,0.309008032
-0.184893295,0.318290472,-0.282693982,0.485138655
-0.142999277,0.416078389,-0.202670842,0.60879463
-0.174855158,0.442055494,-0.236862481,0.632029474
-0.263898671,0.370734543,-0.366217047,0.543157935
-0.354112387,0.215310395,-0.514416099,0.332129508
-0.378005654,0.0254417025,-0.568891644,0.0557103083
-0.292897046,-0.13156347,-0.464533001,-0.192796603
-0.106519036,-0.198982179,-0.187643111,-0.315180331
0.12251319,-0.155837595,0.183518052,-0.256489277
0.311122656,-0.0269256867,0.478690326,-0.0536293723
0.392389327,0.127786711,0.584271729,0.176428452
0.349307775,0.240067914,0.524332345,0.342702746
0.223298743,0.264109105,0.35602811,0.40087837
0.0919524655,0.196263447,0.162117422,0.320220292
0.0270145573,0.0743271485,0.0505918674,0.132411435
0.0549220815,-0.0429425649,0.088757962,-0.0652030483
0.141771972,-0.105400451,0.224856019,-0.173311368
0.212105766,-0.0950098187,0.338439256,-0.159472659
0.192606419,-0.0315369405,0.316525966,-0.0621135123
0.0575061329,0.0416796058,0.104604594,0.0606744736
-0.149744228,0.0833777115,-0.232701048,0.133150488
-0.332371384,0.0770258009,-0.506884038,0.125399515
-0.387760371,0.0381033681,-0.584509313,0.067977339
-0.262948304,0.00246840529,-0.42980805,0.0152844684
0.0111742616,0.00300602894,0.000513852108,0.01268062
0.326533973,0.0483804718,0.494143277,0.072514683
0.544415414,0.116485409,0.729373336,0.145362437
0.560020447,0.166740224,0.736487985,0.206386417
0.35312447,0.164432719,0.543688416,0.238068074
-0.000793531712,0.103066683,0.0236404575,0.165530086
-0.36489737,0.0113435416,-0.542050362,0.0226520598
-0.603834569,-0.0602087639,-0.771245778,-0.0645574704
-0.64386338,-0.066428557,-0.793087482,-0.0726470053
-0.500961423,0.00619776966,-0.706552327,0.0156467147
-0.264568508,0.129052609,-0.430976719,0.207905605
-0.0475810952,0.243389189,-0.0837102756,0.393223107
0.0699810311,0.289311588,0.116019785,0.456319332
0.0743306428,0.236720905,0.13075842,0.382357359
0.0126955723,0.101714365,0.0324367471,0.174425676
-0.0444987938,-0.0606018007,-0.0699919984,-0.0934906676
-0.0505151115,-0.183433697,-0.0861738771,-0.296800047
-0.010699803,-0.221550137,-0.0258894395,-0.359631956
0.0236813836,-0.173089504,0.0313948914,-0.288729876
-0.00815846585,-0.0786978379,-0.0137037328,-0.137731045
-0.132013947,0.00111152604,-0.211376712,-0.00192169822
-0.313318104,0.0179779027,-0.481201261,0.0316058807
-0.467667639,-0.040006455,-0.664268434,-0.0457951464
-0.503578246,-0.144269451,-0.693961561,-0.184292629
-0.374845564,-0.243379742,-0.55419004,-0.339827895
-0.113098435,-0.292047054,-0.196456701,-0.44647193
0.179356918,-0.275438815,0.258294165,-0.428829849
0.375332713,-0.215799063,0.542557418,-0.326769829
0.384941995,-0.158370659,0.572015882,-0.246106118
0.202107444,-0.144974276,0.334956974,-0.241384357
-0.0895086303,-0.190080762,-0.130528629,-0.312616169
-0.355446845,-0.272440106,-0.513547063,-0.390733629
-0.475288332,-0.346514046,-0.625569403,-0.438353121
-0.400789917,-0.367109597,-0.552256107,-0.485397309
-0.177991748,-0.313678116,-0.290842891,-0.473694384
0.0775671452,-0.201340482,0.105214827,-0.329409897
0.23944281,-0.073205635,0.377173692,-0.128376514
0.232681334,0.0213652086,0.38182044,0.0254580732
0.0687610283,0.0507721379,0.129893169,0.077783294
-0.163420364,0.0151792094,-0.255271286,0.0271627549
-0.34430182,-0.0558015071,-0.526202917,-0.0767186582
-0.383227855,-0.119203806,-0.579488039,-0.166590407
-0.260662317,-0.139261559,-0.423643976,-0.210593507
-0.0332395509,-0.101854719,-0.0718986392,-0.166958913
0.198290572,-0.0167236477,0.311121613,-0.0321416482
0.339563638,0.0915075317,0.521828592,0.129350945
0.345086575,0.196792394,0.524865448,0.282982528
0.232595861,0.281722635,0.366030097,0.419588208
0.0653645396,0.339752734,0.114876501,0.51780808
-0.084671244,0.370681465,-0.115576424,0.561036289
-0.171630859,0.374533206,-0.247924536,0.560631394
-0.190614596,0.349193633,-0.280427843,0.529121697
-0.168026984,0.293705583,-0.255099714,0.460617065
-0.136643946,0.214496508,-0.214224756,0.350851834
-0.112271138,0.129128367,-0.18275319,0.218685731
-0.0859931633,0.0632499531,-0.141126916,0.111106545
-0.035226088,0.0406753458,-0.0623354018,0.0705580115
0.0551268421,0.0712520331,0.086180672,0.118226819
0.176061362,0.143387452,0.280792028,0.227416441
0.293753594,0.226237014,0.446839571,0.337731361
0.365865618,0.281545758,0.531289101,0.398348838
0.365193069,0.279829949,0.533089697,0.397411466
0.296128571,0.213060945,0.460843623,0.322898597
0.193443015,0.0977436006,0.324850231,0.158979267
0.103378989,-0.0327250324,0.179473966,-0.0521835089
0.0577575639,-0.142126933,0.095299542,-0.232964203
0.0563270487,-0.20481959,0.087028645,-0.332640171
0.0681369677,-0.212529182,0.104524687,-0.347996414
0.051765725,-0.172810867,0.0815498233,-0.289356112
-0.0169368833,-0.102009244,-0.0272745639,-0.176978022
-0.125803411,-0.017793797,-0.206074938,-0.0334610678
-0.227829695,0.0648100674,-0.364844948,0.104624227
-0.263697594,0.13340494,-0.416976511,0.214860678
-0.193903312,0.176921338,-0.314052641,0.289293647
-0.0231995508,0.186444312,-0.0440575965,0.311234742
0.196342245,0.159330785,0.307925969,0.260608107
0.38619417,0.104205206,0.578205526,0.15555799
0.476082832,0.0422113501,0.679706037,0.0532414727
0.43524012,0.001009778,0.641935289,-0.00742576923
0.284869939,0.00225551822,0.457243592,-0.0089089768
0.0864512697,0.0482315198,0.153246671,0.0689357221
-0.0871337503,0.115652174,-0.136705711,0.187214121
-0.182536379,0.162295163,-0.291396499,0.264091879
-0.184049338,0.145693719,-0.296443403,0.242219344
-0.111929804,0.0459085032,-0.187333584,0.0884782299
-0.00483955909,-0.119372912,-0.0118773328,-0.186383307
0.102016866,-0.296776325,0.152802154,-0.45862475
0.190921023,-0.417630196,0.266329229,-0.604598582
0.261942327,-0.428538471,0.356617182,-0.604751945
0.322481692,-0.317678183,0.454676479,-0.470554411
0.375100762,-0.12333677,0.554436088,-0.200513273
0.412547976,0.0806588978,0.607187867,0.102346443
0.423059672,0.216586307,0.606968284,0.299224705
0.401462168,0.236743346,0.582583129,0.335032433
0.357267678,0.143387809,0.547375917,0.216741726
0.312673628,-0.0147485398,0.494436085,-0.0208190121
0.290130645,-0.167192325,0.451257586,-0.260655642
0.296661049,-0.255080342,0.440913618,-0.38806811
0.315471202,-0.256631821,0.462555677,-0.390799493
0.312081277,-0.192840531,0.470827103,-0.30338484
0.253747612,-0.111969963,0.402704835,-0.188833699
0.132236943,-0.0621747896,0.223820031,-0.110248998
-0.0235832036,-0.066971235,-0.0326901153,-0.11330799
-0.154669866,-0.11576613,-0.249570996,-0.185617968
-0.197365656,-0.172961012,-0.320234478,-0.269093037
-0.115952305,-0.199217483,-0.198620871,-0.314956397
0.0746109262,-0.172650665,0.106894732,-0.281250924
0.308816671,-0.0988406464,0.467565894,-0.159789965
0.495517999,-0.0055184518,0.691967607,-0.0201385655
0.55672574,0.0736189336,0.743067682,0.0853292644
0.461811393,0.11610309,0.664097667,0.154943705
0.240479931,0.119538411,0.397661656,0.181842029
-0.0316351429,0.0983703285,-0.0367610939,0.160391763
-0.267244428,0.0720124543,-0.415659398,0.116627924
-0.404404819,0.0522573218,-0.601641655,0.084416233
-0.428523153,0.0373739004,-0.632044375,0.0635881275
-0.370180964,0.0155146969,-0.56608212,0.032968875
-0.2824682,-0.0257861149,-0.45050478,-0.0317741372
-0.211670548,-0.0905557498,-0.344628662,-0.1370354
-0.177257195,-0.171286166,-0.286674619,-0.268608689
-0.17041862,-0.252961546,-0.271225989,-0.392121255
-0.169074252,-0.320688039,-0.263355285,-0.485015661
-0.157934517,-0.365444452,-0.241875187,-0.544164598
-0.140144691,-0.384393305,-0.216654286,-0.569173753
-0.133207887,-0.376536161,-0.206291288,-0.562648296
-0.152399451,-0.33818984,-0.237305269,-0.516095102
-0.193332106,-0.263128132,-0.305286676,-0.411229134
-0.226509675,-0.148831517,-0.365497023,-0.238945693
-0.209709704,-0.00526547758,-0.34748134,-0.00950836577
-0.112844028,0.140552953,-0.193203732,0.230585843
0.0587938242,0.249709189,0.0877459571,0.402301401
0.257802129,0.286316484,0.38899231,0.434939414
0.411222816,0.235618845,0.591014028,0.335166514
0.454183102,0.115061827,0.655950189,0.162281901
0.363901615,-0.0296502355,0.564567029,-0.0502053313
0.175435439,-0.143947273,0.293983877,-0.237926722
-0.0310495105,-0.190705329,-0.0458735153,-0.317313671
-0.167038351,-0.169777423,-0.272523403,-0.27663666
-0.178826168,-0.119197704,-0.298930168,-0.191408068
-0.0750202239,-0.0955430716,-0.134282306,-0.153135911
0.0765337199,-0.142336935,0.117246561,-0.228035137
0.181984887,-0.262869954,0.281446517,-0.406348914
0.168804064,-0.41282627,0.246926814,-0.6019876
0.023438748,-0.518523991,0.0339684971,-0.718483627
-0.199985936,-0.51309979,-0.268789858,-0.693588912
-0.404680848,-0.372751206,-0.547733545,-0.504706621
-0.497572213,-0.133955583,-0.694178641,-0.187508017
-0.433867127,0.118478343,-0.63905412,0.172221273
-0.237685934,0.287964523,-0.369689077,0.443837941
0.0110125048,0.309897959,0.0132314973,0.494755596
0.21583131,0.181097671,0.345924765,0.295480013
0.309235007,-0.0396356843,0.491449356,-0.0556354374
0.281040668,-0.259916693,0.429579616,-0.393087029
0.176813766,-0.396690518,0.258747488,-0.587530255
0.0688182861,-0.41228196,0.0971618295,-0.616987884
0.0161550157,-0.3263264,0.0161691364,-0.513204098
0.0355081633,-0.199177921,0.0467237532,-0.330304325
0.0972881317,-0.0970290378,0.152742475,-0.164564669
0.147754133,-0.0577039272,0.241573766,-0.0961280614
0.143678173,-0.0745596588,0.239143729,-0.12400575
0.0797301009,-0.105394199,0.136102363,-0.177586332
-0.00676005566,-0.0997115374,-0.00841447525,-0.169844285
-0.0563105047,-0.0284770392,-0.0972758234,-0.0528139211
-0.0217660423,0.099713631,-0.0420549437,0.161782444
0.102253877,0.243743479,0.155940756,0.387078822
0.271346569,0.352115691,0.394354463,0.511116087
0.409784943,0.389082789,0.550458729,0.512961388
0.446439534,0.350632608,0.597615719,0.458014011
0.349922419,0.262876064,0.522239268,0.378345042
0.14506276,0.165565625,0.252782702,0.263315678
-0.0975580066,0.0912423283,-0.14566046,0.150623634
-0.29356128,0.0517066307,-0.455910444,0.0843637362
-0.382124186,0.0380058587,-0.578087389,0.063266322
-0.350472838,0.0316636004,-0.543282568,0.0584205911
-0.23442331,0.0186381917,-0.384612083,0.0388453081
-0.0963602588,-0.00298259896,-0.165934265,0.00132516387
0.0067802323,-0.0254264567,0.00816642027,-0.0385651775
0.048786249,-0.0405550599,0.0813718513,-0.070686847
0.0406323336,-0.0482937582,0.0688179433,-0.0831486061
0.0167067479,-0.0573947169,0.028290404,-0.0973575488
0.010144623,-0.0774814039,0.0150329201,-0.126712441
0.0317959189,-0.10795828,0.0493435077,-0.178475752
0.0644598454,-0.132418588,0.101945676,-0.219218329
0.0749243647,-0.124349922,0.1218329,-0.208287582
0.0362038091,-0.0626804903,0.0608215518,-0.111204252
-0.0532742031,0.0515156686,-0.0875765309,0.0770980865
-0.164935112,0.188245237,-0.259529054,0.297099859
-0.252977997,0.298328221,-0.375506759,0.450409979
-0.278161913,0.336847365,-0.402566314,0.500472009
-0.229387283,0.288604349,-0.345766991,0.449890196
-0.130886361,0.180909708,-0.211335465,0.304403841
-0.030461112,0.0744532347,-0.0517029949,0.131537259
0.0255033001,0.0344597735,0.0415329114,0.056344036
0.0171066709,0.095753856,0.0292970892,0.1519171
-0.0375381149,0.240194708,-0.056898877,0.376888186
-0.091084078,0.399934262,-0.12926206,0.591644704
-0.0921154171,0.487150162,-0.122409463,0.686756909
-0.0138546191,0.436833888,-0.0155569958,0.646608531
0.128820747,0.241442576,0.206837997,0.398032248
0.283702821,-0.0407502241,0.44866547,-0.0516207553
0.385729223,-0.309100121,0.542714417,-0.434593767
0.389822841,-0.465367883,0.493401527,-0.601458013
0.295463175,-0.458367527,0.394587934,-0.627093971
0.14992331,-0.306790859,0.2278703,-0.487309009
0.0274900813,-0.0892432109,0.0437152535,-0.164456084
-0.00592984399,0.0932713374,-0.013209329,0.148927823
0.0742795393,0.163804248,0.118170984,0.272586644
0.237427443,0.102435462,0.377981395,0.170312479
0.409894854,-0.049214635,0.607989132,-0.068698436
0.508568108,-0.212354213,0.683925807,-0.289805293
0.479549438,-0.310636342,0.632018209,-0.417163283
0.323553413,-0.304891109,0.471845269,-0.45459491
0.0956995711,-0.206745356,0.15857856,-0.348915696
-0.120204747,-0.0665865988,-0.19465825,-0.120222844
-0.28750208,0.361696154,-0.419335395,0.499793351
-0.207530513,0.48310402,-0.283047378,0.680003405
-0.112222701,0.496913433,-0.149609208,0.694710493
-0.0680382028,0.397851497,-0.0917423069,0.599389315
-0.108785354,0.228095084,-0.161607221,0.375071645
-0.216812283,0.0540908426,-0.340196937,0.0974319875
-0.332502961,-0.0684568807,-0.512111485,-0.0987867191
-0.387111604,-0.12240912,-0.581016958,-0.174899712
-0.340975821,-0.134546861,-0.526171088,-0.197015092
-0.206024334,-0.155433327,-0.341375142,-0.239618719
-0.0400925316,-0.224981889,-0.0746773928,-0.354898691
0.0838278383,-0.343292624,0.121792063,-0.521934092
0.116351143,-0.464025229,0.162345007,-0.660769522
0.057001885,-0.51557827,0.0743315592,-0.713689864
-0.0477879383,-0.439986348,-0.0744286925,-0.647173464
-0.132424191,-0.22908397,-0.217123777,-0.376206666
-0.14955771,0.0620680377,-0.255438864,0.0918016359
-0.0956970677,0.333209723,-0.150832206,0.51036787
-0.0104545485,0.480815113,-0.0109975645,0.686879873
0.0498438589,0.443784356,0.0817643851,0.64958477
0.0484363101,0.230548531,0.0911471322,0.381730616
-0.00751502579,-0.0853890032,-0.000391142879,-0.127912879
-0.0696980506,-0.398530632,-0.104343429,-0.586012602
-0.0780439153,-0.616125286,-0.109841533,-0.774216175
-0.000213963343,-0.692792535,-0.0142911505,-0.80704993
0.142347679,-0.639803171,0.156263292,-0.77669245
0.278889388,-0.507745802,0.349120677,-0.670919061
0.324676484,-0.354870826,0.45220539,-0.514497101
0.229489863,-0.219340175,0.360724688,-0.35436359
0.0125879878,-0.10922052,0.0313256904,-0.192770541
-0.237079561,-0.0124784373,-0.373338312,-0.0255458727
-0.398904741,0.082525298,-0.594020069,0.127741218
-0.379654616,0.170759976,-0.566679895,0.260825068
-0.163715765,0.229219958,-0.269532859,0.373670727
0.172414318,0.231045455,0.259381145,0.374473482
0.491046637,0.165379301,0.675537467,0.230264604
0.656193793,0.049473647,0.800729275,0.0515180528
0.598112583,-0.0756618753,0.76905781,-0.103875853
0.347474307,-0.16445522,0.534256101,-0.256502926
0.0217845459,-0.189730614,0.0484539121,-0.319407135
-0.229678646,-0.155644968,-0.3641271,-0.250569493
-0.295553982,-0.092659533,-0.471869946,-0.140159994
-0.152804419,-0.0375413559,-0.266427457,-0.0546775609
0.126105115,-0.0107463142,0.192260414,-0.0127803702
0.411486179,-0.00543493545,0.603525519,-0.0101117752
0.580066264,0.0046348772,0.761888802,-0.00360811944
0.572190583,0.0429952294,0.755355775,0.043364428
0.415246099,0.10836795,0.618949294,0.145151153
0.203777552,0.167919591,0.338158369,0.256238431
0.0484841727,0.172613949,0.0898240283,0.28115961
0.0208824445,0.0877536014,0.03694994,0.154649422
0.120972201,-0.0788305774,0.19463636,-0.118690528
0.28223139,-0.269304216,0.418087393,-0.400569975
0.408976495,-0.397090435,0.532505989,-0.532061696
0.425561368,-0.388633639,0.552213788,-0.521736264
0.312544078,-0.224412054,0.468334168,-0.355622441
0.11318244,0.0439262949,0.191708028,0.0504323877
-0.090617463,0.312187642,-0.131796509,0.473102659
-0.218900174,0.471021473,-0.293488741,0.655104637
-0.230088547,0.458768576,-0.311142325,0.645061374
-0.136509016,0.292063951,-0.20983845,0.468056202
0.00605637999,0.0571303144,0.0110995639,0.113917567
0.127067119,-0.134784892,0.20510672,-0.213711038
0.172898129,-0.20490475,0.272294521,-0.333930671
0.126930237,-0.146796957,0.20694463,-0.251203328
0.0109881768,-0.0269202776,0.022271594,-0.0565127917
-0.129320279,0.0548691154,-0.20695211,0.0874498859
-0.246075913,0.0236165319,-0.388721615,0.0466889516
-0.306950152,-0.125705019,-0.475936174,-0.179619551
-0.303135037,-0.321972638,-0.446241438,-0.454914093
-0.246892586,-0.455216795,-0.351622313,-0.620309055
-0.162859932,-0.438154221,-0.245240167,-0.626682878
-0.0784135386,-0.258535355,-0.137882337,-0.418753594
-0.0165678617,0.00731225312,-0.0386848748,-0.00184734724
0.0079409508,0.229228884,0.0140140792,0.364139557
-0.00952084176,0.28977111,-0.00482022809,0.460934162
-0.0628173798,0.148184627,-0.0912335068,0.256637901
-0.135886595,-0.132559448,-0.214168623,-0.200278476
-0.206287459,-0.4116835,-0.299831778,-0.582158744
-0.251915038,-0.538197339,-0.336325377,-0.693939865
-0.259269863,-0.426875979,-0.372412592,-0.599671543
-0.22969611,-0.104204983,-0.380590886,-0.180843711
-0.179815605,0.299542099,-0.286869019,0.4453471
-0.134662107,0.609086394,-0.161617696,0.768256426
-0.1158133,0.68542552,-0.120572768,0.801603317
-0.130003914,0.490264267,-0.165850118,0.689087391
-0.164225116,0.102954134,-0.253578067,0.191465706
-0.190518007,-0.317074686,-0.287008226,-0.46008563
-0.178814068,-0.603059113,-0.236672387,-0.749308228
-0.111841045,-0.653570056,-0.148443446,-0.787635803
0.00526658306,-0.471709162,-0.00649134489,-0.67776376
0.145559028,-0.155239686,0.217609003,-0.269708008
0.270921081,0.153907612,0.415907502,0.224832043
0.347674608,0.334172994,0.499636263,0.468421787
0.359775722,0.33247599,0.515848279,0.468900979
0.31379953,0.176366061,0.489632577,0.272822946
0.234245762,-0.0503166355,0.38753286,-0.0758171231
0.15235877,-0.251880944,0.24309504,-0.396064192
0.0941709355,-0.362087667,0.137780398,-0.551557064
0.0727851614,-0.364347219,0.10177438,-0.558273554
0.086856313,-0.285933882,0.127248615,-0.45525977
0.123906963,-0.174573749,0.192134008,-0.291985065
0.16548197,-0.0724786967,0.266413599,-0.124836206
0.191827118,-0.000785757031,0.312771499,-0.00660281535
0.185745165,0.0409102179,0.306408733,0.0631431937
0.136687398,0.0641731471,0.229708597,0.101069354
0.0456678756,0.0793945119,0.0833571926,0.128875539
-0.0705163106,0.0890888274,-0.108694799,0.147761211
-0.179271221,0.0890391394,-0.287559748,0.147136435
-0.239717677,0.0740973875,-0.382810801,0.12614581
-0.21780099,0.0432698503,-0.35592258,0.0777117983
-0.104049094,0.000547618722,-0.180192947,0.00887323916
0.074785091,-0.048137214,0.115451686,-0.0745400563
0.258559436,-0.0984693691,0.40454185,-0.15623115
0.373788536,-0.148461312,0.55529964,-0.22812371
0.364837706,-0.195697248,0.544468284,-0.298377216
0.222716987,-0.233765468,0.352752388,-0.371371031
-0.0036445111,-0.251780748,0.00143612036,-0.409895986
-0.222399384,-0.239008874,-0.345343262,-0.37499094
-0.33665964,-0.192729712,-0.512767076,-0.286759019
-0.28962487,-0.124295041,-0.463072985,-0.189545453
-0.0955748931,-0.0582808852,-0.174035892,-0.0909001604
0.16008389,-0.0231930874,0.249732628,-0.0351044871
0.354849905,-0.0374378003,0.541413665,-0.0588256046
0.383760393,-0.0979734361,0.580907881,-0.152694687
0.209891587,-0.178650782,0.345692515,-0.289997578
-0.1137648,-0.240525603,-0.166979849,-0.390134901
-0.463125139,-0.249847949,-0.632323682,-0.343372643
-0.695569515,-0.194759473,-0.790088534,-0.212417141
-0.712787092,-0.0918283835,-0.807864845,-0.0942367017
-0.504864693,0.0213759728,-0.71147567,0.0365929268
-0.154938936,0.104102798,-0.272880524,0.180253789
0.197768897,0.131498054,0.306784928,0.218753204
0.419065982,0.10517285,0.618067443,0.150385112
0.436439604,0.0501664169,0.644833565,0.0642970502
0.265430659,0.000549660821,0.4353154,-0.0083455462
-0.00490509113,-0.018195888,0.00747667579,-0.0388523601
-0.258232862,-0.000678290962,-0.406271666,-0.00277969707
-0.405053496,0.0384109206,-0.605810821,0.062896125
-0.418570608,0.07453385,-0.620122075,0.117881738
-0.33682701,0.087054804,-0.521414042,0.142464831
-0.233317971,0.0685920268,-0.377548575,0.11864461
-0.173777416,0.0255322475,-0.286050916,0.0488069132
-0.182382286,-0.0289874077,-0.296897054,-0.0428014025
-0.233943343,-0.0839375034,-0.373935074,-0.129684001
-0.273873657,-0.135001063,-0.431846917,-0.205579802
-0.252983868,-0.18244876,-0.402326763,-0.277086884
-0.15715228,-0.224903658,-0.26024583,-0.350736797
-0.0159129146,-0.254723608,-0.0382111296,-0.404281229
0.113726526,-0.259688497,0.170244813,-0.412708461
0.178355411,-0.231065303,0.276594698,-0.37131831
0.156687826,-0.172952875,0.251504183,-0.28787452
0.0703112558,-0.105680294,0.118568182,-0.182347357
-0.0283299722,-0.0587826371,-0.0450912938,-0.102199793
-0.0833432749,-0.0554653294,-0.138713509,-0.089921765
-0.0631143302,-0.0967087299,-0.109137475,-0.152285889
0.0258866921,-0.155146211,0.0343652368,-0.250859082
0.145071641,-0.184693485,0.225101605,-0.298111439
0.244449392,-0.143362641,0.381062835,-0.236582011
0.285823673,-0.0183995366,0.448027045,-0.0418792106
0.256331533,0.160172701,0.406281412,0.236621812
0.167029038,0.326943398,0.264520437,0.488370985
0.0403758846,0.408383101,0.0729299188,0.604487002
-0.103590794,0.358033955,-0.142859355,0.549319267
-0.253207088,0.182255328,-0.382445186,0.299265981
-0.400493264,-0.0573956445,-0.589546263,-0.0686894134
-0.53104496,-0.268064439,-0.687615514,-0.333721876
-0.618092477,-0.365587115,-0.704918265,-0.405702502
-0.628111959,-0.311949492,-0.727904022,-0.355818391
-0.537714303,-0.132363304,-0.727060437,-0.174848646
-0.353044391,0.0961933881,-0.551702023,0.146016747
-0.119036883,0.27938202,-0.197983518,0.440554261
0.090403147,0.346450776,0.13897486,0.535649836
0.200307697,0.278783441,0.317790866,0.433999389
0.168805525,0.113839455,0.288559616,0.189639166
0.0102212979,-0.0754990727,0.0325426646,-0.123117514
-0.206558138,-0.214793012,-0.317696005,-0.337360889
-0.386497259,-0.258769602,-0.558304369,-0.370696217
-0.4517456,-0.205838397,-0.640017033,-0.285794318
-0.379232645,-0.0924187005,-0.58046478,-0.134549946
-0.213273227,0.0271900203,-0.358064532,0.0483822599
-0.0454676785,0.104202144,-0.0824282169,0.175789088
0.0296458993,0.111656584,0.0525052622,0.187666431
-0.0378944203,0.0489035919,-0.0519595109,0.0836943388
-0.226285011,-0.0639280677,-0.351302534,-0.0974636078
-0.449192643,-0.195860654,-0.628706515,-0.267778069
-0.594788671,-0.314104497,-0.714577913,-0.36298424
-0.578209698,-0.390080273,-0.676622987,-0.43826288
-0.382263184,-0.403455824,-0.521877408,-0.527358472
-0.066807121,-0.346045315,-0.125796229,-0.524816871
0.257517397,-0.225639269,0.376250327,-0.354630768
0.478279024,-0.067296274,0.671507776,-0.109603412
0.529404998,0.0911513939,0.72278583,0.10980805
0.416034967,0.210350156,0.60439527,0.287267864
0.205680043,0.264094234,0.333409816,0.400776058
-0.00801772904,0.250549972,0.00375716039,0.400657564
-0.149757549,0.193267077,-0.232743591,0.316573799
-0.193326533,0.129714355,-0.309287786,0.217059299
-0.164925531,0.0919363648,-0.271562248,0.15550907
-0.120027766,0.0891832188,-0.199046075,0.149635151
-0.108037323,0.102503233,-0.177494377,0.170297593
-0.144274682,0.0955132172,-0.231577978,0.160577625
-0.203712493,0.0366230346,-0.326245725,0.0662138909
-0.238540441,-0.0791377053,-0.383117884,-0.116223633
-0.208786905,-0.22147049,-0.333498001,-0.337455124
-0.108595945,-0.335719585,-0.178089961,-0.506460726
0.0264211334,-0.369101912,0.0263374951,-0.562929749
0.134879708,-0.298964441,0.198885992,-0.471794754
0.160114571,-0.147617385,0.255181372,-0.252687246
0.0794772878,0.0252946988,0.137656152,0.0293946601
-0.0827802271,0.150068283,-0.124349564,0.24076198
-0.265610188,0.180162251,-0.401753366,0.286715418
-0.39902994,0.113922179,-0.585373998,0.181122974
-0.435710549,-0.00684899138,-0.636314511,0.00408520084
-0.370864391,-0.120725237,-0.563665688,-0.167630687
-0.241414607,-0.179878071,-0.389653116,-0.274820119
-0.106051952,-0.174411759,-0.183134049,-0.281643629
-0.0170331933,-0.134413287,-0.0343683586,-0.223676771
0.00214751251,-0.108778141,0.00381809729,-0.183470488
-0.0369237438,-0.133041516,-0.0585501269,-0.219466895
-0.0986404121,-0.204891071,-0.158024117,-0.326978296
-0.144417107,-0.281988263,-0.228715822,-0.435542643
-0.152039573,-0.304270178,-0.242539883,-0.46897319
-0.123718038,-0.228923112,-0.208051383,-0.36788854
-0.0800941065,-0.0585773699,-0.142760843,-0.104800627
-0.0451412313,0.153609946,-0.077684477,0.243300632
-0.0313009806,0.325999647,-0.0443465784,0.504691005
-0.0332083367,0.386872143,-0.04071429,0.585585475
-0.0328867584,0.309332788,-0.043315433,0.492516577
-0.0125976857,0.124531761,-0.0137013681,0.217315122
0.0326567665,-0.0934914276,0.0558928326,-0.142475396
0.0904804245,-0.263047814,0.138807848,-0.415962219
0.137079433,-0.331590414,0.201577514,-0.512076259
0.150557041,-0.295509607,0.226800069,-0.466146141
0.123994209,-0.194320172,0.195321798,-0.324444115
0.070870541,-0.0847174898,0.117362067,-0.148333669
0.0195496865,-0.0102819791,0.0338441841,-0.0206188448
-0.000515785185,0.0164504126,7.28269297e-05,0.029605912
0.0262648053,0.011337935,0.0411758088,0.0205623694
0.0932896584,-0.000176755042,0.152364463,0.00137568242
0.174394622,-0.00438097864,0.282941729,-0.00870709959
0.236148462,-0.00893827621,0.378925353,-0.0192044675
0.253653526,-0.0349245556,0.408727676,-0.0602774136
0.222062871,-0.0970884711,0.361759424,-0.158003539
0.158337086,-0.186190054,0.257106304,-0.301335007
0.0926894173,-0.266509682,0.144962043,-0.4242239
0.0541311763,-0.292363197,0.0785393193,-0.462463081
0.0570978001,-0.235209063,0.0832670927,-0.383408755
0.0952238813,-0.105183467,0.149582401,-0.182479411
0.144652814,0.0473197103,0.234786496,0.069300428
0.174804717,0.153628841,0.283287436,0.241969824
0.161451876,0.162131459,0.268861324,0.262042046
0.0965166539,0.0679788888,0.170109808,0.116936944
-0.00894770678,-0.0801281855,-0.00785306096,-0.127437785
-0.128913373,-0.201589376,-0.20594646,-0.320824772
-0.231227577,-0.223940462,-0.363284796,-0.350531906
-0.28750208,-0.120565385,-0.45651862,-0.191453844
-0.280857861,0.0741749853,-0.451508611,0.115477622
-0.20979467,0.280990392,-0.32713142,0.431408077
-0.0879469216,0.414810777,-0.128690809,0.615205407
0.059590362,0.426442832,0.0909266993,0.632763684
0.202351063,0.324752957,0.309857458,0.496457309
0.311857641,0.168016165,0.483760029,0.26235494
0.368822813,0.0298926085,0.564925253,0.0430937819
0.36836791,-0.0407697596,0.561336696,-0.0687396303
0.32136324,-0.0440510772,0.501617372,-0.077927351
0.250759512,-0.0240312293,0.404288858,-0.0459739044
0.183463112,-0.0382791758,0.303180724,-0.0669763535
0.140341595,-0.119604222,0.231198028,-0.194252893
0.128288224,-0.252234429,0.20192413,-0.396960109
0.137977302,-0.376460344,0.199356601,-0.562258244
0.148788407,-0.419766605,0.208794981,-0.614050448
0.139157563,-0.33750686,0.204148009,-0.523842692
0.0978474021,-0.140585169,0.156161845,-0.245607615
0.0308114737,0.1055246,0.0507661477,0.160287455
-0.0399137884,0.310577333,-0.0570913926,0.481104851
-0.0851952359,0.402731568,-0.117509641,0.601626337
-0.0817431882,0.362498224,-0.117409945,0.558643222
-0.0230174065,0.229936793,-0.0327627063,0.382211566
0.0770641044,0.0819560885,0.127689689,0.144454136
0.189391151,-0.0076663075,0.306697637,-0.0129996911
0.28139621,-0.00429165177,0.441449732,-0.0148882233
0.329727083,0.0739022121,0.508464277,0.102521323
0.32808578,0.170437738,0.503041685,0.248421803
0.287086695,0.224058181,0.445353448,0.33527863
0.227064967,0.202569008,0.364524245,0.31562376
0.168143198,0.119170018,0.281485707,0.195777103
0.122800782,0.0236522406,0.206941023,0.0413974151
0.0942897871,-0.0255542304,0.15807882,-0.0449763238
0.0806499496,0.00711700413,0.131929398,0.0054573901
0.0808428228,0.115727387,0.131554991,0.182776809
0.0984602422,0.25571242,0.157492176,0.399131417
0.140141428,0.365385532,0.21508114,0.546001315
0.209275529,0.394189924,0.308215261,0.573418915
0.298784763,0.323806942,0.439343482,0.473630458
0.387888312,0.173406929,0.575366795,0.258424938
0.446007848,-0.010938636,0.652088344,-0.0157735813
0.443243295,-0.175433174,0.633657932,-0.253474176
0.363108963,-0.2768341,0.524525404,-0.406693071
0.211525664,-0.2932868,0.324084461,-0.456056029
0.0174069349,-0.226492614,0.0301045272,-0.376558185
-0.176046669,-0.0980717912,-0.286108762,-0.168114826
-0.325913668,0.056302622,-0.505153835,0.0855754465
-0.403858989,0.193513796,-0.586320519,0.284826159
-0.404317945,0.271231711,-0.569815099,0.39163053
-0.343674928,0.25879389,-0.502071261,0.389782012
-0.251685649,0.149157643,-0.395674199,0.249172494
-0.159592465,-0.033103466,-0.262395054,-0.0397920683
-0.0901786759,-0.233983859,-0.147738039,-0.364837497
-0.0532563254,-0.385549396,-0.0853786841,-0.579113424
-0.0469518676,-0.431280136,-0.0754138902,-0.633955061
-0.0624120869,-0.351117879,-0.103414044,-0.543861926
-0.0885699764,-0.173717856,-0.151291907,-0.293792814
-0.114654422,0.0322563387,-0.195806786,0.0457944199
-0.130306184,0.186246246,-0.209775418,0.300433815
-0.125022426,0.231474355,-0.195054218,0.376237482
-0.0890523642,0.161210001,-0.141820386,0.274882555
-0.0166301429,0.0221147276,-0.0277377535,0.0480486564
0.0895954967,-0.107935213,0.144166812,-0.172422156
0.215561926,-0.157217562,0.335933208,-0.254482985
0.336782783,-0.0943338126,0.51050657,-0.15466845
0.424170822,0.0578275956,0.619974852,0.0709733889
0.453056842,0.234977484,0.631105065,0.31181699
0.411881387,0.363878936,0.562191069,0.479005665
0.306807846,0.397103161,0.438541621,0.547939539
0.160122067,0.332223982,0.259695411,0.504537284
0.00295503018,0.206645668,0.0198287796,0.3392362
-0.134719014,0.0728701651,-0.21243611,0.127003521
-0.23284252,-0.0304902084,-0.373148203,-0.0419343822
-0.285600007,-0.0951510742,-0.452625096,-0.145291314
-0.300186098,-0.138484925,-0.468955934,-0.20859535
-0.291203856,-0.182284445,-0.453856766,-0.273576945
-0.273404568,-0.229734764,-0.42359671,-0.344374418
-0.255706042,-0.256597549,-0.396829695,-0.385772943
-0.238507688,-0.223922476,-0.377804905,-0.346596658
-0.214862019,-0.105951555,-0.353290945,-0.174852654
-0.174718231,0.0836595073,-0.29066667,0.131259739
-0.110606402,0.285060763,-0.176279008,0.444681764
-0.0228305142,0.412717342,-0.0301390737,0.615620077
0.0776362121,0.395517617,0.121281922,0.595456123
0.169886261,0.21634312,0.276347429,0.355404824
0.227910802,-0.0709750652,0.372018039,-0.102296874
0.228719175,-0.359020501,0.338948876,-0.526389718
0.161463886,-0.532568276,0.211077303,-0.717025161
0.0342003591,-0.521356583,0.0411055498,-0.723082542
-0.12506713,-0.333597779,-0.196693093,-0.523554385
-0.274817467,-0.0528353937,-0.437954575,-0.0977040976
-0.372794926,0.201009452,-0.551774204,0.294764191
-0.390909791,0.327413678,-0.538918793,0.464021266
-0.326241106,0.290366769,-0.471502215,0.437974423
-0.202886924,0.130982161,-0.324886888,0.227326527
-0.0628362596,-0.0574616976,-0.108552046,-0.081687741
0.051119078,-0.178084448,0.077905871,-0.289005458
0.113379464,-0.177265644,0.178370699,-0.295989633
0.126293957,-0.0665617064,0.205218107,-0.120791584
0.118283667,0.0896109045,0.19466731,0.138948023
0.129563645,0.211717993,0.209209338,0.336221039
0.191655025,0.246914521,0.301886618,0.38788572
0.310234278,0.192916453,0.474381417,0.298108906
0.45976153,0.0929645747,0.658516228,0.13346
0.593039155,0.00710335886,0.766569197,0.00318388082
0.661774576,-0.0226255655,0.796471119,-0.0393537395
0.638768852,0.00657955837,0.78692162,-0.00532748643
0.531272173,0.0614231192,0.724397302,0.0706316158
0.378990918,0.0965191871,0.578140616,0.134218201
0.237376645,0.084133558,0.388951927,0.130083606
0.153742209,0.0319635645,0.256914288,0.0536695831
0.147091225,-0.0212096591,0.241085798,-0.0342134014
0.200725615,-0.029135989,0.32204473,-0.0506500565
0.27066201,0.0329074673,0.426329255,0.0441416688
0.305615842,0.150538534,0.473234057,0.22074011
0.26928395,0.274328351,0.413930863,0.402304918
0.155135363,0.34357205,0.247616142,0.513455629
-0.0121165849,0.317026317,-0.00309396186,0.495586008
-0.187895298,0.194270462,-0.284843713,0.317851245
-0.326024443,0.0166842304,-0.498751849,0.0390554965
-0.395638227,-0.151939511,-0.584969997,-0.21049735
-0.390152752,-0.254611433,-0.565790236,-0.355100095
-0.326004893,-0.26524663,-0.490861386,-0.387350112
-0.23344928,-0.196377486,-0.375885785,-0.308727235
-0.144438475,-0.0884423777,-0.244985551,-0.147210956
-0.0826153681,0.0119363191,-0.140655905,0.0196013637
-0.0583258159,0.0726554692,-0.0961067155,0.119831428
-0.0688313916,0.0859943479,-0.110640466,0.146009773
-0.102016866,0.0649198219,-0.165418714,0.111070208
-0.141452074,0.0306665394,-0.230568767,0.0557441413
-0.171303704,0.000178428367,-0.280065924,0.00355631812
-0.180408314,-0.0196881816,-0.296933621,-0.0282171275
-0.165128693,-0.0297431499,-0.274079949,-0.0451627001
-0.130408958,-0.0318359062,-0.220260128,-0.0486645289
-0.0882883444,-0.0241431575,-0.150272861,-0.0388356671
-0.0536490083,-0.00221953331,-0.0922675356,-0.00317905168
-0.038233716,0.0351540968,-0.063846752,0.0578353591
-0.0453180857,0.0802619159,-0.073973611,0.132393554
-0.0678344518,0.116222888,-0.109499678,0.193249583
-0.0915598646,0.124071822,-0.147962868,0.207071409
-0.102485009,0.0938276201,-0.166627884,0.161377236
-0.0949276015,0.0328294747,-0.15605998,0.060437236
-0.0759156123,-0.034608718,-0.127622619,-0.0520500988
-0.0627623126,-0.0774188563,-0.105547786,-0.127381518
-0.0741637945,-0.073058486,-0.125509605,-0.123390347
-0.11886131,-0.0194599535,-0.197955221,-0.0361467786
-0.187809661,0.0634917915,-0.30318132,0.101216137
-0.254575074,0.144451797,-0.400269955,0.228182137
-0.284728974,0.197663814,-0.43588087,0.309246093
-0.25029555,0.217012137,-0.389302611,0.342978895
-0.142429322,0.218761221,-0.231230229,0.355850577
0.0238567572,0.230838254,0.0329349004,0.375873387
0.215128347,0.274269193,0.32821551,0.421499848
0.392174333,0.347306728,0.541018069,0.469257504
0.523384988,0.421919554,0.629118264,0.494968951
0.592512727,0.455870956,0.650916159,0.487814665
0.598132491,0.414983779,0.671870708,0.457273602
0.547134578,0.294097036,0.692771316,0.365672708
0.447906673,0.125128612,0.651345789,0.177380309
0.308407664,-0.0331712663,0.492365718,-0.0536781922
0.140324429,-0.11989323,0.237490103,-0.201953366
-0.0345723741,-0.0996167138,-0.0546396226,-0.174789757
-0.182514235,0.0202819556,-0.299265772,0.0249874461
-0.265168965,0.19114925,-0.413646966,0.294892699
-0.255615085,0.342869759,-0.376392394,0.507781744
-0.155526653,0.412828952,-0.227823436,0.608371675
-0.00305853342,0.37092182,-0.00247132848,0.572854221
0.136250883,0.229946539,0.222062424,0.376625478
0.195049912,0.0380020812,0.325324178,0.0687210858
0.13613902,-0.142234832,0.23127307,-0.231683388
-0.0248036366,-0.257290095,-0.0346120186,-0.41428256
-0.219115436,-0.279703647,-0.335833639,-0.432969689
-0.35112974,-0.212456226,-0.526501656,-0.317103118
-0.340616226,-0.0819278806,-0.531806469,-0.12482433
-0.162491441,0.0749794692,-0.282359689,0.125735894
0.135958448,0.222864047,0.201542497,0.356447041
0.450560421,0.334733754,0.597362339,0.442505777
0.663196623,0.393491536,0.707825065,0.408833921
0.693162501,0.390667289,0.711611629,0.38778767
0.532938361,0.325566739,0.672709167,0.398142964
0.251173437,0.206198156,0.409467608,0.31595099
-0.0387941077,0.0507741198,-0.0462372527,0.0872480199
-0.22994864,-0.112873264,-0.364461124,-0.171867386
-0.267868578,-0.251975983,-0.41727677,-0.373111457
-0.170668229,-0.337270856,-0.270777732,-0.502324939
-0.014336355,-0.352282017,-0.0368440449,-0.53880924
0.107693687,-0.299357146,0.156620935,-0.471508533
0.129737988,-0.199385196,0.205296293,-0.330619335
0.0416398458,-0.0848423988,0.0723034516,-0.152428254
-0.112991519,0.0111885341,-0.180783063,0.013419766
-0.26452148,0.0656451881,-0.414071143,0.106206231
-0.3545219,0.0717095584,-0.540824831,0.117331438
-0.362468332,0.0386882536,-0.552734792,0.0683078244
-0.309127599,-0.0136522977,-0.486863405,-0.0121118221
-0.237457648,-0.0634348467,-0.386634558,-0.0953040421
-0.18408379,-0.0942632779,-0.300587803,-0.148357585
-0.158641562,-0.0995002761,-0.26244235,-0.161665931
-0.142508924,-0.082351774,-0.238136455,-0.13455987
-0.106355116,-0.0524989292,-0.181159362,-0.0873817354
-0.0346402489,-0.0209955517,-0.0634066835,-0.0353827924
0.0587968752,0.00464251963,0.0935595483,0.00879125576
0.134424895,0.0235798918,0.220607921,0.0372399651
0.14864634,0.0420887507,0.248708263,0.0648534596
0.0809978992,0.0710625425,0.140837133,0.112994544
-0.0493397415,0.121243976,-0.074579753,0.195507079
-0.188380361,0.197617441,-0.292764068,0.313432902
-0.272172123,0.294992238,-0.403123945,0.442883611
-0.258716315,0.396779627,-0.368029326,0.569774151
-0.149560019,0.478104174,-0.209388196,0.671366811
0.0110378806,0.512822807,0.0172971766,0.713324368
0.15923135,0.482323289,0.225095913,0.672088802
0.244522184,0.382934809,0.362015724,0.554718792
0.254530847,0.229007468,0.402073354,0.35547033
0.218138739,0.0502326004,0.36201942,0.0834341645
0.185588285,-0.116038427,0.30415383,-0.185649589
0.196997434,-0.234851956,0.304456353,-0.369993836
0.257218391,-0.282741934,0.379226804,-0.432118654
0.331401139,-0.253169447,0.481950194,-0.385079414
0.363989294,-0.157208309,0.54035455,-0.248848036
0.310685158,-0.0200155172,0.488110125,-0.0460414365
0.165556103,0.125397444,0.277441114,0.190484121
-0.0319725759,0.245459244,-0.0378025509,0.385299534
-0.214432389,0.313150018,-0.312654048,0.476424336
-0.318769783,0.313988417,-0.456040919,0.463896483
-0.316561848,0.249881402,-0.470144778,0.384688616
-0.226031378,0.139591947,-0.361957461,0.234896526
-0.100062922,0.0147823617,-0.170287669,0.0369343236
0.00245584967,-0.0883088857,2.93706362e-05,-0.143471494
0.0459000692,-0.139657736,0.0748795643,-0.232248858
0.0321041495,-0.125110522,0.0518115051,-0.211837023
-0.00711634429,-0.0509124659,-0.0141229006,-0.0912867635
-0.0333064385,0.0592726618,-0.056978602,0.0941197723
-0.0261113606,0.174017072,-0.0429780185,0.282768309
0.00513057318,0.266305298,0.0116280848,0.423659384
0.0291785449,0.322538614,0.0508184321,0.501919627
0.0146106919,0.344059944,0.0320585929,0.529384732
-0.0481756665,0.340789676,-0.0629589334,0.524832368
-0.138304219,0.321003228,-0.202409282,0.496743828
-0.214573428,0.283712626,-0.320101857,0.441270024
-0.238514706,0.218877524,-0.368320674,0.349646032
-0.196590886,0.116114818,-0.317395031,0.198278233
-0.108125575,-0.022904288,-0.181744099,-0.0262877047
-0.0139617585,-0.176348984,-0.026325224,-0.280264348
0.0476210304,-0.305022776,0.0706613585,-0.474522561
0.0633871928,-0.366996795,0.0909626037,-0.561422884
0.0523167811,-0.337915272,0.0750393271,-0.528351188
0.0526570119,-0.226318568,0.0769593045,-0.37314871
0.0960975662,-0.0744631961,0.151129156,-0.132814035
0.184434175,0.0580845289,0.295790255,0.0890560672
0.28331238,0.12157812,0.443318993,0.188680053
0.338121206,0.100779466,0.522215486,0.153374508
0.30413568,0.0239699986,0.4853369,0.0348131396
0.174083725,-0.0497550778,0.29497838,-0.0860161632
-0.0131749734,-0.0598369502,-0.0130991414,-0.106672801
-0.189146355,0.0240396559,-0.306107521,0.0327417478
-0.289554656,0.184295818,-0.447159439,0.282242507
-0.23185651,0.00927426014,-0.37286672,0.0413943678
-0.163853094,0.154081374,-0.275407016,0.237621263
-0.0460213386,0.183422491,-0.0775601119,0.308027595
0.0662225485,0.128720149,0.111079812,0.220256165
0.111844845,0.0566085689,0.190864161,0.0937091485
0.0565178916,0.0342485569,0.100381278,0.0518449098
-0.0849071816,0.0950215906,-0.132917196,0.149175361
-0.25003618,0.221431926,-0.380592674,0.338721186
-0.356814325,0.35368523,-0.493385941,0.497571051
-0.345140368,0.419804633,-0.463053554,0.575322151
-0.210739791,0.372561812,-0.309673309,0.55798614
-0.0121596111,0.215187162,-0.0217002984,0.364675969
0.155063152,0.0033447505,0.255088747,0.0186029281
0.205582812,-0.177649304,0.329761297,-0.283946604
0.109041557,-0.249664694,0.17749092,-0.406847864
-0.0912930891,-0.175675184,-0.143823639,-0.299699694
-0.297018021,0.0242790785,-0.46661675,0.0278227553
-0.401944399,0.281329274,-0.568854809,0.396118879
-0.344571084,0.505402446,-0.437639475,0.647664011
-0.138708919,0.619429171,-0.173060939,0.774083197
0.133674055,0.585807979,0.17268829,0.757538736
0.36365965,0.415723771,0.490712792,0.565019906
0.469073653,0.160216078,0.665003359,0.229319513
0.432672054,-0.110692032,0.637173295,-0.159471586
0.305310756,-0.331140608,0.447316319,-0.48456803
0.173450917,-0.456594676,0.242583022,-0.649548829
0.109412529,-0.471187085,0.145654798,-0.67078656
0.131762341,-0.386034191,0.182372123,-0.581335247
0.197304443,-0.231931835,0.298988551,-0.374499679
0.228625774,-0.0499141477,0.364858776,-0.0926584378
0.1616126,0.118242227,0.269190043,0.180197105
-0.0135757346,0.238728598,-0.0080157835,0.37685442
-0.241029412,0.292896897,-0.350916624,0.444831729
-0.424030513,0.281447291,-0.579725981,0.400658637
-0.473601758,0.223683447,-0.647181511,0.31913653
-0.355083346,0.150854826,-0.54033494,0.239690438
-0.108158261,0.0949681625,-0.19161509,0.167188317
0.170203254,0.0770265609,0.267303765,0.128905073
0.371004939,0.0997126326,0.558095038,0.143740639
0.423451275,0.147995666,0.619992256,0.204371348
0.325022787,0.197448179,0.501193047,0.287436366
0.137474805,0.226093337,0.233675495,0.353346467
-0.0472717732,0.22367686,-0.0651102811,0.360567242
-0.15245007,0.193674609,-0.239451468,0.315440059
-0.149766624,0.147507057,-0.243159086,0.246631995
-0.0654492825,0.0950201601,-0.112141185,0.164653569
0.0410203673,0.0375675559,0.0655856729,0.0680581182
0.111557089,-0.0315259881,0.18653208,-0.0509980023
0.118152514,-0.119004227,0.196226269,-0.194182187
0.071560815,-0.221191272,0.117842093,-0.35602203
0.00824525766,-0.318301171,0.0114810737,-0.497064263
-0.0342219286,-0.378772795,-0.0579503886,-0.572004139
-0.0380566046,-0.373167008,-0.0659883544,-0.566523552
-0.0112168789,-0.291012019,-0.0275252797,-0.464033037
0.0228388142,-0.151067942,0.028408071,-0.256502122
0.0431399308,0.00210124557,0.0672951639,-0.00385991298
0.0447077602,0.115487628,0.0765118971,0.187478393
0.0392833017,0.151403964,0.069232218,0.250681579
0.0437695906,0.105838783,0.0773802996,0.179607987
0.0648899004,0.0114843668,0.110857204,0.0243625827
0.0908997208,-0.0770147815,0.149299458,-0.126376286
0.0965614021,-0.108804226,0.157797173,-0.182467505
0.0589771569,-0.060740374,0.0983144864,-0.109330498
-0.0253579151,0.0526846647,-0.0398230329,0.0785837248
-0.133295074,0.188394621,-0.209571108,0.299562454
-0.223167703,0.297724545,-0.333657354,0.453527629
-0.254898161,0.350905716,-0.368088067,0.519229949
-0.211340427,0.34987393,-0.312066793,0.527456641
-0.10888651,0.322732478,-0.168056026,0.505034447
0.00898986403,0.30341801,0.0161949378,0.480535924
0.0922452807,0.308429033,0.147814676,0.479550928
0.108122163,0.324226856,0.174103558,0.497922271
0.0559052713,0.313026279,0.0990421847,0.48725605
-0.0347268134,0.234341636,-0.0451185554,0.380967081
-0.120072283,0.07056842,-0.188955814,0.126864165
-0.164092347,-0.157820106,-0.263067067,-0.239931375
-0.153795421,-0.396566421,-0.23470442,-0.573421359
-0.100985095,-0.580011487,-0.143193662,-0.74971658
-0.0310836751,-0.660234094,-0.0494018942,-0.795851827
0.0331974216,-0.627783358,0.0292557888,-0.785051227
0.0834482536,-0.513296723,0.102740541,-0.711511135
0.126253217,-0.369634867,0.177834496,-0.562232971
0.17388314,-0.244673014,0.264550984,-0.391947031
0.231912732,-0.159725025,0.360583097,-0.259624928
0.292154759,-0.105036877,0.452289492,-0.170370936
0.335543096,-0.0538580902,0.516572654,-0.0911102593
0.343112022,0.0141157545,0.52818805,0.0128651038
0.308071911,0.0945421904,0.484510779,0.138296321
0.241293803,0.157034948,0.387754887,0.241520032
0.166614756,0.16225116,0.276772469,0.25939703
0.108650066,0.0879863352,0.186658502,0.148992062
0.0803512186,-0.0512195416,0.136888161,-0.0794665664
0.0776027516,-0.203696489,0.123794504,-0.325637043
0.083731696,-0.301905364,0.123835348,-0.474388123
0.0807030126,-0.2954835,0.120602563,-0.4705244
0.0598015115,-0.178810537,0.0918921456,-0.302162141
0.0252204947,0.00232877256,0.0389140695,-0.00734420493
-0.0112277512,0.169962883,-0.0178897083,0.272808313
-0.0401544385,0.250379145,-0.0602454841,0.403230309
-0.0620478317,0.20965153,-0.0924023986,0.346314669
-0.086444132,0.0700102001,-0.137238219,0.127107188
-0.122742049,-0.101602748,-0.198915929,-0.156655595
-0.168677956,-0.227117211,-0.26858896,-0.357148319
-0.205030516,-0.255863667,-0.324019253,-0.397786647
-0.202132076,-0.188275829,-0.329502225,-0.299214363
-0.136618435,-0.0727786049,-0.234856293,-0.120354801
-0.00968880486,0.0220750142,-0.0257137362,0.0368707962
0.144495338,0.0452483706,0.235565066,0.0779785514
0.267609477,-0.00929025188,0.427433491,-0.0141429352
0.301474452,-0.0996372774,0.474633723,-0.158256173
0.21698986,-0.158944473,0.3511343,-0.259788722
0.032771375,-0.132069603,0.0614856146,-0.229739785
-0.187538207,-0.00656237034,-0.300471902,-0.0223588366
-0.360038549,0.178241625,-0.536712825,0.262802869
-0.416735947,0.348763674,-0.562526286,0.477252632
-0.335954368,0.432354301,-0.450836122,0.590124726
-0.152051881,0.39222303,-0.224525154,0.59022373
0.0605076924,0.244719848,0.0968706906,0.405950963
0.220989674,0.0508460887,0.360361218,0.0911299437
0.277616441,-0.113051794,0.440644443,-0.180469945
0.227374971,-0.190371394,0.361314476,-0.308903158
0.111832127,-0.167971164,0.183617651,-0.283416659
-0.00729116565,-0.0778694302,-0.0107289925,-0.13953881
-0.0791597441,0.0223244112,-0.132873416,0.0343115777
-0.0854888111,0.0792202428,-0.143049061,0.134504333
-0.0429056138,0.068565309,-0.0737920851,0.119722784
0.0130494125,0.0037796353,0.0227922015,0.0129032722
0.0517015122,-0.0744301453,0.0843107775,-0.122125909
0.0649198219,-0.120565385,0.106095806,-0.200287059
0.0692801476,-0.107030459,0.112866446,-0.183148533
0.0926533416,-0.0363442227,0.150973558,-0.0674493089
0.153989598,0.0616035275,0.249884099,0.0950989053
0.248513043,0.144193843,0.389816403,0.224197239
0.346961766,0.174577042,0.523553073,0.258711487
0.409247726,0.135580257,0.604490221,0.195841178
0.40480125,0.0341586322,0.609322727,0.047926385
0.32841143,-0.103421971,0.513571799,-0.161740527
0.203250855,-0.241755381,0.323464662,-0.37918362
0.0700377822,-0.347015709,0.108842209,-0.535386086
-0.0313413478,-0.395006865,-0.0517129228,-0.595378578
-0.0780153051,-0.37569055,-0.126229227,-0.569267809
-0.0705068633,-0.294794232,-0.120077267,-0.465853691
-0.0276962146,-0.173006132,-0.0552834049,-0.288168192
0.0250853598,-0.0423488393,0.0355340727,-0.0755076855
0.0674611107,0.0610332042,0.110667914,0.0970571712
0.0892903581,0.107313052,0.15032883,0.176327229
0.0889389291,0.0840238705,0.153173983,0.140427679
0.0681291521,0.00316627673,0.116986997,0.00879187137
0.028371213,-0.10002958,0.0494079888,-0.164689124
-0.0283060949,-0.178238511,-0.0449060164,-0.293186396
-0.0957260281,-0.190026492,-0.157776654,-0.311142832
-0.161334336,-0.117627598,-0.266599953,-0.197248533
-0.209140927,0.0235871561,-0.343105823,0.034217529
-0.227816492,0.189070255,-0.360099852,0.296312213
-0.219394073,0.321707457,-0.327823311,0.486434937
-0.202043444,0.374283612,-0.291393876,0.557455122
-0.202845499,0.327982634,-0.296574652,0.502139628
-0.242463917,0.198754594,-0.369718105,0.320948273
-0.319633543,0.0290315878,-0.49059245,0.0568054169
-0.405447125,-0.130873933,-0.59402287,-0.181187987
-0.453465074,-0.242743582,-0.631540418,-0.325614035
-0.423150778,-0.292760283,-0.593011737,-0.396150023
-0.305544734,-0.291434318,-0.462596565,-0.42182976
-0.136617109,-0.262795061,-0.22923471,-0.408448845
0.0117863202,-0.229538351,0.0081306342,-0.370423704
0.0625188723,-0.202034682,0.100355819,-0.332164645
-0.0277485084,-0.176143721,-0.0402707681,-0.295794398
-0.240420103,-0.139543742,-0.373414576,-0.225923762
-0.494221121,-0.0817781314,-0.687110543,-0.111212879
-0.675806522,-0.00183625426,-0.803101897,0.00519822678
-0.689978957,0.0906873867,-0.801207602,0.113811016
-0.506571889,0.180569813,-0.692542017,0.250303656
-0.180656388,0.254174381,-0.297703594,0.405885905
0.165881619,0.30413416,0.246358365,0.474369019
0.395198435,0.328948349,0.553157568,0.451014459
0.414470941,0.328676313,0.578184128,0.438254178
0.218746483,0.300707161,0.349538952,0.44694975
-0.104982294,0.239586592,-0.142645746,0.378136665
-0.415290773,0.14202553,-0.593041539,0.216954559
-0.578650236,0.0142841833,-0.758022308,0.035514757
-0.527952015,-0.123317622,-0.718843281,-0.150097474
-0.290321678,-0.239187896,-0.45482263,-0.347017556
0.0281891022,-0.301056415,0.0228884406,-0.465736181
0.293162972,-0.290011942,0.421310633,-0.436855167
0.403447211,-0.210715219,0.580662131,-0.317115128
0.335065901,-0.0915764272,0.519380093,-0.154564977
0.147710174,0.0264998153,0.253373384,0.0302087497
-0.0477607548,0.108058751,-0.0684483349,0.173633561
-0.14404729,0.13892518,-0.233407021,0.230858445
-0.0877993107,0.131596282,-0.148048639,0.224748865
0.0978072733,0.116959468,0.152012989,0.197643265
0.327714503,0.126258433,0.49616611,0.191638395
0.498286724,0.172642425,0.684225976,0.2254076
0.537514031,0.242238909,0.70250392,0.299657583
0.437982887,0.299938619,0.606315911,0.397481799
0.257630736,0.307340026,0.398713291,0.451318145
0.089177303,0.243658394,0.157099292,0.389781117
0.0139624784,0.11849694,0.0299776513,0.204134017
0.0627598688,-0.0306222215,0.101316012,-0.0413910672
0.20206973,-0.155157879,0.315230936,-0.246430755
0.35174492,-0.21841085,0.512876213,-0.328710318
0.424814701,-0.21258691,0.600463688,-0.313554466
0.370134354,-0.16122219,0.55376339,-0.251816809
0.197616339,-0.105786055,0.327706546,-0.182386145
-0.0256034192,-0.0836134776,-0.0306055713,-0.145123154
-0.205918759,-0.108872332,-0.327768415,-0.17343916
-0.266314775,-0.166563496,-0.421451777,-0.25079453
-0.181693807,-0.222467303,-0.298890799,-0.343309551
0.00967076235,-0.243289113,-0.00144646119,-0.386747748
0.223469123,-0.215710968,0.334756941,-0.341853023
0.367165685,-0.153670281,0.545196474,-0.240791246
0.38082242,-0.0896871909,0.573511183,-0.145754993
0.262472421,-0.0549629889,0.425956666,-0.0963891521
0.0670065731,-0.0594255365,0.123101935,-0.10446237
-0.120188206,-0.0833098888,-0.191752464,-0.138228238
-0.222182393,-0.085861735,-0.35979265,-0.134608582
-0.204030305,-0.0274479426,-0.340587109,-0.0436818935
-0.0858671218,0.106277116,-0.152575254,0.173927337
0.0696082339,0.291284055,0.103969581,0.453278989
0.188511893,0.471087664,0.267967224,0.649740279
0.220781237,0.579975247,0.289457738,0.725737035
0.162410185,0.57277602,0.223045692,0.735551655
0.0550326742,0.446651459,0.0929697156,0.649286151
-0.0360746831,0.24400419,-0.0451789126,0.40117085
-0.0543895885,0.0348079242,-0.0883892104,0.0700221807
0.0207490772,-0.113233104,0.0277596693,-0.182184786
0.164937541,-0.162439346,0.254350394,-0.264932066
0.321052253,-0.117919199,0.485076576,-0.190827101
0.426414073,-0.0201835167,0.622969985,-0.0428307652
0.441294372,0.0774759948,0.641794145,0.10008236
0.365287423,0.134738594,0.557928264,0.191892415
0.234557822,0.140298292,0.383148551,0.216537327
0.102508381,0.111220069,0.178274125,0.181892604
0.0142083969,0.0777624324,0.0283089578,0.130436048
-0.0127602173,0.063294284,-0.0215330962,0.106243901
0.00760600017,0.0708530098,0.0103334514,0.118195347
0.041344706,0.0834492519,0.068790935,0.139845878
0.0547035672,0.0770705044,0.0932307839,0.129140854
0.0320512354,0.0380679071,0.0567679591,0.0641371235
-0.017314611,-0.0257581864,-0.0247991737,-0.0407311693
-0.06601955,-0.0872885361,-0.108806454,-0.14153862
-0.084587343,-0.114616565,-0.143503308,-0.18812564
-0.0577417277,-0.08985392,-0.10227818,-0.150201842
0.007246261,-0.0213259514,0.00436787168,-0.0380062945
0.0838160217,0.058320336,0.134048402,0.0942123011
0.138593927,0.107832104,0.228163093,0.174771816
0.146439686,0.0988238603,0.246851325,0.16252327
0.100876011,0.0314455554,0.174506858,0.053914912
0.0157249216,-0.0644709393,0.0325602554,-0.105948389
-0.0816514716,-0.143773213,-0.132228494,-0.234454066
-0.161478817,-0.168423861,-0.261972129,-0.27205351
-0.201983973,-0.126114056,-0.33062318,-0.205153689
-0.195506856,-0.035184361,-0.324833363,-0.0572194904
-0.149385273,0.0665349662,-0.251143485,0.109758265
-0.0827980787,0.142492563,-0.13776581,0.235470891
-0.0213669427,0.176011935,-0.0335034728,0.290373772
0.00927426014,0.17621094,0.0197490361,0.291511744
-0.00958348345,0.168019935,-0.00923880842,0.275597632
-0.0830036849,0.172367126,-0.127172723,0.279640675
-0.197714984,0.188661754,-0.306784749,0.30019322
-0.322216779,0.190927118,-0.480462998,0.293720424
-0.413901657,0.141439348,-0.599470794,0.217416227
-0.432816684,0.0154520366,-0.63276279,0.037955679
-0.357930988,-0.176749215,-0.538959086,-0.246073484
-0.198973656,-0.384226531,-0.303946763,-0.547139704
0.00281573948,-0.532105923,-0.0126609411,-0.720428586
0.187605202,-0.554608226,0.227863535,-0.724985361
0.299723953,-0.428686768,0.40021804,-0.598402202
0.310833365,-0.19058691,0.466415197,-0.308930755
0.232585117,0.0749967098,0.376380533,0.0991642475
0.11182718,0.270101786,0.187443927,0.416042447
0.00944981165,0.327245831,0.0254788082,0.511422575
-0.0278247669,0.240644574,-0.0374130756,0.396661788
0.0106483176,0.0690140054,0.0193343107,0.128066167
0.0946402922,-0.0924043506,0.153332546,-0.147183627
0.167979553,-0.157721877,0.266139299,-0.258914649
0.176011428,-0.0920851007,0.28464213,-0.161902681
0.0920502022,0.0713117346,0.154937789,0.103149705
-0.0701676384,0.247464269,-0.101228729,0.385626346
-0.263777524,0.3412956,-0.372993648,0.504756808
-0.431422472,0.294534296,-0.580185235,0.417671621
-0.531150103,0.114830203,-0.709322929,0.174089327
-0.552369416,-0.126990646,-0.729976177,-0.149612576
-0.514596701,-0.329924136,-0.659286618,-0.404428065
-0.451335728,-0.409715146,-0.58169359,-0.514234006
-0.389367551,-0.336973667,-0.547209322,-0.464150697
-0.335589707,-0.148644492,-0.520503342,-0.230485037
-0.278435796,0.0715122148,-0.447491348,0.109198563
-0.201884776,0.232666582,-0.318853498,0.367754668
-0.102430977,0.276982248,-0.159189492,0.444905251
0.00238603214,0.201190099,0.00627997657,0.336434901
0.0801313296,0.0511502884,0.137091517,0.0945666507
0.101446666,-0.105326705,0.17204462,-0.169755951
0.0593329445,-0.211996332,0.0971119925,-0.344340593
-0.0223424435,-0.247053713,-0.036625769,-0.400593758
-0.0975261405,-0.22555548,-0.158859417,-0.364796609
-0.120423652,-0.183123261,-0.199725553,-0.296631247
-0.0699258894,-0.15219076,-0.122656606,-0.249055132
0.0376731232,-0.144672081,0.0531544946,-0.237758294
0.155430302,-0.149771124,0.244974837,-0.241818383
0.229101732,-0.146142572,0.361577213,-0.237541378
0.224807546,-0.119364247,0.361259639,-0.197943985
0.146001175,-0.0732717738,0.244334042,-0.13040486
0.0304123405,-0.0281877164,0.0559500456,-0.0527659282
-0.0713016838,-0.00750712166,-0.115511551,-0.0137996664
-0.123200938,-0.0213716943,-0.203209072,-0.0309734009
-0.122423597,-0.05798693,-0.205307886,-0.0907206535
-0.0979409367,-0.0885051936,-0.165989026,-0.142649189
-0.0906271562,-0.0831201971,-0.152131766,-0.138279453
-0.126431599,-0.0290434528,-0.209358051,-0.0528557301
-0.19865486,0.0604491308,-0.319086879,0.0958430618
-0.270304531,0.151726514,-0.421707243,0.238451138
-0.295923501,0.20847711,-0.449805677,0.323964089
-0.250678599,0.211344928,-0.388331264,0.337736905
-0.149594605,0.168033034,-0.243517473,0.280619562
-0.0446863137,0.107673183,-0.0750924796,0.186215058
8.08187615e-05,0.062435966,0.00160538836,0.104827642
-0.0567035899,0.0471360311,-0.0874942318,0.074821271
-0.20873338,0.0493148714,-0.32942608,0.0783745944
-0.400719494,0.036656674,-0.590728402,0.0603380539
-0.553000212,-0.0214579348,-0.736661553,-0.016841244
-0.599913955,-0.130285576,-0.761294603,-0.148767859
-0.521999955,-0.258352965,-0.686200857,-0.322567672
-0.355008692,-0.346951067,-0.508330405,-0.474291921
-0.170940816,-0.337782353,-0.274908304,-0.507580936
-0.0412772074,-0.205407187,-0.0800488442,-0.340598106
-0.00204696017,0.0228677634,-0.00811788999,0.0241500027
-0.0391777381,0.271737486,-0.0584889203,0.421741098
-0.101332404,0.447159678,-0.135515511,0.645155191
-0.132344589,0.477129847,-0.176003844,0.676344454
-0.104736388,0.34430334,-0.152514741,0.537798703
-0.03547455,0.0941255167,-0.0546422638,0.172756091
0.0247683264,-0.185971349,0.041339308,-0.29055953
0.0226721633,-0.406302512,0.0321927704,-0.604223788
-0.0639633462,-0.514088273,-0.0922750309,-0.711078584
-0.208993301,-0.512955904,-0.283668369,-0.689446926
-0.347456485,-0.4538939,-0.462097675,-0.596909642
-0.407366484,-0.403413028,-0.542732179,-0.525113046
-0.347004175,-0.406143755,-0.483034968,-0.542645454
-0.177823842,-0.461449623,-0.264206886,-0.63675946
0.0392625555,-0.525761127,0.0356017798,-0.715994775
0.222291112,-0.538502336,0.276133478,-0.706542492
0.306471258,-0.457072109,0.403065801,-0.621897757
0.272586167,-0.281868815,0.404658586,-0.436859161
0.15167208,-0.0580489039,0.250952154,-0.113951869
0.00496256864,0.146624804,0.015545805,0.230707198
-0.109034017,0.275707006,-0.164046392,0.432389885
-0.162457645,0.311546683,-0.243388459,0.484808177
-0.166941673,0.281843305,-0.254188001,0.44523406
-0.160362318,0.242222264,-0.249029934,0.389250427
-0.180481419,0.244616732,-0.278068453,0.385270506
-0.240894139,0.308636189,-0.356330216,0.462584943
-0.322382927,0.411171407,-0.435601473,0.566536129
-0.383521318,0.499428421,-0.469422698,0.62806356
-0.38364166,0.519930542,-0.46221748,0.643230438
-0.305029333,0.447612077,-0.407414377,0.612129033
-0.162541628,0.299396545,-0.249409258,0.475773484
0.00351429847,0.125317365,0.00417015329,0.220405996
0.146152005,-0.0175130442,0.238986567,-0.0239664018
0.231393233,-0.0936123207,0.370450854,-0.15296182
0.248926342,-0.104875237,0.395638347,-0.173956558
0.20995912,-0.0850872993,0.340681612,-0.144387051
0.136018336,-0.0767496079,0.227500349,-0.131876633
0.0468661264,-0.103563823,0.0824713483,-0.17416355
-0.0452692434,-0.154379874,-0.0733736753,-0.252831668
-0.133202448,-0.188167036,-0.215888545,-0.301869869
-0.208005026,-0.157980144,-0.336702257,-0.255179256
-0.254661947,-0.0411927514,-0.411766261,-0.0695635974
-0.254904926,0.140753582,-0.408059031,0.219680861
-0.196625695,0.324922502,-0.30037111,0.490760148
-0.0841612965,0.432229728,-0.121407263,0.635331869
0.0577657074,0.404040664,0.0905185193,0.60896343
0.190470204,0.232161373,0.30524382,0.374704868
0.276069313,-0.0329938903,0.444479436,-0.0438482612
0.293367743,-0.300923973,0.435563564,-0.44239223
0.246518865,-0.478230596,0.330844402,-0.653508246
0.161861598,-0.507456005,0.212875113,-0.697502434
0.0747948512,-0.389830887,0.10486681,-0.593283892
0.0139251854,-0.181982905,0.0157592855,-0.311959237
-0.00914907083,0.0310239457,-0.0215030294,0.0442839935
0.000228719291,0.173158318,-0.000227718541,0.284243226
0.0285216849,0.208083808,0.0494223423,0.342124134
0.0648691133,0.149849728,0.109651044,0.253730863
0.106829897,0.0504848473,0.179808781,0.0883436874
0.157662421,-0.0278227814,0.258167535,-0.0461786389
0.217774034,-0.0418761782,0.348981202,-0.0725988969
0.277162641,0.0154170915,0.437360972,0.0151613373
0.315321803,0.116412252,0.48906213,0.170207977
0.310265511,0.215726033,0.474671692,0.316748172
0.251993924,0.273023635,0.391092569,0.408718199
0.151925877,0.270208091,0.249280438,0.420678258
0.0412312672,0.215742752,0.0787004977,0.35171622
-0.0428572856,0.13601537,-0.0649172366,0.231466234
-0.0762642175,0.0600191057,-0.126114726,0.105239697
-0.0621624738,0.00607662136,-0.105915338,0.0138609605
-0.0311704595,-0.0229681786,-0.0548175909,-0.0366980694
-0.0261830911,-0.0350513645,-0.0434131473,-0.0588292889
-0.0791087151,-0.038995184,-0.128461644,-0.066443406
-0.191924781,-0.0362015963,-0.308958739,-0.0572691597
-0.332792938,-0.0191904977,-0.511815131,-0.0283535309
-0.450098515,0.0221905746,-0.65113914,0.0358065329
-0.497438461,0.0908029377,-0.694467604,0.132342517
-0.456317931,0.174828693,-0.645338118,0.253324568
-0.344312549,0.248070806,-0.510352433,0.371904045
-0.204341203,0.278906435,-0.317162126,0.436643541
-0.0811558366,0.244042739,-0.127583385,0.397509575
0.00170301599,0.140338451,0.00602855394,0.240323007
0.051530052,-0.0114398496,0.0889961347,-0.0121044572
0.0973780677,-0.173243105,0.158443704,-0.277456701
0.167777225,-0.303991437,0.250332862,-0.468214035
0.268504083,-0.374966443,0.375836402,-0.543121696
0.373889863,-0.379362941,0.498504013,-0.52456212
0.437602073,-0.33197844,0.580287516,-0.455363899
0.417662323,-0.25989002,0.584426761,-0.375617385
0.301986367,-0.189249873,0.465997726,-0.300104231
0.119829141,-0.134867534,0.20388864,-0.230069727
-0.0681438223,-0.0973347127,-0.107366361,-0.165902615
-0.196835369,-0.0681839809,-0.319637418,-0.108760223
-0.226972282,-0.039260976,-0.370382756,-0.0575814061
-0.162836447,-0.0104303323,-0.274950653,-0.0133748427
-0.0482332706,0.00900790934,-0.0857184231,0.0186578203
0.0569771305,0.00597219495,0.0929488838,0.0130906636
0.107230008,-0.0271723382,0.180332601,-0.0456069782
0.0925825089,-0.0856038332,0.156324089,-0.14079237
0.0403428338,-0.151998773,0.0687003732,-0.249695584
-0.00288833026,-0.20428513,-0.00665442646,-0.331819236
0.00169303769,-0.227358341,-0.00435408903,-0.366463035
0.0636656582,-0.222150087,0.0932383612,-0.360659152
0.158626646,-0.206295833,0.245225132,-0.332617283
0.241642863,-0.204930514,0.372274816,-0.322602272
0.27069971,-0.23570928,0.412069321,-0.363991022
0.227229506,-0.295965642,0.345397979,-0.453263968
0.12337561,-0.35968104,0.188105404,-0.546886563
-0.0064095445,-0.387394071,-0.0105171455,-0.586212099
-0.123297542,-0.345420092,-0.19134137,-0.529971004
-0.201060325,-0.225255072,-0.32244122,-0.358882427
-0.233497456,-0.0528805852,-0.38323161,-0.0899694115
-0.230211288,0.118134379,-0.371356755,0.18702656
-0.205526859,0.228087649,-0.321024776,0.362703264
-0.168568864,0.237953931,-0.262603134,0.38495028
-0.120461389,0.148913726,-0.194122121,0.25404045
-0.0590466075,0.00466290396,-0.0976249799,0.0191917941
0.0137532931,-0.125632122,0.0193195622,-0.202363595
0.0883525163,-0.176649377,0.13666299,-0.291756779
0.151052713,-0.115329631,0.239475667,-0.197797298
0.192579657,0.044608172,0.308864325,0.0596919321
0.215313539,0.248627618,0.335116863,0.375091672
0.233101368,0.424798608,0.335765451,0.594412446
0.262202621,0.513652861,0.352071136,0.671281099
0.308209091,0.490902394,0.408289582,0.640705228
0.357544452,0.373509884,0.499054313,0.516671717
0.380565166,0.208008498,0.564733803,0.305957288
0.346770912,0.0483515076,0.539641619,0.0725457445
0.244822189,-0.0652855039,0.398624182,-0.111137144
0.0957653299,-0.117257997,0.164800972,-0.200245827
-0.0498420149,-0.113835737,-0.0794958174,-0.193315119
-0.132008985,-0.0716589391,-0.220850408,-0.119502999
-0.109885618,-0.00580552081,-0.190460145,-0.0101326993
0.0156760141,0.0752258226,0.0170514733,0.127494678
0.19819057,0.165817946,0.310078681,0.262642473
0.363785118,0.255292684,0.530209839,0.365114301
0.443574131,0.32332322,0.602193773,0.425761938
0.404318988,0.344286948,0.560069144,0.462107807
0.261980861,0.300093889,0.406354338,0.443718553
0.0714886859,0.194585562,0.131048813,0.317818135
-0.101572536,0.0598739907,-0.156802177,0.106337681
-0.212288499,-0.0518950447,-0.342214942,-0.0774264932
-0.254477918,-0.0901488513,-0.41046378,-0.139393657
-0.256781697,-0.0314436443,-0.415324211,-0.0512626097
-0.260223418,0.104374565,-0.415477842,0.162030682
-0.290686876,0.257613838,-0.435194612,0.3890571
-0.342115819,0.352799296,-0.474663049,0.501916409
-0.379767358,0.333577961,-0.519432724,0.473849833
-0.361296803,0.192007124,-0.531213224,0.30057618
-0.263361871,-0.0229033977,-0.420890033,-0.0174735207
-0.0984410271,-0.223300442,-0.16775088,-0.34453398
0.0877786577,-0.320323646,0.121724851,-0.496518403
0.237103745,-0.264680535,0.351058841,-0.414849877
0.306253791,-0.0708863661,0.47263518,-0.12858355
0.286156148,0.186714977,0.444412977,0.270314097
0.203163847,0.404923826,0.30505693,0.57373482
0.102520309,0.49576959,0.155155227,0.68852818
0.0241082702,0.423785329,0.047047589,0.629883945
-0.0157933719,0.219977781,-0.0168650188,0.367778629
-0.0272421073,-0.0329539813,-0.0399517715,-0.0408702567
-0.0337797888,-0.236446097,-0.05595899,-0.376527518
-0.0529471226,-0.316310644,-0.0889668763,-0.496761382
-0.0825269967,-0.250010848,-0.139240712,-0.405618727
-0.100874811,-0.070785284,-0.173537523,-0.12623699
-0.0808499753,0.150490478,-0.1363502,0.240229025
-0.00852962304,0.335432172,-0.0142167155,0.517894506
0.105004638,0.426477343,0.156658962,0.625501394
0.226341024,0.402805954,0.33017689,0.582130075
0.315750211,0.280532658,0.471493512,0.416154563
0.347472608,0.101027146,0.537827969,0.156670079
0.322687298,-0.0851828158,0.506085277,-0.132387683
0.267877907,-0.232387885,0.412711412,-0.360059828
0.219811559,-0.308725148,0.328866392,-0.473520905
0.205953851,-0.300955117,0.307932138,-0.465780973
0.23139593,-0.216787145,0.351748228,-0.346952975
0.279072851,-0.085081324,0.432697028,-0.144105837
0.321958512,0.0479413606,0.498415142,0.0632608309
0.338997036,0.128835037,0.520574272,0.189797506
0.324933469,0.113322966,0.507274926,0.172775418
0.288751125,-0.0154950516,0.463852704,-0.0209648311
0.243107796,-0.235043392,0.380329728,-0.358655602
0.193045527,-0.48493883,0.264010847,-0.664419591
0.132524371,-0.685111165,0.145257264,-0.795776725
0.0517559871,-0.765233696,0.0454398915,-0.813141823
-0.0495677851,-0.693620026,-0.0639538392,-0.80425179
-0.153049231,-0.492154837,-0.21840845,-0.686482847
-0.224782228,-0.228988349,-0.358681619,-0.365389436
0.111291125,0.0370970406,0.150958642,0.0610769913
0.0525391288,0.224674985,0.104490824,0.348584592
-0.0470881276,0.315654308,-0.0628771558,0.493705183
-0.1438241,0.28942579,-0.211881608,0.45777452
-0.192550987,0.180405051,-0.301454782,0.298948139
-0.169313893,0.0562271103,-0.277780831,0.102076508
-0.0847694799,-0.0185379982,-0.147301808,-0.0242722519
0.0189147796,-0.0140582277,0.0243003797,-0.0258298814
0.0872266218,0.053168077,0.14292267,0.0829162672
0.0797950029,0.132976696,0.135998443,0.212820232
-0.00878700614,0.170011163,-0.00350289862,0.277354747
-0.144560039,0.132241055,-0.224495769,0.22052303
-0.269127458,0.0251576006,-0.421133399,0.0503874682
-0.32719174,-0.11403206,-0.505441368,-0.162907034
-0.29345727,-0.237074301,-0.45295009,-0.349727362
-0.185674742,-0.307999969,-0.296301067,-0.465753257
-0.0572524667,-0.316988528,-0.102334976,-0.492192864
0.027176166,-0.279114693,0.0344736762,-0.446863174
0.0215803515,-0.221078098,0.0322432853,-0.365141541
-0.0803315118,-0.165051535,-0.128161609,-0.275313914
-0.24228093,-0.11906644,-0.380473286,-0.192428932
-0.401559025,-0.0783205479,-0.596307755,-0.113066196
-0.495968193,-0.0348221175,-0.696337104,-0.0414144211
-0.488986582,0.0119489627,-0.689923167,0.0246730503
-0.382421583,0.0506366007,-0.58222717,0.0850758404
-0.212485626,0.0627271906,-0.351798028,0.109086953
-0.033007063,0.0334086604,-0.0614042357,0.0644986182
0.105505124,-0.0381552093,0.173591822,-0.0591800772
0.172009245,-0.135414392,0.280465752,-0.218356118
0.161245525,-0.230036154,0.256457925,-0.36617434
0.0904624164,-0.293484598,0.143110588,-0.464151949
-0.0094672488,-0.308367163,-0.0155321341,-0.487535149
-0.103922181,-0.273879021,-0.16777733,-0.435264736
-0.162671819,-0.203341216,-0.263492525,-0.327567369
-0.165974632,-0.116248108,-0.276113093,-0.18949832
-0.109352447,-0.0297916513,-0.189393476,-0.0490449481
-0.00682111271,0.0457836129,-0.0182878785,0.0771647096
0.109393582,0.106704324,0.17745322,0.174250767
0.195226997,0.152148232,0.316167653,0.240079403
0.207955763,0.181274951,0.335649848,0.283276498
0.123069666,0.193263233,0.208798587,0.306488544
-0.0519281477,0.189998731,-0.0695086271,0.306625247
-0.274359643,0.17863287,-0.412792414,0.280044675
-0.477989316,0.170947716,-0.656786442,0.245208442
-0.596918762,0.178583384,-0.747217596,0.234208539
-0.592574656,0.206314772,-0.739302099,0.266714633
-0.471624941,0.247532651,-0.644697547,0.344001263
-0.285542071,0.285387337,-0.431090951,0.433178991
-0.110477977,0.299892277,-0.173740849,0.473943025
-0.0154666286,0.277533799,-0.0195855759,0.443167478
-0.0330319218,0.218010336,-0.0425069928,0.355786741
-0.145749763,0.134046182,-0.226279989,0.221574053
-0.295146465,0.0442225151,-0.456139654,0.07637842
-0.408872932,-0.0369018055,-0.606227815,-0.0461305305
-0.433491677,-0.105179898,-0.633298159,-0.142881826
-0.357707679,-0.1654865,-0.544192553,-0.237891898
-0.2156616,-0.223112658,-0.348062605,-0.339388877
-0.0695288181,-0.273480833,-0.121589251,-0.429409683
0.0196818188,-0.297634065,0.0234313346,-0.46950531
0.0192294661,-0.268260449,0.0276034866,-0.433826864
-0.0624391623,-0.164863512,-0.102686554,-0.278656006
-0.181682423,0.00951842219,-0.297322631,0.00720004737
-0.280332655,0.220113292,-0.427715719,0.332735926
-0.310633361,0.407594085,-0.427954525,0.568475842
-0.253314435,0.509811282,-0.331059098,0.679862976
-0.122130275,0.489031196,-0.166435704,0.688955247
0.0449501202,0.351460129,0.07210657,0.549886823
0.202030554,0.148405656,0.326277554,0.250118881
0.311184287,-0.0431217626,0.488657057,-0.0638938174
0.352054715,-0.152364388,0.53141284,-0.237566948
0.323430806,-0.14469488,0.493458897,-0.234177291
0.238911867,-0.0353438556,0.385754585,-0.0713577196
0.120449871,0.119413219,0.203703389,0.184006497
-0.00721371081,0.249039397,-0.00340356166,0.394731492
-0.120251156,0.300300509,-0.177299201,0.470357001
-0.198332816,0.25855577,-0.30035454,0.41113025
-0.227166042,0.149464443,-0.357307851,0.248689756
-0.201144934,0.0220012181,-0.328659624,0.046763666
-0.125099942,-0.0770944953,-0.212040111,-0.119101405
-0.0137854377,-0.123825438,-0.0321366489,-0.202527046
0.111432947,-0.122623302,0.174440652,-0.203195304
0.227791101,-0.096193105,0.357590258,-0.159115151
0.31632024,-0.0671997517,0.489622086,-0.11116726
0.365236431,-0.0433869101,0.555529296,-0.0734960809
0.370920837,-0.0148785515,0.564784527,-0.0322687887
0.337239563,0.0353111513,0.523877203,0.045468729
0.274477988,0.114608482,0.43558231,0.170290455
0.19848147,0.208905876,0.320782512,0.321808845
0.129291967,0.283549994,0.209757626,0.438107699
0.0878172666,0.298093587,0.145953342,0.467887223
0.0897937864,0.227515936,0.150332108,0.373033047
0.138387784,0.0784588754,0.229811922,0.137632295
0.218963772,-0.108844124,0.350745857,-0.169024691
0.300110549,-0.274990737,0.443123937,-0.409868687
0.342938393,-0.365753323,0.473591417,-0.516935587
0.316503316,-0.354778856,0.446142972,-0.513805449
0.213075176,-0.253948122,0.328837484,-0.405946106
0.055431027,-0.106954969,0.0964463428,-0.19108583
-0.109068416,0.0301151183,-0.175794065,0.0417902544
-0.22685805,0.111547612,-0.360482424,0.182150349
-0.261634916,0.117734857,-0.412154257,0.195718274
-0.211932197,0.0579279028,-0.345264792,0.10573341
-0.113586977,-0.0391361713,-0.192593664,-0.0543102771
-0.0246830136,-0.14037019,-0.0443671532,-0.225825787
0.000784252654,-0.221336648,-0.00134199858,-0.357935101
-0.0617899522,-0.271881908,-0.0992456377,-0.433021307
-0.195729747,-0.294002622,-0.300694466,-0.451077342
-0.350676537,-0.295564473,-0.506818771,-0.423592925
-0.46610567,-0.284610808,-0.632880032,-0.378915012
-0.499163926,-0.267088324,-0.666715264,-0.345783889
-0.443079233,-0.247596413,-0.62296021,-0.335947126
-0.3273485,-0.230545521,-0.499671072,-0.336032122
-0.200408041,-0.21930559,-0.32498014,-0.339173615
-0.104497992,-0.213192612,-0.175703987,-0.340845257
-0.0561453179,-0.204696581,-0.0956592709,-0.332992315
-0.0421610326,-0.180198997,-0.071835883,-0.29656601
-0.0322720036,-0.125708297,-0.0582728796,-0.211706087
-0.000348953152,-0.03576703,-0.00560470344,-0.0633986518
0.0583058894,0.0791882202,0.0919347927,0.127579287
0.123546876,0.1920522,0.200309023,0.30560407
0.162614569,0.267054528,0.25850746,0.414663017
0.150676385,0.27406314,0.243935689,0.426018178
0.0874808207,0.202808335,0.151415393,0.331195086
6.20078936e-05,0.0698767751,0.00877391081,0.121052094
-0.0706160441,-0.0856158584,-0.114357993,-0.135320723
-0.0919001624,-0.216330111,-0.152734369,-0.343260139
-0.0580591038,-0.284689933,-0.100697927,-0.447634637
0.00554614048,-0.276448369,-0.0010073845,-0.441700906
0.0556455627,-0.204033732,0.0820607841,-0.337168157
0.0547703803,-0.0990087464,0.0888761953,-0.172725528
-0.00746924663,0.00186617125,-0.00944719184,-0.00534150843
-0.107521221,0.0700042397,-0.172626734,0.113892049
-0.199749663,0.0921642706,-0.318444103,0.152405217
-0.241077766,0.0698475093,-0.384315431,0.121888712
-0.215265378,0.0135971261,-0.351392776,0.0312895924
-0.14347747,-0.0631280839,-0.241008893,-0.094641611
-0.0748288035,-0.147019342,-0.127155781,-0.23561205
-0.0611403398,-0.224692285,-0.100891367,-0.360166699
-0.128619313,-0.281890273,-0.200483948,-0.441634476
-0.261097699,-0.305384725,-0.389635116,-0.456330448
-0.403833717,-0.288535833,-0.568682432,-0.402529746
-0.486651361,-0.237862676,-0.662613571,-0.317911953
-0.455631375,-0.175643682,-0.648377955,-0.241359949
-0.298458487,-0.134509221,-0.474553347,-0.199809328
-0.051734861,-0.144181758,-0.10117767,-0.227925554
0.212781236,-0.21574606,0.32242772,-0.33397752
0.416405827,-0.331843913,0.561411083,-0.455839872
0.503604591,-0.449656636,0.594935238,-0.541954756
0.461396515,-0.517609894,0.534306586,-0.608234644
0.321149141,-0.499242604,0.41167295,-0.650798917
0.143743783,-0.392751127,0.211295605,-0.591459215
-0.00446125073,-0.235495284,-0.0102327047,-0.393038839
-0.0749878734,-0.0894611031,-0.1292146,-0.152936161
-0.0518643335,-0.0132533005,-0.0923344791,-0.0197774842
0.0460822918,-0.0336960629,0.0717857331,-0.0498495698
0.17418249,-0.131353885,0.27838251,-0.207168162
0.277902812,-0.248130038,0.417370915,-0.378251284
0.310545474,-0.31433174,0.448813707,-0.465730995
0.24784185,-0.282586992,0.374107301,-0.438659072
0.0958326384,-0.151994705,0.158960745,-0.264396757
-0.110032544,0.0298080798,-0.177249312,0.0367679372
-0.314724088,0.18829973,-0.473005623,0.286349922
-0.460137874,0.257319719,-0.624321163,0.361725181
-0.503555477,0.210868478,-0.674067855,0.29959631
-0.431847006,0.0759255588,-0.630304456,0.127132967
-0.265873224,-0.0800348669,-0.427678466,-0.110436432
-0.0527961291,-0.180824429,-0.0991725177,-0.288448513
0.151113257,-0.177310228,0.230027437,-0.290509641
0.300239682,-0.070150882,0.463317096,-0.123102836
0.373570502,0.090963915,0.561959505,0.122758523
0.376992762,0.230618805,0.555710852,0.32428214
0.333740652,0.282011837,0.495527238,0.405575544
0.268725961,0.216170058,0.425105095,0.334064573
0.195507422,0.053088557,0.327836126,0.0904213563
0.112940975,-0.149093851,0.191318274,-0.238657326
0.0128457844,-0.320530176,0.0209227744,-0.497569412
-0.106601663,-0.408867866,-0.160587162,-0.604495823
-0.23075518,-0.39834097,-0.336699814,-0.575894237
-0.329152167,-0.311684668,-0.480634719,-0.451283485
-0.368219614,-0.196131855,-0.552319169,-0.28926909
-0.32982564,-0.101453915,-0.515648246,-0.151540801
-0.225052759,-0.0602453053,-0.370252907,-0.0900329575
-0.0940992758,-0.0780771077,-0.163541391,-0.121628337
0.00971245486,-0.135723442,0.0121073136,-0.221323758
0.0449093916,-0.200351641,0.0711091906,-0.325395107
0.00312807923,-0.239696488,0.00494499831,-0.389084071
-0.0851147622,-0.233501926,-0.138063371,-0.379425645
-0.164351612,-0.1789684,-0.267500222,-0.290757924
-0.181611836,-0.089875564,-0.301389009,-0.147024289
-0.113613777,0.00894294586,-0.197928041,0.0170106739
0.0205279235,0.0894474462,0.0274989307,0.151306614
0.168075159,0.12848711,0.270023882,0.209038153
0.268680543,0.114473544,0.426089644,0.179032147
0.284190387,0.0511621796,0.455376416,0.0779714808
0.216660619,-0.0427109338,0.359199405,-0.0719813257
0.105258338,-0.138437182,0.178552538,-0.229785264
0.00404047128,-0.205995753,0.00608619954,-0.336254239
-0.0471468382,-0.223618954,-0.0807789713,-0.363179773
-0.0428292453,-0.184518576,-0.0772202462,-0.304224789
-0.0123829115,-0.0977099612,-0.0269909687,-0.16824232
-0.00102271687,0.0176728852,-0.00254171202,0.0242655687
-0.0422468372,0.141956687,-0.0663563237,0.230167061
-0.137313202,0.263518065,-0.207598686,0.411310941
-0.253275484,0.381644487,-0.355176657,0.550227284
-0.340652704,0.501765668,-0.42814222,0.64275378
-0.360779941,0.625416756,-0.399401158,0.708130181
-0.307431966,0.740721941,-0.304029375,0.74948442
-0.210465208,0.819723129,-0.191436052,0.7741009
-0.119230539,0.825878143,-0.105289772,0.793354988
-0.0748077184,0.729790807,-0.0729386732,0.808390439
-0.086439006,0.526356936,-0.103573658,0.72199136
-0.125396386,0.244695947,-0.186568499,0.404042572
-0.140090793,-0.0552891642,-0.225385457,-0.0742042065
-0.08469484,-0.300057441,-0.141985923,-0.459393859
0.053823825,-0.427191496,0.06408941,-0.625192702
0.244640782,-0.407811314,0.3307648,-0.586202621
0.424057931,-0.257307947,0.580493093,-0.375057071
0.523260951,-0.0299467072,0.712856293,-0.0592090748
0.499233246,0.200309053,0.680851042,0.254102975
0.354064554,0.36486426,0.503220558,0.492904931
0.134170771,0.421728045,0.213226512,0.608172655
-0.089022167,0.365604043,-0.117586456,0.558002591
-0.246953785,0.224666953,-0.370647281,0.358605653
-0.297637671,0.0471421294,-0.465149343,0.0885765776
-0.236130714,-0.116075695,-0.381782621,-0.172410041
-0.0900468826,-0.22649169,-0.156777367,-0.355461746
0.0948230848,-0.26682514,0.135726988,-0.42289874
0.270857543,-0.242652491,0.402846217,-0.376976341
0.400678903,-0.178144097,0.5776757,-0.270523548
0.462933928,-0.107914165,0.657013535,-0.164605036
0.45337531,-0.0668196902,0.654283762,-0.105819896
0.383761555,-0.0793745965,0.579773009,-0.126134112
0.279463649,-0.150856301,0.440740496,-0.238538235
0.174550503,-0.262856632,0.275817335,-0.410936087
0.102853648,-0.375977337,0.150747553,-0.566001236
0.0858946219,-0.440717429,0.116020471,-0.641645551
0.122139983,-0.414420158,0.167597964,-0.611944854
0.183988646,-0.278736413,0.273802102,-0.441541493
0.226926893,-0.0503806882,0.358870745,-0.0973448381
0.209504232,0.220516309,0.331678569,0.328197092
0.116023861,0.465471447,0.177809983,0.651547968
-0.0297572631,0.621169269,-0.022195261,0.778195381
-0.169113532,0.652119517,-0.185834765,0.778626025
-0.231916159,0.562819481,-0.284751564,0.721923053
-0.169954032,0.394082695,-0.245813906,0.589002788
0.0158946868,0.205267444,0.0220687706,0.350493342
0.269316018,0.0505920164,0.420644015,0.0893646479
0.498475015,-0.0397266261,0.694268703,-0.0623130277
0.614636421,-0.0654877946,0.775354385,-0.095053561
0.571875811,-0.0482943468,0.75275892,-0.0750394836
0.388697445,-0.014864251,0.591530025,-0.0351429507
0.140580267,0.0184836704,0.246538252,0.0204327423
-0.0734422952,0.051879514,-0.113739379,0.0819266364
-0.174283877,0.0960057974,-0.283886641,0.158784047
-0.135673627,0.158795342,-0.226382852,0.261777937
0.00866847672,0.233586252,0.00685751112,0.379666001
0.185485214,0.296776325,0.281596482,0.456263214
0.318347752,0.317464799,0.467195809,0.456695259
0.361153781,0.274359226,0.530193329,0.393567473
0.312938184,0.170443982,0.489530683,0.258422136
0.209117725,0.0363833345,0.350566924,0.0578435026
0.0969339609,-0.0806728527,0.167069718,-0.133587882
0.0102668479,-0.138260201,0.0174298547,-0.229894176
-0.0425648391,-0.119249724,-0.0731977299,-0.201889232
-0.0734518319,-0.0410197191,-0.126118362,-0.0729564503
-0.097912401,0.052351132,-0.163397312,0.0834843591
-0.119842716,0.111703269,-0.196506798,0.185570806
-0.128252029,0.107703544,-0.208058611,0.182596549
-0.108031243,0.0464094765,-0.178624928,0.0841295198
-0.0569912679,-0.0327451006,-0.0983521715,-0.0485722758
0.00341684604,-0.0760330856,0.00209581084,-0.125325605
0.0329548381,-0.0424337387,0.052285742,-0.076697655
-0.00738944672,0.0747074112,-0.011398484,0.11545527
-0.130839154,0.242076293,-0.198810786,0.376642853
-0.310675144,0.399691135,-0.420818686,0.556368053
-0.486844629,0.486754596,-0.559030116,0.577472627
-0.59229362,0.467793792,-0.628912568,0.51535815
-0.586194277,0.347039729,-0.68288517,0.418943763
-0.476038903,0.165012315,-0.66088593,0.245980009
-0.315463245,-0.0201193653,-0.497941166,-0.0124065904
-0.177439764,-0.156982228,-0.29302761,-0.243071869
-0.116254233,-0.21995838,-0.191289946,-0.352430224
-0.138649836,-0.215000302,-0.224228874,-0.347086847
-0.200403959,-0.171532691,-0.321766585,-0.276472449
-0.231215566,-0.126128644,-0.372930795,-0.200132445
-0.175226539,-0.106549226,-0.29349032,-0.167822659
-0.025353834,-0.123079278,-0.0533477478,-0.196239114
0.167842403,-0.169316858,0.259594977,-0.269962281
0.318821371,-0.229567438,0.472464949,-0.347388178
0.350386113,-0.287407219,0.506285489,-0.421388
0.235273719,-0.330819756,0.354163677,-0.499198377
0.0138562927,-0.35256049,0.0273994915,-0.54902035
-0.222119629,-0.347798228,-0.327604145,-0.518659949
-0.372215658,-0.312529832,-0.531071842,-0.43840909
-0.37505132,-0.245057598,-0.553720474,-0.349863827
-0.23706001,-0.149960428,-0.389021575,-0.234396398
-0.0279768445,-0.0414854288,-0.0620258674,-0.0696749687
0.154174477,0.0571273006,0.247101828,0.0904599503
0.230520472,0.119805597,0.372156799,0.18630521
0.177446723,0.12734668,0.297458619,0.202249259
0.0342159197,0.0761100203,0.0701335147,0.125701711
-0.120047636,-0.0190098044,-0.190177932,-0.0261798594
-0.206801921,-0.129473001,-0.332163513,-0.199628085
-0.184977964,-0.224007756,-0.300381482,-0.345228642
-0.0666793212,-0.280500263,-0.118894674,-0.438299656
0.0939361155,-0.293201953,0.133779734,-0.459845573
0.230360895,-0.27197659,0.341997206,-0.421542436
0.295400023,-0.234426662,0.443391979,-0.363755047
0.279099613,-0.195364699,0.430698216,-0.309887141
0.206149191,-0.159278378,0.3308402,-0.261593163
0.11733342,-0.119582474,0.193899155,-0.204373598
0.047139369,-0.0646282062,0.0781025812,-0.113054253
0.009706649,0.0132243009,0.0143355746,0.0181848239
-0.00123378297,0.110688791,-0.00297238445,0.180122152
-0.00151768397,0.212643012,-0.000113880102,0.341774702
-0.00359301944,0.297680348,-0.000776315224,0.468223006
-0.00995895732,0.347088695,-0.0087525323,0.534680665
-0.0160526987,0.352549672,-0.0173789654,0.543803692
-0.0188541878,0.318807185,-0.0215263311,0.501243889
-0.0237208381,0.260447145,-0.0303079169,0.421300083
-0.043461889,0.195032477,-0.0641495585,0.32044071
-0.0892646015,0.136408538,-0.140434876,0.226376772
-0.159096003,0.0912865177,-0.254130572,0.150790915
-0.231719047,0.0598572008,-0.37029767,0.0998935327
-0.27176699,0.0387452133,-0.433048427,0.0680337176
-0.244917184,0.0236008894,-0.395233124,0.0443193205
-0.135893241,0.0095782252,-0.231670246,0.0220865533
0.0403882824,-0.00989882462,0.0581685603,-0.0122930882
0.241167173,-0.0438850671,0.378940284,-0.0701899752
0.411434054,-0.101901494,0.605287015,-0.152417287
0.505601108,-0.188760981,0.684829116,-0.26197806
0.50495249,-0.298552811,0.657218039,-0.393763155
0.422883719,-0.411829948,0.547086716,-0.53823477
0.296278656,-0.499332845,0.384714156,-0.656926513
0.16819568,-0.532395899,0.219646752,-0.713674426
0.0707139373,-0.496080071,0.0916169211,-0.696368933
0.0156423431,-0.398460686,0.0146743255,-0.600862145
-0.00411409885,-0.270249873,-0.015413098,-0.436576813
-0.00538796,-0.153194591,-0.0158316474,-0.257346153
-0.00392305758,-0.0815635547,-0.0079546608,-0.137059301
-0.00750710117,-0.0654208809,-0.0126775661,-0.108864389
-0.0152500961,-0.0846235305,-0.0256131403,-0.139191404
-0.021305304,-0.0979087055,-0.0377170481,-0.163176015
-0.019361496,-0.0639735684,-0.0365733914,-0.110907935
-0.00504741119,0.0352012403,-0.0112107545,0.0541497171
0.0240638331,0.180735141,0.0364087634,0.289397538
0.0689727068,0.321046352,0.107993245,0.4948681
0.128231287,0.393564671,0.19629918,0.584429324
0.195215225,0.354680061,0.297134608,0.531710386
0.255969167,0.203699291,0.403119832,0.321745545
0.29083848,-0.0115222279,0.465532571,-0.0109124901
0.281407893,-0.211403713,0.437000841,-0.325511783
0.220677838,-0.317327589,0.330864251,-0.485719055
0.121176936,-0.285622597,0.186790049,-0.457695097
0.0152286207,-0.127109915,0.0218982883,-0.224015668
-0.0552077964,0.0970717147,-0.0941224843,0.151284292
-0.056157507,0.301597655,-0.0883252919,0.470916092
0.0211165082,0.412996978,0.0331148207,0.615617335
0.152229548,0.399079442,0.22577773,0.594282329
0.286484838,0.278742313,0.432079703,0.422811478
0.366715312,0.108833589,0.559875071,0.168236837
0.353756994,-0.0442794636,0.547986507,-0.0709417388
0.244309485,-0.13398613,0.393497497,-0.218826845
0.0736796483,-0.149718344,0.12634626,-0.256329536
-0.0980489179,-0.113855243,-0.157736957,-0.19358997
-0.210119978,-0.0630631298,-0.341688544,-0.102232113
-0.224659547,-0.0255044326,-0.368769467,-0.0376938954
-0.139730439,-0.00653698714,-0.238318354,-0.00411039265
0.0125535419,0.0100531029,0.0117410002,0.0213193521
0.180270344,0.0473226532,0.288284034,0.0756187662
0.310825408,0.116523407,0.481119007,0.173402518
0.366922826,0.206028268,0.545939386,0.293208271
0.334583759,0.284695953,0.495889008,0.405588388
0.223073825,0.318056136,0.34819299,0.471137673
0.0597804077,0.288156778,0.109135367,0.452503979
-0.116657324,0.205559254,-0.172686681,0.336248487
-0.263599336,0.106143378,-0.408033341,0.174532458
-0.342621535,0.0337930322,-0.527310848,0.0588107035
-0.329276323,0.0180067997,-0.515512288,0.0342029631
-0.222740769,0.0585418567,-0.368349463,0.0989550203
-0.0509802476,0.125582665,-0.0937546194,0.209755316
0.133535117,0.175551265,0.213187501,0.284566283
0.269441962,0.174135521,0.422829062,0.270867765
0.309436738,0.114134498,0.485892534,0.175545663
0.241130769,0.0185485203,0.397412032,0.0255904775
0.0950555205,-0.0725477636,0.167007715,-0.122549482
-0.0662546754,-0.123887956,-0.104022935,-0.207912952
-0.175094739,-0.123419449,-0.285489172,-0.200914308
-0.189434588,-0.0870613679,-0.315791368,-0.138873458
-0.112383753,-0.0474196896,-0.194418743,-0.0744430125
0.0104751484,-0.0332078487,0.00951608922,-0.0525261275
0.115544334,-0.0514662825,0.187359989,-0.0851870552
0.155225053,-0.0831323788,0.255291313,-0.138509557
0.123243764,-0.0948522091,0.204672307,-0.160722494
0.0568533316,-0.0604160875,0.0955410153,-0.108031154
0.0137239024,0.0207372289,0.021063216,0.0275912434
0.0356883556,0.119340666,0.0559138283,0.194235057
0.119898304,0.189997584,0.19075425,0.306748122
0.21511957,0.196044028,0.342338502,0.309826702
0.247634098,0.131940693,0.397911102,0.20990254
0.164339289,0.0300863609,0.281381071,0.0476041995
-0.0304660071,-0.0530497134,-0.0377043411,-0.0918132812
-0.266677171,-0.0652711838,-0.417173892,-0.105734445
-0.436320245,0.0131446719,-0.639226377,0.020052135
-0.446050197,0.156717464,-0.642648757,0.227294683
-0.267743945,0.30513981,-0.4102256,0.458868802
0.0403800122,0.392226875,0.0502615646,0.595785737
0.355711251,0.378785968,0.490073025,0.525907338
0.547598243,0.272258461,0.702349007,0.343140513
0.540602684,0.122659378,0.73115027,0.156771585
0.352178037,-0.00324915466,0.55246222,-0.0114274537
0.0844795108,-0.056086354,0.153996617,-0.102345787
-0.126541227,-0.0284095164,-0.206052959,-0.052259855
-0.179129854,0.0430355966,-0.298966497,0.0710299015
-0.0557895526,0.0981641784,-0.102671131,0.168628231
0.170573026,0.0860148594,0.271012723,0.145268679
0.377394885,-0.0086231539,0.569576204,-0.0100590819
0.458240151,-0.158316821,0.650776386,-0.226901799
0.378430665,-0.308705419,0.538116813,-0.439447194
0.190829381,-0.407353193,0.2804524,-0.5973351
0.00362937013,-0.429435939,0.00368201965,-0.637264252
-0.0819222108,-0.386374652,-0.131379515,-0.581453264
-0.0294459891,-0.313705653,-0.060145691,-0.49074617
0.111253984,-0.246546492,0.162499472,-0.394409955
0.231895179,-0.198039457,0.357231319,-0.315405279
0.227956995,-0.154059425,0.364248157,-0.25400275
0.0615831725,-0.0874261037,0.112406775,-0.157322139
-0.209947273,0.0173220765,-0.329950213,0.0198518354
-0.457403958,0.144661173,-0.645342827,0.20580411
-0.544099748,0.248010263,-0.700926483,0.329396695
-0.398798823,0.271623701,-0.568388462,0.395446926
-0.0587408841,0.183772177,-0.10872256,0.316417783
0.34072274,0.00236717658,0.512787223,0.0189085174
0.626093626,-0.203553349,0.759996414,-0.250818044
0.666025698,-0.340916127,0.726239204,-0.382391125
0.432321012,-0.336929411,0.583443642,-0.462338209
0.0119678546,-0.178505436,0.0345062912,-0.314335883
-0.434555888,0.0747271478,-0.622294843,0.0923563614
-0.746834278,0.312971592,-0.749226987,0.325621754
-0.83331275,0.425447017,-0.670707166,0.357705534
-0.703036964,0.35293439,-0.715439916,0.368934035
-0.448315531,0.117596149,-0.64244628,0.18882215
-0.191368803,-0.185399145,-0.313365817,-0.267598718
-0.0247278251,-0.431048691,-0.0475809798,-0.625013292
0.0246230103,-0.521630704,0.0257254727,-0.723742247
-0.00739503,-0.429932624,-0.0168016646,-0.638648629
-0.0562646762,-0.207915962,-0.0980007052,-0.35022071
-0.0720134825,0.0422967598,-0.126828775,0.0588754378
-0.0460982919,0.219399825,-0.0761887506,0.355604947
-0.00866001006,0.269755185,-0.00907076057,0.434180349
-0.00101256825,0.207260221,0.00631487416,0.343634397
-0.0423825607,0.0981706604,-0.0612792894,0.169514209
-0.112231091,0.0211128518,-0.180769801,0.0376296416
-0.159241498,0.0246469788,-0.262464613,0.039577052
-0.131648123,0.104595535,-0.220941901,0.171264291
-0.0106689399,0.211537927,-0.0249871016,0.34482187
0.173247933,0.282191753,0.265224904,0.440064639
0.351855159,0.275994837,0.51306349,0.401623636
0.452817321,0.196545035,0.640283287,0.27364412
0.437433451,0.0870374292,0.642916322,0.122637644
0.321513355,0.00377310114,0.509150386,-0.0010777195
0.167638093,-0.0162511785,0.282497585,-0.0348744839
0.0526630394,0.02481905,0.0899706781,0.0339600481
0.0278007705,0.0889742151,0.0450645611,0.146065503
0.0925808996,0.12577641,0.149175599,0.207512438
0.196394056,0.101736523,0.316374004,0.168604314
0.266485244,0.0186735224,0.427360177,0.0300502367
0.247288689,-0.0888855234,0.400987655,-0.143417552
0.130335018,-0.174765199,0.218843296,-0.287998229
-0.0406181738,-0.207605913,-0.0613724999,-0.343058944
-0.191300124,-0.187042043,-0.306544632,-0.299656838
-0.253677666,-0.140514776,-0.405224174,-0.220655471
-0.198735833,-0.103434399,-0.330169082,-0.163400456
-0.0491768718,-0.0953663588,-0.0932390019,-0.152339503
0.133119524,-0.107172534,0.206812099,-0.174294293
0.277141154,-0.107290432,0.432672888,-0.173334792
0.334471107,-0.0635852516,0.515607893,-0.108587332
0.297374785,0.0325612612,0.471412033,0.0390680172
0.196072996,0.15517807,0.323357373,0.236631647
0.0790079981,0.253645241,0.135647222,0.399321258
-0.0121370787,0.279283941,-0.0105897412,0.445501864
-0.0597479828,0.213933766,-0.090416342,0.354589283
-0.0725163296,0.0837621838,-0.115711644,0.148916051
-0.0738338754,-0.0508133397,-0.120587297,-0.0777580664
-0.0845188275,-0.124924161,-0.141814843,-0.205708876
-0.109912746,-0.103135549,-0.185069785,-0.173813388
-0.137802675,0.00123119249,-0.231640488,-0.00256052916
-0.147106469,0.132555351,-0.241604432,0.213898867
-0.121546201,0.222382471,-0.193308607,0.358451873
-0.0604797229,0.226291791,-0.0950974897,0.37230444
0.018736206,0.14810054,0.0332716778,0.252897024
0.087683402,0.0379357859,0.147426367,0.0674348325
0.1193057,-0.0351073556,0.198323473,-0.0604036525
0.0997558534,-0.0209864844,0.167294532,-0.0422294326
0.0344532765,0.0833863616,0.0598530546,0.12901333
-0.0538250282,0.231802613,-0.0825700909,0.36540544
-0.133521289,0.353471994,-0.195744783,0.535395443
-0.175861746,0.391383827,-0.251387805,0.580915928
-0.165107578,0.33326301,-0.244711906,0.515298247
-0.104089111,0.217974395,-0.164886713,0.36116308
-0.0133591779,0.113626339,-0.0237907972,0.1949341
0.0757490322,0.0792041123,0.122795388,0.130904451
0.132078677,0.130779356,0.215504885,0.206623077
0.136149988,0.23108612,0.220504835,0.361640036
0.088115178,0.308687538,0.146312639,0.476346135
0.00871186331,0.296873182,0.0249030311,0.469835341
-0.0680832267,0.171555638,-0.101234503,0.289928764
-0.108713217,-0.032320179,-0.175372154,-0.0402292497
-0.0948404819,-0.235090241,-0.156297877,-0.367307901
-0.0326871946,-0.350429058,-0.0613754056,-0.53541106
0.0481444634,-0.327666193,0.0618768185,-0.514900804
0.107059687,-0.176686063,0.164315954,-0.299806803
-0.129839644,0.139113903,-0.198401615,0.200622544
-0.299070925,0.196915269,-0.447503686,0.31395933
-0.393980414,0.200960547,-0.570611358,0.302737355
-0.345612824,0.157588065,-0.523768544,0.250107527
-0.135653868,0.0996173471,-0.234492525,0.17489253
0.186118513,0.0693851411,0.28764841,0.119529806
0.514469028,0.0955784395,0.701105773,0.123825796
0.728802383,0.175858393,0.795421064,0.176357597
0.74390918,0.274997205,0.7629565,0.266571045
0.547894716,0.340602994,0.678008795,0.402840972
0.208762512,0.32927981,0.335483044,0.483329952
-0.154292017,0.230126292,-0.218860552,0.367791057
-0.421765774,0.0731600747,-0.611147165,0.1220605
-0.523000836,-0.082483843,-0.719719172,-0.0975825191
-0.460798353,-0.175460592,-0.656285048,-0.235235021
-0.301177144,-0.171135798,-0.474654496,-0.255628586
-0.135369152,-0.0780187249,-0.235634714,-0.128446877
-0.0344503596,0.0567115992,-0.0625500381,0.0892765075
-0.0194529686,0.170453981,-0.028420575,0.275455832
-0.060442701,0.215489462,-0.0911600143,0.349885613
-0.102180883,0.181036308,-0.158522442,0.301395416
-0.100216545,0.0960876346,-0.161756918,0.168216854
-0.0467932969,0.012094263,-0.0820555761,0.0267168339
0.0271876231,-0.0249873903,0.0411297642,-0.0402831584
0.0738845915,0.00160390756,0.120045714,-0.00357243861
0.0603536926,0.0723175108,0.102726497,0.114126116
-0.00837772153,0.144011244,-0.00829865225,0.232911423
-0.088566184,0.175045177,-0.139722362,0.286615014
-0.120147951,0.148705438,-0.193511695,0.2491083
-0.0600912869,0.0820179954,-0.10131418,0.144326895
0.0915925279,0.0151890041,0.145284519,0.03091361
0.287523121,-0.0123007325,0.445455134,-0.0218887348
0.452999264,0.0145777902,0.652796626,0.010532462
0.52022022,0.0764332712,0.713653147,0.0921497419
0.459273815,0.129323199,0.657365084,0.171961248
0.290599912,0.129520059,0.464954257,0.193973079
0.073590152,0.0597136952,0.136730596,0.0987863392
-0.121796973,-0.0580869578,-0.191029161,-0.090078786
-0.245537162,-0.170860842,-0.387113214,-0.262599379
-0.285414517,-0.220620021,-0.442770362,-0.332376689
-0.265135825,-0.17489548,-0.421472043,-0.272726893
-0.226110131,-0.0454657078,-0.371485561,-0.0762017816
-0.204079598,0.115116797,-0.332671672,0.181770429
-0.212957457,0.238151163,-0.328809947,0.372669727
-0.242854685,0.272323579,-0.361897498,0.421063513
-0.270896882,0.208988935,-0.411052316,0.332742363
-0.276869059,0.0860836133,-0.433250517,0.147518754
-0.254321605,-0.0314683989,-0.408922404,-0.0413193665
-0.211699724,-0.0848205537,-0.346784562,-0.133220062
-0.164511159,-0.0507210046,-0.276525974,-0.0838066489
-0.124592766,0.0476578958,-0.210228652,0.0755040497
-0.0934418291,0.153970852,-0.15372318,0.250384986
-0.0632642359,0.208926171,-0.0999046266,0.339114338
-0.0242394749,0.181662127,-0.0362613685,0.303282082
0.0272419043,0.0860091075,0.0476425961,0.150773287
0.0848147348,-0.0266478639,0.140996754,-0.0414417572
0.135109782,-0.0940399319,0.219609395,-0.155586913
0.165330485,-0.0753696486,0.268455416,-0.129525915
0.170489326,0.0272133518,0.278607786,0.033504393
0.155761838,0.16879411,0.253038138,0.261219442
0.132639244,0.283192128,0.212817967,0.438734055
0.111493699,0.314799309,0.180704594,0.487239212
0.0953566208,0.244974554,0.159065694,0.393860072
0.0788519531,0.100432441,0.137907282,0.172728673
0.0529291928,-0.0596801341,0.0918480828,-0.094867751
0.0123790875,-0.170953512,0.0205000695,-0.280513138
-0.0386675484,-0.191773564,-0.0668480843,-0.315975338
-0.0869033337,-0.119498432,-0.147092313,-0.205412015
-0.115951084,0.0113967238,-0.196981728,0.0129782092
-0.115143918,0.146487996,-0.19033739,0.237630799
-0.0860554501,0.234586507,-0.136558741,0.37776196
-0.0430205613,0.246263936,-0.0654027462,0.400123686
-0.00713574421,0.18084009,-0.00599361071,0.302790195
0.00332219666,0.0612950623,0.0116275968,0.11007192
-0.0186368413,-0.0780677125,-0.0282302331,-0.12597321
-0.0652949885,-0.204453096,-0.106116541,-0.329418957
-0.11711593,-0.294893771,-0.187091634,-0.458123565
-0.150225729,-0.338712007,-0.235707715,-0.513792217
-0.145016223,-0.335905343,-0.230659693,-0.511218071
-0.092544347,-0.294223994,-0.155658215,-0.461699903
0.00304707489,-0.226607963,-0.00611530198,-0.367639422
0.126033768,-0.148869768,0.194843844,-0.246926218
0.253369719,-0.0766609609,0.398691922,-0.128266796
0.360367894,-0.0215023067,0.546794057,-0.0396282449
0.42676717,0.0127294473,0.6274333,0.0111744693
0.442229211,0.030511301,0.645735919,0.0345145613
0.409932137,0.0410927609,0.611684263,0.0520155653
0.346566498,0.0516493097,0.536944985,0.0719313696
0.277504534,0.0608244725,0.442771226,0.0898905247
0.227638736,0.0570873059,0.369363457,0.0880436823
0.210844785,0.0242163464,0.344508231,0.0381852202
0.222819328,-0.0479826704,0.360164255,-0.0775462613
0.241678774,-0.153515786,0.38139832,-0.243159533
0.237661406,-0.267339379,0.363632768,-0.41162464
0.188633561,-0.353369206,0.280656546,-0.532098174
0.0942419022,-0.38090384,0.139245376,-0.577826381
-0.0190800931,-0.341408551,-0.0321975723,-0.531713486
-0.106446102,-0.255957812,-0.174150199,-0.411457241
-0.123869084,-0.167555466,-0.207691357,-0.273112386
-0.0500873066,-0.120502062,-0.0923309326,-0.195912346
0.100088447,-0.136789814,0.154218212,-0.220271334
0.278639048,-0.202544764,0.421399415,-0.311215907
0.42342931,-0.273405164,0.585145295,-0.386101484
0.485098422,-0.297938854,0.635636568,-0.403017044
0.448673427,-0.247739866,0.617212236,-0.35433808
0.33881247,-0.137646839,0.51721096,-0.223729566
0.205599681,-0.0231684912,0.339180201,-0.0506044105
0.0979108587,0.0263918769,0.167557836,0.0392870903
0.0382061452,-0.0329616964,0.067154862,-0.0495862402
0.0123013305,-0.18904078,0.0215094537,-0.299432755
-0.0199699402,-0.369236082,-0.0316406041,-0.557299316
-0.0984705836,-0.468950421,-0.144546747,-0.666341186
-0.234933853,-0.401745319,-0.340505302,-0.581679881
-0.399245024,-0.147427648,-0.591563821,-0.228527084
-0.528632224,0.227114648,-0.698964596,0.291997403
-0.556640506,0.587842047,-0.558031797,0.594343901
-0.447944015,0.788154304,-0.376186073,0.678750932
-0.221139073,0.734148622,-0.230021387,0.779522419
0.0530481897,0.429730713,0.0786009729,0.644274414
0.278722107,-0.0209094286,0.446710855,-0.00557854818
0.374926478,-0.456051022,0.490038425,-0.588457704
0.310133576,-0.725200951,0.315081537,-0.758739471
0.114926867,-0.751847863,0.118527696,-0.80750519
-0.132729799,-0.561039925,-0.175605267,-0.741063356
-0.342088401,-0.259840906,-0.507142246,-0.395003796
-0.447437942,0.0182553772,-0.656676292,0.022414634
-0.431879461,0.176630393,-0.620793402,0.261471003
-0.327563047,0.195438311,-0.496325523,0.307247698
-0.194759473,0.129839644,-0.315108865,0.22107628
-0.0919127613,0.070069015,-0.153758273,0.12339408
-0.0517500341,0.08617872,-0.0853254497,0.141359344
-0.0736877918,0.18733567,-0.117180288,0.29778859
-0.133318663,0.316892952,-0.199891075,0.484930873
-0.201003268,0.384935945,-0.284311563,0.566888332
-0.258047104,0.320030749,-0.372431308,0.486310124
-0.301985204,0.111953549,-0.460320204,0.191182211
-0.339842647,-0.177693546,-0.509866655,-0.248472735
-0.375443637,-0.442830712,-0.497188628,-0.568498731
-0.399892211,-0.583966017,-0.467320502,-0.663294494
-0.391832799,-0.556401014,-0.470083922,-0.652412295
-0.327822775,-0.390772611,-0.464226156,-0.542173088
-0.196918562,-0.17582044,-0.329557627,-0.283007443
-0.0109458175,-0.0129394634,-0.0325756855,-0.0216129944
0.195773616,0.0336622521,0.314184636,0.0591416657
0.377729297,-0.0341783427,0.569677413,-0.0495014638
0.495212555,-0.154474527,0.683766663,-0.216428861
0.528875649,-0.241179258,0.689813316,-0.322701126
0.485350907,-0.230618179,0.655744195,-0.324497581
0.392216414,-0.11400345,0.580712557,-0.184911266
0.285763234,0.0599052906,0.453058183,0.0783968642
0.197829947,0.211741507,0.317924738,0.323788196
0.147251919,0.272580653,0.237930775,0.425654918
0.138135627,0.217224106,0.225930557,0.352662414
0.163435251,0.073211357,0.271518618,0.127133861
0.210301384,-0.097283788,0.339271754,-0.152629629
0.264175743,-0.231219143,0.400723904,-0.356174976
0.310768604,-0.295318276,0.450216889,-0.440866977
0.337111324,-0.297870398,0.483519435,-0.43957147
0.333375067,-0.277222782,0.483406872,-0.413448095
0.295892239,-0.275330096,0.438575655,-0.415936589
0.229921386,-0.312152445,0.345912278,-0.474007785
0.149753481,-0.375035107,0.222218409,-0.562123358
0.074710995,-0.427930534,0.104918621,-0.62889272
0.0220246166,-0.433990031,0.0260195136,-0.636382341
-7.38335584e-05,-0.378011614,-0.0078494437,-0.575895369
0.00486413296,-0.27610454,-0.00129291008,-0.444139451
0.0248432793,-0.167761788,0.0333892591,-0.280054212
0.0474049561,-0.0955536142,0.0752167851,-0.161469623
0.0677427724,-0.0841628388,0.111712813,-0.139624238
0.0918678716,-0.13006705,0.149586692,-0.212629452
0.132248715,-0.206507385,0.209370673,-0.330633461
0.197742805,-0.279624224,0.298481345,-0.432627916
0.283429623,-0.32587415,0.406612575,-0.482143104
0.36679709,-0.341135919,0.504691184,-0.483900249
0.413836986,-0.337654859,0.558646381,-0.467756391
0.393315852,-0.33242628,0.541802108,-0.465497971
0.292650104,-0.335254818,0.424530178,-0.49527517
0.127202064,-0.343954712,0.196589559,-0.529334426
-0.0624540448,-0.34878546,-0.0936863348,-0.539918303
-0.224918887,-0.341853172,-0.336557865,-0.509234548
-0.317722917,-0.323974907,-0.466073185,-0.46303761
-0.323322624,-0.303469688,-0.479234278,-0.434284359
-0.25399667,-0.287241518,-0.393471271,-0.427347928
-0.143804058,-0.27049771,-0.237076133,-0.41999495
-0.0320978053,-0.233450308,-0.063071236,-0.376549453
0.0530515201,-0.149686769,0.0785024017,-0.251143396
0.103699625,-0.0034368434,0.167113096,-0.015443854
0.129784524,0.193812117,0.209122181,0.301452339
0.148318365,0.398522824,0.222984836,0.579797149
0.170677304,0.548085809,0.232258439,0.716879308
0.194993943,0.587790847,0.255054653,0.738586187
0.207298413,0.499113858,0.289628357,0.676198959
0.190065801,0.313926697,0.301067978,0.483176172
0.133003131,0.104984798,0.229195982,0.180156663
0.040184889,-0.0451433361,0.0738444477,-0.0751933679
-0.0698956326,-0.0827193037,-0.114141747,-0.141803682
-0.170817181,-0.00977265835,-0.281094134,-0.0202626195
-0.237556398,0.115304641,-0.380045831,0.183026284
-0.254193425,0.205395579,-0.393573791,0.322988689
-0.217250302,0.187895149,-0.341072083,0.307676643
-0.134692073,0.0422579646,-0.222330824,0.0870281458
-0.0226370394,-0.18737416,-0.0409028381,-0.291716009
0.0980165526,-0.411577404,0.136441499,-0.602206945
0.204259053,-0.538030624,0.257210582,-0.711979628
0.273789465,-0.515939951,0.345915973,-0.678856075
0.289267868,-0.360242635,0.40524739,-0.529210925
0.243991047,-0.143436447,0.384080321,-0.243708774
0.146835372,0.0406804793,0.24646695,0.0532833859
0.0229935627,0.122789815,0.0477506481,0.200765043
-0.09207277,0.0900647044,-0.14460519,0.155094206
-0.164891601,-0.0115605732,-0.267685711,-0.0094903484
-0.178003475,-0.105305791,-0.291564912,-0.165388599
-0.139050588,-0.126449317,-0.234904468,-0.204465643
-0.0793646872,-0.0574302822,-0.140383258,-0.0998884067
-0.0409940444,0.0632777065,-0.0720560327,0.100648902
-0.0569860823,0.162973985,-0.0883691981,0.264606029
-0.133905143,0.175456434,-0.2056541,0.287463248
-0.245526373,0.078938432,-0.382613748,0.135795116
-0.341964632,-0.0891094282,-0.520631552,-0.123379126
-0.371201873,-0.248403803,-0.543703139,-0.349778831
-0.303641498,-0.315477371,-0.454369962,-0.453538865
-0.148240417,-0.246315837,-0.250638634,-0.38914144
0.0477922112,-0.0601983592,0.0623001158,-0.107875191
0.216292143,0.167508408,0.337265104,0.254622817
0.295112014,0.340144902,0.435545206,0.483824342
0.252955705,0.38492009,0.37815702,0.548927784
0.101322614,0.28633514,0.176811382,0.450853437
-0.111175641,0.0920099914,-0.164001927,0.161261097
-0.318885654,-0.111032248,-0.484284192,-0.160757467
-0.464224309,-0.237209618,-0.643811405,-0.319984704
-0.517005324,-0.240308434,-0.688256502,-0.312366486
-0.480669439,-0.131011561,-0.680764437,-0.180691332
-0.384580702,0.0325273722,-0.589099228,0.0506302454
-0.267701954,0.174277574,-0.422517657,0.276045978
-0.16197142,0.234358326,-0.256687164,0.376650631
-0.0825338289,0.191346154,-0.130546093,0.319539905
-0.0277123321,0.0643103197,-0.0421691127,0.117854811
0.0133409975,-0.102942444,0.0228215288,-0.164874226
0.0505801626,-0.264485776,0.0767297298,-0.417645216
0.0860530585,-0.389141142,0.121481657,-0.581856489
0.112981878,-0.464294732,0.151193023,-0.662196457
0.120485865,-0.488087684,0.160218909,-0.684023678
0.100766994,-0.458308876,0.136793151,-0.661135912
0.0547707677,-0.367512643,0.0777451918,-0.564664423
-0.00649053464,-0.208928123,-0.0153770158,-0.350487381
-0.065462783,0.0102207903,-0.113712735,0.00570349954
-0.104702324,0.257413715,-0.165772662,0.401328474
-0.113706,0.475323677,-0.156503558,0.670856118
-0.0930745155,0.597969055,-0.111388691,0.766453624
-0.0543596298,0.577334404,-0.0640276298,0.759689212
-0.0156567097,0.408102036,-0.0154028628,0.615881503
0.00539260963,0.137134418,0.0179474279,0.241413012
-0.00146751851,-0.149420604,0.00341079431,-0.235096306
-0.0349592716,-0.357880682,-0.0562693365,-0.545311332
-0.0826820508,-0.424387723,-0.127767578,-0.625760436
-0.1261269,-0.340935796,-0.199894547,-0.526066661
-0.148388162,-0.157662421,-0.248058468,-0.263461918
-0.141301468,0.0401875228,-0.238110512,0.0617070608
-0.10870368,0.170307472,-0.17713967,0.278998673
-0.0640745163,0.188910007,-0.10172192,0.31493029
-0.023467306,0.107540436,-0.0342953913,0.186935946
0.00284321862,-0.0161931273,0.00735251233,-0.0214370228
0.0155662633,-0.108849443,0.0249484088,-0.179331079
0.0253341272,-0.117379479,0.0388138592,-0.199270099
0.0454935767,-0.0338901095,0.0710869581,-0.0647566095
0.0824660882,0.102543592,0.133186594,0.160764426
0.129320785,0.227112234,0.2072393,0.357156813
0.167085618,0.282465011,0.263323158,0.438486785
0.174359992,0.247248366,0.28318423,0.388816148
0.140889004,0.146086752,0.237796128,0.241724849
0.0776475072,0.0365467891,0.135893151,0.0625769049
0.016739646,-0.0199622773,0.0305524375,-0.0352830701
-0.000837066735,0.0113382721,-0.00319870189,0.0164347496
0.0550473519,0.121784277,0.0832226872,0.195775181
0.185873941,0.264085978,0.28451252,0.40548256
0.358444393,0.375902414,0.495112211,0.515627682
0.515326977,0.410103053,0.628736973,0.492425263
0.598355114,0.356606692,0.697658241,0.407656193
0.574650884,0.245191902,0.724585652,0.30272764
0.452514768,0.128365427,0.654846668,0.177702293
0.278883845,0.0533605777,0.453158826,0.0765106305
0.118986882,0.0376548581,0.204427332,0.0561690554
0.0277978778,0.0604578741,0.0492695123,0.0984688327
0.0271393061,0.0744726583,0.0433430523,0.126611203
0.0993952155,0.0319861621,0.162854746,0.0591842309
0.200154826,-0.08788836,0.323551387,-0.136313096
0.282280684,-0.264641553,0.42424044,-0.396434337
0.318202257,-0.442076832,0.426645279,-0.599606872
0.308808267,-0.551938891,0.377207816,-0.691177964
0.275286406,-0.544331074,0.340389162,-0.696448147
0.24015291,-0.410516113,0.333515495,-0.593341947
0.209887698,-0.187453672,0.324584842,-0.312878102
0.170417726,0.0577205643,0.276160091,0.077521123
0.0987261534,0.255553693,0.164424628,0.396961212
-0.0163619835,0.361239076,-0.0126929283,0.550614953
-0.157619491,0.368531317,-0.220428437,0.555093527
-0.27908349,0.305389911,-0.402388334,0.460989982
-0.325042576,0.215267316,-0.484713525,0.334111869
-0.259815574,0.13465558,-0.412041962,0.223421171
-0.0921459273,0.0784784257,-0.161616713,0.139988959
0.120827638,0.039894186,0.191657513,0.0697182491
0.29508695,0.0028848548,0.463332087,0.00254247128
0.358009607,-0.0409363434,0.549230039,-0.0693309158
0.284590632,-0.0818835124,0.455055505,-0.136430085
0.112325907,-0.0947825834,0.195472121,-0.165219828
-0.0745020956,-0.0535535589,-0.118944511,-0.0949014425
-0.184754252,0.0504679978,-0.30420053,0.0796809569
-0.16515471,0.197476938,-0.271165788,0.316091895
-0.0270848088,0.343021423,-0.0464659296,0.530626595
0.15866673,0.436409593,0.227291316,0.62787801
0.297043115,0.445145816,0.410611898,0.604574084
0.316108197,0.372731566,0.456283331,0.523363113
0.202566594,0.259666473,0.329643875,0.399143338
0.00737173064,0.165632099,0.0282511581,0.269175619
-0.181110263,0.140613928,-0.284079462,0.227164656
-0.282126129,0.199040323,-0.435607493,0.307755202
-0.262298882,0.310393989,-0.393330753,0.464822233
-0.149869874,0.412135571,-0.219729617,0.606179953
-0.0169194825,0.439753056,-0.0221228357,0.645354331
0.060052488,0.359796315,0.0985466838,0.554786742
0.0398134105,0.189519778,0.0768820047,0.318045855
-0.0644056574,-0.00736255432,-0.0961903706,-0.006107972
-0.195345014,-0.147955582,-0.309705883,-0.234878495
-0.284816444,-0.168299988,-0.446299464,-0.260138124
-0.29067868,-0.0544207171,-0.466636151,-0.0877994448
-0.217608035,0.148731425,-0.356760263,0.234205782
-0.111206308,0.355269372,-0.172707692,0.538683593
-0.0299571436,0.47541976,-0.0356007069,0.679421842
-0.0115273241,0.454713941,-0.00508386362,0.661025882
-0.0524290986,0.297377586,-0.0694312602,0.477163076
-0.112000018,0.0634502023,-0.174975365,0.118469685
-0.137747467,-0.158508629,-0.22388339,-0.246986061
-0.0971854031,-0.290053636,-0.162603736,-0.451993197
0.00208368013,-0.294978052,-0.0102206189,-0.46633774
0.115428172,-0.190844938,0.175183579,-0.316830456
0.185678244,-0.0360820666,0.296671271,-0.0703756884
0.175360277,0.0996425897,0.289655507,0.153151646
0.0887170956,0.166773483,0.15485245,0.26820147
-0.0287858453,0.154279977,-0.0370871462,0.256105095
-0.113442972,0.0878304616,-0.181472585,0.15224494
-0.116586991,0.0108531676,-0.194936708,0.0245193858
-0.0305330735,-0.0402379185,-0.0585670881,-0.0631317496
0.10638243,-0.0534374341,0.167585209,-0.0885856748
0.228102386,-0.0428601652,0.363642186,-0.0733312219
0.27281782,-0.0353563167,0.434597999,-0.0607617609
0.212253466,-0.0506954715,0.350334585,-0.0884399712
0.0639063418,-0.0870650485,0.115220472,-0.148901403
-0.118930034,-0.120265059,-0.187411875,-0.200069755
-0.273253113,-0.117140621,-0.430423796,-0.182657987
-0.354982972,-0.0557570457,-0.546975493,-0.0821983814
-0.356399536,0.0590937845,-0.550365984,0.0919008404
-0.305240154,0.194172487,-0.469318032,0.299471438
-0.24773623,0.301675081,-0.371655911,0.45640865
-0.225164577,0.342095792,-0.32875824,0.513241172
-0.255330414,0.304343551,-0.372808069,0.462476194
-0.326624602,0.212389469,-0.481452614,0.329348475
-0.40556401,0.11442358,-0.592867732,0.179093078
-0.452725142,0.0595007725,-0.652106106,0.0932703689
-0.439378083,0.0733022988,-0.640523612,0.113187954
-0.358356774,0.145417288,-0.544562697,0.222517848
-0.226231828,0.234911665,-0.35619247,0.369668514
-0.0774605498,0.291663021,-0.123124063,0.462236226
0.0466349833,0.282704622,0.0777508765,0.451141655
0.11063353,0.209920123,0.183765799,0.342949897
0.096338585,0.109515637,0.166857392,0.183086127
0.00977758598,0.0328863487,0.024614213,0.0543642715
-0.118644796,0.0182399433,-0.191206485,0.0273672808
-0.242244974,0.0676537454,-0.385881722,0.107240252
-0.313361257,0.142218724,-0.482083261,0.221167609
-0.301433653,0.179267153,-0.46404624,0.283288687
-0.20677866,0.124479286,-0.333017915,0.213093996
-0.0630704388,-0.0365371779,-0.108681262,-0.0452240668
0.0745824724,-0.263517469,0.113629796,-0.406968027
0.152499154,-0.472764075,0.207684949,-0.662257731
0.142583191,-0.571220696,0.179081127,-0.745854795
0.0559734069,-0.498843819,0.0731105953,-0.702937961
-0.0617454425,-0.25967142,-0.102332659,-0.428832531
-0.152972251,0.0738808215,-0.256024003,0.102707162
-0.177922964,0.387209922,-0.262385488,0.567040265
-0.136663973,0.56981951,-0.17164661,0.74780643
-0.0709397867,0.561518073,-0.0858638808,0.750995815
-0.0432383455,0.377604842,-0.053319715,0.580156863
-0.102671959,0.101168558,-0.154396713,0.181489706
-0.255167425,-0.154529467,-0.392561704,-0.233839005
-0.454438746,-0.296776325,-0.615279913,-0.398237646
-0.620148242,-0.294112056,-0.733153045,-0.342858702
-0.675451219,-0.188248336,-0.781590223,-0.212005362
-0.585295022,-0.0716178119,-0.763802052,-0.0850708485
-0.375508189,-0.0409604572,-0.577367723,-0.0495918356
-0.122075208,-0.148685187,-0.210903451,-0.226552904
0.0845813379,-0.375018239,0.119085193,-0.553375959
0.182157516,-0.634426534,0.214676723,-0.767463982
0.163798362,-0.813823819,0.151128575,-0.79347986
0.0760392919,-0.825071216,0.0665346682,-0.801403701
-0.0111086583,-0.647340238,-0.0221242253,-0.791013479
-0.0453253016,-0.339351326,-0.0819105878,-0.536557734
-0.0216140989,-0.0153457634,-0.0491227396,-0.0416971669
0.0161298811,0.204552382,0.0259499196,0.329767704
0.00270609441,0.247019336,0.0149332481,0.40250963
-0.106820382,0.117264017,-0.160349101,0.202512056
-0.304851681,-0.104493134,-0.461051255,-0.150722787
-0.526972473,-0.299845546,-0.672992945,-0.374256253
-0.679351091,-0.365192115,-0.72389847,-0.379633516
-0.68428272,-0.256686658,-0.764046252,-0.280849308
-0.520217061,-0.00715373037,-0.724639177,-0.0100949863
-0.235172182,0.291688353,-0.374410123,0.441316813
0.0736987665,0.532312214,0.0941174999,0.725601375
0.303985536,0.639172614,0.357708037,0.731989443
0.393040925,0.599296629,0.455417991,0.67362839
0.341947705,0.462655097,0.460032731,0.602499843
0.207973748,0.313855886,0.329828799,0.473363668
0.0717357248,0.229889184,0.126606792,0.367501259
-0.00225072331,0.244347736,0.000436462607,0.389597386
0.00875980034,0.33440423,0.0136036044,0.515784144
0.084905453,0.435281754,0.125773326,0.633324504
0.184203744,0.473824382,0.261558443,0.658782959
0.26957047,0.404349029,0.387784928,0.572042406
0.325784892,0.229949266,0.493376553,0.349055916
0.35793826,0.000311944168,0.554235518,0.00439989474
0.375522643,-0.211357251,0.552099943,-0.310708344
0.375522852,-0.340248138,0.518744111,-0.480714023
0.338027835,-0.355608553,0.470504999,-0.508727312
0.239004463,-0.26936236,0.362823993,-0.42498523
0.0726122707,-0.125839278,0.123778418,-0.220516056
-0.132350087,0.0203524511,-0.211612701,0.0241538528
-0.315324247,0.126747727,-0.482857406,0.198682725
-0.408586591,0.175726891,-0.592045546,0.263952255
-0.372131884,0.173662916,-0.554637551,0.26834777
-0.219301879,0.139862165,-0.357379764,0.234764472
-0.0166867226,0.0930797905,-0.0341857783,0.163371205
0.144851133,0.0431353711,0.236791164,0.07333415
0.194758818,-0.00906345434,0.321590185,-0.0173252001
0.119638309,-0.0651928261,0.2075921,-0.111699015
-0.0284006279,-0.122447312,-0.0394443348,-0.204471976
-0.158076704,-0.17105177,-0.253841817,-0.275409698
-0.187249452,-0.198177487,-0.30545485,-0.309849024
-0.0877239704,-0.195676163,-0.155221999,-0.312391073
0.0980835781,-0.166423187,0.144921407,-0.27034992
0.278678298,-0.124770515,0.429199874,-0.200735122
0.362592667,-0.0901669711,0.549768567,-0.145448864
0.308941603,-0.0772368833,0.488493264,-0.129071951
0.151732758,-0.0879574642,0.258618593,-0.151605576
-0.0161464624,-0.110594854,-0.0211058669,-0.185490146
-0.0916769281,-0.12626043,-0.154704377,-0.205931276
-0.0176001396,-0.119515546,-0.0407441258,-0.193876669
0.184548825,-0.0869796947,0.285119772,-0.141370222
0.422490239,-0.0388933085,0.613602817,-0.0642586648
0.578790724,0.00742114754,0.75822854,8.66877308e-05
0.570423543,0.0384952053,0.755259931,0.0398623943
0.391237527,0.0535560697,0.595939815,0.0688152239
0.115350232,0.065673314,0.207042918,0.0989720821
-0.1398485,0.0938361958,-0.218852416,0.150045484
-0.271318167,0.149887919,-0.42493245,0.23790437
-0.238641903,0.227647141,-0.376112849,0.358269483
-0.0788623244,0.301014841,-0.12964429,0.475685537
0.117815077,0.333457202,0.179340914,0.514790952
0.256478161,0.2951805,0.390970767,0.445998996
0.283402383,0.179788157,0.448089093,0.278712124
0.205806062,0.0117485458,0.345145732,0.0203293543
0.0775679722,-0.159958869,0.135761425,-0.260752261
-0.037929941,-0.280037254,-0.060488876,-0.44306758
-0.104904778,-0.309053004,-0.170476362,-0.481479436
-0.131028876,-0.239611968,-0.21591121,-0.384878367
-0.154517233,-0.099239707,-0.258875251,-0.167395532
-0.2122664,0.0611393154,-0.343589962,0.0941586345
-0.309802502,0.18764779,-0.468123078,0.287558824
-0.412187338,0.243597597,-0.578000188,0.354351133
-0.462084472,0.22087346,-0.634685159,0.316077799
-0.414631367,0.138771787,-0.605876803,0.21628581
-0.268309653,0.0325184055,-0.433269471,0.066334188
-0.0727574751,-0.0620162115,-0.131708637,-0.0932620093
0.0925502032,-0.120260797,0.145843357,-0.196352929
0.158060074,-0.133346125,0.256352127,-0.223259419
0.100715198,-0.105317056,0.169926375,-0.182251513
-0.0430672131,-0.0470262691,-0.0642822012,-0.0865362808
-0.195668861,0.0287354849,-0.31473881,0.0449267216
-0.278267354,0.108507365,-0.43797344,0.174045175
-0.251039803,0.176855281,-0.397688717,0.283500165
-0.131941289,0.215833262,-0.215162337,0.351899564
0.0157844108,0.208221108,0.023150146,0.344049633
0.120092459,0.144753054,0.199176505,0.240258977
0.140386,0.0320449881,0.2377159,0.0556995645
0.0895246565,-0.103956543,0.153919965,-0.171751156
0.0258254055,-0.222957358,0.0429243483,-0.359767228
0.0197333023,-0.28366515,0.023816146,-0.4488599
0.113438718,-0.260672837,0.16615808,-0.415879756
0.295194745,-0.15722096,0.44163689,-0.251001358
0.50185889,-0.00713330507,0.691511929,-0.0235132091
0.648036957,0.136199042,0.782074213,0.149750516
0.666463494,0.219838813,0.77155,0.242968887
0.539118528,0.211893618,0.710884929,0.268098712
0.304293036,0.113704495,0.488256156,0.172776282
0.0377249867,-0.0415483229,0.0811649039,-0.0688051209
-0.181201622,-0.202742442,-0.282191664,-0.316035599
-0.301039279,-0.320544064,-0.44737041,-0.460579515
-0.313581496,-0.36414656,-0.454670966,-0.511936367
-0.248571798,-0.328397691,-0.380357236,-0.48419401
-0.154006615,-0.229908898,-0.255960107,-0.365962833
-0.0738815218,-0.0960867777,-0.130820051,-0.163694009
-0.0337988324,0.0462759621,-0.057883583,0.073588185
-0.0383221805,0.177367777,-0.0595482886,0.285707504
-0.0769341066,0.284205824,-0.115603581,0.445915937
-0.132104784,0.356791258,-0.191503257,0.542539239
-0.184597135,0.385406137,-0.263803959,0.569930017
-0.215614647,0.362467468,-0.310815156,0.540359855
-0.208954886,0.288501889,-0.31485638,0.451296836
-0.156177118,0.178045481,-0.248487696,0.296954095
-0.0640642196,0.0601425692,-0.108721569,0.109523177
0.0406762436,-0.0293844808,0.0645777807,-0.0451316275
0.115712792,-0.0618300736,0.189894482,-0.105294794
0.118811548,-0.0291630067,0.198302478,-0.0552408136
0.0301556606,0.050393343,0.0575473383,0.0743012056
-0.278227806,0.092742607,-0.418257177,0.141337693
-0.237484753,0.210888401,-0.385942698,0.334742993
-0.144254223,0.257120967,-0.228054136,0.411248833
-0.0347250514,0.202443585,-0.0547158085,0.339175612
0.0449846834,0.0600107349,0.0792218149,0.109688073
0.0584536865,-0.120878853,0.100446142,-0.193535239
-0.00465838984,-0.275308013,-0.00601036567,-0.436843574
-0.1230869,-0.348218083,-0.188239291,-0.532586813
-0.252098918,-0.313993841,-0.380270898,-0.47394371
-0.341950327,-0.182934895,-0.521324158,-0.279169798
-0.35869959,0.00619131327,-0.555387974,0.00834598392
-0.298385888,0.202353418,-0.461302966,0.310195059
-0.188528329,0.359272301,-0.283759087,0.537781715
-0.0764172599,0.446617484,-0.108053446,0.649501204
-0.00926837511,0.452938855,-0.0042564352,0.65795362
-0.0145983426,0.382385999,-0.00941498298,0.580508411
-0.0888794288,0.249628067,-0.128932461,0.404940814
-0.19893907,0.0765985921,-0.311366916,0.13370797
-0.295317531,-0.108344309,-0.458926529,-0.158526644
-0.332068264,-0.27131325,-0.491625339,-0.38776958
-0.285106212,-0.377228171,-0.416736066,-0.53131026
-0.161974326,-0.398943484,-0.251618385,-0.580693483
0.000638582569,-0.328646719,-0.0139107974,-0.511372745
0.150547832,-0.185770839,0.22954233,-0.307809234
0.23958154,-0.0154417437,0.38097176,-0.0368455462
0.241472915,0.124906383,0.388541877,0.187761545
0.161319718,0.187106788,0.269497931,0.296958447
0.0330229551,0.153102994,0.067322053,0.254279017
-0.094268024,0.0447629318,-0.145863518,0.0829980224
-0.175393701,-0.0836731717,-0.283485919,-0.128116071
-0.186503381,-0.168928176,-0.304820538,-0.265682817
-0.133526891,-0.168067783,-0.226190031,-0.270646185
-0.0483717285,-0.0800899342,-0.0905089676,-0.135714039
0.0255556945,0.0515498966,0.037831191,0.0794704035
0.0523827225,0.158199281,0.0897024721,0.256713599
0.0191777814,0.179104388,0.040598847,0.293212444
-0.0590114966,0.0928940624,-0.0877436846,0.161627471
-0.146758884,-0.0682493523,-0.235207736,-0.103118792
-0.205114797,-0.229830116,-0.322782427,-0.34980467
-0.210023448,-0.307689697,-0.32694608,-0.464464158
-0.163705215,-0.247325793,-0.268143296,-0.392084002
-0.0934909582,-0.0512102768,-0.167587399,-0.0947314873
-0.0383952148,0.219422385,-0.0668653995,0.344375491
-0.0295922495,0.469876409,-0.0344650224,0.666403115
-0.0741036758,0.612901926,-0.0805137977,0.776060402
-0.14979139,0.606062055,-0.173139513,0.762879491
-0.214586303,0.468029112,-0.283098102,0.654040635
-0.226115972,0.266483158,-0.340069741,0.423346221
-0.162737235,0.0840711296,-0.265910625,0.150821075
-0.0359754264,-0.0205893535,-0.0676185265,-0.0274978988
0.11187657,-0.0378363319,0.177612007,-0.0642549619
0.22442621,-0.00619694358,0.359775454,-0.0156884715
0.254864991,0.0126488814,0.411214113,0.0143004386
0.186071813,-0.0303293373,0.310876429,-0.0523959659
0.0381431282,-0.14351131,0.0732089803,-0.236601099
-0.139854535,-0.288614631,-0.214170814,-0.446380585
-0.289914936,-0.399433881,-0.412257165,-0.557504952
-0.367728233,-0.415522963,-0.500617325,-0.551941037
-0.357984334,-0.313665807,-0.518757403,-0.446252048
-0.276284784,-0.121417135,-0.446742266,-0.19460763
-0.158100873,0.0937630162,-0.268857092,0.1497394
-0.0411031097,0.25409466,-0.067086868,0.406652749
0.0503312275,0.305199355,0.0833097473,0.483136207
0.111554883,0.238027826,0.185649633,0.385961443
0.153274879,0.0895601809,0.257624,0.153488874
0.190171525,-0.0764866024,0.310543805,-0.119559348
0.229503185,-0.19842197,0.356909871,-0.312996149
0.266023219,-0.240880325,0.401372552,-0.37396127
0.285598993,-0.204379067,0.433031857,-0.323344857
0.274953932,-0.118104607,0.429451853,-0.198076189
0.231623441,-0.0221092682,0.374700904,-0.0455228016
0.168219388,0.0508780777,0.280109316,0.0775752366
0.108313411,0.0855579749,0.182518214,0.138262868
0.0758584589,0.0834400728,0.129001051,0.139898852
0.0835797489,0.0550811552,0.138415962,0.0927281976
0.126347497,0.0118730934,0.208503112,0.020319622
0.182959452,-0.0373273157,0.296646953,-0.0616622418
0.225451455,-0.0839652345,0.36144045,-0.137849197
0.231311306,-0.115703776,0.370263457,-0.189149156
0.192711055,-0.115787789,0.313406587,-0.193128213
0.118636943,-0.0687520355,0.19806385,-0.120687187
0.0295279287,0.0294333883,0.0515708551,0.0403133556
-0.0522994585,0.162779734,-0.082866855,0.259549767
-0.111442402,0.294849098,-0.169675946,0.458803087
-0.143399268,0.379406333,-0.207892314,0.569149673
-0.152678832,0.378983557,-0.218851641,0.56809622
-0.147142828,0.283057928,-0.22199297,0.450867504
-0.132382289,0.116470605,-0.210407719,0.20334895
-0.109329194,-0.0673410669,-0.18090114,-0.0991250649
-0.0759526715,-0.206542388,-0.127477467,-0.329878926
-0.0312798694,-0.256002516,-0.0584359802,-0.411660403
0.021334257,-0.205964059,0.025870759,-0.340215862
0.0740726218,-0.0856766999,0.115934178,-0.150529251
0.117857382,0.0496424399,0.193428501,0.0748008639
0.146817088,0.142424941,0.241248399,0.227722168
0.161031961,0.156179488,0.26510787,0.252489656
0.165607065,0.0885626599,0.276369572,0.147856206
0.166502938,-0.0307349656,0.276216984,-0.046906963
0.165796876,-0.154887885,0.267205745,-0.250386178
0.159696117,-0.239747599,0.250677854,-0.381299317
0.141128466,-0.25948599,0.217957795,-0.413748801
0.105862357,-0.212212652,0.166488856,-0.349866897
0.0585407354,-0.115279734,0.0948524252,-0.199772149
0.0144071942,0.00517599424,0.0231603533,0.0017078825
-0.00552651379,0.124178104,-0.00843832176,0.201961696
0.0155439889,0.222931102,0.0252089575,0.359566152
0.0798883364,0.288441688,0.12693347,0.453553826
0.170410812,0.310773015,0.263801306,0.476544738
0.255011231,0.282013178,0.389928281,0.427066147
0.299319595,0.199193284,0.464817315,0.305053234
0.28238222,0.0699505284,0.454533458,0.111604132
0.207699358,-0.0830806866,0.342628539,-0.134148389
0.103665896,-0.223527953,0.171093062,-0.360602349
0.0123662055,-0.310085386,0.0183395352,-0.488090158
-0.0285398662,-0.310684383,-0.0522251837,-0.489156842
-0.00241433736,-0.216391161,-0.0155835841,-0.356691808
0.0792659968,-0.0484956317,0.121103257,-0.0896820948
0.182802916,0.145413637,0.290353388,0.225538954
0.268261373,0.306015968,0.40334928,0.448303252
0.307650447,0.382382512,0.441102237,0.535167098
0.29638806,0.349924743,0.435536683,0.502089083
0.252668083,0.219076827,0.401242316,0.340782851
0.205612153,0.0312773883,0.340867043,0.0561459996
0.178815976,-0.156120703,0.29040277,-0.249764189
0.178085074,-0.290063649,0.270689666,-0.449248195
0.189672649,-0.339360297,0.278336912,-0.516846776
0.189539969,-0.303139418,0.281303853,-0.472234368
0.158194616,-0.207549497,0.248765439,-0.341268659
0.092742607,-0.092742607,0.152480796,-0.162263826
0.00947525166,0.00411171885,0.0187607817,0.00338764209
-0.0643550158,0.0627402067,-0.103588812,0.104811259
-0.104890801,0.0851295218,-0.171375528,0.14354907
-0.104097359,0.0906250328,-0.172106698,0.15402399
-0.0733391717,0.10348127,-0.122574635,0.172808468
-0.0362043791,0.13885057,-0.0599962398,0.229436383
-0.0147704789,0.193883672,-0.0230969079,0.315258861
-0.0172381438,0.24831444,-0.0249681156,0.396948874
-0.034095373,0.274487168,-0.0484011061,0.436905503
-0.0450915098,0.252155989,-0.0652414262,0.408597261
-0.0330233164,0.180717468,-0.0501640476,0.301950514
0.00376913557,0.0822852105,0.00927901175,0.145656019
0.0478219576,-0.00687003369,0.0799136609,-0.00675492268
0.0705939978,-0.0532391258,0.115954183,-0.0915434584
0.0481810942,-0.0434312187,0.0808180869,-0.0775738209
-0.0239291228,0.00699731288,-0.0365672149,0.00598767959
-0.125615776,0.0587293133,-0.203097582,0.0950905383
-0.220002905,0.0666961521,-0.350077987,0.111880727
-0.270869464,0.00296947779,-0.428055048,0.0147169475
-0.260546833,-0.126715034,-0.414613694,-0.186338574
-0.198674127,-0.281858683,-0.312128365,-0.422373205
-0.116949633,-0.403502584,-0.183247596,-0.591469467
-0.052620139,-0.441188097,-0.0864184722,-0.642391324
-0.0296970997,-0.377865851,-0.0519257747,-0.576978683
-0.0482250229,-0.24015899,-0.0835250095,-0.394772649
-0.0874710381,-0.0879765525,-0.148078203,-0.151959687
-0.121016942,0.0124355312,-0.201106429,0.0208697543
-0.134802818,0.0193425678,-0.221582666,0.0381382927
-0.137187615,-0.0649177283,-0.225273475,-0.0982432663
-0.154386014,-0.19568941,-0.248313308,-0.305956662
-0.213024482,-0.308579117,-0.323879331,-0.464273512
-0.319425315,-0.351747006,-0.457392842,-0.499082267
-0.448043406,-0.311590552,-0.607536554,-0.419421822
-0.547344685,-0.218629196,-0.712879717,-0.279544294
-0.562231123,-0.130460352,-0.741529942,-0.163276702
-0.462706238,-0.100554936,-0.664916277,-0.131633997
-0.264023721,-0.149173841,-0.426302195,-0.220046222
-0.0267946273,-0.25175336,-0.0580318645,-0.392206252
0.164890602,-0.351062685,0.238492608,-0.527755082
0.238144487,-0.386936128,0.339834183,-0.565836966
0.162718177,-0.328017443,0.247484311,-0.510005474
-0.0357708856,-0.188748524,-0.0535135344,-0.321873873
-0.287129074,-0.0225268528,-0.447088957,-0.0453458093
-0.506851256,0.105472997,-0.695672393,0.150179371
-0.630806863,0.151543543,-0.769040227,0.196294874
-0.638183177,0.115273483,-0.77782613,0.154110312
-0.552982748,0.0385741182,-0.740574896,0.064275153
-0.425382972,-0.0173453279,-0.630905092,-0.014950579
-0.304024279,-0.0046361764,-0.484574378,-0.000774598913
-0.213844582,0.0862453133,-0.351466388,0.138729945
-0.149887979,0.222248837,-0.241043627,0.352650642
-0.0882198215,0.345762759,-0.133260906,0.529072583
-0.00590303633,0.404679269,-0.00510076992,0.606418073
0.102153003,0.378070384,0.157098264,0.573106647
0.21882306,0.284000725,0.338429451,0.439210176
0.314397424,0.166255534,0.484209359,0.255984604
0.363571584,0.0685218424,0.556293726,0.100142553
0.359295487,0.0112487711,0.552896023,0.00979192276
0.315438569,-0.0156616345,0.496214718,-0.0317704529
0.257294148,-0.0407541431,0.413047314,-0.0695278943
0.206308469,-0.0874890983,0.33584553,-0.144360185
0.168687761,-0.154145852,0.271693498,-0.249886349
0.134831429,-0.210206732,0.215395346,-0.33970651
0.0895601809,-0.212648883,0.142356306,-0.349058568
0.0261390861,-0.133559421,0.0395672433,-0.230055109
-0.0455548055,0.0170049742,-0.0762256235,0.0187388491
-0.102930821,0.187450856,-0.165473312,0.299095005
-0.125232309,0.304822177,-0.189162016,0.474704534
-0.110040538,0.309885144,-0.165714949,0.488661557
-0.0806720108,0.189169303,-0.125627577,0.31938234
-0.0777879804,-0.0136730783,-0.122985654,-0.00909462571
-0.137563929,-0.214823157,-0.216253176,-0.33687827
-0.267415553,-0.328580976,-0.394955099,-0.483654708
-0.433369845,-0.308477253,-0.593399346,-0.422428757
-0.568383813,-0.170535937,-0.73830229,-0.22083962
-0.600286067,0.0134525979,-0.775381625,0.021931652
-0.48704657,0.149839818,-0.681678474,0.21509929
-0.241826341,0.167748049,-0.390649021,0.276781589
0.0660041198,0.0526421703,0.100171939,0.1037824
0.336402893,-0.147244856,0.508128285,-0.215757415
0.48002249,-0.344080389,0.621843517,-0.452079117
0.456305921,-0.451144814,0.558493853,-0.564626992
0.290223181,-0.421034336,0.400585949,-0.592194498
0.0596447885,-0.263570786,0.0969517082,-0.436052382
-0.140511364,-0.0365579948,-0.23211427,-0.0757738501
-0.240163699,0.183870688,-0.380331814,0.287239045
-0.222344726,0.337301135,-0.332067937,0.509576142
-0.125476062,0.400914341,-0.182850376,0.598918438
-0.0202680379,0.390387714,-0.0275584403,0.59279561
0.026051173,0.342458755,0.0468548797,0.530814886
-0.019663902,0.290708154,-0.0190889798,0.459989429
-0.14489986,0.248145238,-0.215774849,0.39521426
-0.302285582,0.204918355,-0.451483965,0.3168253
-0.434904844,0.140403762,-0.621465325,0.213159129
-0.502095103,0.0412212014,-0.698875844,0.0703246146
-0.493313402,-0.0856616125,-0.690777123,-0.104043335
-0.425425977,-0.21191448,-0.611180186,-0.286651433
-0.32797429,-0.298984051,-0.485673457,-0.424199492
-0.226494893,-0.315050691,-0.35065335,-0.469638944
-0.133212209,-0.249097958,-0.220241591,-0.396476865
-0.0485226288,-0.115789697,-0.0893761218,-0.197382376
0.0303800274,0.0499239936,0.0449698716,0.075401105
0.101303764,0.204709232,0.16374214,0.325946331
0.155501023,0.309526801,0.244237676,0.473405391
0.183604822,0.338694125,0.283480972,0.509608984
0.184214264,0.284015328,0.29264006,0.44031176
0.168064222,0.155162826,0.279407144,0.255712926
0.153489277,-0.0220503192,0.258541971,-0.0302251019
0.15495038,-0.209178969,0.248736709,-0.331106097
0.171806723,-0.361530602,0.251839191,-0.541023314
0.18556951,-0.438333452,0.256173879,-0.628053129
0.169429034,-0.415359437,0.238169327,-0.608336926
0.106210247,-0.295706779,0.160357073,-0.473574787
0.00463262247,-0.113042347,0.00616744021,-0.200616792
-0.097029753,0.0765429065,-0.158906728,0.118633896
-0.144904137,0.213021547,-0.229872003,0.341618329
-0.0963058844,0.254625797,-0.15263027,0.412383139
0.0537768118,0.194072098,0.0854659677,0.325714886
0.261486679,0.060859099,0.412898719,0.105736151
0.446761906,-0.0921318829,0.644460857,-0.132934287
0.526518762,-0.211816341,0.697872579,-0.288097441
0.453666002,-0.266864508,0.622973084,-0.374106675
0.24271971,-0.25791648,0.378345519,-0.405326992
-0.0319924168,-0.211590916,-0.0426131114,-0.354477793
-0.266660601,-0.16234,-0.415583342,-0.25691393
-0.373714715,-0.132545456,-0.564911544,-0.190824226
-0.32147193,-0.121862918,-0.50454253,-0.178421989
-0.148388162,-0.111291125,-0.255141377,-0.174239069
0.0555276163,-0.0788418576,0.0794348642,-0.129528031
0.191694021,-0.0169095825,0.308603644,-0.0356171615
0.199895993,0.0595720038,0.329953134,0.0895058513
0.0866616815,0.119659886,0.153171405,0.190266699
-0.0785256475,0.134257868,-0.118732162,0.220329165
-0.197269008,0.0948354602,-0.313501418,0.159531429
-0.190173417,0.0214352906,-0.314366847,0.0455088504
-0.0358619243,-0.0458374396,-0.07318791,-0.0672495365
0.217075765,-0.0681250915,0.335557103,-0.108486488
0.470277905,-0.0303670932,0.663531601,-0.0532685257
0.617986858,0.047957629,0.779382765,0.0471469238
0.591874301,0.120915413,0.759270132,0.141985387
0.38841778,0.139665827,0.588182449,0.196476504
0.0678891316,0.0791593269,0.135933816,0.126506492
-0.272673368,-0.0466624051,-0.415346503,-0.0680667758
-0.538943887,-0.189961687,-0.711618245,-0.239496246
-0.673546612,-0.292216986,-0.754118085,-0.312108248
-0.671497285,-0.313336223,-0.740728557,-0.334103823
-0.572941959,-0.251045316,-0.720100403,-0.305787921
-0.439448863,-0.140196994,-0.639934897,-0.197706744
-0.326168507,-0.0327573866,-0.513856709,-0.0478262976
-0.261997461,0.0300348476,-0.419758618,0.0530967563
-0.244487911,0.0375931822,-0.390667468,0.0657166019
-0.248855397,0.0109851854,-0.397127658,0.0229801685
-0.244638741,-0.0148915574,-0.394797713,-0.0187666379
-0.211576462,-0.0167394411,-0.346720219,-0.0230133235
-0.148189217,-2.54470142e-05,-0.249071911,0.00361568294
-0.0707694888,0.00328275724,-0.121802233,0.00883363187
-0.00474204961,-0.0440010354,-0.00861651171,-0.0685812086
0.0270271283,-0.156233743,0.0449860841,-0.250952303
0.0140149631,-0.307484865,0.0206547417,-0.477970213
-0.0376199372,-0.437018335,-0.0595313907,-0.637078226
-0.107364953,-0.477323383,-0.157239169,-0.673747599
-0.168211535,-0.390819907,-0.257108748,-0.581112444
-0.197086886,-0.194927827,-0.320722967,-0.316723198
-0.183980599,0.040027529,-0.308038116,0.0581051558
-0.136135533,0.221614048,-0.2204182,0.354945153
-0.0752267018,0.280474871,-0.114375599,0.449474305
-0.0280810446,0.20661585,-0.0398183875,0.345079392
-0.0143919773,0.0568268448,-0.0178843904,0.103437848
-0.0367854871,-0.072344631,-0.0586600564,-0.116900206
-0.0783039778,-0.0935139135,-0.131991372,-0.158636153
-0.109503813,0.0254790764,-0.186260745,0.0337874442
-0.102840036,0.242571384,-0.167568326,0.379090995
-0.0479021296,0.460315347,-0.065918386,0.659281015
0.0403451696,0.573812544,0.0585496239,0.757694304
0.125630349,0.523632348,0.179027021,0.712902546
0.166312456,0.326607555,0.263027161,0.503910124
0.136388376,0.0685453266,0.237494543,0.122980274
0.0411612764,-0.137533143,0.0752996206,-0.224918902
-0.0813722238,-0.206255272,-0.132794082,-0.338329047
-0.175955161,-0.119884111,-0.290964067,-0.201579943
-0.196348757,0.0665491372,-0.327061564,0.102357879
-0.130152255,0.256613076,-0.211110175,0.404696435
-0.00928810984,0.363046527,-0.0153529057,0.557214141
0.100677609,0.350665241,0.158960551,0.540768206
0.129108623,0.24948433,0.214477241,0.399606586
0.0342380032,0.132291287,0.0707074925,0.218988299
-0.173652843,0.0700160265,-0.270379514,0.112952679
-0.431693941,0.0898969769,-0.620945156,0.130938143
-0.648036957,0.159499675,-0.775266409,0.198135599
-0.73958838,0.205307692,-0.782190442,0.227942973
-0.666855395,0.155678988,-0.779205561,0.194706783
-0.450051218,-0.0153660979,-0.655369699,-0.00284909829
-0.159441218,-0.2676799,-0.263208896,-0.394955933
0.114921696,-0.50965035,0.142046288,-0.693183243
0.299469799,-0.641118526,0.33144635,-0.74257493
0.36269924,-0.602627873,0.408698112,-0.698961854
0.319478512,-0.40560019,0.43328169,-0.570036113
0.214524373,-0.127876177,0.341262668,-0.227271363
0.0956323519,0.123056069,0.161791161,0.186611831
-0.00862363633,0.260325342,-0.00539944554,0.415001214
-0.0957680345,0.256067067,-0.142286777,0.415004969
-0.179244637,0.149193972,-0.279216051,0.250758886
-0.269224793,0.0198966302,-0.422767997,0.0405603349
-0.35721609,-0.0547546931,-0.544468999,-0.0784967169
-0.414658695,-0.0405965038,-0.617310822,-0.057061635
-0.407246113,0.0387141518,-0.610454977,0.0608583912
-0.31717962,0.118324913,-0.494065404,0.187954098
-0.160281643,0.130415171,-0.265727073,0.219989657
0.0131252399,0.0431536771,0.0190317314,0.0843292028
0.136335284,-0.120266236,0.222889125,-0.188947544
0.155826434,-0.292244494,0.244288951,-0.45204553
0.0579508208,-0.395107925,0.0863242224,-0.595179021
-0.121106692,-0.381026894,-0.180131882,-0.577538431
-0.308266699,-0.256831974,-0.463179797,-0.391152233
-0.424427569,-0.0811703131,-0.626772761,-0.12111181
-0.419329792,0.0642262474,-0.622618556,0.0995917022
-0.294165641,0.114328802,-0.464570045,0.188999712
-0.101245672,0.0516160354,-0.173975453,0.0978672579
0.0792609379,-0.0871202424,0.12719889,-0.13445729
0.174835905,-0.23059997,0.274771631,-0.363422602
0.152168155,-0.308852345,0.234260008,-0.482197523
0.0306510162,-0.286796719,0.0489578322,-0.462140262
-0.127757475,-0.179173872,-0.205963284,-0.300018519
-0.247098103,-0.0402140543,-0.397810936,-0.0676094815
-0.271159768,0.0658455119,-0.434590816,0.109794728
-0.187419295,0.0980241001,-0.309175432,0.167901948
-0.0311385449,0.0588879138,-0.0570813492,0.107105307
0.131325409,-0.00801291317,0.212699518,-0.00892678276
0.231965974,-0.0419457071,0.372674763,-0.0724277869
0.230302259,0.00198984472,0.374134511,-0.00796877313
0.130076647,0.127028435,0.218297407,0.195010543
-0.022889968,0.28892675,-0.0252595544,0.446405232
-0.159999356,0.413440615,-0.222594067,0.602632642
-0.217834517,0.429405093,-0.301044881,0.616274655
-0.163312152,0.302466929,-0.247985765,0.480439782
-0.00628686463,0.0541376546,-0.01307033,0.109703295
0.204771161,-0.242690399,0.3125934,-0.364472836
0.401706636,-0.490351856,0.490603954,-0.613531232
0.522459686,-0.604237378,0.521587372,-0.624540687
0.533679605,-0.546267807,0.558196723,-0.587971568
0.441737175,-0.340382844,0.579790354,-0.465352446
0.288381904,-0.0639246851,0.454220295,-0.123122193
0.133259907,0.181424528,0.222046018,0.276625901
0.0305046625,0.307504267,0.055615969,0.480879337
0.00874936581,0.271605909,0.0197614059,0.440878034
0.0623345934,0.0905623809,0.106852151,0.16463536
0.156786174,-0.167588711,0.252702594,-0.258759171
0.245682776,-0.410213351,0.34399417,-0.580630779
0.291296542,-0.554117858,0.356528252,-0.698710978
0.279939413,-0.554001391,0.342643529,-0.703683496
0.225496396,-0.415230304,0.314706922,-0.603432417
0.160115018,-0.187411577,0.250190526,-0.317147464
0.116979219,0.0573016778,0.191424891,0.0803522691
0.113738962,0.251824319,0.18289794,0.394783348
0.144703597,0.356891781,0.223250061,0.53851074
0.185485214,0.370970428,0.282492459,0.550299823
0.207502142,0.324957043,0.320048541,0.489691883
0.194721386,0.265312642,0.31026727,0.410032988
0.153794661,0.233320549,0.250584334,0.367701322
0.112030871,0.248850867,0.183939904,0.391240776
0.103860497,0.304413229,0.167130306,0.470923483
0.152453542,0.370733857,0.229959875,0.552171648
0.25585708,0.410567671,0.366056383,0.579286635
0.384962499,0.394680262,0.520265818,0.52737838
0.494776309,0.313751549,0.648218572,0.405635267
0.543800294,0.182108492,0.719863057,0.236502901
0.512233496,0.0325867496,0.713032484,0.0401426964
0.410286844,-0.0949386135,0.609886765,-0.145318329
0.272841752,-0.166849777,0.430262893,-0.267423213
0.143422633,-0.166216344,0.233789667,-0.276089251
0.0555380508,-0.097072795,0.0903801769,-0.169760391
0.0203305352,0.0183958653,0.0296656415,0.0249233674
0.025848249,0.148258314,0.0409327112,0.240143493
0.0471440442,0.261561036,0.0766541809,0.415777236
0.0610693209,0.337513775,0.0989928097,0.520917118
0.0577804558,0.370021105,0.0956745669,0.561565936
0.0433842689,0.366276085,0.0745410696,0.558295906
0.033302594,0.340448171,0.0594683215,0.525703073
0.0409398861,0.305456758,0.0690157413,0.480634958
0.0684291571,0.266618729,0.112738781,0.425525427
0.104603909,0.220144376,0.173761234,0.355766952
0.131009951,0.157232359,0.216875434,0.25697571
0.132252082,0.0717603341,0.222866625,0.11991173
0.104744121,-0.0324466452,0.178397268,-0.0523217916
0.0590751916,-0.13897419,0.100068532,-0.228544846
0.0148871047,-0.223043591,0.0218770038,-0.361032188
-0.0087956572,-0.261474758,-0.0196552053,-0.419021279
-0.00265047164,-0.244055972,-0.0117780957,-0.394934952
0.0288791899,-0.180651173,0.0392912589,-0.298942417
0.0700321048,-0.0998231918,0.109551787,-0.169410601
0.100819863,-0.0385511406,0.16533643,-0.0670228228
0.104972348,-0.0270435959,0.17534177,-0.0475855321
0.0753095895,-0.075461261,0.128608406,-0.12392275
0.0151556367,-0.168957815,0.0280502737,-0.274897337
-0.0633679256,-0.273774505,-0.0988741741,-0.431192815
-0.14232479,-0.351843685,-0.21876812,-0.530874848
-0.200976729,-0.37709859,-0.301075101,-0.55404669
-0.218974218,-0.345710367,-0.333981246,-0.513788342
-0.180689007,-0.275438845,-0.292340368,-0.426474094
-0.0809713975,-0.194792017,-0.143408462,-0.314995021
0.0692891628,-0.127924949,0.103311546,-0.211249962
0.241149485,-0.0833812654,0.377998859,-0.13667503
0.392406434,-0.0526333749,0.584698677,-0.0853806585
0.479863524,-0.018954359,0.680466771,-0.0353401676
0.475570142,0.0286756549,0.678551614,0.0297315344
0.380092144,0.0849501789,0.576303542,0.11608424
0.22554107,0.127648011,0.371497005,0.195514649
0.06483946,0.128315538,0.116904028,0.20846805
-0.0497759879,0.0689248294,-0.0773766562,0.118658967
-0.0899082944,-0.0447300747,-0.148479536,-0.0650208145
-0.0645078197,-0.181111172,-0.108530335,-0.288608164
-0.0159422085,-0.294958383,-0.031592913,-0.461343467
0.00107162446,-0.348148286,-0.00318156206,-0.536084414
-0.0515081398,-0.328939587,-0.0831123367,-0.513055861
-0.172273949,-0.25913316,-0.269889832,-0.411521554
-0.316167951,-0.184335619,-0.484009773,-0.281388342
-0.412733436,-0.15116024,-0.604804456,-0.212844118
-0.399539083,-0.182369947,-0.589519441,-0.255546778
-0.255190879,-0.262764961,-0.399466783,-0.386539876
-0.0153660979,-0.343806744,-0.0421906933,-0.520795524
0.237390593,-0.365757734,0.331446081,-0.537828147
0.407012552,-0.28710562,0.561040342,-0.415163696
0.425856113,-0.106901422,0.61784488,-0.173076272
0.2859101,0.131342873,0.452958733,0.184319481
0.044376038,0.356725812,0.0854019225,0.530731142
-0.199558526,0.501250505,-0.254782468,0.67930305
-0.346541852,0.529037714,-0.421250552,0.667584598
-0.338665694,0.450646013,-0.443822324,0.606422126
-0.182360262,0.315989196,-0.278257251,0.493315846
0.0569770783,0.18977958,0.0857923403,0.321935266
0.285059154,0.121756218,0.442146868,0.192049354
0.419008255,0.126067176,0.614347696,0.173495337
0.419729203,0.179152548,0.61058408,0.245785326
0.303127676,0.236017719,0.468098819,0.344999105
0.127554253,0.255759418,0.216079548,0.399473667
-0.0343067013,0.223104417,-0.0434373207,0.361940742
-0.124980256,0.155399933,-0.198005289,0.261542678
-0.120407686,0.0923150554,-0.199153483,0.159310564
-0.0311968885,0.0743019953,-0.0586494878,0.12770398
0.109950185,0.121158406,0.174321249,0.196485013
0.265690744,0.221352443,0.407184631,0.333811402
0.407091677,0.336816072,0.560058236,0.451992244
0.517499328,0.420015454,0.627735078,0.495968431
0.588671803,0.434385598,0.658005714,0.474834085
0.614852309,0.368394732,0.699223757,0.410452574
0.590522826,0.237585053,0.734391987,0.289344221
0.513902783,0.0753935426,0.715152919,0.101170436
0.393438607,-0.0811774209,0.594901085,-0.123590238
0.251707345,-0.203516513,0.397535563,-0.320395231
0.122114532,-0.276170075,0.192964971,-0.43933624
0.0379589461,-0.294508606,0.0555137284,-0.467864215
0.018348828,-0.25946331,0.0217609014,-0.418145031
0.0581156462,-0.174437061,0.0865625516,-0.290697515
0.127585068,-0.0469544865,0.202473953,-0.0854293481
0.183391124,0.106613196,0.296945125,0.164290473
0.185948014,0.258042902,0.294945151,0.394613743
0.115737617,0.370667011,0.184833378,0.552056849
-0.0189148597,0.410367697,-0.0127955424,0.608912051
-0.185728073,0.360318393,-0.261703581,0.542462409
-0.341583371,0.232106522,-0.494598478,0.354715675
-0.448379874,0.0661841705,-0.64314723,0.110248081
-0.484571546,-0.0809301808,-0.683093905,-0.10079664
-0.448295474,-0.158667341,-0.643625617,-0.216475278
-0.352629185,-0.144261479,-0.54201895,-0.212812901
-0.217203617,-0.0539859235,-0.362613797,-0.0866941214
-0.0612660758,0.0625332072,-0.111330777,0.103552453
0.0988094583,0.143550232,0.157744065,0.235281661
0.248080879,0.143029481,0.393995404,0.228925064
0.370851099,0.0524331667,0.565549493,0.0819877535
0.451143891,-0.0939478427,0.652001977,-0.135731071
0.476998478,-0.23322095,0.652031541,-0.323484451
0.446535677,-0.301713884,0.602783263,-0.418073535
0.371719599,-0.263912201,0.533235848,-0.391397178
0.276317388,-0.129228786,0.431503952,-0.217641935
0.187591225,0.0512765981,0.30736658,0.0690354332
0.125059664,0.206963196,0.20425041,0.324801266
0.0919633806,0.278554887,0.150001764,0.439349234
0.0743343234,0.243964583,0.127415121,0.393385768
0.0489377975,0.127350822,0.0893292129,0.217448473
-0.00335204881,-0.0125495773,7.9835183e-05,-0.0164707694
-0.0854247361,-0.109332807,-0.137305751,-0.179506674
-0.179627374,-0.118785486,-0.292360336,-0.195795208
-0.254233509,-0.0382764153,-0.410811543,-0.0646019503
-0.0741940811,-0.139113903,-0.135573864,-0.208952025
-0.0128513323,-0.030006377,-0.0255327355,-0.062484853
0.0927740559,0.0483224429,0.148576707,0.0798691958
0.207979843,0.0690877736,0.334273547,0.110800155
0.278406471,0.0258613322,0.443882465,0.039967481
0.257718861,-0.0620313883,0.416418999,-0.101976603
0.134362832,-0.153905243,0.225720525,-0.253064185
-0.0578587838,-0.202061519,-0.0881561935,-0.334905326
-0.252199709,-0.171482086,-0.395137161,-0.272652894
-0.378748953,-0.056773711,-0.576021135,-0.0867394507
-0.39650768,0.111811988,-0.594039321,0.167455554
-0.311475933,0.277453452,-0.466885686,0.414912462
-0.172008798,0.378463566,-0.254395723,0.565959096
-0.0446698405,0.373943448,-0.064039208,0.572975278
0.0164548997,0.262107432,0.0353573635,0.426886767
-0.00832157396,0.0826456249,-0.00358993234,0.146762937
-0.100575112,-0.0985603407,-0.159683913,-0.156920537
-0.217438981,-0.216004908,-0.341128439,-0.336176217
-0.313144505,-0.230812594,-0.475298673,-0.346456677
-0.3565,-0.145284086,-0.543415308,-0.219863087
-0.336905211,9.64174324e-05,-0.527368784,0.00115971698
-0.259554654,0.144879118,-0.41408518,0.229959399
-0.136793151,0.233112395,-0.220185801,0.375903934
0.0166498236,0.233097136,0.0266586058,0.382794678
0.181631625,0.144888565,0.292180508,0.242245227
0.329604626,-0.00532298395,0.512491941,-0.00304820272
0.422261149,-0.17860356,0.60937351,-0.259270668
0.421252221,-0.336562932,0.571679831,-0.462559998
0.30633083,-0.448797315,0.41487664,-0.610778153
0.092763491,-0.493799776,0.132104889,-0.696438313
-0.163819194,-0.457260013,-0.230537012,-0.65359807
-0.382171839,-0.3328951,-0.537456095,-0.466415167
-0.486489475,-0.128045425,-0.685775459,-0.179737955
-0.440277517,0.128820166,-0.643805325,0.186176658
-0.265729338,0.385322064,-0.389723659,0.553110063
-0.0369250178,0.573288858,-0.0511779375,0.75837028
0.152029604,0.628810704,0.193983808,0.772634327
0.229445875,0.517934501,0.313597977,0.686725795
0.178150222,0.256427765,0.29398331,0.408573896
0.0407994948,-0.0876402855,0.0843459964,-0.132265031
-0.104492746,-0.413091391,-0.149824873,-0.600522995
-0.185595006,-0.621026158,-0.240085497,-0.75859338
-0.173135877,-0.652227342,-0.219163597,-0.77293092
-0.0933578238,-0.510083377,-0.14278999,-0.704701602
-0.0106707308,-0.258233756,-0.0301168766,-0.424657136
0.0100831296,0.00654828502,0.010663352,-0.00348753599
-0.0592753328,0.194232181,-0.0896776393,0.311373532
-0.194146782,0.256253809,-0.289657801,0.403556794
-0.330575466,0.199896216,-0.48770377,0.313101381
-0.400329322,0.077168107,-0.592173636,0.129018679
-0.367833138,-0.0446960032,-0.563022316,-0.0556919239
-0.248383299,-0.115645207,-0.404116392,-0.173977241
-0.0978534445,-0.12235751,-0.173628747,-0.199016273
0.0197019335,-0.0867686048,0.0266725272,-0.146294117
0.067711398,-0.0467650592,0.113046154,-0.0819955394
0.0555854104,-0.0312347133,0.0956400335,-0.0548134744
0.0297376569,-0.0437260307,0.0519480333,-0.0735374019
0.0428429917,-0.0632693097,0.0682446435,-0.103152201
0.119746618,-0.0608182363,0.191281527,-0.1016858
0.240436107,-0.0209106132,0.379803777,-0.0381572172
0.350523829,0.0446634665,0.53523469,0.0609467328
0.393428832,0.0997445956,0.590677679,0.140507489
0.345312893,0.102360532,0.535984695,0.151098281
0.231600374,0.0291046649,0.383237779,0.0444487445
0.11420054,-0.108108699,0.196234301,-0.176007763
0.0556995496,-0.262635142,0.0866080001,-0.415208966
0.0809607431,-0.371759713,0.111703999,-0.559736431
0.159319133,-0.384705305,0.222958356,-0.573356509
0.219741642,-0.286370039,0.325960964,-0.44839853
0.192581609,-0.105290748,0.308201939,-0.186217889
0.0553382188,0.0978061333,0.0992198288,0.148074508
-0.1443692,0.25510022,-0.214477673,0.397360861
-0.304495335,0.318522424,-0.434945047,0.470987558
-0.318111867,0.276462466,-0.467904806,0.419953972
-0.132549107,0.154147193,-0.222065866,0.265870661
0.213405073,-0.000443027413,0.329066783,0.012914083
0.59629494,-0.137052834,0.748658121,-0.176286802
0.858893573,-0.220462605,0.760213256,-0.210894704
0.882212758,-0.238359079,0.738129795,-0.209518701
0.643588424,-0.199147731,0.760324061,-0.243196726
0.231506884,-0.123770684,0.387130171,-0.21499069
-0.191277727,-0.037004225,-0.29227522,-0.075696893
-0.459282309,0.0382363014,-0.660785496,0.0605017468
-0.476382077,0.0834570155,-0.681249857,0.128793627
-0.25441879,0.0862253457,-0.416777819,0.150119424
0.0986901522,0.0428989977,0.146500215,0.0836503953
0.433344483,-0.0378673188,0.627342343,-0.0551470742
0.626987815,-0.133626536,0.775555015,-0.175228938
0.633700669,-0.211950094,0.757752895,-0.263318956
0.492826611,-0.240551844,0.663214087,-0.332618743
0.296636492,-0.200774908,0.458557725,-0.318540514
0.137384072,-0.0983251408,0.225778818,-0.173868805
0.0626047999,0.0349581353,0.102168635,0.0498270765
0.0605119914,0.150913328,0.0981804281,0.24492608
0.0795185268,0.20339486,0.133354262,0.331251532
0.0673730895,0.167352572,0.118082657,0.277297944
0.00605132012,0.0498263761,0.0205131993,0.0886153132
-0.0771961287,-0.112477437,-0.121681109,-0.178600654
-0.12752834,-0.26798889,-0.203811705,-0.416420847
-0.0973124206,-0.370478243,-0.15594843,-0.556116581
0.0227327179,-0.395328343,0.0190509539,-0.591754317
0.193946779,-0.344988793,0.275204688,-0.520960391
0.346883863,-0.242559761,0.49943772,-0.367371321
0.415349811,-0.118421786,0.606674075,-0.185904071
0.368491352,0.00231522392,0.564111114,-0.00973015372
0.223913178,0.105424725,0.368676811,0.156992391
0.0358800068,0.185066774,0.0701950043,0.295157552
-0.133552492,0.237160787,-0.202272251,0.378070056
-0.243913203,0.254839242,-0.368014604,0.395619005
-0.29056555,0.230211437,-0.437686175,0.358096957
-0.297764868,0.161778137,-0.456939757,0.259323329
-0.296828538,0.0621876791,-0.462560624,0.107096449
-0.303754091,-0.0402982831,-0.475538015,-0.0541162491
-0.309924543,-0.110130683,-0.484099627,-0.163774312
-0.290893197,-0.120121613,-0.459929585,-0.183932751
-0.226959541,-0.0666551664,-0.372680247,-0.105606601
-0.12201526,0.024525512,-0.210983396,0.0414213799
-0.0081339106,0.106896795,-0.0182463899,0.176870823
0.0680814609,0.133575886,0.113789111,0.221291453
0.0703437701,0.0801945478,0.12445461,0.136441305
-0.00538883917,-0.041450236,-0.000313111726,-0.0650462136
-0.12495213,-0.186696678,-0.196299449,-0.298336327
-0.230392888,-0.297580451,-0.351275116,-0.447603792
-0.267822087,-0.329445928,-0.402144909,-0.482000321
-0.214123756,-0.271402329,-0.340554953,-0.415838659
-0.0883339122,-0.150305107,-0.159051791,-0.24819012
0.0582770258,-0.0163646266,0.0864805356,-0.0301194806
0.167928293,0.0819600523,0.271679163,0.129406795
0.204033732,0.120565385,0.33335048,0.190982521
0.166402251,0.108084612,0.278677195,0.173889965
0.0866952911,0.0761416331,0.152143866,0.124903075
0.00789253041,0.0575123727,0.0173379537,0.0954988599
-0.0399205908,0.0648733228,-0.0665597692,0.10679584
-0.0536985025,0.0824820027,-0.088644892,0.138036668
-0.0540990233,0.075914219,-0.0902929828,0.128232598
-0.0676065683,0.0147576751,-0.109715424,0.0296376776
-0.105500646,-0.104473025,-0.17155911,-0.164755166
-0.152800649,-0.248700261,-0.240979642,-0.385660052
-0.174417749,-0.358719677,-0.267542571,-0.533857882
-0.13558808,-0.375780582,-0.21532014,-0.562002838
-0.0250456259,-0.271350116,-0.054399807,-0.435283899
0.13274534,-0.0646665245,0.203153715,-0.117586277
0.284334809,0.181685269,0.435420781,0.266742975
0.370675653,0.387046248,0.510590434,0.516039848
0.355454415,0.487111777,0.466865033,0.616000533
0.243513778,0.461065888,0.348720849,0.630647123
0.0794110373,0.338486403,0.138992667,0.522123337
-0.0734808445,0.183065429,-0.107124865,0.303806126
-0.162676439,0.0615266301,-0.262859553,0.108174413
-0.169826165,0.0130842999,-0.283745944,0.0252105705
-0.115766041,0.0339858867,-0.198107138,0.0587974079
-0.0453520864,0.0837375224,-0.0793092325,0.139915138
-0.000763609714,0.108740844,5.91259923e-05,0.181448549
0.00209211651,0.0708024725,0.00807598513,0.119694181
-0.0186212212,-0.03369404,-0.0284176916,-0.0526191965
-0.0226546433,-0.172748178,-0.0380705334,-0.27698198
0.027321808,-0.295214325,0.0360637307,-0.460582614
0.141498074,-0.355670214,0.200349346,-0.538726568
0.292885929,-0.33514449,0.412703395,-0.493896723
0.427299142,-0.24815093,0.590962231,-0.360154331
0.48853761,-0.133899227,0.676100671,-0.198736832
0.445881903,-0.0373618305,0.647408962,-0.0665659755
0.309730381,0.00984085537,0.49232012,0.00531447493
0.12733537,-0.000176853733,0.221204489,-0.00430695293
-0.0391675718,-0.0534968898,-0.0579576753,-0.0866946653
-0.141268417,-0.12573266,-0.230779931,-0.199672237
-0.164866641,-0.195617735,-0.268008709,-0.30698058
-0.133322865,-0.253623098,-0.219365507,-0.396212071
-0.092013292,-0.302043587,-0.150517657,-0.469518423
-0.0829800665,-0.348072618,-0.131755158,-0.531337142
-0.122952081,-0.395045608,-0.185707107,-0.584521532
-0.195774376,-0.437470883,-0.281686366,-0.619974077
-0.262509823,-0.462761849,-0.364656508,-0.627534389
-0.283334583,-0.458473861,-0.390789747,-0.61662364
-0.239552885,-0.420672119,-0.34967348,-0.590054393
-0.144428313,-0.358461201,-0.229918599,-0.538571835
-0.0376197696,-0.29184261,-0.0709095821,-0.460646778
0.0335236229,-0.243643746,0.0454748794,-0.394664884
0.0361212641,-0.229339972,0.0566020235,-0.371878445
-0.0335583538,-0.249633774,-0.0522537902,-0.402023315
-0.149531946,-0.289277315,-0.23035869,-0.449719667
-0.268947214,-0.3226614,-0.399070412,-0.474539191
-0.351159513,-0.323673338,-0.505169094,-0.456679881
-0.373472512,-0.275641263,-0.541678369,-0.392743319
-0.336597919,-0.177449673,-0.518272281,-0.266249985
-0.258780628,-0.043788705,-0.421456575,-0.0700116828
-0.163375348,0.100020573,-0.273753673,0.162378326
-0.0673801526,0.226209417,-0.110376313,0.364535302
0.0231541693,0.312587291,0.0384990573,0.488865077
0.109597661,0.347802192,0.171180874,0.532132328
0.19278416,0.332645029,0.295458734,0.503853738
0.266672462,0.27779454,0.406181633,0.419445068
0.318234265,0.199533105,0.488229811,0.302444309
0.333929688,0.115311995,0.51718545,0.17353195
0.308676779,0.0406045206,0.487375557,0.0589003153
0.25126946,-0.012454547,0.407651991,-0.0258656032
0.181990191,-0.0351443067,0.299595803,-0.0645285994
0.1227578,-0.0220543854,0.204786763,-0.0420496985
0.0849086866,0.0281775575,0.141676083,0.0412117206
0.0617806092,0.111051455,0.103658602,0.1784181
0.0312264245,0.214206904,0.0540985204,0.342723191
-0.0320927091,0.316994011,-0.0434253626,0.490561008
-0.140497252,0.393334806,-0.195697173,0.579500914
-0.281933725,0.418402851,-0.379524916,0.587057233
-0.420475543,0.377622038,-0.546443522,0.508438885
-0.509851933,0.274551481,-0.658996046,0.371098369
-0.514200449,0.133530259,-0.697745383,0.197038516
-0.425858259,-0.00572553882,-0.629969478,0.00610377546
-0.270787358,-0.101198271,-0.436865091,-0.148015097
-0.0980818048,-0.125108302,-0.173488513,-0.201848552
0.0418934524,-0.0770861879,0.061252065,-0.13195926
0.120041192,0.0126440125,0.19638738,0.0137009667
0.140251994,0.0931795239,0.232694685,0.147406518
0.134043068,0.11340519,0.225039572,0.184017986
0.14063552,0.0451214127,0.235553384,0.0776408836
0.182815507,-0.101401068,0.297468632,-0.158660233
0.251582205,-0.277452201,0.37820062,-0.41773501
0.308418989,-0.413221419,0.419209182,-0.575014353
0.304932922,-0.446367502,0.405347764,-0.612758517
0.210203394,-0.350011677,0.308323145,-0.530145705
0.0314555578,-0.147593111,0.0522868559,-0.260620892
-0.18362993,0.0929782093,-0.292419285,0.138091609
-0.365608126,0.284626007,-0.518650472,0.411993355
-0.454669923,0.355855942,-0.589784026,0.477674097
-0.429324627,0.280276567,-0.589634001,0.399979174
-0.317526817,0.0879940242,-0.492167026,0.155055299
-0.183760926,-0.146401554,-0.29998666,-0.21813412
-0.0976902395,-0.334394366,-0.157281741,-0.50866276
-0.0996678248,-0.40965718,-0.152389333,-0.608807504
-0.180571437,-0.35431236,-0.273424208,-0.535862088
-0.286660373,-0.204308197,-0.44415766,-0.320616305
-0.347645044,-0.0320608094,-0.538535237,-0.0501285233
-0.314175516,0.0856515318,-0.492523402,0.14020206
-0.18568714,0.100435063,-0.306238651,0.175098076
-0.0138979107,0.0117567675,-0.0284089223,0.0311145689
0.120729662,-0.134547994,0.196760729,-0.212994725
0.148525223,-0.267165214,0.234752074,-0.421031386
0.0466479659,-0.319873601,0.0745695308,-0.504050672
-0.146641865,-0.258539647,-0.227678224,-0.417053312
-0.347255081,-0.0936010331,-0.530805886,-0.150307059
-0.463274956,0.126083761,-0.661318064,0.177556515
-0.437491834,0.334081233,-0.590885282,0.453773916
-0.273866862,0.472220093,-0.371790171,0.642176509
-0.0351573937,0.510533631,-0.049106162,0.715036929
0.186885357,0.453941137,0.266045868,0.646139145
0.313924819,0.334606498,0.458247036,0.484081805
0.315302014,0.195044652,0.488711268,0.296110749
0.217860848,0.0703743696,0.363221943,0.110569075
0.0875414088,-0.0225547273,0.155151606,-0.0388959497
-0.00690835714,-0.0854553804,-0.0104960697,-0.144512326
-0.0291107055,-0.129923463,-0.0510943383,-0.212935433
0.00873226859,-0.165501922,0.00773276668,-0.270332575
0.0562929176,-0.19130449,0.0865994915,-0.311978757
0.0560577102,-0.195744634,0.0901360363,-0.321494132
-0.0218907688,-0.164455324,-0.0353400297,-0.276775718
-0.159676135,-0.0920088291,-0.257455975,-0.156105056
-0.296776325,0.00927426014,-0.467510641,0.0134485662
-0.358213663,0.109102592,-0.544967771,0.168822914
-0.29173544,0.169220641,-0.455678523,0.269728482
-0.0954258814,0.160059035,-0.164695278,0.272714883
0.177943066,0.0765156895,0.28097555,0.135327071
0.441918999,-0.0552185774,0.63941431,-0.0778960064
0.612470925,-0.184487805,0.755889833,-0.23616989
0.641974628,-0.255259126,0.746340752,-0.308345109
0.535592973,-0.229980558,0.695945919,-0.310824245
0.343744963,-0.107580692,0.528413415,-0.181606233
0.136105135,0.0733618364,0.231474072,0.102977403
-0.029088255,0.249122471,-0.0407529511,0.391500831
-0.125659734,0.357772589,-0.183710203,0.544620991
-0.161715567,0.367013603,-0.235689297,0.55599916
-0.16517356,0.290015936,-0.249703512,0.458533823
-0.162624732,0.181069881,-0.256863594,0.301060736
-0.163900182,0.111805439,-0.263946921,0.18817091
-0.160267502,0.137951866,-0.261121184,0.221982837
-0.135729566,0.271673292,-0.214178085,0.422230572
-0.0832567066,0.472731709,-0.117897779,0.667452693
-0.0151434941,0.663552523,-0.0125785582,0.798695445
0.0396251492,0.762287319,0.0525389016,0.812166989
0.0502667241,0.719317496,0.0679613054,0.807228208
0.00307904556,0.540553987,0.0164305158,0.734197438
-0.0869220644,0.286588848,-0.120213583,0.462984771
-0.179412097,0.0477254577,-0.283165842,0.0889246836
-0.226946622,-0.0939688832,-0.36643523,-0.144642338
-0.199252322,-0.0984906927,-0.331553489,-0.158640862
-0.100833766,0.0174131729,-0.17941539,0.024195157
0.028239511,0.190618262,0.0392297134,0.30609268
0.130181834,0.34126839,0.201901883,0.515640616
0.157975242,0.40726614,0.241542503,0.593721688
0.100312904,0.367698073,0.165340751,0.556477189
-0.0102617461,0.24547042,-0.00233165454,0.399240285
-0.111394785,0.0899883732,-0.174234509,0.158742234
-0.141385093,-0.0497409329,-0.234351963,-0.0737546235
-0.0715100691,-0.147374421,-0.126312226,-0.236582384
0.076208666,-0.206217527,0.11081522,-0.331718326
0.235853821,-0.24905251,0.354407638,-0.386790454
0.327346504,-0.298155904,0.473899096,-0.439790994
0.295788348,-0.357666165,0.426369369,-0.518089771
0.141574562,-0.408498019,0.210943252,-0.603317976
-0.0741192997,-0.418534935,-0.107829951,-0.622204304
-0.252746612,-0.362056285,-0.372481018,-0.530213058
-0.301270485,-0.23707895,-0.46463573,-0.357898235
-0.175363645,-0.070364058,-0.30325684,-0.113359742
0.0971798375,0.0933653787,0.142867133,0.154284596
0.424401611,0.212652013,0.598255515,0.300330073
0.686891973,0.269646198,0.764042556,0.289491713
0.787377179,0.278354555,0.761853814,0.257186055
0.691207767,0.275841653,0.75551486,0.288791269
0.439778507,0.300535411,0.608679533,0.394081384
0.131191015,0.368905425,0.217049628,0.540774703
-0.122703031,0.463077009,-0.159242526,0.654474735
-0.243273616,0.536623895,-0.309140056,0.700201511
-0.21519807,0.536512792,-0.277152121,0.709000707
-0.0870784074,0.430707902,-0.124262907,0.637854278
0.0561433434,0.227649778,0.0936685428,0.381405622
0.134926319,-0.0225625057,0.228147194,-0.0279945023
0.111207426,-0.246697366,0.18321383,-0.391674578
0.00266366242,-0.378479451,0.00597849628,-0.575867474
-0.12997967,-0.386452347,-0.198155478,-0.58049494
-0.21490626,-0.286813647,-0.336096525,-0.442772508
-0.204247445,-0.135470092,-0.339039057,-0.22000578
-0.095652014,-0.00318242307,-0.171019047,-0.0042238785
0.0686992332,0.0547525883,0.107547924,0.0944244042
0.223482341,0.020769272,0.360619336,0.0365130417
0.310500711,-0.0800947919,0.485566258,-0.125347242
0.303180248,-0.193888918,0.466471285,-0.299018949
0.214745507,-0.262935281,0.33407402,-0.411949694
0.0882646516,-0.250872791,0.141164422,-0.40966469
-0.0246033408,-0.156798616,-0.0428805239,-0.266856521
-0.0850135386,-0.0132647036,-0.145796522,-0.0284929108
-0.0790220648,0.129762262,-0.134408727,0.210979968
-0.0169663634,0.227047101,-0.029345328,0.366760939
0.0764772967,0.256477416,0.12304879,0.412977248
0.174382806,0.226248577,0.278388858,0.361389786
0.255451411,0.168697238,0.40377897,0.264766961
0.30559355,0.124353789,0.477319241,0.18994683
0.31580618,0.123535715,0.490318209,0.182657972
0.280979633,0.173284248,0.440857887,0.257875979
0.202520117,0.254776508,0.321967244,0.384955466
0.0935014561,0.331838757,0.154268309,0.505396307
-0.0185140315,0.36670503,-0.0161948316,0.556150317
-0.0960695297,0.336396843,-0.139282748,0.522136986
-0.105096929,0.242990568,-0.163506746,0.396787584
-0.0322932713,0.113554321,-0.0533090308,0.200488612
0.102329336,-0.0102989534,0.164637834,-0.010870927
0.246296078,-0.0890484154,0.386775523,-0.143805966
0.331840277,-0.101224259,0.508586943,-0.163800314
0.303831786,-0.0518701971,0.478276908,-0.0924659148
0.146109641,0.030378107,0.249878198,0.0380888581
-0.107155785,0.106691353,-0.161668852,0.169479623
-0.382409245,0.146281391,-0.558994949,0.220945865
-0.596720934,0.141276479,-0.753182828,0.189974904
-0.693716466,0.111035123,-0.796021461,0.139566362
-0.6683653,0.0931290537,-0.791968167,0.119734459
-0.568119466,0.124350585,-0.74454844,0.168859065
-0.469072312,0.220172748,-0.649220824,0.308510184
-0.438188672,0.362579882,-0.576217234,0.482637316
-0.499921679,0.503041327,-0.561796546,0.57913965
-0.623779178,0.580728531,-0.571408093,0.551246822
-0.73925513,0.54880321,-0.604396343,0.464791328
-0.770979583,0.397201747,-0.693620324,0.369786531
-0.676795125,0.16113241,-0.777365625,0.201306984
-0.469923317,-0.0895519555,-0.671524525,-0.105101816
-0.214276448,-0.27640608,-0.346081555,-0.407640338
0.00467772037,-0.3429901,-0.00955428835,-0.528411388
0.119038694,-0.276779979,0.178569794,-0.443594337
0.108424827,-0.112879544,0.176957861,-0.200974315
0.00651606359,0.0818275809,0.0157134309,0.123009354
-0.118165784,0.236692235,-0.179928526,0.373456478
-0.196870759,0.304860324,-0.295217812,0.470936149
-0.193104997,0.278499573,-0.294030786,0.439270884
-0.117278129,0.186036736,-0.189346641,0.31240052
-0.0173526742,0.0743261725,-0.0294007603,0.13320224
0.0484929942,-0.014607423,0.0819887444,-0.0224962737
0.0425916575,-0.0609091558,0.0739182308,-0.1038974
-0.0335618109,-0.0708656758,-0.0509515479,-0.121900268
-0.141326755,-0.0673062801,-0.229022786,-0.111731164
-0.225442991,-0.0730178505,-0.364596039,-0.113240026
-0.241884843,-0.0966821015,-0.389209092,-0.148340344
-0.178945705,-0.12864995,-0.29752475,-0.200379163
-0.0616830587,-0.148008078,-0.110259056,-0.240266562
0.0613834821,-0.136157975,0.0929477885,-0.225841105
0.141795099,-0.0888445675,0.227761894,-0.152329475
0.153081492,-0.0198431797,0.252785444,-0.0405839421
0.101024881,0.0455656052,0.172019094,0.0686126277
0.0185485203,0.0834683403,0.0368882306,0.136797786
-0.0510380007,0.083288461,-0.0799396858,0.140784651
-0.0738164932,0.0523398221,-0.122390889,0.0914878696
-0.0390697829,0.0107634095,-0.067625694,0.0227348246
0.0381662585,-0.0199601613,0.0593244173,-0.0313058458
0.125602096,-0.0282796882,0.203958362,-0.0472639576
0.188466549,-0.0173491593,0.305481166,-0.0321884081
0.203915164,-0.00093045301,0.333541662,-0.00719423499
0.169523358,0.00679120421,0.282134742,0.00572568364
0.103276342,0.00119755371,0.175879985,-0.000655498705
0.0357865021,-0.00909561943,0.0628078654,-0.0169761851
-0.00203294191,-0.00730840582,-0.00214504078,-0.0128891813
0.00857739337,0.0204627253,0.0119605688,0.032980971
0.0659583062,0.0747016072,0.106487729,0.1227016
0.147078276,0.138965949,0.238101363,0.223327205
0.214870185,0.186250404,0.342463791,0.291387886
0.232028782,0.19252941,0.371536463,0.299113125
0.176647946,0.150479555,0.294924259,0.24183242
0.0534454696,0.0757282749,0.10082195,0.124331713
-0.104973026,0.00149586739,-0.165475711,0.00438110251
-0.248893484,-0.0365473665,-0.396780789,-0.0570825636
-0.331120938,-0.0180932395,-0.516272485,-0.0261552446
-0.327450246,0.0502382591,-0.512894869,0.0807602704
-0.248291805,0.135747433,-0.399148226,0.219113275
-0.134770378,0.193094522,-0.219707921,0.315404147
-0.039599739,0.184277818,-0.0639803931,0.306496859
-0.000923599175,0.0957937166,0.00440450292,0.166208267
-0.0219809338,-0.0550681725,-0.030983977,-0.0848281235
-0.0678873882,-0.227577493,-0.107486807,-0.360684037
-0.0830058008,-0.374780357,-0.131752059,-0.562183976
-0.0217403006,-0.462221891,-0.0452998951,-0.661861777
0.122440472,-0.479463369,0.15587388,-0.673185647
0.305706441,-0.439626783,0.399788588,-0.602224648
0.448528111,-0.368337989,0.575886846,-0.490859419
0.47159937,-0.288614154,0.628055513,-0.396974832
0.336605608,-0.209862769,0.508090317,-0.326003492
0.0712834448,-0.126513928,0.128358454,-0.222353831
-0.235504389,-0.0263848826,-0.369817972,-0.0501543991
-0.468762487,0.0964462832,-0.665907979,0.14034003
-0.537288189,0.23192656,-0.702711701,0.309287965
-0.415017337,0.353470206,-0.563192129,0.484193623
-0.153463006,0.427662343,-0.228860706,0.624916077
0.141461089,0.429772556,0.201251522,0.628511965
0.357511878,0.357286096,0.503054023,0.49954313
0.425974935,0.23427552,0.609370291,0.328362674
0.349318743,0.103727281,0.54298836,0.154104069
0.193885028,0.0107739912,0.329123527,0.0125610651
0.0524998941,-0.0157366376,0.0939156413,-0.0327519514
-0.00314569077,0.0250157155,-0.00740190363,0.0381278843
0.0440592431,0.10605742,0.0666760355,0.173141897
0.153666601,0.184598491,0.243613049,0.295636743
0.255076528,0.220237747,0.397529632,0.339602232
0.289356649,0.191322446,0.452463627,0.293358982
0.242458448,0.102647573,0.395525694,0.162129521
0.152185068,-0.018043736,0.259833127,-0.0293332767
0.0859072804,-0.132206365,0.143520951,-0.216900736
0.101899691,-0.205281526,0.157460704,-0.330473453
0.21571365,-0.217788279,0.325965971,-0.344736069
0.38979125,-0.168993279,0.56239748,-0.257207543
0.551575243,-0.0733795762,0.731035829,-0.110694036
0.629936695,0.0467151515,0.78397119,0.0437741317
0.590245128,0.168065414,0.750278652,0.198403701
0.449804246,0.270454377,0.624848127,0.357397556
0.2665461,0.337551445,0.404040277,0.485058278
0.108381711,0.356922507,0.177320257,0.539178967
0.0204122346,0.321502596,0.0390705541,0.504004002
0.00716501614,0.233073771,0.0158231203,0.382142127
0.0376473591,0.105786741,0.0651580989,0.182556853
0.0679964498,-0.0336799808,0.116165042,-0.0510685593
0.067326799,-0.151877359,0.110742778,-0.247188374
0.0320025012,-0.219794333,0.0518938042,-0.359029889
-0.0183118135,-0.225414366,-0.0330790021,-0.368334383
-0.0580548048,-0.181438029,-0.0994423553,-0.300354183
-0.0740997866,-0.123047076,-0.127633035,-0.205021754
-0.0728961825,-0.0947560221,-0.124804713,-0.155383527
-0.072345145,-0.130867109,-0.121107005,-0.2112526
-0.084800154,-0.238026559,-0.137556791,-0.374147028
-0.103795491,-0.388538688,-0.158755481,-0.573386073
-0.104997449,-0.528873622,-0.150679618,-0.711993456
-0.0625487715,-0.600896835,-0.0921671689,-0.766491532
0.0288456194,-0.567007482,0.024031477,-0.749876499
0.141111106,-0.427835464,0.190052927,-0.625542283
0.22027798,-0.223955736,0.333134264,-0.361999422
0.213536814,-0.0201733653,0.345060766,-0.0474593416
0.102396384,0.120956443,0.178930357,0.189778924
-0.0775472596,0.164516792,-0.113396943,0.267163128
-0.244573638,0.11602629,-0.380081266,0.19149214
-0.306490958,0.0160127375,-0.480889857,0.0365678221
-0.207882404,-0.08066798,-0.34575066,-0.11910484
0.0357007794,-0.130640894,0.0408265777,-0.208184749
0.336711168,-0.120615818,0.499611497,-0.188240394
0.571700275,-0.070266813,0.746851981,-0.104739539
0.638839483,-0.0187761039,0.792313874,-0.0371967293
0.508601904,-0.002471352,0.711746633,-0.0132895093
0.24114725,-0.0351600908,0.402741492,-0.0638425499
-0.0400740057,-0.101054713,-0.0538166016,-0.170316786
-0.206757799,-0.163552701,-0.330994755,-0.2564511
-0.187602639,-0.185018271,-0.311125398,-0.288407743
-0.00252555986,-0.147223622,-0.0219549909,-0.239766106
0.248184964,-0.0619602948,0.381723344,-0.103367135
0.43436861,0.0335254446,0.63309294,0.0385335907
0.460546374,0.0939086005,0.663994908,0.123255834
0.311929286,0.0872758254,0.498834372,0.128541395
0.0591035001,0.0102121457,0.116469376,0.015662251
-0.179969743,-0.110591225,-0.281303793,-0.173850402
-0.300255746,-0.230497524,-0.457707614,-0.339714736
-0.261089921,-0.306531578,-0.401594251,-0.448845416
-0.103152432,-0.314933568,-0.176420227,-0.483110338
0.0760906935,-0.258782655,0.105801821,-0.415841907
0.174054518,-0.163124189,0.273159295,-0.269587547
0.134244338,-0.0611561649,0.226114124,-0.111955889
-0.0288434774,0.0211090799,-0.037937589,0.0270177349
-0.24198018,0.0743854269,-0.378753513,0.1197455
-0.413707435,0.106155463,-0.605822206,0.162427396
-0.480275869,0.132516801,-0.67291528,0.194453403
-0.4331716,0.166905105,-0.624959528,0.246035501
-0.315941393,0.211605728,-0.480478317,0.326372057
-0.195190892,0.255849659,-0.306490749,0.40458563
-0.123795651,0.280674011,-0.191320568,0.444771171
-0.116706274,0.267601401,-0.176655442,0.425452948
-0.150766373,0.206966236,-0.234316185,0.337515205
-0.185494363,0.102586947,-0.295608014,0.175673336
-0.190296069,-0.0284518767,-0.310777932,-0.0363507792
-0.161357522,-0.16016306,-0.264409006,-0.248594567
-0.119155481,-0.264388949,-0.194885597,-0.412245572
-0.0900280997,-0.318078667,-0.147421598,-0.492121339
-0.0849431679,-0.309655309,-0.138619587,-0.483687997
-0.0898346081,-0.243202031,-0.149524271,-0.392566085
-0.213307992,-0.454438746,-0.290921181,-0.621434212
-0.17481412,-0.364779294,-0.278740525,-0.549094319
-0.180174738,-0.219484031,-0.29141742,-0.352300942
-0.220261812,-0.0756160617,-0.357449859,-0.125717625
-0.255915642,0.0316859037,-0.409777313,0.0516722351
-0.240778551,0.0993527919,-0.387533784,0.164321363
-0.149478927,0.149291739,-0.246522188,0.24816221
0.004689964,0.209780648,0.0017594659,0.342547178
0.172636226,0.296111554,0.263475418,0.454300463
0.291665196,0.40057078,0.415374666,0.555264652
0.315339297,0.496190131,0.418660849,0.636161208
0.235352099,0.551228225,0.315412462,0.701221764
0.0842617229,0.545943856,0.128357366,0.727667093
-0.0817232057,0.48254472,-0.100537658,0.681236327
-0.210222319,0.383332521,-0.295140922,0.567642093
-0.275748253,0.278628826,-0.407233,0.427300006
-0.286685973,0.191494495,-0.439142108,0.303068966
-0.273658395,0.127707362,-0.430079728,0.208051518
-0.266913593,0.0762811974,-0.423107773,0.12892592
-0.276038855,0.0198102966,-0.437465698,0.0378028676
-0.283547074,-0.0515959263,-0.449252665,-0.072704941
-0.255838841,-0.131063417,-0.408115238,-0.19840768
-0.165222928,-0.196103662,-0.273389935,-0.305588335
-0.0104401493,-0.220081538,-0.0305760652,-0.353001833
0.176190138,-0.188008621,0.266486555,-0.305021524
0.339728326,-0.107877553,0.512748957,-0.175113335
0.426656365,-0.0106909117,0.625959098,-0.0271156076
0.40985018,0.0618861504,0.612317502,0.0828505605
0.301582724,0.0766843706,0.48030746,0.112123109
0.147670388,0.0254612081,0.256277472,0.0389010273
0.00549891917,-0.0700263232,0.0167073831,-0.114435256
-0.083089821,-0.167444319,-0.136014536,-0.269393474
-0.1104265,-0.223584309,-0.18215853,-0.356344342
-0.103818394,-0.214707509,-0.175269052,-0.3464652
-0.108197384,-0.147300646,-0.182268232,-0.244916305
-0.159458876,-0.0537122674,-0.262144387,-0.091216892
-0.262099206,0.0251623113,-0.414306641,0.038879972
-0.382752985,0.0612081699,-0.571680009,0.0977320597
-0.463469625,0.0532179214,-0.661883414,0.0856845453
-0.448860109,0.0261650775,-0.653072357,0.0497191176
-0.314308763,0.0156877711,-0.499264896,0.0330625251
-0.0816178992,0.0458163582,-0.148975462,0.0829205811
0.18587862,0.112010531,0.290026665,0.18033196
0.407222599,0.179369226,0.592622399,0.254823655
0.516424835,0.198303282,0.697371602,0.258405119
0.489339232,0.130721048,0.688268483,0.177171022
0.352946758,-0.0263823606,0.55223912,-0.0416985713
0.173101634,-0.232740268,0.28329277,-0.365372747
0.0264215581,-0.417869151,0.0379901417,-0.616505861
-0.03107314,-0.510757208,-0.0540219024,-0.706139565
0.0151370298,-0.472809583,0.00704417098,-0.677141905
0.136217013,-0.318107814,0.193436846,-0.497240305
0.276893437,-0.110292457,0.422701955,-0.185933053
0.382388115,0.0637972653,0.572633505,0.0837578177
0.42245397,0.13232246,0.619853437,0.186551079
0.40158838,0.0709070489,0.605441689,0.105546549
0.351569831,-0.0860650241,0.54191947,-0.129694447
0.311146051,-0.261072695,0.465694338,-0.389524132
0.303787529,-0.369068921,0.424014747,-0.530313909
0.324994624,-0.356555611,0.450553596,-0.513680279
0.345487118,-0.225816935,0.50334394,-0.348720491
0.328327924,-0.0330093168,0.50636667,-0.0677942336
0.250799149,0.138719246,0.402921259,0.206425622
0.119328298,0.217997119,0.203476742,0.344467431
-0.0307321958,0.177256137,-0.0361552276,0.292401463
-0.150865987,0.0429235175,-0.239217833,0.081116356
-0.202946365,-0.120454445,-0.327722967,-0.183923572
-0.178552702,-0.243573099,-0.288474113,-0.374130785
-0.103889979,-0.286201745,-0.174029961,-0.446937591
-0.0273357388,-0.254595697,-0.0534578823,-0.41034469
0.00446817046,-0.194163218,0.00214508316,-0.321466655
-0.029973615,-0.161743835,-0.0483652242,-0.267245799
-0.116049051,-0.192252904,-0.185233593,-0.308708429
-0.210330635,-0.277307868,-0.324448079,-0.420753598
-0.262695163,-0.367314398,-0.387005746,-0.525378048
-0.24224782,-0.396444052,-0.357117057,-0.562798798
-0.153982401,-0.318069041,-0.248130485,-0.48705709
-0.0377045311,-0.132565603,-0.0751903579,-0.227217212
0.050350748,0.107126869,0.0767737478,0.167105168
0.0641233474,0.315885037,0.105856657,0.48437196
-0.0105237439,0.413501799,-0.00256151124,0.612561226
-0.149353802,0.360863477,-0.207820669,0.54859364
-0.301248699,0.177849486,-0.449021727,0.287560821
-0.411432743,-0.0655427948,-0.604788959,-0.0779049248
-0.44483161,-0.280363321,-0.615027249,-0.370830745
-0.398646891,-0.397056371,-0.538215935,-0.51916486
-0.299304992,-0.392854095,-0.431911618,-0.54719609
-0.186985344,-0.296016574,-0.299872756,-0.455046624
-0.0966566876,-0.166456044,-0.16729109,-0.275660813
-0.0451558158,-0.0638119802,-0.0792560577,-0.107560709
-0.0294444114,-0.0195776056,-0.0483301617,-0.0320611931
-0.0345922858,-0.0268206783,-0.0569580197,-0.0413132086
-0.0450754836,-0.051231686,-0.0746966377,-0.084701255
-0.0522671267,-0.0559346154,-0.0892636627,-0.0933789164
-0.0545461439,-0.0256057847,-0.0927651972,-0.0448753461
-0.0517722145,0.0235666595,-0.0881161019,0.0374983624
-0.0395720229,0.0534081459,-0.066180855,0.0899405554
-0.00869316794,0.027261192,-0.0159040056,0.0494150855
0.0491657704,-0.0657538101,0.0806655437,-0.102651171
0.132605687,-0.199458346,0.208862141,-0.314687312
0.225213423,-0.31915459,0.331215948,-0.481296092
0.298685908,-0.366223693,0.418899149,-0.529582024
0.324475288,-0.306380838,0.464526117,-0.455620646
0.288451046,-0.147079408,0.445254445,-0.244309738
0.200324461,0.0649122372,0.327061921,0.089120701
0.0916505828,0.264517576,0.152810171,0.408295214
0.00226673181,0.39719522,0.013004289,0.593012035
-0.0382853001,0.441070735,-0.0464672633,0.646471381
-0.0244267862,0.411649883,-0.0304777063,0.616341054
0.0244521629,0.347768426,0.0423361696,0.539801776
0.0765709728,0.287302047,0.123835862,0.454127908
0.107061677,0.246293351,0.17643328,0.391587615
0.112889782,0.212873742,0.18767482,0.341312855
0.114268474,0.158954293,0.190912366,0.260651678
0.140886858,0.062683247,0.234291986,0.106221758
0.210205123,-0.0714995191,0.338350058,-0.112024292
0.310418546,-0.207383856,0.467524916,-0.314683795
0.39913848,-0.290555775,0.553423166,-0.414168239
0.420798331,-0.275096595,0.581790805,-0.393976212
0.335369498,-0.149932593,0.509113252,-0.243396267
0.143841267,0.0493382104,0.244093746,0.0627655312
-0.10377004,0.250600219,-0.153266951,0.387591213
-0.324086219,0.373999596,-0.443790942,0.529892147
-0.434067279,0.366512537,-0.565791488,0.497682154
-0.3875525,0.226114243,-0.559670091,0.342663169
-0.197262838,0.00386867882,-0.32807681,0.0272986759
0.0686038882,-0.217535943,0.0978774652,-0.33701244
0.314030439,-0.359320194,0.435106605,-0.514985502
0.454438746,-0.380244672,0.580528617,-0.503853023
0.44967103,-0.293348759,0.606118858,-0.411847651
0.316327512,-0.158622175,0.485952914,-0.257867813
0.115331978,-0.0552961938,0.200501889,-0.103106961
-0.0777656436,-0.0463074148,-0.121417329,-0.0770119131
-0.204976723,-0.150489956,-0.324395359,-0.229503229
-0.246128738,-0.334171712,-0.369547218,-0.482021421
-0.219916612,-0.525181472,-0.301024914,-0.683393955
-0.168266594,-0.642823696,-0.213789031,-0.768991053
-0.133833572,-0.631148517,-0.172772363,-0.772939682
-0.141957954,-0.482120961,-0.2073614,-0.676422417
-0.19415465,-0.239887714,-0.310168177,-0.38659358
-0.273235738,0.0150029082,-0.437850505,0.0157435387
-0.354544997,0.195015222,-0.526648164,0.293123811
-0.416264355,0.237534761,-0.583434701,0.348892242
-0.444399863,0.127637014,-0.631594241,0.199518457
-0.432533026,-0.0963559523,-0.627530515,-0.120040432
-0.379654199,-0.356419683,-0.528840482,-0.472967833
-0.289512813,-0.562660098,-0.371152729,-0.69021982
-0.17231442,-0.645551741,-0.219973698,-0.768254995
-0.0464772806,-0.580918014,-0.0755304247,-0.757455766
0.0630118772,-0.398246109,0.0785242543,-0.601128995
0.131297365,-0.168731898,0.202223659,-0.288082689
0.143386781,0.02296957,0.235427037,0.0269422978
0.101875953,0.112655289,0.174425408,0.183003321
0.02756726,0.0825459063,0.0552573651,0.140254736
-0.0487351418,-0.0318792127,-0.0750864521,-0.0446328409
-0.0999234021,-0.157977596,-0.163270205,-0.251911521
-0.114792883,-0.219024226,-0.190117791,-0.349151492
-0.101967081,-0.170366034,-0.174158782,-0.281338751
-0.0830431208,-0.0223869421,-0.143753558,-0.0447038636
-0.0785772353,0.161054507,-0.130132049,0.257163137
-0.0949022919,0.289461792,-0.144119993,0.455287486
-0.119643509,0.286812812,-0.178402722,0.455471665
-0.128968149,0.12855494,-0.202862263,0.224252164
-0.102689005,-0.143072933,-0.166349575,-0.216056705
-0.0383677445,-0.433699697,-0.0635926947,-0.622368395
0.0443748832,-0.636040628,0.0414401367,-0.786828935
0.112784982,-0.676419199,0.119971044,-0.795500815
0.138830841,-0.547231853,0.171480373,-0.730489135
0.116008006,-0.309958994,0.171448946,-0.494875073
0.0650105476,-0.0668546781,0.10536363,-0.126843512
0.0240415111,0.0857738554,0.0413341075,0.138636887
0.0282532852,0.100907698,0.0487786531,0.172841012
0.0894461274,0.00044917973,0.149940208,0.00912963599
0.187721565,-0.137930855,0.299216419,-0.21807529
0.280623078,-0.220135018,0.423979163,-0.341386408
0.325599283,-0.182084247,0.488532066,-0.288433135
0.30378437,-0.0209541898,0.475055605,-0.0496624745
0.231683418,0.203537047,0.367256284,0.301778466
0.153482646,0.397941291,0.234022915,0.576975465
0.117243774,0.479727715,0.172671556,0.673708558
0.147439435,0.416250914,0.22057499,0.612083793
0.228929788,0.239789978,0.360440016,0.379700631
0.311853588,0.0323011167,0.49153173,0.0558410101
0.335846931,-0.111995302,0.51795727,-0.175336421
0.261443883,-0.128085017,0.414618194,-0.214207634
0.0922536775,-0.00666168192,0.158913255,-0.0275100563
-0.123997845,0.20528011,-0.191570878,0.316313326
-0.316530824,0.428048968,-0.423097283,0.583815813
-0.424091876,0.584492207,-0.469088972,0.666270137
-0.422505617,0.630259991,-0.444959044,0.680677712
-0.333460897,0.566568494,-0.396079153,0.690196872
-0.210789144,0.432350844,-0.293251604,0.621539116
-0.112223238,0.282342345,-0.172362968,0.454523653
-0.0717850178,0.162907511,-0.112121411,0.274104446
-0.0868345052,0.096350871,-0.140024647,0.161917955
-0.125292152,0.0785446018,-0.204610541,0.129079014
-0.147489101,0.0876468495,-0.240100369,0.145815879
-0.129610479,0.0971881226,-0.213683635,0.164947048
-0.075712733,0.086646907,-0.12840502,0.149267197
-0.0124794301,0.0459838212,-0.0212704539,0.0812764391
0.0290665254,-0.0251426585,0.050780125,-0.0396299772
0.0334912948,-0.120228924,0.0580394007,-0.1966573
0.0107178194,-0.227923498,0.0189627577,-0.366666198
-0.00982547458,-0.332574815,-0.0179735217,-0.5131405
0.00309136836,-0.415022105,-0.00322467508,-0.612876892
0.0634513646,-0.455774039,0.0788033158,-0.655624568
0.158597782,-0.440984964,0.214609191,-0.63349241
0.254674464,-0.368985713,0.356945544,-0.541695654
0.313505054,-0.253563017,0.461123854,-0.386699498
0.311226398,-0.121068276,0.479740709,-0.200066328
0.248525321,-0.00154432328,0.40131402,-0.0133917676
0.147712514,0.0823956951,0.248297825,0.128966227
0.0396943912,0.123454064,0.0729404166,0.20248419
-0.0505745783,0.130155891,-0.0774982572,0.217082813
-0.111589707,0.119714297,-0.180061102,0.201437011
-0.142513275,0.107253566,-0.231005296,0.179953098
-0.144048378,0.0975183025,-0.236913368,0.164302245
-0.111269742,0.0838188678,-0.185279772,0.143323481
-0.0353514068,0.0547505133,-0.063283667,0.0955265239
0.0852930993,0.00456623361,0.135484397,0.0136544956
0.231469154,-0.059271507,0.3691172,-0.0929461867
0.357948363,-0.116408177,0.540119827,-0.179883868
0.404113829,-0.142336965,0.593128264,-0.218108654
0.319339931,-0.121100701,0.496195823,-0.196423739
0.0922002047,-0.0548972711,0.163643822,-0.104664415
-0.232287318,0.0350558721,-0.358496577,0.0466134623
-0.559613526,0.117325015,-0.731920719,0.158918455
-0.778124511,0.164291799,-0.795002937,0.181104839
-0.80472523,0.164038643,-0.786285937,0.171432912
-0.623487234,0.123927049,-0.77122122,0.162524968
-0.2980434,0.0643969625,-0.480967581,0.115810834
0.0501956455,0.0069848299,0.0666801259,0.0224245042
0.290098995,-0.0363566391,0.453652978,-0.059461277
0.334456682,-0.0666321144,0.522066116,-0.111509807
0.175304458,-0.0924501345,0.296974599,-0.157922328
-0.114791051,-0.119883545,-0.174353719,-0.201722994
-0.415535271,-0.144423008,-0.602183878,-0.207543999
-0.610300183,-0.150638074,-0.766172647,-0.178966433
-0.632706881,-0.120408542,-0.780635238,-0.138760284
-0.48832345,-0.0451684482,-0.69497174,-0.0555024035
-0.243961051,0.065218024,-0.406025648,0.110409394
0.00764104351,0.182781592,0.00116677652,0.300439805
0.189394116,0.271698564,0.293889493,0.420731038
0.268322974,0.303474098,0.408103108,0.447771013
0.259803087,0.269112617,0.405396253,0.40419504
0.209235564,0.181926638,0.341428548,0.286805391
0.163428426,0.0698875487,0.274916857,0.117026873
0.147340238,-0.0377547182,0.245052144,-0.0600884482
0.157016516,-0.12191432,0.253601313,-0.199211299
0.169775501,-0.177191526,0.269027948,-0.286875755
0.163477182,-0.206752181,0.259481221,-0.334551573
0.13277325,-0.213412255,0.210898906,-0.346458584
0.0931554958,-0.19412899,0.148446143,-0.320196539
0.071248278,-0.142635271,0.114867054,-0.239721581
0.0876774415,-0.0590722151,0.140981212,-0.103284799
0.142753154,0.0401440561,0.23136282,0.0596341752
0.213307992,0.120565385,0.341562927,0.189324468
0.262699723,0.140447527,0.417271703,0.217634648
0.258825243,0.0707580596,0.419392049,0.112771466
0.190798461,-0.0856041089,0.318758756,-0.136393785
0.0757395402,-0.28709504,0.124979079,-0.449692249
-0.047760468,-0.465785623,-0.0726177841,-0.665960014
-0.136300698,-0.555179656,-0.188996911,-0.732184231
-0.160469681,-0.520938277,-0.227235064,-0.702709138
-0.117064536,-0.378708512,-0.187913492,-0.570388615
-0.0294186547,-0.188612446,-0.0611335039,-0.314696461
0.0638146624,-0.0275776163,0.0996228755,-0.0519300364
0.125931501,0.0474097133,0.209334925,0.0767466053
0.137647271,0.0264573302,0.232326195,0.0458458699
0.104144759,-0.0501232669,0.17829217,-0.0819155276
0.0510624312,-0.114919953,0.0866124183,-0.190829754
0.0116189066,-0.110894471,0.0171041805,-0.187498748
0.0107007036,-0.023256341,0.0122597851,-0.045866318
0.0528098755,0.111766502,0.083517015,0.178925186
0.119025946,0.226621568,0.191360533,0.358891129
0.174394712,0.260443598,0.277200729,0.407984197
0.182891965,0.194772467,0.299661189,0.312065423
0.123926722,0.0668875724,0.214730218,0.112710886
0.00345734484,-0.0477184728,0.0137098189,-0.0798601136
-0.145377159,-0.0754938126,-0.234876633,-0.127199158
-0.273204029,0.0134364413,-0.436108321,0.0159940813
-0.333276361,0.184767634,-0.508322597,0.277387321
-0.300940752,0.352969259,-0.433994472,0.509361982
-0.185530692,0.422344148,-0.265464872,0.614487946
-0.0290537868,0.335611671,-0.0419759937,0.53029716
0.108731329,0.104817033,0.183203086,0.18684569
0.173400566,-0.191922575,0.282082438,-0.296267807
0.137759835,-0.446718484,0.198245406,-0.641235888
0.0131832715,-0.57291007,0.0140705165,-0.759686112
-0.154791996,-0.544736385,-0.208634675,-0.725375056
-0.305072784,-0.405653924,-0.428387523,-0.568008423
-0.385975927,-0.241782978,-0.56395942,-0.350996941
-0.375784844,-0.135189325,-0.568286836,-0.196542755
-0.290049136,-0.121952541,-0.461036712,-0.180728212
-0.172748551,-0.176864102,-0.284173131,-0.274974614
-0.0756987333,-0.231947705,-0.128969833,-0.368345827
-0.0357097089,-0.217782483,-0.0620037802,-0.356505811
-0.059636794,-0.104636192,-0.101372443,-0.18319343
-0.123416863,0.0789976791,-0.203194201,0.121856235
-0.184554651,0.260246962,-0.285033941,0.404093117
-0.201581568,0.360226601,-0.296106786,0.539906085
-0.151515216,0.335964322,-0.224875405,0.521420002
-0.0381955765,0.203353599,-0.0604922175,0.343860894
0.110750787,0.0291545112,0.182914913,0.0605223216
0.255357057,-0.103204489,0.402024627,-0.163081348
0.357225329,-0.135509446,0.535835445,-0.214471385
0.390288293,-0.062333677,0.581118345,-0.108452253
0.345673323,0.0693370402,0.532545924,0.0912877843
0.231268004,0.18676877,0.371653706,0.283171088
0.0684546977,0.229038492,0.123393089,0.363224477
-0.111864768,0.175271764,-0.168461934,0.288446635
-0.273580253,0.0496551432,-0.426839441,0.0896932855
-0.381087661,-0.0972002074,-0.572093725,-0.134787723
-0.407233953,-0.218077376,-0.589719236,-0.303416729
-0.342336565,-0.292508751,-0.505761147,-0.415537655
-0.200750023,-0.331083208,-0.316677451,-0.490996808
-0.0206283089,-0.360095441,-0.0451764613,-0.54589802
0.145552412,-0.397669911,0.203008339,-0.586376488
0.247969478,-0.437199831,0.338204712,-0.613781631
0.257831514,-0.449032187,0.351096988,-0.624968171
0.179120362,-0.399838388,0.258044183,-0.591352463
0.0476805456,-0.277885765,0.0732144266,-0.452115089
-0.0829266831,-0.108139627,-0.138686776,-0.189131543
-0.163095966,0.0535640046,-0.26919046,0.0840111896
-0.166794479,0.146039218,-0.271564245,0.240118608
-0.100280508,0.134878919,-0.16523616,0.230004311
0.00373727619,0.0332838371,0.00522142323,0.0652707294
0.103108972,-0.10110072,0.167315528,-0.161263555
0.16574198,-0.193396166,0.26221931,-0.311993361
0.182132095,-0.189587891,0.287498385,-0.311170846
0.16554001,-0.0858397856,0.266786963,-0.152706131
0.141076893,0.0667263791,0.231661528,0.0978808179
0.130570084,0.185133189,0.213788867,0.293776065
0.141670525,0.194515869,0.231990069,0.315862596
0.166552275,0.0652086884,0.277726859,0.115815394
0.189693227,-0.171353281,0.30787465,-0.265582383
0.199050218,-0.435477644,0.280863255,-0.615612984
0.193394408,-0.634058297,0.225011438,-0.766569972
0.181417733,-0.700230837,0.1918955,-0.789142728
0.173638165,-0.619217515,0.202991664,-0.764396548
0.172802165,-0.429570824,0.237432897,-0.626369774
0.169556633,-0.201579586,0.262751698,-0.336428195
0.146944419,-0.00520244241,0.240427688,-0.0196982846
0.0916620716,0.116640002,0.156615794,0.187337115
0.00539085921,0.15830718,0.0176111069,0.260168552
-0.0912353247,0.143704146,-0.142117545,0.23862192
-0.165667593,0.107995607,-0.265973717,0.18097645
-0.188817978,0.0798824131,-0.306774378,0.136262864
-0.150882423,0.0727827176,-0.251135021,0.122368395
-0.0687073246,0.0865157843,-0.118085042,0.146194264
0.0201900862,0.114793971,0.0311434902,0.192214966
0.0748259574,0.151609004,0.124409534,0.246942937
0.0708502382,0.192223251,0.119901128,0.309467137
0.013272549,0.229642257,0.0296172202,0.367817104
-0.064957954,0.251418918,-0.0962371528,0.400886625
-0.118140779,0.241688773,-0.181925952,0.390197963
-0.109392628,0.189431742,-0.175371692,0.315233409
-0.0280465521,0.0987552032,-0.0473693125,0.171039939
0.105377205,-0.00588449324,0.170341238,-0.00197287556
0.248479962,-0.0849048197,0.391784012,-0.136141062
0.355380207,-0.0989840403,0.536161959,-0.159575179
0.395000041,-0.0279341955,0.590193748,-0.0544845723
0.360959768,0.116801605,0.548495889,0.161715239
0.269780487,0.293590188,0.410570949,0.424754202
0.150185257,0.446655035,0.227184638,0.629329324
0.0301765054,0.529573739,0.054890044,0.720634401
-0.0715762004,0.524733484,-0.0848969072,0.718115866
-0.147100627,0.44900161,-0.197700754,0.645017028
-0.194908515,0.342939496,-0.28259629,0.522163391
-0.214716166,0.249486864,-0.326023817,0.395893037
-0.205235824,0.193450704,-0.323829561,0.313525319
-0.166201234,0.172369644,-0.268430889,0.281895071
-0.102381848,0.162839174,-0.167104587,0.270452201
-0.0257710349,0.137822866,-0.0415101834,0.231693164
0.0466384739,0.0846169367,0.0791448802,0.14498499
0.098962523,0.0131914811,0.165704131,0.0237618499
0.123016827,-0.0495566465,0.202796966,-0.0826777965
0.121321693,-0.0759333745,0.199629381,-0.129773661
0.104489565,-0.0543968081,0.174478412,-0.09694314
0.0844393224,0.00250944751,0.140042588,-0.00192503328
0.0675481111,0.0637382194,0.113719627,0.102266371
0.0519389659,0.0955655053,0.0899452344,0.156496122
0.0304766353,0.0786908865,0.055120416,0.133239523
-0.00266219955,0.0172195118,0.00101576583,0.0326720923
-0.0463713035,-0.0649198219,-0.0737867206,-0.104709171
-0.0919319093,-0.137277707,-0.151187763,-0.224573806
-0.128000259,-0.177754611,-0.210582674,-0.285756826
-0.148082703,-0.180602476,-0.242959023,-0.290009767
-0.155314133,-0.153868407,-0.257586092,-0.24789612
-0.160758674,-0.109352492,-0.265951604,-0.177615434
-0.175598845,-0.0527319275,-0.289041311,-0.0864091963
-0.201932654,0.018937042,-0.329881549,0.0302124005
-0.228553474,0.110328972,-0.364861071,0.178212628
-0.23563081,0.216283843,-0.367061883,0.339772224
-0.206773803,0.314231932,-0.312218696,0.479268819
-0.141738907,0.36772567,-0.208431944,0.556702316
-0.061462,0.341722339,-0.0897329971,0.532482445
-0.00064781768,0.222555056,0.00542230206,0.369642466
0.0097362306,0.03129787,0.0233493652,0.0624945462
-0.0389645286,-0.178588063,-0.0594397299,-0.285769522
-0.124527089,-0.340562731,-0.191649199,-0.518734515
-0.201956764,-0.40308553,-0.297488779,-0.585046649
-0.225909337,-0.352664769,-0.343962997,-0.523019433
-0.176311553,-0.219753519,-0.290593177,-0.351227552
-0.072777018,-0.0638299733,-0.131865412,-0.109790027
0.0318507142,0.0551349819,0.0481473729,0.089759849
0.0776318461,0.104292177,0.133642942,0.173161477
0.0307864361,0.0904676095,0.0600505657,0.151320204
-0.0938831568,0.0516003035,-0.146960348,0.0864558071
-0.235164583,0.0324676782,-0.37360248,0.0543200746
-0.313655436,0.058605928,-0.491176158,0.0939872861
-0.273228735,0.123088256,-0.434870362,0.197843537
-0.114481881,0.193313256,-0.194155499,0.317381084
0.0986484885,0.233336538,0.152737439,0.378743291
0.265100777,0.228129864,0.409928799,0.350712568
0.29474929,0.194792911,0.460816562,0.29393509
0.155048475,0.173159182,0.263743103,0.272048682
-0.107774355,0.200398639,-0.155019596,0.316390306
-0.385274649,0.284220695,-0.535551429,0.404113382
-0.554733932,0.391198575,-0.65216738,0.470678419
-0.536008954,0.459045768,-0.611522913,0.531892598
-0.329643875,0.42829904,-0.447201848,0.587926209
-0.0173308216,0.277158499,-0.0338823684,0.456650764
0.275800526,0.0399801359,0.433444172,0.0792723522
0.438787878,-0.202543914,0.623487592,-0.288121521
0.424399912,-0.358745515,0.569194496,-0.487466305
0.267052293,-0.369960397,0.385388553,-0.544416249
0.0614675917,-0.240480736,0.0985863805,-0.400328517
-0.0861145481,-0.0370775536,-0.14574194,-0.0738023743
-0.10936819,0.142938882,-0.182715997,0.231854603
-0.010898185,0.219585687,-0.0207189918,0.36234656
0.144031122,0.169566661,0.232865214,0.284163833
0.263940513,0.0364909917,0.424401164,0.063389726
0.278127134,-0.0938188806,0.444680572,-0.151004985
0.170626193,-0.140389636,0.282486618,-0.236210883
-0.0144658107,-0.0718845949,-0.0193629768,-0.131229579
-0.196797132,0.0748429149,-0.316090971,0.11396423
-0.298992872,0.212986454,-0.455727965,0.326793104
-0.281365454,0.25207147,-0.425582916,0.391353548
-0.156289905,0.148430765,-0.254772902,0.256846994
0.0221153181,-0.0668663681,0.03271183,-0.0946229547
0.185091019,-0.298263013,0.279144645,-0.451974213
0.278378338,-0.4302499,0.377853721,-0.603819549
0.28001669,-0.38439846,0.390990674,-0.557744682
0.201158032,-0.160149917,0.316950947,-0.27472505
0.0734526068,0.161663592,0.122755975,0.241721481
-0.0677991956,0.455034584,-0.0873338953,0.647596836
-0.19581461,0.607243359,-0.228765637,0.755640924
-0.295844227,0.570889592,-0.351653427,0.709060609
-0.361979365,0.384068221,-0.481237203,0.537536561
-0.392420739,0.149249092,-0.570997,0.236501232
-0.387458473,-0.0180334784,-0.585178494,-0.0153350094
-0.350725472,-0.0448693782,-0.545170963,-0.0664688498
-0.29085815,0.0663465112,-0.464110613,0.10286925
-0.220083937,0.24352102,-0.345286787,0.374725103
-0.148835808,0.384618312,-0.218896151,0.572511673
-0.0792936683,0.410599798,-0.11152821,0.613388836
-0.00283102714,0.304705083,0.00151802215,0.486833721
0.0951687545,0.118926004,0.158627748,0.208922118
0.224195048,-0.0544710867,0.359735072,-0.0838798955
0.377028376,-0.131005868,0.556439877,-0.202058941
0.525255144,-0.0769964829,0.708561063,-0.11878939
0.626490712,0.0737970099,0.777980983,0.0763476267
0.641551018,0.237450048,0.757313669,0.264038235
0.553596079,0.321637154,0.689503193,0.38676545
0.379056424,0.270776123,0.55460912,0.38264361
0.163684085,0.0926062688,0.284597665,0.154216379
-0.0352540649,-0.145859182,-0.0468675643,-0.232694402
-0.172011778,-0.349833995,-0.260513335,-0.520543814
-0.228891879,-0.4396694,-0.330955297,-0.614911675
-0.217963055,-0.384711146,-0.329377443,-0.561430216
-0.167908773,-0.213242367,-0.28018254,-0.344179571
-0.104371056,0.00414247997,-0.183623791,-0.000289337535
-0.0357961133,0.187940449,-0.061259836,0.303829044
0.0466648489,0.283400089,0.0754744262,0.451875508
0.15538916,0.279566377,0.245193154,0.440277547
0.287809491,0.207210407,0.443513274,0.320814461
0.416128546,0.119501144,0.612055838,0.173079595
0.493998498,0.0664495751,0.693293452,0.0860508978
0.478915811,0.075155206,0.680328906,0.0933442339
0.358783126,0.143139243,0.546705186,0.202184051
0.166735858,0.244772494,0.274824619,0.372377992
-0.0269041751,0.344999492,-0.0289774481,0.525755644
-0.144742668,0.412833631,-0.204569981,0.606871903
-0.140846387,0.429487616,-0.200242937,0.627970755
-0.0276102275,0.390316844,-0.0407237783,0.594772756
0.124946326,0.30310607,0.194098175,0.477847755
0.219999984,0.1858031,0.353218019,0.297818303
0.181530476,0.0648161769,0.307400465,0.104779452
-0.00455244491,-0.0276340712,0.00665673707,-0.0487550125
-0.277299672,-0.0596112236,-0.428990096,-0.0972612947
-0.524058402,-0.00978113245,-0.718248963,-0.0105993869
-0.630557477,0.120864391,-0.780725837,0.154365182
-0.534188569,0.30177626,-0.680783749,0.385480791
-0.254640549,0.476144403,-0.355117738,0.648933053
0.113231681,0.577014804,0.142459735,0.756118059
0.440999329,0.552252352,0.509190738,0.637132287
0.622615635,0.388712704,0.696432292,0.428022742
0.617991447,0.124229066,0.775849044,0.153716564
0.464198232,-0.160205081,0.664774001,-0.225349799
0.250792235,-0.367510289,0.373988926,-0.538793266
0.0733881444,-0.421324044,0.104077667,-0.626903653
-0.0105722826,-0.297560275,-0.0274109822,-0.47846359
-0.00259405212,-0.0368133187,-0.0167479068,-0.0756460354
0.0475666784,0.268765897,0.0692296103,0.41553995
0.0755740479,0.509639442,0.112083718,0.701271296
0.0396023877,0.60035187,0.0645972788,0.771257937
-0.0588827543,0.511196017,-0.0646916777,0.709211767
-0.180186585,0.277171791,-0.263285756,0.442979276
-0.272252351,-0.0187786277,-0.423795432,-0.0110977972
-0.30136776,-0.280213177,-0.452366561,-0.402856797
-0.270143032,-0.434054703,-0.385666996,-0.595543921
-0.222582251,-5.33831431e-17,-0.377084911,-0.0292167217
-0.264471352,-0.234998837,-0.392536253,-0.326256037
-0.173341587,-0.408189416,-0.266131014,-0.58402431
0.0265664179,-0.436676383,0.0193927418,-0.637079239
0.262846172,-0.301440001,0.372743428,-0.460467547
0.451981783,-0.058544334,0.64181304,-0.102676958
0.539005637,0.187020183,0.713826299,0.229222581
0.519260764,0.332229286,0.664333999,0.409321278
0.432218164,0.326003611,0.592289627,0.435456187
0.332779586,0.192883402,0.511464238,0.292092055
0.257508665,0.0184681416,0.419997871,0.0326177701
0.205259323,-0.0956863463,0.333358884,-0.157312199
0.14277783,-0.0844706669,0.233466759,-0.149269432
0.0311565455,0.0477812514,0.0545190126,0.0667088702
-0.143158898,0.230157584,-0.219827235,0.354905367
-0.35187456,0.361897916,-0.477651536,0.507078052
-0.533691227,0.363942921,-0.644261599,0.459349573
-0.624673843,0.219263896,-0.744636238,0.280406326
-0.593565583,-0.0177793633,-0.763629615,-0.00292661553
-0.461862981,-0.246877953,-0.639779687,-0.318958342
-0.29627049,-0.368648052,-0.436880946,-0.516887903
-0.176197365,-0.329764992,-0.278386056,-0.503133118
-0.152969003,-0.14521639,-0.255520791,-0.247379959
-0.222565562,0.111298084,-0.355663717,0.167438358
-0.326956034,0.342148602,-0.461031318,0.486947358
-0.38399893,0.467856616,-0.483784199,0.606071591
-0.330590636,0.456903964,-0.432634294,0.61615026
-0.156575844,0.33146736,-0.238613307,0.516709328
0.0882126018,0.149773628,0.139445126,0.261819005
0.31721276,-0.0235823542,0.489232689,-0.0310300291
0.448288888,-0.144163191,0.639941156,-0.21266064
0.441441089,-0.199796796,0.62607044,-0.2934587
0.314313889,-0.205722347,0.480162174,-0.321516424
0.129134044,-0.188745499,0.213504508,-0.313955545
-0.0401180647,-0.170503318,-0.0631517097,-0.283996046
-0.141851485,-0.15833126,-0.231931806,-0.255334318
-0.164741665,-0.146649435,-0.273191988,-0.233689383
-0.132139772,-0.125761896,-0.22387062,-0.202941537
-0.0794272795,-0.0916585326,-0.13689442,-0.151658088
-0.0297355596,-0.0510408655,-0.0530130453,-0.086655736
0.0170751829,-0.0193120539,0.0257871225,-0.0323854052
0.0765986741,-0.0133168092,0.125874743,-0.0211547632
0.159914359,-0.0430087633,0.259561241,-0.0696516782
0.255923748,-0.106098793,0.401882708,-0.169257879
0.329050303,-0.187735409,0.496470809,-0.285557181
0.33564958,-0.264837146,0.492878497,-0.395704806
0.250311166,-0.313091278,0.37558955,-0.473529339
0.0860421881,-0.314256638,0.136209413,-0.495732158
-0.105297521,-0.261847913,-0.164902583,-0.422465116
-0.255012214,-0.163869962,-0.404484004,-0.261380225
-0.311436117,-0.0417063832,-0.492323488,-0.0631190091
-0.267179042,0.0752164349,-0.431147933,0.122876078
-0.163779989,0.15834032,-0.26905185,0.260702252
-0.0697190836,0.190222234,-0.113648757,0.314358532
-0.0426415578,0.172393009,-0.0639368072,0.285146445
-0.0961193964,0.126834601,-0.149182066,0.211337522
-0.189704627,0.0888552293,-0.301754653,0.146720752
-0.248878717,0.0927284732,-0.395578355,0.1502987
-0.205221251,0.155383378,-0.333922118,0.250059426
-0.0356518142,0.265557379,-0.0662984997,0.424930602
0.220580056,0.384545177,0.315682381,0.560320497
0.477019608,0.459992319,0.578290403,0.550821364
0.640077531,0.44799298,0.672343493,0.459991127
0.653489232,0.334078938,0.725976944,0.362213314
0.524165332,0.143148482,0.715439498,0.189779758
0.316299796,-0.0672897026,0.505539536,-0.105672002
0.11743506,-0.228731707,0.195541844,-0.368455201
-0.00514234276,-0.289237887,-0.0127753122,-0.460154027
-0.0346645862,-0.234826177,-0.0654191002,-0.383122861
-0.0065599326,-0.0950284824,-0.019627763,-0.164965287
0.0179390498,0.0699939355,0.026444044,0.109559044
-0.00933456793,0.195016831,-0.0103473794,0.315256566
-0.0939619094,0.236575052,-0.139883041,0.38084361
-0.194817781,0.189318687,-0.299477696,0.309153646
-0.247046456,0.0852809921,-0.391288072,0.146626845
-0.198938817,-0.0226455089,-0.327726692,-0.0252723657
-0.0422174707,-0.0848174319,-0.0829791725,-0.13410005
0.180700168,-0.0755728856,0.281679749,-0.124589868
0.396012574,-0.00200851657,0.585573316,-0.0122726075
0.533568799,0.101783842,0.722121179,0.123196587
0.558749795,0.191081941,0.727618277,0.235610232
0.484808624,0.229516461,0.66427213,0.302665353
0.36052084,0.202626973,0.54488641,0.294339359
0.241482645,0.121319562,0.393573582,0.19123815
0.161646888,0.0153269479,0.271250904,0.026354624
0.120413385,-0.0793792903,0.20063284,-0.13121748
0.0909544379,-0.133787841,0.148688912,-0.222484261
0.0432041325,-0.13513799,0.0695926622,-0.228358015
-0.0329675116,-0.0900510326,-0.054796502,-0.157068253
-0.118211038,-0.021550376,-0.195216015,-0.0382777639
-0.173121914,0.0384892002,-0.282778233,0.0636159256
-0.16080001,0.0592950657,-0.265315473,0.103215382
-0.0692789853,0.0211924873,-0.119434893,0.0438081324
0.0790724382,-0.0768349543,0.12423642,-0.117740974
0.23641704,-0.214445382,0.362903982,-0.330015749
0.351483911,-0.35382691,0.486575574,-0.499424696
0.392588645,-0.450179756,0.500650764,-0.585574329
0.359476864,-0.466284931,0.460689664,-0.612147033
0.278610229,-0.386344314,0.391307771,-0.559231579
0.185898319,-0.22351259,0.289197654,-0.366734594
0.107431486,-0.0172114782,0.176362455,-0.0431977026
0.0489366986,0.179823503,0.0811235309,0.283539146
-0.00124757271,0.320283294,0.00390667189,0.496948302
-0.059118744,0.379288435,-0.0788496658,0.574813187
-0.130941361,0.36229825,-0.186898857,0.55049932
-0.20708327,0.30022645,-0.30595383,0.463625878
-0.267181933,0.233744964,-0.402867734,0.365504801
-0.292789161,0.193837702,-0.447252393,0.304686815
-0.279079586,0.1876311,-0.43173486,0.296557248
-0.238056004,0.19625634,-0.372093022,0.311814547
-0.191262618,0.185907617,-0.303559959,0.301619321
-0.156762302,0.12693283,-0.251478672,0.215603605
-0.138812244,0.0117590493,-0.226265028,0.0287303012
-0.126983345,-0.137284011,-0.208179802,-0.215829566
-0.105439872,-0.274639487,-0.170144811,-0.428490251
-0.0664608926,-0.350330114,-0.109908305,-0.534177363
-0.0192104783,-0.332672924,-0.0396543145,-0.518402815
0.0127015533,-0.22447224,0.01200868,-0.371867001
0.00454700645,-0.0647898167,0.00353102037,-0.117470346
-0.0526346602,0.0854101181,-0.0826993659,0.136129141
-0.141856343,0.168288291,-0.222627506,0.272079378
-0.223842934,0.15440923,-0.349254042,0.252788186
-0.254041702,0.0572714098,-0.403559685,0.102781869
-0.204687178,-0.0697754845,-0.335229665,-0.100978583
-0.0801982582,-0.15390335,-0.141960859,-0.245738968
0.0827145427,-0.132852077,0.124379292,-0.223111093
0.230806798,0.0173491165,0.362332821,0.0149275074
0.317964107,0.268580765,0.47173515,0.380627215
0.324599117,0.547181368,0.412095159,0.664958835
0.263099462,0.759283423,0.279946357,0.7601614
0.167419314,0.825695157,0.171504602,0.779623091
0.0735394657,0.71283716,0.0944078118,0.80315274
0.00211871229,0.447298706,0.0170732811,0.655833483
-0.0473126322,0.107728131,-0.065336898,0.199019983
-0.0885346681,-0.203286827,-0.139812633,-0.316935837
-0.133339897,-0.396553516,-0.20228526,-0.585312784
-0.17922233,-0.428120255,-0.265358806,-0.61654985
-0.20839496,-0.313057572,-0.323968619,-0.479651034
-0.199184477,-0.1160383,-0.330779135,-0.194095671
-0.142771348,0.0767432377,-0.243710369,0.122822098
-0.0542969853,0.192049608,-0.0894883424,0.316272855
0.029901797,0.195886225,0.0513387583,0.324777365
0.069128938,0.10115613,0.121520497,0.174627662
0.0406979956,-0.0450233109,0.0749534592,-0.0693323016
-0.0449232496,-0.186812758,-0.0683711469,-0.302003264
-0.145877346,-0.285042226,-0.227211684,-0.442924321
-0.208288208,-0.330590546,-0.319204539,-0.493618786
-0.193912253,-0.340613663,-0.301108032,-0.508938193
-0.101388827,-0.341537237,-0.167283952,-0.518063903
0.0309849195,-0.349409252,0.0350770317,-0.53539145
0.143535256,-0.359081984,0.206924498,-0.542346299
0.185735852,-0.348343521,0.27310133,-0.527822435
0.143093377,-0.294439971,0.221142799,-0.466986865
0.0458176322,-0.193124846,0.0749907345,-0.323833168
-0.0460568592,-0.0684940517,-0.0778840259,-0.122461051
-0.0740177855,0.0334186852,-0.126700431,0.0553997047
-0.0128264111,0.0653990284,-0.0270245057,0.113764219
0.114067428,0.00395332929,0.185591042,0.0140642021
0.244045436,-0.134970367,0.384537876,-0.208868653
0.30558151,-0.298745066,0.449790746,-0.439270705
0.254258603,-0.4193497,0.35698849,-0.596437335
0.0963954851,-0.443504155,0.139320627,-0.648156822
-0.111756273,-0.357008398,-0.169394314,-0.551719189
-0.289075166,-0.191175103,-0.447586149,-0.301347643
-0.366683185,-0.00810467638,-0.564038098,-0.0136008412
-0.319111139,0.127838165,-0.49780488,0.202317342
-0.174750522,0.178173229,-0.285291612,0.295027703
-0.00122427044,0.144444302,-0.00480223494,0.24843742
0.12652573,0.0622513033,0.210198388,0.108456999
0.159760743,-0.0204543788,0.2685664,-0.0338266268
0.095469363,-0.0686191469,0.163276047,-0.118712611
-0.0261739064,-0.0755808651,-0.0403219238,-0.13183105
-0.143588051,-0.0614947267,-0.235639542,-0.102386348
-0.203214839,-0.0570030063,-0.331983358,-0.0902935117
-0.182438761,-0.0823777914,-0.302840382,-0.128214508
-0.0961779878,-0.134308174,-0.165386274,-0.212787211
0.0141134141,-0.187606484,0.0149173979,-0.303341568
0.102001928,-0.210317552,0.158891276,-0.340916961
0.137061283,-0.183069021,0.217916757,-0.302831203
0.115755759,-0.111273468,0.189856261,-0.192714289
0.0585760884,-0.0231116191,0.0983712003,-0.0467799455
-0.00333094457,0.0455051996,-0.0026000347,0.0732182935
-0.0443036184,0.0703587905,-0.0715554506,0.118838757
-0.0550728068,0.0517139472,-0.0907101557,0.0893696025
-0.0439832136,0.0133871967,-0.0728624016,0.026430551
-0.0292872507,-0.0111036524,-0.0499477424,-0.0168009438
-0.0274778791,0.00275711878,-0.0465924554,0.00137091521
-0.0439794622,0.0574921854,-0.0728836507,0.0934224501
-0.0707208291,0.13332516,-0.115691625,0.218358487
-0.0913547054,0.20005855,-0.144853026,0.324867129
-0.0910847932,0.233697996,-0.143291727,0.378231734
-0.0659389198,0.22801064,-0.103157923,0.371380061
-0.0266976245,0.194679499,-0.0406656116,0.322341233
0.00476092007,0.152857751,0.0109022632,0.254538715
0.00539920293,0.115399249,0.0123045649,0.192218482
-0.037059132,0.0809340328,-0.0557087846,0.135512874
-0.115719505,0.0371177271,-0.18530944,0.0635071024
-0.203943938,-0.0268739387,-0.328796536,-0.0375103094
-0.263794631,-0.106780246,-0.418121159,-0.161782235
-0.260746926,-0.178117022,-0.412670344,-0.269438207
-0.178851366,-0.204333529,-0.294650733,-0.319913477
-0.0297341961,-0.155115396,-0.0626563877,-0.256750971
0.149085194,-0.0249952171,0.232928932,-0.0490039438
0.306745917,0.158795729,0.467898548,0.232383475
0.397821248,0.34500894,0.550144434,0.460898817
0.39954856,0.480315715,0.510601223,0.592785537
0.31997335,0.533506691,0.41234085,0.663275719
0.193244576,0.509120941,0.27335304,0.681833982
0.0640908182,0.443013698,0.105227835,0.642503381
-0.031379275,0.382115304,-0.0369406566,0.580112696
-0.079554908,0.359361291,-0.114487626,0.549038708
-0.0914162919,0.377510339,-0.132877469,0.569778264
-0.0922441632,0.410609752,-0.130336717,0.606736302
-0.104681604,0.421890289,-0.146294713,0.619863689
-0.134401351,0.387469202,-0.189856112,0.579621315
-0.166347355,0.311816305,-0.246740758,0.484895378
-0.173903868,0.225588232,-0.270627975,0.364273787
-0.136225894,0.166674867,-0.221703589,0.276367247
-0.0541316606,0.155363262,-0.0925031081,0.25788486
0.0448436961,0.178575292,0.0717727095,0.294225156
0.11625468,0.193607569,0.19125922,0.312030166
0.119533867,0.150952861,0.202209011,0.247009382
0.0396213084,0.0245517939,0.0772301257,0.0462345555
-0.101877376,-0.167404726,-0.156566262,-0.266039014
-0.252547443,-0.363991946,-0.367936254,-0.523111761
-0.350179702,-0.486814886,-0.457229078,-0.621398687
-0.349375337,-0.477570355,-0.462399542,-0.614541233
-0.24119623,-0.329124153,-0.371723056,-0.489580482
-0.0566717908,-0.0936913863,-0.113763228,-0.163548693
0.147073999,0.137194842,0.228466541,0.215669647
0.310914904,0.27207917,0.464085072,0.39982307
0.396365583,0.25963223,0.572757721,0.369869918
0.39667058,0.110212661,0.59717834,0.164805993
0.332769185,-0.110986747,0.521171689,-0.165949866
0.238363162,-0.315106273,0.360276848,-0.473297268
0.143167168,-0.42937398,0.204237372,-0.624880016
0.0629526749,-0.426328331,0.0849324688,-0.631914198
-7.98009423e-05,-0.329633445,-0.00729470374,-0.51867944
-0.0494885705,-0.195895225,-0.0867936388,-0.326033801
-0.0861589685,-0.083666563,-0.145753562,-0.142771661
-0.105365768,-0.0261462387,-0.176527292,-0.0421276316
-0.100858308,-0.0206365436,-0.168194398,-0.0296547133
-0.0721636489,-0.0380038619,-0.122378841,-0.0584189706
-0.0287617259,-0.0447256491,-0.0530033484,-0.0730226561
0.0132299401,-0.024220489,0.0205749348,-0.0421570651
0.0409090109,0.0142266452,0.0682633445,0.0209312383
0.0548246428,0.0429226607,0.092719458,0.0693098307
0.0719423592,0.0343133025,0.121472239,0.0564719774
0.117316142,-0.0204730462,0.193718687,-0.0309119895
0.207425803,-0.103647038,0.331172258,-0.164513513
0.334325403,-0.177747205,0.497875988,-0.271450251
0.461057067,-0.203821376,0.636595786,-0.291376442
0.533722103,-0.161246449,0.706874847,-0.226675525
0.506440938,-0.0590829141,0.701236427,-0.0952861905
0.367183954,0.0665470436,0.562985301,0.0846735761
0.150126413,0.167538583,0.256403089,0.258627206
-0.0741940811,0.204033732,-0.104526751,0.330119997
-0.228440821,0.160629898,-0.35422349,0.264139354
-0.264308244,0.0519115441,-0.41981855,0.0962699726
-0.186561495,-0.0841639787,-0.30990687,-0.124341682
-0.0520502552,-0.201344743,-0.0953433961,-0.319826961
0.0572591983,-0.262068719,0.0830653161,-0.418100417
0.0746512786,-0.249977499,0.115977608,-0.407331377
-0.0177174192,-0.174105406,-0.0273457784,-0.293746054
-0.179339603,-0.0642490685,-0.289103687,-0.112937786
-0.331413776,0.0401567556,-0.510907769,0.0619354844
-0.396645635,0.103737421,-0.591325283,0.161156967
-0.338614792,0.107173927,-0.522193432,0.175949603
-0.1805318,0.0538344085,-0.301130503,0.100622088
0.0062341392,-0.0312187467,0.00286460831,-0.0445783325
0.137838617,-0.109996453,0.223093003,-0.18016459
0.159352288,-0.145710573,0.259484828,-0.242072582
0.070614174,-0.117530182,0.121603735,-0.203483343
-0.0762799084,-0.0302338693,-0.122669004,-0.0582168326
-0.20565784,0.0857564136,-0.330159128,0.135944813
-0.257344097,0.184997424,-0.402899027,0.292071879
-0.215413839,0.224782944,-0.338410914,0.360055387
-0.112107217,0.182945892,-0.183310881,0.306993186
-0.00615351414,0.0679698437,-0.00966336951,0.123408988
0.0514772534,-0.0833370611,0.085960418,-0.132908538
0.045068454,-0.219886094,0.0733957738,-0.354097724
-1.08407094e-05,-0.295983523,-0.00179105368,-0.469732791
-0.0355392098,-0.288009435,-0.0617322065,-0.458593637
-0.0215942375,-0.201120406,-0.0415572226,-0.331085414
0.0476161502,-0.0640087798,0.0696089417,-0.112772323
0.138262898,0.08452335,0.223011911,0.132215172
0.195135787,0.210014656,0.310940772,0.326731622
0.173498243,0.291282952,0.27577281,0.443669409
0.0665898919,0.321354181,0.115674362,0.496521175
-0.087025173,0.302768052,-0.122333564,0.47315374
-0.221074373,0.242385566,-0.333154142,0.38270846
-0.275206149,0.149831533,-0.427803159,0.244332388
-0.22671704,0.0398173817,-0.368438601,0.076671578
-0.103215016,-0.0654337928,-0.177069098,-0.0977241695
0.0308631808,-0.138623416,0.0425467305,-0.226183951
0.10702011,-0.156775862,0.17038992,-0.261279404
0.0876056179,-0.114303701,0.145314887,-0.196526989
-0.0154088885,-0.0320194289,-0.0218071304,-0.06366878
-0.147496521,0.0456824824,-0.238743752,0.0727539212
-0.240567043,0.067917943,-0.38393262,0.11389219
-0.248556316,0.00277457526,-0.399399787,0.0166107398
-0.171041995,-0.14139159,-0.283287883,-0.215073064
-0.0527914874,-0.311788619,-0.0915104747,-0.475931823
0.0402360931,-0.429945052,0.0496064313,-0.630164146
0.0558336452,-0.427370459,0.0759624466,-0.631435633
-0.0165143423,-0.281774819,-0.0305975992,-0.457455754
-0.138758063,-0.0347754695,-0.230993658,-0.0729054287
-0.241722479,0.220573574,-0.375869274,0.33721149
-0.258084297,0.379451483,-0.367939174,0.552726209
-0.154892951,0.374531299,-0.228090212,0.569157183
0.0495056473,0.210564867,0.0779962465,0.358193666
0.291320711,-0.0343564153,0.455689907,-0.0412061438
0.486401677,-0.24364379,0.653821886,-0.33325243
0.562834442,-0.31753248,0.685723364,-0.401521951
0.487209857,-0.221913218,0.65784204,-0.31653282
0.274891526,-0.00580537505,0.44141975,-0.0313618109
-0.0177071504,0.222294331,-0.0122433826,0.341989875
-0.313607275,0.348218888,-0.43382442,0.501840651
-0.539572656,0.309409142,-0.666622818,0.404555231
-0.645904541,0.126658171,-0.7736426,0.169962093
-0.616907954,-0.106051438,-0.772421002,-0.11312969
-0.471290678,-0.268683642,-0.644353032,-0.348322958
-0.254526526,-0.275319129,-0.402113825,-0.411596507
-0.0261697005,-0.116655931,-0.061672207,-0.199781179
0.155021861,0.136753038,0.24215436,0.207839519
0.245474562,0.371812791,0.362738013,0.528882742
0.227796733,0.491114587,0.322198778,0.660611451
0.115343474,0.46182856,0.179570407,0.65533042
-0.0518257581,0.33019191,-0.0635757595,0.516435921
-0.219414294,0.194680139,-0.332714915,0.313673913
-0.336343139,0.152462214,-0.508392394,0.236474037
-0.37116304,0.247340649,-0.540773273,0.36024642
-0.321108013,0.446089894,-0.433653682,0.599508584
-0.210146174,0.65488565,-0.243635446,0.769348145
-0.0770614669,0.766598046,-0.0739900395,0.812089026
0.0409380347,0.714134574,0.0526625067,0.809429407
0.121664293,0.502715349,0.176266447,0.698571861
0.162745938,0.205695704,0.269901842,0.341743439
0.176616326,-0.072290957,0.294693053,-0.10952954
0.179508209,-0.244777128,0.27964896,-0.387255311
0.181028575,-0.280252755,0.272808731,-0.441495955
0.179987654,-0.20919463,0.277936459,-0.343105495
0.168189973,-0.100636318,0.270946801,-0.173393548
0.139164612,-0.0231828485,0.231837869,-0.043306835
0.0960117429,-0.0120105073,0.16382964,-0.0206661467
0.0532272309,-0.0581639372,0.0914486274,-0.0954637751
0.0310638584,-0.122996889,0.0505148023,-0.201998174
0.0454881191,-0.166737661,0.070342578,-0.273212373
0.0994499773,-0.173453733,0.154373631,-0.285139591
0.180461362,-0.158318028,0.283409745,-0.258586496
0.265840232,-0.154341012,0.411346555,-0.245864734
0.332597733,-0.187862635,0.498479307,-0.28791815
0.366422564,-0.258232534,0.528969288,-0.378005594
0.365020484,-0.334099472,0.508931696,-0.47484535
0.334672362,-0.368715554,0.463214606,-0.523285449
0.28306672,-0.325603843,0.409847885,-0.487997174
0.213663459,-0.200108528,0.332517892,-0.328208894
0.125673473,-0.0248147082,0.206961527,-0.0553902835
0.0198634863,0.144120187,0.037537735,0.228881314
-0.0938163549,0.252325058,-0.142611161,0.401088178
-0.192660809,0.270962805,-0.291342676,0.425854534
-0.245755538,0.207104236,-0.376542926,0.332598835
-0.226031706,0.096666947,-0.360525548,0.167631313
-0.12433216,-0.0148653612,-0.210539043,-0.0133162811
0.0421608128,-0.0930119604,0.0585971028,-0.14953877
0.232675016,-0.125864014,0.362057954,-0.202642828
0.396810591,-0.122425467,0.582691431,-0.190103799
0.493744612,-0.101111069,0.68638283,-0.151897117
0.507549524,-0.076566413,0.702350914,-0.116103247
0.451103598,-0.0525495,0.653948963,-0.0863883719
0.356779605,-0.0238135792,0.550249636,-0.0462405533
0.25894168,0.0159576219,0.418765187,0.0169808846
0.177559167,0.0664753839,0.292504162,0.101293951
0.111562438,0.118809231,0.186279401,0.189739183
0.0451865271,0.16011028,0.0803294629,0.262324065
-0.0366813131,0.18158713,-0.0525304042,0.29590416
-0.133284494,0.184187025,-0.207039118,0.29989326
-0.222237825,0.178139105,-0.345546305,0.287997723
-0.267546654,0.176674709,-0.415043712,0.281334579
-0.238101318,0.188055858,-0.375074387,0.30175373
-0.127165973,0.211040542,-0.209536538,0.345401704
0.0379564911,0.236519054,0.0562459826,0.384082556
0.20250006,0.253915608,0.314274788,0.39499411
0.305433959,0.257833719,0.461543441,0.382515728
0.306050599,0.250405043,0.468327522,0.369998544
0.203428373,0.237901136,0.329666495,0.365710855
0.0390775278,0.224316761,0.0767598301,0.35798347
-0.11927592,0.206999764,-0.179767251,0.334026068
-0.206015244,0.17824924,-0.323428869,0.289110512
-0.185598984,0.132685423,-0.300206959,0.223403811
-0.0677692369,0.0757217184,-0.118613616,0.133958399
0.0966370031,0.0267011914,0.154362395,0.0494912602
0.237238258,0.0127318371,0.380091488,0.017302854
0.293433636,0.0548499934,0.464085728,0.0762179866
0.23885414,0.153588161,0.383743912,0.229761004
0.0908860639,0.282795608,0.155424729,0.434720099
-0.0979713053,0.397074014,-0.132233262,0.587473631
-0.26233834,0.450960159,-0.349147886,0.625503659
-0.349833012,0.42095533,-0.461528927,0.575017273
-0.339845657,0.318848282,-0.480944484,0.469209492
-0.248214602,0.188441664,-0.387959272,0.309112281
-0.117161348,0.0861640647,-0.197312549,0.152048782
0.00407486549,0.0547045507,0.00225520809,0.0920732766
0.0791570917,0.102904432,0.130579174,0.164579555
0.0969682559,0.202198565,0.160201013,0.320095897
0.0720663145,0.301312387,0.120194212,0.46692118
0.0343358442,0.351301998,0.0608686879,0.538971007
0.0133298617,0.327679396,0.0278476123,0.51373291
0.0245828498,0.238293424,0.0449497737,0.390517652
0.0637563691,0.113785446,0.109281883,0.195526958
0.110638261,-0.0127719129,0.183612391,-0.0166232418
0.14050211,-0.124563038,0.230461523,-0.202485949
0.13710852,-0.226942301,0.219282523,-0.362866193
0.101065278,-0.337348133,0.153427646,-0.51853472
0.0495712534,-0.465833753,0.0664502084,-0.665173352
0.00770301558,-0.598894775,0.00118532218,-0.767382324
-0.00451268302,-0.697902262,-0.0157248303,-0.805356741
0.0171391498,-0.715208113,0.00844716839,-0.807109177
0.0579733513,-0.620425224,0.0611485839,-0.778467655
0.0909265652,-0.422536761,0.121435471,-0.627419353
0.0899617821,-0.174460977,0.137663379,-0.299889833
0.0440792479,0.044694107,0.0743501559,0.0628247261
-0.0349945351,0.162670359,-0.0516778342,0.265674472
-0.115665942,0.146775886,-0.180150598,0.247981668
-0.15921551,0.0199809708,-0.256685197,0.0451660007
-0.136967421,-0.148120031,-0.227020934,-0.229828268
-0.0440890864,-0.271726578,-0.0803397819,-0.425313115
0.0964561552,-0.28646493,0.139036551,-0.452478528
0.241843194,-0.176808476,0.367013901,-0.288841963
0.345788836,0.0187897589,0.526552022,0.01312121
0.376160383,0.22617875,0.551336825,0.315263718
0.326136112,0.367513925,0.46792677,0.508852541
0.214470819,0.391926944,0.3249304,0.566748977
0.0755798742,0.292043656,0.133699596,0.461809188
-0.0553042218,0.101489529,-0.078631945,0.178180292
-0.154900119,-0.122399643,-0.247111857,-0.187509328
-0.217296273,-0.320858866,-0.3315337,-0.475546032
-0.250840813,-0.451254845,-0.353576481,-0.619567215
-0.26954031,-0.494852334,-0.366851032,-0.654259622
-0.284193426,-0.455522418,-0.39314577,-0.618068576
-0.297720701,-0.353712291,-0.436247468,-0.508194566
-0.306158155,-0.219900012,-0.470656991,-0.33502984
-0.303430468,-0.0890887454,-0.479491979,-0.137605339
-0.286217511,0.00475194678,-0.456390232,0.0105155464
-0.255834997,0.0358126424,-0.411127329,0.0639567375
-0.216463938,-0.00542848045,-0.350222915,0.0012872722
-0.171634331,-0.106464677,-0.282068968,-0.163358077
-0.121955812,-0.233816862,-0.200388715,-0.364974529
-0.0660449788,-0.343067676,-0.108854614,-0.52342397
-0.00415745238,-0.395366162,-0.0153505122,-0.592498839
0.0581692494,-0.373486757,0.0784477219,-0.568632007
0.109599724,-0.289404541,0.163774148,-0.459530145
0.137005433,-0.178805679,0.216973215,-0.297207147
0.132423326,-0.0845115483,0.216154337,-0.145267621
0.0990536362,-0.0368758775,0.167123631,-0.0655702576
0.0522355922,-0.0411764719,0.0899941921,-0.0677603111
0.0137445368,-0.0784139112,0.0228583533,-0.12845768
0.00151679991,-0.118542492,-0.000100587509,-0.196586624
0.0199092701,-0.138156995,0.0277877059,-0.228887334
0.0559884533,-0.132197633,0.0869950727,-0.220313475
0.0846407488,-0.112947658,0.136985734,-0.188318878
0.0807605311,-0.0974660963,0.133738756,-0.164226115
0.0327831656,-0.0919862539,0.0564900823,-0.15427655
-0.0493928082,-0.0841353536,-0.0801477358,-0.141254649
-0.136678174,-0.0493591167,-0.223833635,-0.0833609477
-0.19294259,0.0309946965,-0.315680295,0.0484514125
-0.191733897,0.150625065,-0.310874611,0.240721881
-0.129728511,0.271158487,-0.207037419,0.428285539
-0.030326454,0.334202975,-0.0460237935,0.521128237
0.0647376478,0.288975626,0.106045544,0.461665332
0.112392351,0.121915802,0.192952991,0.209379241
0.0865335092,-0.128404602,0.150482237,-0.202122182
-0.0102409618,-0.381492734,-0.0122810053,-0.573095858
-0.146436915,-0.547830939,-0.19769758,-0.726847351
-0.273069382,-0.569364727,-0.347670674,-0.710188448
-0.34204495,-0.447180301,-0.462630183,-0.594427586
-0.324355423,-0.241460368,-0.492698669,-0.363583148
-0.221302792,-0.0426821336,-0.369452178,-0.069743216
-0.064809002,0.0719085708,-0.116347119,0.124104552
0.0931619555,0.0744375661,0.152725339,0.128979877
0.198380008,-0.00340996031,0.325981945,-0.00173671113
0.213345513,-0.0911628231,0.348151594,-0.149757698
0.131105691,-0.119883388,0.219568387,-0.20297271
-0.0210513156,-0.0602061711,-0.0309021454,-0.109830908
-0.189950094,0.0623899586,-0.305718094,0.0943506211
-0.314915806,0.183089256,-0.477002352,0.281284302
-0.350350618,0.235180408,-0.514732301,0.355452389
-0.284283102,0.188559085,-0.438708603,0.302783489
-0.145059451,0.0678530782,-0.243019909,0.12652047
0.00795684382,-0.0600237884,0.00832254812,-0.0912773311
0.10761407,-0.122196861,0.17418021,-0.203133166
0.107644342,-0.0801223665,0.1784655,-0.142051861
0.00463831984,0.0483166277,0.0126554891,0.0676724315
-0.157380924,0.197105214,-0.243618801,0.310824811
-0.303735137,0.286312282,-0.441738874,0.428130269
-0.36155048,0.263612956,-0.518205941,0.394331694
-0.294103712,0.130687043,-0.459183455,0.220160723
-0.120903082,-0.0593824051,-0.20650959,-0.0801470429
0.0873112977,-0.231494069,0.127350271,-0.362085402
0.23823379,-0.327857584,0.347751796,-0.492874205
0.259841442,-0.335398406,0.37979117,-0.50388974
0.135055482,-0.286642373,0.212451786,-0.457746714
-0.0879148543,-0.234843597,-0.133853912,-0.384911716
-0.315743268,-0.218812972,-0.473454297,-0.329970419
-0.452185482,-0.238591224,-0.631589115,-0.321854919
-0.442608118,-0.256555557,-0.621873856,-0.34541145
-0.299295813,-0.223487839,-0.468167931,-0.332085073
-0.0948630497,-0.114166349,-0.173190236,-0.18848151
0.0733846724,0.0491889156,0.112766415,0.0755398422
0.130830929,0.201018065,0.213459387,0.316155732
0.0613606311,0.263991773,0.113087557,0.416586667
-0.086002022,0.191881821,-0.123263724,0.316732228
-0.092742607,0.435890228,-0.143839762,0.620513022
-0.00770898536,0.40948987,-0.00646381592,0.622345567
0.0528799705,0.253801495,0.0919244215,0.415309072
0.0627800152,0.0257751718,0.113209456,0.0538445525
0.0391634479,-0.189560831,0.066429764,-0.302788347
0.0296680219,-0.316734195,0.0411321186,-0.495054424
0.0811595991,-0.320921898,0.1130867,-0.501369298
0.207773969,-0.218360201,0.311758906,-0.350668222
0.376383215,-0.0630741864,0.557229578,-0.105993092
0.518400013,0.0811609924,0.709465027,0.0982183069
0.562697709,0.168328568,0.736053348,0.207927465
0.472903579,0.183984503,0.664720058,0.246668518
0.269534469,0.141076237,0.436793417,0.214792192
0.0248792619,0.063686505,0.0566956513,0.103512399
-0.16769889,-0.029581083,-0.268034488,-0.0443211645
-0.235424474,-0.132420555,-0.378466129,-0.201054722
-0.158641368,-0.24515298,-0.260840416,-0.375577211
0.0212219059,-0.362411946,0.016499415,-0.546804786
0.221480384,-0.464392513,0.292257667,-0.643505216
0.355633825,-0.519475996,0.434125274,-0.654149234
0.370356262,-0.498457968,0.458415836,-0.634627461
0.265242517,-0.392556459,0.374202251,-0.569289088
0.0877891853,-0.223907784,0.141936779,-0.374905348
-0.0917484388,-0.0407051295,-0.150996625,-0.0800264627
-0.212111771,0.102297053,-0.340521693,0.165079296
-0.244376063,0.168441042,-0.383819282,0.272011995
-0.197679892,0.155798197,-0.316644311,0.259457588
-0.107671134,0.0963303745,-0.179465488,0.167942271
-0.0160240438,0.0374846607,-0.0292360932,0.0677657425
0.047880616,0.0159166325,0.077996023,0.025261255
0.0751980245,0.037693806,0.126581922,0.0586248264
0.0744365379,0.0760520846,0.126413465,0.122260422
0.0614940263,0.0881956965,0.105297156,0.146407589
0.0498956069,0.041976653,0.0867634416,0.0729146749
0.0462740511,-0.0624939762,0.0786939338,-0.0998169184
0.051778689,-0.18883054,0.0833830461,-0.304355621
0.0662972555,-0.281033576,0.100933991,-0.443965197
0.0913317353,-0.292524517,0.135545149,-0.464661002
0.129296452,-0.212159768,0.198002934,-0.349805385
0.180216327,-0.0729734376,0.286458582,-0.128946155
0.238951117,0.0617294908,0.381607443,0.089775607
0.295716166,0.128411084,0.464259624,0.196546331
0.340164661,0.0943674296,0.525326967,0.144634724
0.366473705,-0.0259825159,0.5616678,-0.0395006277
0.375797868,-0.177875429,0.558105648,-0.264992177
0.373996824,-0.292593837,0.529017985,-0.421307385
0.36579892,-0.320196092,0.511576116,-0.460935026
0.349362731,-0.252440721,0.506281078,-0.38204959
0.31552735,-0.125104561,0.483146042,-0.205549747
0.25338164,0.000554568251,0.407813579,-0.0102723949
0.159571186,0.0672480464,0.267846912,0.105894431
0.0456176549,0.0473619141,0.0842871964,0.0788268447
-0.0623391606,-0.0469265357,-0.097201027,-0.0726355612
-0.133186445,-0.172535196,-0.21583277,-0.272414804
-0.146137103,-0.277363211,-0.235069752,-0.428391963
-0.103815854,-0.323551059,-0.171272948,-0.497467011
-0.0352073759,-0.301126748,-0.0654235855,-0.473993957
0.0149269933,-0.227010146,0.0163348168,-0.371747524
0.00653440505,-0.132083803,0.00868845545,-0.225741476
-0.074777104,-0.0444605835,-0.12049561,-0.0804827511
-0.207028434,0.0222708285,-0.331255466,0.0357332975
-0.337814063,0.0708900616,-0.51709342,0.11371085
-0.405373037,0.113344498,-0.598530591,0.174765751
-0.365646034,0.159881443,-0.549757719,0.245492622
-0.212841928,0.210977718,-0.342055023,0.338760346
0.0162033793,0.25612551,0.0180116892,0.414148897
0.256044269,0.279389322,0.384016365,0.424038202
0.438600123,0.268156052,0.611113012,0.367321163
0.51929456,0.220326647,0.694672883,0.286245883
0.491943032,0.146534264,0.686845005,0.195871204
0.386693597,0.0666994229,0.588745773,0.0933451876
0.253343046,0.00277017453,0.413114786,-0.00240361365
0.138673693,-0.0292595066,0.233591855,-0.053150937
0.0682117492,-0.0251751058,0.114250131,-0.0451801121
0.0396165587,0.00556632737,0.0658146292,0.00633733487
0.0288444255,0.0423963889,0.0476993099,0.0690906346
0.00452867663,0.0601239391,0.0105854003,0.0989694595
-0.056709785,0.0379316993,-0.0881126523,0.0646030158
-0.160309628,-0.0314601697,-0.256197333,-0.0462448336
-0.291964054,-0.135591045,-0.451311052,-0.204120502
-0.422971487,-0.242198691,-0.597194195,-0.333852887
-0.519518971,-0.307130009,-0.668938994,-0.384806007
-0.552515268,-0.289190888,-0.698128879,-0.355950058
-0.505704999,-0.167420372,-0.696142673,-0.224705145
-0.380900681,0.0461237803,-0.585083425,0.0688392892
-0.199502572,0.304615706,-0.315037936,0.460339993
0.000685820822,0.538595974,0.000493291998,0.731900454
0.174015984,0.678966522,0.208194554,0.78426522
0.280025482,0.682401896,0.317560077,0.75035131
0.297497869,0.548599601,0.381036401,0.686186373
0.234024033,0.321478248,0.364389181,0.48576501
0.1256942,0.0731012225,0.22141239,0.127347887
0.0248289648,-0.123215236,0.0468081906,-0.201431215
-0.0208744165,-0.219209552,-0.0387943462,-0.356554925
0.0106558278,-0.206355333,0.00777405547,-0.339366138
0.104793705,-0.113470465,0.160470441,-0.19282046
0.215732619,0.0101134898,0.344356686,0.00866529904
0.287733287,0.116725132,0.450283766,0.176343873
0.283070087,0.177174717,0.446171105,0.268081278
0.203143343,0.185448825,0.332416534,0.289813429
0.0912847966,0.15162687,0.158536464,0.248874098
0.0140672252,0.0896685347,0.0290062968,0.151495993
0.0287007838,0.00870613568,0.0459575392,0.0203871708
0.151921272,-0.0868399814,0.241976887,-0.137899339
0.346299589,-0.189519569,0.510136783,-0.283537209
0.53228265,-0.280386209,0.677547991,-0.36698398
0.621890187,-0.327995569,0.712118268,-0.387618363
0.558918118,-0.29886499,0.690535724,-0.38063556
0.346485704,-0.175947934,0.524768233,-0.278806239
0.0481839031,0.0246577449,0.0928422734,0.0191974416
-0.238435432,0.249723077,-0.356528789,0.375948638
-0.423839301,0.423270255,-0.540206194,0.551189065
-0.464110941,0.475535482,-0.551379383,0.580744207
-0.376411438,0.374120593,-0.509598017,0.521504223
-0.225473061,0.14208667,-0.35808599,0.247818798
-0.0885981098,-0.147244677,-0.147593558,-0.221223399
-0.0171215963,-0.398192167,-0.0317895226,-0.589089215
-0.0136702806,-0.531422734,-0.0263058823,-0.728892148
-0.0361591242,-0.515696049,-0.0581201091,-0.715460777
-0.0256317668,-0.377742857,-0.0498298556,-0.577350199
0.0571480207,-0.185832277,0.0791388005,-0.310539573
0.205813527,-0.0154682994,0.323770136,-0.0315762721
0.36705783,0.0856075287,0.553263009,0.1245386
0.465017289,0.11587476,0.66385597,0.159804463
0.439346194,0.113443106,0.641308308,0.154394388
0.277890861,0.128923014,0.446707308,0.191812709
0.0274363309,0.192851067,0.0593389831,0.303515613
-0.223233297,0.295409203,-0.327615559,0.444544256
-0.380244672,0.389518946,-0.507812619,0.531539261
-0.384324431,0.415918201,-0.507023215,0.559208691
-0.235121101,0.337061882,-0.348875642,0.512670636
0.0102659632,0.16177693,0.0109582599,0.284417868
0.262684405,-0.0528852642,0.414141506,-0.0720185116
0.437662899,-0.224557325,0.615445614,-0.320447057
0.486758769,-0.2824938,0.643621206,-0.387862682
0.410749882,-0.20054552,0.590472639,-0.304887921
0.251392692,-0.0100163324,0.404549241,-0.0346348993
0.0684489459,0.213840261,0.118680522,0.330410302
-0.0856849477,0.385053366,-0.119339921,0.575460136
-0.182366207,0.443932384,-0.249102801,0.635680616
-0.219002396,0.380609214,-0.310692549,0.565190315
-0.209915534,0.235051036,-0.32156378,0.380473495
-0.173534989,0.0751254261,-0.280516773,0.135766387
-0.123800218,-0.0355086736,-0.207620353,-0.0529588386
-0.0693853572,-0.0641008019,-0.119650148,-0.106549427
-0.0186303873,-0.0185217634,-0.0360770226,-0.0349690206
0.0156352557,0.0623589717,0.0245359186,0.100845918
0.0167863406,0.130556494,0.0306345318,0.212797612
-0.0280583333,0.151149586,-0.0380016901,0.250650316
-0.117498845,0.114430748,-0.184521288,0.192124203
-0.22923176,0.0343042091,-0.362066776,0.063598685
-0.323194593,-0.0632520914,-0.499322593,-0.0895459205
-0.355481893,-0.153499305,-0.54017508,-0.221826017
-0.297922999,-0.220694229,-0.461199313,-0.326715559
-0.154186144,-0.257856458,-0.256310642,-0.398504883
0.03627491,-0.261726499,0.0427490771,-0.415629566
0.210073814,-0.228893936,0.318135977,-0.363391101
0.303836524,-0.15744102,0.464377433,-0.253221989
0.280435503,-0.0535954833,0.446914077,-0.0961974338
0.145934954,0.0619100221,0.248585194,0.0895769522
-0.0507499427,0.154470503,-0.0703107566,0.246489376
-0.236069456,0.186590746,-0.361189783,0.296220213
-0.340648472,0.136095554,-0.514644504,0.219652459
-0.326676875,0.0125977974,-0.508738279,0.0343312956
-0.202426195,-0.13814728,-0.333837956,-0.208730832
-0.0179973952,-0.247730121,-0.0424979553,-0.389549822
0.155574262,-0.25325188,0.232606292,-0.403068751
0.254821569,-0.128331587,0.395744652,-0.21737878
0.248089314,0.0984329805,0.396698743,0.138272688
0.145955995,0.348759234,0.231965631,0.512536287
-0.00553497626,0.5243361,0.00817613211,0.715955496
-0.144980147,0.549299121,-0.177504718,0.7311517
-0.220083147,0.406425804,-0.304680556,0.594442368
-0.206507564,0.149265826,-0.324899793,0.258130848
-0.114334211,-0.117345832,-0.192570046,-0.175647527
0.0189940128,-0.281280875,0.0184575338,-0.442089111
0.144860834,-0.2724002,0.215355784,-0.435759842
0.221397325,-0.0944804475,0.347369552,-0.16803886
0.226169825,0.175536588,0.357776582,0.259380817
0.159924075,0.421353996,0.242028862,0.599391878
0.0419370085,0.539025247,0.0735934675,0.729384065
-0.0992322341,0.482759744,-0.123912923,0.682553053
-0.234873831,0.283634782,-0.342406929,0.443824142
-0.341839284,0.0327708311,-0.520050228,0.0669575334
-0.404190719,-0.162642494,-0.594353974,-0.225269243
-0.412477374,-0.229290873,-0.595310509,-0.322815776
-0.36313808,-0.159928635,-0.552458882,-0.238956392
-0.259563893,-0.0130132791,-0.4244923,-0.0220551565
-0.114376709,0.119061001,-0.197139949,0.198420733
0.0492227934,0.156812131,0.0778910592,0.263010889
0.199506834,0.0723419935,0.324709177,0.124018893
0.302777618,-0.0988448858,0.474709749,-0.151357606
0.333134294,-0.277874827,0.488965541,-0.408380866
0.281981289,-0.383530408,0.401170194,-0.552657068
0.163085207,-0.373271137,0.240960389,-0.565397978
0.0102491984,-0.263780326,0.0155915748,-0.432160914
-0.132513762,-0.121288046,-0.21662885,-0.206210554
-0.225271463,-0.0272661187,-0.364784718,-0.0419904105
-0.245805904,-0.0372731946,-0.394764692,-0.0499652848
-0.197409749,-0.153696984,-0.322240502,-0.231715888
-0.107707858,-0.32562393,-0.173074827,-0.492039859
-0.0186884739,-0.475109905,-0.0367689282,-0.67249465
0.0285880379,-0.535944283,0.0292286016,-0.730536401
0.00914892089,-0.485230565,0.0049900664,-0.690822661
-0.0763054267,-0.352439612,-0.120284989,-0.546212256
-0.200890556,-0.202492163,-0.319486976,-0.328509152
-0.320460588,-0.102575265,-0.497292072,-0.157699764
-0.389061302,-0.0900450721,-0.582962453,-0.124825507
-0.375684917,-0.157235637,-0.564290822,-0.221174598
-0.276449919,-0.259477049,-0.427547336,-0.380440801
-0.117611311,-0.340418488,-0.193215325,-0.513179064
0.0522688441,-0.360333145,0.0655833781,-0.549921155
0.178905711,-0.312670052,0.263837636,-0.484549046
0.222139075,-0.221516013,0.342363417,-0.355903
0.171767905,-0.12347839,0.281077355,-0.210468948
0.0528625436,-0.0457523316,0.0944128335,-0.0842981711
-0.0825079679,0.00661802478,-0.132719815,0.0100398855
-0.175021335,0.0474547781,-0.285020143,0.0791280046
-0.182197586,0.0932064131,-0.300886244,0.155083254
-0.0970802158,0.144724205,-0.165184319,0.240258798
0.0469845496,0.179410711,0.0721979439,0.295789599
0.18874675,0.160136878,0.303015888,0.25885421
0.264585078,0.0573434196,0.426637143,0.0933560729
0.236814156,-0.127632558,0.384498894,-0.201669678
0.112189844,-0.351906568,0.177421764,-0.534692824
-0.0585521087,-0.541146874,-0.0796323046,-0.732168019
-0.201245338,-0.61782521,-0.253959179,-0.755404174
-0.25075677,-0.53513068,-0.336001545,-0.691732645
-0.181001201,-0.300280303,-0.292613983,-0.4648453
-0.0183336399,0.0245632622,-0.0517765805,0.0285337176
0.16884169,0.345011592,0.247831792,0.511922479
0.30046621,0.570792854,0.378668189,0.697163582
0.321648836,0.649413526,0.373062372,0.7240026
0.228570521,0.582566202,0.297142714,0.724140108
0.0706216767,0.419338346,0.121214852,0.618019581
-0.0730654895,0.231245518,-0.103395253,0.380159557
-0.132088497,0.0818784162,-0.214169964,0.144366965
-0.0798818395,0.00494682183,-0.139761791,0.0120739257
0.0519358106,-0.00118463545,0.0764481798,-0.00217675767
0.187758237,0.0367629863,0.301626205,0.0551926792
0.244697019,0.0849759132,0.394672692,0.129789785
0.174444973,0.118188322,0.29313761,0.18514578
-0.0101591796,0.126311496,-0.00352888904,0.203457326
-0.237425506,0.111700326,-0.367261112,0.180334643
-0.407776952,0.0819561854,-0.601719975,0.129995883
-0.439225465,0.0444610864,-0.64210403,0.0752648935
-0.305905461,0.00593009964,-0.487988502,0.0198943093
-0.0512672737,-0.0244909413,-0.101001151,-0.0306917559
0.23045443,-0.033291392,0.35864535,-0.0514345765
0.435760319,-0.00599332293,0.634177506,-0.0175144505
0.496814668,0.063989006,0.697050512,0.074679479
0.408901572,0.165776461,0.601729035,0.227424473
0.228283346,0.267815977,0.363717705,0.398016661
0.0427033342,0.325896025,0.0805471018,0.50109756
-0.0703718215,0.301249564,-0.101259083,0.476663828
-0.0775532126,0.181078777,-0.122921459,0.306675762
1.33457858e-17,-0.00927426014,-0.00194813067,-0.00202098256
0.102764994,-0.210648924,0.161569536,-0.331267685
0.165977538,-0.351420701,0.244605318,-0.532155454
0.152394667,-0.377576828,0.221385479,-0.570280671
0.0687315315,-0.277804434,0.105930977,-0.45090127
-0.0410999879,-0.091124028,-0.0700122714,-0.165770337
-0.120922759,0.107715435,-0.199227691,0.170963615
-0.131742239,0.239342421,-0.209287539,0.383868843
-0.0707887337,0.253517181,-0.111505292,0.413663268
0.0285422076,0.150122166,0.0489397943,0.258059412
0.114465199,-0.0221378952,0.191686198,-0.0277951919
0.142297611,-0.188387796,0.230125874,-0.301036477
0.0947217643,-0.280758679,0.148644835,-0.447119743
-0.0124076288,-0.26675126,-0.021908829,-0.432109356
-0.139993563,-0.160343349,-0.229098871,-0.268161982
-0.244869784,-0.012015759,-0.393845528,-0.0236316491
-0.298012048,0.116214961,-0.46536395,0.183763862
-0.293388814,0.178289533,-0.452087015,0.28303808
-0.244843736,0.161619827,-0.384976685,0.264703065
-0.174745962,0.0879387632,-0.284413844,0.153599352
-0.101691291,-0.000827509444,-0.170373023,0.00548724877
-0.0337815359,-0.063322179,-0.0589615405,-0.102333784
0.0301030576,-0.0758819208,0.0456610397,-0.127741426
0.0934529603,-0.0389263704,0.150786012,-0.0677396879
0.154939696,0.0283805747,0.251505345,0.0414279066
0.205629557,0.100528546,0.331898808,0.156261727
0.232188433,0.157942608,0.370484352,0.245242223
0.223922238,0.193394929,0.358586311,0.300085604
0.179343298,0.210815981,0.292620659,0.32938987
0.108441032,0.218948647,0.183377057,0.348727256
0.0294268765,0.224447906,0.0561604947,0.361000478
-0.0382397547,0.228390262,-0.0560071878,0.369770348
-0.0809746608,0.22751525,-0.125607654,0.368122607
-0.0950824842,0.218603551,-0.148832962,0.354964644
-0.0863319933,0.202795178,-0.136821568,0.33258304
-0.0660284311,0.187015653,-0.104808956,0.30707252
-0.0458626449,0.181524694,-0.0730300918,0.298251241
-0.0337425061,0.194767058,-0.0519385263,0.317938894
-0.031741336,0.228071451,-0.046579767,0.368206799
-0.036140427,0.272791654,-0.0531355962,0.433602899
-0.0390039086,0.311406106,-0.054829374,0.487995386
-0.0308514256,0.322513998,-0.0430071019,0.505178332
-0.00424453057,0.2882258,-0.000759704853,0.458858699
0.0421302207,0.201544166,0.0730564445,0.333651841
0.100109376,0.0711156204,0.168069169,0.1250128
0.151440084,-0.0787589177,0.249181136,-0.124174505
0.171735063,-0.213731647,0.27157864,-0.341466963
0.139158294,-0.299668938,0.213945106,-0.469297558
0.045316264,-0.314586043,0.0703401044,-0.496142626
-0.0964679718,-0.257879287,-0.152961135,-0.417368323
-0.25058195,-0.152601421,-0.397041827,-0.244923189
-0.368747145,-0.0386397876,-0.562847137,-0.0576230884
-0.407640368,0.0416809507,-0.608319998,0.0703965053
-0.347709388,0.0602937303,-0.537485361,0.103034221
-0.204454392,0.0151790064,-0.339275926,0.0376663469
-0.0257458109,-0.0686480999,-0.0512977391,-0.10411682
0.125299215,-0.150379375,0.198372528,-0.243595034
0.195405856,-0.192479014,0.308599859,-0.311948299
0.163281471,-0.17884165,0.264405936,-0.297816694
0.0485116392,-0.12297906,0.0831315294,-0.212058574
-0.0973123759,-0.0615021959,-0.158008128,-0.105979346
-0.213444248,-0.0353774056,-0.34512338,-0.0536032766
-0.25626111,-0.0679815263,-0.410928339,-0.100011058
-0.216711894,-0.151297852,-0.351129472,-0.231594682
-0.121031441,-0.248074755,-0.199975878,-0.384301215
-0.0151184825,-0.309826702,-0.0327294283,-0.483106703
0.058986228,-0.302127004,0.0837885812,-0.478028834
0.0824498311,-0.224219203,0.126128703,-0.367899269
0.0653801933,-0.112201825,0.106827319,-0.194695055
0.0369555727,-0.0231292415,0.0615260899,-0.043676652
0.0262639504,-0.00731027545,0.0452891588,-0.0092329327
0.0448783189,-0.0826457143,0.0739478618,-0.131626368
0.0808387399,-0.224355593,0.128222525,-0.354636848
0.107096411,-0.375874311,0.156055927,-0.561952472
0.0992628559,-0.475818992,0.135663897,-0.674806356
0.0522296876,-0.487460345,0.0663179159,-0.691018164
-0.0141985156,-0.415633798,-0.0294337682,-0.621517777
-0.0643788576,-0.302468359,-0.105545424,-0.479712248
-0.0660050213,-0.204384103,-0.114714451,-0.333408773
-0.00886581372,-0.162643731,-0.021163743,-0.26585871
0.0874921307,-0.183053017,0.135821044,-0.29399696
0.182089761,-0.235357881,0.281487226,-0.371255755
0.233050153,-0.272170812,0.35326764,-0.419963092
0.219704762,-0.256673872,0.338062972,-0.405018628
0.154374123,-0.18365705,0.247942835,-0.305666476
0.0770700946,-0.0822396278,0.128231987,-0.146178335
0.035273958,0.00116709049,0.0585281923,-0.000975759758
0.0589152016,0.0300671235,0.095576182,0.0517015979
0.143455133,-9.50431931e-05,0.233113542,0.00240628771
0.250031948,-0.0577148497,0.397529602,-0.0919961929
0.322959214,-0.0914574862,0.498270243,-0.146171048
0.315984219,-0.0586935692,0.493024647,-0.100758903
0.214220524,0.0495711304,0.352399409,0.0659963042
0.0408841409,0.201200381,0.0773026347,0.314334512
-0.154293716,0.337542534,-0.221252397,0.509239376
-0.318854541,0.402897,-0.431039125,0.563202739
-0.421470642,0.373426676,-0.550231516,0.506009459
-0.463990092,0.270181507,-0.624451697,0.378598094
-0.47604987,0.149159476,-0.661727786,0.221447334
-0.495618612,0.0733518004,-0.690332413,0.111953035
-0.545917988,0.0810808241,-0.730078518,0.113065548
-0.62082541,0.166733712,-0.760768652,0.20915772
-0.686363161,0.283420056,-0.749670565,0.316781253
-0.697623193,0.365782976,-0.715301275,0.383667052
-0.622664154,0.361194223,-0.694972813,0.412626296
-0.461405843,0.25396961,-0.629415035,0.360537082
-0.249973223,0.0715657771,-0.403298348,0.134550959
-0.0479777232,-0.128749311,-0.087018989,-0.198268309
0.0856225193,-0.284789503,0.128123716,-0.445891798
0.117091395,-0.353370219,0.173704356,-0.541665196
0.0517981984,-0.322899342,0.0782445148,-0.510713995
-0.0687019899,-0.211310521,-0.111272909,-0.35272938
-0.184866592,-0.0535785593,-0.304417044,-0.0949128345
-0.244392961,0.112946309,-0.391381323,0.178168654
-0.223385811,0.258346349,-0.346388251,0.402225435
-0.134506866,0.362883747,-0.202754706,0.549679577
-0.0190965813,0.415441602,-0.0244312845,0.620502174
0.0727254525,0.412308514,0.113956764,0.611709177
0.104941174,0.358904034,0.168698519,0.546026587
0.0714589655,0.272885531,0.123982243,0.433704168
-0.0018527793,0.184084043,0.0065248902,0.303098381
-0.0695885867,0.127378464,-0.109924942,0.212871388
-0.0881178379,0.128939211,-0.145171687,0.211771205
-0.0364154205,0.191637546,-0.0629357472,0.311976075
0.0727862865,0.288154274,0.112914093,0.450694799
0.196657449,0.368040025,0.29260534,0.542284429
0.279589742,0.378234625,0.407642931,0.539480805
0.277103245,0.2887941,0.424085349,0.432514071
0.17621094,0.111291125,0.3010616,0.184031799
0.00328164129,-0.100529,0.0206366275,-0.161721393
-0.184508711,-0.27023536,-0.283412904,-0.418975383
-0.321137726,-0.330692887,-0.468383312,-0.474366546
-0.358241439,-0.254083723,-0.53264302,-0.370066017
-0.285059005,-0.0657309294,-0.461867154,-0.106619924
-0.133225828,0.165116265,-0.228091374,0.263361126
0.0358493142,0.353452772,0.0520930402,0.542460501
0.155819967,0.432662189,0.232233882,0.624433517
0.181935817,0.379257023,0.278819561,0.56166023
0.108023815,0.21797429,0.188040897,0.354195505
-0.0330916271,0.00676233461,-0.0409648009,0.0192744136
-0.185393855,-0.189549506,-0.290326566,-0.296245366
-0.294258863,-0.323962837,-0.433777243,-0.466718614
-0.328745723,-0.38004905,-0.468385786,-0.525508702
-0.291992068,-0.369629204,-0.426308841,-0.524059772
-0.21590206,-0.319954932,-0.337004066,-0.479382336
-0.143608555,-0.258933336,-0.234288126,-0.406497896
-0.108531632,-0.205701396,-0.180964246,-0.33145377
-0.119823359,-0.168965921,-0.197979912,-0.276123643
-0.160345301,-0.150448442,-0.260256857,-0.242831111
-0.197064072,-0.148623198,-0.318837613,-0.234663665
-0.198018312,-0.159593165,-0.321621776,-0.250640839
-0.147502601,-0.175686419,-0.245319605,-0.278687984
-0.0527590066,-0.185147047,-0.0965697169,-0.299094498
0.0599146299,-0.175917059,0.0879953802,-0.288664013
0.156681374,-0.143090203,0.249223128,-0.236347154
0.209360152,-0.0956205204,0.335339338,-0.161616832
0.204600632,-0.0564500056,0.333083689,-0.0973435268
0.146203995,-0.0530593097,0.244772181,-0.0900711268
0.0513509139,-0.101380818,0.0915560126,-0.16784668
-0.0561515689,-0.19149442,-0.088669762,-0.310257584
-0.152351677,-0.284696251,-0.238166586,-0.440231979
-0.217702061,-0.326749623,-0.33187443,-0.48897621
-0.23990114,-0.273340523,-0.372927099,-0.417871863
-0.216039985,-0.115738489,-0.357679993,-0.190746248
-0.154341534,0.107600182,-0.260988086,0.168770552
-0.0743291527,0.322081506,-0.116829276,0.497885376
-0.00351185212,0.447933823,-0.000108269953,0.652940273
0.0303472001,0.437174946,0.0544801168,0.641569316
0.00978391431,0.298033267,0.0275371633,0.475782275
-0.0632302314,0.0933477879,-0.0925106779,0.164914832
-0.164684117,-0.087744005,-0.262746215,-0.136415467
-0.255557775,-0.171525449,-0.40320459,-0.266294569
-0.297194988,-0.133918956,-0.468491197,-0.20806393
-0.269038558,-0.00958158728,-0.436064214,-0.0168480016
-0.180412278,0.128865957,-0.29965505,0.209496096
-0.0697485954,0.210416898,-0.114843301,0.34404853
0.00992569886,0.202825502,0.0206641182,0.336201191
0.0137520572,0.127291322,0.0307509806,0.21629025
-0.0740142912,0.042873878,-0.113658205,0.0731074214
-0.230850682,0.0095907459,-0.365296036,0.0147955893
-0.403535038,0.0512386374,-0.597912252,0.0760748312
-0.529631615,0.139519036,-0.711478174,0.192184791
-0.563426018,0.20941782,-0.721472085,0.277179986
-0.494596899,0.19814232,-0.672232449,0.28003642
-0.351270974,0.0859807059,-0.536346316,0.148116112
-0.186463177,-0.0848137066,-0.307461143,-0.121413819
-0.0546181761,-0.225871757,-0.0956934616,-0.357657194
0.0107147219,-0.247186512,0.0109361457,-0.40045628
0.00814010669,-0.107683934,0.00801933836,-0.192002684
-0.0355616286,0.155481756,-0.0588885807,0.241126344
-0.0814202502,0.436399102,-0.113723725,0.628534138
-0.0977082774,0.606356859,-0.114827558,0.771259606
-0.0734550208,0.574651182,-0.0856511742,0.758062124
-0.0204485934,0.334005684,-0.0222560372,0.529779851
0.0357614867,-0.0326737165,0.0678755417,-0.0314680785
0.0701359585,-0.388354629,0.103339151,-0.572734296
0.0701389089,-0.603428841,0.0811419562,-0.774637103
0.0399990343,-0.612766385,0.0402771719,-0.781936586
-0.00369092985,-0.44088918,-0.014357266,-0.649841607
-0.0415888987,-0.184260979,-0.076185368,-0.314207554
-0.0609399565,0.0387998819,-0.106194712,0.0563990809
-0.0601411574,0.144564107,-0.0972026214,0.240955174
-0.0471272469,0.118883401,-0.0743240789,0.204785541
-0.0334454365,0.0152324997,-0.0528260171,0.0325982906
-0.0276548732,-0.0802314952,-0.0461725108,-0.128668591
-0.0313246623,-0.0963619873,-0.0539875478,-0.163882956
-0.0390257165,-0.0123706991,-0.0677705407,-0.0271617528
-0.0416020676,0.135923013,-0.0712223649,0.216613054
-0.0307765622,0.279346168,-0.0469230637,0.440723777
-0.00313507766,0.353283912,0.000135027396,0.542883277
0.0377009101,0.329187244,0.0642881915,0.515835524
0.0810977668,0.224034339,0.135935202,0.368458807
0.11160516,0.0853463709,0.190153748,0.145046517
0.113158017,-0.0373281874,0.189694449,-0.0601756796
0.07477732,-0.117395997,0.126043975,-0.198047638
-0.00355476164,-0.159394234,-0.00505829835,-0.264397651
-0.107143156,-0.187908232,-0.173581019,-0.304650992
-0.207543626,-0.226018563,-0.325761974,-0.350050509
-0.26967591,-0.277331799,-0.412061244,-0.41311413
-0.263897359,-0.322375894,-0.399771601,-0.471209377
-0.178827375,-0.33079204,-0.283199251,-0.496293604
-0.0290410016,-0.281144321,-0.0612237044,-0.445491016
0.14714314,-0.175917581,0.224216357,-0.289987922
0.300562918,-0.0426019169,0.463591576,-0.0770927221
0.390324503,0.0796575174,0.583044946,0.108254902
0.400817543,0.15981409,0.59249568,0.22476621
0.348293722,0.189559579,0.528672934,0.276215702
0.273026466,0.18475607,0.431421697,0.280894637
0.22002022,0.173594534,0.353888869,0.270889401
0.217307344,0.179119691,0.345940322,0.281616598
0.262679189,0.20659256,0.407471895,0.315105408
0.325881988,0.242646843,0.487199306,0.356638104
0.365493357,0.26570636,0.533770025,0.377629161
0.351842999,0.260351181,0.520691931,0.374682099
0.283745527,0.22635363,0.442109704,0.339765221
0.1897057,0.177002847,0.313131124,0.278882354
0.112430774,0.128507972,0.191087529,0.209326968
0.0847183019,0.0881307572,0.142833307,0.147067264
0.110016823,0.049510017,0.181269139,0.083457008
0.159041733,-0.00116076868,0.261951625,-0.00171197904
0.185426697,-0.0718616247,0.303832769,-0.11795716
0.152808279,-0.153438523,0.250478357,-0.251047939
0.0587460883,-0.218929693,0.09820088,-0.356803477
-0.0584236793,-0.23599796,-0.0936955288,-0.384022802
-0.135245174,-0.186480254,-0.222765401,-0.30345282
-0.11473766,-0.0815361813,-0.199151143,-0.136481702
0.0218320936,0.0379931442,0.0252889171,0.0633646771
0.239960313,0.118708126,0.373200566,0.188733652
0.462815523,0.12177147,0.657152772,0.171566769
0.604068577,0.0457511954,0.7752707,0.0549649596
0.607099593,-0.0682178214,0.774538934,-0.0934466049
0.471199065,-0.153731227,0.665583432,-0.222975925
0.251533419,-0.151635244,0.403401107,-0.25058791
0.0327852406,-0.0416724384,0.0597392358,-0.0854697227
-0.110266052,0.143455327,-0.180909216,0.226039976
-0.145398587,0.329949439,-0.223500788,0.503893435
0.0741940811,0.102016866,0.119272664,0.199941099
0.0255984515,0.00937419944,0.0541410148,0.00758436136
0.0194256455,-0.107345663,0.0315300673,-0.171498239
0.0645779073,-0.209205225,0.0995484442,-0.336881012
0.144762918,-0.257897943,0.219401419,-0.410511374
0.226843491,-0.231734812,0.344272554,-0.368075818
0.276143491,-0.135625675,0.426387936,-0.223628744
0.271321416,0.000279052387,0.43104583,-0.0123344772
0.21227555,0.133181587,0.345365375,0.202592224
0.118310638,0.22556442,0.199009106,0.35439381
0.0184161589,0.259683549,0.0391466953,0.415332019
-0.0612398237,0.24168326,-0.0909164622,0.391963422
-0.106923953,0.194024816,-0.166641101,0.320453048
-0.120392039,0.141236231,-0.194272071,0.235350713
-0.115055703,0.0973771736,-0.186281472,0.165614113
-0.107930757,0.0621189252,-0.177907631,0.107317068
-0.111448348,0.0268591326,-0.182565749,0.0485374965
-0.128680706,-0.0139039075,-0.212163702,-0.0198245626
-0.153592736,-0.0538999997,-0.25204283,-0.0845573843
-0.175586805,-0.0753119364,-0.287969649,-0.121826746
-0.185845494,-0.0584024079,-0.305848241,-0.0947065353
-0.182392925,0.00510608777,-0.302003682,0.00878749415
-0.171480805,0.103358783,-0.28035754,0.167495146
-0.164529443,0.206478536,-0.261835963,0.329553038
-0.171816975,0.279241771,-0.260848671,0.435779452
-0.195706233,0.297641069,-0.292403698,0.461156994
-0.226781532,0.259986848,-0.341586113,0.40667522
-0.245442435,0.186104208,-0.379696518,0.300961345
-0.229353234,0.105085351,-0.366527826,0.177014455
-0.164360762,0.0388870016,-0.273264319,0.0705198124
-0.0542421415,-0.00836227462,-0.0970243737,-0.00831187237
0.0758337528,-0.048882518,0.119724907,-0.077275604
0.185288697,-0.0986367092,0.297448397,-0.160544336
0.232741103,-0.16178152,0.368920207,-0.258592188
0.193999425,-0.222671524,0.308095604,-0.35570392
0.0755203739,-0.251707822,0.12385194,-0.408169419
-0.0838218629,-0.222821876,-0.131867409,-0.365033329
-0.225332364,-0.132591084,-0.360962301,-0.217423841
-0.293591231,-0.00877538323,-0.468961954,-0.0145047931
-0.26057139,0.0987652466,-0.419788301,0.161596254
-0.139615238,0.141820371,-0.233073235,0.238703892
0.0182661898,0.100120462,0.0266462639,0.175796822
0.14553988,-0.00476903934,0.238725618,-0.00168329175
0.18805173,-0.117190704,0.306314379,-0.189583316
0.130037054,-0.174497053,0.212672576,-0.289793581
0.00198180671,-0.140142217,0.00676918682,-0.239302784
-0.133344159,-0.0250936169,-0.219896346,-0.0500683747
-0.210915372,0.114788875,-0.341887444,0.182412297
-0.195524096,0.205307975,-0.311294645,0.32977882
-0.100140043,0.191346943,-0.163058907,0.319982588
0.0191554576,0.0657370985,0.032409355,0.121068574
0.0901471525,-0.125844821,0.150339112,-0.199503183
0.0608555935,-0.306952417,0.0966739431,-0.480042458
-0.072444357,-0.408172667,-0.10636092,-0.609986901
-0.259855866,-0.401031375,-0.370987713,-0.573924124
-0.418725878,-0.310442656,-0.579337001,-0.426784605
-0.471467495,-0.199560404,-0.661156237,-0.271399289
-0.382439882,-0.135479987,-0.578691304,-0.191830397
-0.176020995,-0.154132888,-0.298482805,-0.235075802
0.0731468275,-0.242681444,0.105093211,-0.38023597
0.273370087,-0.347979099,0.388806939,-0.50699687
0.35687831,-0.40568763,0.479038388,-0.556838214
0.309202641,-0.374055296,0.434089273,-0.538028419
0.173395306,-0.254698783,0.271293163,-0.412893921
0.0278227814,-0.0904922932,0.047390949,-0.163160861
-0.0511033721,0.056794934,-0.0860429853,0.0897655264
-0.0231587496,0.136170223,-0.0430153832,0.226857916
0.100288972,0.128806695,0.161865965,0.217771813
0.265610397,0.0514412634,0.420200944,0.086799413
0.404653996,-0.0574032813,0.602451324,-0.0864224136
0.466188192,-0.15860045,0.654863536,-0.22745809
0.435796231,-0.228705615,0.614269614,-0.329876274
0.336069435,-0.263751835,0.494737208,-0.395400375
0.209575608,-0.271447122,0.323730707,-0.425888687
0.0955314636,-0.259498924,0.150799602,-0.418143302
0.0131289484,-0.228941634,0.0188328605,-0.372821182
-0.0405742303,-0.176556766,-0.0706906095,-0.291238248
-0.079211548,-0.103267759,-0.133888662,-0.173754975
-0.110824712,-0.0207208954,-0.186928958,-0.0369460918
-0.127727985,0.0506748296,-0.211256579,0.0840371847
-0.109308407,0.0928044319,-0.182512939,0.156227842
-0.0364538468,0.103365138,-0.0631738454,0.175433055
0.0910136327,0.10198269,0.146489576,0.170468912
0.244891569,0.122441709,0.385401428,0.192351788
0.374193877,0.192981854,0.552366734,0.275908023
0.424741179,0.315074921,0.585930109,0.418715596
0.363840997,0.454049915,0.485591441,0.580325484
0.197826996,0.549795628,0.274135977,0.705907166
-0.0267560035,0.544784546,-0.0178949591,0.732903898
-0.239725634,0.415901721,-0.322708428,0.597958744
-0.374446571,0.192536026,-0.540852785,0.301088303
-0.393517643,-0.0508463979,-0.590321481,-0.0572185628
-0.301844329,-0.226343021,-0.467443436,-0.33088696
-0.142173216,-0.273692012,-0.236900151,-0.425408632
0.0237562805,-0.18977432,0.0248637162,-0.315319359
0.139343873,-0.0305106863,0.222422987,-0.0625146255
0.172264814,0.116842642,0.283580095,0.180913702
0.121920958,0.177269235,0.207404196,0.284173489
0.0145232351,0.124905176,0.0361467302,0.210250601
-0.109699816,-0.00605734996,-0.173957244,-0.00172782445
-0.21065481,-0.142081618,-0.335991293,-0.219868883
-0.258834273,-0.211247191,-0.405732065,-0.323577791
-0.240330175,-0.182152927,-0.38748914,-0.285786629
-0.157573625,-0.0796291456,-0.268432826,-0.131403819
-0.0278682113,0.031113388,-0.0565733761,0.0523818694
0.119283564,0.0828631818,0.192488581,0.138606846
0.246697918,0.045802515,0.395013303,0.0763779655
0.317021549,-0.054233104,0.495558381,-0.0841073841
0.303013235,-0.149162918,0.47235319,-0.233827844
0.197855115,-0.166758418,0.319913357,-0.276804417
0.0209088232,-0.0726821348,0.0395994112,-0.134456292
-0.185155958,0.106723554,-0.293907374,0.161067039
-0.366693556,0.293849647,-0.520883501,0.420177102
-0.47712189,0.397071421,-0.594586849,0.509872139
-0.493454784,0.35653019,-0.62119031,0.465696007
-0.42393747,0.174646512,-0.604661167,0.269507259
-0.30302766,-0.0841799155,-0.475944787,-0.110177077
-0.175813183,-0.323891938,-0.275980681,-0.479109317
-0.079073377,-0.460850626,-0.122001395,-0.657301068
-0.0278293733,-0.459045678,-0.0492014922,-0.664834857
-0.0134054385,-0.339660436,-0.0293000005,-0.532105148
-0.0131216021,-0.162601784,-0.0295931697,-0.276169747
-0.00583660277,0.00761435134,-0.0136697339,0.00613880577
0.015217999,0.132089064,0.0248159636,0.21630168
0.0390652046,0.208328292,0.0669294447,0.338369429
0.044448711,0.258323967,0.0768308789,0.41152823
0.0135227097,0.303919405,0.0289890654,0.475184947
-0.0561867468,0.346132845,-0.0774983242,0.531063914
-0.148388162,0.361696154,-0.211558014,0.545487821
-0.235144824,0.318909198,-0.342184037,0.484305978
-0.290533274,0.202744529,-0.437115908,0.322612911
-0.303218931,0.033102002,-0.472722828,0.0661206171
-0.28097567,-0.136312827,-0.441464335,-0.199971735
-0.244735464,-0.239931017,-0.383343011,-0.363779306
-0.215657786,-0.232323557,-0.343895108,-0.363080174
-0.202646866,-0.113154411,-0.333539784,-0.188644961
-0.19750163,0.0688993111,-0.325243711,0.10627497
-0.180575758,0.236340985,-0.2839683,0.371249408
-0.133837327,0.317565709,-0.2022136,0.494372249
-0.0538833588,0.278921306,-0.0817589983,0.450526297
0.04277559,0.13845548,0.0737117007,0.238725573
0.125787422,-0.0447557233,0.209343329,-0.0661563501
0.165813744,-0.199467793,0.26439634,-0.319639474
0.150594398,-0.274492145,0.232980639,-0.435774863
0.0935717523,-0.258819699,0.145598978,-0.420033842
0.0299204402,-0.181282386,0.0461805165,-0.304397136
0.00112741441,-0.0920237079,-0.000698713586,-0.15732412
0.035142038,-0.0365176983,0.0549593829,-0.0610578358
0.131574899,-0.0351360328,0.212472662,-0.0565611944
0.259247273,-0.0769110024,0.408795536,-0.12209449
0.367698222,-0.128224269,0.551134348,-0.195680737
0.407853663,-0.150155053,0.597408414,-0.228216156
0.352983356,-0.115487397,0.537643611,-0.187094808
0.211082503,-0.0184658486,0.348238528,-0.0438589603
0.023661701,0.124786682,0.0479938537,0.194748864
-0.148356557,0.282850146,-0.223830342,0.435772389
-0.245947033,0.418419629,-0.342764527,0.593911409
-0.232492119,0.497291595,-0.30971387,0.673393607
-0.106390573,0.495719731,-0.145867795,0.696107864
0.0980601907,0.406181276,0.144728512,0.609190226
0.321246266,0.241183132,0.480460227,0.368941247
0.496588141,0.0334396288,0.698795199,0.0480068997
0.571007371,-0.169718683,0.739063621,-0.223761514
0.521519721,-0.318270415,0.662743926,-0.412909925
0.363030761,-0.375043511,0.499508947,-0.524035037
0.144601986,-0.329070479,0.222937018,-0.514942646
-0.0654771104,-0.200384259,-0.105288669,-0.338262618
-0.202000782,-0.0328941718,-0.331777096,-0.0588055067
-0.225731596,0.122507237,-0.365490884,0.198166892
-0.138759539,0.227329537,-0.225828186,0.366436332
0.0142594185,0.268389344,0.0210412331,0.433315873
0.161101803,0.258317769,0.25271681,0.408168554
0.229083657,0.224169672,0.364231735,0.347194552
0.174557015,0.190930992,0.290239662,0.299638063
0.0028412845,0.169280291,0.0193563942,0.274625331
-0.230627224,0.154187679,-0.352584124,0.245496824
-0.439946741,0.134321794,-0.627892077,0.200304061
-0.542327404,0.105606616,-0.725190818,0.151562229
-0.492078781,0.079598546,-0.691870689,0.121658981
-0.300423175,0.0803757682,-0.479963988,0.136655524
-0.0320130251,0.130718172,-0.0671960711,0.221555859
0.221055835,0.235356882,0.338592589,0.363727957
0.376938641,0.371710151,0.521113455,0.498537749
0.397190422,0.49495852,0.502532542,0.603426814
0.300904423,0.556349456,0.387347937,0.681826651
0.153768569,0.525780499,0.220940709,0.702972114
0.0371884666,0.406632572,0.0689721107,0.609209538
0.0115069319,0.234544024,0.0262070075,0.387142599
0.0897884592,0.0604294688,0.148195803,0.111125253
0.23355718,-0.0732629076,0.369112372,-0.115945406
0.371727377,-0.150313795,0.54979974,-0.2297059
0.433523268,-0.183224961,0.616907716,-0.271227419
0.380244672,-0.199919194,0.560441852,-0.302458555
0.221855029,-0.223185062,0.353979349,-0.356594235
0.0117455535,-0.255469292,0.0255014952,-0.413610131
-0.176988736,-0.278250188,-0.271773398,-0.432696044
-0.282487899,-0.266312301,-0.432321966,-0.398917556
-0.278557897,-0.207994297,-0.43834129,-0.317264855
-0.182626426,-0.118418708,-0.306517631,-0.190648898
-0.0450808406,-0.0364182629,-0.0865935832,-0.0591479763
0.0740457252,-0.0053959568,0.120007142,-0.00892467238
0.130253449,-0.0482342951,0.217533633,-0.0780124441
0.111065783,-0.150757238,0.185307145,-0.245534778
0.0379307531,-0.264327049,0.0625672713,-0.422018826
-0.0457620881,-0.327866614,-0.0734346434,-0.509863496
-0.0942888483,-0.298630148,-0.154536143,-0.470641553
-0.0782129094,-0.175639629,-0.137120664,-0.292655647
0.00520970533,-0.0030724979,-0.00209546625,-0.0115756094
0.133029297,0.148689345,0.211213604,0.237599194
0.267436802,0.214867815,0.412448257,0.329784095
0.371292859,0.164853469,0.55768609,0.245888308
0.421965748,0.0135469269,0.628317535,0.0220125094
0.418300152,-0.18897514,0.607110023,-0.273173273
0.378486067,-0.382445127,0.513928294,-0.523310721
0.330122977,-0.522004783,0.41212216,-0.664583862
0.296679974,-0.591529906,0.349026829,-0.718061984
0.28590712,-0.599995971,0.332142889,-0.725118577
0.285097867,-0.566341102,0.343476087,-0.708141804
0.265577614,-0.504298389,0.342499614,-0.670357466
0.195176527,-0.417173624,0.27705875,-0.607815325
0.0540075898,-0.304811239,0.0846161842,-0.487356991
-0.152988121,-0.176108763,-0.24220705,-0.293126702
-0.392570317,-0.0561755821,-0.583720207,-0.086675182
-0.611362755,0.0195464734,-0.775342762,0.0334827267
-0.753459156,0.0230353903,-0.812600553,0.0393963419
-0.781001806,-0.046769131,-0.809467375,-0.0342165492
-0.689432859,-0.155819833,-0.788856685,-0.165009215
-0.510802567,-0.246134266,-0.683971941,-0.311242759
-0.303227633,-0.263141334,-0.466145247,-0.383833438
-0.130387351,-0.185578018,-0.224605426,-0.301956087
-0.0392279178,-0.0409429446,-0.0728264526,-0.0759810582
-0.044808086,0.10403911,-0.0716701597,0.166194752
-0.12804839,0.175219953,-0.198512524,0.284666568
-0.246485263,0.129535899,-0.380775154,0.214787811
-0.352623969,-0.0202731993,-0.534619987,-0.0179839954
-0.411674827,-0.208923012,-0.593062103,-0.285502672
-0.411535501,-0.349425912,-0.564516485,-0.463822752
-0.362102658,-0.376090944,-0.507845283,-0.512675285
-0.286115795,-0.277203441,-0.439279109,-0.41563651
-0.207192272,-0.100031763,-0.345535398,-0.166248053
-0.140974492,0.0744146556,-0.237189099,0.118044838
-0.092604287,0.173058793,-0.148959026,0.284205735
-0.0598347746,0.166152999,-0.0932094604,0.279689461
-0.0382404141,0.077369757,-0.0585939065,0.137309715
-0.0246507004,-0.0361297801,-0.0396602377,-0.053936366
-0.0170084089,-0.121383183,-0.0283326749,-0.198802873
-0.0118151046,-0.162732169,-0.0240944847,-0.269085288
-0.00220521563,-0.190640464,-0.00901691802,-0.311630487
0.0207252484,-0.260514706,0.028159745,-0.412575066
0.0631346032,-0.413362235,0.0877953991,-0.605309546
0.122832656,-0.641255498,0.141205475,-0.777567685
0.186816022,-0.87881124,0.150588438,-0.765356243
0.234652221,-1.02793658,0.136343583,-0.647078633
0.247141629,-1.00453806,0.153901547,-0.652833521
0.216244787,-0.78304863,0.204729915,-0.772638857
0.150800228,-0.414766341,0.208347887,-0.617893517
0.0741940811,-0.00927426014,0.117535993,-0.0434904285
0.0142205097,0.312498599,0.025543768,0.478264064
-0.0102593973,0.470163107,-0.00533651235,0.676133454
0.000921711675,0.454898536,0.00962499622,0.663708448
0.0284326114,0.325071841,0.0516537651,0.512608826
0.0425455123,0.170538172,0.0769017264,0.286949664
0.0179379508,0.0655978918,0.0362712741,0.11049886
-0.0531204976,0.0352868512,-0.0843807384,0.0562603511
-0.155833006,0.0510973968,-0.252679884,0.0821909308
-0.258665591,0.0555642322,-0.408116043,0.0925662369
-0.326899558,-0.000177299749,-0.505644262,0.0093729971
-0.337179005,-0.127455309,-0.517993808,-0.181653798
-0.28611201,-0.294826746,-0.431482077,-0.424891263
-0.189418063,-0.447220713,-0.27941218,-0.621376395
-0.0731621981,-0.536394477,-0.11126706,-0.723149896
0.037553113,-0.544316769,0.036185246,-0.734963119
0.126490101,-0.486761063,0.165415719,-0.682938576
0.187605292,-0.397155613,0.26367408,-0.585290611
0.220942706,-0.302707016,0.327889353,-0.46656853
0.227382451,-0.208857358,0.351127297,-0.336495787
0.20666182,-0.102047488,0.333090037,-0.174487367
0.160205767,0.0315167382,0.264098853,0.0415832214
0.0963426083,0.184217766,0.162092313,0.289867371
0.0330902115,0.318232924,0.0580209494,0.491660029
-0.00539264735,0.377938718,-0.00107057148,0.574625313
0.00129555259,0.31873247,0.00921600964,0.505063474
0.05812224,0.136480525,0.0988516733,0.237440452
0.148075506,-0.120300323,0.241908357,-0.18378742
0.235944912,-0.3649261,0.340777993,-0.530272663
0.282390624,-0.508531809,0.361139625,-0.670807064
0.262271494,-0.499992788,0.341067672,-0.670835793
0.177946836,-0.349166602,0.260299236,-0.536061823
0.0599566065,-0.121149205,0.0968556255,-0.216577634
-0.0463698469,0.0955315754,-0.0759235248,0.148369923
-0.102333568,0.230119765,-0.161249012,0.370701015
-0.0945518464,0.25893864,-0.145708427,0.417989939
-0.0410332307,0.208517879,-0.0655236915,0.347147852
0.0188976582,0.132887125,0.0337337591,0.225323111
0.0457987897,0.0793793127,0.079105489,0.131531015
0.021249311,0.062848188,0.0388819426,0.103698067
-0.0424939916,0.0623938665,-0.0657009557,0.103123873
-0.109707236,0.0410611592,-0.178633004,0.0711562634
-0.141478419,-0.0245311968,-0.231807098,-0.0334715173
-0.117927961,-0.123296663,-0.196728617,-0.19316341
-0.0499120168,-0.210790515,-0.0880610272,-0.336787164
0.0266544931,-0.232406437,0.0342065021,-0.374795377
0.0711079463,-0.155474499,0.110121004,-0.263890535
0.0618638098,0.00856256206,0.101272017,0.00183871994
0.0102533121,0.20543012,0.0202739425,0.323756993
-0.0440146402,0.363082111,-0.0600942709,0.552057445
-0.0541202947,0.427285999,-0.0731641203,0.629839778
0.0070098131,0.388303757,0.0152306333,0.591267943
0.12902905,0.284017861,0.203642562,0.451664209
0.26600498,0.177886918,0.41508922,0.279696763
0.357753098,0.124041133,0.54316324,0.183253899
0.359974414,0.138799995,0.5464499,0.199137196
0.267347127,0.194053829,0.423318207,0.290360808
0.117086038,0.235557228,0.199689731,0.370453745
-0.0292683672,0.215292424,-0.0368996821,0.350809008
-0.116407081,0.119476244,-0.184440672,0.20508343
-0.12200927,-0.0233480595,-0.203423321,-0.0276208296
-0.0655330271,-0.158176705,-0.113311417,-0.252596855
0.00540549261,-0.233882859,0.00120279193,-0.376807898
0.0432922281,-0.23064886,0.0636508539,-0.375284195
0.0278227814,-0.169186994,0.0427704342,-0.285095096
-0.0232801195,-0.0970956162,-0.0388063416,-0.16651459
-0.0658083186,-0.060731627,-0.109748639,-0.100338869
-0.0564835072,-0.0789734423,-0.0962578058,-0.12858592
0.0193370562,-0.133776844,0.0247505233,-0.215447813
0.135747641,-0.182512686,0.212122634,-0.293597013
0.237708598,-0.184508592,0.36633411,-0.295095444
0.270304024,-0.126182243,0.423271328,-0.209815249
0.210034743,-0.030145999,0.343867093,-0.0604182594
0.0805446953,0.0570163988,0.142381862,0.0856881514
-0.0568498075,0.0913479403,-0.0871562064,0.151956454
-0.13386111,0.0573267303,-0.217714548,0.10124585
-0.111328341,-0.0218625199,-0.188114434,-0.0269384384
-0.00132388796,-0.0956266522,-0.0113942605,-0.153896362
0.137187123,-0.112827033,0.216024473,-0.18655026
0.227686554,-0.0495849662,0.363205433,-0.090153724
0.215518966,0.0770704001,0.350145698,0.110562131
0.0967302397,0.217028677,0.166485414,0.338752478
-0.0790661722,0.312098026,-0.110539883,0.482558578
-0.233596191,0.32483238,-0.338330448,0.492244929
-0.299680144,0.256181121,-0.443901569,0.393386632
-0.254955113,0.143320173,-0.402728945,0.23888059
-0.131838918,0.0396924764,-0.223042443,0.0755235031
0.00133499387,-0.0116182975,-0.00453591952,-0.0156489369
0.0776734799,0.00272326567,0.127584726,-0.000117529657
0.0673468858,0.0634059832,0.114390269,0.0965328068
-0.00775472727,0.132152557,-0.0049292841,0.213912413
-0.0881861225,0.173519954,-0.138173684,0.283453465
-0.11211355,0.172879651,-0.180325329,0.285494953
-0.0521508344,0.141652629,-0.0869422629,0.240200087
0.066562742,0.108263962,0.104897328,0.1829326
0.177471921,0.100796565,0.28816402,0.161514565
0.20754692,0.131039068,0.338138133,0.203603476
0.117600255,0.187996581,0.20061183,0.295761704
-0.0738014579,0.243379608,-0.1036309,0.38353315
-0.296256989,0.265402198,-0.431415588,0.400030047
-0.461021781,0.23361288,-0.628937304,0.333530515
-0.505094051,0.147888854,-0.689219177,0.21569486
-0.423014253,0.0283133946,-0.625875115,0.0567196384
-0.269618362,-0.0928779542,-0.433375061,-0.133244649
-0.131985277,-0.183050871,-0.222379565,-0.289380491
-0.0848554522,-0.219844371,-0.139593333,-0.354414105
-0.152457133,-0.197474748,-0.242906287,-0.320750982
-0.29641816,-0.127584547,-0.459094018,-0.201252744
-0.435966074,-0.0352430455,-0.636786103,-0.0497768223
-0.48995319,0.0484985933,-0.69188273,0.0758737549
-0.419038713,0.0957996696,-0.619778991,0.149761543
-0.246376351,0.0909175351,-0.40050745,0.154814675
-0.0462899394,0.0362515636,-0.08456029,0.070686169
0.0931582004,-0.0470377132,0.153256252,-0.0733318105
0.114567161,-0.125264198,0.191947892,-0.20848842
0.0200882684,-0.164238393,0.0384098701,-0.275394291
-0.129585356,-0.143049955,-0.208905816,-0.23820208
-0.245329425,-0.0638033524,-0.394013613,-0.104339235
-0.253517032,0.0476723649,-0.410863698,0.0772027597
-0.131961301,0.151500165,-0.223469824,0.25062409
0.0794721395,0.210240409,0.12022844,0.345225066
0.298070937,0.204880133,0.454057604,0.313867629
0.437210381,0.142712623,0.633357167,0.20195049
0.445869416,0.0531319715,0.65255928,0.0710526258
0.330208153,-0.0267017446,0.520033538,-0.047856275
0.148164496,-0.0692216009,0.252697855,-0.121019632
-0.0187694076,-0.0681932345,-0.0263031982,-0.12001247
-0.102119975,-0.0392049402,-0.17359978,-0.0658232495
-0.0741940811,-0.00927426014,-0.130381376,-0.0126695978
0.0445403606,-0.00163521769,0.0663364455,0.0010621479
0.199573591,-0.0240233745,0.318759143,-0.0383389816
0.329222709,-0.0663801655,0.507507324,-0.10557662
0.390825272,-0.108312033,0.583352387,-0.167811111
0.374946475,-0.131149814,0.562295675,-0.203081027
0.303316832,-0.127246156,0.472435594,-0.205573618
0.214158326,-0.101421118,0.346531212,-0.171574965
0.14352192,-0.0647084713,0.237052202,-0.111989923
0.111398347,-0.0254631136,0.183837339,-0.0461680628
0.117467284,0.0156243062,0.193139389,0.0237029586
0.146053448,0.0629443526,0.238573685,0.0995562673
0.17597568,0.117593758,0.2857804,0.18672581
0.190034091,0.169456139,0.307097226,0.267303467
0.180571184,0.196448296,0.293575764,0.309115291
0.150275603,0.173486114,0.24924998,0.279145479
0.109468117,0.0872997642,0.189641789,0.146190047
0.0717065111,-0.0514695086,0.122461356,-0.0809748545
0.0490285903,-0.20720163,0.0785165504,-0.331673682
0.0475186594,-0.331994385,0.0692843497,-0.514006078
0.0638916194,-0.386897653,0.0882937387,-0.58349824
0.0843593851,-0.360777527,0.118787952,-0.553692043
0.0873397589,-0.276161581,0.130505249,-0.443434685
0.0507013127,-0.177964091,0.0790829509,-0.297436744
-0.0379175171,-0.110420443,-0.0603402779,-0.188162178
-0.171646714,-0.0945144147,-0.27480197,-0.152543843
-0.320870817,-0.118423179,-0.490860969,-0.177515477
-0.439328671,-0.146519229,-0.633336723,-0.202737749
-0.479533821,-0.141968593,-0.6745857,-0.191165671
-0.412370265,-0.0899329334,-0.615121424,-0.12629281
-0.242509872,-0.00764167588,-0.403064072,-0.00778241502
-0.0118130147,0.0650883317,-0.0323488936,0.111991778
0.212546319,0.0898939148,0.337192088,0.145720229
0.36166355,0.054517474,0.554024458,0.0808018595
0.390801787,-0.0169610605,0.592826664,-0.0294939689
0.296426207,-0.0755129308,0.471072584,-0.126670673
0.116658174,-0.0748087913,0.200972021,-0.133503005
-0.0852569938,0.00034139643,-0.135239914,-0.00915334653
-0.247136056,0.121760421,-0.389108956,0.190867156
-0.331971586,0.230455384,-0.49375084,0.347513229
-0.339385599,0.268484294,-0.495703489,0.400874794
-0.29997322,0.212934747,-0.452954501,0.336203218
-0.256201863,0.092352137,-0.404531598,0.159417495
-0.239649653,-0.0252472404,-0.384287536,-0.0317934155
-0.255571425,-0.0680133849,-0.409344554,-0.106471919
-0.28167209,-0.000914797944,-0.44968909,-0.00425195927
-0.280786067,0.151311204,-0.442655802,0.231770888
-0.220571145,0.313073575,-0.335859418,0.475135326
-0.090491727,0.395868033,-0.135213643,0.596345067
0.091609247,0.346093982,0.141116947,0.538944483
0.285566658,0.17712836,0.442869246,0.283831686
0.443851352,-0.032593444,0.646825314,-0.0437360667
0.528234839,-0.176081434,0.704942882,-0.243232206
0.521332741,-0.170890033,0.698074818,-0.243982777
0.429639965,-0.00145068043,0.628792584,-0.0209024865
0.278939307,0.271576852,0.426211149,0.384060383
0.105734229,0.540025413,0.155696988,0.714191377
-0.0514828414,0.700133383,-0.0463665202,0.806731582
-0.159164995,0.700720072,-0.167660967,0.794282317
-0.19401595,0.563086629,-0.239457145,0.729989231
-0.1476091,0.363585323,-0.214605376,0.556517601
-0.0302291997,0.189869434,-0.0493507311,0.32179147
0.127990559,0.0955247954,0.206231385,0.161013618
0.281428844,0.0776870847,0.440425456,0.117388733
0.380244672,0.0886280686,0.573112011,0.125550255
0.386542797,0.0728769228,0.58637464,0.103284933
0.289747328,0.00712377112,0.467024565,0.00757266721
0.1139706,-0.0810953379,0.198859081,-0.137514383
-0.0876598284,-0.127483904,-0.137183145,-0.214795053
-0.251308531,-0.0703003854,-0.403608441,-0.117353342
-0.326712728,0.107594997,-0.50898087,0.162008524
-0.297023654,0.358807057,-0.430483013,0.512194455
-0.184905127,0.586720645,-0.233543366,0.745037794
-0.0415107012,0.689831197,-0.0412484035,0.807690203
0.0769564807,0.612520993,0.104992867,0.776032627
0.134195745,0.375462174,0.21040839,0.570693791
0.12837781,0.0690799132,0.22345835,0.127450541
0.0894258916,-0.187246174,0.151053503,-0.299865723
0.060728807,-0.299734712,0.0896415859,-0.475260377
0.0749004483,-0.241118208,0.108803876,-0.396321207
0.136231184,-0.0581126958,0.214452073,-0.108622491
0.218952,0.156652391,0.344110429,0.237848043
0.282084703,0.312152326,0.420374453,0.454571813
0.292812049,0.360828161,0.430354893,0.513774395
0.24565573,0.314244747,0.377879411,0.469050765
0.166843414,0.227081001,0.274565935,0.359395951
0.10107559,0.161008701,0.171551093,0.26342997
0.0873853192,0.14973186,0.144488573,0.242713466
0.136874348,0.184036002,0.221058503,0.293785244
0.224483758,0.223160818,0.351215959,0.344845057
0.299815893,0.223634019,0.458712876,0.33670795
0.312041163,0.167447314,0.485024273,0.255764753
0.236342266,0.0729699135,0.389071077,0.11488574
0.0882178769,-0.0171095598,0.158732563,-0.0306712426
-0.0820230171,-0.0628384426,-0.129568651,-0.108524844
-0.212159127,-0.0524999611,-0.343382388,-0.0850516707
-0.257002264,-0.0112378076,-0.415939748,-0.0140989292
-0.208927587,0.0124748405,-0.343779653,0.0264359973
-0.0998462737,-0.0250904895,-0.170662433,-0.0337089226
0.0160174053,-0.136274457,0.0218057856,-0.216970354
0.0894441381,-0.292001963,0.138817742,-0.452822149
0.0995934233,-0.43425256,0.140592575,-0.632675886
0.061749611,-0.504474461,0.0797905996,-0.704906225
0.0160743333,-0.472763628,0.0152227506,-0.679130733
0.00386804482,-0.352444112,-0.00430465536,-0.546717405
0.0441169068,-0.192767784,0.0611520074,-0.321145236
0.122601554,-0.0541305356,0.194533631,-0.0934121013
0.198984683,0.0209300574,0.322706938,0.0312757082
0.227793738,0.0262046922,0.37121731,0.0393544249
0.182082847,-0.00874931552,0.304377228,-0.017232351
0.0674458221,-0.0365052894,0.120733738,-0.0644424185
-0.080622904,-0.0167788453,-0.130335614,-0.0338393375
-0.214214399,0.0642437935,-0.344722122,0.100921296
-0.295929283,0.188927606,-0.453543872,0.290922284
-0.315352798,0.318236589,-0.455834627,0.464473456
-0.29096964,0.410193324,-0.402494311,0.577380657
-0.257261217,0.437177867,-0.34998405,0.612905025
-0.244432762,0.394715905,-0.343154043,0.573584318
-0.261759132,0.299782127,-0.382577598,0.457546353
-0.293218017,0.181791753,-0.445791572,0.290724456
-0.307312727,0.0717394426,-0.477198005,0.122575797
-0.275455773,-0.00613604533,-0.440388173,-0.00199156441
-0.188933641,-0.0386787839,-0.315456718,-0.0576678887
-0.0654544085,-0.0250653308,-0.116813578,-0.0394690782
0.0581077002,0.0235996265,0.0914900079,0.0364488252
0.142963678,0.0860844702,0.232521147,0.136849672
0.166827977,0.135238498,0.274819762,0.214869991
0.134291276,0.145423099,0.227347732,0.235918581
-0.17621094,0.222582251,-0.253555834,0.339835525
-0.11134436,0.246248335,-0.189287156,0.404460669
-0.0591485053,0.225157723,-0.0913749784,0.369383723
-0.0272664148,0.169919252,-0.0408903696,0.28368026
-0.0156536214,0.100550823,-0.021521857,0.171875671
-0.020646045,0.0340165049,-0.0323055573,0.059362188
-0.0379723348,-0.023798272,-0.0622592792,-0.0378661007
-0.0621573105,-0.0779275522,-0.103910729,-0.12755467
-0.083360061,-0.136874169,-0.139371827,-0.221571997
-0.0856260136,-0.202645689,-0.141767189,-0.324907124
-0.0504682399,-0.264339596,-0.0870436952,-0.416881263
0.0337385125,-0.299494773,0.0423750989,-0.469652414
0.160843715,-0.283408403,0.239078894,-0.443884701
0.301637173,-0.202378958,0.449130595,-0.317624331
0.4098593,-0.0644096583,0.600784421,-0.109397627
0.43948096,0.0985045433,0.639245391,0.127627656
0.366279066,0.23893103,0.542825818,0.335929483
0.202720165,0.31095624,0.322363794,0.464816809
-0.00296432828,0.28896603,0.0116586499,0.457368582
-0.185154468,0.180164129,-0.283320993,0.29722774
-0.288940042,0.0247229468,-0.452384442,0.0521074794
-0.2941778,-0.11769677,-0.463632464,-0.171775088
-0.222855315,-0.190524623,-0.3595348,-0.294097066
-0.125349954,-0.163136721,-0.214161143,-0.266693681
-0.0524136201,-0.0443688855,-0.0941634551,-0.079607062
-0.0277991351,0.119629875,-0.0473865531,0.190730914
-0.0366153233,0.263241947,-0.0536214449,0.417562604
-0.036222063,0.328226149,-0.048175633,0.512209773
0.0159939043,0.2885831,0.0307701919,0.461592197
0.133428454,0.162681267,0.21749413,0.273944885
0.28658694,0.00681528449,0.451341987,0.0171963703
0.413788527,-0.107862301,0.606570899,-0.163605094
0.451664001,-0.125755131,0.642875791,-0.192138523
0.369434476,-0.0316793434,0.564574122,-0.0642016903
0.188078418,0.14083299,0.311509907,0.209427759
-0.0268934779,0.321923912,-0.0275622588,0.490740508
-0.196151689,0.433691233,-0.269904166,0.620154738
-0.264844239,0.4224751,-0.363275707,0.600628078
-0.228072643,0.281295985,-0.342927545,0.443019986
-0.129885882,0.0527691506,-0.214228675,0.10612008
-0.0365863368,-0.188623115,-0.0639417097,-0.295524985
0.000646654051,-0.36693114,-0.00350150908,-0.557482064
-0.0271628816,-0.434376717,-0.0450211391,-0.640053988
-0.0851979777,-0.387488782,-0.132934138,-0.585859835
-0.119467296,-0.263485402,-0.196869299,-0.420837194
-0.0932299569,-0.119849496,-0.161624983,-0.200505495
-0.0136606479,-0.00756890699,-0.0311633386,-0.0138431694
0.0677390322,0.049189046,0.110766806,0.083043851
0.0827323869,0.0580957457,0.141918004,0.095797576
-0.0126054287,0.0475224145,-0.0101124467,0.0769413933
-0.206556633,0.0464535877,-0.323276848,0.0741462037
-0.429112613,0.0667190775,-0.621088088,0.101410367
-0.581856489,0.0969169661,-0.753788292,0.133492216
-0.586278021,0.110688917,-0.756183326,0.151319474
-0.425527662,0.0840954557,-0.628528535,0.136717334
-0.157001644,0.0119341938,-0.27061227,0.0336305089
0.112131633,-0.0864578635,0.174014091,-0.133020788
0.275009006,-0.175477415,0.425704002,-0.275161356
0.275673985,-0.221265465,0.426008165,-0.346532851
0.134574682,-0.209535345,0.221703485,-0.345340252
-0.0637795627,-0.153142139,-0.0991541147,-0.260349661
-0.214249715,-0.0847887173,-0.346024722,-0.137933031
-0.243066519,-0.0384791493,-0.39513579,-0.0563270934
-0.142065614,-0.0298200771,-0.243451297,-0.0403772444
0.0312782116,-0.0463713035,0.0415128022,-0.071250774
0.186399251,-0.0541315861,0.299594223,-0.089686133
0.246647373,-0.0174753219,0.395808846,-0.0357938856
0.186240524,0.0778960586,0.308799654,0.11279767
0.0392604992,0.211836383,0.0731748864,0.332314998
-0.121733569,0.334790409,-0.176150545,0.509711683
-0.224183202,0.389933079,-0.316593587,0.570242465
-0.230139256,0.341973215,-0.337807566,0.516983628
-0.149909988,0.197833553,-0.239148885,0.331597269
-0.0301548429,0.00769703416,-0.0519361086,0.0269765444
0.07440155,-0.155544281,0.118255027,-0.250386447
0.128920332,-0.229333371,0.199934438,-0.371572673
0.131554291,-0.191022366,0.207744166,-0.31742388
0.107013494,-0.0691006035,0.174004897,-0.125864014
0.0871427953,0.0700579882,0.144039437,0.107759438
0.0913004279,0.153940931,0.151506856,0.250284165
0.117544718,0.138781279,0.194953412,0.23068662
0.147726581,0.0304474942,0.24618274,0.0556741208
0.160878628,-0.118958302,0.265082479,-0.190101996
0.145133853,-0.237032205,0.228969157,-0.376522303
0.100932978,-0.266574174,0.155083537,-0.428058416
0.035286475,-0.193054691,0.0553882793,-0.32440576
-0.0466114879,-0.0506501459,-0.0790134296,-0.0957836285
-0.144511536,0.0956487656,-0.233564451,0.152891621
-0.257464737,0.182372123,-0.395872414,0.289457262
-0.373270899,0.177894905,-0.545605838,0.272961318
-0.462081432,0.0957845598,-0.654488564,0.148876294
-0.482240647,-0.0147778578,-0.681898057,-0.00809224974
-0.399205476,-0.0956791937,-0.598858416,-0.130817324
-0.209014997,-0.10939195,-0.35061425,-0.168629453
0.0476902798,-0.0561822392,0.0631731525,-0.0931114182
0.292471737,0.0292183943,0.451799244,0.0398941487
0.43781659,0.0987840071,0.637514234,0.135150895
0.42621702,0.118356548,0.62892729,0.165012032
0.260288447,0.0862404257,0.427510023,0.129302949
0.00690845447,0.0336191878,0.0277719293,0.0513724834
-0.22955066,0.00698554981,-0.362768143,0.0126405852
-0.353850216,0.0421898253,-0.54494828,0.0676637962
-0.32405147,0.143864185,-0.503792644,0.22532168
-0.170838997,0.280886471,-0.274634898,0.438176453
0.0185295884,0.400046766,0.0251394231,0.600237668
0.144251615,0.450745076,0.211191386,0.642290115
0.143975437,0.408204317,0.223868072,0.59766233
0.0233697984,0.283901066,0.0533184186,0.450545311
-0.14823623,0.118769363,-0.227232337,0.201497555
-0.274540514,-0.0365495346,-0.433212012,-0.0480734818
-0.281923294,-0.144085705,-0.446012497,-0.21555765
-0.156216562,-0.192730501,-0.263781816,-0.301346004
0.0520655476,-0.19835557,0.070595108,-0.319308907
0.255726397,-0.191426575,0.387900263,-0.302210569
0.376257658,-0.199648753,0.550155282,-0.301241428
0.382004559,-0.234762877,0.555218518,-0.346587986
0.299217612,-0.289402187,0.445725799,-0.433757186
0.191380247,-0.344057441,0.287216544,-0.519905388
0.119635075,-0.379007757,0.173478916,-0.570844829
0.107150227,-0.384216309,0.151997983,-0.577801824
0.12750636,-0.362288386,0.183612227,-0.550842047
0.123340108,-0.324067891,0.183632612,-0.502914786
0.0443135202,-0.280599028,0.0703472048,-0.450707108
-0.117502823,-0.236726806,-0.185093924,-0.381189674
-0.315512747,-0.189960048,-0.477590621,-0.289943546
-0.467690498,-0.13463296,-0.66259551,-0.187045142
-0.497606665,-0.0681374297,-0.69941318,-0.0880025923
-0.375788629,0.00504969526,-0.578917682,0.0157647524
-0.139113903,0.0741940811,-0.242635861,0.127956003
0.122790501,0.127479017,0.191392988,0.211224541
0.3079817,0.158311903,0.476935536,0.24124594
0.349353433,0.168894127,0.533366799,0.245864049
0.24498421,0.16889897,0.397132099,0.257401317
0.0569025241,0.170066625,0.108243331,0.272108227
-0.12039721,0.179922625,-0.185820878,0.291658133
-0.205368713,0.198237777,-0.321382403,0.317761332
-0.166203648,0.218084097,-0.26657328,0.353222519
-0.0317752287,0.23052007,-0.0554453842,0.37762183
0.126838326,0.22978574,0.200235575,0.367052466
0.233206734,0.215701208,0.367773056,0.334846407
0.24157165,0.191839993,0.387409657,0.296388745
0.154804975,0.160843745,0.260351658,0.255636394
0.0174294338,0.12024992,0.0402784236,0.198548317
-0.110288925,0.0621568523,-0.174916238,0.106585987
-0.182466671,-0.0221147574,-0.296629339,-0.0298321806
-0.186727524,-0.134310931,-0.304363459,-0.207443595
-0.144266605,-0.262707412,-0.23173894,-0.404870719
-0.0932421908,-0.381049484,-0.146884695,-0.566559494
-0.0659776554,-0.454953462,-0.102381766,-0.654039919
-0.0723389983,-0.454126865,-0.112227507,-0.655347109
-0.0970476344,-0.365631938,-0.154193923,-0.55990231
-0.110678472,-0.202363983,-0.186305329,-0.333982736
-0.0871573389,-0.00251311064,-0.152381599,-0.0114284633
-0.0181124639,0.18066968,-0.034482915,0.293031454
0.0828516483,0.295545727,0.130339429,0.464310497
0.187041044,0.309299916,0.289515704,0.475665271
0.264182419,0.219466209,0.412937254,0.341149032
0.295405895,0.0555609129,0.471960545,0.0905668139
0.279790133,-0.129906788,0.442325711,-0.201295987
0.232430458,-0.278146356,0.356570423,-0.427839339
0.176160797,-0.343046576,0.260636449,-0.523834705
0.131477043,-0.306144327,0.196971685,-0.4824512
0.109091938,-0.182563052,0.169604719,-0.305545151
0.107528709,-0.0156976525,0.174534753,-0.0368764326
0.115631409,0.137920097,0.189508781,0.218468368
0.11809843,0.228689149,0.193491325,0.363236666
0.101640292,0.231951103,0.169886142,0.372812241
0.0598473772,0.157133296,0.10698577,0.262891442
-0.00430967147,0.043975722,-0.000564271817,0.0785382241
-0.0787149891,-0.0534973592,-0.127044722,-0.0870243087
-0.144948497,-0.0895576477,-0.237632722,-0.14784275
-0.183133692,-0.046928186,-0.302374512,-0.0783962756
-0.177631676,0.0542534441,-0.294668168,0.0872446522
-0.121933669,0.163336694,-0.202982426,0.265866756
-0.0210693497,0.21998021,-0.035091307,0.359606236
0.109462067,0.180578038,0.178672418,0.300653607
0.247950047,0.0388549753,0.398158252,0.0693356767
0.372332811,-0.168887004,0.554346919,-0.246951774
0.46545735,-0.376923412,0.595480382,-0.488154799
0.51798749,-0.516451478,0.568352818,-0.58078146
0.528483629,-0.543697417,0.557591259,-0.590946436
0.501531899,-0.45728299,0.584051311,-0.549109578
0.445432305,-0.297141582,0.599093497,-0.416852117
0.370543391,-0.125792503,0.555108726,-0.205552876
0.288317412,-0.000966673426,0.458957136,-0.0138572855
0.21018891,0.0475852564,0.345686316,0.0727637485
0.145532668,0.0266814455,0.243722066,0.043312449
0.0989255533,-0.0292837787,0.166541725,-0.0489027984
0.0682007223,-0.0791884959,0.113361597,-0.130937621
0.0451987535,-0.0966093615,0.0731039792,-0.16152215
0.020056054,-0.080914259,0.032224156,-0.138908193
-0.0123264184,-0.0530791506,-0.0206827819,-0.091696389
-0.0470304042,-0.0396203622,-0.0784585923,-0.0655953586
-0.0688470453,-0.0542908981,-0.115381919,-0.0870572627
-0.0587160215,-0.0880849734,-0.100882873,-0.14274691
-0.00489576906,-0.113242939,-0.014948803,-0.186429501
0.0865436643,-0.0990492105,0.135867,-0.166409031
0.188257337,-0.0305864364,0.301342189,-0.0561198331
0.258925915,0.0801539049,0.410339534,0.117708482
0.259760469,0.197361082,0.409541517,0.296904773
0.173299745,0.277608186,0.280862957,0.424570531
0.015214161,0.290976971,0.0386783965,0.458686203
-0.167832315,0.236162961,-0.250606149,0.377360612
-0.314883083,0.141670495,-0.476973295,0.227910206
-0.375271827,0.0523835681,-0.56763792,0.090027459
-0.329960704,0.00825829059,-0.517253339,0.0204188358
-0.199482739,0.025717577,-0.33413291,0.0476046912
-0.0345313922,0.0906515718,-0.0668355748,0.150748
0.106366985,0.165820435,0.171942666,0.267981589
0.181385189,0.208279416,0.29180041,0.327565819
0.180562362,0.187950596,0.296648502,0.298361897
0.125061139,0.0987686813,0.215857074,0.164423242
0.0521958806,-0.0416270345,0.0947094783,-0.064518705
-0.00505067874,-0.201658159,-0.00691016996,-0.323379487
-0.0331557319,-0.348841548,-0.0560763553,-0.532132566
-0.0406764448,-0.459550202,-0.0664738193,-0.660395205
-0.0485207438,-0.52212739,-0.0754610598,-0.716780186
-0.0747490674,-0.534405947,-0.108098142,-0.723499775
-0.123192064,-0.499607235,-0.177683219,-0.690317154
-0.182107687,-0.424435377,-0.266903251,-0.611932158
-0.232610241,-0.320391476,-0.353917062,-0.481228322
-0.26066494,-0.206029013,-0.410050869,-0.31925872
-0.264609605,-0.106400691,-0.423849285,-0.16694507
-0.253454894,-0.0474145599,-0.407514572,-0.0713796318
-0.237499803,-0.0463504121,-0.383315831,-0.0671735927
-0.218096063,-0.103082426,-0.351260632,-0.158704832
-0.184278846,-0.197321534,-0.297495872,-0.305185646
-0.119715735,-0.294625998,-0.194671705,-0.452994466
-0.0165063962,-0.359305203,-0.0368404761,-0.545411229
0.112905681,-0.368322402,0.157686576,-0.556594849
0.234535411,-0.319365263,0.340740055,-0.485076457
0.305566669,-0.229157805,0.455586195,-0.357547939
0.295794338,-0.123321176,0.459873617,-0.203636184
0.206415311,-0.0236823298,0.338669211,-0.0495873764
0.0747367516,0.0598406866,0.132214308,0.0911666229
-0.0398950167,0.128590718,-0.0613101833,0.20957157
-0.0834704638,0.187037557,-0.134249911,0.305776715
-0.0345175341,0.233183682,-0.0574980453,0.377074808
0.0834416449,0.254634917,0.131675869,0.408319086
0.211819649,0.234058037,0.332540125,0.367478728
0.285348028,0.161682427,0.449205011,0.251629949
0.264922976,0.0473619252,0.430599302,0.0743642673
0.15795967,-0.0762375966,0.268231839,-0.127739877
0.0153343892,-0.163538456,0.0307864174,-0.270054847
-0.0939660072,-0.17590566,-0.155362621,-0.289968044
-0.117668107,-0.101917408,-0.202413142,-0.171268433
-0.0466105044,0.0330990292,-0.0885557681,0.0511907786
0.0808553472,0.174850643,0.124590941,0.283184886
0.198574483,0.263062239,0.310979903,0.407787025
0.246034652,0.259218186,0.383968621,0.396314979
0.198289514,0.16528745,0.329156339,0.264148474
0.0773566142,0.0234490335,0.140630469,0.042831853
-0.0599206425,-0.103884511,-0.0924291536,-0.169589907
-0.150342703,-0.164356351,-0.245974675,-0.265449643
-0.154039696,-0.141274467,-0.258538932,-0.229235739
-0.0706259236,-0.0615197346,-0.126436248,-0.10206911
0.0649198219,0.0185485203,0.0997444466,0.0296989083
0.202472061,0.0424048565,0.327441007,0.069581598
0.301097006,-0.0166770332,0.474750102,-0.025485035
0.344805181,-0.140048295,0.527067959,-0.212907806
0.343158633,-0.270469487,0.501900017,-0.397927433
0.319192499,-0.338220179,0.453953147,-0.491512358
0.29368633,-0.294107646,0.428597838,-0.445978612
0.27543214,-0.133785084,0.426171094,-0.225205153
0.262001008,0.0977914333,0.412580669,0.138253286
0.248210698,0.323405832,0.374430537,0.470069349
0.234707996,0.463960648,0.332358718,0.63486439
0.229675338,0.468632281,0.324577272,0.644466758
0.242028952,0.332421005,0.366242886,0.498604208
0.270960599,0.0952732414,0.435007274,0.159104049
0.29995209,-0.174752131,0.464939833,-0.263049662
0.301161945,-0.405780613,0.417916149,-0.566449404
0.249552369,-0.543984532,0.316399962,-0.70543462
0.139319688,-0.566069365,0.176213771,-0.743136287
-0.00749160489,-0.480474174,-0.0153156696,-0.687561572
-0.146836936,-0.319713891,-0.229559988,-0.499580592
-0.231682003,-0.128235087,-0.375552088,-0.210790783
-0.234984159,0.0502464734,-0.384032577,0.0812896788
-0.164352283,0.183401197,-0.266883343,0.296705782
-0.0598892346,0.257483333,-0.0952359214,0.414651275
0.0244580731,0.279847354,0.0423560366,0.444898278
0.0467421822,0.275586456,0.0819835216,0.437815428
-0.0032750126,0.277997613,0.00547835464,0.439293951
-0.100603975,0.314790756,-0.146155059,0.485084832
-0.198984668,0.39465782,-0.282169789,0.575042784
-0.254268765,0.500233889,-0.331987888,0.667614102
-0.24452889,0.59204185,-0.294775963,0.733590066
-0.176750809,0.623587072,-0.20965226,0.766612709
-0.0780571848,0.562144518,-0.0971857086,0.749663651
0.0217891857,0.405940264,0.0395798497,0.611702204
0.105490513,0.188889787,0.177597642,0.318453968
0.172290102,-0.0307253767,0.285741448,-0.0430213511
0.229969278,-0.193506196,0.359411836,-0.303333849
0.281618357,-0.263606846,0.418137312,-0.403111488
0.317316025,-0.24293226,0.4690516,-0.372189313
0.317442924,-0.167707965,0.482230186,-0.266325712
0.26636678,-0.0890087187,0.42163673,-0.151711717
0.167711467,-0.0470967256,0.280340165,-0.0840701014
0.0502757058,-0.0527358018,0.0902279764,-0.0905497968
-0.0413901508,-0.0850322023,-0.0670700222,-0.140476465
-0.068393752,-0.106548481,-0.117233135,-0.174735278
-0.0194066055,-0.0870998576,-0.0397260115,-0.14446272
0.0801332518,-0.0228720047,0.124797113,-0.0410216898
0.178431451,0.059984047,0.288452178,0.0928066149
0.223218769,0.119563758,0.360096872,0.186072081
0.189503387,0.122532405,0.314506769,0.194258451
0.0935266465,0.0649815202,0.165792897,0.107304424
-0.015700724,-0.0221960265,-0.0184223279,-0.034364786
-0.0833679661,-0.0871432647,-0.1391128,-0.142042011
-0.0794914514,-0.0832895339,-0.139602542,-0.138720647
-0.015560532,0.00576917082,-0.0340332389,0.0069631259
0.0630017221,0.156083465,0.0985031202,0.24959822
0.104942322,0.313460588,0.166136295,0.479415387
0.0858159363,0.418695837,0.136113539,0.611706734
0.0255194642,0.434814006,0.0504791625,0.636365235
-0.0210919902,0.362438083,-0.0228201989,0.558691025
0.0030010452,0.23612082,0.00893137325,0.3893103
0.118590496,0.104853667,0.192620888,0.180708423
0.288926035,0.00818496197,0.452449083,0.0143355681
0.430141866,-0.039075274,0.628749847,-0.0638835132
0.450983316,-0.0463713035,0.653968453,-0.0763351098
0.302393407,-0.0335268863,0.484217882,-0.064195089
0.010278469,-0.0135825006,0.0343528688,-0.0341865979
-0.328048795,0.0162020382,-0.496396989,0.0227127671
-0.584833026,0.0694456175,-0.759198904,0.0976655036
-0.661255121,0.1553891,-0.785187304,0.191217437
-0.535407722,0.263978362,-0.69173795,0.344557971
-0.273733497,0.362498075,-0.403656721,0.529790998
0.000991383335,0.40825367,-0.00363997463,0.615658998
0.16965355,0.371650219,0.260254323,0.556865871
0.174571663,0.256510198,0.286544532,0.403568208
0.0456967242,0.104434676,0.0908451974,0.174903423
-0.117912747,-0.0219310094,-0.186936811,-0.0338911638
-0.201427415,-0.0698767379,-0.328369647,-0.111577094
-0.134638682,-0.0258643534,-0.235067651,-0.0423755608
0.0716415569,0.0736746192,0.105533227,0.121923596
0.331374258,0.157878935,0.497209787,0.237588316
0.527436972,0.157236159,0.712169886,0.206240356
0.570699275,0.0418306626,0.758451879,0.0518140197
0.443638414,-0.158388138,0.641136289,-0.225861728
0.206998095,-0.363442838,0.316095054,-0.539932728
-0.0323849842,-0.480033576,-0.0457539707,-0.685574889
-0.174706846,-0.447480857,-0.257464796,-0.638960063
-0.173739716,-0.269637793,-0.284999907,-0.425011963
-0.0542080589,-0.0159478039,-0.106944591,-0.0357025377
0.1064087,0.20973517,0.162648395,0.332828492
0.219714284,0.317472667,0.335227102,0.477549344
0.229103684,0.272760123,0.362169147,0.419013351
0.132306278,0.110733896,0.231205702,0.186217189
-0.0248897411,-0.0834604278,-0.028346017,-0.132744253
-0.176790074,-0.21750544,-0.278269827,-0.342932105
-0.270616412,-0.235939533,-0.419343472,-0.362218887
-0.28679201,-0.14356409,-0.455421507,-0.224546388
-0.23867178,0.00219170819,-0.391053438,0.00228380738
-0.15603894,0.124093212,-0.259234756,0.204643667
-0.0649653301,0.164788187,-0.106410816,0.275226623
0.0234077573,0.112773262,0.0401754119,0.193371236
0.110055156,0.0026966352,0.182872608,0.012169065
0.195800811,-0.107562348,0.314500302,-0.172670633
0.270041317,-0.168527842,0.415990859,-0.267237037
0.309583038,-0.161640152,0.471987545,-0.256742835
0.289439768,-0.101550654,0.452961773,-0.170955256
0.199047282,-0.0195750259,0.328731298,-0.0420027561
0.0532148145,0.059493456,0.0960634723,0.0911649242
-0.110145457,0.131992847,-0.172307834,0.213175222
-0.245578453,0.212466285,-0.376547754,0.331311315
-0.320813626,0.315807909,-0.461966664,0.461345404
-0.331097543,0.436924487,-0.442252219,0.590312183
-0.29902795,0.54248929,-0.372349739,0.686926186
-0.260108411,0.582369924,-0.313926637,0.722707093
-0.242463246,0.5161798,-0.307807922,0.686682761
-0.252371728,0.340285838,-0.361593068,0.512190998
-0.273608774,0.098680459,-0.423565984,0.171708629
-0.280258447,-0.13100493,-0.438813001,-0.189708367
-0.254696101,-0.271464676,-0.393506646,-0.404923052
-0.199574217,-0.282984763,-0.317895204,-0.435757935
-0.136552691,-0.18418029,-0.230002955,-0.301815212
-0.09277118,-0.044088386,-0.16037555,-0.0782368481
-0.0836392343,0.051706396,-0.140061498,0.0848696902
-0.10281238,0.044227764,-0.167053208,0.079121612
-0.125821903,-0.0686841384,-0.204288214,-0.101267442
-0.125384137,-0.231144816,-0.202554807,-0.359256715
-0.0890611708,-0.358113974,-0.14308095,-0.540209174
-0.0282060262,-0.379741281,-0.0536191203,-0.575557947
0.0278227814,-0.278227806,0.0330922455,-0.448172778
0.0492767654,-0.0979807153,0.0748792887,-0.174625725
0.0251184553,0.0763208121,0.0424157679,0.119679704
-0.0281420108,0.162436858,-0.0404770374,0.267401278
-0.0739486814,0.121987559,-0.116845511,0.208289921
-0.076041095,-0.0206797477,-0.124273621,-0.0222250111
-0.0202668831,-0.191582516,-0.0370017216,-0.303255826
0.0749308988,-0.304968685,0.107123695,-0.474419743
0.166088954,-0.30617398,0.245253518,-0.477591515
0.206893146,-0.197575167,0.320293665,-0.324797243
0.172972962,-0.0349897742,0.283934265,-0.0721429363
0.0755328685,0.102609694,0.132321388,0.160715237
-0.0439264253,0.15364337,-0.0634511933,0.25311771
-0.135003611,0.103691176,-0.214664429,0.177140042
-0.164084971,-0.0101559069,-0.268240243,-0.0062770294
-0.130168617,-0.121301077,-0.217751697,-0.19116807
-0.0623943508,-0.169367343,-0.111185372,-0.274539828
-0.00134195271,-0.130599156,-0.00957324356,-0.220853135
0.0246337596,-0.0276646111,0.038753286,-0.0536753535
0.0141659984,0.0849182233,0.0250073336,0.135936648
-0.0096291434,0.150664032,-0.0108003179,0.247712076
-0.0169251282,0.139838815,-0.0240866132,0.236124054
0.00692792563,0.062167462,0.0143967364,0.111521617
0.0490872897,-0.0419980735,0.0817255452,-0.066072613
0.0745196268,-0.125887617,0.120895222,-0.207911208
0.0463988967,-0.1619692,0.0757113025,-0.269718319
-0.0502266921,-0.155169949,-0.0809950605,-0.260105133
-0.195812464,-0.137194514,-0.312565356,-0.222937092
-0.343074739,-0.145946354,-0.518960059,-0.217797771
-0.440310985,-0.201886609,-0.626401544,-0.275596023
-0.458549708,-0.294353902,-0.624092042,-0.384844869
-0.406970292,-0.385128707,-0.548675716,-0.502083421
-0.327185363,-0.427216202,-0.453105211,-0.573859572
-0.268842578,-0.38897121,-0.392553508,-0.55337745
-0.25992313,-0.271266162,-0.400462717,-0.415117413
-0.288780332,-0.109325759,-0.457553357,-0.174539566
-0.309025079,0.0412722416,-0.486604661,0.0642678067
-0.265858054,0.127321839,-0.422136903,0.206741422
-0.130195349,0.118727401,-0.218705148,0.204614148
0.078214176,0.0183443502,0.123366781,0.0414665975
0.292453498,-0.14220649,0.449113905,-0.214969665
0.425927728,-0.317332625,0.57930696,-0.435964227
0.413003445,-0.465332747,0.518201351,-0.591440976
0.242737144,-0.561664999,0.309423596,-0.71840632
-0.0314442962,-0.603227258,-0.0376266688,-0.776612341
-0.311514586,-0.603798151,-0.370741665,-0.717675388
-0.495045364,-0.584284127,-0.532299042,-0.616842091
-0.517089427,-0.562564731,-0.558119893,-0.588664949
-0.374780834,-0.54665941,-0.461903393,-0.646636307
-0.124665521,-0.532812357,-0.18655017,-0.708358824
0.14398919,-0.508172154,0.177517653,-0.693265975
0.346006989,-0.456676811,0.442786515,-0.608915567
0.430306405,-0.366393507,0.56334126,-0.496359617
0.39150992,-0.23640123,0.561033368,-0.352401495
0.261710465,-0.0810779557,0.419188827,-0.144783512
0.0902173668,0.0703482479,0.158963174,0.104711756
-0.0770411342,0.180286154,-0.117289044,0.290797234
-0.209479913,0.214605793,-0.321707547,0.341928512
-0.292929977,0.156420305,-0.446971774,0.25245136
-0.323958814,0.0163883511,-0.500698209,0.0410259962
-0.304073811,-0.165865183,-0.470339924,-0.240763068
-0.238257676,-0.331805885,-0.36385718,-0.482091814
-0.137536094,-0.423307717,-0.212314337,-0.610927582
-0.0214400329,-0.404303282,-0.0454434268,-0.604222894
0.084127441,-0.275704503,0.1208556,-0.44333452
0.154860929,-0.0764865652,0.2456294,-0.140127569
0.178529739,0.13057214,0.288013011,0.200225502
0.161895797,0.283161312,0.257716119,0.432830304
0.129089534,0.343583256,0.205609336,0.521523952
0.11093393,0.312363088,0.179886192,0.486373603
0.129962713,0.225531265,0.212201402,0.3645024
0.188738346,0.137190744,0.306875646,0.224025205
0.267716497,0.0956171304,0.423361808,0.149064094
0.333980173,0.123779282,0.51120609,0.181217179
0.356428981,0.212568238,0.531393707,0.30260396
0.319688737,0.328592092,0.46923399,0.46259746
0.229924992,0.431442916,0.334509075,0.599635959
0.110286422,0.491355032,0.166940749,0.680609167
-0.010780286,0.498990327,-0.00267022802,0.698108852
-0.111707091,0.46398291,-0.147468254,0.662349403
-0.184315562,0.405025363,-0.258607775,0.595398009
-0.23231779,0.33833012,-0.337638915,0.509751797
-0.264195263,0.271208793,-0.392345935,0.416611046
-0.285704643,0.203616768,-0.434220284,0.321020544
-0.296734899,0.135263503,-0.458217412,0.21833767
-0.293909103,0.0724296942,-0.459969193,0.122493729
-0.276408941,0.0289840437,-0.44023481,0.0526661538
-0.250443608,0.0200038254,-0.404520273,0.0369597338
-0.228770867,0.0515024848,-0.370678157,0.0853681266
-0.224967346,0.11292024,-0.361065328,0.181790993
-0.245609283,0.178170204,-0.382704377,0.281923532
-0.285003752,0.216397494,-0.432588786,0.334800333
-0.325737804,0.207713887,-0.486317694,0.320380896
-0.345005959,0.155442789,-0.517662346,0.245282099
-0.323497802,0.0872585997,-0.499796063,0.145444989
-0.252475858,0.0429792739,-0.407754749,0.0772136897
-0.136107013,0.0540334582,-0.232220069,0.0940820351
0.0109474771,0.124861747,0.0110315206,0.206575483
0.168187588,0.22663407,0.262682498,0.355450869
0.313192993,0.308148772,0.460135549,0.445411414
0.423476696,0.320117295,0.5841043,0.432858437
0.477397054,0.241587132,0.655973673,0.325283617
0.456586242,0.0950250998,0.659894943,0.135036588
0.351411045,-0.0588807799,0.546331584,-0.0935131684
0.168202877,-0.146198258,0.281363279,-0.244360447
-0.0657567009,-0.114110708,-0.102986284,-0.199488789
-0.304103255,0.0411601439,-0.474076658,0.0547652282
-0.492200792,0.266730517,-0.654382527,0.354819298
-0.584347367,0.470855951,-0.631827891,0.519073844
-0.560604453,0.559695959,-0.566501021,0.57903409
-0.435324967,0.477551132,-0.524923503,0.592055559
-0.252505749,0.232916102,-0.386514008,0.376773
-0.0691178069,-0.101477154,-0.116172217,-0.143206522
0.066485621,-0.415218323,0.0918673053,-0.603484988
0.131357163,-0.602429748,0.155895308,-0.766637623
0.132492229,-0.602019548,0.158659235,-0.76661694
0.097775884,-0.419487149,0.134371996,-0.62463969
0.0587467775,-0.12200731,0.0887230784,-0.221128121
0.0343776383,0.190012231,0.05335816,0.294652611
0.0239377376,0.422122538,0.0410606563,0.620669544
0.0116793001,0.519371569,0.0279141162,0.717851579
-0.0203980599,0.48132965,-0.0148271285,0.685469568
-0.0795231834,0.354445964,-0.109092124,0.545509279
-0.156229198,0.207299769,-0.239028379,0.338943452
-0.228402108,0.10077776,-0.361257434,0.168494105
-0.272406012,0.065924719,-0.431122243,0.108827122
-0.274671137,0.097430639,-0.435961068,0.156655893
-0.237438485,0.163073435,-0.377368063,0.260771602
0.278227806,-0.445164502,0.361021757,-0.554378629
0.29601872,-0.41319263,0.409994423,-0.61006844
0.262924105,-0.208850369,0.398906946,-0.340137273
0.176667914,0.0893250182,0.288968116,0.123188362
0.0545222089,0.367382109,0.0914192423,0.546344519
-0.0718815997,0.522841215,-0.0850763395,0.716737151
-0.166619927,0.505060136,-0.214475453,0.695140421
-0.201240301,0.332267851,-0.292421728,0.511297524
-0.164597899,0.0793683007,-0.265676737,0.147857651
-0.0675415024,-0.156496167,-0.115587942,-0.243472666
0.0594761409,-0.296550959,0.0825426355,-0.463278294
0.175665289,-0.309562564,0.258436143,-0.482440442
0.243357912,-0.218199298,0.369747579,-0.351004392
0.241017401,-0.0819530934,0.384289503,-0.144648999
0.17075628,0.0337337665,0.284304142,0.0455245748
0.0570388921,0.0872054473,0.102912262,0.140732393
-0.0632929578,0.0759855509,-0.0966953635,0.129450098
-0.155712664,0.0321543626,-0.251667619,0.0586157441
-0.201112852,0.00164798438,-0.328715384,0.0071887318
-0.201485232,0.0186167397,-0.330830872,0.0339744203
-0.17567651,0.0875909999,-0.290389478,0.143023565
-0.147464216,0.181739897,-0.23842296,0.292887241
-0.13201803,0.257321328,-0.205865875,0.408872426
-0.127690092,0.276522279,-0.193386585,0.440753996
-0.117416881,0.227040797,-0.182555124,0.369643927
-0.07906688,0.128704593,-0.128307238,0.221875608
0.000645503053,0.0240741707,-0.00186215714,0.047248207
0.116048716,-0.0420141742,0.187689275,-0.0680773929
0.241729751,-0.0436209626,0.381979018,-0.0760890767
0.341834694,0.0148870982,0.524647295,0.0122753168
0.385013014,0.102555528,0.57776618,0.141839311
0.357675433,0.178331047,0.540251076,0.25679639
0.269173175,0.211582214,0.424528569,0.31876719
0.146727219,0.196112752,0.246255398,0.311738968
0.0231495854,0.150785342,0.047227297,0.249381125
-0.0761938021,0.10702762,-0.120219827,0.179866791
-0.140868738,0.0903692991,-0.229244828,0.150862142
-0.174456596,0.106132619,-0.282972336,0.174891204
-0.187117234,0.136920869,-0.301149249,0.224047929
-0.186841607,0.152983129,-0.299800724,0.251246244
-0.174744427,0.129446417,-0.2808429,0.216555789
-0.146787912,0.0606668927,-0.241543293,0.108711168
-0.100132316,-0.0363772959,-0.167243317,-0.0529417768
-0.0394050404,-0.13153635,-0.0690116659,-0.212175012
0.0217306037,-0.198357925,0.0302501228,-0.32221058
0.0653450713,-0.228608951,0.0994247124,-0.370820791
0.0779465288,-0.235824481,0.120402493,-0.382358581
0.0580693483,-0.245388404,0.0908670053,-0.395636111
0.0180753618,-0.276463121,0.0265532527,-0.440310121
-0.021279728,-0.326212883,-0.0382101871,-0.50553149
-0.040778216,-0.36618346,-0.0690289363,-0.556646764
-0.0317739435,-0.354450047,-0.0579419509,-0.544255137
0.000598560262,-0.258426398,-0.00935154781,-0.418767691
0.041603677,-0.0767424777,0.0604322031,-0.138485014
0.0757533908,0.15196836,0.121543519,0.237327501
0.0949463621,0.359565765,0.147918731,0.539440989
0.101096235,0.474758387,0.152450964,0.672002971
0.101953305,0.453560024,0.156877592,0.652863443
0.103167549,0.29943049,0.170497403,0.475432962
0.102165699,0.0632307753,0.177541539,0.116737887
0.0884781331,-0.177328184,0.147595242,-0.28236869
0.0511568785,-0.349295706,0.0758035704,-0.535327017
-0.0108310645,-0.412616909,-0.0231020674,-0.616817832
-0.081971176,-0.372317493,-0.130179971,-0.566368759
-0.132749066,-0.270271748,-0.21555607,-0.42906642
-0.131971344,-0.161887705,-0.2220245,-0.266304433
-0.0636537448,-0.0897286236,-0.114691161,-0.147573262
0.0602114573,-0.0665444508,0.0926171467,-0.107612081
0.198661715,-0.0745954886,0.31805113,-0.120337114
0.294849753,-0.0797191262,0.461034358,-0.130129278
0.298458278,-0.0517146587,0.471735865,-0.0901307464
0.187600076,0.0194478277,0.314226955,0.0197057445
-0.0200037882,0.118830897,-0.0201649014,0.184933424
-0.272062212,0.214026809,-0.40787828,0.327434719
-0.500971019,0.269932598,-0.654262125,0.365118086
-0.648765028,0.263221651,-0.745219409,0.315527141
-0.686904967,0.190446749,-0.775249124,0.2271377
-0.622916996,0.0678080767,-0.77398783,0.0979392231
-0.492357165,-0.0753280222,-0.691567004,-0.088077344
-0.341241658,-0.205181137,-0.51974678,-0.293009222
-0.207704037,-0.291328281,-0.328306943,-0.438405514
-0.110737585,-0.312369525,-0.180984214,-0.483991772
-0.0493915007,-0.260008842,-0.0875613242,-0.417062968
-0.0103843836,-0.14204675,-0.0230770651,-0.241875768
0.0213867016,0.0166191999,0.031362772,0.0207832567
0.0550582632,0.177152082,0.0884137228,0.283577144
0.0915851146,0.295780867,0.146686956,0.460611105
0.126331031,0.337691098,0.19889985,0.516770124
0.153393507,0.291268587,0.244704381,0.454868942
0.168655947,0.175996274,0.27750656,0.286491692
0.170453429,0.0385035835,0.284895301,0.0673902333
0.158847809,-0.063975729,0.262598485,-0.106670022
0.135306105,-0.0871654972,0.221617609,-0.149985641
0.103632592,-0.0202123355,0.170584425,-0.0425258093
0.0712193623,0.107006773,0.117615335,0.168647006
0.0486006849,0.234517932,0.0809441507,0.372326314
0.045988366,0.297308713,0.0767510682,0.468510091
0.0676873922,0.254037708,0.113651492,0.411423594
0.107550941,0.106246062,0.182816684,0.184291393
0.149138093,-0.101061039,0.245643735,-0.157548666
0.172151119,-0.297946453,0.264760703,-0.458662212
0.162920192,-0.418633819,0.232607096,-0.611813843
0.123420261,-0.427730411,0.173484892,-0.628396571
0.0728775337,-0.331894249,0.10553591,-0.520153284
0.0393361822,-0.172673866,0.0579283126,-0.292686015
0.0442285873,-0.00546451611,0.0684247315,-0.0161108971
0.0879106894,0.124203116,0.141990066,0.201077506
0.145109698,0.195589945,0.235675335,0.314482212
0.175001532,0.213073388,0.282684833,0.338146925
0.142846823,0.194287494,0.237008214,0.309005886
0.0427875854,0.154785022,0.0818099678,0.253613472
-0.0911256671,0.0989424065,-0.141721785,0.16521731
-0.19418323,0.0222367831,-0.311867595,0.0428265817
-0.199180484,-0.0773859844,-0.326083183,-0.115109988
-0.0715857074,-0.187254369,-0.128536388,-0.295318216
0.165729418,-0.276037633,0.241302669,-0.4257209
0.432559311,-0.302803785,0.576708972,-0.42043218
0.619607568,-0.23612003,0.74041146,-0.298436046
0.634371161,-0.0737922639,0.781523824,-0.10743086
0.444277078,0.147782013,0.64253968,0.189509273
0.0962790772,0.361356705,0.168014973,0.528314173
-0.297952443,0.492193133,-0.368211508,0.647149265
-0.60622412,0.487620413,-0.622053444,0.526015401
-0.730160594,0.339779824,-0.726335764,0.353794247
-0.645053506,0.0911073089,-0.78016144,0.126552925
-0.406940818,-0.180355951,-0.599424601,-0.239081115
-0.123925142,-0.38986063,-0.202984422,-0.564766586
0.094414562,-0.477040589,0.118062332,-0.676513731
0.185485214,-0.426615983,0.257825345,-0.620527804
0.157456011,-0.271008641,0.241632849,-0.436652869
0.078124091,-0.0749974251,0.127921939,-0.138776019
0.035678871,0.0903022587,0.0570058227,0.143053159
0.091492109,0.173327774,0.147470757,0.284107834
0.248216584,0.15818736,0.388475358,0.253875434
0.448192835,0.066160351,0.645115435,0.0978126228
0.601854563,-0.0562544204,0.770299911,-0.0761000365
0.631251276,-0.156845659,0.770534039,-0.199590892
0.507103205,-0.196958974,0.686212242,-0.27451238
0.261927247,-0.163853556,0.418934166,-0.269905478
-0.0258117858,-0.0726770386,-0.0330259912,-0.135255456
-0.267390758,0.0415336825,-0.42142123,0.0614169501
-0.401350498,0.138164937,-0.591623783,0.210327759
-0.415312946,0.186212853,-0.600035489,0.278636813
-0.343511283,0.174939781,-0.517921746,0.272985935
-0.243858859,0.116346337,-0.388875932,0.195954949
-0.167829275,0.0387691557,-0.276730746,0.072546877
-0.138452217,-0.0257781185,-0.228117913,-0.0370863937
-0.145975113,-0.0553896688,-0.240524054,-0.0903206468
-0.160810515,-0.0473915599,-0.265455961,-0.077456817
-0.154712707,-0.0187373608,-0.256904125,-0.0281759128
-0.118021235,0.00274361507,-0.19978641,0.00734525779
-0.0643224567,-0.00748453476,-0.108759612,-0.00796651375
-0.0215178169,-0.0575554743,-0.0381138101,-0.0908519998
-0.0156180421,-0.13349773,-0.0256274361,-0.218277052
-0.056752447,-0.204061627,-0.0929701403,-0.330942154
-0.134623349,-0.234233573,-0.215043992,-0.37318489
-0.224727795,-0.201259539,-0.355374664,-0.317886144
-0.30071488,-0.105538227,-0.472140789,-0.166467831
-0.345537752,0.0289395675,-0.535476744,0.043706473
-0.35577476,0.164861903,-0.536010742,0.250324219
-0.338200301,0.267544568,-0.493935227,0.398218334
-0.302352995,0.318758309,-0.436034232,0.472434282
-0.254700214,0.321876436,-0.37580806,0.483752787
-0.198130637,0.296403319,-0.300243556,0.461675316
-0.136322528,0.265479982,-0.211748138,0.423495829
-0.0788202062,0.243431523,-0.123280711,0.394232541
-0.0418429933,0.22996439,-0.0632322729,0.373446524
-0.0425484888,0.213552833,-0.063065052,0.347423941
-0.0890580714,0.181212574,-0.136453122,0.297564447
-0.172138527,0.128300071,-0.270447731,0.213156313
-0.264591336,0.0622308776,-0.415113807,0.106243826
-0.330668241,-0.00209287065,-0.511414111,0.0037707109
-0.342095852,-0.052130077,-0.529238224,-0.0718586445
-0.292812735,-0.0863826871,-0.466048181,-0.128759593
-0.20409362,-0.115970694,-0.335680127,-0.179761603
-0.116027363,-0.157409191,-0.195374221,-0.252387971
-0.0683508366,-0.220457539,-0.113978311,-0.352550656
-0.079729408,-0.298442096,-0.125419155,-0.465619832
-0.136280686,-0.367669612,-0.207502857,-0.550730586
-0.19618617,-0.397626936,-0.289637893,-0.576013625
-0.209341764,-0.367269874,-0.317179739,-0.539975226
-0.143099651,-0.278546035,-0.235309631,-0.435953677
-0.00140996848,-0.159001485,-0.017724704,-0.264102727
0.172743425,-0.0508327074,0.273125947,-0.0877108425
0.313838422,0.00878445897,0.488961309,0.00940432493
0.362123162,0.00598674547,0.558159351,0.00491465442
0.290526927,-0.0428933576,0.465416402,-0.0720272735
0.117305972,-0.100183375,0.203975096,-0.171124861
-0.101693973,-0.127351016,-0.159523055,-0.213697493
-0.297421336,-0.106375359,-0.463982016,-0.167120367
-0.416869551,-0.0502583198,-0.619779289,-0.0704079047
-0.443241924,0.00365503482,-0.649965584,0.012074722
-0.397861093,0.0147069963,-0.59841007,0.0326556265
-0.323949367,-0.0365937091,-0.50696224,-0.0449772924
-0.261468977,-0.134053275,-0.417280674,-0.201231986
-0.22641848,-0.230000719,-0.357219577,-0.352197111
-0.205225065,-0.26740396,-0.324427754,-0.410723925
-0.166634604,-0.209472537,-0.274287105,-0.334702909
-0.084105663,-0.0617758743,-0.152120173,-0.106577873
0.0439227521,0.125053599,0.0635492504,0.201988161
0.187435776,0.274700642,0.289799064,0.423164546
0.296212763,0.318408072,0.438391864,0.46497339
0.323821515,0.226797521,0.494004935,0.341648847
0.25194633,0.0252969489,0.417005837,0.044158835
0.102194391,-0.214288563,0.175786436,-0.341134429
-0.0712740421,-0.402519733,-0.104658872,-0.600277901
-0.205147177,-0.468653858,-0.291511714,-0.651301384
-0.254939258,-0.388735861,-0.375529647,-0.559707344
-0.213630721,-0.193784997,-0.350218356,-0.310504526
-0.111790039,0.0444562919,-0.197299182,0.0675594658
0.000494137406,0.243077099,-0.00354618859,0.387810826
0.0801935866,0.339851588,0.130377918,0.523997605
0.112465151,0.314525008,0.183577925,0.489962935
0.115385301,0.192133695,0.195268124,0.316821516
0.126156256,0.0288366657,0.213639095,0.0528412387
0.176581264,-0.112524621,0.2840662,-0.179942355
0.271421582,-0.186851159,0.414024323,-0.292936385
0.381813765,-0.182124496,0.553904474,-0.276675701
0.457928747,-0.120926894,0.64730978,-0.184549898
0.454675347,-0.04880457,0.655104399,-0.0824070349
0.356994629,-0.0146051031,0.551541209,-0.0309788994
0.191075653,-0.0502430461,0.321608514,-0.0859309435
0.0148886275,-0.157169282,0.0328007042,-0.256069869
-0.107845314,-0.304433525,-0.169217303,-0.466970235
-0.137358174,-0.439335763,-0.208497554,-0.626104951
-0.0761607289,-0.507264495,-0.11947675,-0.698348939
0.0333933309,-0.473696977,0.0324614681,-0.675487101
0.131077245,-0.339851886,0.186043322,-0.527001143
0.169031918,-0.14511019,0.266699106,-0.248275265
0.13480477,0.0459995903,0.225138366,0.0629112348
0.0555448905,0.168159112,0.0984654278,0.269727886
-0.0184204448,0.181516513,-0.021600781,0.301018596
-0.0416746289,0.0886319727,-0.0658960566,0.157914236
0.00145524368,-0.0659031644,0.000669000205,-0.0986539572
0.0883506015,-0.213923752,0.136707842,-0.340483099
0.170167014,-0.292710125,0.256126165,-0.455257326
0.197957799,-0.271755427,0.300942361,-0.429578424
0.148973271,-0.165012866,0.239573151,-0.280392379
0.0392923802,-0.0228965972,0.0679604784,-0.049817849
-0.0837668031,0.0920870006,-0.133830935,0.147984579
-0.165401176,0.134250119,-0.264292419,0.222650588
-0.170869306,0.0941748247,-0.277392864,0.162991181
-0.102738187,-0.000404588645,-0.17417796,0.0106614018
0.000650859671,-0.101825848,-0.00402949611,-0.163048595
0.0841687322,-0.168069646,0.133067206,-0.273818523
0.10224805,-0.182833672,0.164611146,-0.302353919
0.0393051431,-0.159638077,0.0665029883,-0.268549323
-0.0852913037,-0.128544733,-0.137748078,-0.215796769
-0.228831649,-0.113877162,-0.363732666,-0.179563522
-0.346215725,-0.116435356,-0.529207468,-0.171784535
-0.409051567,-0.111166045,-0.606122375,-0.158142537
-0.413931698,-0.0623475984,-0.617142737,-0.0875625759
-0.377606213,0.0520160757,-0.574288309,0.0804424584
-0.323915273,0.220850199,-0.490162879,0.331323802
-0.270963043,0.397941917,-0.381869376,0.565474987
-0.22542277,0.520204425,-0.292010963,0.692239702
-0.185485214,0.537907124,-0.236096814,0.714005291
-0.148345843,0.44119665,-0.202932239,0.640296042
-0.115742497,0.26830402,-0.173507139,0.435434163
-0.0932010114,0.0900105312,-0.150106952,0.159296975
-0.083724238,-0.0225585252,-0.13758792,-0.0334207676
-0.0812019557,-0.0307045374,-0.138406873,-0.0525892079
-0.0696866289,0.0551773161,-0.1202683,0.0851005614
-0.0310680009,0.183326766,-0.0535809472,0.296083659
0.0422805771,0.288179457,0.0667945966,0.453037828
0.137768701,0.322833985,0.21465601,0.497315735
0.223399967,0.279289782,0.346966952,0.428774208
0.261324227,0.186455831,0.415122032,0.290513724
0.228513509,0.088435255,0.376003355,0.140123606
0.133379176,0.0164916888,0.228803769,0.024369562
0.0176023394,-0.0286898259,0.0349160284,-0.0505448692
-0.0605473407,-0.0741187781,-0.099582769,-0.121210806
-0.0549254566,-0.152893543,-0.0945447758,-0.243898436
0.0420170315,-0.277013123,0.0564784184,-0.429787636
0.189887553,-0.421529412,0.261137187,-0.603948057
0.315308511,-0.530966461,0.388487339,-0.674143076
0.345862716,-0.546334684,0.417287856,-0.675808072
0.246948168,-0.438856691,0.339345306,-0.621275425
0.0425045937,-0.231639072,0.0700038224,-0.391138047
-0.192361936,0.00402984209,-0.307054967,-0.00940867979
-0.364875615,0.17797403,-0.540535688,0.26816839
-0.408469111,0.222451746,-0.582684219,0.331377029
-0.315117598,0.124962509,-0.486747205,0.208994985
-0.139262125,-0.0642781332,-0.235171184,-0.0858498812
0.029429948,-0.254419863,0.0395827666,-0.397335559
0.111177556,-0.354978859,0.161172301,-0.542157292
0.0762126893,-0.315792114,0.115479559,-0.503068924
-0.0407980867,-0.146949932,-0.0681273341,-0.254577518
-0.159746259,0.0896947533,-0.261347473,0.135826409
-0.197922498,0.311459392,-0.30197686,0.472816706
-0.114596903,0.451637506,-0.165741235,0.652721882
0.0659318268,0.48411423,0.0935786366,0.69050324
0.265118033,0.425580531,0.3740049,0.598697662
0.389600784,0.317589462,0.548458636,0.443368137
0.37919578,0.200810939,0.565547526,0.290610403
0.238800228,0.096356079,0.395845324,0.148129806
0.037736766,0.00317852106,0.0770104975,0.00256531453
-0.123291858,-0.0897604153,-0.198552981,-0.14666459
-0.160996154,-0.186476365,-0.263251156,-0.290966183
-0.0495846421,-0.274041176,-0.0932933837,-0.426027387
0.167588905,-0.326363951,0.23827669,-0.495669484
0.399928331,-0.319120139,0.540680826,-0.449132144
0.553349853,-0.245975524,0.69943738,-0.327146322
0.573801041,-0.125241414,0.743405521,-0.177941442
0.469536513,0.00804797094,0.674620211,-0.00365200057
0.302665919,0.120497584,0.480187684,0.172267988
0.156126276,0.198167458,0.258448541,0.310061246
0.0938333124,0.252584666,0.153701469,0.40078178
0.13371177,0.310404062,0.205936611,0.479979694
0.245254695,0.392080575,0.352276504,0.559281766
0.370060503,0.492197573,0.472848326,0.616583586
0.452609926,0.574243307,0.511177301,0.631577909
0.464941412,0.58513552,0.513274848,0.629238307
0.414016813,0.483579129,0.520313025,0.593845844
0.330883145,0.267646134,0.497774482,0.397735924
0.250247151,-0.014119071,0.412805051,-0.0142389424
0.192788288,-0.276198208,0.302167416,-0.424043059
0.159090266,-0.429830581,0.222755909,-0.623585999
0.136188775,-0.421713769,0.188385993,-0.620921016
0.110361278,-0.25899604,0.165693432,-0.423182279
0.0771034956,-0.00795605779,0.123641305,-0.0289288219
0.042332314,0.233638763,0.0695277527,0.366453558
0.0153038083,0.377776235,0.0305057056,0.571684182
-0.00071664626,0.38191846,0.00881511252,0.583262801
-0.0127845304,0.263124198,-0.0119413035,0.42929253
-0.0340555646,0.0852859169,-0.0480997637,0.152115077
-0.0735342652,-0.0729004592,-0.119154237,-0.115860075
-0.12677069,-0.153060988,-0.205986843,-0.249041289
-0.174394861,-0.138990462,-0.285983175,-0.227286085
-0.190680027,-0.056593217,-0.316405654,-0.0940912664
-0.157888055,0.0453928225,-0.265309632,0.075284265
-0.0780177191,0.122203007,-0.132457227,0.204085901
0.0255188514,0.153326318,0.040679466,0.255827665
0.118136868,0.147082284,0.193972394,0.242454499
0.170982167,0.129345745,0.280047327,0.206924602
0.174968824,0.124477863,0.288066417,0.197787762
0.143726408,0.139773667,0.239589423,0.22349523
0.103582248,0.161788836,0.173590407,0.259594709
0.076475203,0.165809393,0.129927889,0.270958006
0.0662342831,0.132494166,0.112644486,0.221199006
0.0570287518,0.0621050522,0.0991985202,0.107158504
0.025651155,-0.0216545798,0.0474722087,-0.0329277888
-0.0393595807,-0.0805279836,-0.0621823259,-0.132791623
-0.123753577,-0.0790828615,-0.204092011,-0.133998752
-0.188816354,-0.00216075359,-0.31022504,-0.00706432573
-0.189593807,0.135945022,-0.311241388,0.216371372
-0.101645879,0.294929743,-0.163371176,0.461954087
0.0584139302,0.42310369,0.0839833468,0.623742938
0.231691673,0.476944238,0.321604043,0.652912796
0.338869005,0.437457711,0.462346256,0.584832549
0.316524029,0.316865653,0.469961822,0.457349062
0.150504276,0.153269872,0.262892842,0.248392642
-0.1111812,-0.00426081242,-0.16643022,-0.00398051552
-0.37429285,-0.11416503,-0.557554126,-0.167658448
-0.537321389,-0.157268152,-0.721673131,-0.202712685
-0.535801589,-0.142455667,-0.723958015,-0.182820752
-0.370947719,-0.101109795,-0.568978488,-0.14290224
-0.108735129,-0.0726048648,-0.196689725,-0.111427546
0.150226548,-0.0866947249,0.234464645,-0.138466001
0.315544277,-0.150032118,0.483738452,-0.232031792
0.345229357,-0.242641583,0.51195997,-0.363020211
0.259594858,-0.326238334,0.38629654,-0.488277555
0.125611946,-0.361236364,0.189968631,-0.550560474
0.0210461132,-0.325202584,0.0285344776,-0.511064231
-0.00294271368,-0.224352539,-0.0155708864,-0.369561285
0.0575563647,-0.0923208445,0.0848680884,-0.159140483
0.164054677,0.0239577107,0.263105392,0.0341102183
0.261293769,0.0852613524,0.414356172,0.131665379
0.308672756,0.0782570168,0.484670401,0.118414722
0.300535589,0.021890277,0.477176309,0.0325789973
0.265340775,-0.0416559391,0.426523119,-0.0695687309
0.245547608,-0.0675887764,0.392602503,-0.113682255
0.270290524,-0.0308700688,0.425620496,-0.0557914488
0.336269498,0.0608518608,0.514661074,0.082808122
0.407294482,0.170576647,0.59319216,0.237456933
0.43257454,0.250329345,0.610170543,0.34198615
0.373813808,0.265597016,0.545507371,0.375236273
0.2267268,0.213451713,0.366840184,0.330529511
0.0258207936,0.124919578,0.0582907088,0.206421763
-0.169801816,0.0500857607,-0.268278897,0.083399415
-0.302168339,0.0333136097,-0.474414766,0.055691056
-0.338789225,0.0911400616,-0.525435209,0.142751455
-0.284124643,0.204075694,-0.442346603,0.315737873
-0.173751548,0.326317132,-0.266787052,0.496333122
-0.0556455627,0.408067465,-0.0807769224,0.610541284
0.0311006512,0.418721348,0.0522273481,0.622593939
0.0696207061,0.35904786,0.114122547,0.550194561
0.0653760806,0.256714076,0.112061433,0.413252831
0.0351539329,0.148604035,0.0659169257,0.247787759
-0.00729120197,0.06037689,-0.00603994494,0.103317484
-0.0602461025,-0.00524098845,-0.0965166762,-0.00692929095
-0.132844925,-0.0653241649,-0.215429679,-0.105097592
-0.235077396,-0.141386941,-0.371956021,-0.219961986
-0.365530819,-0.241472885,-0.532391131,-0.344537199
-0.50466764,-0.350770444,-0.642118812,-0.43522805
-0.618332088,-0.436759055,-0.670035124,-0.460168511
-0.670518279,-0.466267735,-0.667950869,-0.452400416
-0.639314115,-0.424630493,-0.680140972,-0.442667663
-0.528039753,-0.325560659,-0.670974255,-0.402410716
-0.365828395,-0.205440804,-0.55205518,-0.297919989
-0.197014764,-0.104631171,-0.332207054,-0.165918112
-0.0640571192,-0.0460575633,-0.114415288,-0.0736008435
0.00831665378,-0.0232955739,0.0119633786,-0.038370207
0.020821359,-0.00534923375,0.0352099203,-0.0113678575
-0.00376494043,0.0439791344,-0.00396269653,0.0696909353
-0.0328884199,0.142622024,-0.0531571098,0.230481938
-0.0393877514,0.275882542,-0.0615536943,0.434026003
-0.0126494607,0.399746239,-0.0160972085,0.597952366
0.038834732,0.460933983,0.0621047765,0.663005948
0.0938799009,0.423581123,0.144650862,0.623332679
0.130280823,0.288639545,0.212762445,0.455865264
0.135921061,0.0957951546,0.231262997,0.164122045
0.114158615,-0.0931696817,0.193189189,-0.149546728
0.0812971592,-0.221068025,0.129126862,-0.35781008
0.0577541478,-0.258710206,0.0878158137,-0.416297972
0.0574176945,-0.214000434,0.0856877938,-0.351432115
0.0803852305,-0.123657025,0.126169756,-0.210519478
0.112560265,-0.0334657356,0.182572812,-0.0617963262
0.132295981,0.0219303034,0.219991133,0.0333497226
0.120948598,0.0299807414,0.204452336,0.0476849489
0.07236965,-0.00141492824,0.127318442,-0.00301682833
-0.00313312816,-0.0540812872,-0.00163146947,-0.0894240811
-0.0822331384,-0.110226788,-0.133179694,-0.179561332
-0.137803897,-0.157057941,-0.225181967,-0.251914859
-0.149601489,-0.184402719,-0.24577719,-0.293729067
-0.111494534,-0.180104852,-0.189125732,-0.290783703
-0.0321514532,-0.129830956,-0.0627821833,-0.215729728
0.070546113,-0.0245764367,0.108002551,-0.0463808216
0.177914709,0.127328008,0.283826858,0.197960287
0.276943922,0.292130381,0.415665627,0.428542256
0.361400783,0.414935172,0.491398752,0.550807655
0.427464604,0.4387348,0.547274113,0.553138375
0.467339516,0.331483275,0.621430695,0.434821278
0.465981752,0.107742727,0.669586718,0.156275228
0.404718369,-0.168359727,0.5986889,-0.244654283
0.271566957,-0.404035002,0.388513744,-0.574308932
0.0735040009,-0.515483141,0.100444041,-0.713752329
-0.156600744,-0.465279281,-0.221535936,-0.663037479
-0.36435774,-0.280802637,-0.527967751,-0.413168937
-0.490484565,-0.0432562083,-0.694154799,-0.0636912361
-0.494120419,0.14875719,-0.686689734,0.211933911
-0.372629404,0.223952472,-0.54798907,0.3380346
-0.167717591,0.169445649,-0.273583412,0.286711514
0.047021769,0.0328239836,0.0731777325,0.0676423088
0.193584725,-0.105419599,0.312821329,-0.167585343
0.220916823,-0.17442745,0.351166189,-0.282529742
0.12621364,-0.148189172,0.209587991,-0.253551513
-0.044001434,-0.055308558,-0.069217667,-0.103589751
-0.214240104,0.0409385674,-0.342795014,0.0637694448
-0.313090652,0.0804585814,-0.485898376,0.133038595
-0.304030776,0.0407699198,-0.477173537,0.0758694634
-0.19995065,-0.0511207581,-0.331565619,-0.0711191967
-0.0549308732,-0.135770544,-0.0998018011,-0.216541991
0.0624352358,-0.157376185,0.0941514373,-0.259967715
0.101238824,-0.0981895775,0.163179517,-0.17015487
0.0507325754,0.0086542489,0.0888100937,0.00504539348
-0.0570411086,0.0958488956,-0.0883855745,0.155167952
-0.164714128,0.0994946733,-0.261662841,0.167104825
-0.217734277,-0.00317644794,-0.349440902,0.00848662388
-0.189127445,-0.17731975,-0.307020813,-0.268625915
-0.0893264487,-0.345365316,-0.14847222,-0.519233286
0.0423996709,-0.426251978,0.0488779247,-0.626912594
0.159066468,-0.378349572,0.223952338,-0.56994164
0.228056282,-0.222865269,0.348007113,-0.36112842
0.243147716,-0.0346320719,0.38788864,-0.0703530163
0.2216793,0.0954344347,0.359981865,0.14330557
0.190245703,0.106657453,0.314653039,0.173546523
0.168057382,-0.000691859634,0.282527626,0.00381463068
0.157426819,-0.166424707,0.256580144,-0.264366329
0.145943493,-0.302416116,0.222891226,-0.467989147
0.11780034,-0.33832702,0.174598187,-0.524569452
0.0665457994,-0.256786615,0.0999932289,-0.419864118
0.00112178363,-0.0997879058,-0.00161006849,-0.176506326
-0.0585485622,0.0561976954,-0.0970262215,0.0879983976
-0.0936498865,0.142038852,-0.151088208,0.235174358
-0.0987163261,0.131569743,-0.158679977,0.223686054
-0.0862892345,0.051856,-0.141680017,0.0943318084
-0.0806930661,-0.0366841443,-0.133471161,-0.0549389832
-0.104123957,-0.0782819986,-0.172038481,-0.128431171
-0.16298902,-0.0559534431,-0.266968369,-0.0950278565
-0.242613494,-0.00210028188,-0.388858229,-0.00336175133
-0.313847929,0.0207912158,-0.488914371,0.0380071849
-0.348312199,-0.041198533,-0.534033597,-0.0516848341
-0.333881557,-0.197180018,-0.505249262,-0.281257868
-0.281552047,-0.398638576,-0.404877573,-0.548111796
-0.219417691,-0.558656394,-0.292066574,-0.711222351
-0.176686049,-0.594357729,-0.232448146,-0.747391641
-0.166455612,-0.470731527,-0.240848944,-0.661814809
-0.17707625,-0.222456425,-0.288953662,-0.363945574
-0.177549824,0.0586987995,-0.296302915,0.085608907
-0.13485156,0.265591055,-0.213250786,0.418738753
-0.0343293808,0.326010436,-0.0513133183,0.514011979
0.107845642,0.236365214,0.17383346,0.388795555
0.247548848,0.0618359931,0.397481412,0.108279429
0.330570847,-0.0969217792,0.510722756,-0.149447963
0.317400843,-0.153574511,0.486979693,-0.245499596
0.203028247,-0.0773545057,0.331725597,-0.140500337
0.0219893567,0.0945872962,0.0438608602,0.142688334
-0.164130211,0.279118687,-0.246935159,0.427231044
-0.291203469,0.391355485,-0.404813558,0.559148192
-0.318001598,0.388201982,-0.43706435,0.552553296
-0.241332233,0.289084911,-0.362200022,0.449694186
-0.0947428942,0.163785428,-0.157152414,0.279731899
0.0676775277,0.0941508189,0.106719509,0.160735339
0.194390848,0.129612774,0.311299473,0.202498153
0.25602299,0.259345531,0.393606216,0.383178979
0.253608853,0.415334791,0.366308331,0.575029373
0.213299021,0.505086243,0.297318131,0.674762547
0.1713797,0.457990974,0.251193702,0.644590855
0.157060385,0.262664169,0.256081998,0.420389056
0.180420399,-0.0230363496,0.301980495,-0.0243018884
0.229760051,-0.294497371,0.34705317,-0.441621214
0.092742607,-0.0556455627,0.150238186,-0.127339229
0.0190815181,-0.17131497,0.0364544578,-0.265816122
-0.0790667161,-0.316749662,-0.120801277,-0.487422019
-0.142316326,-0.426145494,-0.213629216,-0.614164293
-0.113549583,-0.442347407,-0.175612018,-0.636361659
0.0276413169,-0.347811252,0.0246865004,-0.536260366
0.246579587,-0.175857604,0.367819577,-0.285413474
0.463011503,0.00397460675,0.657007754,-0.0053815078
0.585624337,0.119111367,0.757312655,0.142886683
0.555091977,0.128695637,0.738487184,0.161467075
0.374014556,0.0423083752,0.578070819,0.0595814846
0.108270735,-0.0864153951,0.195240483,-0.145013735
-0.141456664,-0.187329337,-0.220667809,-0.303588361
-0.28434062,-0.207940295,-0.442472875,-0.316246718
-0.278783381,-0.136937216,-0.44859153,-0.212559193
-0.148092493,-0.00609255955,-0.258532435,-0.00986241642
0.0338809229,0.128864244,0.0466484427,0.212161362
0.178833053,0.217189565,0.283382267,0.340999752
0.22372973,0.23652707,0.354217917,0.364761412
0.155697048,0.199513167,0.260317951,0.316147953
0.0121794036,0.141988024,0.0327768102,0.233438194
-0.140998974,0.100934081,-0.222649544,0.167407915
-0.241061658,0.0948711112,-0.384518117,0.154426441
-0.25381887,0.116847448,-0.405287117,0.190868467
-0.182895869,0.142341375,-0.30011645,0.234921306
-0.0614731051,0.146006718,-0.104175717,0.245605275
0.0663087219,0.116919748,0.108407669,0.198211432
0.163743973,0.0638630167,0.269220769,0.106391802
0.211697012,0.00867477804,0.34500894,0.0126611078
0.208436236,-0.0272436626,0.341147542,-0.0497567132
0.162856832,-0.0346431471,0.270676941,-0.0636020899
0.0871636271,-0.0195624828,0.147137031,-0.0380415879
-0.00656718249,0.00316718523,-0.00714669563,0.000438440853
-0.105477236,0.0210776851,-0.169534609,0.0355438031
-0.193621099,0.0322675481,-0.313682318,0.0559666678
-0.252029657,0.0452774614,-0.404422998,0.0761136934
-0.262895525,0.0708634853,-0.421033204,0.116029091
-0.216405794,0.111326635,-0.351743937,0.183454856
-0.116516046,0.154907882,-0.194536164,0.257285476
0.0178718623,0.179800257,0.0260695759,0.298209995
0.157513469,0.166280806,0.253347099,0.271871179
0.271403104,0.109980449,0.429766983,0.17409651
0.335709065,0.0278227478,0.522606373,0.0410468541
0.339698374,-0.0481774546,0.52747196,-0.0780608132
0.287171274,-0.0871521384,0.454656869,-0.14328301
0.194059625,-0.0773007944,0.317910999,-0.135479271
0.0839361176,-0.0352724865,0.143162027,-0.0666708574
-0.0171187054,-0.000667511194,-0.025378095,-0.00415018667
-0.0858097672,-0.0170803331,-0.141353682,-0.0257336367
-0.107082248,-0.108616494,-0.176842839,-0.170146525
-0.0791181475,-0.26391229,-0.131194234,-0.409926862
-0.0159974825,-0.436493576,-0.0328353643,-0.631976247
0.0544640236,-0.562322915,0.0618149079,-0.744989812
0.099014692,-0.586710393,0.116149917,-0.759899974
0.091762498,-0.487931013,0.120138325,-0.690182328
0.026543824,-0.286431909,0.0362541936,-0.465138882
-0.0774745792,-0.0356100053,-0.130841717,-0.0741875619
-0.18131645,0.200901061,-0.286417007,0.315017313
-0.242132723,0.374275506,-0.348651677,0.546323955
-0.233069152,0.46628195,-0.316940337,0.648988962
-0.157375276,0.489553541,-0.213282764,0.682541668
-0.048755981,0.474164337,-0.0665744171,0.677707136
0.0436549224,0.448883712,0.067713283,0.65135783
0.0792365521,0.427227736,0.125083521,0.623966753
0.0468373559,0.404805064,0.0819524527,0.600021601
-0.0286071133,0.367745042,-0.0316775925,0.56031996
-0.0983202159,0.30598101,-0.144029766,0.480435699
-0.115434676,0.223020747,-0.179599434,0.364632815
-0.0611668862,0.13647604,-0.101417519,0.233342186
0.0427919254,0.0693115219,0.0689354092,0.120905593
0.143316701,0.0372005329,0.23396498,0.0600996576
0.182819918,0.0395379849,0.300925642,0.0583881997
0.130724967,0.0594697297,0.221183479,0.0897923708
0.00278897677,0.0731053948,0.0145263951,0.117669284
-0.142802864,0.0628422499,-0.227760851,0.104704201
-0.231868103,0.0273456648,-0.372698069,0.0507657304
-0.210560217,-0.0175142828,-0.34645766,-0.0196019318
-0.0732859522,-0.0475664511,-0.133177295,-0.0717232376
0.132359833,-0.044487197,0.20670189,-0.0729361922
0.326755285,-0.00760230003,0.500817001,-0.0172046497
0.435346633,0.0432652906,0.636691153,0.0530664399
0.423342645,0.0760472715,0.627192438,0.102380618
0.310891986,0.0622615889,0.494266063,0.0906014964
0.161584064,-0.00711718714,0.276040822,-0.0141738839
0.0505816229,-0.113680139,0.0876664817,-0.186889887
0.0286646876,-0.216002062,0.0422346778,-0.347188383
0.0998924151,-0.265341192,0.147598535,-0.420009613
0.223010167,-0.226301908,0.336102396,-0.359220415
0.334394276,-0.0936852992,0.506601334,-0.157418102
0.379799873,0.101914629,0.569860876,0.137417927
0.338773519,0.302714378,0.495530069,0.422738254
0.230613396,0.443746626,0.335204124,0.612152994
0.101006277,0.476823598,0.156408608,0.671596169
-0.0018059765,0.389270723,0.0085536344,0.589850962
-0.0483167246,0.210035622,-0.0703148544,0.352409303
-0.0365550593,0.000404000806,-0.0599516444,0.0124926576
0.0136445342,-0.167701125,0.0192516483,-0.269594491
0.0750231743,-0.238088921,0.11160256,-0.384128124
0.126492247,-0.191557765,0.195911765,-0.318293154
0.158807635,-0.0538022518,0.254688501,-0.100411884
0.171322688,0.113551661,0.278118581,0.174269572
0.164672121,0.236004576,0.264970094,0.367727965
0.136203185,0.254967868,0.22362797,0.404827505
0.0820946023,0.151257038,0.145026535,0.253204525
0.0045527094,-0.0461635962,0.0170814209,-0.0691450313
-0.081927523,-0.27018252,-0.12861599,-0.420960039
-0.151459157,-0.44087705,-0.22356534,-0.628890455
-0.176732257,-0.496370971,-0.251930177,-0.6786322
-0.143764749,-0.416788489,-0.22171624,-0.609986961
-0.0630181581,-0.23141247,-0.114995591,-0.380172044
0.0307198931,-0.00601560296,0.0410702713,-0.0187210534
0.0915983245,0.184285551,0.148942783,0.293430239
0.083563,0.285056084,0.141698346,0.446977884
-0.00161158596,0.282609671,0.0105259409,0.449846238
-0.138807312,0.205741376,-0.208477169,0.33599475
-0.280030668,0.108999513,-0.430618763,0.177594125
-0.375954002,0.0456692912,-0.566334665,0.076621376
-0.397741318,0.0431450605,-0.597986042,0.0706536025
-0.348301619,0.0919537321,-0.536892295,0.145999745
-0.257886291,0.153027683,-0.409675688,0.245017856
-0.167297438,0.179088339,-0.269221276,0.292854726
-0.108212925,0.139379084,-0.173094273,0.234553918
-0.0908609256,0.0356406644,-0.145968005,0.0670114532
-0.104339778,-0.0982561633,-0.168873325,-0.155344114
-0.12738134,-0.212492526,-0.204866007,-0.336298138
-0.141791433,-0.265075117,-0.228127941,-0.416201115
-0.140341431,-0.241462722,-0.228474259,-0.384527922
-0.125509083,-0.160616145,-0.211149618,-0.264227688
-0.102016866,-0.0649198219,-0.174533427,-0.109995231
-0.0702777207,0.000625970017,-0.119852863,0.00169646717
-0.0268694963,0.00947748125,-0.0453430489,0.0191531647
0.0274053849,-0.0353294425,0.044026807,-0.0545145608
0.0778082982,-0.104928598,0.127159104,-0.170633808
0.093144089,-0.160626128,0.15106757,-0.26369369
0.0361120738,-0.173583716,0.0620035045,-0.288288176
-0.115730703,-0.138174251,-0.183799148,-0.232082888
-0.348776221,-0.0726545379,-0.527409673,-0.115094736
-0.605335951,-0.00752414949,-0.771163404,-0.0036219738
-0.797318876,0.0317739882,-0.810255945,0.0441931486
-0.839209497,0.0384889729,-0.79795754,0.0476797335
-0.686564267,0.027414836,-0.803165793,0.0416608416
-0.361036092,0.0256528296,-0.564111829,0.051196292
0.0523866378,0.056328699,0.0633761659,0.101949155
0.437256902,0.123947106,0.622442722,0.173794329
0.693111598,0.209189162,0.784977853,0.222165748
0.776130795,0.276106715,0.763658822,0.258017868
0.71312052,0.288371414,0.754567504,0.295779377
0.581946313,0.226692781,0.734014928,0.276278645
0.468632609,0.0989582464,0.672578573,0.137623072
0.423483551,-0.0617530011,0.627250552,-0.0907603353
0.439098597,-0.210261554,0.617359877,-0.299363911
0.461445868,-0.307275325,0.612665057,-0.416751206
0.427268445,-0.334048271,0.573634803,-0.459257901
0.306603462,-0.297473013,0.450686842,-0.447410911
0.126087964,-0.224183276,0.205275297,-0.369224906
-0.0410225205,-0.14738664,-0.0659229755,-0.250685066
-0.113869295,-0.0931115896,-0.19096005,-0.153105125
-0.0512364022,-0.0720582455,-0.0955578387,-0.115112111
0.119395375,-0.0798098668,0.186463535,-0.127824977
0.308659494,-0.103742704,0.472521961,-0.163308799
0.406829149,-0.131873876,0.598947287,-0.199751854
0.339904547,-0.158581376,0.521124125,-0.249194324
0.111195818,-0.184544161,0.19257158,-0.307179928
-0.194368318,-0.211892143,-0.296767175,-0.339935184
-0.447371513,-0.238363966,-0.623124421,-0.327813536
-0.535246313,-0.254733026,-0.699247956,-0.317717493
-0.417577863,-0.247696534,-0.601024985,-0.339522839
-0.147476703,-0.207037672,-0.25617677,-0.323328525
0.152185231,-0.133089811,0.227978751,-0.218625754
0.346313387,-0.0399414562,0.52839005,-0.0726319551
0.350660414,0.0481797047,0.545087218,0.0625348389
0.169601262,0.106329329,0.290768921,0.163630456
-0.109274119,0.119800255,-0.160752997,0.193337038
-0.359933197,0.0911634266,-0.538207352,0.145422399
-0.478891224,0.0395879447,-0.680294096,0.067349568
-0.43203643,-0.00767173758,-0.638514042,-0.000851264747
-0.265095353,-0.0278210249,-0.433183432,-0.03446915
-0.0745374113,-0.0131754773,-0.135759562,-0.0171565432
0.04445659,0.0252239481,0.0708753914,0.0415116623
0.0457388684,0.0628115684,0.0827371925,0.0999418795
-0.0479739942,0.0730185658,-0.069789201,0.120691828
-0.16147767,0.0395660214,-0.259063572,0.0693789274
-0.20923838,-0.0363207273,-0.33950755,-0.0508495122
-0.140476733,-0.1370309,-0.236718163,-0.211446553
0.0358261876,-0.23710826,0.0446707495,-0.373521388
0.257465869,-0.314679921,0.368086636,-0.468701631
0.441884995,-0.359992594,0.574028432,-0.482060879
0.527168095,-0.376996875,0.640212357,-0.471936613
0.500036359,-0.37767902,0.623240292,-0.480671167
0.397744238,-0.372656703,0.53573072,-0.509541929
0.284914553,-0.363443226,0.408071071,-0.528878331
0.218951717,-0.340763807,0.319786668,-0.513846993
0.222389206,-0.289945424,0.330892086,-0.448076755
0.275520116,-0.200481936,0.415133446,-0.318034381
0.331231385,-0.0744919851,0.506668508,-0.125236019
0.342487603,0.0707780942,0.526963711,0.0954912677
0.287298203,0.208203137,0.447738647,0.307849854
0.178658977,0.311494142,0.284723192,0.468659908
0.0557997748,0.366129577,0.0975832045,0.553192973
-0.0370229892,0.374986589,-0.0466880426,0.569587409
-0.0722110346,0.355760962,-0.103969999,0.547666132
-0.0500217229,0.331417739,-0.0738691315,0.51649195
0.00511446502,0.318465769,0.0105830943,0.499357164
0.0594217628,0.318962246,0.0956501663,0.496323764
0.0867700428,0.320244938,0.141201288,0.495254844
0.0789361149,0.302449644,0.133159146,0.473101586
0.0450207777,0.249928191,0.0798253566,0.403210521
0.00226396858,0.160755202,0.0118146334,0.267809182
-0.0352045372,0.0495584048,-0.052588407,0.0892469361
-0.0630297959,-0.057661429,-0.105361961,-0.0920177624
-0.0857100859,-0.134038225,-0.142337278,-0.21825622
-0.109995492,-0.162453368,-0.182564422,-0.265416026
-0.137712047,-0.14121598,-0.227600545,-0.230520681
-0.162900344,-0.0824899301,-0.269334674,-0.135848254
-0.174964979,-0.0049024839,-0.289166659,-0.00773746055
-0.165528953,0.0754170939,-0.273004502,0.12479952
-0.134377033,0.15066421,-0.220606014,0.24679406
-0.0905823782,0.221378475,-0.146021396,0.357786179
-0.0480678156,0.291319549,-0.0731714591,0.457814068
-0.018404033,0.36067313,-0.0221917834,0.55114001
-0.00536030112,0.421856701,-0.00024149369,0.621563256
-0.00454866514,0.460606456,0.00165472308,0.663617313
-0.00819508359,0.461974978,-0.00164569833,0.667335033
-0.0117170578,0.418036878,-0.00964488089,0.621161699
-0.0175235979,0.333024114,-0.0181650743,0.521190464
-0.0331537127,0.222877666,-0.045774512,0.365846753
-0.0645763427,0.109131269,-0.0992245078,0.186496273
-0.10892833,0.010088793,-0.176290363,0.0225099511
-0.151937678,-0.0661976933,-0.248450801,-0.105509281
-0.172929794,-0.123432271,-0.283220768,-0.196696565
-0.155792773,-0.172109902,-0.256085038,-0.272029132
-0.100157179,-0.220496431,-0.168558776,-0.351018757
-0.0258891657,-0.26624608,-0.0493450575,-0.422976255
0.0331532694,-0.293362975,0.0440206192,-0.462960988
0.0445101596,-0.276872844,0.0656976998,-0.444330513
-0.00542048551,-0.193913728,-0.0111005148,-0.323438883
-0.101111479,-0.0366553478,-0.169217378,-0.071138978
-0.201383412,0.178931713,-0.319763958,0.277655631
-0.256594211,0.413185358,-0.359527916,0.583648324
-0.232227504,0.612991154,-0.278124332,0.7487939
-0.12745592,0.729093373,-0.133509994,0.80477488
0.021230083,0.734077275,0.0287163369,0.813515306
0.15444459,0.633727074,0.194078639,0.773573995
0.216577172,0.466555983,0.309204042,0.646989703
0.182330638,0.290739983,0.292032838,0.450347066
0.0700301379,0.162804961,0.12824963,0.265724868
-0.0655394569,0.116160564,-0.100551747,0.190712675
-0.15821892,0.148254931,-0.253804058,0.23924771
-0.161962852,0.222180665,-0.258768827,0.353522599
-0.073608242,0.282885164,-0.119124562,0.449829608
0.064424172,0.281889349,0.102486432,0.450296432
0.183333263,0.200245842,0.294935524,0.32384336
0.220216349,0.0594168901,0.361218989,0.0987267047
0.14805305,-0.0857281089,0.251806736,-0.14069438
-0.0110555748,-0.170052603,-0.011996842,-0.283756107
-0.195799008,-0.148225382,-0.313374937,-0.244637758
-0.333873361,-0.0185485203,-0.520457327,-0.0325839967
-0.374762923,0.170948908,-0.560329437,0.252580702
-0.311258137,0.33853209,-0.450329185,0.491808414
-0.179642424,0.40154165,-0.260566741,0.593827009
-0.0391929336,0.31250751,-0.0570334159,0.49969545
0.0581002235,0.0826483965,0.101842545,0.152607277
0.0920605734,-0.218566507,0.15269269,-0.340707362
0.0808664858,-0.489011049,0.110317975,-0.683774233
0.0668693185,-0.634633243,0.0726187229,-0.788492501
0.0897287056,-0.608101726,0.0996173024,-0.772310197
0.161419824,-0.428491861,0.216527238,-0.625450313
0.256589442,-0.173153892,0.387912482,-0.28618443
0.323664784,0.0548904911,0.498245209,0.0714871883
0.311258495,0.169848919,0.48556906,0.252354294
0.19639042,0.137733102,0.329780579,0.220723569
-1.81910746e-05,-0.0120291747,0.0168600082,-0.0153367156
-0.218535334,-0.202082187,-0.334873319,-0.310577512
-0.385168761,-0.341824234,-0.536083281,-0.466406912
-0.442391723,-0.365391195,-0.591349483,-0.474953353
-0.372555822,-0.256633192,-0.548656583,-0.368792474
-0.203210488,-0.0517136976,-0.346824169,-0.0871517733
0.00693702418,0.179456621,-0.00228908891,0.28940326
0.193375155,0.362731278,0.289104104,0.536619246
0.309750289,0.446603179,0.426779866,0.600840926
0.339826584,0.41611889,0.470561773,0.562191129
0.294111341,0.290987164,0.449063301,0.430673599
0.196039245,0.112483867,0.329725266,0.185215071
0.067286402,-0.0725517645,0.1225392,-0.116377234
-0.079361476,-0.223649934,-0.122967884,-0.358959615
-0.237017691,-0.312237024,-0.356579453,-0.46858725
-0.395835966,-0.323014975,-0.552155375,-0.447358847
-0.536202967,-0.255058259,-0.695422471,-0.327573568
-0.630287468,-0.124391668,-0.778820455,-0.149328351
-0.652474105,0.0341213644,-0.796933472,0.0468865037
-0.592915654,0.170300558,-0.749670625,0.220953658
-0.465615422,0.231038064,-0.641308725,0.326841563
-0.305035323,0.179999441,-0.467618763,0.290091336
-0.151853368,0.0170881096,-0.250249743,0.0450441986
-0.0352506749,-0.212876782,-0.0590897426,-0.33218953
0.038207639,-0.430072457,0.0499445908,-0.62603569
0.0823663995,-0.547857285,0.100157045,-0.736414671
0.116949074,-0.509137094,0.147680998,-0.704625428
0.149425805,-0.314694285,0.217314243,-0.495922476
0.164998353,-0.0287710298,0.263113767,-0.0656595901
0.132453024,0.243417084,0.214001849,0.370948851
0.0244749095,0.39833656,0.0508632548,0.594492912
-0.158317536,0.37853232,-0.217358589,0.568849444
-0.374315441,0.198178351,-0.534814358,0.307460189
-0.549227655,-0.0628676564,-0.730519295,-0.0653938353
-0.605215847,-0.294543207,-0.728125513,-0.336280197
-0.498366475,-0.405402303,-0.622580826,-0.486466825
-0.245682389,-0.361922115,-0.375322253,-0.523228586
0.0738972351,-0.199909851,0.0957183763,-0.328790396
0.347952425,-0.00321828527,0.521215439,-0.0176026206
0.477176785,0.139017314,0.673761547,0.18291463
0.418781757,0.17504032,0.615048468,0.245932236
0.205769673,0.111968286,0.347703665,0.175377458
-0.0678146482,0.00618116604,-0.0966290832,0.0114922533
-0.289149314,-0.0713209733,-0.451353669,-0.10943155
-0.376445711,-0.0758064315,-0.573526025,-0.11042884
-0.312715262,-0.0142455818,-0.498588741,-0.0185475312
-0.148048043,0.058120966,-0.253869504,0.100630328
0.0293004233,0.068343997,0.0435977541,0.119328365
0.137468755,-0.0324468836,0.230366215,-0.0469994955
0.138647854,-0.237868384,0.226344109,-0.371424288
0.0519130714,-0.482298851,0.075944148,-0.680327058
-0.0631828457,-0.666991055,-0.0835472196,-0.797363043
-0.141565561,-0.704117596,-0.169792607,-0.795092702
-0.14666988,-0.557691574,-0.203698114,-0.732607603
-0.085932076,-0.261890382,-0.15211305,-0.427457631
-0.00116300618,0.0916750208,-0.01464325,0.136388987
0.0588784106,0.391444325,0.0899726152,0.579057693
0.0672223344,0.550641537,0.101494543,0.738513172
0.0325536951,0.53931129,0.0575966649,0.732216775
-0.00878295396,0.390683085,-0.0022879059,0.594736993
-0.0169812813,0.18133153,-0.0196948107,0.308321267
0.025452666,-0.00377553236,0.0419783257,0.00384285976
0.10141065,-0.104813978,0.162354261,-0.172208622
0.167378515,-0.105359018,0.267042071,-0.177922562
0.177335158,-0.0300876684,0.290394247,-0.0598795153
0.10876558,0.0735662505,0.184689716,0.111378133
-0.0237772912,0.159059852,-0.0303787813,0.257170886
-0.1749392,0.198626235,-0.268177927,0.317447215
-0.290927917,0.189107537,-0.442369163,0.298785806
-0.335527867,0.146160886,-0.507889211,0.232496887
-0.305791914,0.0923516303,-0.477275878,0.153217688
-0.229701355,0.0460041985,-0.374313384,0.0821711496
-0.148357719,0.0154670551,-0.248140648,0.0303624962
-0.0936217681,-0.000404347113,-0.157869309,0.000607286638
-0.0739178956,-0.00789339654,-0.123066083,-0.0119781932
-0.0754142851,-0.0135750351,-0.126579955,-0.0207928251
-0.0764218941,-0.0213459339,-0.127491683,-0.0342882983
-0.0651768595,-0.0318465084,-0.110879362,-0.0502557829
-0.0495905355,-0.0434245691,-0.0847607628,-0.0714856461
-0.0528159663,-0.0535498224,-0.0875732899,-0.0891815946
-0.0973260403,-0.0601570271,-0.160877958,-0.0998025313
-0.187332153,-0.0629502684,-0.30172196,-0.101530559
-0.300590038,-0.0646412,-0.470288008,-0.0985673517
-0.395266116,-0.0715170056,-0.59024471,-0.100461319
-0.428771883,-0.0923256949,-0.628872752,-0.125672624
-0.378469795,-0.134913772,-0.571752727,-0.190092996
-0.252987206,-0.201406419,-0.402282447,-0.302404046
-0.0881671533,-0.284219712,-0.150246248,-0.438744575
0.0697116703,-0.365689188,0.0947650224,-0.552960873
0.183939323,-0.422863066,0.25538829,-0.611667454
0.23989132,-0.436369568,0.329095602,-0.616991401
0.244354859,-0.399596363,0.343217164,-0.577142
0.214044571,-0.323401779,0.316751331,-0.495419741
0.161928713,-0.233163521,0.252979606,-0.377997756
0.0906445459,-0.158649981,0.147441626,-0.263907671
-0.0029588968,-0.121122599,-0.00199366803,-0.202892154
-0.115938634,-0.124006614,-0.186104402,-0.202269286
-0.229284689,-0.15209125,-0.363690227,-0.237294778
-0.30861029,-0.180010408,-0.475353301,-0.270249486
-0.317827046,-0.185856417,-0.490873188,-0.277509451
-0.239489034,-0.162879035,-0.388647974,-0.25188905
-0.0899642184,-0.123039126,-0.161003679,-0.199844822
0.0810903013,-0.0904287249,0.124680176,-0.14939788
0.209503755,-0.0880026519,0.334516943,-0.143711671
0.245774522,-0.124711074,0.392001808,-0.201629952
0.179945752,-0.189926475,0.292031139,-0.305455297
0.0484004952,-0.258086234,0.0825755671,-0.414838105
-0.0824208781,-0.300917685,-0.129928976,-0.471968621
-0.148226455,-0.300576091,-0.236387089,-0.464487106
-0.118924506,-0.256759614,-0.198044062,-0.406340659
-0.013836856,-0.184465721,-0.0347916335,-0.302167624
0.108240582,-0.104411334,0.169206902,-0.175553173
0.179373786,-0.0321382098,0.292112082,-0.0589858703
0.157662421,0.0278227814,0.263637304,0.0380743518
0.0490133017,0.0797843859,0.0907050222,0.127162457
-0.0957383737,0.128886193,-0.149546415,0.209620729
-0.206675708,0.173042253,-0.323907644,0.277661413
-0.22996363,0.200647712,-0.36024496,0.321031541
-0.154062524,0.196125522,-0.250928432,0.321658164
-0.01382838,0.15024358,-0.0267972052,0.255241662
0.128742129,0.0687429383,0.211042479,0.119793043
0.216148213,-0.0266118515,0.351885706,-0.0425747745
0.222461358,-0.106102243,0.360409379,-0.174490646
0.162173659,-0.145208746,0.265258342,-0.241686359
0.0775687099,-0.13543056,0.129031315,-0.231115654
0.0130138146,-0.0864088908,0.0202374235,-0.148120746
-0.00893050432,-0.0180739891,-0.0166965723,-0.0344510488
0.00333294435,0.0522950403,0.0034396851,0.0864157304
0.0199364815,0.119766362,0.0342525207,0.196974874
0.0109014111,0.191537306,0.0212999266,0.310056537
-0.0338471495,0.276262164,-0.0469224863,0.435505629
-0.0976463631,0.36949861,-0.140458614,0.55585736
-0.147222906,0.445515782,-0.202269465,0.638383329
-0.153566271,0.46320495,-0.209421128,0.657519817
-0.111125842,0.385954052,-0.160250232,0.584332943
-0.0439175442,0.206261337,-0.0654506758,0.348681062
0.00537639111,-0.039035935,0.012300482,-0.0520163067
-0.00240376475,-0.274242193,-0.00180115877,-0.429439873
-0.0814704299,-0.412420869,-0.121649429,-0.612108827
-0.212061718,-0.394371808,-0.312814802,-0.57769835
-0.348668069,-0.220308676,-0.521944821,-0.335581332
-0.441121548,0.0431037359,-0.646581292,0.0574290939
-0.457545549,0.286912084,-0.623373866,0.392180175
-0.397639811,0.406448126,-0.522713006,0.544675231
-0.290320188,0.34936133,-0.41547665,0.517389119
-0.17804198,0.141807243,-0.283775806,0.246933118
-0.0966244116,-0.121174395,-0.157707065,-0.182880089
-0.0607773624,-0.318148643,-0.0997332856,-0.490618676
-0.0615434051,-0.357465804,-0.101194479,-0.55013454
-0.075149931,-0.220627084,-0.129282892,-0.36615923
-0.0771747455,0.0281391591,-0.136467025,0.0332132019
-0.0542823598,0.271134138,-0.0885238945,0.425667673
-0.00840622187,0.39173153,-0.00730567193,0.591953278
0.0469445996,0.328555822,0.0812756345,0.518506944
0.0945917368,0.103955053,0.16435504,0.184650421
0.12104407,-0.186111167,0.19891654,-0.290005594
0.120345682,-0.415289432,0.173712,-0.608489156
0.0943997651,-0.482442856,0.122952834,-0.685691655
0.0516465828,-0.354052275,0.0711931437,-0.552715182
0.00571233872,-0.075163044,0.00202878681,-0.143277466
-0.0261189323,0.253909737,-0.0434001088,0.39193505
-0.0262012146,0.5222013,-0.0297953952,0.717412174
0.0172817279,0.652644932,0.0286822692,0.798496783
0.102548927,0.627324343,0.132840529,0.779307604
0.208981693,0.485028207,0.291404843,0.667794406
0.299280345,0.296155334,0.447110683,0.441836476
0.331260592,0.129415378,0.513240635,0.198722199
0.276295871,0.0261429213,0.445024401,0.0350846909
0.136389896,-0.0081714103,0.235142201,-0.0209785737
-0.0496226884,0.00478657242,-0.0750421733,0.00159367546
-0.216466442,0.033986643,-0.346108019,0.0561074913
-0.297292829,0.0555568635,-0.468548477,0.0911365226
-0.252886146,0.0605941005,-0.408783019,0.105312444
-0.0913816169,0.053031873,-0.162183717,0.0961436331
0.132076323,0.0416523181,0.208070546,0.0751066059
0.33714211,0.0322453231,0.517893851,0.0472608544
0.452303618,0.0241411719,0.656196237,0.0265600272
0.445357531,0.0117176194,0.65226239,0.00918250252
0.335804671,-0.011469367,0.526528716,-0.0251280256
0.183377624,-0.048977349,0.307914883,-0.0858923718
0.0587356724,-0.0998433903,0.101652861,-0.166416943
0.0111047989,-0.158699229,0.0150450449,-0.258950889
0.0486917496,-0.216371357,0.0719105825,-0.347668201
0.140546679,-0.260359317,0.211941391,-0.409678996
0.237111911,-0.27601102,0.35289976,-0.424469829
0.297190189,-0.249886125,0.442146361,-0.382970721
0.306575239,-0.175729439,0.467083693,-0.279640108
0.279244542,-0.0610676594,0.440619975,-0.107715495
0.24240309,0.0696140975,0.389674276,0.0997879207
0.215795547,0.178998575,0.345902592,0.276866466
0.198412836,0.229182959,0.31651184,0.357101202
0.170621499,0.198144838,0.281305671,0.317818105
0.109984323,0.0928379446,0.18972753,0.157319412
0.0104509089,-0.048733972,0.0252697561,-0.0768096671
-0.107709326,-0.169743583,-0.172637388,-0.273583353
-0.204464629,-0.217303202,-0.325060993,-0.340929985
-0.240348011,-0.165921673,-0.386643976,-0.263066828
-0.199197337,-0.0302571114,-0.334146857,-0.0513622873
-0.0998302698,0.139874578,-0.171071112,0.226742193
0.0109897628,0.280811518,0.0158225987,0.444193572
0.0813724101,0.342940778,0.130856499,0.528217852
0.0807537213,0.311762899,0.135944262,0.486679167
0.0153771015,0.21188423,0.0362142213,0.348227501
-0.0759062916,0.092294611,-0.115271673,0.158008337
-0.143219754,0.000870417163,-0.233847931,0.00504613249
-0.152494878,-0.038509164,-0.253448665,-0.0600216277
-0.102471486,-0.0345173515,-0.175553292,-0.0557382181
-0.0224972051,-0.0188268088,-0.0432308801,-0.0302023571
0.0470732823,-0.0245598946,0.0761011392,-0.0406679697
0.0799200982,-0.065275684,0.13449873,-0.106392018
0.0791010559,-0.126441404,0.130420253,-0.208803609
0.0733353794,-0.174086213,0.116779886,-0.284540683
0.0963589475,-0.175492704,0.152498394,-0.287607819
0.161984563,-0.119887367,0.256985724,-0.201524988
0.250710279,-0.0270492285,0.395928055,-0.0523241088
0.317440659,0.0613925867,0.49371624,0.0880927518
0.317452759,0.103324577,0.496768445,0.152951464
0.236253276,0.0782445744,0.389333218,0.121779121
0.105296507,-0.00235744915,0.18624638,-0.00286766258
-0.00771695469,-0.102170058,-0.00879302993,-0.166394085
-0.0313732959,-0.180616021,-0.056915421,-0.292273939
0.0700843558,-0.214943498,0.100718625,-0.346097142
0.271816194,-0.211091205,0.403297335,-0.327985913
0.492860138,-0.19704248,0.663383663,-0.27673164
0.630083978,-0.202617094,0.756917417,-0.253762901
0.605958939,-0.237773314,0.739100695,-0.299155295
0.406516612,-0.282739997,0.576090217,-0.403639644
0.0901468918,-0.296757877,0.151932806,-0.475307584
-0.237565219,-0.241444409,-0.361082345,-0.381453216
-0.470586151,-0.105901413,-0.671160281,-0.152021006
-0.547638774,0.0811392292,-0.739399374,0.111062236
-0.474074453,0.260272086,-0.646989048,0.35752213
-0.31117481,0.368091285,-0.443124622,0.52883935
-0.14057599,0.36805442,-0.208520025,0.561005056
-0.0237276498,0.269021004,-0.0331086926,0.437595636
0.0225365162,0.121023186,0.0438924283,0.207370028
0.0233568642,-0.0101310704,0.0424395613,-0.0135829644
0.0206511691,-0.0763121322,0.0334213302,-0.128239796
0.042039115,-0.0708422139,0.0664429963,-0.120123357
0.0827954486,-0.0297953151,0.133296356,-0.0532054789
0.111123271,-0.0100157037,0.185556978,-0.0201431643
-0.23185651,0.17621094,-0.34174183,0.256259531
-0.0906048417,0.0983469412,-0.164651245,0.189415172
0.0443998203,0.0185373332,0.0717299953,0.0357599296
0.108912967,-0.0334269106,0.18228358,-0.0568049811
0.079182677,-0.032825347,0.13531822,-0.0607105903
-0.0142247742,0.0285268985,-0.0191132724,0.040872138
-0.0997318476,0.135579795,-0.161233813,0.21682927
-0.10071744,0.252522945,-0.161436886,0.402111053
0.0225880668,0.334889323,0.0314306766,0.521934807
0.246672601,0.347001463,0.360654205,0.515237749
0.488996178,0.277399659,0.651840687,0.369069129
0.643440485,0.145200282,0.783243477,0.170268044
0.631296039,-0.00594865484,0.789470077,-0.014714743
0.442908257,-0.124215774,0.646532595,-0.187381178
0.148157597,-0.169561192,0.252182871,-0.284374326
-0.131529748,-0.12907277,-0.209311068,-0.220636934
-0.277853727,-0.0214714464,-0.445404232,-0.0356724672
-0.23118481,0.110733114,-0.380719095,0.180876702
-0.0196656752,0.217866763,-0.0446893163,0.35844487
0.253188968,0.261633992,0.381526917,0.404445469
0.457253098,0.228448674,0.638163924,0.314269781
0.497688472,0.132972479,0.6951226,0.177272305
0.359982222,0.0113076335,0.562192857,0.0113624968
0.116206624,-0.0929453298,0.205438167,-0.158327654
-0.110440627,-0.144392028,-0.175150111,-0.239365935
-0.205379128,-0.127868608,-0.337879986,-0.204866618
-0.117617041,-0.0530310795,-0.209402055,-0.0843825042
0.116309203,0.0496112369,0.176182434,0.0824698955
0.390141755,0.13963525,0.571169496,0.203319073
0.577865243,0.180951506,0.743020773,0.223919332
0.591290176,0.154689729,0.756013095,0.188387677
0.41821152,0.0663741603,0.626661241,0.0909511
0.124637432,-0.0552901849,0.225997046,-0.0968011469
-0.177678838,-0.167997614,-0.275275052,-0.269851089
-0.381279528,-0.230771244,-0.557203293,-0.330887467
-0.426932007,-0.21899873,-0.615896881,-0.304917783
-0.322863132,-0.133888364,-0.508175015,-0.20151931
-0.133872375,-0.00246035145,-0.235868916,-0.00266477116
0.0510554276,0.132239252,0.0762170106,0.216503173
0.155878216,0.227042839,0.252175182,0.358161628
0.143396884,0.254392654,0.236826152,0.399044842
0.0218625627,0.211601108,0.0511430576,0.342859298
-0.165842146,0.120093748,-0.256378323,0.199408516
-0.361852348,0.0154140629,-0.545303345,0.0322948508
-0.512260735,-0.0673191249,-0.707235694,-0.0837601498
-0.57961899,-0.10613732,-0.754572928,-0.129064798
-0.548395395,-0.0980591625,-0.737232327,-0.123063408
-0.425814092,-0.0564846173,-0.634002149,-0.0754783452
-0.240166143,-0.00251746061,-0.39717412,0.00325867115
-0.0363452584,0.045013316,-0.0700432509,0.0781246573
0.133212611,0.0762232915,0.215859696,0.126808062
0.222809985,0.0912857428,0.360782802,0.142648011
0.209906891,0.0968285277,0.344834208,0.151180178
0.106899008,0.100562267,0.18617551,0.160782978
-0.0390912294,0.107236557,-0.0551316701,0.176818132
-0.161661819,0.117456876,-0.257379353,0.19392705
-0.201693699,0.128826499,-0.325457901,0.213231876
-0.134097129,0.137665719,-0.223899961,0.231372043
0.018243866,0.139851525,0.0231970213,0.236095622
0.191625774,0.130683184,0.305301815,0.212513044
0.308328271,0.104946569,0.481353253,0.160010278
0.311573535,0.0584576502,0.492544055,0.0862225071
0.192208692,-0.00887958519,0.32356289,-0.0192206725
-0.00613102131,-0.0901988074,0.00123031379,-0.151637927
-0.206477091,-0.171517268,-0.324957818,-0.271722853
-0.333578497,-0.23585391,-0.499659866,-0.345452607
-0.347674042,-0.27062735,-0.515749097,-0.387091458
-0.260700911,-0.27470991,-0.405647635,-0.40746066
-0.12750268,-0.260640711,-0.214869782,-0.407248378
-0.0171713606,-0.249410003,-0.0343253724,-0.399995059
0.0205542799,-0.259277284,0.0294046253,-0.415258199
-0.0230487082,-0.294110358,-0.0363246687,-0.46538496
-0.116094597,-0.338177145,-0.179126143,-0.519054711
-0.206930816,-0.361800402,-0.309858739,-0.533892274
-0.253280818,-0.336633086,-0.379825294,-0.494957626
-0.243801817,-0.253399134,-0.383835882,-0.390355557
-0.200948089,-0.132246494,-0.33265388,-0.214358777
-0.164545685,-0.0184455812,-0.274800241,-0.0308732595
-0.165970534,0.0366945788,-0.27069968,0.0624889582
-0.20767574,0.00158600602,-0.331098735,0.0106895585
-0.25958842,-0.116124704,-0.408454746,-0.172599271
-0.274516344,-0.26751107,-0.41852352,-0.392148107
-0.214326441,-0.381010056,-0.324564487,-0.548451185
-0.0728311837,-0.394403219,-0.124105677,-0.587247729
0.116966978,-0.285130739,0.166415721,-0.452481568
0.295432866,-0.0835560635,0.449998528,-0.145312876
0.402586013,0.138552979,0.591350555,0.188480332
0.405119956,0.299900025,0.573885739,0.407631218
0.310979545,0.346938938,0.457086205,0.491355866
0.16474773,0.278308839,0.270489126,0.433440119
0.0266125035,0.144143432,0.0563573129,0.242821351
-0.0545785502,0.0204060934,-0.0847340748,0.0398134403
-0.0614224151,-0.0289934222,-0.106591515,-0.047565423
-0.012456594,0.0166855212,-0.0270236693,0.0253335107
0.0498708226,0.126181155,0.0777339041,0.203369156
0.0810169876,0.233748734,0.13326019,0.37054038
0.055334501,0.273625195,0.096900247,0.432703257
-0.0230319537,0.21354942,-0.0257905591,0.350926667
-0.123238139,0.0703500286,-0.1939888,0.125307947
-0.202231139,-0.0996937901,-0.323595047,-0.150212988
-0.223478869,-0.229772106,-0.353936195,-0.350672066
-0.171843529,-0.275060117,-0.278058708,-0.42432791
-0.0590329729,-0.2319756,-0.108112529,-0.374345124
0.0815739632,-0.135096386,0.121209867,-0.226963192
0.207800508,-0.0349325538,0.332658142,-0.0622725785
0.283923417,0.030231664,0.450001121,0.0422446318
0.292803645,0.0527959093,0.466399729,0.0783326179
0.241004288,0.055202581,0.392760783,0.0820606351
0.155549541,0.0719289184,0.261507928,0.113393985
0.0736433342,0.125522956,0.1264714,0.200909436
0.0288373362,0.210952669,0.0487456955,0.33796224
0.0383567922,0.297179341,0.0622097105,0.466010213
0.0961764753,0.344573349,0.150355116,0.529031932
0.174782336,0.327581078,0.269435704,0.498892903
0.235582009,0.249212518,0.368514448,0.385747552
0.244495973,0.138987973,0.394617319,0.221948773
0.186729968,0.0358981267,0.314061105,0.0565034822
0.0744198114,-0.033165399,0.130805194,-0.0580128841
-0.0566949397,-0.0664206669,-0.0897882059,-0.113012411
-0.16089803,-0.0837872624,-0.262078375,-0.136035487
-0.201077506,-0.109253839,-0.328484952,-0.172322407
-0.164321736,-0.150163203,-0.272474796,-0.236887187
-0.0675481334,-0.186989143,-0.118971482,-0.299998969
0.0495080762,-0.181398481,0.0709145963,-0.295969903
0.140869409,-0.0994976014,0.222908616,-0.170780629
0.172967166,0.0626085475,0.281537473,0.0872273818
0.137020051,0.266611725,0.22088857,0.405395061
0.0499622934,0.442562759,0.0850213543,0.637381554
-0.0556455627,0.519358575,-0.0626722425,0.714078903
-0.147094771,0.460676759,-0.196874112,0.658305049
-0.204616264,0.28746447,-0.303535879,0.453362793
-0.226187125,0.0737565905,-0.35871762,0.133915275
-0.222928867,-0.0842292979,-0.359782875,-0.127154902
-0.20894514,-0.111871384,-0.34236452,-0.180579662
-0.191951066,0.00830462202,-0.319005758,0.00659448607
-0.169861987,0.226987407,-0.272762239,0.352691948
-0.134529963,0.449529976,-0.190379709,0.642076969
-0.0794788301,0.578406096,-0.095135577,0.757668555
-0.0063396045,0.556391776,0.000299897249,0.746968985
0.0741047785,0.390182912,0.117618971,0.592294931
0.146668777,0.144162983,0.245209113,0.246613562
0.198911384,-0.0912536606,0.325259745,-0.141373336
0.225790948,-0.24039638,0.347824752,-0.376982987
0.228726804,-0.272671819,0.345879108,-0.426269174
0.20994018,-0.209400773,0.326202452,-0.339828998
0.166551277,-0.106472097,0.269599676,-0.182987779
0.0896803662,-0.0237423573,0.152475506,-0.0447439142
-0.0290716682,0.00277651055,-0.041040197,0.00272625429
-0.186426684,-0.0267650057,-0.297970116,-0.0406348072
-0.358354837,-0.0827176422,-0.54137361,-0.119294539
-0.500428379,-0.125316024,-0.691026509,-0.165005147
-0.560781956,-0.125295684,-0.740982533,-0.156900287
-0.501938641,-0.0756588578,-0.704419971,-0.0992948562
-0.321753532,0.00916531961,-0.512901008,0.0210136026
-0.0622507371,0.10339351,-0.118712626,0.175550371
0.20037514,0.181910098,0.311648041,0.290657282
0.382606924,0.227891639,0.560518146,0.325716197
0.426632524,0.234052911,0.611120284,0.322180599
0.324816108,0.200047627,0.502559841,0.295076936
0.123899393,0.130273178,0.218874022,0.20950298
-0.0937779695,0.0344685838,-0.142888173,0.0604919195
-0.244040966,-0.0702073276,-0.38933751,-0.104461357
-0.274531245,-0.159501061,-0.434645772,-0.240446106
-0.18329069,-0.207961172,-0.301357746,-0.322544754
-0.0146753462,-0.199737817,-0.0385213196,-0.32397002
0.164109603,-0.139138371,0.254554749,-0.230690554
0.293612957,-0.0539161935,0.456170708,-0.0933676511
0.345066607,0.0131357806,0.53261745,0.0114805941
0.325730473,0.0225404389,0.511584342,0.0278198589
0.266338259,-0.0416901857,0.429640591,-0.0690608323
0.199475795,-0.160827622,0.323613435,-0.256353766
0.141658008,-0.28663367,0.221473888,-0.447734326
0.0887245685,-0.362453401,0.1303543,-0.553432763
0.0259182714,-0.350926727,0.0344834439,-0.544407904
-0.0546756461,-0.254505992,-0.0914329141,-0.413869321
-0.140934274,-0.117502399,-0.233801693,-0.19843322
-0.200881153,-0.00716059422,-0.328694761,-0.0123785529
-0.197550505,0.0180570632,-0.324674755,0.0365368687
-0.110997438,-0.0621970743,-0.188135028,-0.0903218389
0.0449581146,-0.217829213,0.0651109442,-0.340359896
0.221739963,-0.379566967,0.312740535,-0.550287902
0.353367329,-0.468882054,0.448835075,-0.616040945
0.384979308,-0.432537287,0.496415675,-0.57620275
0.298939049,-0.2656537,0.442928582,-0.411578536
0.125366509,-0.0130925411,0.21174176,-0.0439201929
-0.0687911734,0.250390351,-0.100739002,0.385741979
-0.207591653,0.450890154,-0.283076406,0.633926868
-0.237958074,0.542493165,-0.302594751,0.708687246
-0.15076457,0.519513905,-0.200077847,0.71084398
0.0182437003,0.410879195,0.0282884836,0.619179249
0.207138777,0.262439281,0.321655363,0.415299118
0.356162637,0.117567316,0.541952252,0.179618269
0.431695729,0.00496668089,0.635490835,0.00193718018
0.434884638,-0.0632367805,0.635959387,-0.101048835
0.392432183,-0.0863785222,0.587320805,-0.139446393
0.33633256,-0.0694370419,0.519895852,-0.116485409
0.284583747,-0.0212042425,0.450533211,-0.043776758
0.2335255,0.0435599349,0.378098547,0.0627423674
0.165384591,0.102244332,0.274809927,0.160847187
0.0658094138,0.127748057,0.117266715,0.208981201
-0.0595601685,0.0985652655,-0.0893232673,0.165584207
-0.18001537,0.0115785692,-0.287118912,0.0253242329
-0.250378698,-0.110189006,-0.398630381,-0.164640352
-0.232640326,-0.221664965,-0.371332914,-0.336691976
-0.117464975,-0.2726942,-0.197226718,-0.424542129
0.066233024,-0.231303439,0.0904393941,-0.374036133
0.259727806,-0.101727329,0.399388224,-0.171807766
0.397851706,0.0732619092,0.590074241,0.0950364545
0.436394334,0.228948057,0.617991924,0.30887872
0.370285571,0.307522863,0.53414911,0.427758604
0.233759746,0.285333782,0.369805366,0.429865807
0.0826866925,0.184417725,0.149979964,0.302890539
-0.0318395346,0.0615777448,-0.0447266214,0.108030036
-0.0853605196,-0.0202929452,-0.143226638,-0.0289728045
-0.0867437422,-0.024390962,-0.147707522,-0.0410067178
-0.06722752,0.0409542955,-0.116102226,0.0661259368
-0.0586668849,0.126668006,-0.0970781371,0.206743449
-0.0734093934,0.169027939,-0.116789803,0.279255182
-0.0971081629,0.124300599,-0.152433276,0.21161668
-0.0985299125,-0.00605310453,-0.159687176,0.00115872954
-0.0508845225,-0.173028722,-0.08545845,-0.272811681
0.0474907495,-0.302364528,0.0647477135,-0.470538765
0.165429324,-0.330520302,0.240491346,-0.508559048
0.249930128,-0.23626183,0.376959532,-0.375837833
0.251511097,-0.0519432463,0.398880303,-0.099563241
0.151387438,0.151068404,0.251676142,0.230788678
-0.0239490382,0.295284182,-0.0234451797,0.459045231
-0.209509715,0.331728995,-0.300896585,0.503061056
-0.328191519,0.259386986,-0.476599962,0.39488107
-0.324943393,0.120808467,-0.49898231,0.200998828
-0.192496315,-0.0223687142,-0.321197152,-0.022743227
0.0239192322,-0.12028636,0.0246342849,-0.192625329
0.245466754,-0.156038448,0.37590456,-0.249772161
0.39346242,-0.147189662,0.578444719,-0.227377817
0.422228903,-0.12874122,0.615963519,-0.196311072
0.336044282,-0.128556535,0.51871407,-0.204234272
0.183239385,-0.149746209,0.301600218,-0.247611329
0.0316337124,-0.169908807,0.055235792,-0.281751186
-0.0619442835,-0.15717873,-0.104309097,-0.260904044
-0.0735105202,-0.0933215395,-0.130492806,-0.157077745
-0.0161213372,0.0100206705,-0.0352706239,0.0137886889
0.0730510876,0.112164415,0.116689555,0.183982566
0.15382053,0.162091985,0.251532167,0.262250721
0.200405091,0.125752583,0.328020871,0.203455374
0.207015425,0.00744096562,0.341610581,0.0155624636
0.181260809,-0.146801308,0.297610998,-0.234532326
0.132195517,-0.266877979,0.20941931,-0.421111733
0.0622491464,-0.289747387,0.0936089233,-0.462204576
-0.0312662497,-0.189206451,-0.0541053675,-0.320287138
-0.146535814,0.0101087289,-0.242642567,0.00547430664
-0.267196625,0.241483197,-0.406389385,0.363777101
-0.360822588,0.423736364,-0.475682765,0.571134508
-0.390119433,0.494908452,-0.478592932,0.624569416
-0.332807302,0.436675042,-0.440858543,0.594888747
-0.199440584,0.278943837,-0.304541528,0.443581611
-0.0375354178,0.0836735144,-0.0630449131,0.154393673
0.0834683403,-0.0834683403,0.135985896,-0.13266176
0.10160204,-0.179985136,0.165745378,-0.296128273
-0.0074918326,-0.200033054,-0.00741906837,-0.333765656
-0.215393692,-0.169732824,-0.338100433,-0.275656015
-0.450032145,-0.128418818,-0.642235458,-0.183207989
-0.62637037,-0.10618937,-0.777792811,-0.121190153
-0.684453607,-0.108974062,-0.797654569,-0.115510993
-0.616021872,-0.117774934,-0.771382987,-0.136640072
-0.466051489,-0.101347394,-0.668870986,-0.134848148
-0.308188647,-0.0350991935,-0.492309332,-0.0500807874
-0.206611022,0.0835736841,-0.339104116,0.135897771
-0.184142843,0.230999157,-0.288547039,0.361743152
-0.213343188,0.365769267,-0.308192879,0.539641738
-0.23518163,0.445721388,-0.319302738,0.625817418
-0.195115924,0.445281446,-0.270174831,0.635876596
-0.0768231153,0.365414053,-0.1151691,0.563261092
0.0852081552,0.232297152,0.135305628,0.382835686
0.221839651,0.0861729532,0.358162075,0.143879443
0.266260684,-0.0339792371,0.429048896,-0.0556782335
0.192237154,-0.103090517,0.317633569,-0.173409462
0.0327785201,-0.115163177,0.0606367365,-0.197536498
-0.13175185,-0.0801643357,-0.214116156,-0.137540132
-0.211102143,-0.0157562513,-0.345556021,-0.0253381059
-0.149595782,0.0611560233,-0.253994584,0.104893126
0.0449779108,0.138932437,0.0640214607,0.232421592
0.302849621,0.210517719,0.455269843,0.318205684
0.523498297,0.269553185,0.681943953,0.342305094
0.621017098,0.307051241,0.728991568,0.347353429
0.561312735,0.311824203,0.696921647,0.372897297
0.373708099,0.275288522,0.548138082,0.38593477
0.13307558,0.198180094,0.231747732,0.315547705
-0.0765339285,0.0949151739,-0.113315135,0.160972536
-0.197513312,-0.00803842582,-0.31966871,-0.00511388294
-0.216588035,-0.080509752,-0.354709029,-0.124264888
-0.158957958,-0.100681312,-0.269237876,-0.15974474
-0.0658475831,-0.0652855933,-0.118962221,-0.108796477
0.029396046,0.00745971594,0.0430541895,0.00984072313
0.112839721,0.084497571,0.183606401,0.136205196
0.184578195,0.131847858,0.299611896,0.210835412
0.243178129,0.129614517,0.389700562,0.205204725
0.273150682,0.0808888823,0.436811775,0.126605868
0.246372223,0.00994247478,0.401147157,0.0132620251
0.138800174,-0.0497949049,0.236131817,-0.0868523642
-0.0471479222,-0.0723344386,-0.069468841,-0.126524508
-0.269683897,-0.0521367267,-0.422269315,-0.0843334347
-0.455570489,-0.00688115926,-0.656401873,-0.00703037856
-0.528852344,0.0316720046,-0.72339648,0.0539053977
-0.447681576,0.0343743935,-0.654140353,0.0616363287
-0.229977831,-0.00941266026,-0.383117497,-0.00185174216
0.0474389605,-0.0849061161,0.0639973506,-0.129467338
0.278725088,-0.157804757,0.427256078,-0.246139452
0.375159234,-0.19041273,0.552503526,-0.290991664
0.30550921,-0.160163224,0.475300878,-0.258082241
0.110495307,-0.071409449,0.190790355,-0.129903898
-0.116256602,0.0453341939,-0.184530675,0.06526912
-0.271663427,0.146259815,-0.423259497,0.231980577
-0.289762348,0.19283013,-0.445835322,0.305008411
-0.16891773,0.167021111,-0.276939273,0.279154062
0.0325664356,0.0762791559,0.0478577279,0.140083387
0.228419185,-0.0532368161,0.363637686,-0.0804614797
0.346380681,-0.190555125,0.518628061,-0.28741464
0.358713746,-0.313094705,0.51008749,-0.451551199
0.287226945,-0.412464052,0.399631768,-0.581302404
0.183120757,-0.490888536,0.247899055,-0.67833811
0.0951859653,-0.551875055,0.120479576,-0.736818254
0.0449061878,-0.5919379,0.0498016737,-0.764114559
0.0215318669,-0.599239945,0.017397603,-0.768411398
-0.0022289725,-0.560449839,-0.0111792088,-0.747038662
-0.0453263856,-0.471666187,-0.0721651614,-0.676841259
-0.100602113,-0.346179605,-0.159404412,-0.536725223
-0.13560687,-0.213086516,-0.223852947,-0.345494568
-0.111937456,-0.105824888,-0.192150608,-0.17390956
-0.0116172917,-0.0457931906,-0.0277901124,-0.0740623921
0.14562428,-0.0298262518,0.232420236,-0.0469448008
0.305549651,-0.0291614104,0.474382907,-0.048109144
0.402967185,-0.00194889912,0.600290835,-0.0126037486
0.393821925,0.085823901,0.591110528,0.115100674
0.278713793,0.241049543,0.431863546,0.350102425
0.104854263,0.435786724,0.165287271,0.619505405
-0.0552531593,0.61571157,-0.0563296787,0.773450375
-0.137872979,0.721432865,-0.143454418,0.801878035
-0.117702447,0.712966323,-0.126650646,0.802967668
-0.0184846278,0.586072981,-0.0189589188,0.766938329
0.100078776,0.373193353,0.155888215,0.573750913
0.171753243,0.129230142,0.28679195,0.220024347
0.154512554,-0.0904579684,0.260829329,-0.14385663
0.0479738526,-0.249365389,0.0820511207,-0.402690053
-0.109405696,-0.338207752,-0.166767791,-0.521617472
-0.259889066,-0.370233715,-0.380500466,-0.536200106
-0.351770759,-0.367955834,-0.494603813,-0.506969988
-0.35834378,-0.349377811,-0.509224355,-0.48222968
-0.283498108,-0.320791811,-0.427593768,-0.465272933
-0.15460293,-0.278592616,-0.254961967,-0.430803537
-0.00909426808,-0.217185572,-0.0262862016,-0.352268904
0.117741212,-0.137011647,0.183647498,-0.227859601
0.199582994,-0.0474762358,0.321786493,-0.0853353962
0.221029088,0.0366530009,0.359636694,0.0516031124
0.17802529,0.102528565,0.29540801,0.159129173
0.0793471411,0.145177171,0.139721066,0.234429643
-0.0515622944,0.168279544,-0.0757325888,0.275015414
-0.177976757,0.179508626,-0.278743923,0.289699227
-0.25790295,0.183782071,-0.399487823,0.291618705
-0.258436054,0.179123223,-0.404006243,0.287093669
-0.171103209,0.158042058,-0.279879928,0.262626112
-0.0199683551,0.113611273,-0.0383682027,0.195846841
0.143849939,0.0461601503,0.233179376,0.0802970529
0.261215448,-0.0341017917,0.41604355,-0.0551426038
0.289914876,-0.110691309,0.455592752,-0.177452341
0.22349292,-0.168722481,0.358631045,-0.275040686
0.0939237326,-0.202018589,0.156030238,-0.332508147
-0.0441260636,-0.214573249,-0.0710548311,-0.349953115
-0.139983207,-0.21496436,-0.225786895,-0.343291759
-0.170960084,-0.207155675,-0.27868405,-0.327320307
-0.151085243,-0.184190392,-0.250849724,-0.293937802
-0.120098896,-0.130318716,-0.203657642,-0.215580836
-0.11905694,-0.0321941413,-0.20144999,-0.0565356128
-0.16636923,0.106439941,-0.270013094,0.168252423
-0.24787347,0.255860001,-0.374463707,0.391390055
-0.326534867,0.365005434,-0.452566028,0.517250359
-0.365983039,0.380705684,-0.493278682,0.529557407
-0.353863448,0.273973614,-0.50717032,0.409046322
-0.31077531,0.0602040477,-0.481108278,0.112014964
-0.27875641,-0.198893815,-0.430200756,-0.290136367
-0.295332223,-0.415838778,-0.414272845,-0.568719387
-0.368130952,-0.513245404,-0.463612527,-0.636768997
-0.46557647,-0.458963066,-0.570228159,-0.557843268
-0.530548036,-0.283060402,-0.685103297,-0.36329478
-0.510772228,-0.0668265894,-0.713050485,-0.0911155343
-0.389518946,0.092742607,-0.590580165,0.145763919
-0.198952451,0.127048254,-0.325726181,0.21537292
-0.00734118139,0.0275583826,-0.0167902708,0.0596649349
0.114358746,-0.1506899,0.18619743,-0.238010705
0.129179657,-0.31605193,0.19989042,-0.489630431
0.0541096628,-0.384963751,0.0802164227,-0.585231185
-0.0481802858,-0.322603405,-0.0801464468,-0.510295212
-0.102270529,-0.159502298,-0.174638063,-0.269677758
-0.0604420416,0.0241101701,-0.110952966,0.0366238765
0.070985049,0.138413414,0.11104393,0.229528621
0.233801663,0.128563538,0.371280551,0.210400313
0.347757459,0.00159381656,0.538404405,0.00446135132
0.352443814,-0.177497759,0.534769118,-0.267066807
0.239085272,-0.318106472,0.363743007,-0.482199878
0.0555709079,-0.348312557,0.0861326233,-0.543014228
-0.117585614,-0.248965174,-0.189142168,-0.405685782
-0.207280457,-0.061025098,-0.342801481,-0.106785089
-0.182697862,0.136560962,-0.302787304,0.219544381
-0.0673314482,0.266360372,-0.111164905,0.426034868
0.0767614916,0.288953185,0.122099213,0.46007365
0.182500124,0.21836409,0.293531269,0.350161344
0.210355118,0.109791152,0.345876545,0.17690739
0.163057238,0.0274180528,0.275061667,0.0412751362
0.0765154064,0.0100071523,0.132307723,0.0102183679
-0.00544739468,0.0523837619,-0.00810274854,0.0822569877
-0.0565802455,0.111891977,-0.0921191797,0.183861881
-0.0792593807,0.135383368,-0.127668649,0.225988597
-0.096174486,0.0914584398,-0.155270964,0.159157634
-0.12975423,-0.00986278895,-0.21209088,-0.00803252961
-0.183574528,-0.12092226,-0.295783967,-0.189378187
-0.238096595,-0.181879804,-0.378244817,-0.283567697
-0.263532639,-0.154378071,-0.419859558,-0.241841927
-0.241413608,-0.045334056,-0.395246685,-0.0730957836
-0.180500761,0.0923873335,-0.300294161,0.150464296
-0.115785301,0.183871254,-0.18795009,0.300900578
-0.0897038281,0.169371575,-0.141813308,0.283610702
-0.126101598,0.0364459082,-0.19976522,0.0707321391
-0.212854192,-0.169375643,-0.333479077,-0.257291704
-0.304827929,-0.361563891,-0.438514918,-0.50741756
-0.347167164,-0.450030804,-0.468732446,-0.591653705
-0.306502461,-0.381897569,-0.442800254,-0.537229061
-0.192044705,-0.166679978,-0.322328031,-0.272070497
-0.0533964373,0.125827119,-0.101445392,0.198590204
0.0451045595,0.394052058,0.068811886,0.585634232
0.0598980784,0.546585739,0.0941248611,0.735736132
-0.00654063141,0.538767397,0.00598945981,0.733283043
-0.105845742,0.388025165,-0.143318102,0.587286234
-0.170405149,0.162117466,-0.264828801,0.275992006
-0.152246818,-0.0532391481,-0.251427174,-0.0733012035
-0.0521238111,-0.191956282,-0.0961109623,-0.306896716
0.0786145031,-0.233401135,0.114514358,-0.376439869
0.165858492,-0.205669194,0.257706165,-0.334986955
0.155711561,-0.166286752,0.252911896,-0.275522262
0.0485254116,-0.170608297,0.0854663029,-0.282690257
-0.0962585136,-0.243298978,-0.149712577,-0.386249214
-0.189167112,-0.366151482,-0.284203976,-0.536424756
-0.159387365,-0.487360716,-0.232667252,-0.666991293
0.0030233087,-0.547217429,-0.0142818401,-0.732613266
0.235325232,-0.507708848,0.29519242,-0.679715991
0.429047555,-0.372049004,0.551751256,-0.502929866
0.483284116,-0.185172275,0.661421478,-0.271249741
0.357153386,-0.01519542,0.552503288,-0.0384858847
0.093717441,0.0754456148,0.172680125,0.114844568
-0.198010415,0.0560386851,-0.305141419,0.0949393734
-0.394598693,-0.0606122427,-0.587004125,-0.0765461326
-0.417304873,-0.225205436,-0.600984037,-0.304469228
-0.268760443,-0.373667657,-0.401237667,-0.524169922
-0.0289432127,-0.453124851,-0.0608501583,-0.649053156
0.186671659,-0.440470874,0.247928575,-0.62955296
0.284516126,-0.346208751,0.404946268,-0.513381958
0.236269981,-0.203731716,0.369490743,-0.332784891
0.0868329704,-0.0510858372,0.151507571,-0.0974054039
-0.0751671195,0.084851861,-0.117828712,0.13426213
-0.166810855,0.194204524,-0.26446408,0.31130892
-0.153166994,0.27852574,-0.240956038,0.438543499
-0.0605368763,0.339005172,-0.0937795192,0.527580082
0.0445232093,0.367064118,0.0703868791,0.560888827
0.0968395025,0.344371617,0.156661123,0.528820097
0.070768103,0.253539354,0.124997966,0.407619327
-0.00627401425,0.0939431414,0.000764336553,0.162541568
-0.0715293437,-0.106909297,-0.114417292,-0.168349698
-0.0648838729,-0.294827729,-0.107639745,-0.455729663
0.0348454975,-0.40541926,0.0375062004,-0.601995409
0.195774853,-0.389745682,0.269616991,-0.574537754
0.348641127,-0.237573579,0.501042485,-0.363174379
0.423289776,0.0135126738,0.618010223,-0.000723665929
0.385623187,0.28894636,0.553295374,0.390466899
0.254813582,0.504480243,0.352603734,0.657586098
0.09179876,0.598380983,0.132180512,0.761666536
-0.0340710096,0.55420661,-0.0326294787,0.744530916
-0.0816618204,0.40403235,-0.111661777,0.609621048
-0.0580878444,0.211150482,-0.0885015652,0.354904264
-0.0117756231,0.0409195051,-0.0197168682,0.0781174824
-0.00302534504,-0.0662256554,-0.00631111208,-0.108723365
-0.068527855,-0.107206531,-0.111612022,-0.180532977
-0.199104786,-0.109467462,-0.317891002,-0.179174751
-0.342389494,-0.109946795,-0.52173686,-0.165888563
-0.428671956,-0.131798074,-0.623731315,-0.181951687
-0.406073958,-0.171325862,-0.597721994,-0.238630295
-0.266867161,-0.201647982,-0.424107581,-0.302247226
-0.051980637,-0.190411106,-0.10072241,-0.306863189
0.167681962,-0.121340841,0.258797467,-0.20167309
0.322921276,-0.00743500143,0.497791976,-0.0226495173
0.375047356,0.111835681,0.567276776,0.155431658
0.328576475,0.188359112,0.504901886,0.276182413
0.223485142,0.18922025,0.363570243,0.293846011
0.112818122,0.114214204,0.195271403,0.188639313
0.0376710147,-0.00217107125,0.0680464953,0.00151699444
0.0112953326,-0.105646089,0.0168410279,-0.170827657
0.0182840563,-0.146752968,0.0255172681,-0.243771896
0.0270598903,-0.103353694,0.0396777652,-0.176898897
0.00818627048,0.00964200404,0.0130531164,0.00803066045
-0.0503461957,0.147473767,-0.0801212341,0.235807344
-0.1369645,0.255623639,-0.208770022,0.401900351
-0.220871359,0.292983949,-0.327646494,0.452181041
-0.264097631,0.247585058,-0.396204203,0.386597335
-0.236273915,0.138726175,-0.374364167,0.233974829
-0.127109349,0.00618949207,-0.215027243,0.0219757706
0.0472007394,-0.107059836,0.0692081898,-0.169476017
0.245757282,-0.170353308,0.375957817,-0.26908204
0.413205147,-0.172959924,0.592965066,-0.258966833
0.496498227,-0.122657605,0.686562061,-0.1818901
0.463676333,-0.0384306759,0.666449428,-0.0684168637
0.318097234,0.0576929636,0.502077401,0.075663805
0.101488672,0.145937324,0.178902373,0.227621362
-0.117773771,0.21053499,-0.176872075,0.335166544
-0.268910468,0.239909723,-0.405255973,0.372486204
-0.30683744,0.2278063,-0.462191254,0.353121936
-0.0463713035,-0.139113903,-0.0854910389,-0.193129435
-0.104213998,-0.21799536,-0.162691206,-0.36498633
-0.121781468,-0.296771139,-0.193108499,-0.45865202
-0.0806305707,-0.342443615,-0.134780109,-0.522109151
0.0165953543,-0.343058676,0.0133516043,-0.528293848
0.141238317,-0.31259197,0.205391005,-0.483737051
0.24706009,-0.280418098,0.366209418,-0.431349337
0.289457053,-0.272464305,0.429961741,-0.413897008
0.246407658,-0.295516938,0.372912019,-0.45184952
0.130226105,-0.333670735,0.201279268,-0.515485525
-0.0167323276,-0.358369201,-0.0250190087,-0.551957428
-0.141177833,-0.345503807,-0.216587901,-0.525336623
-0.203708678,-0.289285839,-0.319853008,-0.444333375
-0.196912169,-0.205065444,-0.319190651,-0.324569255
-0.147427902,-0.1201948,-0.247927964,-0.195606932
-0.100747645,-0.0591002628,-0.16981107,-0.0952289775
-0.0963999033,-0.0317151882,-0.159791932,-0.0519212149
-0.146177426,-0.0317165032,-0.237379983,-0.0493322723
-0.226587519,-0.044493977,-0.364047199,-0.067896232
-0.289516717,-0.0586296022,-0.457259625,-0.0880514383
-0.285946041,-0.0727271512,-0.455357432,-0.107868157
-0.191116676,-0.092881687,-0.318849534,-0.143170267
-0.0189979076,-0.122692361,-0.0432015769,-0.196937591
0.180693403,-0.153245509,0.280998379,-0.243982539
0.34127903,-0.161268726,0.510480642,-0.250336289
0.404952824,-0.118912719,0.596327662,-0.186968938
0.344397694,-0.0110515691,0.531596541,-0.0316091664
0.171781421,0.149775073,0.286850214,0.224938482
-0.0670223311,0.320828587,-0.0909595713,0.488832116
-0.308891922,0.443073958,-0.40475291,0.603341103
-0.49315545,0.466423541,-0.572195768,0.562851727
-0.577602208,0.374155641,-0.667460084,0.448411822
-0.54707104,0.193570599,-0.710119367,0.267461598
-0.41443488,-0.0136770988,-0.616458714,-0.00198342162
-0.21583499,-0.177800432,-0.353241414,-0.268292367
-0.00210975623,-0.251132369,-0.0178214088,-0.397739053
0.172438547,-0.227543414,0.261338413,-0.365963131
0.262989342,-0.141618058,0.409134358,-0.233703524
0.246786594,-0.0485887341,0.397208184,-0.088495627
0.131568372,0.00418919139,0.224758103,-0.00101544615
-0.0445304289,-0.000518014887,-0.0633981451,-0.00248883106
-0.223987371,-0.0447290465,-0.354762018,-0.0685050339
-0.349734366,-0.0887510031,-0.5355528,-0.127941117
-0.386801511,-0.0949584693,-0.584153354,-0.134553745
-0.336245954,-0.0486529581,-0.526296377,-0.0705426931
-0.23398003,0.0347846784,-0.384615421,0.0594719164
-0.133654371,0.119218498,-0.223637804,0.196631998
-0.0808075964,0.167355046,-0.131032765,0.276083529
-0.090782553,0.159424305,-0.141191185,0.265051603
-0.142078415,0.101223558,-0.225840226,0.172591001
-0.189540967,0.0184710231,-0.305636734,0.0375311933
-0.191374525,-0.0578124747,-0.314358324,-0.0875052735
-0.135830238,-0.105764441,-0.230263039,-0.169079021
-0.0523372181,-0.119073667,-0.0934104249,-0.195306808
0.000895953795,-0.10312061,-0.00344539573,-0.173250973
-0.0316250026,-0.0652160868,-0.0511075631,-0.113307059
-0.167716622,-0.00664394209,-0.268116981,-0.0141729331
-0.368411899,0.0775221884,-0.551669121,0.115844227
-0.547520757,0.190441847,-0.714113772,0.252914131
-0.608529508,0.322850645,-0.710860372,0.383848041
-0.492700309,0.447651088,-0.590819418,0.541652024
-0.214596674,0.525104225,-0.289525092,0.699845016
0.134574115,0.517823517,0.178318486,0.712766349
0.420732915,0.408664465,0.551337063,0.536129475
0.524438322,0.212182835,0.7019943,0.280059308
0.395990431,-0.0268851947,0.606525481,-0.0424444117
0.081572704,-0.248184115,0.149843752,-0.400219947
-0.293379694,-0.396833599,-0.403377712,-0.561466992
-0.577343404,-0.44150576,-0.654944181,-0.489245206
-0.658530235,-0.381964773,-0.711304367,-0.39900893
-0.5130651,-0.244286671,-0.685726464,-0.315458268
-0.213328436,-0.0680466816,-0.365901321,-0.106842488
0.106919535,0.107206255,0.157100067,0.175154999
0.313677698,0.250256985,0.471604258,0.367298335
0.331206769,0.339886069,0.485851616,0.474707484
0.171136245,0.362983108,0.272375762,0.535348773
-0.0796971247,0.313848794,-0.102461949,0.489215672
-0.304512471,0.197269812,-0.450470388,0.31118837
-0.411542386,0.0336270481,-0.608818591,0.0655553266
-0.372101605,-0.139079005,-0.562243998,-0.192946404
-0.225103617,-0.271230638,-0.35849455,-0.404478103
-0.0488577634,-0.316473603,-0.0887977034,-0.489973783
0.0830150694,-0.250532895,0.120559268,-0.406854838
0.138093591,-0.0850952566,0.222114071,-0.153630495
0.136213347,0.131398544,0.222515509,0.20089744
0.131454691,0.328665793,0.206357539,0.497565717
0.176677078,0.44010371,0.257180482,0.625639617
0.290590286,0.428089499,0.404847234,0.592796028
0.444956303,0.297730654,0.608114898,0.408308268
0.578142583,0.0929836333,0.755371034,0.121432364
0.627202749,-0.122593075,0.776947021,-0.154770508
0.561287284,-0.291089475,0.699813664,-0.368936986
0.39905867,-0.379958391,0.535768688,-0.517066538
0.201496363,-0.388334334,0.295083523,-0.575681984
0.0441545397,-0.339390367,0.0662530884,-0.531788647
-0.0170415286,-0.264964789,-0.0351672657,-0.425844699
0.0301301964,-0.191395611,0.0378684737,-0.313739806
0.151051328,-0.133045271,0.236874148,-0.218913108
0.28223592,-0.0943185538,0.438415319,-0.152720273
0.36068359,-0.0757573098,0.549559176,-0.122645311
0.350464016,-0.0781754553,0.540209532,-0.126044467
0.25505203,-0.10149318,0.412648857,-0.167964965
0.111650676,-0.13985613,0.190164715,-0.235172793
-0.0277711023,-0.178271383,-0.0435376316,-0.293030083
-0.118856907,-0.195682928,-0.195782438,-0.315914094
-0.140906915,-0.175084651,-0.232746497,-0.282183051
-0.101277128,-0.115636244,-0.175565884,-0.190665901
-0.02869335,-0.0386663415,-0.0557005927,-0.0665954053
0.0396976918,0.018516887,0.0634260625,0.0298173539
0.0716458708,0.020461347,0.121721826,0.0336840749
0.0492919981,-0.04511711,0.0867122784,-0.0730420351
-0.0266339127,-0.154627576,-0.0401570685,-0.250374645
-0.137425378,-0.253766567,-0.214995906,-0.398487657
-0.250841528,-0.280986935,-0.381282449,-0.425706744
-0.328762174,-0.199278891,-0.501462221,-0.302194297
-0.337465256,-0.0200990774,-0.530666649,-0.0331294164
-0.258892924,0.19459264,-0.409997523,0.301374912
-0.0995916203,0.356098533,-0.15689531,0.545061707
0.106920533,0.389139175,0.159496725,0.586597681
0.307407886,0.269466043,0.459849745,0.409082651
0.445265919,0.0397118665,0.650975704,0.0639750808
0.480855107,-0.205987796,0.665991724,-0.285015374
0.407568485,-0.362821013,0.549953699,-0.496403128
0.255847365,-0.362752974,0.371204644,-0.538008511
0.0819250569,-0.205816016,0.132048622,-0.349717677
-0.05501353,0.0401054882,-0.0938984305,0.0505735874
-0.117645271,0.271017343,-0.185354009,0.422760904
-0.105944335,0.394622624,-0.154326856,0.591300666
-0.0556455627,0.370970428,-0.0774623901,0.571583092
-0.0199129712,0.226637527,-0.0243968759,0.376162708
-0.0424988009,0.0366550684,-0.0635237321,0.0697097555
-0.135050952,-0.115472883,-0.214477509,-0.186233595
-0.269524306,-0.178822115,-0.419090241,-0.278311729
-0.389552623,-0.156701282,-0.578974783,-0.230131686
-0.435580194,-0.0991615653,-0.637977481,-0.138632104
-0.372004122,-0.0718854964,-0.569713056,-0.100025848
-0.203763455,-0.118780032,-0.338589489,-0.177304506
0.0249563921,-0.237991065,0.0273854118,-0.370567858
0.248670474,-0.383175313,0.347690761,-0.551344752
0.406376243,-0.488223672,0.495374382,-0.611848176
0.463411272,-0.50155592,0.538425267,-0.597641766
0.420477986,-0.411809295,0.539143384,-0.542616546
0.307737619,-0.252098382,0.457805067,-0.392664492
0.16892302,-0.081771411,0.277432531,-0.149478212
0.0441539809,0.0437170155,0.0781444535,0.0645148456
-0.0409703329,0.0986668319,-0.0638756305,0.165003687
-0.0771918818,0.0957671925,-0.125483975,0.163943931
-0.0668839514,0.0743026361,-0.111555472,0.128289163
-0.0182376187,0.0755636841,-0.0334409252,0.127850115
0.0572355948,0.119264334,0.093330048,0.195129529
0.143300727,0.193323955,0.229423627,0.306167036
0.217035592,0.261556566,0.337611735,0.400605768
0.250930041,0.284147292,0.387903303,0.426590055
0.221294761,0.239481822,0.35300386,0.370618582
0.12053968,0.135994002,0.207844391,0.221788794
-0.0331461914,0.00866496749,-0.0423164107,0.0167852137
-0.195720673,-0.0969649255,-0.311907113,-0.153386369
-0.309951901,-0.144429609,-0.481281728,-0.218243867
-0.327350676,-0.11995852,-0.510025859,-0.180975676
-0.230100498,-0.0346625783,-0.381887287,-0.0539420433
-0.0421604402,0.0836797208,-0.0851709917,0.140791059
0.177205384,0.203260303,0.275047928,0.323084414
0.356129587,0.298407137,0.512575388,0.422504812
0.439585477,0.353437066,0.59061873,0.461882174
0.412149608,0.36104852,0.564039767,0.477579832
0.303241163,0.319355041,0.45363009,0.459712088
0.172101572,0.231537148,0.284130007,0.364931226
0.0795062706,0.108934805,0.138653204,0.184260234
0.0596814454,-0.0254630521,0.100629307,-0.0373681746
0.105805658,-0.137953341,0.167944878,-0.222614735
0.1757797,-0.192482039,0.272919178,-0.312476486
0.214974731,-0.16482763,0.338852495,-0.269367516
0.18442145,-0.0563096292,0.301589876,-0.105183333
0.0804923922,0.100956097,0.136764228,0.153618783
-0.0633208975,0.252343118,-0.091883406,0.396772414
-0.192844048,0.341172367,-0.280372381,0.515198529
-0.259212703,0.333179414,-0.374940515,0.499130696
-0.241419256,0.233473852,-0.370266289,0.373246044
-0.154698864,0.0868104324,-0.254056782,0.155784503
-0.0415433235,-0.0406266265,-0.074969478,-0.0587681197
0.0491728745,-0.0906990319,0.077673398,-0.151149914
0.0840349272,-0.040682096,0.137598336,-0.0763049945
0.0573750027,0.084752135,0.0960073769,0.130505174
-0.0108596953,0.223534241,-0.0112017049,0.354894221
-0.0888622254,0.304469943,-0.130765438,0.477131009
-0.149999321,0.281063646,-0.225527331,0.446076632
-0.184079289,0.15494141,-0.289064586,0.261381954
-0.197945967,-0.0227235463,-0.318277359,-0.0246156435
-0.206839249,-0.17329444,-0.332194835,-0.267106295
-0.222870886,-0.226657197,-0.352019936,-0.352622122
-0.247807369,-0.1546572,-0.39719215,-0.247925758
-0.273952127,0.0136796553,-0.439238489,0.017052535
-0.291536629,0.202635556,-0.447368324,0.308364421
-0.296976566,0.321698695,-0.430334538,0.474401385
-0.296036482,0.304673612,-0.428087771,0.459207565
-0.299488068,0.138456702,-0.457062066,0.231662557
-0.314006686,-0.131307676,-0.480318666,-0.182103425
-0.33458516,-0.419858515,-0.459413975,-0.556549072
-0.344325811,-0.638930976,-0.395478636,-0.708900869
-0.323141068,-0.732074857,-0.336587012,-0.737280607
-0.26110667,-0.69410795,-0.295001507,-0.756680131
-0.168489277,-0.567016006,-0.229707628,-0.731570303
-0.0753324553,-0.415791571,-0.12510708,-0.615599751
-0.0188755374,-0.296805382,-0.0390108861,-0.471093386
-0.0242217537,-0.234066635,-0.0413120426,-0.379018813
-0.088491641,-0.214029998,-0.143080696,-0.346329451
-0.178109467,-0.199958101,-0.284103513,-0.319404811
-0.242635623,-0.157108828,-0.387643069,-0.247228131
-0.239656016,-0.0749827921,-0.39090538,-0.118974619
-0.158431754,0.0250974223,-0.269961506,0.0430613607
-0.0293023624,0.100884661,-0.0538131669,0.170006424
0.0878134072,0.112695433,0.144824669,0.188791677
0.131911293,0.0470619611,0.223614007,0.0806266963
0.0730649233,-0.0719994456,0.129328623,-0.118535168
-0.0681952238,-0.190371931,-0.104483463,-0.310096592
-0.225454181,-0.246720269,-0.34853363,-0.382251918
-0.314606696,-0.199954763,-0.484884769,-0.304483414
-0.273254156,-0.0481386445,-0.444113374,-0.078505896
-0.0924432576,0.169975385,-0.165598601,0.274823099
0.175301611,0.391054451,0.248593226,0.572584212
0.436651379,0.552865326,0.508235872,0.633967757
0.597879291,0.617445707,0.562521279,0.566040874
0.606123805,0.581812561,0.582170963,0.545447588
0.471900761,0.47306785,0.57013154,0.556144178
0.262247711,0.332483798,0.402948856,0.486890763
0.0681931153,0.197751045,0.126633123,0.322505623
-0.0372963957,0.0919318572,-0.057307303,0.156588167
-0.0304058809,0.0226174966,-0.0540754311,0.0418422669
0.0579249486,-0.0114528686,0.0898850933,-0.0174600929
0.16326721,-0.0128409527,0.264139831,-0.0238057114
0.223672733,0.0172323789,0.361201376,0.0219712127
0.211190626,0.0751970857,0.344961822,0.11252626
0.142841712,0.148855403,0.238035038,0.235163063
0.0663367882,0.214761063,0.114162333,0.342495173
0.0294203423,0.243598863,0.0528509393,0.392495751
0.0503247045,0.212625146,0.0847918987,0.349195987
0.105908625,0.118827254,0.177131698,0.200815007
0.144181669,-0.0154974721,0.239714131,-0.020179363
0.114420474,-0.149880499,0.190744653,-0.244762048
-0.0017525861,-0.243776634,0.00205939007,-0.394773453
-0.175793856,-0.277043551,-0.271896988,-0.434105158
-0.342941493,-0.261657417,-0.505428314,-0.385023981
-0.433358908,-0.237163767,-0.612254143,-0.327246398
-0.407643884,-0.250723153,-0.585653424,-0.345148087
-0.277870744,-0.331282586,-0.41754058,-0.472816139
-0.102668934,-0.471448302,-0.159895584,-0.657636046
0.0415271148,-0.627400637,0.0394219831,-0.779411733
0.0982258543,-0.73799634,0.099464111,-0.808670223
0.0578609481,-0.753834128,0.0550480448,-0.811307132
-0.0401707403,-0.661249042,-0.0546535365,-0.798618972
-0.131348372,-0.488425732,-0.190144092,-0.684809089
-0.162781626,-0.290205806,-0.262596905,-0.457439929
-0.122840792,-0.11975769,-0.212641537,-0.199448228
-0.0472840518,-0.00266009662,-0.085901618,-0.00435370859
0.00188214111,0.0721923113,0.00214166893,0.119390592
-0.0263602696,0.139798298,-0.0392663553,0.227758929
-0.139113903,0.23185651,-0.212674633,0.364707351
-0.289761633,0.351353884,-0.408549845,0.506927907
-0.398225963,0.46480304,-0.498175263,0.59439522
-0.392145276,0.518380463,-0.473582864,0.639205992
-0.247989058,0.47033447,-0.336437136,0.649932086
-0.00999380834,0.321625471,-0.0181746632,0.514302313
0.224681124,0.126037881,0.357651114,0.213752598
0.349149704,-0.0289507415,0.53916651,-0.0463333502
0.298044652,-0.0633949563,0.473601907,-0.111124642
0.0815420151,0.0521174632,0.147289038,0.0681015626
-0.215372011,0.274942338,-0.317576826,0.408105403
-0.469170779,0.503977299,-0.541979074,0.595446527
-0.572914004,0.624320865,-0.534356654,0.599528134
-0.484155566,0.562240303,-0.523490548,0.618882298
-0.242954925,0.323038936,-0.361632288,0.497977674
0.0481851883,-0.00818469189,0.0735327899,0.013971691
0.272271425,-0.304730594,0.400702953,-0.446913898
0.350361794,-0.457517326,0.456764966,-0.611258566
0.273885041,-0.42628184,0.376926601,-0.604344666
0.102496512,-0.257237643,0.161938146,-0.423702717
-0.0696448833,-0.058286272,-0.115452752,-0.11019621
-0.161250159,0.0558109879,-0.265093237,0.0926842391
-0.141349375,0.0208032895,-0.234905854,0.0477188528
-0.03939211,-0.145754114,-0.0687816292,-0.224869013
0.0750475302,-0.354512215,0.107464664,-0.533652484
0.130912647,-0.489948303,0.175837204,-0.685293019
0.0923172012,-0.468182564,0.125044689,-0.673260868
-0.0248427242,-0.278052807,-0.0429717153,-0.454274684
-0.163256213,0.0142938942,-0.271043032,0.00584220188
-0.254598826,0.298200637,-0.380999386,0.442098856
-0.253509253,0.471007288,-0.342733711,0.647827029
-0.15804629,0.483675629,-0.214725539,0.680091143
-0.00752038555,0.357838362,-0.00948263519,0.558929324
0.139405698,0.168122143,0.22967191,0.283771783
0.233804584,0.00130227301,0.378767312,0.00551703945
0.257663339,-0.0854698941,0.409785658,-0.142590836
0.227383092,-0.0865255371,0.366502464,-0.148202956
0.179709584,-0.0407592542,0.294718742,-0.0757839754
0.149198383,-0.00269185775,0.247569248,-0.00895040762
0.149828166,-0.00912730861,0.249035239,-0.0146120759
0.170004025,-0.0597302951,0.278146714,-0.096110709
0.182252929,-0.120773643,0.295571148,-0.19795838
0.160959005,-0.147973478,0.258273572,-0.245194107
0.0977507234,-0.114195906,0.161969289,-0.196027488
0.00630808342,-0.0261313189,0.0119214877,-0.0522594154
-0.0852012411,0.0788550004,-0.139098883,0.126704395
-0.148936287,0.153011099,-0.238967106,0.250160873
-0.170753255,0.163631618,-0.27140376,0.269677639
-0.154937878,0.109452024,-0.250148833,0.187320381
-0.118510269,0.0195224602,-0.195584103,0.0413379371
-0.0793608278,-0.0639021769,-0.133837149,-0.100642405
-0.0457227118,-0.108300962,-0.0788092241,-0.17789726
-0.0132366102,-0.106894962,-0.0266370922,-0.178778574
0.028971171,-0.079441756,0.0443614759,-0.134534657
0.0872881636,-0.0582515597,0.142072588,-0.0977611765
0.154777408,-0.0678610206,0.251295894,-0.111291997
0.2103827,-0.109824724,0.337041855,-0.178801984
0.227398008,-0.160818189,0.360950857,-0.258747339
0.186988801,-0.184815302,0.298223287,-0.300211132
0.0894358009,-0.152680948,0.147599593,-0.257015765
-0.0432713702,-0.0589515045,-0.069515124,-0.1073642
-0.175355032,0.0726093352,-0.28423351,0.112755738
-0.271973163,0.197256252,-0.418762147,0.305954874
-0.313429922,0.267269015,-0.461396158,0.404412389
-0.301856101,0.2515302,-0.449156344,0.387952596
-0.257330656,0.148420095,-0.402314186,0.247064069
-0.20590584,-0.0127586192,-0.335037053,-0.00716290483
-0.166044831,-0.181694418,-0.26938957,-0.282428622
-0.140496671,-0.304094553,-0.223979831,-0.467582256
-0.11746309,-0.339701623,-0.18826884,-0.519910038
-0.0798638687,-0.275547653,-0.135854974,-0.43870309
-0.0173092913,-0.130573422,-0.0388155393,-0.223740473
0.06579642,0.049753543,0.102876157,0.0750877634
0.150289819,0.207578659,0.240995347,0.326776981
0.210274339,0.291824639,0.326532632,0.444593698
0.224880561,0.276627779,0.353841633,0.424292922
0.187814087,0.172495425,0.310036033,0.278489321
0.110193096,0.0249748379,0.191990003,0.0459473766
0.0157915354,-0.100520901,0.0305837151,-0.165355951
-0.0684482455,-0.143583447,-0.112343043,-0.238169178
-0.121824019,-0.0742656961,-0.206163779,-0.128963366
-0.135076448,0.0917689428,-0.22600542,0.145487264
-0.109928958,0.296240181,-0.173791602,0.459033906
-0.0545373186,0.459902823,-0.0749242678,0.661596
0.0218385365,0.514772654,0.037100818,0.71561414
0.111945987,0.433143854,0.169429645,0.635371983
0.210363984,0.240067303,0.332797229,0.383643329
0.311199158,0.00296747102,0.490187198,0.0115812412
0.406015605,-0.197354719,0.585199893,-0.287305444
0.483941793,-0.301078498,0.632457376,-0.405975252
0.534276843,-0.293045491,0.673589766,-0.384752065
0.550201833,-0.20486559,0.70792073,-0.278439522
0.531456351,-0.0951991677,0.717859089,-0.141458526
0.484469116,-0.0187760759,0.686543465,-0.0372562334
0.419947565,-8.65654656e-05,0.62422353,-0.00786343496
0.349340975,-0.0248007644,0.539027393,-0.0428632498
0.282012224,-0.0523715578,0.449383408,-0.0880807564
0.224201024,-0.0420658812,0.363741845,-0.0752239898
0.179512396,0.0221775938,0.294137716,0.0277631301
0.149684832,0.121557817,0.246780276,0.190414041
0.134468898,0.212056473,0.217834428,0.334171921
0.130526707,0.248191655,0.211473227,0.393082052
0.13055113,0.207658485,0.216286585,0.336163253
0.124283224,0.103539981,0.211648196,0.175303683
0.102219693,-0.0220816936,0.174922138,-0.0339265577
0.0609118678,-0.119039968,0.102678664,-0.197119847
0.0070179305,-0.152858227,0.0116758095,-0.254705817
-0.0430295356,-0.11886394,-0.0741347,-0.201399088
-0.0691488236,-0.0401835442,-0.11820256,-0.0691642612
-0.0577935986,0.0475940481,-0.100464337,0.0778917149
-0.0115462551,0.115258723,-0.0211118311,0.192369774
0.0474032313,0.151569396,0.0787784457,0.249883488
0.0833129734,0.162213802,0.138642117,0.265504718
0.0614578016,0.15891555,0.108196758,0.258891791
-0.0345206894,0.147345304,-0.0469854921,0.242067605
-0.190668434,0.122563869,-0.297402114,0.199320436
-0.362927288,0.0751059502,-0.542560041,0.120584138
-0.491172522,0.0031697955,-0.69009912,0.0147010628
-0.522240341,-0.0783328786,-0.717302799,-0.0942460969
-0.432320595,-0.139712915,-0.632671714,-0.190579459
-0.238579959,-0.150393084,-0.391908646,-0.230562061
0.00578112435,-0.0975219682,-0.0069601126,-0.161943749
0.231496379,0.00219889521,0.362090111,-0.00352444756
0.379778892,0.10627234,0.570280433,0.150106817
0.423891485,0.165933147,0.618228257,0.230326086
0.376473874,0.151965514,0.569032669,0.220422432
0.279993206,0.0724565759,0.451499134,0.111768462
0.185474724,-0.0285906196,0.309756428,-0.0476194508
0.129839644,-0.092742607,0.21381399,-0.154001966
0.122264646,-0.0781905577,0.197327182,-0.133897305
0.145068765,0.0163770001,0.23487623,0.0173172913
0.167297244,0.148849979,0.271108449,0.232668474
0.163133204,0.254480422,0.261494845,0.393335134
0.12548551,0.279990464,0.204984888,0.43852976
0.068277888,0.212727904,0.12072508,0.34754917
0.017239226,0.0886471719,0.0351198912,0.153622031
-0.00501970109,-0.025893243,-0.00742171425,-0.0390339494
0.00873398408,-0.0691698268,0.0115826232,-0.116238415
0.0471416898,-0.0171036161,0.0743529573,-0.0327747576
0.0871783122,0.10385,0.141945735,0.162846148
0.106731184,0.231171519,0.173623085,0.363950431
0.095538415,0.300324529,0.157562464,0.467589021
0.0585823208,0.27974543,0.101185434,0.444595665
0.0106856562,0.187572107,0.0271814484,0.311436564
-0.0337681025,0.0810119957,-0.0505343154,0.139804438
-0.0693580285,0.0244107153,-0.113789871,0.0424524061
-0.101050779,0.0538176633,-0.168540671,0.0870696455
-0.137701556,0.157576695,-0.22476016,0.251076758
-0.181890458,0.283280879,-0.276823729,0.437394917
-0.222975403,0.3665829,-0.321681857,0.540985227
-0.238737062,0.365302294,-0.341068745,0.540463984
-0.206057236,0.279823542,-0.312648177,0.440949976
-0.115447268,0.149195373,-0.18805024,0.256086379
0.0187952947,0.0266099088,0.0277665723,0.0535740554
0.159515753,-0.0503057353,0.255980462,-0.0813361183
0.259913743,-0.0765698329,0.410548776,-0.126762047
0.283549935,-0.0747914091,0.447548568,-0.126260221
0.221473739,-0.0724498034,0.36196667,-0.1251169
0.0975725427,-0.0771659389,0.167436168,-0.133139193
-0.0411673598,-0.0671241656,-0.0646886826,-0.115958646
-0.145188987,-0.00443899399,-0.241149649,-0.0108102076
-0.183759406,0.13556321,-0.299944133,0.215756029
-0.156737849,0.337499052,-0.241690308,0.510271311
-0.0911347643,0.540424705,-0.119668491,0.727521479
-0.0247526392,0.66124016,-0.0211633313,0.798547149
0.0141320778,0.637340307,0.0275082849,0.789851069
0.0202100277,0.465692431,0.0398557186,0.674015224
0.0108202761,0.214663669,0.029131284,0.359822243
0.0126525667,-0.00205305172,0.0260454621,0.00644178875
0.043448627,-0.0795658529,0.0671619251,-0.134247065
0.0994411707,0.0226883851,0.156910047,0.0258518048
0.156015486,0.253965259,0.243498698,0.384610295
0.181545094,0.490715325,0.256373674,0.666486323
0.156692222,0.594313323,0.210609511,0.749179721
0.0879923627,0.480507106,0.137655124,0.680069327
0.0073422906,0.165391371,0.028092267,0.287549913
-0.0432934165,-0.236678004,-0.0622179396,-0.360850036
-0.0342149027,-0.563879192,-0.057014294,-0.744734287
0.0348224342,-0.682114422,0.0243121777,-0.807092547
0.13252984,-0.547422886,0.159868792,-0.731249988
0.211180896,-0.224642709,0.315532446,-0.370444715
0.231497645,0.14645423,0.364415586,0.207657754
0.184146345,0.419668645,0.276539296,0.59541595
0.095883064,0.510414839,0.146642447,0.703819931
0.0162593722,0.429309696,0.0353426635,0.635113716
-0.00872927811,0.265968114,-0.00555983791,0.432610989
0.0377700962,0.133799657,0.0633276403,0.22786887
0.132681474,0.106415838,0.212991416,0.17340067
0.223622948,0.179501936,0.349241495,0.275962681
0.256218106,0.277398556,0.39251247,0.410468817
0.204122871,0.299334824,0.322648287,0.452862352
0.0856940001,0.179333389,0.154500023,0.297005594
-0.0423367321,-0.0727959201,-0.0583852306,-0.108550236
-0.111992978,-0.371182501,-0.172158182,-0.547481239
-0.0787151232,-0.594202995,-0.11602781,-0.757763386
0.0541620478,-0.644001782,0.0493923388,-0.789807081
0.234106079,-0.494430423,0.29491958,-0.67292887
0.382632256,-0.203460857,0.544321179,-0.315719157
0.431915253,0.114993311,0.625394046,0.143468976
0.356624454,0.344327927,0.512121856,0.469377905
0.18515639,0.416448474,0.28239882,0.595883489
-0.0151149984,0.336590827,-0.0051593082,0.523843884
-0.170776486,0.172237307,-0.261290461,0.287765861
-0.236637905,0.0149710728,-0.379132152,0.0361294039
-0.214162737,-0.0636137798,-0.353482217,-0.0954258069
-0.145457059,-0.0403519794,-0.247895733,-0.0653843433
-0.0870308951,0.0579103194,-0.147857159,0.093538776
-0.077891767,0.176053569,-0.126682922,0.284158826
-0.119032316,0.261225492,-0.181602195,0.413550973
-0.174859956,0.285687178,-0.263484389,0.447487473
-0.195186779,0.252327561,-0.297376871,0.401058823
-0.145446867,0.184007868,-0.232609048,0.305098504
-0.028606575,0.106211588,-0.05173878,0.184400603
0.113121979,0.0340941362,0.183522329,0.0609977208
0.217785865,-0.0299225263,0.352050424,-0.0487429835
0.234209463,-0.0894955173,0.378205955,-0.147458643
0.147665471,-0.145491451,0.246486366,-0.240871564
-0.0123974662,-0.19187212,-0.0147528136,-0.316549569
-0.186152816,-0.218818545,-0.290670425,-0.346294194
-0.311226338,-0.21994856,-0.473946631,-0.329646021
-0.350271791,-0.197612032,-0.53023088,-0.289705545
-0.304875702,-0.161921427,-0.476954967,-0.24415496
-0.21010457,-0.124020167,-0.346160769,-0.194153517
-0.11419528,-0.0886018425,-0.196651876,-0.144659221
-0.0550315753,-0.0516195819,-0.0951406211,-0.0861364529
-0.0455469638,-0.00566054601,-0.0769283026,-0.011735539
-0.0742136091,0.0501729995,-0.120330304,0.0815355107
-0.117992625,0.102992341,-0.192324325,0.168345541
-0.158545986,0.127903849,-0.255407065,0.2121066
-0.191668034,0.0999403223,-0.306932241,0.16852811
-0.224920288,0.0103144171,-0.360785723,0.0262929406
-0.266145289,-0.122901201,-0.417215139,-0.18308118
-0.311282426,-0.257758677,-0.466826975,-0.376799226
-0.340354055,-0.345944524,-0.487433285,-0.482761294
-0.32543546,-0.356916308,-0.470829964,-0.50119859
-0.246880665,-0.295702517,-0.384720445,-0.442519248
-0.108519763,-0.203467578,-0.188491568,-0.328583211
0.0576946102,-0.138598695,0.0840130597,-0.229616925
0.201742664,-0.146829829,0.317953229,-0.234354421
0.276398212,-0.235746473,0.422072917,-0.35986492
0.258774251,-0.367751837,0.374512017,-0.534856856
0.161561295,-0.476437032,0.224250644,-0.667751431
0.0280176904,-0.498960137,0.035509713,-0.703296244
-0.086960569,-0.40817517,-0.135429308,-0.610238075
-0.14034389,-0.227838174,-0.232409969,-0.372139812
-0.117676638,-0.0227135587,-0.204121053,-0.0445149168
-0.0355533808,0.131614968,-0.0647612736,0.218002975
0.0699705258,0.183894277,0.113484614,0.303871721
0.161819667,0.129548401,0.266026795,0.215027109
0.217239678,0.00939281099,0.355170578,0.0190585889
0.232892588,-0.113628373,0.373219877,-0.181348816
0.219005525,-0.186758474,0.345652908,-0.301247448
0.188100845,-0.191804633,0.297777832,-0.312613606
0.146291405,-0.149656981,0.235467657,-0.251651675
0.0925817266,-0.10418532,0.153189197,-0.176521093
0.0258283745,-0.0957124755,0.044725813,-0.162594095
0.0185485203,0.166936681,0.0209290311,0.254755408
-0.0566604845,-0.0117237,-0.0784305856,0.00305984169
-0.0692505538,-0.210280374,-0.114522859,-0.330200583
0.015320939,-0.351640165,0.0120168505,-0.535124481
0.185653895,-0.390544295,0.254902869,-0.574704349
0.388918668,-0.330542177,0.523692906,-0.46709466
0.554278553,-0.215739056,0.705826521,-0.292776138
0.622805834,-0.103359215,0.772836566,-0.141927823
0.569729865,-0.0329282433,0.753457546,-0.0540150329
0.410288811,-0.00880277436,0.617059171,-0.0227951109
0.189406827,-0.00454990473,0.321077466,-0.0150884297
-0.0372062847,0.0149596212,-0.0536345616,0.018081462
-0.220727772,0.0677995011,-0.351122558,0.107922696
-0.329100698,0.141291812,-0.502216697,0.219273478
-0.348436415,0.198642045,-0.520316899,0.302835613
-0.279886693,0.201976284,-0.431624651,0.321303397
-0.136736333,0.137938559,-0.226763695,0.238113344
0.0563570708,0.0301520918,0.0863302648,0.0611865968
0.263934761,-0.0697816312,0.413463414,-0.108319789
0.443915874,-0.108624719,0.635582268,-0.164178669
0.557423472,-0.0606891178,0.739270508,-0.0948098376
0.581992626,0.0568529665,0.756255448,0.0582065508
0.52201426,0.191836253,0.700811028,0.240781382
0.409771234,0.284430265,0.580555499,0.385452092
0.294276059,0.298960268,0.444582909,0.436576217
0.221511409,0.242297858,0.351756722,0.376675695
0.214950606,0.158158973,0.3473939,0.255229533
0.266077012,0.100230917,0.421526939,0.156313986
0.340076387,0.099331513,0.520535886,0.146155193
0.39413479,0.143702641,0.58427459,0.202437252
0.399022132,0.184570923,0.587049067,0.260154188
0.35273546,0.164914876,0.537867129,0.24268955
0.279168427,0.0558244102,0.449946016,0.0889305472
0.212908059,-0.120347656,0.347319007,-0.190060765
0.178878397,-0.294434816,0.272785723,-0.451792538
0.17838107,-0.382104725,0.255774856,-0.567727447
0.189466193,-0.327115327,0.276166618,-0.505219936
0.181448296,-0.13342382,0.286410779,-0.231753051
0.135270879,0.131574228,0.22127378,0.197477221
0.0578887984,0.365625978,0.0970431715,0.54810977
-0.0180675462,0.478289038,-0.0152595825,0.680835962
-0.049997028,0.432316899,-0.0637219548,0.638857543
-0.0084206257,0.259013772,-0.00805811398,0.427316725
0.104910605,0.0402965322,0.172936365,0.0796761438
0.253952771,-0.132671058,0.396043122,-0.206167296
0.382616073,-0.202735916,0.553691089,-0.305890143
0.439528465,-0.170202792,0.623658001,-0.256034434
0.401080638,-0.0858814418,0.595041156,-0.139834583
0.281542867,-0.01929955,0.452156276,-0.0396957919
0.125838041,-0.0201147702,0.216472432,-0.0376754664
-0.0106627606,-0.0931104571,-0.011663313,-0.152206019
-0.0849028006,-0.198662266,-0.138758555,-0.316123128
-0.0807504877,-0.276353836,-0.135944709,-0.434441417
-0.00998459756,-0.27745682,-0.0268463437,-0.440197557
0.0982948095,-0.188564092,0.146800384,-0.313073546
0.212250739,-0.0350279287,0.334453374,-0.0682390407
0.307659894,0.135206908,0.474709213,0.197894037
0.369930506,0.276300371,0.53608489,0.388727099
0.389727145,0.363375872,0.538200259,0.488180429
0.358237028,0.39633134,0.496248126,0.533347905
0.267764211,0.389328033,0.393259406,0.550940871
0.118867747,0.355172366,0.19525589,0.534744084
-0.0703949109,0.295865923,-0.0952398404,0.465109438
-0.26064387,0.205383763,-0.391467243,0.325364947
-0.398520172,0.0818771347,-0.588516533,0.134846047
-0.434938937,-0.0602555573,-0.636844397,-0.0743734539
-0.347060233,-0.188312098,-0.528747797,-0.268693775
-0.15305303,-0.262798756,-0.255011052,-0.402565122
0.0892473832,-0.257051349,0.123601489,-0.409014493
0.301478446,-0.173521996,0.45231545,-0.276170611
0.414530963,-0.046269834,0.610950172,-0.0828718171
0.395992875,0.0731831565,0.597013175,0.0973175094
0.26271072,0.1396676,0.424953789,0.209791631
0.0726214126,0.134865314,0.133392364,0.219027445
-0.100317881,0.0730812103,-0.156355023,0.124884188
-0.196492121,-0.0106490152,-0.317995518,-0.0108505944
-0.192662701,-0.0826311186,-0.319090515,-0.126910329
-0.106671363,-0.129202321,-0.184119284,-0.206790373
0.015501353,-0.160584971,0.017520003,-0.262120575
0.122427024,-0.197708458,0.191300556,-0.319595873
0.178124353,-0.250747472,0.278027952,-0.394525498
0.172023848,-0.304017425,0.263950497,-0.470451504
0.115585536,-0.3187581,0.176618546,-0.496687263
0.0302740913,-0.254603058,0.0454236791,-0.416833371
-0.0647155046,-0.0983260125,-0.109429203,-0.174416676
-0.158018902,0.11777319,-0.258037269,0.182540178
-0.243264735,0.321393579,-0.358978301,0.479174227
-0.311907738,0.430405438,-0.416921556,0.593483746
-0.34856081,0.393790811,-0.466482401,0.547738492
-0.333838552,0.221560732,-0.49104023,0.347030669
-0.2545048,-0.0141696231,-0.408044308,-0.0047432743
-0.11530593,-0.210282654,-0.195122764,-0.32637313
0.0553622209,-0.28178519,0.0729788691,-0.445666611
0.211291879,-0.204004213,0.320272058,-0.331069738
0.305055529,-0.0252163932,0.471750826,-0.0556410328
0.308255315,0.158078477,0.476998508,0.22852169
0.225357756,0.251277775,0.359571218,0.381947279
0.093363151,0.211230338,0.165320322,0.343027681
-0.0337399729,0.068882823,-0.0460924581,0.122673169
-0.109053642,-0.0874728486,-0.177897438,-0.136080593
-0.11398723,-0.159937069,-0.192486659,-0.257680476
-0.0661295131,-0.0945584923,-0.119749837,-0.162419096
-0.00957997143,0.0879046917,-0.0227692463,0.13581726
0.00783641264,0.300724,0.015087368,0.463819742
-0.0405903496,0.435166597,-0.0476663411,0.634473801
-0.145880535,0.416622818,-0.196501523,0.612498164
-0.266520709,0.243359402,-0.393021613,0.384398997
-0.348165125,-0.0123195564,-0.529097617,5.80225196e-06
-0.350490063,-0.240695953,-0.521973372,-0.338400155
-0.268105328,-0.349355459,-0.403463393,-0.502683461
-0.135095105,-0.307246625,-0.223973706,-0.477737904
-0.0105599351,-0.155770391,-0.0305576548,-0.263656557
0.048289109,0.0172540974,0.0776436701,0.0201041475
0.0128118955,0.125113547,0.0278787464,0.203353867
-0.103360556,0.124920346,-0.158652797,0.208172798
-0.250323325,0.0332241878,-0.392169327,0.0608185306
-0.364988655,-0.0918000266,-0.550996721,-0.12885879
-0.400491387,-0.18911688,-0.587673426,-0.264558911
-0.348001778,-0.231008455,-0.52363956,-0.334209055
-0.240494072,-0.235739335,-0.381993711,-0.359024525
-0.136487678,-0.250238359,-0.226132095,-0.391109288
-0.0913083106,-0.314159304,-0.14477621,-0.483553231
-0.129506662,-0.427657098,-0.190289542,-0.61738348
-0.231785536,-0.543117821,-0.303389013,-0.701420188
-0.343138337,-0.587182045,-0.411644042,-0.69205761
-0.398907334,-0.501661777,-0.497928798,-0.614191711
-0.356783062,-0.280494153,-0.52532351,-0.408437639
-0.219527364,0.0187530648,-0.370635539,0.0227418523
-0.0370970406,0.296776325,-0.0682171583,0.46336481
0.113768995,0.457585663,0.168192863,0.654300272
0.163823619,0.453676701,0.244816437,0.643868089
0.0839112476,0.307961524,0.146907523,0.483968496
-0.0994027629,0.10134016,-0.146184936,0.174641147
-0.313031673,-0.0671608672,-0.479167163,-0.0970096886
-0.467918515,-0.126756117,-0.662522137,-0.174865112
-0.49746424,-0.0643222705,-0.701386631,-0.0859705433
-0.386439413,0.0766330585,-0.588632643,0.117286384
-0.17712611,0.224363595,-0.292358577,0.356694251
0.0501664691,0.317535132,0.0714978203,0.497058541
0.213224545,0.333060592,0.325421423,0.501666009
0.263994724,0.289729327,0.40582931,0.433184832
0.20801115,0.22868593,0.33637324,0.35433653
0.0985320881,0.184591934,0.17163156,0.296271473
0.00871154387,0.165330216,0.0203090794,0.271091431
-0.00456893491,0.151581794,-0.00776576856,0.252385318
0.0721105114,0.114835389,0.116805576,0.195157006
0.203177869,0.0411287844,0.327020317,0.0701340586
0.322237283,-0.0553256609,0.499659777,-0.0865347609
0.364567339,-0.137845948,0.548561275,-0.214292392
0.297962993,-0.169269174,0.460859925,-0.269408554
0.137232214,-0.136725783,0.229857191,-0.233924076
-0.0639457032,-0.0633916631,-0.100481465,-0.114349984
-0.238912538,0.00125500362,-0.381408513,0.0017840002
-0.338407218,0.00838008523,-0.523458719,0.0218821466
-0.350631177,-0.0610551164,-0.539288759,-0.0785759315
-0.302036911,-0.182166889,-0.467673451,-0.264944613
-0.239854455,-0.29644531,-0.369867533,-0.439741164
-0.206322566,-0.342208594,-0.315649688,-0.509143114
-0.218046695,-0.289153248,-0.338860571,-0.444543123
-0.260386109,-0.157814085,-0.413493931,-0.252780765
-0.298429817,-0.0123282019,-0.472347021,-0.0207345225
-0.297507554,0.0707982257,-0.467174649,0.116915643
-0.241778269,0.0420027748,-0.389789939,0.0787838027
-0.141316757,-0.0946632773,-0.234451681,-0.141006917
-0.0249429774,-0.281865954,-0.0458949804,-0.434948504
0.0760985762,-0.436507106,0.101160757,-0.634815097
0.143884584,-0.490278929,0.18997924,-0.684350967
0.180241957,-0.42232734,0.24837561,-0.614969254
0.200910196,-0.267473549,0.302186787,-0.425332278
0.221688658,-0.0965062603,0.349938124,-0.167751759
0.245358869,0.0203123018,0.392892271,0.0259343944
0.257557452,0.0470267683,0.415482938,0.0728449523
0.234442711,-0.00421474827,0.382908076,-0.00616628211
0.158010349,-0.0852884278,0.265165359,-0.141767845
0.0302306507,-0.142008126,0.0561182536,-0.238003567
-0.122543007,-0.144522458,-0.197969973,-0.238523364
-0.25831598,-0.101446271,-0.411610514,-0.164141685
-0.337575287,-0.0506513789,-0.523114681,-0.0743506327
-0.341706038,-0.0329100452,-0.530216515,-0.0426647663
-0.282089353,-0.0641044825,-0.451264769,-0.090273723
-0.194872901,-0.122352935,-0.320632368,-0.189124569
-0.123720936,-0.157956734,-0.207141221,-0.254030347
-0.0990282819,-0.121271618,-0.166938156,-0.202796936
-0.123904429,0.00654604565,-0.206243262,0.00405007554
-0.173796356,0.196999311,-0.276518792,0.307514369
-0.209758028,0.381851137,-0.302585781,0.558132589
-0.198639929,0.482296735,-0.267629862,0.667843759
-0.130240053,0.445855409,-0.1805944,0.647628129
-0.0232101008,0.272893637,-0.03364636,0.447534323
0.0828320459,0.0195853636,0.141547695,0.0481421202
0.144929171,-0.224468231,0.230619892,-0.351890624
0.135785714,-0.373612404,0.200713098,-0.562573254
0.0556455627,-0.38128987,0.0804807544,-0.582762718
-0.0676908642,-0.25727573,-0.11053434,-0.421247721
-0.189916819,-0.0601262562,-0.311669707,-0.107802145
-0.266965359,0.13045536,-0.422418624,0.203778371
-0.270391047,0.247895852,-0.412345111,0.384098202
-0.195846647,0.264209419,-0.302668333,0.419346452
-0.0626319572,0.196316466,-0.101924352,0.329248339
0.0940812826,0.0923026353,0.153138921,0.160971522
0.234554693,0.00572060701,0.375215501,0.0104938615
0.325286359,-0.0293647535,0.503510177,-0.0510888547
0.346497774,-0.0113981348,0.534674048,-0.0278875586
0.295178711,0.0323710591,0.469260991,0.0422286615
0.183910877,0.0631128699,0.308148384,0.0953603834
0.0364285558,0.0520355999,0.0695407763,0.0847802758
-0.118793964,-0.00411808956,-0.189811736,-0.00343814818
-0.255421311,-0.080811061,-0.403851867,-0.122153513
-0.354941577,-0.137408748,-0.537767768,-0.201696873
-0.409655362,-0.13712278,-0.605581403,-0.194718122
-0.422208369,-0.065805465,-0.625300407,-0.0935260206
-0.402166665,0.0592426918,-0.604226768,0.0888350308
-0.361384094,0.194818914,-0.540213943,0.292248219
-0.310411453,0.289661199,-0.454742819,0.432424814
-0.257477731,0.306931466,-0.380722195,0.465858072
-0.209877327,0.241356492,-0.322789282,0.386715382
-0.175866082,0.123100273,-0.280781657,0.210169926
-0.164558813,0.00611993391,-0.26752612,0.0192232225
-0.182459995,-0.0543373264,-0.298260808,-0.0865864307
-0.22771576,-0.0253746007,-0.36885488,-0.0422882996
-0.28554517,0.0893180296,-0.449844718,0.137118191
-0.328943104,0.251168877,-0.485695422,0.372557551
-0.326779753,0.403737456,-0.446385771,0.560395241
-0.257467985,0.497311801,-0.339316577,0.667029619
-0.122421831,0.509753585,-0.165019825,0.704510152
0.0480220392,0.453982711,0.071146369,0.660697341
0.201271415,0.368884623,0.301125944,0.548368394
0.281223327,0.298449874,0.424013406,0.441560626
0.252225727,0.269656062,0.392260671,0.403687865
0.117580011,0.280068099,0.197933361,0.431984544
-0.076970093,0.301062286,-0.105856277,0.467610478
-0.258207977,0.294523239,-0.376583755,0.44795984
-0.353804141,0.233980909,-0.516326606,0.354071707
-0.322179973,0.119052611,-0.496760935,0.196969673
-0.170438185,-0.0241574179,-0.287015378,-0.0240090191
0.0482160114,-0.156408817,0.0672491789,-0.247431412
0.256908149,-0.244780734,0.383682311,-0.377564728
0.387476861,-0.277529687,0.545023024,-0.402719796
0.408167988,-0.266547084,0.572824895,-0.386180311
0.334206849,-0.236822814,0.496798545,-0.361871868
0.216970444,-0.209753007,0.342880845,-0.337865531
0.117625795,-0.190529197,0.189586848,-0.314373195
0.0782654807,-0.167222157,0.12412475,-0.276918709
0.104276232,-0.121987075,0.164048016,-0.203828081
0.165689617,-0.047236789,0.266119093,-0.0821405873
0.215691745,0.0438228883,0.347196519,0.0629970133
0.216152474,0.119980395,0.35069719,0.185454398
0.157070339,0.147960365,0.263062567,0.236000195
0.0605136678,0.113018095,0.109788835,0.188259661
-0.0321203098,0.0318526067,-0.047615394,0.0562355369
-0.082233116,-0.0512032919,-0.136209801,-0.0806343257
-0.0738252103,-0.0847541541,-0.128818721,-0.138965353
-0.0209619123,-0.0378519669,-0.0424297675,-0.0656935722
0.0403916463,0.0804133117,0.0624320246,0.125393659
0.0713723153,0.221042469,0.11847543,0.350038826
0.0499637164,0.316778034,0.0869164392,0.49209255
-0.0185485203,0.315324843,-0.0170621257,0.494486749
-0.105297066,0.207151175,-0.159652442,0.340858757
-0.173231214,0.0327567607,-0.276141852,0.0639966726
-0.195922986,-0.135481462,-0.316421568,-0.206462398
-0.170186281,-0.228414416,-0.275657266,-0.356935203
-0.116478309,-0.214372233,-0.195884764,-0.347136378
-0.0674528033,-0.114670873,-0.119196482,-0.195037991
-0.0509119891,0.00802317448,-0.0877577215,0.00818492752
-0.0758592263,0.0826727375,-0.123990335,0.137690693
-0.128378019,0.0670530871,-0.206014663,0.117741354
-0.178912863,-0.0303480178,-0.289018631,-0.0402716585
-0.196938381,-0.155181766,-0.317768097,-0.240040272
-0.165721074,-0.236158967,-0.268234581,-0.36821112
-0.0903024226,-0.222652644,-0.156293005,-0.359071523
0.00455100555,-0.111154266,-0.00212141988,-0.190277845
0.0848766714,0.0530784763,0.135436922,0.0793027952
0.121336937,0.199482441,0.199249297,0.314168572
0.100236773,0.267787784,0.166800618,0.423524022
0.027546823,0.236762807,0.0554305911,0.383753806
-0.0747812688,0.131451979,-0.111326687,0.222110659
-0.177660316,0.00635180948,-0.283926576,0.0176223367
-0.254700601,-0.0849868357,-0.406165659,-0.129927158
-0.289293915,-0.116644025,-0.457010567,-0.178763136
-0.277115643,-0.0990465358,-0.441547692,-0.152065724
-0.224426374,-0.0663289726,-0.368388265,-0.102966867
-0.144028887,-0.0513196513,-0.243977413,-0.0808669403
-0.0509973541,-0.0639055893,-0.0911596417,-0.102188945
0.0404353403,-0.085930258,0.0624839813,-0.140782282
0.118526824,-0.0854397938,0.190676391,-0.143700287
0.174688652,-0.0411233455,0.283766001,-0.0740956962
0.203812018,0.0387503989,0.330466479,0.0564778633
0.204565153,0.115766771,0.331245154,0.180794418
0.179497957,0.141298458,0.296136081,0.224964559
0.134552851,0.0865371153,0.227289915,0.143706769
0.0777460188,-0.0347937755,0.13577944,-0.0530375317
0.0172341857,-0.165629044,0.0302382205,-0.269468993
-0.0405684598,-0.229746476,-0.0691771507,-0.371675879
-0.0920053199,-0.170052499,-0.156369776,-0.283349246
-0.135783717,0.0186273083,-0.230160058,0.0208902396
-0.17125605,0.280206949,-0.267620653,0.427225202
-0.196161717,0.517948389,-0.25696522,0.694705486
-0.205061719,0.636175931,-0.236328289,0.766483665
-0.189624712,0.583162487,-0.228526801,0.744967759
-0.141264096,0.37434724,-0.20337674,0.57129693
-0.0555661507,0.0848400965,-0.0876021236,0.161098406
0.0631053969,-0.184517846,0.0995140076,-0.28926149
0.198997706,-0.350466996,0.286145627,-0.524344027
0.326196492,-0.379203677,0.444468945,-0.539680243
0.41428262,-0.292923272,0.566269219,-0.419046104
0.437191546,-0.150641292,0.621967912,-0.230853587
0.382394195,-0.0156159662,0.579889715,-0.0373128392
0.256827235,0.0729631633,0.418058962,0.106321745
0.086763449,0.110672504,0.155206978,0.177698866
-0.0890744701,0.118511528,-0.137706339,0.195306957
-0.231163889,0.122172184,-0.363734543,0.199096993
-0.311485469,0.133697674,-0.479971409,0.211876646
-0.321843058,0.14609462,-0.493139714,0.230685547
-0.275001109,0.142406479,-0.43234098,0.231388137
-0.198314846,0.111570187,-0.320399821,0.18926926
-0.122604281,0.0595555417,-0.203865483,0.104388364
-0.070906207,0.00789836142,-0.119051255,0.0183214489
-0.0515633561,-0.0196816474,-0.087590985,-0.0321501046
-0.0579753518,-0.0137819052,-0.0967461392,-0.0247506984
-0.0742819309,0.0123799834,-0.123922735,0.0212546866
-0.083741352,0.0294139925,-0.139784247,0.0501239859
-0.075763315,0.0102313766,-0.126259446,0.0206828229
-0.0487252101,-0.050333783,-0.0819938183,-0.0774919614
-0.00811252743,-0.127494827,-0.0158442929,-0.205438808
0.0381371118,-0.176820591,0.057486292,-0.289144248
0.0841271803,-0.158901826,0.131535754,-0.264403254
0.127986908,-0.0650946721,0.206036642,-0.117231928
0.170798421,0.071126312,0.276105344,0.107106797
0.213779986,0.185883477,0.340927541,0.288549155
0.255902797,0.215849891,0.400433511,0.333523959
0.293569952,0.133157581,0.462040722,0.210851699
0.32246998,-0.0348167531,0.506368339,-0.0507940799
0.340224564,-0.213300154,0.509137392,-0.318573326
0.347912252,-0.314116716,0.492268473,-0.45604831
0.349273324,-0.28009513,0.499219656,-0.41802299
0.347905964,-0.117390543,0.522125661,-0.194456607
0.344095618,0.102023639,0.525231898,0.139424771
0.333251119,0.271086186,0.495269388,0.387739241
0.307049751,0.298137456,0.458567739,0.43736428
0.256867528,0.153002813,0.414158463,0.247240067
0.177821755,-0.114326835,0.300224721,-0.176399782
0.0715121105,-0.392638415,0.109903581,-0.583378077
-0.053603977,-0.558104873,-0.0768139139,-0.745325267
-0.18393752,-0.530039668,-0.250881523,-0.709552228
-0.303398699,-0.307607591,-0.450590312,-0.459384292
-0.395761728,0.029649673,-0.599961758,0.0335320868
-0.446440339,0.35735473,-0.591373801,0.470816523
-0.444276124,0.560815454,-0.49741286,0.643867612
-0.384120315,0.582994521,-0.436224312,0.681875527
-0.270125598,0.44433552,-0.364227533,0.620735168
-0.118283026,0.226891845,-0.185821474,0.379162639
0.0440812781,0.0322199911,0.0705383271,0.0661074966
0.183481887,-0.065792568,0.294917047,-0.107566737
0.269575447,-0.050949201,0.424182266,-0.0915813074
0.285381466,0.0350462943,0.451805294,0.0433259346
0.233723238,0.119877473,0.378742337,0.181203693
0.1361285,0.14018999,0.231431872,0.225145906
0.023779301,0.0734812915,0.0484916382,0.12675792
-0.0756807551,-0.052542232,-0.121294431,-0.0805535242
-0.148953646,-0.176104918,-0.240119308,-0.278174579
-0.199618518,-0.233495131,-0.318899363,-0.364176124
-0.240637451,-0.190662116,-0.382570505,-0.301110357
-0.280791581,-0.059139993,-0.446106941,-0.0967625529
-0.313130647,0.110310227,-0.487508655,0.168827757
-0.313398302,0.251902372,-0.468535602,0.379742116
-0.251494586,0.314334542,-0.373748571,0.476283252
-0.11154028,0.281552017,-0.175613895,0.452293456
0.0899801627,0.175965875,0.144095689,0.297864497
0.299472958,0.0443034843,0.467528313,0.0761336759
0.440889627,-0.06562417,0.641210258,-0.0997830778
0.446059734,-0.125497133,0.643439651,-0.189905033
0.287820131,-0.135107264,0.457094699,-0.221888587
-0.000459553354,-0.116395578,0.0114094261,-0.202811509
-0.330668479,-0.0975969881,-0.499902248,-0.154669121
-0.591466963,-0.0965632796,-0.760347664,-0.115300141
-0.693241775,-0.111881346,-0.801927924,-0.116955906
-0.606591284,-0.125704795,-0.766111195,-0.1463494
-0.376116216,-0.115887687,-0.575522363,-0.163657442
-0.102046542,-0.0702941418,-0.186885342,-0.111917652
0.102842711,0.00467540789,0.162458286,0.00581931882
0.161736518,0.0860101283,0.268597364,0.13217023
0.0656109303,0.145523787,0.119349986,0.233423397
-0.12591593,0.164815769,-0.190711319,0.265713155
-0.314358115,0.145840555,-0.474321753,0.230018467
-0.408067465,0.111291125,-0.600435972,0.174548179
-0.362186551,0.0941107944,-0.554774284,0.152566269
-0.194813296,0.12100058,-0.324798316,0.201988548
0.0264600795,0.19801189,0.033043541,0.324483663
0.219049335,0.305567056,0.331130385,0.457767993
0.322934985,0.405825943,0.452625751,0.552232981
0.323325545,0.459324121,0.440615088,0.602422774
0.24938558,0.443160444,0.35806933,0.610852957
0.152673915,0.362021476,0.24175258,0.543668985
0.0786558092,0.246563807,0.135963291,0.398016632
0.0465951636,0.139644831,0.0821569338,0.235525176
0.0468959883,0.0767495483,0.0796721056,0.129003003
0.0545191951,0.0698554143,0.0907197222,0.113465346
0.0484433025,0.102459401,0.0824198648,0.165652946
0.0248982776,0.138236195,0.0449100323,0.226456434
-0.00292663579,0.139303118,-0.000709670596,0.232273161
-0.0171287134,0.0854553357,-0.025023587,0.148411691
-0.0103214066,-0.0147748785,-0.0153966174,-0.0178313982
0.00673652953,-0.126551196,0.0102390107,-0.204737291
0.0107245594,-0.203660861,0.0156266764,-0.331137389
-0.0183098204,-0.209166437,-0.032256268,-0.34531498
-0.0804092512,-0.13248843,-0.133533359,-0.226031944
-0.149383262,0.00456281053,-0.248458937,0.00161333452
-0.182068631,0.155158386,-0.29537341,0.248033807
-0.139557764,0.264671981,-0.219680071,0.419640988
-0.00942987949,0.290273964,-0.016767364,0.465055346
0.183389127,0.215108216,0.288288385,0.349520296
0.383982033,0.0523414537,0.578846157,0.0839783773
0.530291736,-0.160953283,0.710495532,-0.216768026
0.580367327,-0.376199067,0.675564229,-0.445639372
0.530325472,-0.546625495,0.564707816,-0.589509726
0.414028049,-0.637253046,0.43818599,-0.686733067
0.284927934,-0.629959166,0.325478405,-0.738078296
0.189667776,-0.524461091,0.242451191,-0.70545423
0.146993831,-0.337012023,0.214556545,-0.523976922
0.142349765,-0.0979657397,0.224568352,-0.175882041
0.140021503,0.151964098,0.225869343,0.232717097
0.105550982,0.367670923,0.167070821,0.546682894
0.0261612143,0.508170068,0.0477564633,0.702939868
-0.0814269632,0.546301186,-0.0948655978,0.73329109
-0.179326832,0.476607531,-0.23653686,0.66768986
-0.227968484,0.318014503,-0.332600147,0.487739027
-0.206267864,0.109409817,-0.329978675,0.193965644
-0.122261971,-0.100989975,-0.206589192,-0.15186435
-0.009414359,-0.268909931,-0.0236028079,-0.42229569
0.0887877494,-0.36518988,0.12486051,-0.555474341
0.137860835,-0.381152958,0.198253572,-0.573834658
0.125942484,-0.327130556,0.188500464,-0.510071099
0.0664829761,-0.225981876,0.105040707,-0.373586595
-0.00984242093,-0.10504999,-0.0174810402,-0.183154002
-0.0691384748,0.0103575625,-0.116796233,0.0117537212
-0.0876937583,0.100692913,-0.145592898,0.165983796
-0.0598238111,0.153788373,-0.0991939306,0.255353302
0.00155153417,0.165881664,0.00272621913,0.276567608
0.0703662857,0.142791584,0.116653927,0.23667933
0.116289251,0.100359045,0.1941659,0.166941717
0.114488728,0.0621668436,0.194882572,0.100488253
0.0542805418,0.05311919,0.0957163349,0.0846503899
-0.0552193783,0.0897505209,-0.0856273323,0.143795863
-0.18458122,0.170911446,-0.290968388,0.271101922
-0.290552855,0.27388373,-0.431202948,0.411496788
-0.329620153,0.359645247,-0.463131368,0.513249159
-0.275389284,0.387053937,-0.389945745,0.559022248
-0.133204609,0.330911517,-0.203320831,0.516238868
0.0556455627,0.195804656,0.0881997421,0.332161754
0.224893376,0.0183329489,0.363551319,0.03676847
0.307707131,-0.144978136,0.475576401,-0.225326091
0.265535861,-0.240069166,0.408318371,-0.374407589
0.108223528,-0.238566846,0.175615221,-0.392150551
-0.105699889,-0.151074842,-0.169963986,-0.258051693
-0.291324854,-0.0236912202,-0.458466768,-0.0412983298
-0.373972028,0.0815656334,-0.566147566,0.127233252
-0.323590368,0.114120178,-0.501834512,0.185878485
-0.169858262,0.0577028096,-0.284960389,0.106868669
0.0108257271,-0.0618586354,0.0117557961,-0.091336675
0.13166301,-0.187752634,0.209253624,-0.300643802
0.138081223,-0.257413357,0.218176872,-0.411644548
0.0354498401,-0.230629802,0.0596561022,-0.38140136
-0.112751044,-0.108031809,-0.186314628,-0.188999206
-0.216368303,0.0681282505,-0.352917939,0.104133643
-0.204375416,0.231033027,-0.324726582,0.363888144
-0.0618215203,0.316577882,-0.101008564,0.500586271
0.161365926,0.289142102,0.247428849,0.456402063
0.374828666,0.155274779,0.56047231,0.236697793
0.493285656,-0.0397247672,0.696664512,-0.054268606
0.479613662,-0.230091646,0.656483352,-0.318183303
0.362891048,-0.354733109,0.506301701,-0.500668764
0.221689269,-0.379148751,0.32058984,-0.56216073
0.141190916,-0.306139171,0.211851865,-0.481365263
0.16674237,-0.172225684,0.257848263,-0.286553919
0.278627902,-0.032235641,0.430979669,-0.0591161288
0.401814997,0.0614504628,0.596055925,0.0845240355
0.445884019,0.0771785751,0.648594618,0.106388591
0.354151458,0.0135227982,0.551540971,0.0164861102
0.135839835,-0.102786183,0.23774378,-0.171610564
-0.136078924,-0.229094684,-0.206401348,-0.364775479
-0.360611886,-0.324268371,-0.512208402,-0.453820407
-0.459441841,-0.364615202,-0.606226325,-0.467274427
-0.415968895,-0.352160543,-0.571214736,-0.466653496
-0.282204211,-0.312036306,-0.428468734,-0.454756737
-0.150048018,-0.28004685,-0.245820925,-0.432326555
-0.102313384,-0.285628825,-0.165046677,-0.446742177
-0.169439331,-0.337667286,-0.255011559,-0.508594036
-0.314575642,-0.419741899,-0.431531608,-0.570502579
-0.454453915,-0.497380346,-0.546500325,-0.585953891
-0.504435778,-0.534324825,-0.56556946,-0.583633482
-0.42353189,-0.51022625,-0.518134058,-0.604027331
-0.235644042,-0.430982232,-0.347479761,-0.600059569
-0.016351182,-0.326111972,-0.0436179228,-0.507105589
0.146948725,-0.233906001,0.221881911,-0.377009958
0.199792072,-0.181570232,0.317237496,-0.295510471
0.146519423,-0.170753032,0.239767075,-0.281900585
0.0441862606,-0.176676705,0.0758013204,-0.294634998
-0.0311488025,-0.162276387,-0.0518871695,-0.269294411
-0.0267951135,-0.10057833,-0.0519572198,-0.169969738
0.0585694537,0.0066086757,0.0891482979,0.00784085784
0.175892815,0.124648362,0.280640662,0.197165295
0.254335076,0.200533971,0.398415208,0.307501853
0.241219208,0.189830482,0.388393223,0.294676453
0.131435737,0.0826316103,0.230447114,0.138477072
-0.0293466449,-0.0856925622,-0.0376695991,-0.138486207
-0.16881834,-0.246287212,-0.265714765,-0.381559163
-0.225963056,-0.327087581,-0.347083956,-0.486370176
-0.182221681,-0.287462831,-0.293386549,-0.442890316
-0.069502525,-0.139859527,-0.128625497,-0.235832378
0.0485639088,0.0532438979,0.0724843293,0.0807663873
0.111457445,0.206696019,0.18226406,0.327795893
0.0938967764,0.25160569,0.161290467,0.400830895
0.0370970406,0.0649198219,0.075196214,0.122055873
0.11855825,0.173557907,0.182151005,0.269381285
0.130368769,0.211304218,0.216830328,0.33709994
0.066419661,0.156184644,0.120844387,0.259197235
-0.0445875451,0.0367821604,-0.062994346,0.0666584447
-0.15419054,-0.0864968672,-0.24876827,-0.136189654
-0.215832695,-0.157663226,-0.347216487,-0.247444406
-0.202881247,-0.157156706,-0.332544237,-0.249630943
-0.11590714,-0.110907428,-0.202373147,-0.18267557
0.021784449,-0.0715349764,0.0256266445,-0.118500598
0.175884321,-0.083285071,0.280224413,-0.133856073
0.313402951,-0.15195477,0.478578299,-0.23282598
0.410613507,-0.238280892,0.581670344,-0.343761504
0.455492795,-0.279637754,0.615423441,-0.388859302
0.446818739,-0.228207648,0.618916273,-0.330146104
0.392824441,-0.0836277902,0.584469199,-0.141405463
0.310484648,0.0995919257,0.484618008,0.139517814
0.22394146,0.235937491,0.355880141,0.358044833
0.159593701,0.252607763,0.25960508,0.39887169
0.137144759,0.130042985,0.230745032,0.219944909
0.159503147,-0.0829373375,0.263614804,-0.125457868
0.207288086,-0.288613856,0.314560384,-0.440441132
0.243261665,-0.38553232,0.343011051,-0.562964499
0.227575794,-0.316851467,0.334333479,-0.488238364
0.138247445,-0.0976279005,0.224756628,-0.178827673
-0.0134587185,0.192317337,-0.016038347,0.295356154
-0.182604283,0.445724517,-0.246721402,0.628966331
-0.30847764,0.576268494,-0.364183754,0.709302366
-0.344382733,0.554237008,-0.411060393,0.682074487
-0.284955829,0.413426965,-0.39222908,0.588908911
-0.175544009,0.228482202,-0.276112914,0.374392569
-0.0955991969,0.0764931515,-0.157861188,0.136547774
-0.121052064,0.00306374999,-0.198142633,0.00603891676
-0.282738507,0.00856342539,-0.438539535,0.0103769908
-0.542364299,0.0582125336,-0.724812329,0.0811728463
-0.800889254,0.107061356,-0.801287591,0.119167998
-0.938941479,0.12455526,-0.742313206,0.110184439
-0.872221887,0.105990939,-0.773545206,0.102334715
-0.59552747,0.0673351437,-0.765233517,0.0965553746
-0.19253616,0.0297558196,-0.333894938,0.0641053095
0.195993215,0.00511557329,0.301909626,0.0141472844
0.432660222,-0.00870307907,0.634081662,-0.0199007448
0.444655359,-0.0212712679,0.653652251,-0.0413244478
0.256349623,-0.0380954482,0.422636688,-0.07036037
-0.0230615642,-0.0532390065,-0.0234181508,-0.0971798152
-0.251442224,-0.0518897176,-0.396633983,-0.0822765455
-0.320179671,-0.0214871652,-0.504137933,-0.0273410287
-0.202916905,0.0362723805,-0.34337303,0.0668034405
0.0369828083,0.101497203,0.0477604531,0.173155963
0.283101022,0.144441709,0.435836792,0.224090457
0.427460223,0.142452568,0.623236716,0.20072487
0.425214171,0.0956968069,0.630739152,0.134336099
0.314726859,0.0314393379,0.499160707,0.0430449136
0.193294689,-0.00741523318,0.32242614,-0.0181162991
0.16176331,0.0152769163,0.263880342,0.0207926109
0.267367214,0.107301906,0.413704753,0.163032413
0.47498104,0.239637747,0.642762959,0.318320125
0.682198882,0.357043743,0.7249282,0.368020087
0.770908117,0.403434813,0.705542505,0.358481169
0.669058204,0.349503696,0.722183883,0.367306381
0.390897661,0.208299562,0.58324337,0.295604676
0.0347900577,0.0303718969,0.0846010521,0.050684534
-0.260819227,-0.119435027,-0.402391464,-0.183758393
-0.381669164,-0.191991538,-0.568727851,-0.275368482
-0.290604532,-0.175744891,-0.462497979,-0.265227109
-0.0435623452,-0.099871017,-0.0915321261,-0.162895158
0.238363296,-0.0178802088,0.369719595,-0.0300685465
0.426179677,0.0193242989,0.628074944,0.0216649249
0.441279382,-0.012880126,0.649390221,-0.0246133357
0.287183732,-0.103762053,0.462647736,-0.16745548
0.0413836166,-0.215982169,0.0794097111,-0.353497595
-0.186084583,-0.306176841,-0.283686429,-0.468679339
-0.305131674,-0.345950931,-0.447003067,-0.49510178
-0.283330321,-0.332717896,-0.426425099,-0.482223511
-0.152335078,-0.286056221,-0.249064475,-0.441330492
0.0167383533,-0.233154699,0.0134607684,-0.374507606
0.153451845,-0.192222223,0.236743867,-0.311961293
0.221993074,-0.162913367,0.349688143,-0.263508767
0.232547656,-0.128277466,0.369336873,-0.211073518
0.226910338,-0.0663177744,0.364055157,-0.115383916
0.248814374,0.0355275683,0.395234346,0.0461317748
0.31648764,0.170547172,0.482422262,0.250848979
0.41221115,0.312158257,0.571126521,0.421762615
0.493351132,0.422362894,0.608603597,0.507765651
0.517444968,0.465102106,0.606368899,0.533963919
0.466820151,0.41892612,0.590231001,0.51679486
0.359314829,0.284604847,0.528821826,0.407018989
0.239800066,0.0858743191,0.396897137,0.141550601
0.157626048,-0.136110887,0.261984199,-0.215606108
0.142209485,-0.332752258,0.212415591,-0.507070899
0.189294338,-0.460166931,0.255802006,-0.647339821
0.264274985,-0.491123438,0.339793593,-0.661741793
0.320016623,-0.423931181,0.425410211,-0.587934673
0.319625467,-0.285137564,0.464073628,-0.431193918
0.252966166,-0.123578943,0.401530504,-0.210465297
0.139716372,0.00427514128,0.23714824,-0.00280716922
0.0188240893,0.0540304594,0.0376325101,0.0883500502
-0.069439359,0.0110946512,-0.111472011,0.024369482
-0.100050069,-0.101506896,-0.165338144,-0.15863812
-0.0715220347,-0.230227962,-0.120868638,-0.362076133
-0.0037589781,-0.311874658,-0.0164973587,-0.485266805
0.0718384907,-0.300397277,0.103000425,-0.474908471
0.124677308,-0.187927827,0.193597257,-0.314189464
0.134684131,-0.00993657392,0.22102122,-0.0284242127
0.0968138352,0.168844298,0.161187187,0.264967561
0.0204585716,0.282051951,0.0415735766,0.443972111
-0.0745313242,0.290392816,-0.105331495,0.461555511
-0.163379714,0.197992027,-0.25017187,0.325169325
-0.222350508,0.0487061627,-0.353024334,0.0916120112
-0.234577879,-0.0955717415,-0.378163368,-0.142707258
-0.195021302,-0.183772862,-0.316691458,-0.287231833
-0.113177605,-0.19747667,-0.19146511,-0.318058759
-0.0119204475,-0.155361935,-0.0301665086,-0.258077413
0.0783478469,-0.099028185,0.122826353,-0.168292388
0.129186079,-0.0684588179,0.212057382,-0.116074637
0.124164537,-0.0803866088,0.20752345,-0.134785235
0.0654264092,-0.120743886,0.112228759,-0.201128662
-0.0263729896,-0.154500261,-0.0401292667,-0.256723672
-0.119262591,-0.146848381,-0.196249083,-0.241537869
-0.181659997,-0.0839085951,-0.299921542,-0.138811633
-0.193861127,0.0181471333,-0.320412785,0.0296101533
-0.154631272,0.12004552,-0.256463528,0.197252542
-0.0803854764,0.178240314,-0.131553084,0.29426989
0.00233286712,0.165416464,0.0063451454,0.277136117
0.0676571652,0.0822360888,0.115817681,0.142121732
0.100062512,-0.0447876714,0.169905424,-0.0690024421
0.0994078442,-0.176788852,0.161082879,-0.287010223
0.0800441056,-0.279344916,0.123708554,-0.442308635
0.0649198219,-0.333873361,0.0948803648,-0.519402385
0.0770201683,-0.339168221,0.110464796,-0.524203062
0.130801961,-0.304832548,0.193293914,-0.4770464
0.225897655,-0.242718711,0.340263844,-0.382073492
0.344768673,-0.162498295,0.5116992,-0.253505558
0.4553909,-0.0734758973,0.649971366,-0.116946489
0.519218624,0.0104281614,0.71488893,0.00355739193
0.50325948,0.0684306994,0.70275259,0.0853274018
0.393175095,0.0777472481,0.595727623,0.106825702
0.202681035,0.0248741601,0.341675669,0.0362946354
-0.0256296881,-0.0827703401,-0.0291090254,-0.136335522
-0.230671912,-0.212942511,-0.355367184,-0.326101333
-0.35270831,-0.317406982,-0.509191215,-0.444572031
-0.356022865,-0.35160327,-0.507800877,-0.484996498
-0.244974747,-0.296363533,-0.382395238,-0.443936855
-0.0652331263,-0.170246542,-0.124390192,-0.28007254
0.112396352,-0.0246705655,0.174124375,-0.0469606481
0.220257431,0.0775460973,0.354506135,0.119428314
0.222485915,0.090751037,0.366449773,0.143667594
0.130780146,0.00822950061,0.226734966,0.0136099719
-0.000989114749,-0.133972213,0.00671204971,-0.217624485
-0.102037042,-0.273554206,-0.162881896,-0.426760405
-0.118696839,-0.35088104,-0.189756557,-0.529960036
-0.0411044285,-0.336023986,-0.0770191476,-0.520167172
0.090870589,-0.240663528,0.131855801,-0.390965372
0.206216916,-0.109509312,0.323718131,-0.185402378
0.237584487,0.0035070919,0.383826524,-0.00370293856
0.155505851,0.0613938197,0.264635146,0.0946894586
-0.0151057141,0.0591313802,-0.0118143223,0.0973360613
-0.204989538,0.0206689779,-0.325815439,0.0363108814
-0.332817048,-0.0189835466,-0.51461792,-0.0216333289
-0.344129264,-0.0354932211,-0.535498321,-0.0483425073
-0.237684086,-0.0281597171,-0.391944677,-0.0390324406
-0.0660172552,-0.0170467608,-0.120507218,-0.0221440531
0.0901279077,-0.0266598277,0.144273251,-0.0431519002
0.160698771,-0.0664362013,0.265914232,-0.108654886
0.119076714,-0.120232783,0.202511698,-0.200365871
-0.00753698265,-0.151868105,-0.00698920758,-0.255874008
-0.154719368,-0.12449,-0.250374943,-0.20733881
-0.255167484,-0.0233251303,-0.411159396,-0.0400031433
-0.272608131,0.131133586,-0.431688279,0.205315918
-0.217742682,0.287748009,-0.336499542,0.440607876
-0.138512895,0.386004388,-0.202832446,0.577242792
-0.0907248557,0.383745342,-0.127526596,0.581177056
-0.10543602,0.277424246,-0.155431896,0.444876462
-0.171002045,0.104500867,-0.267329216,0.181514621
-0.239549518,-0.0734121874,-0.380201459,-0.106099039
-0.254286587,-0.198370472,-0.401297987,-0.302459002
-0.182674959,-0.241273582,-0.298176646,-0.376435459
-0.0371885486,-0.212438926,-0.0748112425,-0.342953086
0.128041074,-0.153191805,0.196836188,-0.252527058
0.243464068,-0.113511249,0.384350032,-0.185844079
0.259654969,-0.127203271,0.414724201,-0.205240399
0.173424661,-0.19647558,0.283403039,-0.315719068
0.030586578,-0.292379707,0.0528367124,-0.461506367
-0.096303001,-0.369517684,-0.147550523,-0.55766207
-0.143770888,-0.386914164,-0.223782018,-0.572293818
-0.0882854611,-0.325067163,-0.15044339,-0.502549946
0.0436741039,-0.19229494,0.0561110191,-0.318333268
0.191157416,-0.0193913411,0.301508456,-0.0398748182
0.291294783,0.153049305,0.453003407,0.226736054
0.311531603,0.288044691,0.466445744,0.415165603
0.264707536,0.361195207,0.39373523,0.517896712
0.199470207,0.363573849,0.306688756,0.536192596
0.171630353,0.300151795,0.272815764,0.46479097
0.212009698,0.186565131,0.3375929,0.300296426
0.307934344,0.0459790677,0.48155719,0.076127246
0.408109635,-0.0941475481,0.602845788,-0.141548842
0.448247492,-0.206670523,0.62932986,-0.29666701
0.384077191,-0.271235317,0.549161375,-0.396950066
0.214807734,-0.280993402,0.333784938,-0.441041738
-0.0146393999,-0.246133819,-0.0184446797,-0.405153245
-0.233249202,-0.190994352,-0.364086062,-0.303633362
-0.375065684,-0.144186035,-0.563478053,-0.210634351
-0.406359941,-0.125116721,-0.604554892,-0.175543249
-0.336221367,-0.133240446,-0.521255732,-0.192366809
-0.207066849,-0.146224394,-0.342238396,-0.225855142
-0.0717461854,-0.129514471,-0.127486959,-0.21172905
0.0301403813,-0.0540562496,0.0443676189,-0.0961016417
0.0851699635,0.0858753547,0.138164476,0.132854789
0.103676587,0.263906538,0.166482642,0.408760875
0.10602238,0.427456915,0.162148803,0.618936419
0.107113458,0.51708138,0.156709984,0.706436217
0.108356327,0.491274536,0.160988361,0.687289059
0.100713871,0.345496297,0.163906291,0.533801675
0.0753632784,0.116291299,0.134806782,0.203107074
0.0339523479,-0.131964371,0.0624290816,-0.209541768
-0.00888314098,-0.332095385,-0.01605062,-0.511918902
-0.0328473784,-0.439817399,-0.0564574376,-0.641625702
-0.0247550514,-0.448693156,-0.0466249697,-0.653398395
0.0114582144,-0.388091445,0.00626647798,-0.588023961
0.0544336513,-0.30589968,0.0757435635,-0.482608885
0.0760977119,-0.244735315,0.117353782,-0.395078003
0.0579336137,-0.223029539,0.0913445354,-0.362351805
0.00352503988,-0.229478627,0.00522356434,-0.370488316
-0.0604530424,-0.232542157,-0.0998247415,-0.376022816
-0.0964699835,-0.19935441,-0.161600411,-0.324660927
-0.0757950321,-0.11417032,-0.134426191,-0.191431388
0.00481616799,0.0127738435,-0.0011807956,0.0178946238
0.11876563,0.149921238,0.188461259,0.23984696
0.220677987,0.259628683,0.341977149,0.396663785
0.267767817,0.315892667,0.404272228,0.464897364
0.240701631,0.31556648,0.371357292,0.468782455
0.153136253,0.277668417,0.250012398,0.431599587
0.0448877551,0.231572673,0.083394438,0.372841328
-0.0378053859,0.200509936,-0.055451218,0.327176452
-0.0647599548,0.189092204,-0.103416018,0.311104983
-0.03559025,0.181434721,-0.0569687076,0.299378335
0.0220158212,0.150993183,0.0376645774,0.2522614
0.0680156127,0.0771979019,0.115441501,0.132809818
0.0710292459,-0.0396596454,0.12225873,-0.0616531074
0.0235528685,-0.173242345,0.0417671017,-0.281018466
-0.0561560057,-0.279085159,-0.0886129886,-0.44115752
-0.135587439,-0.312669039,-0.212722629,-0.483229429
-0.185786292,-0.24962087,-0.297251225,-0.39339298
-0.195405841,-0.0986545458,-0.323696941,-0.165206641
-0.173692569,0.0990554541,-0.288922191,0.157504424
-0.14179112,0.284280956,-0.221829489,0.441467017
-0.118506573,0.401879519,-0.170693085,0.596677005
-0.109572247,0.421141475,-0.15039508,0.620876968
-0.106920585,0.345748425,-0.155591637,0.53659898
-0.0980005339,0.209603682,-0.150979623,0.347811222
-0.0786843523,0.0612233356,-0.128411338,0.110723697
-0.0607040338,-0.0557050966,-0.102117635,-0.0867515132
-0.0675754771,-0.116885133,-0.112068169,-0.192490608
-0.120038174,-0.121475436,-0.197862864,-0.20223543
-0.219091475,-0.0856142119,-0.351397604,-0.140614003
-0.337447464,-0.0304983426,-0.519059956,-0.046346195
-0.426615983,0.0278227814,-0.627490401,0.0452171341
-0.438438386,0.0817378759,-0.637710631,0.126184165
-0.351153851,0.127998143,-0.538406253,0.201764718
-0.186028451,0.160598651,-0.30510661,0.26338473
-0.00396188721,0.166934893,-0.0123221539,0.279963672
0.118879758,0.131504178,0.197266862,0.217980996
0.126225024,0.0463834666,0.217225417,0.0764644369
0.0107553983,-0.0774230212,0.0290187262,-0.127968058
-0.178192765,-0.20573397,-0.275931358,-0.324375212
-0.353820771,-0.289340615,-0.511452317,-0.414997488
-0.430280775,-0.283429354,-0.602243245,-0.38516885
-0.362589508,-0.170227081,-0.554135203,-0.250287682
-0.168759838,0.0266630854,-0.294465095,0.0407137647
0.0770670325,0.245360315,0.110943183,0.388247907
0.277789414,0.40761891,0.393472672,0.569804251
0.357225895,0.451400161,0.480000019,0.588236213
0.293777496,0.359510005,0.433104753,0.51339978
0.127919227,0.170077249,0.224548712,0.278899729
-0.0595521368,-0.037724074,-0.0857202038,-0.0559172146
-0.187265992,-0.177719161,-0.300387919,-0.279313147
-0.211201444,-0.195597827,-0.344328225,-0.309718132
-0.142403573,-0.0944500044,-0.245401978,-0.158043504
-0.0367002338,0.0656534657,-0.0708056763,0.104451343
0.0371344388,0.194730207,0.0613237396,0.313486576
0.0337323099,0.214606881,0.0633086488,0.349781066
-0.04667091,0.0960364491,-0.066823937,0.168249935
-0.160915583,-0.126194358,-0.252094358,-0.19234848
-0.247998595,-0.367390305,-0.364172876,-0.523782492
-0.262571514,-0.529878497,-0.350831926,-0.681877255
-0.198979795,-0.545775354,-0.272560447,-0.710361004
-0.0935067385,-0.406198025,-0.152431518,-0.603777707
-0.00431223726,-0.164221734,-0.0194788389,-0.282261223
0.0196943041,0.0887467414,0.0304042865,0.137094021
-0.035684593,0.261530191,-0.0485526621,0.41306898
-0.143376485,0.299061418,-0.210286289,0.46866408
-0.250224411,0.200460076,-0.378899336,0.321585059
-0.305152565,0.013370215,-0.475116491,0.0368872024
-0.284949511,-0.190342009,-0.443525791,-0.278672636
-0.20410794,-0.344890475,-0.315566301,-0.506093979
-0.104187652,-0.413346052,-0.1647553,-0.606487095
-0.029385915,-0.394761264,-0.0544288941,-0.593833566
-0.00228789845,-0.315811604,-0.0110263601,-0.498495877
-0.0132484799,-0.213943854,-0.0255669206,-0.352403253
-0.0289470255,-0.121315032,-0.0524337105,-0.205080405
-0.0148027884,-0.0562271662,-0.0268885214,-0.0938108042
0.0418538377,-0.0234881118,0.0649732053,-0.037839435
0.121406101,-0.0203594454,0.19682622,-0.0329419822
0.180788547,-0.04286661,0.29483515,-0.0711556748
0.177160099,-0.0886421278,0.291923791,-0.147031635
0.0935175568,-0.155667603,0.158828959,-0.25605458
-0.0481716208,-0.239058584,-0.0722600594,-0.384236544
-0.194343612,-0.328852475,-0.294328958,-0.494631737
-0.284803718,-0.410548121,-0.404638797,-0.569832861
-0.282736361,-0.468109131,-0.390834481,-0.622878134
-0.194099441,-0.487783998,-0.27842015,-0.66315639
-0.0658947974,-0.46116671,-0.108072333,-0.656617522
0.0364099257,-0.387011588,0.04183935,-0.585710287
0.0612475537,-0.272285014,0.0902955532,-0.44038713
-0.00311559672,-0.132859871,-0.00696653221,-0.230354145
-0.122161999,0.00680841925,-0.199072525,0.00412772456
-0.231515095,0.116689757,-0.367256463,0.188133672
-0.268062413,0.168210104,-0.418165267,0.269006461
-0.200557873,0.144535422,-0.32247287,0.241922259
-0.0449933149,0.0504096374,-0.0814670399,0.0967695415
0.14221637,-0.0839343965,0.227239117,-0.130170837
0.289342731,-0.209133342,0.438816339,-0.321578175
0.340411276,-0.273354173,0.494573444,-0.406122178
0.277853817,-0.243615106,0.422068983,-0.381142676
0.127315298,-0.12221124,0.211194068,-0.214627266
-0.0558385365,0.0507364608,-0.0869301632,0.0720683187
-0.210465953,0.211961791,-0.326375693,0.331165135
-0.292528957,0.301936656,-0.427140236,0.452640206
-0.287583441,0.292037338,-0.423479885,0.443855047
-0.209767848,0.198646143,-0.330868721,0.326826096
-0.0907602608,0.0762854293,-0.153570473,0.137999296
0.0342121236,-0.00804195832,0.0526970848,-0.00960445404
0.136871129,-0.00741157681,0.219655797,-0.0177154187
0.200159416,0.0816199332,0.322018892,0.122774146
0.217632592,0.216862723,0.34286055,0.329436272
0.191323861,0.331255257,0.296596318,0.492864758
0.130576208,0.366514981,0.207511023,0.549729884
0.0517782494,0.302820414,0.0939092115,0.477822334
-0.0231357664,0.169426292,-0.0269998293,0.285259753
-0.0714626387,0.0307241548,-0.113482326,0.0599260591
-0.0774898008,-0.0452120937,-0.13181974,-0.0732005984
-0.0399882458,-0.0196693838,-0.0720529631,-0.0348951444
0.0251548849,0.0985837951,0.0350085087,0.156389073
0.0901418105,0.258654118,0.142229244,0.4038302
0.127239227,0.392732829,0.195365489,0.578954041
0.122217223,0.447648376,0.184201092,0.64147681
0.082187295,0.406821847,0.133900419,0.603384078
0.0329408459,0.292713761,0.0628882498,0.465224117
0.00618647272,0.150724918,0.0167910252,0.256166846
0.0227432605,0.0250917319,0.0386213586,0.0474403314
0.0805229396,-0.0595806651,0.13025634,-0.0969784781
0.154175967,-0.102222964,0.247592032,-0.168451384
0.20732668,-0.115108758,0.331600577,-0.191210702
0.211457774,-0.108374216,0.341832727,-0.181075707
0.161521822,-0.0804597661,0.266026437,-0.138487369
0.0796459094,-0.0209160484,0.135394126,-0.0428065062
0.00441212812,0.0767789632,0.00749097392,0.122540757
-0.0290331524,0.201974735,-0.0469514579,0.324398845
-0.0075951363,0.323761046,-0.0109621622,0.502718568
0.052518364,0.402533531,0.0817082077,0.601983547
0.114098974,0.411078215,0.174369395,0.606096029
0.138612717,0.352827966,0.217367113,0.535182118
0.10677474,0.264937311,0.178069726,0.420692861
0.028857965,0.201666564,0.057419505,0.328211844
-0.0609986335,0.205122918,-0.0925424919,0.330093563
-0.123513557,0.278969258,-0.191159904,0.43502146
-0.135805547,0.380858302,-0.200202838,0.568841755
-0.10379865,0.440247357,-0.145365894,0.639644802
-0.0583804585,0.394428015,-0.080537729,0.59725821
-0.0371190831,0.224654973,-0.0504319891,0.373472452
-0.0614911467,-0.0273836069,-0.0919138491,-0.0316373184
-0.122421771,-0.27330038,-0.190666795,-0.421964616
-0.182767302,-0.41691348,-0.270898402,-0.602264643
-0.196278542,-0.399593174,-0.295850724,-0.582910955
-0.133418858,-0.229088694,-0.226668686,-0.37097612
-0.00019020059,0.0232570097,-0.0158165302,0.0282816533
0.160715476,0.255922019,0.246924415,0.395533741
0.288075566,0.384457707,0.413663149,0.543670833
0.331031084,0.378716886,0.471150458,0.526593387
0.274195313,0.271708399,0.424133778,0.408171803
0.146026626,0.136863247,0.250517368,0.223793864
0.00589190191,0.0470765233,0.0189297255,0.0768638924
-0.0838950425,0.0379628018,-0.138279662,0.0613995492
-0.0871055052,0.0945329666,-0.14864102,0.155943736
-0.00927426014,0.166936681,-0.0211295821,0.274731308
0.107438132,0.204650164,0.172010168,0.332181543
0.206938088,0.188562319,0.330578208,0.299265414
0.247321248,0.142248496,0.396892875,0.222795859
0.219890028,0.116129883,0.358691603,0.180788308
0.149739489,0.15409115,0.249365717,0.242122456
0.0785509646,0.262450963,0.130706266,0.407351166
0.0396312699,0.400081456,0.0642543733,0.592645884
0.0391090065,0.496538639,0.0617914945,0.695624888
0.0535691567,0.489004374,0.0828310251,0.69098562
0.0452898964,0.357729226,0.0784915537,0.553724051
-0.0134547576,0.139857277,-0.00975770596,0.241411805
-0.120665044,-0.0869437531,-0.19068782,-0.134030029
-0.24087581,-0.243038446,-0.371204227,-0.37091285
-0.320426077,-0.287114173,-0.476330221,-0.41944173
-0.314574778,-0.236405239,-0.482132405,-0.353363425
-0.21266602,-0.155657545,-0.350772381,-0.244574472
-0.0479645282,-0.120479375,-0.0913695693,-0.193721578
0.113881737,-0.174633399,0.17796497,-0.277562499
0.203203514,-0.304233015,0.306900352,-0.461963475
0.178420901,-0.442867786,0.254804224,-0.631417572
0.0466258787,-0.505244136,0.0643099472,-0.707562983
-0.137419105,-0.431842864,-0.200493678,-0.632488072
-0.293847948,-0.221383512,-0.450852096,-0.347455472
-0.35177058,0.0655662268,-0.546860695,0.0928556845
-0.279596657,0.333389938,-0.416185379,0.488809317
-0.0982849523,0.494663626,-0.139307782,0.695195854
0.127804339,0.508056223,0.177226469,0.704604685
0.317662895,0.392768055,0.447270244,0.552506685
0.405714929,0.214098945,0.591938853,0.310558707
0.3653754,0.049446363,0.56385833,0.0723764077
0.214948043,-0.047001563,0.358779818,-0.0827203467
0.00516847288,-0.063650772,0.0169990566,-0.114383683
-0.204237372,-0.0275037102,-0.327121824,-0.0493464805
-0.367564231,0.017979905,-0.558035433,0.0304052979
-0.465800107,0.0392084382,-0.668343365,0.0639880151
-0.504957318,0.0285417214,-0.703538895,0.0492590368
-0.503257096,0.00296615111,-0.702845812,0.0139819747
-0.475373507,-0.0114464043,-0.678155124,-0.00625308882
-0.422557086,0.00142531411,-0.625796378,0.00993862376
-0.333676726,0.036771547,-0.521490753,0.0633396506
-0.196130514,0.0717580467,-0.325889856,0.12111669
-0.0102430694,0.0796480551,-0.0246129371,0.137868464
0.201224923,0.0461804271,0.32047528,0.0796054155
0.394576132,-0.0214812104,0.588221848,-0.034225747
0.518433154,-0.0981185138,0.709824562,-0.141867667
0.533590853,-0.153845817,0.713673115,-0.214560419
0.430673659,-0.16982165,0.620149255,-0.252950013
0.237212583,-0.14782472,0.384272099,-0.245228812
0.0100949565,-0.109087601,0.0235405546,-0.190290391
-0.184299469,-0.0836998448,-0.296433806,-0.137982666
-0.29442966,-0.0964661688,-0.463042587,-0.146020353
-0.302357703,-0.156084627,-0.471122712,-0.230354905
-0.229104996,-0.251920313,-0.360902727,-0.378611028
-0.124415398,-0.358473182,-0.197560236,-0.533649266
-0.0453798808,-0.444377363,-0.074447915,-0.642178953
-0.0330615193,-0.481901735,-0.0534639359,-0.682957649
-0.0969181508,-0.45419383,-0.143389061,-0.656425118
-0.21318841,-0.359420955,-0.317893535,-0.536791325
-0.337161571,-0.212014899,-0.506877244,-0.322329432
-0.423237383,-0.0409961119,-0.627183139,-0.0598232485
-0.443605363,0.115295991,-0.640976429,0.171185479
-0.397543997,0.218480781,-0.575969636,0.322702318
-0.308080703,0.242056727,-0.46276632,0.373701036
-0.208727404,0.182109743,-0.329166234,0.300655812
-0.127372459,0.0616130643,-0.208237693,0.113616787
-0.0751685575,-0.0754359514,-0.124164127,-0.11798761
-0.0452145003,-0.179497421,-0.0756363422,-0.289749354
-0.0206428301,-0.214821219,-0.0386942029,-0.349803865
0.0129588591,-0.173766449,0.0133455452,-0.290179402
0.0577433482,-0.0786176324,0.0907204598,-0.136947423
0.101620249,0.0307698715,0.165718153,0.0444578603
0.124959663,0.117649101,0.207410976,0.187716275
0.112225428,0.166519061,0.187498629,0.268785745
0.0622407496,0.188561246,0.11014057,0.303851902
-0.00844046939,0.210847557,-0.00637752004,0.339809716
-0.0710103661,0.255051941,-0.107651792,0.405579805
-0.0962212905,0.318098575,-0.145848632,0.491773129
-0.0669559464,0.367143542,-0.0987043008,0.559795856
0.0142387515,0.353915423,0.0247038975,0.548088491
0.125851586,0.242382407,0.203908324,0.394700021
0.235601008,0.0350915566,0.382877707,0.0651270971
0.312127888,-0.217444524,0.473916888,-0.323790073
0.335128486,-0.43203792,0.449237376,-0.585639596
0.300254464,-0.527524889,0.377443522,-0.67998755
0.217940554,-0.462476343,0.294059664,-0.64870888
0.107993074,-0.256611437,0.165974215,-0.423812747
-0.00699945772,0.015960237,-0.0135489637,0.00891649351
-0.106906079,0.259316295,-0.166649178,0.40573296
-0.177010417,0.398240536,-0.250909954,0.587362587
-0.209239185,0.409395099,-0.292500794,0.597693682
-0.202715009,0.325733989,-0.298330098,0.50002861
-0.164110795,0.212935165,-0.257167399,0.34895134
-0.107306071,0.13147898,-0.175686896,0.2226713
-0.0513748713,0.105363846,-0.0865711048,0.177316099
-0.016465256,0.114215642,-0.0263810568,0.189305201
-0.0183896571,0.112044543,-0.0268509109,0.186739296
-0.0638715029,0.0606884547,-0.100089327,0.105513051
-0.148522094,-0.0423370562,-0.239224896,-0.0634699687
-0.258496583,-0.158496439,-0.404726744,-0.242093056
-0.374981999,-0.229080573,-0.547674656,-0.329120338
-0.479292184,-0.21033065,-0.661978245,-0.286443174
-0.556288481,-0.101986974,-0.739388406,-0.131985575
-0.595196366,0.0485013165,-0.768163204,0.0666435733
-0.58879602,0.170188725,-0.746389151,0.2221912
-0.533128083,0.208678737,-0.699687541,0.28516224
-0.429357022,0.159327641,-0.618253112,0.242361471
-0.287431329,0.0735510886,-0.456200957,0.129129425
-0.128909245,0.0325468816,-0.220215812,0.0592608377
0.0145603335,0.101154454,0.0169540942,0.163535833
0.10909313,0.286715776,0.169697791,0.437521905
0.131249726,0.526539087,0.185322538,0.701903582
0.080358617,0.713038623,0.106230199,0.801962733
-0.0162315127,0.745398581,-0.00364705035,0.811544895
-0.10963852,0.581657171,-0.128441438,0.755488992
-0.147160783,0.263798922,-0.217647612,0.431847811
-0.0947506353,-0.0981506482,-0.154826447,-0.138256475
0.0457768887,-0.375849515,0.056150727,-0.558779538
0.233689472,-0.481330991,0.300023794,-0.660719872
0.403484672,-0.405132711,0.517609239,-0.54586792
0.491256922,-0.21518302,0.658050358,-0.308845341
0.462011755,-0.0183004867,0.664315403,-0.0426335968
0.325448692,0.0946348459,0.510966182,0.134317711
0.132557392,0.0911087468,0.231588006,0.147147372
-0.0458768345,0.00597323896,-0.0673259124,0.0138978455
-0.149277464,-0.0854349211,-0.245477825,-0.133825704
-0.152190045,-0.113365568,-0.256850392,-0.182463586
-0.0729752928,-0.0528476425,-0.132948741,-0.0909340158
-0.194759473,-0.166936681,-0.297397435,-0.258544296
-0.166357771,-0.168678328,-0.279122204,-0.270745188
-0.0753944442,-0.118772864,-0.13519004,-0.196602494
0.0318806842,-0.0316263251,0.0447185636,-0.0563021079
0.106515728,0.0728557184,0.174372002,0.115760416
0.120946661,0.176285535,0.200428069,0.279517591
0.0784920752,0.265330195,0.132434383,0.415132284
0.00520781567,0.331982136,0.0171319339,0.512118101
-0.0686950982,0.372810096,-0.0947052613,0.563857138
-0.125534639,0.389230281,-0.178806648,0.582247496
-0.16523096,0.388795435,-0.235273138,0.576622248
-0.197351098,0.385363579,-0.282196999,0.569140792
-0.227292985,0.395634562,-0.320820123,0.574880302
-0.247284263,0.43157655,-0.339385331,0.608310938
-0.239210784,0.491593242,-0.317308992,0.663197756
-0.18788673,0.555651009,-0.240012437,0.725755334
-0.0956795067,0.58901298,-0.117910028,0.761656702
0.012486387,0.555389583,0.0234407727,0.74562645
0.0992426276,0.434962869,0.151574984,0.636986494
0.135742769,0.238870665,0.224128127,0.387825459
0.121196449,0.0118983071,0.210935444,0.0272646509
0.0877612606,-0.180159494,0.144916728,-0.29071027
0.0850646943,-0.274733156,0.127321631,-0.436130524
0.150705591,-0.238381729,0.22727558,-0.384551704
0.282764465,-0.0826638266,0.432818711,-0.141569227
0.431457937,0.13784802,0.617516875,0.183707714
0.518017292,0.345359802,0.658011496,0.42090109
0.473962367,0.468296945,0.578882396,0.552080631
0.281308085,0.467849374,0.392216265,0.622151315
-0.00860919897,0.350525975,0.0112192733,0.538773119
-0.290555328,0.162125066,-0.431840688,0.26130718
-0.450480551,-0.0331620537,-0.649322391,-0.0322593823
-0.419284582,-0.178648382,-0.614694774,-0.24465315
-0.208087042,-0.244915396,-0.341929704,-0.371788085
0.0941560566,-0.236101702,0.128817111,-0.375613362
0.361153781,-0.181991935,0.526017249,-0.280454725
0.48854214,-0.12128146,0.68071413,-0.180934742
0.442197829,-0.0842837095,0.645356596,-0.133182958
0.2709077,-0.0822078139,0.438437134,-0.139580518
0.076888904,-0.106159791,0.135178253,-0.180590749
-0.0403328426,-0.134499773,-0.0668737292,-0.223819122
-0.0370174199,-0.14419812,-0.0699933544,-0.235454157
0.0529666096,-0.121262603,0.0765467882,-0.20137994
0.139291987,-0.0667102933,0.224128038,-0.11513792
0.127961487,0.0032551575,0.215673491,-0.00204976066
-0.0228554308,0.0623016395,-0.0266602356,0.0980359167
-0.274620324,0.0825206786,-0.419917703,0.130507141
-0.52409029,0.0440998636,-0.711617887,0.0702745616
-0.655599594,-0.0566223264,-0.79367739,-0.0532828607
-0.602687538,-0.203497216,-0.749418497,-0.23537156
-0.386069506,-0.363364428,-0.539171457,-0.477496594
-0.106830955,-0.495529711,-0.168015882,-0.677913308
0.102850758,-0.565434456,0.121011846,-0.744120777
0.146517992,-0.557549894,0.185732991,-0.736375868
0.0130616361,-0.481779516,0.0188901387,-0.691133499
-0.217101067,-0.369631797,-0.316237003,-0.551138759
-0.413153082,-0.260770053,-0.58555311,-0.368720114
-0.461472481,-0.185402438,-0.653370559,-0.252548486
-0.324866146,-0.150761053,-0.508880138,-0.219742298
-0.0627175197,-0.138753504,-0.120533921,-0.22153528
0.198558792,-0.116796523,0.307071179,-0.190349042
0.329708666,-0.0571153015,0.510149419,-0.0998707265
0.264587671,0.0451121256,0.429911137,0.0574234612
0.0341715328,0.164604932,0.0731230378,0.257021636
-0.248540804,0.254632652,-0.364290893,0.387189627
-0.444727659,0.268275142,-0.606252134,0.38012132
-0.458285838,0.182208538,-0.642731249,0.270655721
-0.282183856,0.0109495791,-0.453753948,0.036323458
1.35329574e-05,-0.196249127,-0.015557508,-0.301865041
0.257019222,-0.375116557,0.358629078,-0.540376186
0.3744663,-0.473497152,0.474795252,-0.614702463
0.308629125,-0.472809881,0.408347934,-0.635922909
0.10330762,-0.393559456,0.155708313,-0.596502841
-0.136511907,-0.282744676,-0.211130947,-0.451636195
-0.298771799,-0.190144166,-0.461359948,-0.291526169
-0.317841291,-0.145773634,-0.495763928,-0.216469213
-0.201087117,-0.149543166,-0.333775997,-0.22980307
-0.0174568184,-0.177137971,-0.0431679972,-0.28435564
0.143086657,-0.197355881,0.220231533,-0.317981899
0.216358542,-0.190411195,0.338981897,-0.306695074
0.192664891,-0.157082975,0.308953404,-0.261458457
0.114349522,-0.114579834,0.19061932,-0.195661813
0.0463027097,-0.0829741135,0.0778040141,-0.141158119
0.0374081135,-0.071351923,0.0581540726,-0.118588313
0.0943558663,-0.0724360719,0.150836706,-0.120984465
0.181139544,-0.0687704459,0.289304167,-0.113628276
0.242869914,-0.0461376198,0.388175607,-0.0798201561
0.239441112,-0.00525747472,0.386271238,-0.0172930546
0.16993697,0.0361800678,0.28397119,0.0525493622
0.0744791403,0.0530448183,0.130255058,0.0857141018
0.0128759518,0.0283478033,0.0234428924,0.0499473177
0.0318996161,-0.0348061286,0.050201267,-0.0527019911
0.138749972,-0.112789281,0.220257699,-0.180573478
0.294590056,-0.173579454,0.444944412,-0.26919508
0.431342065,-0.194604456,0.610006094,-0.287000269
0.483082384,-0.175448596,0.66668874,-0.254503727
0.41646564,-0.137146696,0.609070837,-0.211371452
0.245797291,-0.107764781,0.399208277,-0.182573527
0.0264957622,-0.102722675,0.0547325015,-0.177441388
-0.168814868,-0.112442836,-0.27065292,-0.183493793
-0.279778212,-0.106458969,-0.444310158,-0.164043874
-0.280250102,-0.0535479337,-0.452254176,-0.0806591883
-0.184475362,0.0529208407,-0.310557604,0.0871049538
-0.037159171,0.180129826,-0.0674993768,0.294856638
0.106106557,0.263057053,0.167399943,0.417455763
0.198864132,0.233794749,0.317726344,0.369145244
0.216862544,0.0598112307,0.359226048,0.1034813
0.161299095,-0.229111418,0.264577895,-0.354027271
0.0538226366,-0.542015076,0.0730760023,-0.729019344
-0.0727322027,-0.759519339,-0.0861566588,-0.814283848
-0.184048638,-0.785264909,-0.19318977,-0.786708891
-0.252241343,-0.592093885,-0.316518456,-0.727712035
-0.261292607,-0.239720762,-0.411928564,-0.379496902
-0.209886745,0.14657563,-0.349627912,0.222019106
-0.111280203,0.427930117,-0.164216846,0.625256956
0.0102934893,0.510919154,0.022434663,0.714665055
0.126457751,0.386118323,0.194149271,0.58387965
0.213032618,0.128368899,0.348768413,0.218702063
0.256829768,-0.140565351,0.409230441,-0.21689336
0.257907659,-0.308290333,0.382688791,-0.464524686
0.226182908,-0.319919884,0.333439767,-0.491468489
0.174248308,-0.196066096,0.271671712,-0.326006711
0.110564455,-0.0143792871,0.181228533,-0.0364065506
0.0372542404,0.133662552,0.0657046586,0.214363471
-0.0458832607,0.187837243,-0.0672858432,0.308218032
-0.133560047,0.144154668,-0.208417624,0.24184449
-0.208904147,0.0495195091,-0.333419085,0.0883908048
-0.244615003,-0.0281770714,-0.394423217,-0.0383488648
-0.213307992,-0.0370970406,-0.351281196,-0.0566429831
-0.103409067,0.0336234309,-0.182107925,0.0534261391
0.0675126836,0.152169257,0.101129577,0.247384042
0.250581592,0.263678968,0.380365938,0.397742212
0.378800631,0.318761379,0.53828758,0.443845332
0.392197311,0.295558721,0.561233997,0.411907643
0.264617234,0.205484703,0.422005951,0.313765943
0.019439416,0.0826634467,0.0504551791,0.137450293
-0.274609119,-0.0344946235,-0.421729118,-0.0513431132
-0.527561784,-0.118658006,-0.713902295,-0.152000353
-0.662706673,-0.158974901,-0.787044823,-0.177052513
-0.646431446,-0.156880736,-0.77808547,-0.179056808
-0.499948859,-0.11840453,-0.698996961,-0.154895023
-0.287576884,-0.0498657413,-0.466161609,-0.0722359568
-0.0871304348,0.0402358249,-0.155461475,0.0686388835
0.0437294096,0.136119753,0.0696111619,0.221717939
0.0897332206,0.21271041,0.150132686,0.338515788
0.0792123005,0.241432652,0.134238422,0.385287017
0.0649736077,0.202995017,0.112425171,0.332891107
0.0951499417,0.100481346,0.160673514,0.173561022
0.188543662,-0.0359943472,0.304980338,-0.0524574816
0.32592532,-0.158226609,0.492361218,-0.241509229
0.46028325,-0.220055133,0.631352305,-0.312313229
0.539648533,-0.1991698,0.704307735,-0.274128646
0.530571461,-0.108824603,0.714956224,-0.161454663
0.431119442,0.00780693721,0.635850608,-0.00264507229
0.268509239,0.0988087654,0.433004171,0.144574568
0.0845447332,0.129707903,0.150162086,0.208515197
-0.0824142471,0.100886874,-0.12805675,0.169201002
-0.209823325,0.0467422269,-0.336630583,0.0825191587
-0.292971671,0.0168127511,-0.462444127,0.0324437134
-0.338299185,0.0488889217,-0.523836851,0.0784190521
-0.35418281,0.148494631,-0.535660088,0.225437954
-0.345641613,0.285590738,-0.50243783,0.415500224
-0.31567359,0.409844756,-0.433183789,0.568786204
-0.270787805,0.475692123,-0.358886659,0.645442307
-0.225084871,0.463381797,-0.302610695,0.648299813
-0.198043853,0.385022312,-0.282119453,0.571971357
-0.205541372,0.27357614,-0.306853592,0.4302302
-0.248824745,0.162532642,-0.384354711,0.263727099
-0.308797687,0.0689279512,-0.478529096,0.115473129
-0.351054043,-0.0103413891,-0.537618816,-0.00688975584
-0.341309726,-0.087616846,-0.52676034,-0.125081226
-0.264365613,-0.167027846,-0.420800179,-0.250611484
-0.136364847,-0.232861191,-0.227356911,-0.362288415
-0.00226895791,-0.252715468,-0.0147505673,-0.404004157
0.0824339986,-0.195176318,0.127657861,-0.323801368
0.0782465562,-0.0521809161,0.128511086,-0.0995079279
-0.0165059231,0.147797838,-0.022185985,0.231555045
-0.160397217,0.345374733,-0.233207554,0.517774701
-0.284595847,0.473904639,-0.37292558,0.640135407
-0.32354784,0.489699632,-0.413673043,0.643917084
-0.246554852,0.392688185,-0.349884391,0.573200047
-0.0747154653,0.225790843,-0.120902814,0.377078116
0.125951529,0.0526045002,0.203960031,0.0980659276
0.273088336,-0.0750065148,0.429684222,-0.119780146
0.305433482,-0.141955048,0.474748433,-0.227327794
0.21149689,-0.173962101,0.342421949,-0.284842193
0.0356292799,-0.218478248,0.0658134595,-0.358142048
-0.141731128,-0.313318014,-0.216359451,-0.47941184
-0.24049896,-0.460819662,-0.337245435,-0.625039697
-0.216925591,-0.62235713,-0.275953859,-0.742200017
-0.0822778493,-0.736633539,-0.107318081,-0.802863479
0.104184933,-0.751747012,0.0953643098,-0.803000867
0.263906896,-0.653152823,0.287808895,-0.752619982
0.335111082,-0.471869767,0.426859438,-0.626570225
0.298867196,-0.268405467,0.442281574,-0.415732801
0.183243424,-0.101610653,0.300587296,-0.178196505
0.0448078625,-0.000173511784,0.0810259208,-0.00704527739
-0.0620504878,0.0471925177,-0.100226745,0.0791274831
-0.111869782,0.0777622983,-0.185584962,0.130436286
-0.117452383,0.125905976,-0.1934181,0.207859203
-0.117728472,0.197125509,-0.189487696,0.318989933
-0.151394248,0.261420459,-0.230899453,0.41142267
-0.23098141,0.271144331,-0.344967127,0.419240862
-0.331754446,0.193755373,-0.489658982,0.303739876
-0.402051628,0.040101666,-0.595148802,0.0742770284
-0.390356392,-0.12997742,-0.583825767,-0.178750098
-0.275295436,-0.231052533,-0.432696074,-0.342198491
-0.0825985372,-0.194478363,-0.150745824,-0.314123034
0.120944016,-0.00798873417,0.185418531,-0.0249352381
0.255184084,0.269512147,0.387305707,0.393040389
0.263581872,0.528134525,0.355075687,0.673207462
0.141759336,0.654351771,0.186203972,0.777478278
-0.056774959,0.583111167,-0.0549869351,0.757755756
-0.241719827,0.329015613,-0.340530813,0.503573895
-0.325182974,-0.0191326216,-0.497357458,-0.00653935969
-0.261368871,-0.337969065,-0.39718923,-0.477787167
-0.0683542117,-0.5240165,-0.113338165,-0.710843086
0.178572834,-0.536664188,0.216459662,-0.713899255
0.379577965,-0.409876704,0.491420865,-0.558253407
0.454480648,-0.229040146,0.62435317,-0.333054602
0.378517479,-0.0866417885,0.571309745,-0.143189579
0.193339452,-0.0399163477,0.325951427,-0.0729940906
-0.0119188605,-0.0907198265,-0.00868901052,-0.149936497
-0.141062692,-0.194902614,-0.225572884,-0.306112319
-0.134506509,-0.292758465,-0.220927596,-0.447585911
0.00359840668,-0.342155665,-0.00996289309,-0.522958338
0.207133085,-0.336587757,0.293193698,-0.506561816
0.377998024,-0.300484806,0.525510788,-0.433214694
0.430900216,-0.267504632,0.596093655,-0.380941749
0.332813531,-0.256563842,0.494782567,-0.386389315
0.119302064,-0.260325313,0.196660891,-0.418840677
-0.119829126,-0.252332211,-0.184878111,-0.404345006
-0.279463559,-0.207333073,-0.43301031,-0.318218201
-0.285671353,-0.121451423,-0.459245563,-0.187166587
-0.129358128,-0.0191692319,-0.228507563,-0.0276100487
0.12779285,0.0578172617,0.197728962,0.0977450833
0.377919316,0.073837623,0.566464603,0.109633692
0.511751652,0.0211353507,0.713439047,0.0244741347
0.464540601,-0.0726321042,0.670626521,-0.109256834
0.243699551,-0.156356677,0.396975875,-0.253354818
-0.0734176263,-0.181045815,-0.107096024,-0.30416894
-0.370510519,-0.125418276,-0.553750157,-0.192537591
-0.538993657,-0.00776521582,-0.735555887,-0.00682166405
-0.520923138,0.122323401,-0.714363575,0.174117208
-0.330715507,0.208003625,-0.504281223,0.321073234
-0.047326643,0.212394908,-0.0872185081,0.357070595
0.219104275,0.135050669,0.346309215,0.224138647
0.371822327,0.0098366607,0.569010139,0.0141272536
0.364818871,-0.113696583,0.557683825,-0.176838413
0.218168929,-0.19503063,0.351683885,-0.315641224
0.00605325215,-0.220659867,0.0163604189,-0.365347356
-0.176506594,-0.206923828,-0.280572027,-0.331281036
-0.253764242,-0.187706575,-0.402547985,-0.289194047
-0.199595556,-0.194707036,-0.327717245,-0.300699979
-0.0461218059,-0.240949929,-0.0860313028,-0.378658086
0.132021829,-0.315342396,0.192937762,-0.483450443
0.250405043,-0.389518946,0.35475859,-0.562369466
0.250541747,-0.431873024,0.348060042,-0.611125469
0.123997383,-0.420912057,0.180737659,-0.622498333
-0.0845463797,-0.351888746,-0.12559405,-0.545250893
-0.295871496,-0.235366732,-0.448418498,-0.361609131
-0.428359151,-0.0908579156,-0.630331635,-0.132481769
-0.430476457,0.0596439615,-0.636907279,0.091256842
-0.300745994,0.195058033,-0.467081994,0.303180128
-0.0877387375,0.295743614,-0.144695446,0.469404608
0.12925455,0.343918294,0.1959057,0.527957916
0.270721406,0.326663852,0.405032545,0.480268657
0.286478221,0.241657704,0.444533229,0.363930494
0.173098326,0.102604374,0.297030777,0.166946203
-0.0267328415,-0.060039293,-0.0304877311,-0.0981468707
-0.241660669,-0.205771685,-0.371475697,-0.317050964
-0.398338437,-0.296904832,-0.562699378,-0.411793381
-0.446821094,-0.312315851,-0.611492038,-0.414741933
-0.37547034,-0.255444497,-0.551923573,-0.363490731
-0.210920557,-0.152216986,-0.351533502,-0.239367083
-0.00471618306,-0.0395487472,-0.0217931885,-0.0660383552
0.186908528,0.0500377342,0.298667967,0.0790832192
0.32179898,0.100153938,0.498890817,0.149758801
0.382521689,0.113229573,0.577115238,0.16225563
0.376279563,0.103783563,0.572319031,0.148425266
0.326091558,0.0870525613,0.509137213,0.128423348
0.25836429,0.0700033009,0.417253464,0.105011873
0.192530721,0.049866084,0.317385972,0.0781597048
0.136496872,0.0204487629,0.229785055,0.0327362679
0.0884069204,-0.0184588097,0.149386451,-0.0315518789
0.042335283,-0.0553305149,0.0707168579,-0.0922994167
-0.0057849586,-0.0694270357,-0.00858685374,-0.11601527
-0.0550182015,-0.0411461666,-0.0932807922,-0.0714927986
-0.100074008,0.0353068672,-0.166666761,0.0544836409
-0.134595767,0.144444287,-0.219748572,0.231964886
-0.154758722,0.25239256,-0.242799431,0.39795652
-0.161113366,0.319862455,-0.241963744,0.492086738
-0.15796946,0.319322646,-0.236664608,0.49513495
-0.1511489,0.247968182,-0.232062817,0.39888519
-0.145724863,0.13000536,-0.232808948,0.220622107
-0.145016,0.00710999453,-0.237535387,0.0204242878
-0.150950894,-0.0782683417,-0.249437749,-0.124871425
-0.164789394,-0.0988882035,-0.271952391,-0.160565823
-0.186888084,-0.0510818176,-0.307644099,-0.0856937394
-0.214990601,0.0470860675,-0.348531544,0.0747293308
-0.241940379,0.165382087,-0.379832864,0.259976864
-0.254800171,0.273143947,-0.38435787,0.417852432
-0.237252444,0.347963363,-0.34678334,0.519075334
-0.175636604,0.379045039,-0.255186379,0.567142308
-0.0667159334,0.366386503,-0.100758687,0.561176956
0.0764801428,0.318584085,0.120206401,0.50029397
0.224451259,0.251193315,0.348927766,0.391420573
0.338352293,0.185216933,0.512906969,0.277810663
0.38278538,0.143589452,0.574202299,0.206397966
0.339488834,0.144130275,0.523282528,0.208753407
0.215982944,0.190308362,0.350218743,0.289143652
0.0448441841,0.264408737,0.0824795514,0.41293478
-0.126836836,0.328721613,-0.183707476,0.504993856
-0.253839284,0.337647289,-0.36445865,0.503673911
-0.308256358,0.257894993,-0.455068052,0.39666757
-0.287495703,0.0882334635,-0.450099409,0.154159322
-0.211688116,-0.131849989,-0.341886014,-0.193949088
-0.112238035,-0.331626475,-0.180707693,-0.499757349
-0.0172772352,-0.435487777,-0.0373406447,-0.635757565
0.0590378195,-0.395872474,0.0764847696,-0.598199725
0.118701167,-0.2175356,0.179403678,-0.361616224
0.173344582,0.0395646542,0.277133852,0.0488175787
0.233327776,0.28210187,0.355349153,0.419112325
0.298795521,0.421319067,0.418282002,0.578259051
0.357706845,0.410001874,0.4894512,0.552441239
0.391817123,0.261128902,0.564795196,0.375127643
0.387104124,0.0393026955,0.588878274,0.0637608171
0.342624843,-0.170727119,0.522834897,-0.258468211
0.272656083,-0.302861422,0.406379789,-0.456400454
0.200735405,-0.336725503,0.296877712,-0.51319313
0.148799062,-0.300246954,0.22483325,-0.471895784
0.127424479,-0.247781202,0.196327269,-0.39906168
0.132595107,-0.226485297,0.207647726,-0.363864273
0.150666416,-0.249452949,0.234010667,-0.39430216
0.168393791,-0.290001631,0.257707298,-0.451651156
0.181761369,-0.299674481,0.273061872,-0.464001924
0.197848514,-0.239375755,0.30297932,-0.381437987
0.228013247,-0.105746545,0.357934892,-0.18096526
0.276103109,0.0625632629,0.433013707,0.0874129087
0.329097629,0.202975929,0.496693879,0.29830718
0.357170165,0.262029588,0.527388692,0.377178222
0.325437039,0.225291446,0.495485008,0.33623606
0.212913841,0.127172098,0.351262003,0.202350497
0.0290898178,0.03422397,0.0613885373,0.0561188012
-0.181821346,0.00992433447,-0.289848596,0.0128561072
-0.35372144,0.0794371739,-0.539962232,0.121102892
-0.424831808,0.213598028,-0.606791198,0.306119174
-0.365969121,0.341697961,-0.514046431,0.482805848
-0.197110683,0.387492001,-0.290723562,0.573970079
0.0171352383,0.310211957,0.0259038899,0.495836228
0.192922771,0.129038349,0.315295249,0.219363958
0.262897074,-0.0825297982,0.422790825,-0.128808916
0.205954999,-0.230641305,0.327822238,-0.366631329
0.0567029677,-0.246862695,0.0937557891,-0.405002356
-0.110567048,-0.122733727,-0.182221904,-0.214012623
-0.216451794,0.0846227258,-0.35296917,0.128709063
-0.213481873,0.279108703,-0.33145681,0.430760533
-0.108022004,0.371486753,-0.164285913,0.567333639
0.0435387529,0.321713895,0.0677109808,0.509371579
0.162537649,0.156818554,0.268041492,0.262584209
0.186360314,-0.0442725457,0.310846895,-0.0683459118
0.0988436341,-0.19092676,0.166836172,-0.31322211
-0.0618053079,-0.225569889,-0.0969089493,-0.371360838
-0.221099868,-0.150610566,-0.351812869,-0.246103033
-0.303244233,-0.0244703479,-0.480282128,-0.0392725766
-0.265863985,0.0705491677,-0.428172678,0.118048392
-0.117956169,0.0716966763,-0.202306181,0.130376011
0.0867828652,-0.0317310281,0.138423502,-0.0407075807
0.276795,-0.193095237,0.422648668,-0.293288767
0.395567685,-0.332536995,0.543507695,-0.464953035
0.424299985,-0.377822399,0.555896938,-0.508756995
0.384094954,-0.301013231,0.536042511,-0.437437445
0.318420619,-0.132560581,0.484964818,-0.220764846
0.266628832,0.0538668036,0.423366249,0.071405746
0.24327229,0.177676946,0.385427296,0.272745728
0.233972922,0.190222502,0.373140544,0.298790306
0.209045872,0.0968550444,0.344086111,0.160788998
0.146225512,-0.0482911877,0.248693913,-0.0770622492
0.0489606,-0.171273813,0.0855385214,-0.279522598
-0.0506305359,-0.21572426,-0.0821824893,-0.352384537
-0.106461242,-0.169513479,-0.180051968,-0.280136377
-0.0832991824,-0.067598708,-0.146401599,-0.115249656
0.0216149222,0.0295047984,0.0271333214,0.0496300757
0.172117203,0.0696297511,0.277143061,0.116373621
0.306050599,0.0370970406,0.480064154,0.0586587079
0.361782014,-0.0397375263,0.555867016,-0.0646757707
0.305533558,-0.105386131,0.481336772,-0.171028703
0.146387994,-0.109512083,0.246619552,-0.188365191
-0.0678765178,-0.0373106413,-0.105675966,-0.0724071488
-0.271443039,0.0785565376,-0.425532043,0.120125584
-0.407170147,0.171660185,-0.591461241,0.255386531
-0.446817786,0.175076678,-0.632067025,0.260528594
-0.396518081,0.0577795096,-0.591332853,0.102974966
-0.287251472,-0.154516906,-0.45006299,-0.219685793
-0.157404453,-0.385506243,-0.244100481,-0.556261897
-0.0372995324,-0.539725304,-0.0639893338,-0.727693379
0.0571953021,-0.54499203,0.0634977892,-0.736927688
0.121196091,-0.38583374,0.168199673,-0.585438728
0.152655512,-0.111910015,0.238712713,-0.200107411
0.146870255,0.182726935,0.236697152,0.277142853
0.0982551053,0.399829417,0.155863374,0.588756561
0.00830055866,0.47780481,0.0250384808,0.67955476
-0.106379077,0.414484024,-0.14205943,0.614575505
-0.213085264,0.262155235,-0.315381646,0.415003628
-0.272618055,0.0987100303,-0.424007803,0.167396247
-0.256368876,-0.0100438753,-0.413324267,-0.00836648792
-0.162464336,-0.0383867845,-0.27739656,-0.0578502715
-0.0215492789,-0.00625851983,-0.0451026373,-0.0083749583
0.112710081,0.0385160781,0.182463795,0.0614686646
0.185525566,0.0504912734,0.304254889,0.0798888952
0.165472001,0.0127396761,0.279168487,0.0183740221
0.0595727377,-0.0547558479,0.108535036,-0.0925769731
-0.0889366344,-0.108147077,-0.1411006,-0.179566875
-0.219682112,-0.106358983,-0.354133219,-0.171281949
-0.282132566,-0.0363963805,-0.451841354,-0.0568298325
-0.25750953,0.0766289756,-0.415483415,0.123402491
-0.165175766,0.180332109,-0.271057934,0.291619509
-0.050885383,0.22111164,-0.0822127908,0.362584651
0.0366516672,0.171686426,0.0645785704,0.287952513
0.0688320994,0.0456181429,0.12036147,0.0827918425
0.0484801754,-0.108764939,0.0844119042,-0.176204294
0.00453581149,-0.231801331,0.00623550545,-0.371434093
-0.0260467399,-0.281061202,-0.0466612577,-0.44599992
-0.0189762227,-0.250380546,-0.0384974927,-0.404603988
0.0251044352,-0.169984341,0.0322242603,-0.282618523
0.0827241614,-0.088390559,0.132035941,-0.150595218
0.122126676,-0.0462344438,0.201347083,-0.0784525871
0.121798664,-0.0560006835,0.202769965,-0.0930436552
0.0828002766,-0.0980016962,0.139966741,-0.163319945
0.0284593496,-0.133928269,0.0474385023,-0.223007992
-0.00803290214,-0.129871815,-0.0162097625,-0.218001351
-0.00122960564,-0.0759258866,-0.007265375,-0.130549565
0.053072188,0.00824140012,0.0831784457,0.00986593217
0.13518019,0.0845160633,0.21884276,0.13646017
0.21054256,0.11768543,0.338608265,0.185425624
0.245387942,0.0951226205,0.395361632,0.150452852
0.221025109,0.034101624,0.363895744,0.0532824546
0.140273243,-0.0270344391,0.239040226,-0.0477328561
0.0240346137,-0.0488529801,0.0446786806,-0.0870643631
-0.0990035683,-0.011132258,-0.160169721,-0.0236272831
-0.203774944,0.07717897,-0.329506278,0.122298196
-0.276142389,0.183147132,-0.426257908,0.285352856
-0.31398049,0.266819566,-0.463633835,0.39936164
-0.323414594,0.300619483,-0.466883898,0.44523558
-0.3135387,0.28113398,-0.459255815,0.421901733
-0.29254055,0.227953672,-0.440153003,0.355510086
-0.266202599,0.171433762,-0.414132565,0.274278134
-0.237845749,0.136885598,-0.376756132,0.224523678
-0.208261341,0.133794248,-0.334705561,0.21754536
-0.175173655,0.154939607,-0.283307314,0.253673941
-0.133243486,0.184239998,-0.215929613,0.300675273
-0.0761302412,0.207386151,-0.12240158,0.339097857
-0.000964363222,0.218540788,-0.00215523434,0.356867582
0.0866328999,0.219711289,0.14016819,0.357293844
0.170469999,0.214544281,0.272746414,0.341234297
0.227609128,0.20193246,0.361105323,0.315361023
0.238088831,0.174698725,0.380126029,0.272129565
0.196557164,0.124885,0.32423538,0.198456451
0.119314902,0.0522775427,0.206575111,0.0872846693
0.0412736349,-0.0300218109,0.0742244497,-0.0486614555
0.00202748342,-0.0979338139,0.00328104408,-0.16063723
0.0264674965,-0.126857236,0.0370300524,-0.209377408
0.109626226,-0.105019845,0.172583506,-0.175595611
0.214820385,-0.0418367982,0.340382546,-0.074812673
0.288219362,0.0345690772,0.454510242,0.0458583124
0.284341991,0.0906241015,0.451702863,0.136594817
0.190240219,0.104795754,0.31744805,0.16452308
0.0353331864,0.0796096697,0.0705191642,0.130761921
-0.119828887,0.040802259,-0.191249385,0.0691538602
-0.211903617,0.0230879486,-0.343152404,0.0409207456
-0.206642926,0.0497371852,-0.340642482,0.083956331
-0.11768008,0.117285907,-0.201313734,0.194463953
-0.00125179859,0.194592401,-0.00644161738,0.317348897
0.0720277354,0.23792696,0.117827371,0.381863058
0.0548210405,0.214786977,0.0995494425,0.34869653
-0.0493829958,0.123694055,-0.0687486902,0.207443804
-0.184279621,-0.00138424325,-0.291140825,0.00444570137
-0.267144799,-0.105551183,-0.4239842,-0.15882127
-0.231519043,-0.139815331,-0.376942873,-0.21719569
-0.0647146627,-0.086567834,-0.124064662,-0.143410042
0.179832622,0.0298967436,0.280067027,0.0445380062
0.403269619,0.153991207,0.587901711,0.216849923
0.506229222,0.225770622,0.683747888,0.29317525
0.436263025,0.210668176,0.625914037,0.28962037
0.214124247,0.116777994,0.361842632,0.183868662
-0.0746281222,-0.00928325113,-0.105075829,-0.0150670549
-0.318930596,-0.105857722,-0.490172446,-0.159318835
-0.433060199,-0.127011389,-0.634567022,-0.178743824
-0.393894672,-0.0648688897,-0.598213613,-0.0927065238
-0.246565834,0.0476394854,-0.407233715,0.0792273879
-0.0767871365,0.154500484,-0.133913562,0.255716383
0.0348762386,0.205181241,0.0588459857,0.334417254
0.0527166724,0.179169506,0.0944576189,0.294763178
-0.000618647144,0.0942653567,0.00923467055,0.159212828
-0.0626630262,-0.00472537102,-0.0991063192,-0.00343134813
-0.0704059899,-0.0700138807,-0.120584704,-0.113249756
0.00172365969,-0.0745238364,-0.00532092806,-0.123526506
0.125956669,-0.0231786985,0.199898317,-0.0406088531
0.235782355,0.0530707017,0.376448512,0.0780136883
0.262770444,0.115987226,0.419601351,0.175406992
0.175347686,0.140681237,0.294102341,0.220979005
-0.00164654665,0.1270601,0.0107022161,0.208311632
-0.197295249,0.0967310518,-0.309492737,0.157955006
-0.329391152,0.0781933218,-0.507088482,0.128493801
-0.345258117,0.0892727301,-0.532657743,0.143973276
-0.247233212,0.126626849,-0.39927119,0.207805723
-0.0898873508,0.167664036,-0.153906584,0.278081238
0.0488462187,0.183168635,0.0800958946,0.300892532
0.106946185,0.15330112,0.181346834,0.251254588
0.0674830154,0.0783706531,0.121491015,0.131429732
-0.0366352201,-0.0208129883,-0.0526030995,-0.0330791585
-0.143275082,-0.11235863,-0.232787535,-0.180135801
0.0278227814,0.204033732,0.0175131299,0.312757432
0.14828895,0.180731565,0.248219401,0.305249482
0.264917254,0.0925792754,0.42065379,0.14980191
0.325434834,-0.0168989506,0.509433806,-0.0282748137
0.290376127,-0.102324098,0.459630281,-0.166888043
0.15397203,-0.13915205,0.257337302,-0.233840793
-0.0492480509,-0.133225888,-0.0728754327,-0.227645963
-0.257529199,-0.112833947,-0.404498696,-0.177848265
-0.409612149,-0.108693391,-0.605107248,-0.153186828
-0.473402709,-0.133819997,-0.669969857,-0.17867972
-0.460184753,-0.174982682,-0.652515709,-0.235745773
-0.415873498,-0.200615704,-0.602626383,-0.280370951
-0.393093675,-0.18055059,-0.58016777,-0.260018349
-0.418945402,-0.106076755,-0.615852594,-0.15530467
-0.476760864,0.00152422162,-0.679136515,0.00401580194
-0.513419807,0.0994914547,-0.705674767,0.142715082
-0.469965756,0.145145267,-0.663792908,0.213581234
-0.319683045,0.119059101,-0.497439831,0.196510151
-0.0921666622,0.0371674486,-0.162696853,0.0753769651
0.132014662,-0.0551993288,0.209295422,-0.085785456
0.256283909,-0.10484723,0.405793041,-0.171439499
0.21641551,-0.0770668313,0.35382238,-0.136214852
0.0173523501,0.0265460033,0.0398472957,0.0303528178
-0.26214394,0.16777955,-0.397311032,0.255504042
-0.501896441,0.289081246,-0.649948061,0.384552985
-0.595404685,0.339771539,-0.69606179,0.412617058
-0.500673413,0.298476964,-0.652044952,0.399941891
-0.260913789,0.18149963,-0.414026618,0.297625631
0.0160711948,0.0341800191,0.0172518194,0.0728994906
0.21008192,-0.0894674212,0.33625859,-0.142193779
0.246264935,-0.148645133,0.39283818,-0.243031636
0.129343569,-0.1295003,0.219230592,-0.223228484
-0.0627159029,-0.0460815094,-0.0974732488,-0.0870352834
-0.221771911,0.0695546493,-0.357065976,0.109931685
-0.266608536,0.181681409,-0.417124182,0.286513507
-0.184381321,0.262776554,-0.290079594,0.416035354
-0.0352164879,0.299031705,-0.0589566901,0.475444347
0.0818041489,0.28978163,0.132170439,0.45844841
0.0829602256,0.243915781,0.143267661,0.389931411
-0.0540371835,0.176390752,-0.0720900074,0.289838225
-0.275995284,0.105914451,-0.421827704,0.169985145
-0.479000241,0.0526384264,-0.674406767,0.0834463164
-0.55874157,0.0341119431,-0.746537089,0.0554290563
-0.46056065,0.0593089312,-0.666456759,0.0924200937
-0.204507187,0.123063534,-0.344441295,0.206005737
0.125624061,0.204707786,0.188362613,0.333768338
0.421743214,0.273616374,0.586897314,0.377302587
0.598323643,0.30089879,0.72379452,0.351326793
0.623782933,0.272519678,0.741862297,0.313062102
0.523542464,0.197196841,0.703513682,0.254892617
0.357604235,0.104110256,0.554002702,0.151556358
0.187995702,0.0302996449,0.317498475,0.0457483381
0.054318957,0.00319453841,0.09594699,0.00345986849
-0.0317762196,0.0268879682,-0.0528425723,0.0417744629
-0.0749515072,0.0795109048,-0.124749295,0.131012633
-0.0791545957,0.123734102,-0.13068822,0.206751511
-0.0387406684,0.125675201,-0.0645978898,0.213719338
0.0557632186,0.0729110613,0.0888825431,0.129249424
0.201767936,-0.0175664704,0.323081195,-0.0238606893
0.371011823,-0.105702177,0.554267704,-0.160850108
0.510315657,-0.146127865,0.691556871,-0.208660007
0.560254931,-0.10874182,0.736126482,-0.155492112
0.483653665,0.00767714716,0.685569704,-0.00388519769
0.288223833,0.174872294,0.45605886,0.251150995
0.0291409846,0.346989155,0.0615484715,0.520093083
-0.212433383,0.478511542,-0.278615594,0.657385945
-0.365442693,0.539659321,-0.436253339,0.664732873
-0.401279062,0.523026586,-0.478408039,0.640787542
-0.345032036,0.440465301,-0.453452945,0.595034063
-0.25914678,0.314178467,-0.3819848,0.479055703
-0.207930431,0.167965889,-0.32582438,0.278697371
-0.222075954,0.022808753,-0.354495198,0.0457659513
-0.282721668,-0.102995016,-0.442688167,-0.153524116
-0.334038764,-0.192366272,-0.506940722,-0.285571575
-0.317548752,-0.230515048,-0.485796213,-0.33836621
-0.209021926,-0.209918723,-0.341577232,-0.326621413
-0.0368803963,-0.13672106,-0.0760253519,-0.225270674
0.129152685,-0.0335832015,0.204934537,-0.0599868372
0.214043826,0.065114364,0.346892804,0.0971501693
0.178975493,0.125732526,0.298128277,0.1976742
0.045494616,0.130487382,0.088028945,0.213650003
-0.111920312,0.0873920545,-0.175926358,0.14852035
-0.202341348,0.0286888704,-0.328246623,0.0523490608
-0.165576994,-0.00310637639,-0.280356944,0.00101857912
-0.00540342368,0.0242483784,-0.020169396,0.044771269
0.209086642,0.115544371,0.326545477,0.181476071
0.375607312,0.243356645,0.545986176,0.343420833
0.408510149,0.358861953,0.560946584,0.473370165
0.281325758,0.413512558,0.407589018,0.569340169
0.0407264084,0.381101817,0.0827856362,0.570964158
-0.214777514,0.269347191,-0.311175883,0.421173245
-0.380321711,0.115378261,-0.561552644,0.18694374
-0.391566902,-0.0322755761,-0.591391444,-0.0347162783
-0.25040707,-0.135808617,-0.408975184,-0.202320799
-0.0185487047,-0.183206394,-0.047256127,-0.293320954
0.215451583,-0.189206406,0.329070181,-0.301499963
0.377385229,-0.182787329,0.5531106,-0.278083205
0.435993373,-0.188853681,0.620968521,-0.277181894
0.406516016,-0.214380577,0.585000932,-0.314610064
0.330917746,-0.24619323,0.49129498,-0.371447682
0.248617604,-0.260693491,0.378415108,-0.404691994
0.17520684,-0.239163667,0.274666131,-0.383691102
0.100408085,-0.179505035,0.162666336,-0.299419731
0.00443071919,-0.0978188589,0.00832475163,-0.170276284
-0.119037203,-0.0194584243,-0.19515042,-0.0362216607
-0.248589426,0.0346340723,-0.393639028,0.0569625907
-0.33952859,0.057941746,-0.522945166,0.0952113047
-0.34562254,0.0588705651,-0.533848464,0.098895371
-0.246311113,0.0518435091,-0.401066303,0.0931711569
-0.0636360645,0.0449685939,-0.115480185,0.0814282447
0.141806304,0.0324800052,0.225833818,0.0570111535
0.295435369,-0.00264876033,0.463338852,-0.00675668614
0.342144907,-0.0767562687,0.530511916,-0.121953823
0.271888137,-0.191061541,0.428450465,-0.29802236
0.124322608,-0.323786855,0.197720423,-0.50082767
-0.0300016701,-0.434765458,-0.0444959849,-0.63589406
-0.122602254,-0.48164922,-0.179636315,-0.674033165
-0.117914476,-0.440081298,-0.182014555,-0.635709584
-0.0271856301,-0.317370057,-0.0562929884,-0.497961491
0.100591838,-0.152027249,0.151286155,-0.256610632
0.205162883,0.00136775,0.32819283,-0.00643549627
0.245038852,0.0949381366,0.39656952,0.145976245
0.21616073,0.106903821,0.355863154,0.170666516
0.150705695,0.0483753234,0.256037354,0.0808015764
0.0978435725,-0.045122996,0.165858358,-0.0724453926
0.0970767066,-0.132301539,0.157798335,-0.215918735
0.157852739,-0.18499361,0.245097652,-0.299129486
0.255259424,-0.197926655,0.389820397,-0.313030064
0.343147635,-0.185485214,0.511120558,-0.286083341
0.377435923,-0.168777496,0.557496786,-0.259851843
0.337820232,-0.161272809,0.514914095,-0.251679718
0.237541452,-0.161379039,0.379385263,-0.261702925
0.117109641,-0.155748516,0.19255808,-0.260187864
0.0256042611,-0.130594507,0.0410496444,-0.220362589
-0.00137161149,-0.0836096257,-0.00642486243,-0.140678063
0.0428900346,-0.0288091097,0.0650476441,-0.0493793599
0.133761793,0.00916906539,0.216263011,0.0133536002
0.226124018,0.00854925904,0.363357604,0.0123158963
0.273233443,-0.0357679985,0.4356938,-0.0611655638
0.245571285,-0.106057204,0.395484835,-0.17061986
0.142375767,-0.167363614,0.236104101,-0.275878936
-0.00797342323,-0.182712197,-0.00903771352,-0.305563122
-0.158134386,-0.130652696,-0.256954998,-0.218626529
-0.258351535,-0.0164987426,-0.415578336,-0.0302806981
-0.273457706,0.128324598,-0.434669733,0.202175856
-0.194766402,0.258620322,-0.307655394,0.406114697
-0.0432351492,0.333730131,-0.0691024438,0.521798134
0.136943758,0.333572149,0.210153162,0.515789449
0.292314351,0.265636086,0.441637307,0.402129203
0.377385408,0.160614371,0.566580594,0.236867547
0.36963284,0.0593922585,0.566957414,0.0865125433
0.277162284,-0.00261205877,0.448226601,-0.0111658368
0.13598156,-0.00748549029,0.2311396,-0.0204270519
-0.00277983304,0.040706411,-0.00031885819,0.0616101548
-0.091641292,0.119509012,-0.149669886,0.194773287
-0.104800209,0.197331458,-0.170422316,0.319256037
-0.0483438373,0.244590133,-0.0786144584,0.396061569
0.0419373475,0.243139327,0.0681875795,0.395127624
0.115046367,0.191473335,0.189185217,0.313851893
0.126390785,0.104519874,0.214493647,0.173939347
0.0579365529,0.00813049264,0.105584398,0.0121622672
-0.0716709495,-0.0703404546,-0.11161676,-0.117976412
-0.211933225,-0.112660736,-0.33792603,-0.179434672
-0.29918012,-0.117839955,-0.469127744,-0.17973654
-0.282118112,-0.104053684,-0.450852722,-0.158716381
-0.144029722,-0.102333277,-0.24845767,-0.160383269
0.0876399726,-0.143168852,0.131262973,-0.228283525
0.348695785,-0.240774348,0.503578365,-0.351657689
0.560156703,-0.381976187,0.659268379,-0.458089113
0.656390131,-0.525933385,0.622696996,-0.509560108
0.608506143,-0.616858184,0.551567197,-0.56802851
0.434041709,-0.606003106,0.468507499,-0.662554085
0.189531744,-0.47412774,0.2626791,-0.667667389
-0.0506211743,-0.244179219,-0.0813062042,-0.409564465
-0.220352978,0.0227489397,-0.358992934,0.0251960047
-0.283096224,0.248065934,-0.430518627,0.377068251
-0.2404349,0.365180463,-0.351454854,0.54221487
-0.126310945,0.345527083,-0.190229565,0.535817385
0.00929500163,0.209740624,0.0173194744,0.352542639
0.119565152,0.0188440941,0.200628266,0.0417008996
0.175133154,-0.150924429,0.282038718,-0.241767973
0.168842301,-0.238824204,0.264810145,-0.382094085
0.111149468,-0.222767651,0.175537929,-0.36642909
0.0204293318,-0.125452384,0.0326637328,-0.217257887
-0.0860351995,-0.00169784168,-0.142851755,-0.00994709041
-0.196099162,0.0866966397,-0.313744307,0.140654773
-0.301078171,0.0974249393,-0.46486178,0.158532754
-0.391131192,0.0246439259,-0.582528234,0.0485310033
-0.452145487,-0.0995775312,-0.647205472,-0.130017161
-0.467482895,-0.218622029,-0.649169683,-0.290420651
-0.424757689,-0.273246795,-0.598702788,-0.372445732
-0.324314505,-0.223509565,-0.498025566,-0.332466334
-0.184280083,-0.0633286089,-0.313478023,-0.106380403
-0.0381197818,0.176287919,-0.0733584389,0.281157404
0.0758179203,0.435492635,0.111858539,0.628428876
0.128996238,0.642538965,0.168339372,0.778044581
0.115091205,0.73488766,0.139005512,0.801219881
0.0539353862,0.679115951,0.076528199,0.798378706
-0.0156134618,0.484062254,-0.00923701189,0.689727366
-0.0513829812,0.202359885,-0.0717689767,0.345210642
-0.0254995022,-0.0821816102,-0.0396993309,-0.122242339
0.0638913289,-0.279722869,0.0907734409,-0.438636154
0.192000642,-0.325280935,0.277592152,-0.499026477
0.317979008,-0.204538211,0.468842864,-0.324234635
0.40169704,0.0366160907,0.593247354,0.0367089659
0.419071168,0.305295497,0.582389891,0.403256416
0.369355977,0.495225787,0.477163762,0.6144678
0.271973968,0.528907299,0.362687051,0.679402888
0.155509382,0.39095515,0.242678642,0.580528975
0.0448970906,0.137146741,0.0883969963,0.238361299
-0.0470073409,-0.126772627,-0.0710514188,-0.198479339
-0.120238319,-0.289056867,-0.191227779,-0.449608266
-0.181961998,-0.280115128,-0.288487703,-0.438580245
-0.238472611,-0.103175536,-0.386921853,-0.173583388
-0.289858848,0.167118981,-0.451298773,0.249901056
-0.330073029,0.418250948,-0.446251422,0.571533978
-0.351626724,0.550407588,-0.417748421,0.677356541
-0.351408899,0.520643294,-0.427936226,0.658094823
-0.333708256,0.360005081,-0.460085154,0.519813716
-0.308526337,0.155935675,-0.468267202,0.255475223
-0.286346942,0.00905268546,-0.45400539,0.023819549
-0.272749633,-0.0142959571,-0.437296391,-0.0191627089
-0.266256809,0.0893139094,-0.425256699,0.139741331
-0.260634273,0.263655901,-0.396069109,0.398965597
-0.249927804,0.424887866,-0.346092254,0.599555194
-0.23271808,0.504835725,-0.303962886,0.679400086
-0.212610558,0.482965142,-0.282117456,0.667231977
-0.194572508,0.391202539,-0.275915891,0.578290999
-0.179744437,0.29056114,-0.270029396,0.455874711
-0.162772357,0.2335013,-0.253469378,0.375814408
-0.134413421,0.233180344,-0.212406337,0.375015914
-0.0887298435,0.256502688,-0.140053451,0.411264688
-0.0306484234,0.244569987,-0.0468744114,0.396171272
0.0216217246,0.148998305,0.0401644036,0.253000498
0.0426495634,-0.0362202153,0.0766335726,-0.0494729504
0.0128613776,-0.265359074,0.0246314071,-0.415485322
-0.0676465556,-0.460056752,-0.100420758,-0.658033133
-0.172729969,-0.547432899,-0.234516934,-0.722196162
-0.256750137,-0.497350574,-0.348662376,-0.66424793
-0.27320534,-0.339081287,-0.408372998,-0.498589247
-0.197684541,-0.148247033,-0.330646038,-0.239860415
-0.0437637269,-0.0103725148,-0.0852275118,-0.0163721461
0.137457669,0.0204883683,0.221878752,0.0379376672
0.276179135,-0.0528657809,0.438314795,-0.081552811
0.313918978,-0.173925906,0.484878838,-0.267843693
0.231220976,-0.261975884,0.358443022,-0.409709215
0.0595352463,-0.252541333,0.0983418673,-0.413098961
-0.129446089,-0.128366262,-0.211721092,-0.222585186
-0.253192008,0.0739303157,-0.407819271,0.11037188
-0.253538817,0.283474207,-0.387967646,0.42970401
-0.121653944,0.429724932,-0.180529863,0.62933439
0.0986790806,0.473940492,0.138417706,0.676345289
0.330720872,0.422289252,0.451352209,0.577296257
0.497894108,0.315873712,0.650823951,0.407503515
0.554816425,0.205131292,0.722676396,0.259718865
0.502255738,0.123491563,0.69836247,0.162402555
0.380244672,0.0741940811,0.580526888,0.10388115
0.244268313,0.0358684473,0.400415719,0.0505825281
0.13722536,-0.0182304028,0.232703,-0.0307524018
0.0710465536,-0.0996191502,0.119500808,-0.163903832
0.0261628497,-0.194854051,0.042085398,-0.314781725
-0.0323714577,-0.272054315,-0.0525291674,-0.432555735
-0.131511375,-0.299520373,-0.205419227,-0.468078673
-0.27204597,-0.265443414,-0.413366467,-0.404065132
-0.424706459,-0.187231794,-0.610352278,-0.26898846
-0.54201442,-0.104911201,-0.730047703,-0.135573253
-0.579489768,-0.0619140044,-0.756716073,-0.0703362226
-0.515679955,-0.0834261924,-0.711474478,-0.101883382
-0.361738145,-0.163658634,-0.550474763,-0.228587165
-0.156866476,-0.268503666,-0.258753449,-0.407388061
0.0472745597,-0.351883411,0.0588182285,-0.536006629
0.205497101,-0.377156466,0.290819883,-0.558961749
0.293179333,-0.332821906,0.417204708,-0.493825018
0.310632944,-0.235298485,0.462922513,-0.365876019
0.277790904,-0.118567511,0.434143335,-0.197037116
0.223252192,-0.0170597471,0.363123953,-0.0370916985
0.173091978,0.0490698107,0.285574585,0.0744295493
0.143537074,0.0793404877,0.23868601,0.128765985
0.138893619,0.0876828432,0.231331363,0.143646702
0.15366599,0.0909240544,0.253226519,0.146660656
0.176708594,0.0982503891,0.288477451,0.157830507
0.195542842,0.107508026,0.318508416,0.169317201
0.199897438,0.109743066,0.326439649,0.173628718
0.184224427,0.0984971523,0.303958237,0.157504275
0.149041638,0.0777641907,0.250513166,0.125450075
0.100738734,0.0634481236,0.171482578,0.102490805
0.0495349169,0.0769271329,0.0856752396,0.125608698
0.0059048892,0.133756772,0.0120030157,0.217063084
-0.0232757609,0.233271018,-0.0356947333,0.371676326
-0.0370779335,0.354553759,-0.0525942259,0.54080838
-0.0400310047,0.461265117,-0.0513377078,0.661968291
-0.0389045142,0.513731718,-0.0456929095,0.711288452
-0.0385077037,0.483523697,-0.0438145101,0.686815381
-0.0390321761,0.364783913,-0.0523025878,0.562796891
-0.0367047712,0.178018793,-0.0520078465,0.302694529
-0.0274992995,-0.0349709019,-0.0418310799,-0.0485154055
-0.0115491627,-0.223183468,-0.0214948487,-0.35607937
0.00489123631,-0.341486186,0.00153430155,-0.527353466
0.0118532637,-0.363899231,0.00985816866,-0.558341324
0.00161976088,-0.291070461,-0.00392282568,-0.467140615
-0.0251748897,-0.149720103,-0.0476175845,-0.255863905
-0.0574870966,0.0158121865,-0.0971892178,0.0181033425
-0.078136906,0.157410502,-0.128005907,0.257237315
-0.0729967281,0.238100588,-0.113467462,0.385576218
-0.0402706489,0.243099153,-0.0609849766,0.394953042
0.00587087637,0.183060989,0.0136607569,0.305564314
0.0405144729,0.0882096887,0.0710807741,0.15144828
0.0404288396,-0.00448329467,0.0697032288,-0.0045591644
-0.00251837866,-0.0659303367,-0.000687866239,-0.11042279
-0.0746030211,-0.0852075741,-0.12284115,-0.14310807
-0.144889727,-0.0710287169,-0.239641532,-0.118359357
-0.179997697,-0.0439209491,-0.297385275,-0.0699985921
-0.161772236,-0.0231146012,-0.269890338,-0.0338239037
-0.0982834548,-0.0149677657,-0.168681785,-0.0209447239
-0.0214817412,-0.0092413798,-0.0402093641,-0.0139758587
0.0282011293,0.014322645,0.0459294319,0.0227412153
0.0226849485,0.0721403286,0.0402325056,0.114342801
-0.0386368856,0.162959427,-0.0578229316,0.261048496
-0.128062189,0.262098312,-0.195497856,0.41107434
-0.204016596,0.328213304,-0.299618453,0.497781605
-0.233174711,0.320757598,-0.342854738,0.488331467
-0.207994401,0.220393032,-0.32185322,0.357931733
-0.149524286,0.0422579236,-0.244484559,0.0844388977
-0.0934614912,-0.165331259,-0.153676718,-0.258895755
-0.0671848506,-0.337522775,-0.107484318,-0.516690791
-0.0712928772,-0.418262929,-0.112401329,-0.616998076
-0.0773813352,-0.383166432,-0.124011062,-0.5797804
-0.044916369,-0.249553531,-0.0843833238,-0.406936914
0.0512455218,-0.0690654144,0.0743042305,-0.124063708
0.198464513,0.093745023,0.313785434,0.146267325
0.343582153,0.187170178,0.516852736,0.276850104
0.414539456,0.191200808,0.605346143,0.271998435
0.357492357,0.121950664,0.552051961,0.180325747
0.170654953,0.0210959259,0.294969082,0.0311302859
-0.0843059123,-0.0635783076,-0.126874045,-0.108756721
-0.30238539,-0.0972732157,-0.468328953,-0.150351614
-0.379998773,-0.0691660866,-0.580427647,-0.0988659486
-0.263962209,0.00757641997,-0.434975743,0.0183043927
0.0195085015,0.104267128,0.0119703189,0.176589653
0.371434897,0.188089594,0.539337993,0.277201593
0.660967171,0.23127459,0.76897794,0.259925991
0.782108784,0.215909496,0.784753203,0.205150917
0.699567735,0.135481805,0.796995044,0.146400273
0.461942226,-0.00437842775,0.673446357,-0.011770973
0.176270336,-0.184696391,0.299236029,-0.296595365
-0.0432223864,-0.372820765,-0.06331826,-0.562994361
-0.127047449,-0.52604866,-0.183518782,-0.708300471
-0.0782648101,-0.601451278,-0.114746071,-0.763201058
0.0359924138,-0.57067287,0.0326750912,-0.751573086
0.123199649,-0.434273601,0.166513532,-0.63636595
0.11370635,-0.228068262,0.176818758,-0.379112303
-0.00567189278,-0.0158591606,-0.0055381353,-0.0410416536
-0.188331485,0.131256297,-0.292497963,0.206892192
-0.354425907,0.161831737,-0.526038468,0.251847953
-0.432028353,0.0656811222,-0.627673864,0.111867703
-0.391452789,-0.120435379,-0.584547997,-0.160961673
-0.256332099,-0.327027857,-0.390612692,-0.468111336
-0.0880316347,-0.480648279,-0.138363421,-0.670862734
0.0463562869,-0.534466565,0.0504650213,-0.727437794
0.104941033,-0.486428946,0.138554603,-0.685993731
0.0857802704,-0.376387,0.123961277,-0.576350212
0.0202759039,-0.26376906,0.0300398991,-0.429477781
-0.0483903103,-0.197059974,-0.0815482512,-0.321641058
-0.0884980634,-0.190537661,-0.146189317,-0.30715546
-0.0924136341,-0.220032692,-0.153722778,-0.350713462
-0.0738109872,-0.239639416,-0.125353515,-0.383446097
-0.0538854413,-0.21030134,-0.0932832584,-0.343723923
-0.0464912988,-0.124772042,-0.0820474625,-0.212221488
-0.0512490459,-0.0151090343,-0.0876909494,-0.0317828134
-0.0575334132,0.062087629,-0.0964742377,0.103046894
-0.0550260022,0.0556297898,-0.0887107104,0.0978676826
-0.0426877402,-0.0506204292,-0.0706159472,-0.0752988607
-0.0297150537,-0.224420801,-0.0483191609,-0.354578167
-0.0279056747,-0.39616248,-0.0461016931,-0.589672744
-0.0409591198,-0.48981455,-0.0669604391,-0.689673305
-0.0586102568,-0.458854914,-0.0930627212,-0.663669646
-0.0605826117,-0.309170425,-0.105193704,-0.490054488
-0.0289409552,-0.0970692635,-0.0575224571,-0.170599356
0.0384507552,0.0970623046,0.0600712635,0.155396536
0.122208878,0.20659335,0.197640046,0.331916511
0.188306347,0.209187001,0.303443342,0.332682908
0.205062896,0.134873271,0.337515026,0.218012616
0.161381155,0.0478657633,0.272518188,0.0779056028
0.0758381858,0.0116873356,0.130198479,0.0151623413
-0.00927426014,0.0556455627,-0.0138823297,0.0871575102
-0.0467506535,0.15991351,-0.0774706379,0.257814169
-0.00672412291,0.266802043,-0.0123266838,0.425242931
0.109125786,0.312220305,0.16850476,0.487749785
0.268657506,0.260820925,0.408003449,0.400933653
0.424640507,0.126357719,0.621055603,0.187465549
0.535818815,-0.033604797,0.728449106,-0.0494406074
0.582416058,-0.146196812,0.747435451,-0.195567533
0.568558276,-0.160414204,0.733335614,-0.21959272
0.511945009,-0.0737453252,0.703418791,-0.116338015
0.428452671,0.0657013357,0.628711104,0.0805313215
0.321909428,0.183008462,0.496246517,0.266404599
0.185571432,0.214280337,0.305579633,0.334124058
0.014113389,0.139252841,0.038169086,0.233862415
-0.182117239,-0.00803071633,-0.287216604,-0.00473649986
-0.370910376,-0.156069741,-0.550225794,-0.222978622
-0.506049871,-0.231831625,-0.680666566,-0.301859796
-0.546813905,-0.197539598,-0.718395829,-0.2538248
-0.479173422,-0.0696496442,-0.685313046,-0.094868347
-0.326608151,0.0895612538,-0.514527857,0.140003294
-0.143298119,0.203377172,-0.236283362,0.330025464
0.00819866918,0.21886234,0.0145646492,0.359413862
0.0839736536,0.132368982,0.144885972,0.224863008
0.0766423345,-0.0105743762,0.133277282,-0.0124598537
0.014742041,-0.140627265,0.027925605,-0.231305003
-0.0558557287,-0.201822102,-0.0918226317,-0.329368353
-0.0982770696,-0.181030273,-0.163927749,-0.297450691
-0.104231447,-0.11419639,-0.178108826,-0.189580426
-0.096080415,-0.0659362748,-0.162681922,-0.108743638
-0.110366285,-0.0930513367,-0.181491956,-0.149217471
-0.172221586,-0.211098745,-0.271718174,-0.326347053
-0.275419384,-0.381885231,-0.394403607,-0.538398564
-0.380012333,-0.529193342,-0.469487339,-0.639034688
-0.429971784,-0.575557351,-0.492897183,-0.644848585
-0.38213703,-0.481891096,-0.492301822,-0.603529513
-0.231195867,-0.269901931,-0.369073629,-0.415314406
-0.017008638,-0.0155230286,-0.0487050898,-0.0342483111
0.190403149,0.184090033,0.296469063,0.289304197
0.321237504,0.254334003,0.484132081,0.376845956
0.336630464,0.176702097,0.519985735,0.267682105
0.244474798,-0.00383288763,0.404056937,-0.00444845483
0.0928245634,-0.200679854,0.159217298,-0.322997868
-0.0551243462,-0.325697571,-0.0844646171,-0.507037699
-0.151280493,-0.328055739,-0.237771451,-0.503290296
-0.182782024,-0.213831753,-0.297616452,-0.343824595
-0.172490299,-0.0383777767,-0.291194588,-0.0674269199
-0.160885215,0.123023584,-0.262614787,0.197901979
-0.179991946,0.210666865,-0.281420082,0.337466985
-0.233650476,0.204788327,-0.356757641,0.328332245
-0.294505984,0.128399864,-0.454409599,0.210625157
-0.318891227,0.0297656357,-0.495931029,0.0559638478
-0.271286756,-0.0443011336,-0.436034024,-0.0632605627
-0.145214513,-0.069738552,-0.249643818,-0.109962359
0.03044088,-0.0510408692,0.0401224717,-0.083520554
0.202965468,-0.010904423,0.323136419,-0.0210559145
0.319350332,0.0280147288,0.497831643,0.0380895436
0.350109398,0.057389468,0.539215922,0.0782826468
0.30184719,0.085176371,0.47731334,0.124565698
0.212871611,0.125020534,0.349087834,0.193754837
0.13444823,0.180852249,0.223194614,0.285691887
0.10691198,0.237501025,0.173598394,0.376679927
0.141753972,0.264573693,0.223891079,0.415435731
0.217455313,0.232683495,0.342068166,0.365841568
0.290216655,0.133138284,0.456564039,0.209871128
0.314119726,-0.0108654723,0.496198356,-0.0178221948
0.26158154,-0.149626359,0.418323845,-0.236380547
0.13550216,-0.228092358,0.219509885,-0.369680166
-0.0314371474,-0.212897986,-0.0484660715,-0.353894979
-0.189378291,-0.111241013,-0.307715178,-0.187678546
-0.290273458,0.0291239657,-0.459849685,0.0437983908
-0.305709511,0.140187994,-0.474783808,0.222540841
-0.236966237,0.165195078,-0.376093119,0.270142347
-0.113926306,0.086128749,-0.190021187,0.155442938
0.0163835119,-0.066477567,0.0244583189,-0.0986164808
0.107178733,-0.226484865,0.170442939,-0.358920157
0.128783196,-0.321728736,0.195017383,-0.499337852
0.0787813962,-0.306043237,0.118988484,-0.486999989
-0.0182780903,-0.178659737,-0.0309122261,-0.303783417
-0.121463843,0.0174837634,-0.201472819,0.018773267
-0.190164715,0.21648255,-0.300143898,0.336899966
-0.200204715,0.358265817,-0.295110345,0.536224961
-0.152741939,0.411516219,-0.218507737,0.607380092
-0.072239615,0.380921423,-0.103317775,0.582067311
0.0055049262,0.297613829,0.0138771804,0.474577308
0.0498215966,0.199990228,0.0863194764,0.330539405
0.0485561043,0.115845464,0.0863039941,0.193701714
0.0122319264,0.0543749332,0.025803268,0.0908335447
-0.0327401757,0.00998971518,-0.0527592152,0.017179478
-0.0581623167,-0.0269158259,-0.0971256196,-0.0427903682
-0.0482032932,-0.0602848455,-0.0817738622,-0.0979189053
-0.006415396,-0.0859381482,-0.0157092884,-0.141364187
0.0477674194,-0.097035192,0.0749975294,-0.162225068
0.0908189937,-0.0927375928,0.147198126,-0.156240761
0.108536594,-0.0832753927,0.17824164,-0.140966818
0.103610136,-0.0870430991,0.172092199,-0.146450877
0.0931903571,-0.120672107,0.153734684,-0.198123366
0.097971119,-0.187871635,0.157114416,-0.303417563
0.129174814,-0.274145871,0.19892852,-0.429624021
0.181118995,-0.351376891,0.262916833,-0.526768029
0.233921304,-0.390514731,0.329180241,-0.567675948
0.265040815,-0.375670522,0.372903943,-0.545993984
0.263059944,-0.311782718,0.38643679,-0.471806526
0.235473394,-0.22149761,0.361618251,-0.353597492
0.205364347,-0.133017898,0.328113407,-0.221147969
0.1981069,-0.065856345,0.32061249,-0.113397807
0.225161344,-0.0226003062,0.361174822,-0.0404456817
0.274203479,0.0088034207,0.433414161,0.00892375316
0.311847091,0.0440296568,0.488121182,0.0629361197
0.298559755,0.0896865577,0.470292479,0.131605938
0.208638206,0.137095943,0.343062013,0.209909171
0.0450432487,0.16680038,0.0860574245,0.26891762
-0.158734947,0.161422968,-0.243999317,0.2618981
-0.351026386,0.119047768,-0.524171293,0.188651279
-0.482552856,0.0583749712,-0.680527449,0.0930084884
-0.525248587,0.011322354,-0.721788585,0.025510069
-0.480700999,0.0061299121,-0.684126675,0.0169099923
-0.375340492,0.0501294211,-0.575089872,0.0822034031
-0.246352449,0.122449897,-0.398031056,0.198526457
-0.126412123,0.182064608,-0.208568051,0.299119949
-0.0346664675,0.188197017,-0.0562541857,0.311384201
0.0233195275,0.122810461,0.0433187373,0.208716199
0.0495753102,0.00293797138,0.0854087323,0.0114788469
0.047701031,-0.124632403,0.08081384,-0.202692926
0.0215796921,-0.204640135,0.0327765085,-0.336012602
-0.0209095646,-0.200246379,-0.0376370437,-0.331566185
-0.0635225624,-0.111775108,-0.109439045,-0.192081764
-0.0824015588,0.0225769766,-0.141198486,0.0307076983
-0.0547130257,0.144688666,-0.0927248597,0.237592727
-0.408067465,0.445164502,-0.498347968,0.553184271
-0.369478315,0.719119668,-0.376288027,0.730700552
-0.276145935,0.825756967,-0.242562771,0.754786611
-0.1562168,0.71918422,-0.165193066,0.793728828
-0.044639077,0.442007512,-0.0560174808,0.654422462
0.0272451397,0.108876385,0.0528601967,0.200051889
0.0409710892,-0.144594073,0.0718694478,-0.231900707
-0.00377601152,-0.223425373,-0.00795671996,-0.369051605
-0.0895894319,-0.115797527,-0.150755137,-0.202773839
-0.187417716,0.10394416,-0.306027859,0.156901151
-0.266374528,0.312934577,-0.39255628,0.464038312
-0.30399555,0.399482876,-0.416799068,0.567526281
-0.293310612,0.315864474,-0.422613889,0.475562155
-0.244044214,0.099288471,-0.385449231,0.177198023
-0.177319244,-0.147818983,-0.288313806,-0.222799435
-0.115779199,-0.307279974,-0.18765077,-0.473099947
-0.0730992481,-0.299807698,-0.12280535,-0.475651681
-0.047486607,-0.119183518,-0.0883978754,-0.210426658
-0.022474898,0.168363214,-0.0433339998,0.261742711
0.0246374682,0.456547171,0.0374203213,0.651357532
0.109888248,0.645707846,0.141002044,0.787172377
0.231038883,0.681553841,0.2655783,0.768228352
0.363221109,0.570093453,0.435090452,0.676721036
0.465217352,0.365976334,0.605950236,0.475837946
0.495130867,0.144013807,0.690227509,0.198081583
0.429487199,-0.0305444449,0.638954401,-0.0501488931
0.277273744,-0.120239638,0.443347454,-0.197746545
0.0816180333,-0.117979579,0.141387552,-0.205584839
-0.0933428332,-0.0385262519,-0.153388113,-0.0731145889
-0.186232209,0.0925064981,-0.305747867,0.147463799
-0.163290381,0.245612264,-0.260950565,0.388674527
-0.0333663933,0.389469743,-0.0545024313,0.588034749
0.154248685,0.492184132,0.212683082,0.680178165
0.329050362,0.52636981,0.42039305,0.660961211
0.427684516,0.478861302,0.535089374,0.585309803
0.419030488,0.360407144,0.570889592,0.478109539
0.314822912,0.207917646,0.489330113,0.313527495
0.161271542,0.0742915943,0.277020574,0.11952164
0.0161181409,0.00766733382,0.0340510085,0.0106145041
-0.0775011778,0.0291475169,-0.129907608,0.0464989729
-0.107689746,0.120899126,-0.178571984,0.195758983
-0.0932958499,0.232546955,-0.151367709,0.370892078
-0.0676599443,0.304501593,-0.103110485,0.479305327
-0.0562631823,0.297258347,-0.0820589513,0.471864164
-0.061109066,0.211415619,-0.0908946693,0.350387782
-0.0608859807,0.0871642232,-0.0956941396,0.152069762
-0.0270618685,-0.0173593629,-0.047761675,-0.0230994821
0.0532490611,-0.0578105785,0.0829901546,-0.09594886
0.161385849,-0.0283139125,0.258862108,-0.0514591932
0.248978868,0.0348687544,0.39530912,0.0483248532
0.258972019,0.0734643489,0.415655315,0.111036941
0.156344652,0.0406958386,0.268641025,0.0647029579
-0.0475432873,-0.0701490268,-0.0658911169,-0.114959016
-0.291357189,-0.218380332,-0.437827229,-0.327210575
-0.485619038,-0.334902585,-0.633503973,-0.427792132
-0.551578462,-0.358218461,-0.676109791,-0.42680344
-0.459058642,-0.268362641,-0.635315657,-0.359288424
-0.24425675,-0.100156941,-0.407691956,-0.157100752
0.0027123976,0.072121799,-0.0114261955,0.118884623
0.176207855,0.171284258,0.283112764,0.27317965
0.202016115,0.156018689,0.334614813,0.249636859
0.0706616715,0.0414720327,0.133585244,0.0703436434
-0.159011796,-0.109294072,-0.245947212,-0.175459921
-0.387821227,-0.218401298,-0.561329126,-0.313551664
-0.522267997,-0.233174711,-0.695097685,-0.302910358
-0.516366065,-0.151903376,-0.707240164,-0.201060459
-0.389365792,-0.0220302083,-0.595058739,-0.0290991776
-0.211663321,0.0875668153,-0.351743549,0.145968467
-0.0670460016,0.124637119,-0.112154722,0.210535362
-0.0108830761,0.0811081156,-0.0133902449,0.139919654
-0.0452008955,-0.00461948197,-0.0684537515,-0.00346801686
-0.122293919,-0.0713176653,-0.19896923,-0.115501285
-0.173603192,-0.0709651634,-0.286395818,-0.116335258
-0.147827312,0.00302453921,-0.250770599,0.00451024389
-0.0381341539,0.11107327,-0.0725844651,0.183487266
0.115214087,0.188839272,0.184328362,0.308183849
0.247179836,0.182991266,0.389841497,0.289220631
0.302513987,0.081738174,0.47927323,0.130409777
0.263909787,-0.0766261071,0.427580774,-0.121012524
0.159151509,-0.221976057,0.259089559,-0.355010539
0.044295039,-0.287803471,0.068312183,-0.458326817
-0.0272548478,-0.24514766,-0.0491115488,-0.398610622
-0.0327234715,-0.117275037,-0.0634457245,-0.201010779
0.00992444344,0.0322763771,0.00974463765,0.048247274
0.0546299592,0.131667584,0.0903512537,0.217128947
0.0551305637,0.135959804,0.0971530378,0.226577133
-0.00748134498,0.0476516634,-0.00338039012,0.0827429369
-0.112646587,-0.0871514678,-0.178029343,-0.138265759
-0.210237503,-0.203809544,-0.333765596,-0.316081315
-0.247127876,-0.251748115,-0.386346042,-0.383137345
-0.196239382,-0.217890605,-0.320322365,-0.342870891
-0.072674714,-0.129938006,-0.133988172,-0.215326056
0.0715441257,-0.0394150205,0.10927543,-0.0682136193
0.171437472,0.00547410874,0.280284822,0.00503425859
0.179539725,-0.0170806404,0.299834758,-0.0298135094
0.0877327472,-0.0944000706,0.15434961,-0.157129303
-0.0698676929,-0.188588306,-0.106743835,-0.304915547
-0.233479515,-0.256732762,-0.358266145,-0.39466092
-0.344675243,-0.270988673,-0.508912623,-0.392793983
-0.370447636,-0.228991151,-0.549470127,-0.330488533
-0.31348291,-0.151099533,-0.491332293,-0.22890684
-0.205509648,-0.0679128394,-0.342018783,-0.106908858
-0.0890827328,-0.00562814623,-0.155331746,-0.00664006267
0.00195744913,0.0235391762,0.002094405,0.0417681932
0.0539629012,0.0225594994,0.0903553963,0.037091691
0.0730134398,0.00389379845,0.122623585,0.00563259609
0.075357683,-0.0186272878,0.128498867,-0.0318952054
0.0758242309,-0.0358794406,0.125635073,-0.0611142516
0.0809957683,-0.0453179777,0.134803727,-0.077756986
0.0898862183,-0.0492694452,0.148849294,-0.0830291361
0.099789843,-0.0518128835,0.164517596,-0.0872079059
0.111966349,-0.0562017076,0.183562815,-0.0954527557
0.132507816,-0.0635086745,0.217383191,-0.106275685
0.167422935,-0.0721141398,0.272785544,-0.120502613
0.215226486,-0.0775937438,0.344028205,-0.128384009
0.262452424,-0.0732818246,0.414987206,-0.122677706
0.28617841,-0.0523287617,0.451426893,-0.08831615
0.263617039,-0.0115692271,0.423123568,-0.0256691985
0.184451327,0.0440062098,0.306728095,0.0636882856
0.0594385453,0.0988890156,0.106590502,0.157569945
-0.0798221603,0.129607975,-0.123516992,0.213292137
-0.190845177,0.113006867,-0.303639591,0.188902617
-0.235995322,0.0376701765,-0.378555268,0.0695739016
-0.1971616,-0.0869103298,-0.321755975,-0.128490984
-0.0829903334,-0.229091227,-0.143377766,-0.357834786
0.074215427,-0.344316065,0.10193257,-0.525131881
0.230194271,-0.392144322,0.320604652,-0.57121104
0.343812168,-0.353725344,0.473083675,-0.506346047
0.389518946,-0.241130769,0.555180192,-0.359416574
0.363050997,-0.0932862461,0.549911916,-0.155769363
0.279557824,0.0402459316,0.447713971,0.0512343384
0.166289419,0.120053917,0.278152943,0.188490897
0.0533500649,0.132060587,0.0970947668,0.216978803
-0.0343743972,0.0897443891,-0.051283624,0.153574839
-0.0824153647,0.0229402538,-0.134463295,0.0438964851
-0.0887083411,-0.0399645157,-0.149032518,-0.0615956858
-0.062702015,-0.0861002579,-0.109037362,-0.140937343
-0.0219834428,-0.120468333,-0.0412031636,-0.198082015
0.0131710088,-0.155650109,0.0184456725,-0.255727082
0.026439501,-0.195727527,0.039839793,-0.319988638
0.0115420511,-0.225214869,0.017141467,-0.365691572
-0.0246134941,-0.211375996,-0.043081861,-0.347491652
-0.0637175068,-0.120595612,-0.108830869,-0.205738395
-0.0830424353,0.0592686795,-0.142496049,0.0911749676
-0.0654032603,0.303314626,-0.104662277,0.468336701
-0.00789519679,0.551178098,-0.006355491,0.738216221
0.0749697462,0.727568626,0.091879487,0.808975577
0.155995071,0.773267746,0.170268536,0.794023395
0.206521243,0.67176652,0.243904531,0.769502282
0.209321007,0.458045304,0.303118825,0.640483379
0.167000294,0.204577491,0.279788464,0.335122526
0.101423115,-0.00895853899,0.176968649,-0.0100039374
0.0438174009,-0.127618119,0.0733107403,-0.212715074
0.0198677946,-0.139614686,0.0283661094,-0.235504985
0.0368967913,-0.0734361336,0.0550202914,-0.128612414
0.0796260759,0.0229182392,0.128236622,0.0327835791
0.11710991,0.108188085,0.192894995,0.174195915
0.118044645,0.165290162,0.196789175,0.265108556
0.0674078241,0.20161812,0.117149398,0.324545503
-0.0235950649,0.234167263,-0.0297185574,0.374433339
-0.119432434,0.270142823,-0.181912184,0.42580092
-0.173753962,0.295912385,-0.263121337,0.460119396
-0.148871273,0.281744063,-0.230078936,0.44662255
-0.0327391066,0.199977323,-0.0538534001,0.336088896
0.154019147,0.0458433926,0.249740064,0.0872794762
0.364141256,-0.151993424,0.541799247,-0.224074453
0.540263176,-0.338656902,0.664631844,-0.426309615
0.635044098,-0.455562979,0.654425442,-0.484392375
0.626747072,-0.466913313,0.642745972,-0.492529422
0.524459183,-0.376259595,0.636456609,-0.47022289
0.361767113,-0.224310338,0.531414509,-0.345392942
0.182495207,-0.0691304058,0.30269897,-0.128689229
0.0249980744,0.040822681,0.0468471795,0.0597315207
-0.0886161402,0.0869008973,-0.142289817,0.144395366
-0.154766887,0.083927162,-0.251952767,0.14271009
-0.182696596,0.066819258,-0.297784984,0.114884287
-0.184749976,0.0688011125,-0.301305026,0.116047628
-0.167977586,0.103729971,-0.276150078,0.170741051
-0.131214112,0.161796927,-0.215362683,0.263754994
-0.0687080249,0.219584018,-0.111092329,0.355217963
0.0220928174,0.257128417,0.0355015621,0.412712127
0.133232966,0.2710495,0.211007699,0.426557869
0.243986279,0.275824487,0.374017477,0.41840601
0.325810879,0.292910278,0.479994148,0.42229569
0.353028595,0.334933758,0.504912317,0.465086728
0.31451723,0.395112485,0.44738546,0.540184617
0.220562667,0.448753864,0.318761855,0.619603992
0.100719832,0.466215342,0.156566784,0.659948528
-0.00747343712,0.429647744,0.00174482795,0.630855322
-0.0745391026,0.343462229,-0.104637764,0.533154428
-0.0925797746,0.232186213,-0.142360777,0.379443318
-0.0794138685,0.126942024,-0.12738578,0.215865657
-0.0703525618,0.0486216135,-0.115130372,0.0845116973
-0.100460015,-0.0022015858,-0.163645238,-0.00234844582
-0.185166866,-0.0426934063,-0.296913832,-0.0677575991
-0.3087385,-0.0943086222,-0.475966871,-0.141730264
-0.427162528,-0.166935191,-0.61519289,-0.231225193
-0.485538036,-0.250635296,-0.659253299,-0.326483935
-0.442943931,-0.320382506,-0.603731632,-0.419842064
-0.29353109,-0.351168782,-0.434221536,-0.497796565
-0.0735552534,-0.334255397,-0.130497649,-0.51135397
0.149882719,-0.28426218,0.218303576,-0.444617987
0.304193169,-0.232053816,0.451696932,-0.35842368
0.339800119,-0.20698081,0.508133471,-0.317507744
0.249158457,-0.218828306,0.390658528,-0.345189154
0.0680143014,-0.25060007,0.116239794,-0.404750586
-0.141027525,-0.267289311,-0.21865344,-0.423434734
-0.314382285,-0.236379176,-0.475295603,-0.354442269
-0.410621703,-0.148485392,-0.606049776,-0.214575097
-0.420893312,-0.0257859547,-0.627062082,-0.0340211131
-0.36371392,0.0875633135,-0.556875467,0.138039872
-0.26930061,0.148515582,-0.425373465,0.240827382
-0.163352758,0.139056206,-0.265552551,0.235439822
-0.0591822825,0.0771766827,-0.0996900499,0.136335894
0.038903363,0.00796456356,0.0630862042,0.0173979495
0.125425428,-0.0209855065,0.20474112,-0.0364738069
0.185571,0.0135037685,0.301589221,0.0153277116
0.196521282,0.0960837826,0.319910258,0.146336824
0.139420271,0.179963574,0.232816279,0.28213796
0.0155236227,0.21184893,0.0367439836,0.341644317
-0.144123793,0.161307573,-0.220978007,0.26557532
-0.283967912,0.038420137,-0.441587359,0.0716382563
-0.344828516,-0.110100642,-0.528390825,-0.154519647
-0.291658044,-0.224256039,-0.453287989,-0.331061602
-0.133971453,-0.260733694,-0.226457909,-0.405882657
0.0732055381,-0.213107303,0.101614341,-0.345804423
0.250839353,-0.111545265,0.388586342,-0.187518924
0.331008255,-0.0029997495,0.512830555,-0.0161048714
0.288742185,0.0761334524,0.461188942,0.110296063
0.154117703,0.118858017,0.262550771,0.187203765
-0.00255265273,0.147157952,0.00585675146,0.23934862
-0.105899721,0.193068892,-0.16780363,0.31273219
-0.113564163,0.273087293,-0.180550233,0.431109816
-0.0374996141,0.371950746,-0.0583004057,0.565872073
0.0629724637,0.446559578,0.0945343673,0.647894681
0.113301806,0.449019462,0.17287223,0.645479798
0.0646186769,0.356218785,0.111280829,0.544695973
-0.0780379921,0.188756362,-0.109766267,0.315514296
-0.255402386,0.00724045606,-0.398225099,0.0203647316
-0.38237527,-0.113752231,-0.570952058,-0.163379133
-0.390810072,-0.121263571,-0.591331363,-0.175801754
-0.264589339,-0.0106004383,-0.434911966,-0.0166400857
-0.0486865416,0.171051949,-0.0933875665,0.277837157
0.172596365,0.346040517,0.256173879,0.517643094
0.316920102,0.441551626,0.436844766,0.59324187
0.343247265,0.420770854,0.474217355,0.564069211
0.268911034,0.294804364,0.414405227,0.44099012
0.155986533,0.111186996,0.269516468,0.18594946
0.0748162419,-0.0726318732,0.130450115,-0.11515706
0.0645355657,-0.215279177,0.100632899,-0.346497536
0.111798115,-0.303386986,0.165998071,-0.472859681
0.158974543,-0.345456302,0.233277604,-0.526006997
0.137273431,-0.354768127,0.203506693,-0.540660799
0.00698032789,-0.334462285,0.0124628274,-0.524844348
-0.216669813,-0.275354296,-0.329282463,-0.429189622
-0.465776622,-0.167764887,-0.652794659,-0.237882182
-0.649198234,-0.0185485203,-0.796061575,-0.0182919297
-0.694123864,0.139891356,-0.796351969,0.166508362
-0.578959048,0.257492572,-0.719167292,0.327561229
-0.341754049,0.289550126,-0.502696216,0.429680318
-0.0613210164,0.222534582,-0.106005862,0.373072237
0.178139597,0.0867349282,0.289036512,0.151282087
0.32078144,-0.0541322306,0.499449879,-0.0832115188
0.355575532,-0.13327758,0.540379167,-0.209200859
0.310091913,-0.115708828,0.481701553,-0.191733316
0.228206098,-0.0179028418,0.370586485,-0.0416721962
0.145584196,0.100335166,0.240968525,0.15604879
0.0758409798,0.169275105,0.12882176,0.27353549
0.0124475425,0.150445044,0.0273556504,0.251331776
-0.0581529066,0.0621658862,-0.0879770666,0.108668663
-0.1425118,-0.0268173218,-0.23043251,-0.0399730168
-0.234419301,-0.0347477645,-0.377139091,-0.0561148971
-0.319964141,0.0835061669,-0.498410106,0.125521079
-0.388290405,0.30204612,-0.546414554,0.422192037
-0.439214289,0.526018739,-0.510469615,0.62225467
-0.48136884,0.632850945,-0.480530888,0.652948856
-0.521547914,0.533928931,-0.553881645,0.589746416
-0.552780569,0.225394532,-0.697005391,0.307382166
-0.550738752,-0.199712425,-0.712788939,-0.229451388
-0.483629107,-0.587108552,-0.531388164,-0.610922813
-0.332137972,-0.789450884,-0.324839234,-0.727396131
-0.108479425,-0.734344244,-0.131426141,-0.798417687
0.13793309,-0.458427161,0.173772186,-0.656239986
0.334603012,-0.0901305601,0.49685216,-0.161467984
0.41551134,0.210753992,0.598323405,0.284541339
0.352290124,0.326947421,0.513500094,0.457471102
0.170631066,0.234758049,0.287115395,0.372380972
-0.0580186397,0.00808172766,-0.0767631978,0.0235662274
-0.246991292,-0.224821791,-0.378576189,-0.337423474
-0.332810491,-0.348215818,-0.481562346,-0.487424105
-0.302386701,-0.314798772,-0.455395788,-0.459303141
-0.195197925,-0.163001969,-0.326300591,-0.265352279
-0.0794534758,0.0109821465,-0.142533824,0.0149014359
-0.014814835,0.10942807,-0.0229688007,0.181787178
-0.0212978739,0.0866169408,-0.0268310737,0.148895487
-0.0706209317,-0.0284838025,-0.110561989,-0.0391241945
-0.104218572,-0.151113629,-0.171259254,-0.240603194
-0.0678593591,-0.189451829,-0.119155735,-0.308025301
0.0560246818,-0.0960492566,0.0784708411,-0.164917946
0.235831216,0.105644919,0.36509645,0.158199087
0.404879868,0.333064288,0.555808842,0.445408612
0.494590282,0.487210244,0.584255934,0.558452904
0.469132334,0.502718031,0.557397544,0.58289212
0.343384773,0.378750443,0.486305803,0.521991253
0.175161794,0.175351903,0.298151702,0.284898937
0.0363617875,-0.0211949237,0.0714038163,-0.0306377336
-0.0214843433,-0.144207492,-0.0388240181,-0.235106781
0.0104621062,-0.178794593,0.006986205,-0.294303477
0.0986681357,-0.163981438,0.150955632,-0.269870728
0.188297674,-0.165196121,0.296846002,-0.267134935
0.232428804,-0.233460605,0.359943032,-0.362544358
0.213523492,-0.374127239,0.314733744,-0.548271239
0.146748886,-0.541973054,0.192616791,-0.722302496
0.0655157566,-0.664637387,0.0718680099,-0.797139227
-0.000635255012,-0.681053042,-0.0103530157,-0.805203855
-0.0423122197,-0.573909283,-0.0647625923,-0.75558728
-0.0718090609,-0.379061937,-0.117720313,-0.578789294
-0.110449523,-0.167631909,-0.185422733,-0.281463146
-0.17087096,-0.0111105461,-0.280934483,-0.0219872538
-0.246070519,0.051726874,-0.389817297,0.0876312926
-0.312415451,0.0291409846,-0.484365731,0.0555737726
-0.344826281,-0.0342483893,-0.530476093,-0.04250044
-0.334471017,-0.0858653709,-0.519190371,-0.123496503
-0.297345221,-0.0950615406,-0.469658285,-0.143546477
-0.267319292,-0.0683304518,-0.428088397,-0.105167538
-0.276597381,-0.0423851945,-0.439903021,-0.0646224469
-0.334522694,-0.0598813519,-0.514364004,-0.0852617621
-0.417463154,-0.141727522,-0.606397986,-0.195490181
-0.47683537,-0.271296889,-0.643270135,-0.353345603
-0.462240696,-0.399076253,-0.595105588,-0.494567513
-0.347882181,-0.465294898,-0.466398954,-0.599246085
-0.148000851,-0.428790063,-0.230950579,-0.615676939
0.0874348432,-0.28750065,0.116711639,-0.457532525
0.295036972,-0.0806588382,0.449962825,-0.139587596
0.42680341,0.127843425,0.619979978,0.171148509
0.470356315,0.27633214,0.639853358,0.361389399
0.450190902,0.329604238,0.608402371,0.432815373
0.409829617,0.28995052,0.577370107,0.400320798
0.385099649,0.191462025,0.571305156,0.280049682
0.383417457,0.0821626335,0.580186605,0.120981947
0.380453378,0.00344891916,0.577771544,-0.000499252172
0.335860878,-0.0238528997,0.521984398,-0.0454665534
0.219249055,-0.00203907979,0.361085415,-0.0133513333
0.0319961682,0.0510006994,0.0627839044,0.0767528638
-0.187197745,0.113656357,-0.293820351,0.181427419
-0.376332313,0.170223847,-0.552579165,0.25703609
-0.476623148,0.214249209,-0.652620971,0.303015262
-0.458060682,0.245648891,-0.630540371,0.347570479
-0.331472874,0.264939994,-0.491095424,0.3986063
-0.141960546,0.268817872,-0.227579996,0.429052353
0.0517847836,0.249788448,0.0804020166,0.405805141
0.201155648,0.199823365,0.320207357,0.319232523
0.282902658,0.115712427,0.446626306,0.180632636
0.300341755,0.00307734846,0.477835655,0.00438168738
0.272921026,-0.123018093,0.433429271,-0.194731757
0.222330645,-0.241080403,0.345997959,-0.377465636
0.163715124,-0.328431308,0.247690409,-0.503584981
0.105807073,-0.366673917,0.15515472,-0.558425009
0.0572145134,-0.345784873,0.0822084695,-0.535610974
0.0318744481,-0.266162843,0.0439667627,-0.43074277
0.0474544354,-0.138731524,0.0699797049,-0.237171084
0.115711272,0.0165579915,0.183992386,0.019677218
0.230160549,0.173643798,0.359088778,0.268577904
0.359740704,0.304658443,0.515392542,0.4291583
0.455050915,0.385361761,0.591421306,0.490080953
0.467020512,0.400804937,0.598449528,0.500514865
0.370223761,0.34965831,0.524069965,0.478913724
0.178990573,0.245461956,0.29790926,0.381031692
-0.0532937646,0.113716602,-0.0703538731,0.191571891
-0.253484875,-0.014879792,-0.398176461,-0.0178601537
-0.358858019,-0.113177568,-0.545676231,-0.163490996
-0.344325811,-0.165416345,-0.529399216,-0.2415151
-0.233528659,-0.17135261,-0.381512523,-0.264867038
-0.0880405456,-0.145106524,-0.15619418,-0.235676363
0.0205538683,-0.109109618,0.0283078328,-0.182045236
0.0426445864,-0.0854108185,0.0719719529,-0.144905597
-0.0283213258,-0.0876307786,-0.0417526737,-0.147557646
-0.155185014,-0.116612434,-0.248852968,-0.189626649
-0.276400656,-0.161373675,-0.430536002,-0.246116906
-0.335422188,-0.204873264,-0.508985758,-0.301081061
-0.305916071,-0.23215884,-0.468621105,-0.343885452
-0.201311678,-0.237442389,-0.325922608,-0.364827871
-0.0653345361,-0.226983994,-0.116359659,-0.362139285
0.0505784526,-0.21630092,0.0735606477,-0.350378603
0.111291125,-0.222582251,0.174901664,-0.360038936
0.111977287,-0.255369037,0.176079661,-0.406724006
0.0764418095,-0.309627384,0.119257212,-0.48242262
0.0420762002,-0.364727229,0.0605367981,-0.557016075
0.0399620682,-0.390622586,0.0518769175,-0.58791995
0.0801586062,-0.359491825,0.110502526,-0.54907006
0.148748547,-0.258478194,0.223559603,-0.414630562
0.216912523,-0.0981750265,0.341187924,-0.16862838
0.256475329,0.0872646868,0.407341629,0.126650229
0.253777623,0.249373019,0.394607216,0.373857945
0.215291187,0.341117531,0.329020232,0.504190385
0.162948534,0.333422512,0.257449418,0.506616473
0.122244224,0.226097867,0.203065097,0.366991043
0.109349258,0.0488178097,0.186763987,0.0910908729
0.12348751,-0.14835611,0.202200532,-0.236060634
0.147962779,-0.311340481,0.223620236,-0.47853592
0.159053907,-0.399155527,0.226389214,-0.590898216
0.138453677,-0.395673931,0.198400021,-0.591200769
0.0834718794,-0.312286228,0.124970511,-0.495265633
0.0102962013,-0.181466058,0.0140958931,-0.307109803
-0.0513876304,-0.0445253365,-0.0880821794,-0.081835717
-0.0704529732,0.0615442656,-0.118953146,0.10141363
-0.0282168947,0.113759503,-0.0488593467,0.192463681
0.0717051849,0.107033886,0.116786063,0.181715533
0.202128738,0.0523799546,0.325932592,0.0891504884
0.320929289,-0.028717095,0.499634266,-0.0444483794
0.386832774,-0.111354463,0.578878403,-0.169657677
0.376313567,-0.173744082,0.559300303,-0.26395756
0.294440418,-0.202079192,0.452906162,-0.317642629
0.174383193,-0.193190411,0.281004608,-0.315406531
0.0647296533,-0.154679,0.106662281,-0.261499345
0.00912405923,-0.102354854,0.0115799643,-0.172928393
0.0266898312,-0.0552436113,0.03922984,-0.0926387757
0.102199294,-0.0292721558,0.165046126,-0.0489544868
0.191318721,-0.0316362046,0.308623523,-0.0513228141
0.239713043,-0.0581439212,0.385853887,-0.0949137285
0.208156094,-0.0950182527,0.339374691,-0.159016535
0.0922703221,-0.12481796,0.157743841,-0.211480021
-0.0728493035,-0.134085566,-0.11568287,-0.22540319
-0.226394117,-0.119174264,-0.362217337,-0.191723868
-0.308670878,-0.0872670636,-0.484981209,-0.131874368
-0.289046794,-0.051841449,-0.462726533,-0.075150758
-0.181757137,-0.0247307885,-0.306680679,-0.034052249
-0.0413676873,-0.00895659253,-0.0775326565,-0.0100873057
0.061008364,0.00356994942,0.0995465219,0.00550659327
0.070385322,0.027724538,0.121460572,0.0416922607
-0.0255644377,0.0760039464,-0.034547817,0.120277673
-0.188809246,0.149172544,-0.294608057,0.236105204
-0.346284121,0.231961802,-0.505881369,0.344994038
-0.421749264,0.296861082,-0.579027891,0.417765975
-0.369882166,0.315032363,-0.522050083,0.453439772
-0.197152629,0.269590914,-0.307926834,0.428380698
0.0399008244,0.164922804,0.0594705194,0.284243196
0.25800091,0.0272778757,0.409742951,0.0497695729
0.381350011,-0.104119696,0.573953152,-0.160347357
0.371495068,-0.191735968,0.553063869,-0.291724086
0.240212217,-0.213764846,0.378423303,-0.342547059
0.0410095714,-0.171528131,0.0726015568,-0.292383909
-0.15544948,-0.0874318406,-0.251391649,-0.149239331
-0.290113956,0.00499162031,-0.45846808,0.0086784577
-0.335964918,0.0741282925,-0.520565569,0.120434597
-0.302613467,0.100833982,-0.474378586,0.164950356
-0.225468487,0.082801275,-0.365663379,0.141907305
-0.146553576,0.0323297381,-0.243699044,0.0620922111
-0.0965841264,-0.0300730933,-0.159928605,-0.0441337153
-0.0856606513,-0.0827860013,-0.143289939,-0.134495392
-0.104673363,-0.10832119,-0.174141839,-0.176728576
-0.134254962,-0.0961265117,-0.22260429,-0.158700421
-0.155419216,-0.0438818038,-0.257973015,-0.072874628
-0.156738639,0.0415996164,-0.261908531,0.0673421845
-0.135993913,0.143857524,-0.223507866,0.234086603
-0.0975602642,0.237998948,-0.15485312,0.38106057
-0.048522681,0.295304209,-0.0727147907,0.466995895
0.00396852056,0.291575044,0.012305784,0.462810367
0.0534632988,0.217143685,0.0923012346,0.356436372
0.0941915587,0.0843477175,0.160668343,0.144823804
0.121737629,-0.0719911233,0.203942239,-0.113275625
0.134812161,-0.203313977,0.215881616,-0.325961262
0.136939168,-0.26352188,0.210648075,-0.420481652
0.136117622,-0.226931438,0.212068275,-0.370436877
0.141354427,-0.100531541,0.225916356,-0.176000297
0.157038137,0.0753710866,0.254192829,0.112808704
0.178112507,0.239589572,0.281173885,0.368615061
0.189462468,0.331581622,0.292682439,0.500012636
0.17121014,0.314010262,0.271772563,0.481012225
0.108429708,0.187496379,0.187694937,0.308058918
0.000857989187,-0.00841927063,0.0132568739,-0.00635084836
-0.132694811,-0.2087809,-0.206970632,-0.32925567
-0.25853917,-0.346318811,-0.383595914,-0.505125642
-0.340125412,-0.375684708,-0.480452836,-0.520672381
-0.352960259,-0.290004671,-0.518113792,-0.417457521
-0.295523614,-0.123776577,-0.470543712,-0.194042668
-0.190719068,0.0590028912,-0.320281774,0.0933996662
-0.0766986758,0.187469438,-0.128739432,0.307702452
0.00899403822,0.209546432,0.0179968216,0.344886243
0.0446942709,0.111696027,0.0821457133,0.193155885
0.0322275944,-0.0744578764,0.0611526296,-0.116084926
-0.00652271369,-0.281678647,-0.00834360905,-0.440097153
-0.0421149358,-0.430363208,-0.0684318841,-0.629329979
-0.0527708493,-0.457840532,-0.0853113011,-0.661347985
-0.0347791612,-0.343121767,-0.063061446,-0.535225987
-0.00307860202,-0.117210045,-0.0152075384,-0.208047658
0.0180130042,0.1462176,0.0250544008,0.2291504
0.00905595999,0.357514352,0.0186235923,0.54297024
-0.0325566307,0.445482105,-0.0374148563,0.648172557
-0.089041315,0.38567847,-0.120438665,0.585763514
-0.129013032,0.210253924,-0.197545573,0.350367904
-0.121549144,-0.00585949235,-0.198392227,0.00472946279
-0.050987374,-0.177350417,-0.089901112,-0.283233523
0.0744132847,-0.245678097,0.106406666,-0.393099129
0.223966226,-0.204167485,0.337934285,-0.32752794
0.355627775,-0.0990974978,0.533737898,-0.163030908
0.431888402,-0.00577484211,0.63138485,-0.0195996799
0.433802217,0.00933294836,0.63843441,0.00755204353
0.367503494,-0.0779160485,0.563796163,-0.121585637
0.260900468,-0.236987904,0.405919075,-0.362118989
0.152304634,-0.398093164,0.224740684,-0.586325467
0.0758113191,-0.488041252,0.0997606665,-0.686890781
0.0491500832,-0.468390495,0.0601337515,-0.672530591
0.0683441535,-0.355915695,0.093270652,-0.549873352
0.11063692,-0.213969424,0.167872295,-0.352689117
0.144026816,-0.118284605,0.232221439,-0.197884202
0.139566898,-0.114569686,0.229719386,-0.188469246
0.0819831565,-0.19050248,0.136352986,-0.307925552
-0.0248667747,-0.27820614,-0.0382157825,-0.441674531
-0.15917708,-0.287853867,-0.248826802,-0.450297505
-0.288259953,-0.156437054,-0.451349825,-0.24983716
-0.378963739,0.113310188,-0.573474705,0.16215764
