I_in,Q_in,I_out,Q_out
0.380244672,0.0556455627,0.546941161,0.087856628
0.395992428,0.194760546,0.591113627,0.262752265
0.350444466,0.332071185,0.505013406,0.45912236
0.256507099,0.409600347,0.37453723,0.572705626
0.137532532,0.398399174,0.215433717,0.586131513
0.018505916,0.315330952,0.042644944,0.496173412
-0.0811982378,0.21526356,-0.121090725,0.352518678
-0.150721341,0.161602631,-0.239776835,0.266418576
-0.18616648,0.190181881,-0.295633554,0.303085059
-0.186866105,0.28605479,-0.288959593,0.440828681
-0.152617708,0.386846066,-0.223466188,0.576244235
-0.0839626268,0.412715077,-0.119941197,0.613712966
0.0147262169,0.3086555,0.0287452582,0.4940795
0.131734237,0.0774832964,0.220072344,0.141713545
0.247154191,-0.214331225,0.384032786,-0.323665917
0.336543053,-0.46248427,0.437701494,-0.613335848
0.378415167,-0.570693612,0.434895724,-0.679791033
0.362497181,-0.494490564,0.447549105,-0.635010481
0.294774681,-0.261582047,0.435116351,-0.409360945
0.196560666,0.0409301631,0.3187581,0.0433282405
0.0975562558,0.305660009,0.15786843,0.463790238
0.025737321,0.450773954,0.0468274429,0.65414387
-0.00162283238,0.450473815,0.00552392006,0.657758474
0.0178388972,0.336914659,0.0331735536,0.529129863
0.0733283535,0.17555657,0.123397261,0.296227008
0.146923721,0.0292341113,0.24397549,0.0534327626
0.220424265,-0.0693983808,0.353616476,-0.113252528
0.27977404,-0.123848431,0.436525106,-0.199452057
0.315770596,-0.158211693,0.483118325,-0.247808948
0.322239667,-0.192331493,0.486872286,-0.296822816
0.294354051,-0.224391192,0.446830511,-0.346128225
0.229398519,-0.231941417,0.353964835,-0.366907567
0.130264103,-0.190198928,0.210608542,-0.315187365
0.00952910073,-0.0951868147,0.016438242,-0.167962879
-0.109291151,0.0242845025,-0.179405257,0.0344919004
-0.195912004,0.115414664,-0.314705938,0.187769979
-0.222739711,0.127930105,-0.354424626,0.214248121
-0.176279828,0.0437840223,-0.28949973,0.0843920335
-0.065226309,-0.10777197,-0.112401664,-0.165745825
0.0793993697,-0.260269076,0.117634393,-0.407004654
0.213515639,-0.341738462,0.309819967,-0.512924016
0.295777947,-0.311700553,0.426677048,-0.46845451
0.303633302,-0.182997569,0.460791796,-0.294701159
0.242669553,-0.015548747,0.390504181,-0.0397636145
0.144828707,0.115610003,0.244175851,0.180156246
0.0557773113,0.161028698,0.0980355963,0.263293386
0.0165065266,0.123762697,0.0324805118,0.210309178
0.0468652435,0.0570133477,0.0769542381,0.099516511
0.137966543,0.0330680907,0.222683638,0.0542211868
0.256576091,0.10041859,0.401969403,0.151182711
0.359413445,0.253211379,0.523950994,0.35658735
0.411087722,0.430998564,0.537021279,0.544598579
0.397984862,0.550155401,0.481364995,0.642054975
0.332373232,0.550364256,0.418013364,0.670874894
0.245355472,0.430344522,0.355595738,0.603971362
0.172111824,0.252044827,0.281110138,0.400380701
0.136073828,0.109459653,0.229463309,0.181178898
0.138936624,0.0779771209,0.228233203,0.124734849
0.160749987,0.171738058,0.257857949,0.26697585
0.169933081,0.333146095,0.260740697,0.494460076
0.138812706,0.461779714,0.206120223,0.648602664
0.0579330213,0.468447059,0.0954139605,0.669026554
-0.0571495593,0.325729758,-0.0727132112,0.511642992
-0.169814557,0.0872078836,-0.265287727,0.156546757
-0.235891074,-0.136397541,-0.374000847,-0.204268992
-0.221562266,-0.233041495,-0.354245603,-0.358846366
-0.118491076,-0.148524091,-0.207375035,-0.246247932
0.0501716807,0.082142286,0.0680100024,0.125734121
0.235840619,0.348331213,0.344608247,0.504862964
0.38086015,0.51627022,0.479242682,0.632266402
0.43925184,0.494039327,0.538411081,0.594029605
0.393934041,0.276236773,0.568401992,0.393465906
0.263592213,-0.0539605916,0.436626494,-0.0753146559
0.0962259918,-0.365614653,0.152869761,-0.551018
-0.0484416634,-0.54226011,-0.0716186687,-0.736329257
-0.121074446,-0.533973336,-0.175038025,-0.720331073
-0.100853607,-0.374167085,-0.165083617,-0.569079459
-0.00263306499,-0.155160755,-0.0218668841,-0.263161838
0.129545152,0.0220906455,0.204874054,0.031153569
0.239827827,0.096509397,0.384466559,0.153831065
0.281810492,0.0689980686,0.451960474,0.108662941
0.235316277,-0.0107171573,0.386378467,-0.0199782066
0.112398304,-0.0817935765,0.192966506,-0.138902605
-0.0491783768,-0.111247942,-0.0752810836,-0.188753426
-0.20166114,-0.111826919,-0.322315037,-0.180100337
-0.305485994,-0.129652157,-0.474985987,-0.195133507
-0.34266597,-0.21026817,-0.51563412,-0.302241802
-0.32062909,-0.363936394,-0.460930228,-0.500941753
-0.265932411,-0.551090777,-0.348595232,-0.688145518
-0.211307809,-0.69712764,-0.247258455,-0.77200532
-0.181737855,-0.728999674,-0.205875888,-0.78480655
-0.185018197,-0.61381042,-0.234221205,-0.756314099
-0.209944382,-0.378438234,-0.31567952,-0.561870873
-0.232068583,-0.0995244756,-0.37985006,-0.169731557
-0.224248379,0.130963728,-0.362362802,0.206035465
-0.167865828,0.246703058,-0.264736801,0.393629134
-0.0608241633,0.233825713,-0.0969601423,0.385853231
0.0801775828,0.131073982,0.132121354,0.225815251
0.223699152,0.00511182332,0.360184193,0.0131434798
0.332736462,-0.0846582949,0.510936856,-0.134496033
0.376422107,-0.113183789,0.563672602,-0.178341553
0.340848982,-0.0959098563,0.523354769,-0.157112002
0.235555053,-0.0731191933,0.382045895,-0.125888914
0.0930544734,-0.0829999819,0.160034031,-0.140178904
-0.0393859334,-0.138830557,-0.0601891764,-0.228472352
-0.114017829,-0.221982226,-0.184635371,-0.351179272
-0.0987533778,-0.292970181,-0.164165244,-0.454740971
0.010399241,-0.313114643,0.00135039119,-0.487259418
0.185634375,-0.26463908,0.273455322,-0.41609177
0.374707609,-0.159162149,0.546128154,-0.24762176
0.517608166,-0.0315582938,0.710198343,-0.0551724769
0.566944778,0.0762678757,0.747528434,0.0880273432
0.504548073,0.133047625,0.698097765,0.17200911
0.34789592,0.12948899,0.538729131,0.188816652
0.143809661,0.0799277797,0.249197707,0.126659423
-0.0481073223,0.0157385338,-0.0709604546,0.0268409979
-0.175797179,-0.0254452322,-0.287319481,-0.0392120369
-0.211108193,-0.0109049669,-0.347481757,-0.0166152157
-0.156485617,0.0776554197,-0.262945473,0.127596706
-0.040554788,0.237137437,-0.0719998404,0.378845453
0.0943761691,0.439841688,0.134637296,0.631554604
0.207201451,0.636370897,0.256679118,0.758307517
0.269707352,0.766900837,0.279365927,0.758342505
0.271900892,0.780366778,0.27271381,0.754165232
0.220998824,0.656339228,0.26574406,0.75977391
0.136369273,0.420223176,0.212767854,0.61528033
0.043177139,0.142256886,0.0857414454,0.247457191
-0.0335622244,-0.0837196782,-0.0507248901,-0.131514043
-0.0741940811,-0.17621094,-0.12606506,-0.287687987
-0.0691005364,-0.102255106,-0.123416699,-0.176816955
-0.0223531108,0.103628717,-0.0458812006,0.161186785
0.0473357067,0.34938699,0.0708614066,0.528494716
0.110422075,0.522953749,0.157864809,0.711666703
0.135800406,0.541961908,0.190731004,0.724159718
0.103365861,0.392559648,0.164167851,0.588359058
0.014839855,0.137748048,0.0381593853,0.238840967
-0.103032358,-0.110442154,-0.158797175,-0.172941431
-0.206436262,-0.242821991,-0.324146539,-0.376680613
-0.252055019,-0.204267636,-0.400126427,-0.320378304
-0.217280358,-0.0191223919,-0.362268418,-0.0372061394
-0.113359109,0.221956596,-0.190593302,0.351292789
0.0162116233,0.407127291,0.0241748821,0.606413066
0.113235377,0.457628936,0.169839799,0.656130314
0.131411657,0.363744318,0.209056854,0.549853325
0.0595446713,0.184668094,0.110837199,0.307902336
-0.0707096234,0.0134342918,-0.106820807,0.0280327965
-0.197885633,-0.073700726,-0.319744587,-0.116665989
-0.259632498,-0.0561945811,-0.419300884,-0.0894506574
-0.223978922,0.0239878073,-0.369806111,0.0399268754
-0.107083365,0.0905010402,-0.18585214,0.151671097
0.0326103605,0.0794129968,0.0513910353,0.138272047
0.122413851,-0.0216484405,0.205375552,-0.030482281
0.1126495,-0.16396001,0.189494208,-0.265346348
0.00450526271,-0.263380587,0.0113896178,-0.423019946
-0.146475539,-0.247405529,-0.232914865,-0.39972505
-0.254626721,-0.0978475511,-0.410501927,-0.163016528
-0.245474905,0.134507969,-0.397610009,0.209254116
-0.0942216665,0.351961166,-0.151953384,0.538024843
0.158076599,0.457645208,0.220432088,0.652670324
0.419736058,0.40412724,0.551073432,0.532707155
0.588821888,0.21749796,0.740364492,0.272094846
0.599716544,-0.0154894721,0.776206732,-0.0224548727
0.453407556,-0.190335408,0.643030286,-0.274214953
0.216679767,-0.235467598,0.34574306,-0.377759159
-0.00946128275,-0.144942954,-0.014242081,-0.252900332
-0.136728674,0.0225428753,-0.230496764,0.0301524643
-0.129035637,0.176289588,-0.214216769,0.286856771
-0.0156814624,0.239876464,-0.0284778867,0.392724603
0.127278581,0.187208027,0.205753177,0.310559988
0.217154413,0.051134795,0.356158495,0.0885628089
0.205578461,-0.0974583477,0.339550406,-0.155961737
0.0999586806,-0.187143445,0.168466762,-0.309644639
-0.0443441905,-0.17987448,-0.0710059479,-0.302430868
-0.155706733,-0.0850130841,-0.25785166,-0.144588128
-0.184490532,0.0510021113,-0.306119084,0.0800730586
-0.12792699,0.170873553,-0.213760674,0.279810935
-0.0294479523,0.233077958,-0.0493332483,0.380058318
0.0460046902,0.225499332,0.0786866769,0.367195159
0.0467736423,0.161649272,0.0870246962,0.268681705
-0.0391679332,0.0652613714,-0.0548469462,0.111410327
-0.179623649,-0.0454167426,-0.285296261,-0.0692653358
-0.316638201,-0.164069921,-0.483090907,-0.242738277
-0.397160262,-0.291169971,-0.563169122,-0.398306042
-0.399162918,-0.422747314,-0.529756367,-0.541097939
-0.339750707,-0.542221189,-0.430336982,-0.656750917
-0.262084454,-0.621938586,-0.3213678,-0.731790543
-0.209479213,-0.634400129,-0.260783911,-0.755218208
-0.201514497,-0.566678643,-0.266295642,-0.726042747
-0.225131527,-0.429305136,-0.325149298,-0.60858649
-0.244820595,-0.254135221,-0.382280678,-0.39322418
-0.225241289,-0.0822284818,-0.369740576,-0.134293705
-0.15295954,0.0515496917,-0.259097308,0.0852165967
-0.044973135,0.129100576,-0.0778775364,0.217726171
0.0604522191,0.150262892,0.0993441194,0.250207305
0.124974653,0.125999734,0.208197162,0.207372561
0.131047025,0.0695704371,0.222547472,0.115189195
0.0905709788,-0.00808022637,0.156643301,-0.0131508419
0.0366458818,-0.0964796245,0.0640405416,-0.159984097
0.00350364717,-0.18050392,0.00331868697,-0.293372124
0.0064844056,-0.238163859,0.0052516358,-0.382319152
0.0338197351,-0.245864719,0.0465885997,-0.396061331
0.0551111363,-0.190283224,0.0839261487,-0.316678017
0.0416364446,-0.0803039521,0.0668679997,-0.142368808
-0.0134525588,0.0495203845,-0.0209226124,0.0748531297
-0.0872817487,0.148904338,-0.139098138,0.242901146
-0.137241557,0.172524422,-0.21844618,0.284571171
-0.124173552,0.101730838,-0.203226775,0.178167939
-0.0362804271,-0.0445642136,-0.0646531358,-0.0603790134
0.0998045951,-0.216891661,0.153501973,-0.342179626
0.22789678,-0.357761353,0.32648164,-0.528209925
0.287575155,-0.428497165,0.391480088,-0.598172307
0.243378207,-0.426119059,0.339451522,-0.608334064
0.102830328,-0.381002873,0.154310107,-0.57977736
-0.086221084,-0.336585224,-0.131420955,-0.522996664
-0.257791698,-0.322607696,-0.383634329,-0.47824204
-0.358149141,-0.337337971,-0.508996665,-0.46758908
-0.368902564,-0.34930408,-0.519979775,-0.47796905
-0.311331213,-0.317854226,-0.46252498,-0.456393421
-0.230577663,-0.22065039,-0.369419843,-0.344411224
-0.169033244,-0.0716111064,-0.283644557,-0.120697655
-0.143790349,0.0821930692,-0.239162982,0.131725296
-0.140449181,0.18415986,-0.224833891,0.29804492
-0.126263916,0.199486375,-0.20063448,0.329202116
-0.074670814,0.136106417,-0.120262831,0.233067647
0.0133463955,0.0422453545,0.0209587533,0.0779169053
0.104148492,-0.0193816405,0.169354528,-0.0311812069
0.146846235,-0.00703222072,0.241748497,-0.0176835619
0.101926006,0.0750149265,0.17238386,0.114562705
-0.0322118253,0.176936999,-0.0429412015,0.282073647
-0.210102364,0.23051706,-0.317166746,0.361992508
-0.354424357,0.188798651,-0.520865738,0.292316705
-0.390008271,0.0561496504,-0.583025455,0.100234702
-0.280806303,-0.109035596,-0.449487358,-0.155354604
-0.0514050648,-0.222140163,-0.100110829,-0.34944877
0.218627095,-0.216733828,0.324480772,-0.343180627
0.426399648,-0.0817595422,0.615464509,-0.135472223
0.489500552,0.129308,0.682816088,0.1612055
0.381853789,0.323435843,0.544938326,0.435613394
0.144963056,0.414720863,0.230504856,0.596415281
-0.130683303,0.368220866,-0.17508176,0.556410372
-0.345341504,0.217436269,-0.500308633,0.336485326
-0.43247056,0.0459073596,-0.630568027,0.0819335356
-0.384634435,-0.0572800227,-0.58680433,-0.0762212425
-0.251749992,-0.0441607386,-0.414236039,-0.0665759444
-0.113731995,0.0683102384,-0.197179213,0.109871536
-0.0413267314,0.209806323,-0.0669980347,0.335617363
-0.0637673289,0.296655178,-0.0905415937,0.465774
-0.157816514,0.277983516,-0.232931018,0.438743621
-0.262090385,0.162527621,-0.400206208,0.26571089
-0.308604449,0.0116175227,-0.480414748,0.0302578751
-0.255924284,-0.0972635895,-0.413665116,-0.144686759
-0.108440265,-0.115624264,-0.191174015,-0.186331972
0.0863894969,-0.0523847975,0.129075542,-0.0922043473
0.260327816,0.0304015316,0.409892797,0.0421531461
0.354870021,0.0522066131,0.545853555,0.07383205
0.345675498,-0.0401789173,0.53976804,-0.0618836619
0.250405043,-0.241130769,0.394337595,-0.366457492
0.117753819,-0.486431301,0.167588338,-0.677864671
0.00409453735,-0.685194731,-0.00330294226,-0.805544615
-0.0508979298,-0.766036332,-0.065766789,-0.810582399
-0.0389160179,-0.712442696,-0.0561672673,-0.805195272
0.0173368268,-0.568539143,0.00992654264,-0.753010273
0.0776505172,-0.412897915,0.101284407,-0.61633116
0.103570715,-0.315460533,0.153908744,-0.494044602
0.0745033398,-0.301440477,0.115596116,-0.473395944
-0.0056205946,-0.341563135,-0.00873943325,-0.527286649
-0.112392865,-0.372967988,-0.171699136,-0.56147325
-0.212223843,-0.338091969,-0.322784185,-0.507444918
-0.275076926,-0.219319478,-0.428122342,-0.339326411
-0.28352502,-0.0502034463,-0.456254512,-0.0816108286
-0.235808581,0.10238272,-0.38234964,0.164628327
-0.143674105,0.174527854,-0.232839808,0.288363785
-0.0275719557,0.139491171,-0.0453898683,0.240793556
0.0882985517,0.0211441573,0.146309555,0.0437594317
0.180004969,-0.119922072,0.29151547,-0.191808879
0.227320462,-0.218869537,0.35155645,-0.345006675
0.217386305,-0.239066556,0.335015744,-0.379238486
0.148586199,-0.186871916,0.238878787,-0.310699731
0.0332599208,-0.101907767,0.057781104,-0.178094596
-0.102868423,-0.0301567689,-0.16640009,-0.0532838106
-0.225979537,0.00342406915,-0.36126408,0.0080806911
-0.303537369,0.00673004519,-0.476251185,0.0173145086
-0.31473276,0.0106807193,-0.494285583,0.0234372374
-0.257674903,0.0448391847,-0.416743249,0.0762756243
-0.149816483,0.114232853,-0.249900639,0.187961116
-0.0209002905,0.192232937,-0.0393545218,0.315302163
0.0987548381,0.234538302,0.158327833,0.376279265
0.189374253,0.206418529,0.304035902,0.329191446
0.247071162,0.107003599,0.397821814,0.172180638
0.280980885,-0.0244780257,0.447348684,-0.0372496769
0.303914249,-0.125559673,0.471892595,-0.198984832
0.321710795,-0.142272189,0.488677025,-0.226941913
0.327328622,-0.0586455688,0.503886223,-0.104247011
0.303358018,0.0924989134,0.473421901,0.129497081
0.232162938,0.2440373,0.365571976,0.366202533
0.108525321,0.327192008,0.180356994,0.499109477
-0.0521726683,0.305342853,-0.065829441,0.479736
-0.215399727,0.191380754,-0.327028275,0.312088251
-0.339039147,0.0398906246,-0.517619133,0.073062107
-0.390269667,-0.08110632,-0.587007344,-0.111920081
-0.359858692,-0.12352699,-0.550768495,-0.180137694
-0.266762227,-0.0803127959,-0.432235867,-0.125248775
-0.15040122,0.0158911534,-0.25565359,0.0247412454
-0.0539696962,0.114215046,-0.0921370089,0.188117221
-0.00658999709,0.174401611,-0.00758259604,0.28603825
-0.0127294092,0.187094778,-0.0136309713,0.305702746
-0.0536454506,0.175321147,-0.0819446817,0.289344579
-0.0995592773,0.177766919,-0.156894311,0.289249271
-0.125893623,0.224308163,-0.199638933,0.358271867
-0.125056297,0.317773163,-0.190904453,0.489855558
-0.1078844,0.431562781,-0.15253824,0.626601756
-0.0945923999,0.523431599,-0.120866984,0.716171265
-0.100813009,0.556910753,-0.122176863,0.739350438
-0.12696138,0.518373787,-0.16177769,0.70911324
-0.157205939,0.421139628,-0.216982916,0.616874576
-0.168806061,0.295849383,-0.251972437,0.465940386
-0.146491855,0.173891395,-0.233933523,0.289709628
-0.093336761,0.0736667365,-0.156759143,0.129147574
-0.031156484,-0.00333106471,-0.0540874265,-0.00037873711
0.0108061666,-0.0661456063,0.0164650884,-0.108156674
0.0133088315,-0.123281755,0.023183845,-0.203678787
-0.0190909505,-0.174594313,-0.0310932193,-0.28621459
-0.0565021373,-0.211023629,-0.0940329507,-0.341936111
-0.0569490455,-0.221506447,-0.0979102999,-0.357046247
0.0111949537,-0.201724783,0.00726338057,-0.329708248
0.148955449,-0.15845643,0.228406191,-0.260086328
0.320112675,-0.106523037,0.485446781,-0.169088513
0.463439494,-0.0604210272,0.660163045,-0.0955779105
0.519548237,-0.026285816,0.715655267,-0.0461083464
0.459960073,0.000433974084,0.667323828,-0.010169398
0.303728729,0.030105086,0.485446334,0.0360740125
0.112117603,0.070266813,0.195793852,0.106546327
-0.0377295017,0.119289815,-0.0562345274,0.195773229
-0.0885122642,0.166945472,-0.14386946,0.273657352
-0.0308165476,0.201757312,-0.053533867,0.332378268
0.0907869786,0.220058933,0.143819168,0.357803792
0.197754845,0.229904786,0.312999547,0.359734982
0.215190038,0.245860502,0.342093021,0.376781911
0.109518848,0.276749223,0.186752334,0.426792473
-0.0921272784,0.313918233,-0.127444729,0.483626932
-0.311049491,0.328781694,-0.436014056,0.478926659
-0.451496989,0.283931464,-0.607023776,0.397206575
-0.445163161,0.154089913,-0.633825243,0.235002995
-0.285058141,-0.053819865,-0.456477374,-0.0656991228
-0.0326182842,-0.293732196,-0.0670485348,-0.44565624
0.20595555,-0.49328959,0.265279412,-0.670229793
0.32401821,-0.582909942,0.379570663,-0.706219733
0.25986439,-0.528007686,0.332457095,-0.692636192
0.0231405161,-0.34804967,0.0374696478,-0.551577747
-0.309052706,-0.111479327,-0.472274125,-0.189280018
-0.624041855,0.0927668884,-0.775959909,0.118274756
-0.818885922,0.194343224,-0.779326916,0.200970784
-0.839278281,0.172377527,-0.773040891,0.171432808
-0.696035266,0.0629268736,-0.798431933,0.0844025686
-0.453895748,-0.0606495664,-0.660943627,-0.0699236244
-0.199763969,-0.124408178,-0.33755818,-0.189673334
-0.00588170392,-0.0890774205,-0.0222524069,-0.150217369
0.0957930386,0.033623904,0.156933129,0.0454041436
0.118287809,0.19094193,0.194218531,0.298806399
0.104018241,0.318863302,0.168440685,0.489021242
0.098560214,0.375182241,0.155270815,0.564552665
0.127182066,0.358288795,0.198116317,0.544219434
0.184699968,0.302497417,0.286519796,0.466140032
0.241795048,0.253849715,0.375690877,0.388825029
0.262833655,0.240942046,0.408121705,0.364296138
0.225336805,0.257680178,0.354866892,0.391066641
0.13153556,0.267779976,0.216630042,0.416639388
0.00724717323,0.228335261,0.0231998842,0.369538963
-0.110143147,0.118843593,-0.170222342,0.203260973
-0.187834114,-0.0412183627,-0.303355992,-0.054596141
-0.209948123,-0.197015405,-0.334582776,-0.301896185
-0.180881754,-0.283682108,-0.288570762,-0.435027987
-0.119430445,-0.259295583,-0.198852465,-0.411259025
-0.0479087271,-0.127874702,-0.0893917009,-0.218175754
0.0176778268,0.0602213852,0.021599194,0.0900066346
0.0717621371,0.231258124,0.114616849,0.366984606
0.116592467,0.322863787,0.183423206,0.498682797
0.155524641,0.312734306,0.246351749,0.483916521
0.186821952,0.226704761,0.300141394,0.360212803
0.201841339,0.122451283,0.33095485,0.197916955
0.188713402,0.0577853695,0.312229007,0.0922087878
0.139394477,0.0603301153,0.23306796,0.0919341967
0.0560123734,0.114299953,0.0967685953,0.183198452
-0.0472774245,0.170870423,-0.0703461245,0.277023643
-0.148388162,0.17621094,-0.23253721,0.287233531
-0.225716054,0.102181748,-0.356051624,0.173663303
-0.266958535,-0.0364277214,-0.422442406,-0.044301372
-0.27409485,-0.187057108,-0.428448945,-0.278159261
-0.262046605,-0.28429836,-0.400906652,-0.422375888
-0.251495063,-0.282013893,-0.389027685,-0.425392032
-0.259061396,-0.176718101,-0.411964983,-0.279617816
-0.28927651,-0.0109175146,-0.460691154,-0.0218569618
-0.331957102,0.144934654,-0.506242692,0.223490447
-0.366190344,0.223056898,-0.535318375,0.334349662
-0.369247973,0.187278271,-0.543349862,0.289881498
-0.326677322,0.0475867838,-0.504984558,0.0890620351
-0.23940289,-0.145174906,-0.384247094,-0.213958442
-0.124987617,-0.32084623,-0.201722383,-0.48529461
-0.0125842774,-0.417524159,-0.0306715183,-0.616597891
0.0664865151,-0.40359056,0.0883714706,-0.605003536
0.0891039744,-0.28632611,0.13356109,-0.458875597
0.0481134392,-0.105692431,0.0780981928,-0.1887694
-0.0449405424,0.0822053403,-0.0712572411,0.126162827
-0.162768543,0.224463046,-0.251202226,0.35513702
-0.269885719,0.286569238,-0.398336202,0.435205996
-0.332467735,0.25950408,-0.483845592,0.393433303
-0.327784568,0.158407524,-0.496267349,0.254931778
-0.250732213,0.0150860837,-0.404618233,0.0384069979
-0.115734614,-0.132361874,-0.19713226,-0.204868704
0.0466352366,-0.249778107,0.0631939396,-0.39431718
0.197694913,-0.314795613,0.29078564,-0.480664074
0.301438749,-0.320868224,0.433063507,-0.475939572
0.335124731,-0.276787639,0.485953838,-0.415554523
0.296353489,-0.2019234,0.45254603,-0.319536239
0.203997657,-0.118609056,0.330382496,-0.202035934
0.0921066999,-0.0442208946,0.157099724,-0.0806257799
-0.00163407752,0.0140855424,-0.000586295384,0.0206675287
-0.0490456969,0.0598193333,-0.0803837329,0.100475922
-0.0413029343,0.102579199,-0.0693939775,0.170608476
0.00854761153,0.150595352,0.0112322336,0.248659328
0.0717323869,0.204055578,0.114430554,0.329667687
0.116314709,0.252696097,0.188034937,0.398445904
0.121016473,0.279159456,0.196765512,0.436141789
0.0843099356,0.266758263,0.142952278,0.421841532
0.0246495772,0.207990006,0.0484693274,0.340092272
-0.0283919405,0.109649643,-0.0391630791,0.188331872
-0.0480969511,-0.00802337565,-0.0777387246,-0.00723808864
-0.0231668465,-0.11785759,-0.0419051424,-0.190162227
0.037138477,-0.194967926,0.0540874563,-0.31554839
0.107836604,-0.224648803,0.166173518,-0.360635847
0.160722196,-0.205872729,0.25094825,-0.332621843
0.178328544,-0.14967446,0.283000141,-0.247731805
0.162251309,-0.0740778744,0.266079515,-0.1290043
0.131433949,0.00164138398,0.21841304,-0.00407332368
0.111099377,0.0611166134,0.18498221,0.097494252
0.117969051,0.0928834155,0.194780722,0.152358159
0.149648651,0.0911479071,0.247046888,0.149631932
0.184259757,0.0566395596,0.301963836,0.0932264403
0.191271916,-0.0021364328,0.315429568,-0.00388861075
0.148534536,-0.0684895664,0.247496933,-0.115485922
0.0567964651,-0.120039716,0.0987557322,-0.200867981
-0.0563812517,-0.135327265,-0.091363661,-0.226295933
-0.146515369,-0.103344068,-0.241819188,-0.170783311
-0.172180399,-0.0321082994,-0.287492007,-0.0515427254
-0.115884393,0.0487865843,-0.199312925,0.0822651088
0.00451956969,0.0951951444,0.00155653805,0.161257595
0.140267074,0.0644997731,0.230132669,0.110727459
0.230962217,-0.0646477565,0.374077648,-0.0993230045
0.230458349,-0.277488738,0.357005477,-0.421034932
0.127580285,-0.521220744,0.175428584,-0.708270729
-0.0480054133,-0.719290316,-0.0587574169,-0.812447011
-0.237695172,-0.798202813,-0.236427858,-0.770983398
-0.378293395,-0.716875136,-0.383491218,-0.710098386
-0.427711636,-0.486197859,-0.528677285,-0.594485283
-0.38047412,-0.169537231,-0.575489402,-0.256698579
-0.266501516,0.137566954,-0.431990713,0.212038547
-0.134649128,0.341412812,-0.207613334,0.522775173
-0.0295329895,0.38456288,-0.0376559906,0.587925017
0.027108442,0.266748607,0.052686058,0.434417993
0.042086564,0.0437027626,0.0779751167,0.0849112794
0.0418162532,-0.195481718,0.0695867538,-0.309461921
0.0543553382,-0.362961411,0.0749555901,-0.552739501
0.0921668857,-0.404467434,0.125922427,-0.604277134
0.14442943,-0.316536754,0.213157654,-0.495136648
0.182437629,-0.142703399,0.285329163,-0.2444814
0.174820676,0.0482008383,0.284867764,0.0668112263
0.104451858,0.191245541,0.176501334,0.302517861
-0.0216103103,0.249426827,-0.0216182508,0.39990133
-0.173945636,0.223234877,-0.263426751,0.358715743
-0.313053399,0.143648818,-0.473701775,0.230068803
-0.405635744,0.0538718179,-0.600306749,0.0896523222
-0.436800569,-0.0106018763,-0.640145004,-0.00484468415
-0.412650436,-0.034570843,-0.615393877,-0.0436914936
-0.352939785,-0.0240485147,-0.545763731,-0.0299744736
-0.278564483,0.00260966457,-0.445981294,0.00961328484
-0.200986758,0.027024474,-0.330600113,0.0475952327
-0.119209759,0.039505057,-0.201226234,0.0706664622
-0.0255261734,0.0401831754,-0.0451037921,0.0716228783
0.0836429968,0.0334900655,0.135271057,0.0573140867
0.19836691,0.0207861997,0.32035163,0.0327229127
0.293203384,-0.0032840916,0.461411923,-0.00831279997
0.334754825,-0.0478142202,0.518597901,-0.0780361369
0.296010196,-0.117597274,0.46596247,-0.18708241
0.17101258,-0.205185384,0.278946191,-0.330142319
-0.0172480289,-0.288746029,-0.0216287617,-0.458296686
-0.220127717,-0.33845076,-0.3270441,-0.50635457
-0.377469093,-0.329229623,-0.532978356,-0.459043622
-0.437602848,-0.253651381,-0.617438972,-0.349252015
-0.375685751,-0.127877787,-0.572715998,-0.188728198
-0.203411862,0.0132152615,-0.343768567,0.0244086254
0.0335746035,0.130075857,0.042500183,0.217552334
0.269657522,0.194973439,0.414785832,0.302615047
0.439669132,0.2026328,0.626266718,0.283612013
0.498740971,0.169548646,0.689641118,0.225544482
0.435071439,0.122504905,0.636266112,0.168501958
0.271770447,0.0827186033,0.441318482,0.122927547
0.057727091,0.0545317158,0.108884655,0.0852364004
-0.148973927,0.0251276605,-0.236758813,0.0413700603
-0.299317598,-0.0244812854,-0.467844009,-0.032271862
-0.367266059,-0.103587724,-0.557851434,-0.145833105
-0.35498336,-0.200691208,-0.533292174,-0.286344171
-0.288159788,-0.284618139,-0.437985539,-0.414433748
-0.203680858,-0.318588406,-0.319019318,-0.479110152
-0.134522721,-0.280298978,-0.218717888,-0.439945579
-0.0976146162,-0.176856175,-0.166572586,-0.293188125
-0.0891248733,-0.0452660136,-0.152507812,-0.0819931701
-0.088632375,0.0634242594,-0.148651019,0.104300655
-0.0700762048,0.109143712,-0.115224756,0.183364689
-0.0146710323,0.0840084925,-0.0243143402,0.146297142
0.0797185525,0.0178145375,0.130603969,0.0348565318
0.196611539,-0.0363115184,0.316649705,-0.0587481894
0.306944698,-0.0295922589,0.476750225,-0.0537563898
-0.0834683403,-0.139113903,-0.102092281,-0.23513341
-0.0195371527,-0.261995584,-0.0536619052,-0.404331326
0.0144229298,-0.27311179,0.016529981,-0.438702226
0.00652386155,-0.180228472,0.00702676643,-0.303463846
-0.0244237073,-0.0337323584,-0.0432724021,-0.0638393685
-0.0412760302,0.0991494209,-0.0709255263,0.161716729
-0.0118311159,0.166394487,-0.0189296417,0.274891049
0.0701503679,0.154302374,0.116023675,0.258738518
0.178163737,0.0913786739,0.290089548,0.152164474
0.264772326,0.0321325175,0.42226094,0.0496132001
0.28633222,0.029227268,0.454672754,0.037923146
0.227801606,0.107262596,0.370009005,0.159123167
0.114307843,0.249983132,0.189740911,0.384616703
0.00260779494,0.406107932,0.0119162491,0.600472689
-0.0442885272,0.510636687,-0.055639822,0.708909512
0.0125971651,0.512169898,0.0218558311,0.713818431
0.167732179,0.394897312,0.247443929,0.588432729
0.370621711,0.186702773,0.550436854,0.285951257
0.54607594,-0.049360618,0.737411141,-0.0656618997
0.626025677,-0.236681432,0.747883081,-0.291492879
0.578330398,-0.311749041,0.696922243,-0.387975991
0.419624746,-0.246388838,0.58974731,-0.360279858
0.20690915,-0.0578655452,0.339287847,-0.114508905
0.0124679366,0.196664453,0.0259186588,0.302458674
-0.105963953,0.439570069,-0.147070602,0.632608593
-0.126414433,0.599412918,-0.154148534,0.764192939
-0.0667172298,0.63542974,-0.0759287998,0.787917316
0.0287140347,0.550763965,0.0428269655,0.743570387
0.111614361,0.389200032,0.173881307,0.58604449
0.150740147,0.216396853,0.249034882,0.351354182
0.141603768,0.0930094421,0.238689348,0.151465595
0.102097623,0.0508543178,0.172588766,0.0790109187
0.0581872799,0.0823740587,0.098676756,0.131336987
0.0282788873,0.147987813,0.0472590812,0.239027515
0.0145824635,0.197718903,0.0280234832,0.322049677
0.005292858,0.196576521,0.0132218963,0.32272169
-0.0147304488,0.141117096,-0.0178553164,0.236633018
-0.0516260862,0.0588377416,-0.0819424093,0.103932984
-0.0960141718,-0.00920319557,-0.156120241,-0.0125686955
-0.126352549,-0.0332081653,-0.209579274,-0.0538778901
-0.120649651,-0.0132190678,-0.204249516,-0.0210220069
-0.0702770278,0.0193616692,-0.120979145,0.0343945324
0.0118064396,0.0191375632,0.0171376951,0.0341967791
0.0934814438,-0.0457392558,0.15428099,-0.0718656182
0.136260137,-0.170928746,0.22046487,-0.2733652
0.112794973,-0.311635852,0.176514372,-0.483279943
0.0207928848,-0.400962085,0.0309297256,-0.603574336
-0.113579899,-0.382899255,-0.172246397,-0.577809453
-0.244908169,-0.243321925,-0.382400483,-0.382966042
-0.326560169,-0.0222069565,-0.513603568,-0.0418785624
-0.329601318,0.200723469,-0.50117296,0.302185744
-0.254227549,0.341085136,-0.375171691,0.508260965
-0.128824651,0.348632127,-0.193963617,0.539274991
0.00257059094,0.230229467,0.00739516784,0.383728117
0.0984707102,0.0452030413,0.167595074,0.0852278769
0.135599583,-0.124569654,0.225013688,-0.201284125
0.115411781,-0.21435678,0.185002029,-0.34882021
0.0594170094,-0.205586582,0.0938462466,-0.341696024
-0.0034981654,-0.129591316,-0.00792120676,-0.222392768
-0.0511246808,-0.0451471806,-0.0858243406,-0.0790832043
-0.0766440034,-0.00291945622,-0.127134696,-0.00329827867
-0.0884024799,-0.0167070106,-0.14590922,-0.0232299529
-0.101810485,-0.0572113991,-0.168369532,-0.0898368657
-0.128290191,-0.0712674186,-0.210817635,-0.116638422
-0.167402744,-0.0151730515,-0.276173323,-0.0282070003
-0.206354007,0.117092408,-0.333347648,0.18418543
-0.227076665,0.287000924,-0.34549436,0.435563385
-0.21706517,0.430083454,-0.30468443,0.611723185
-0.178102329,0.489695817,-0.237051442,0.679072678
-0.127950057,0.44700247,-0.175350428,0.64765054
-0.0935060754,0.330316007,-0.13682206,0.517261326
-0.0981808081,0.198566139,-0.151879176,0.328826547
-0.149275646,0.108295158,-0.238163322,0.180507615
-0.231499776,0.0829008743,-0.367491603,0.132977813
-0.310252249,0.101544447,-0.479498714,0.161288649
-0.344039589,0.113907464,-0.524426222,0.180436417
-0.30128929,0.0721731558,-0.472898632,0.12501128
-0.174663529,-0.0383367091,-0.292267472,-0.0484461151
0.0132830627,-0.187788531,0.0114066182,-0.295676291
0.215917692,-0.316686749,0.314497441,-0.476490229
0.37806195,-0.368819922,0.507210314,-0.513014793
0.455538005,-0.323575854,0.601032555,-0.442682236
0.431273371,-0.208922729,0.608657181,-0.30855608
0.32166177,-0.0871295109,0.501170278,-0.147955507
0.170514569,-0.0207986832,0.28780055,-0.0414909571
0.0326857865,-0.0381972045,0.0608324036,-0.0636976883
-0.0464901812,-0.117605306,-0.0759485066,-0.188787118
-0.04803247,-0.199880928,-0.0819820762,-0.322157949
0.0142295826,-0.222502872,0.0133494604,-0.360008329
0.100284003,-0.156019926,0.15324825,-0.261702091
0.161172852,-0.0221788958,0.260357261,-0.0472381897
0.159959406,0.116878621,0.263994604,0.181546405
0.0877719373,0.192665681,0.152410433,0.309231699
-0.0319682062,0.168668836,-0.0402489416,0.279461801
-0.153241098,0.061260689,-0.242981017,0.109425679
-0.227202684,-0.0689067692,-0.364217132,-0.101879619
-0.223617956,-0.150582388,-0.363223881,-0.232522056
-0.144462049,-0.141962305,-0.245785132,-0.230395108
-0.0233613569,-0.0545296408,-0.0493650734,-0.0950664431
0.0892345831,0.0530472659,0.143936932,0.0825095326
0.14868325,0.107991084,0.246892869,0.174823463
0.136258617,0.0652587265,0.232846528,0.109251432
0.0672762245,-0.0652490258,0.121536322,-0.103400685
-0.0168078505,-0.221648067,-0.024868831,-0.353464782
-0.0687793121,-0.322114229,-0.111174777,-0.497742862
-0.0588466898,-0.308766752,-0.103401594,-0.484857619
0.0106446268,-0.179469973,0.00623804424,-0.30105865
0.106273986,0.0098333396,0.167195112,0.00671975547
0.179960385,0.17351906,0.288957715,0.271511793
0.192586303,0.239919946,0.308941364,0.373315513
0.132928133,0.186614305,0.226470247,0.30377692
0.0222766828,0.0487358011,0.0504563004,0.0867780671
-0.0975246131,-0.103195086,-0.155873492,-0.164196089
-0.186188832,-0.202651575,-0.297043711,-0.319232285
-0.225315735,-0.22137785,-0.358620346,-0.344590366
-0.225808829,-0.179841578,-0.362811834,-0.282864153
-0.218145251,-0.129150182,-0.353486031,-0.20363684
-0.230779737,-0.116086736,-0.371038437,-0.182384685
-0.268988997,-0.152348533,-0.421879113,-0.232116431
-0.306973964,-0.206278861,-0.469484061,-0.306566119
-0.29934305,-0.222073004,-0.460619003,-0.331552178
-0.207430229,-0.1552829,-0.341944575,-0.247267112
-0.0268848035,-0.0037085379,-0.0618666783,-0.0103030568
0.199280992,0.184951335,0.307584554,0.288706124
0.391710639,0.334254265,0.545114875,0.455823392
0.467221409,0.378072441,0.60845983,0.479982227
0.378436625,0.296124011,0.548414052,0.415131867
0.140945718,0.125989452,0.251730561,0.205674127
-0.166936681,-0.0556455627,-0.253707409,-0.088059634
-0.434004307,-0.172799513,-0.620147467,-0.242014512
-0.56308347,-0.189557284,-0.734602392,-0.238682136
-0.513380051,-0.127505586,-0.709106982,-0.16731362
-0.31790179,-0.0516400859,-0.508085072,-0.071175769
-0.0671771616,-0.0323782638,-0.12734136,-0.0451584756
0.133226499,-0.104444794,0.21424295,-0.164943397
0.211002573,-0.245232061,0.329521239,-0.380668491
0.157944441,-0.384780586,0.236941382,-0.573015392
0.0287437215,-0.442472368,0.0402902327,-0.648672819
-0.090837054,-0.371113122,-0.142900825,-0.567825615
-0.129775375,-0.185007468,-0.219375432,-0.308530182
-0.0682106838,0.0430278182,-0.125304177,0.0648069754
0.0537342392,0.21459727,0.0816491619,0.346171647
0.158594608,0.252114743,0.253872484,0.400825977
0.173408106,0.135545194,0.290225893,0.225102544
0.0688864887,-0.0883000493,0.127696499,-0.140856802
-0.124216303,-0.327665299,-0.182508916,-0.499065429
-0.329626232,-0.487416655,-0.432790637,-0.632356763
-0.463077307,-0.509960771,-0.54949528,-0.594007611
-0.473369181,-0.396874726,-0.603473604,-0.496678114
-0.366152078,-0.203101918,-0.552734196,-0.299118042
-0.199024871,-0.0089713186,-0.339361012,-0.0150904432
-0.0514966883,0.115206614,-0.0911041126,0.191618159
0.0140006719,0.135755509,0.0281439889,0.228084549
-0.0199658405,0.0634699985,-0.0229256563,0.110387184
-0.122328699,-0.0575270653,-0.194001898,-0.0895292237
-0.234506965,-0.171993196,-0.368454337,-0.267197639
-0.303268194,-0.235985577,-0.462010533,-0.350748271
-0.307418019,-0.231100544,-0.471133143,-0.344999611
-0.264655083,-0.167476013,-0.422267348,-0.25895533
-0.216376662,-0.0773474276,-0.355424792,-0.123892419
-0.200299785,-0.00319938199,-0.326335967,-0.00231189607
-0.226936981,0.0157192443,-0.365453839,0.0296679623
-0.273121446,-0.0440702699,-0.430945873,-0.0606538691
-0.295788348,-0.18080987,-0.45393157,-0.265126795
-0.257789344,-0.363744229,-0.38205561,-0.516302466
-0.150952682,-0.537996411,-0.213420376,-0.70740509
-0.00336369616,-0.639441729,-0.0200379491,-0.7870363
0.133259565,-0.617024779,0.151845708,-0.770557284
0.209240198,-0.455200583,0.279931784,-0.644435883
0.20180878,-0.186492458,0.312924117,-0.314050108
0.125992611,0.113882221,0.209096149,0.166761875
0.0261477418,0.352458447,0.0486397557,0.533473611
-0.0468020402,0.453029513,-0.0575570054,0.658265829
-0.0600061938,0.388453513,-0.0821390823,0.592038691
-0.0124074398,0.19377692,-0.0147534637,0.331013471
0.0687564462,-0.0469262078,0.114728421,-0.0661568567
0.145407975,-0.235594258,0.225969285,-0.371825337
0.1895224,-0.301878154,0.283071309,-0.469006777
0.195845589,-0.232361749,0.299999952,-0.37527591
0.180198416,-0.0735842809,0.289750159,-0.133974671
0.1656643,0.0924296156,0.269688696,0.140162274
0.165726498,0.188117787,0.269355536,0.299136728
0.174688637,0.176364869,0.286292434,0.285374224
0.170984641,0.0753753111,0.285802722,0.126309782
0.131182775,-0.0538798086,0.222552091,-0.0865709335
0.0461826064,-0.140204981,0.0794155225,-0.234146163
-0.070128344,-0.13768515,-0.115700647,-0.233141169
-0.185069039,-0.0464964323,-0.303451389,-0.0817509741
-0.262109101,0.0902999118,-0.417289615,0.142381698
-0.278367013,0.210677534,-0.429320753,0.328086764
-0.235140815,0.264793277,-0.360534072,0.412928104
-0.156034604,0.23727867,-0.24458082,0.384069085
-0.0742740482,0.150445431,-0.1194354,0.256836355
-0.016685918,0.0488293469,-0.02648196,0.0874551758
0.00677528931,-0.0250285883,0.0120396018,-0.0400645845
0.00280360109,-0.0502908751,0.00497546839,-0.0861532763
-0.014785314,-0.0337264054,-0.0245000999,-0.0593952276
-0.0370486788,-0.000979958917,-0.062219955,-0.0037452234
-0.0663989857,0.0197535213,-0.110667445,0.0333908536
-0.113357157,0.0116506275,-0.184588611,0.0213002414
-0.185717151,-0.0261547063,-0.300204694,-0.0397263095
-0.277351886,-0.0836207047,-0.436179638,-0.126545012
-0.364578485,-0.148931965,-0.547301829,-0.215358064
-0.413747996,-0.214606971,-0.595965922,-0.299574047
-0.396940112,-0.27678439,-0.568278611,-0.381550729
-0.307322353,-0.329546064,-0.454540908,-0.467904091
-0.165132895,-0.360173762,-0.260881126,-0.532967329
-0.00996851362,-0.350866288,-0.0294205677,-0.537957549
0.117393456,-0.287822217,0.173100173,-0.456581146
0.194271207,-0.172757253,0.303974301,-0.286840022
0.225949273,-0.028878862,0.362744153,-0.0571641624
0.240387276,0.104520813,0.384361088,0.158166915
0.270215482,0.188222185,0.422045499,0.287270606
0.331673592,0.202312529,0.501558721,0.303311884
0.412302256,0.15767464,0.603054762,0.227714777
0.474905938,0.0920640901,0.674518883,0.125447199
0.47668466,0.051283896,0.677823365,0.0643523484
0.394021302,0.0646891594,0.595052958,0.0851669163
0.239761263,0.128364816,0.389185876,0.191714451
0.0630426183,0.20601134,0.112976536,0.32595554
-0.0696714148,0.248217404,-0.102965035,0.398632348
-0.104087435,0.220392004,-0.163982391,0.36167559
-0.0241309311,0.124088965,-0.0431575142,0.216052741
0.138252184,-0.000758672017,0.222171977,0.0061984323
0.314825118,-0.095179446,0.48312524,-0.148617074
0.429453462,-0.112617835,0.62164861,-0.175066829
0.430479705,-0.0457501635,0.631139636,-0.0797718838
0.312631488,0.0664489195,0.493625075,0.0891206861
0.118973047,0.15646331,0.207562804,0.244840279
-0.0774787813,0.162656143,-0.114044547,0.266706228
-0.203976229,0.0628791526,-0.324442595,0.112987712
-0.216968864,-0.110450834,-0.350875676,-0.162662879
-0.117970802,-0.282374233,-0.195538491,-0.431280226
0.0491486862,-0.369248718,0.060593307,-0.558557987
0.217003331,-0.31796056,0.312808901,-0.487783253
0.32108292,-0.131269455,0.485227108,-0.219278246
0.323128194,0.13281028,0.49794957,0.182118028
0.223244473,0.386582017,0.335823178,0.545514703
0.0575693846,0.550019026,0.0927841663,0.730411172
-0.116277784,0.58174032,-0.133363977,0.753137708
-0.239957348,0.489888936,-0.309866399,0.667734325
-0.274134934,0.32022199,-0.396122932,0.484372973
-0.211044103,0.130203679,-0.338501155,0.22442539
-0.0764108077,-0.0362233482,-0.135205165,-0.047016643
0.0794764683,-0.160880223,0.121432826,-0.258211821
0.198656633,-0.246959761,0.303569347,-0.387522489
0.235092625,-0.304037064,0.351255476,-0.464058429
0.170676857,-0.333765745,0.258269221,-0.512270033
0.0221061204,-0.325737476,0.0354402661,-0.513279974
-0.164215252,-0.265680671,-0.256604701,-0.422713101
-0.328004688,-0.149990201,-0.503351867,-0.231846735
-0.416292638,0.00358507643,-0.621696174,0.00545028178
-0.402148008,0.157072678,-0.593814373,0.234343633
-0.29365164,0.266096056,-0.44330737,0.405352265
-0.129514977,0.299536318,-0.203149289,0.474354953
0.0367910452,0.254408985,0.059400592,0.414221764
0.157662421,0.157662421,0.25789398,0.259316176
0.208050057,0.0536586419,0.341450423,0.0875727609
0.19150202,-0.0161988512,0.317952543,-0.0311013553
0.13390933,-0.0312126167,0.223316655,-0.0581674688
0.0689856336,0.00215374306,0.117623359,-0.00337795797
0.023011269,0.0573723055,0.039198447,0.0918610916
0.00598538155,0.103507824,0.0115738297,0.170749605
0.0123811625,0.120409727,0.0210882053,0.200111717
0.0293853004,0.105635434,0.0500820503,0.17751123
0.0467216186,0.0707276091,0.0804562792,0.119902112
0.0619194247,0.0307160672,0.106308416,0.0506014377
0.0782014057,-0.00586493593,0.13015978,-0.0115367565
0.097039029,-0.0403443053,0.160562247,-0.0663772225
0.110976323,-0.0793357566,0.183340371,-0.132766828
0.102429323,-0.126126677,0.168978363,-0.208406419
0.0506864302,-0.174428821,0.0858472735,-0.286850601
-0.055776991,-0.209178835,-0.0867517814,-0.340876579
-0.208326072,-0.214367703,-0.325342625,-0.338605881
-0.37532115,-0.183168292,-0.554136097,-0.270054549
-0.510393441,-0.123874903,-0.70094043,-0.165075719
-0.569073617,-0.0574765913,-0.753133059,-0.0685202703
-0.526406765,-0.00766378362,-0.723181665,-0.0014125196
-0.387318343,0.0113041913,-0.58973372,0.0262808334
-0.184909835,0.0019819201,-0.312755793,0.0138312373
0.0322481208,-0.0179089848,0.0431110673,-0.0228933487
0.21754694,-0.0252929926,0.346172959,-0.0425740071
0.340453029,-0.0042233537,0.524094164,-0.0127757899
0.391744345,0.0458656028,0.589019716,0.0589761846
0.379478991,0.11043442,0.572866142,0.154425874
0.32012096,0.167941645,0.495420396,0.247355118
0.230994359,0.200677752,0.369896412,0.30733934
0.128073096,0.20201911,0.216140315,0.323135734
0.0285765715,0.176373124,0.054472845,0.289742857
-0.0460859723,0.132780656,-0.0707138851,0.222812593
-0.0721620396,0.0770202577,-0.118333332,0.13370575
-0.032125324,0.00774929207,-0.0557409078,0.0188625306
0.0733590052,-0.0806497261,0.116134979,-0.128218517
0.217378244,-0.1904248,0.336426258,-0.297354281
0.349758297,-0.313287735,0.495681316,-0.450424939
0.413305044,-0.42898953,0.527951419,-0.558604777
0.368109733,-0.511448026,0.454450041,-0.642768323
0.212898925,-0.539455473,0.276666313,-0.710196614
-0.00819078181,-0.505895555,-0.0123069417,-0.711236358
-0.219306603,-0.420020849,-0.313637525,-0.604813874
-0.343221307,-0.30144155,-0.502351582,-0.435413837
-0.335576683,-0.16959551,-0.517382383,-0.253268778
-0.206958145,-0.0353980288,-0.348825037,-0.0539931208
-0.0212471094,0.0994739085,-0.0466484986,0.164519191
0.130641043,0.235083982,0.205710202,0.370421916
0.170712009,0.362571806,0.263855964,0.534403145
0.0695110559,0.458199084,0.115853161,0.651632011
-0.139279753,0.487958074,-0.174616396,0.677683771
-0.372514486,0.422508568,-0.477588981,0.569230914
-0.533649683,0.25543943,-0.679696262,0.346090108
-0.554832757,0.014481768,-0.740166247,0.0371954106
-0.425873041,-0.242280096,-0.607604384,-0.320637017
-0.197246864,-0.445788443,-0.295756668,-0.612950087
0.0434644707,-0.543072462,0.0405840129,-0.731840611
0.210059658,-0.519183695,0.267196119,-0.698234022
0.253095955,-0.402910322,0.351572722,-0.583331287
0.176476538,-0.252936035,0.275243521,-0.409284472
0.0291813053,-0.130967543,0.0509222038,-0.227358595
-0.121953763,-0.0750374869,-0.19529359,-0.125131488
-0.22405307,-0.0860039592,-0.360722989,-0.132802784
-0.259213239,-0.133215114,-0.410845757,-0.202286765
-0.245760947,-0.175151497,-0.391366184,-0.268577069
-0.221173659,-0.183115587,-0.355371416,-0.285670161
-0.217054933,-0.154926166,-0.35081777,-0.246092618
-0.239807501,-0.111658581,-0.385251582,-0.1773718
-0.266899347,-0.0803182945,-0.425447196,-0.122979499
-0.260113239,-0.0734024197,-0.417923838,-0.110210627
-0.188372955,-0.0780372843,-0.314776719,-0.119799644
-0.0480160229,-0.0617748573,-0.0917009562,-0.100251146
0.130128205,0.00767318346,0.204896823,0.00929814018
0.290801525,0.139932558,0.448537976,0.207985163
0.37703988,0.310094416,0.536906302,0.424765766
0.355035305,0.465463817,0.472100854,0.594582617
0.229719087,0.5487324,0.310172737,0.70041883
0.0440679155,0.526018977,0.0768536702,0.717131138
-0.13742964,0.404943258,-0.185369134,0.600072801
-0.253796428,0.232671514,-0.379316926,0.37123391
-0.270387828,0.074257426,-0.428290308,0.130382568
-0.19027774,-0.0179548431,-0.318798602,-0.0205343384
-0.0502572916,-0.0282501858,-0.0950112417,-0.0449243598
0.0959445834,0.0174262952,0.151804805,0.0255081579
0.199624538,0.067664437,0.324587554,0.106085204
0.235164702,0.0742653981,0.381611258,0.116379403
0.207388729,0.0182494856,0.344124824,0.028664656
0.146208599,-0.080333963,0.246850669,-0.1298756
0.0917253047,-0.173633233,0.150380626,-0.283045441
0.0764373168,-0.212020874,0.119094782,-0.345397979
0.111828193,-0.171079859,0.173045859,-0.282697886
0.184362888,-0.0654718578,0.292918712,-0.11502967
0.2619012,0.0573330708,0.412999898,0.0833023265
0.307388365,0.140017763,0.47812286,0.209743187
0.293988824,0.143259928,0.463511616,0.220165968
0.215548813,0.0645907223,0.359939158,0.103684761
0.0884198174,-0.0605942942,0.15791513,-0.0992510542
-0.0556592047,-0.17559737,-0.0868052542,-0.285880983
-0.18223387,-0.227861568,-0.288271606,-0.360859632
-0.266777128,-0.191057339,-0.420300722,-0.296905935
-0.301943302,-0.074252069,-0.478770465,-0.117388472
-0.296646833,0.0844306946,-0.468646973,0.130656168
-0.267999172,0.234913766,-0.412871063,0.361191571
-0.230487525,0.334235132,-0.341538906,0.502718985
-0.188077092,0.359553367,-0.276153624,0.541863859
-0.1334548,0.311460227,-0.200741306,0.488812238
-0.0549856499,0.2090929,-0.0862914547,0.349534988
0.0521841422,0.0815665796,0.0865544155,0.144294888
0.177015066,-0.0399711132,0.28708744,-0.0623649508
0.291160136,-0.127875686,0.450301319,-0.203468323
0.357483983,-0.161951944,0.533299744,-0.251323253
0.345736444,-0.133413643,0.526071131,-0.213399693
0.248458028,-0.0490231328,0.401485652,-0.0916169137
0.089106515,0.0667549148,0.154584989,0.0983521119
-0.0827900618,0.174885079,-0.127429321,0.280340374
-0.208961815,0.232005268,-0.320313394,0.367319465
-0.24569045,0.205878288,-0.380588055,0.330813229
-0.183094069,0.0902009904,-0.298851192,0.162110254
-0.0514009781,-0.0886315405,-0.0900554061,-0.13270849
0.089535743,-0.277827978,0.134325221,-0.431009412
0.173901647,-0.416891903,0.244606674,-0.605346084
0.157084301,-0.461681992,0.216812789,-0.657450557
0.0346816555,-0.403229833,0.0522474907,-0.609496713
-0.155082792,-0.272127002,-0.241341472,-0.435131818
-0.346870631,-0.125492036,-0.52774173,-0.195037663
-0.475140184,-0.0217140485,-0.675942957,-0.0246565584
-0.500876129,0.00569283264,-0.700811982,0.0195459798
-0.426615983,-0.0370970406,-0.631590784,-0.0418897457
-0.293438852,-0.107917435,-0.465910554,-0.157651916
-0.161566973,-0.149317607,-0.270189136,-0.236219376
-0.0834188685,-0.116648972,-0.143985584,-0.195176795
-0.0811269656,-0.000302337779,-0.136698276,-0.00762711838
-0.138316378,0.168401524,-0.221490309,0.265360951
-0.209410295,0.330410987,-0.308580518,0.495512992
-0.241876572,0.424963444,-0.335860342,0.604084492
-0.201194823,0.416232497,-0.283755064,0.605354369
-0.0873632729,0.308365285,-0.133294538,0.493209928
0.0642131642,0.142408431,0.105528332,0.247928977
0.197541967,-0.0227536839,0.320967913,-0.0321294889
0.259772182,-0.136008412,0.408889592,-0.218812853
0.223381117,-0.174165085,0.355913699,-0.284050107
0.0974304751,-0.147857159,0.163245782,-0.25198254
-0.0763823539,-0.0916253626,-0.122146949,-0.158296019
-0.240441844,-0.0441831201,-0.382775247,-0.0707216486
-0.343005121,-0.0291313175,-0.529138684,-0.038551636
-0.355808288,-0.0454389118,-0.546222985,-0.0602670498
-0.28082487,-0.0715552047,-0.44965294,-0.104360633
-0.144815728,-0.0799568072,-0.248199701,-0.125688225
0.0142807849,-0.0538297519,0.0152293835,-0.0881660059
0.162035346,0.00307917316,0.260248095,0.000396924675
0.276773483,0.0684544742,0.435439169,0.10293337
0.350460172,0.113828741,0.535877168,0.166841462
0.382940024,0.120452285,0.576526999,0.173892185
0.374532759,0.0898321569,0.569100618,0.13016893
0.322308958,0.0430178307,0.506953239,0.0624384582
0.222700819,0.00876678713,0.366985232,0.00764234224
0.0789502561,0.00682825595,0.139399752,0.00512150442
-0.0914619863,0.0355097726,-0.145232722,0.0548177212
-0.254965007,0.070789136,-0.400502473,0.113912053
-0.368725598,0.0783255771,-0.556091428,0.125213578
-0.394794494,0.0327597558,-0.591580451,0.0600426532
-0.31598106,-0.0656905919,-0.496718407,-0.0887223631
-0.146091148,-0.186671287,-0.247221768,-0.288576812
0.0710842535,-0.280837625,0.0979297087,-0.438994974
0.275002658,-0.302371919,0.396631747,-0.455114305
0.40935424,-0.232231736,0.577471554,-0.344597101
0.442613065,-0.0902729258,0.63673532,-0.146636724
0.37976563,0.0707782656,0.576994956,0.0920509994
0.260286719,0.18777445,0.414793432,0.281486899
0.143036574,0.215886712,0.238572672,0.341106713
0.0840330347,0.149788171,0.145073891,0.249931097
0.115750432,0.026559541,0.190876931,0.051985912
0.235688895,-0.0917046592,0.371688038,-0.1427304
0.408034503,-0.147531107,0.587901056,-0.221635193
0.577117026,-0.115524814,0.742787838,-0.162513897
0.687204838,-0.0139828753,0.802439511,-0.0296236668
0.701440871,0.105277888,0.799821377,0.106549703
0.613714278,0.183886036,0.759547174,0.214592218
0.450167209,0.187073261,0.64325583,0.254320532
0.2605187,0.12164966,0.425403625,0.18787922
0.102262951,0.0325438455,0.179044068,0.0543991812
0.0224622302,-0.0203570183,0.0376154743,-0.0343441404
0.0422683842,0.00686893845,0.064891018,0.00876137335
0.148669973,0.119485646,0.234312445,0.188508466
0.296420306,0.281336695,0.437772691,0.409910828
0.420675635,0.433238626,0.542641759,0.545956612
0.457735389,0.522607148,0.541833222,0.598479927
0.368078977,0.528517723,0.462504506,0.641472459
0.153837934,0.469001979,0.232946187,0.652792633
-0.136735171,0.387129903,-0.179742008,0.57543546
-0.421635062,0.324092835,-0.561550736,0.449424535
-0.612021208,0.29471907,-0.71799773,0.358695626
-0.644916654,0.27957046,-0.740418911,0.329646021
-0.509045959,0.238528788,-0.675930202,0.325812221
-0.252282351,0.138528407,-0.407315761,0.233569279
0.0343202427,-0.0204173941,0.0469322242,-0.0189691931
0.251222134,-0.196636871,0.385580748,-0.301733822
0.33035478,-0.322405338,0.475601315,-0.469918579
0.263320565,-0.337215543,0.38692826,-0.506847084
0.104782626,-0.22182788,0.169254184,-0.370967984
-0.0516471043,-0.014563961,-0.0849574432,-0.0405523516
-0.115319863,0.200358763,-0.188497826,0.318660438
-0.0398957282,0.328439355,-0.0651787594,0.514283299
0.15477176,0.307753474,0.236110494,0.483680636
0.390749633,0.137995705,0.579482794,0.213536277
0.566978633,-0.118891403,0.74589777,-0.154110774
0.605224848,-0.366988987,0.693877459,-0.426217377
0.485687941,-0.519593716,0.551659524,-0.59845525
0.255507112,-0.536056042,0.329690784,-0.69920069
0.00612476747,-0.43465206,0.00922115613,-0.646859586
-0.169681191,-0.27649653,-0.267590791,-0.43841511
-0.220511183,-0.130389825,-0.360747099,-0.208842337
-0.158371076,-0.0378125347,-0.269411385,-0.058019232
-0.0496801324,0.00373400911,-0.0894650742,0.0106147937
0.0199287999,0.0314209498,0.0317018963,0.0527396277
-0.0105351023,0.0884808451,-0.0121579124,0.143898487
-0.146511033,0.193226829,-0.226232141,0.302458137
-0.334914058,0.323477209,-0.470276803,0.464240462
-0.490166098,0.425321609,-0.591111779,0.528082907
-0.536035836,0.441608191,-0.616294205,0.5224635
-0.442581564,0.344661564,-0.583792508,0.469014585
-0.240349144,0.155369177,-0.382863641,0.263582736
-0.00557478517,-0.061977908,-0.0194818061,-0.0851853192
0.175505564,-0.226896346,0.270040661,-0.356009871
0.245270908,-0.278351128,0.369220763,-0.432120621
0.197685897,-0.201151699,0.31242311,-0.331887335
0.0756942779,-0.0306406934,0.128677011,-0.0666469708
-0.0537517928,0.165418759,-0.0839308873,0.261962891
-0.13300702,0.317559928,-0.1994389,0.489718735
-0.138295218,0.382396728,-0.200820565,0.575073004
-0.0842615291,0.354937315,-0.123706907,0.54816103
-0.0085244095,0.262009948,-0.01006951,0.425251305
0.0532543138,0.143280476,0.0913720801,0.243004635
0.0870460868,0.0316455811,0.148630336,0.0551378131
0.104183592,-0.0569306239,0.174075693,-0.0935175866
0.128197357,-0.121128708,0.20776251,-0.199890062
0.173720747,-0.164358139,0.274808407,-0.266944677
0.230967522,-0.185963064,0.35768351,-0.297356755
0.266015291,-0.180268645,0.411343575,-0.286589175
0.237922907,-0.143853292,0.377717137,-0.235802323
0.123729125,-0.0850335509,0.209538877,-0.148815587
-0.0627905503,-0.0272707622,-0.0950146541,-0.0519540384
-0.270114958,-0.00164235523,-0.422921509,-0.0010312401
-0.428092003,-0.0306713767,-0.627633929,-0.0340234116
-0.47874397,-0.112275146,-0.675874174,-0.142873541
-0.403653562,-0.21418561,-0.590052903,-0.295102656
-0.233942866,-0.284476817,-0.368620038,-0.421467632
-0.0373202153,-0.275100738,-0.0753377378,-0.435548902
0.111865945,-0.167405859,0.170105457,-0.281176448
0.1651043,0.0138485851,0.269742996,0.00844161306
0.119096793,0.206661046,0.198659465,0.319769442
0.0131498761,0.336915851,0.0320440568,0.515230715
-0.0931760669,0.351348013,-0.130051568,0.540615499
-0.150181413,0.242605641,-0.227047116,0.395715535
-0.140547767,0.0539585613,-0.228281856,0.103491381
0.0278227814,0.139113903,0.029001249,0.22403647
-0.192381591,0.145018905,-0.281506032,0.229339048
-0.364498287,0.188387662,-0.537509441,0.282514066
-0.431632251,0.23379086,-0.606480539,0.335995376
-0.380516648,0.229343444,-0.552746832,0.344109535
-0.243330657,0.142071664,-0.387947768,0.239552557
-0.0788894147,-0.0154979341,-0.135572046,-0.010910227
0.056530159,-0.184358269,0.0883064494,-0.293263525
0.133926153,-0.286068916,0.203963801,-0.450137913
0.160210401,-0.264039606,0.244895458,-0.423698574
0.167969093,-0.116428263,0.26707387,-0.203505307
0.193331122,0.0982815474,0.30971837,0.146227568
0.254470855,0.28755933,0.384827346,0.426268071
0.341945887,0.370178312,0.483276576,0.514827788
0.424985558,0.317122579,0.585330725,0.433649182
0.4691028,0.166369498,0.661815882,0.232519239
0.454739779,0.00342104817,0.662022531,0.00180528383
0.386890143,-0.0825059414,0.582600832,-0.133484989
0.291238815,-0.0438797399,0.460934609,-0.0820858851
0.199939519,0.101675317,0.324580908,0.148364291
0.13546823,0.281696886,0.215915889,0.43024233
0.101315111,0.407066464,0.156741813,0.599931657
0.0837948248,0.417723149,0.132336289,0.61627692
0.0627791435,0.312119871,0.108535603,0.493120641
0.0244243424,0.145733356,0.0497834459,0.24734962
-0.0315056704,0.000499020505,-0.045992624,0.0058454657
-0.0933636948,-0.0578794591,-0.155119628,-0.0969851613
-0.146466926,-0.0121236024,-0.244299531,-0.0247035306
-0.183068499,0.101113431,-0.299486756,0.16102542
-0.207137361,0.213895857,-0.323573977,0.33682251
-0.231069967,0.264373392,-0.349279881,0.411162853
-0.266485155,0.228276104,-0.401657909,0.360276639
-0.314873248,0.128063425,-0.479204684,0.208223447
-0.364006728,0.0160287488,-0.550770521,0.0356182195
-0.392667502,-0.0580713935,-0.588547051,-0.0794958323
-0.381401896,-0.0762513354,-0.578750491,-0.109529525
-0.32347697,-0.0620853566,-0.507668793,-0.0908117443
-0.229967728,-0.0658391863,-0.377589524,-0.0988552421
-0.126042038,-0.133403435,-0.211311206,-0.209157214
-0.0402315781,-0.276330411,-0.0677391142,-0.42930311
0.00783831347,-0.459671855,0.00450340984,-0.657461584
0.0150984656,-0.614791811,0.0114282565,-0.778843403
-0.00552302878,-0.671105564,-0.0146993361,-0.799912453
-0.0331249088,-0.590773523,-0.0512071066,-0.765665889
-0.0498478562,-0.388824135,-0.0837746784,-0.592223227
-0.0491861999,-0.128574207,-0.0913575441,-0.2269499
-0.0376633853,0.105467647,-0.0664651021,0.167173102
-0.0295692906,0.244119495,-0.0436311252,0.393733084
-0.0379685722,0.2622253,-0.0518457592,0.421299815
-0.0668202713,0.186611101,-0.102342606,0.310633957
-0.108153209,0.080614306,-0.173002377,0.139661416
-0.145496279,0.013410043,-0.238920122,0.0261326972
-0.161678985,0.0287413094,-0.267292619,0.0470976382
-0.147185847,0.126899779,-0.243220955,0.204387173
-0.105221055,0.266865104,-0.16910027,0.419320643
-0.051290378,0.386128306,-0.0743114576,0.581228912
-0.00751125487,0.428344846,-0.00341497082,0.632986188
0.00605170801,0.366605639,0.0180350281,0.562953353
-0.0203049239,0.213180304,-0.0214544013,0.354121834
-0.0810836554,0.0130734984,-0.125550956,0.0324294567
-0.156094521,-0.174524635,-0.248569295,-0.274105519
-0.216401368,-0.298561662,-0.334035963,-0.45065555
-0.23395288,-0.33340317,-0.357089788,-0.494179726
-0.191746071,-0.285119951,-0.305260509,-0.440216988
-0.0908783823,-0.185485214,-0.159272417,-0.302755147
0.0484100431,-0.0769513771,0.0702184215,-0.130706653
0.192628786,0.00513423281,0.307284176,0.00584506569
0.306125134,0.046172563,0.478738219,0.0678487793
0.363299221,0.0566440299,0.554053664,0.0802698061
0.35703209,0.0654657409,0.549761832,0.093291074
0.299721718,0.104910225,0.473254442,0.153415263
0.216480657,0.193116918,0.347779781,0.29431954
0.133703068,0.321658671,0.212722555,0.484386414
0.0685270876,0.454159528,0.106436543,0.649365008
0.024319347,0.537792563,0.0418346599,0.728303254
-0.00585242873,0.524026752,0.00287545077,0.720559299
-0.030216828,0.390494436,-0.0359385237,0.593788743
-0.0495164506,0.154489994,-0.0709365979,0.268911302
-0.0543423109,-0.128602237,-0.0859367549,-0.198831797
-0.0310753528,-0.382562935,-0.0527975745,-0.570736647
0.0263944138,-0.537039399,0.0232188776,-0.728838027
0.106264986,-0.552999258,0.127536207,-0.737406194
0.177324042,-0.436418235,0.239443451,-0.63001132
0.199837908,-0.234616011,0.304219693,-0.381502092
0.145378321,-0.0171605479,0.238953084,-0.044037167
0.016043216,0.150169373,0.0363189168,0.239125222
-0.148062706,0.22733672,-0.224224582,0.363339126
-0.279743671,0.209491253,-0.420541644,0.329808205
-0.311800212,0.121775195,-0.479508609,0.200401798
-0.209098175,0.00407835841,-0.345953017,0.0194043815
0.00976950862,-0.105858304,0.00302497228,-0.166656345
0.273280531,-0.183359385,0.410264403,-0.283129454
0.482414901,-0.218631864,0.651988328,-0.307985246
0.551018059,-0.211822063,0.712706923,-0.287056476
0.443433523,-0.166927129,0.635127306,-0.24911277
0.19197157,-0.0895644128,0.321206987,-0.160238668
-0.114499629,0.0102225784,-0.177301034,0.00539625995
-0.366347134,0.11339087,-0.54899615,0.172045067
-0.477543056,0.190948784,-0.661682785,0.271465957
-0.418939888,0.210306495,-0.600835025,0.310340822
-0.226247236,0.147924483,-0.366486788,0.24984315
0.0194692239,0.00243489142,0.0250153244,0.0203936026
0.228352204,-0.199436486,0.353694111,-0.306706876
0.337927759,-0.409151763,0.460174799,-0.560977936
0.333102077,-0.573748112,0.397116452,-0.696589828
0.243213743,-0.65693444,0.275074214,-0.761752725
0.120799184,-0.65365231,0.13855657,-0.787762582
0.0146988891,-0.59039712,0.0108891772,-0.767214358
-0.0490269139,-0.510555863,-0.0760620385,-0.708523154
-0.0708973333,-0.45184952,-0.112607844,-0.65173471
-0.0680408701,-0.42742905,-0.108193226,-0.624594986
-0.0588772036,-0.42064023,-0.0944127068,-0.619245112
-0.0521998368,-0.396479696,-0.0851012543,-0.594376802
-0.0460651964,-0.32386753,-0.0808295384,-0.50780797
-0.0349843092,-0.19679454,-0.0648832247,-0.32767731
-0.0187613033,-0.0425456464,-0.0378351286,-0.079048343
-0.00589860557,0.0882968381,-0.0111999158,0.143314987
-0.00874197856,0.145780295,-0.0101638893,0.241966441
-0.0335669778,0.106497221,-0.0495462157,0.181354105
-0.0727004334,-0.012048224,-0.11491327,-0.012122496
-0.104999393,-0.156694502,-0.170654967,-0.248203695
-0.105958566,-0.261743426,-0.173997894,-0.412565708
-0.0624419935,-0.279037893,-0.107967131,-0.440993309
0.0165727008,-0.200344279,0.0153366104,-0.330276608
0.100405782,-0.0610249266,0.159591153,-0.109715089
0.149507135,0.0768258646,0.244628385,0.119223624
0.134882495,0.153541192,0.225953504,0.245205298
0.0540979207,0.139225885,0.100871332,0.230067134
-0.0649198219,0.0463713035,-0.097471267,0.082558699
-0.174932137,-0.0776763186,-0.280269146,-0.120083563
-0.230200127,-0.173932239,-0.367130071,-0.269338936
-0.206871167,-0.198937699,-0.337404132,-0.309553653
-0.113046177,-0.142942622,-0.196424007,-0.233104527
0.0159226544,-0.031332396,0.0157771986,-0.0557955503
0.133817732,0.0898968056,0.214189351,0.142336681
0.203015059,0.176282033,0.325118333,0.276950389
0.207717448,0.203501239,0.334960401,0.317379087
0.155827597,0.174198329,0.260623038,0.278932035
0.0706838518,0.111470044,0.125753239,0.184330896
-0.0212550517,0.0442123152,-0.0294568837,0.0758835897
-0.0998589694,-0.00710431067,-0.164525777,-0.00838143006
-0.1541785,-0.0370731056,-0.254042268,-0.058563441
-0.179785013,-0.0522373058,-0.295855939,-0.0803021565
-0.174947679,-0.0616453215,-0.290011048,-0.0962638706
-0.1397544,-0.0676384643,-0.233953461,-0.108128019
-0.0789835528,-0.0626451373,-0.136506081,-0.101417407
-0.00567262946,-0.0337801464,-0.0148702962,-0.0574358292
0.0592143536,0.0277013183,0.0964091271,0.0421801023
0.093511723,0.117901459,0.154313251,0.189270839
0.08487086,0.218027472,0.142561719,0.345226288
0.0399280973,0.300245434,0.0709834546,0.469374835
-0.0150400912,0.339098573,-0.0150135774,0.524895012
-0.0446745902,0.322963983,-0.0618890673,0.506061435
-0.0224712715,0.25993979,-0.0320678242,0.421017557
0.0530125387,0.17527467,0.0873557106,0.29222694
0.153314531,0.101457335,0.249231458,0.169056833
0.231023982,0.0653493628,0.372736603,0.102416523
0.242494851,0.0777962431,0.392147601,0.116257802
0.171160072,0.129739329,0.285038948,0.201517388
0.0388318747,0.195909843,0.0730366036,0.311688364
-0.102091417,0.244201526,-0.153088585,0.387967378
-0.192671552,0.24702315,-0.29541564,0.392204732
-0.195893034,0.190771192,-0.310031235,0.314230055
-0.114751041,0.0806821957,-0.191721827,0.145151377
0.00977457222,-0.0600286126,0.0116933966,-0.08969073
0.120008312,-0.196304426,0.190055534,-0.31325987
0.170851186,-0.291067421,0.260344565,-0.452816218
0.151316255,-0.316305965,0.229410321,-0.493299663
0.0868013129,-0.262470037,0.134930655,-0.425445974
0.0212543663,-0.143145204,0.030552756,-0.243839622
-0.0103172995,0.00724308332,-0.020518098,0.00473535666
-0.00301229046,0.143068939,-0.0064725345,0.234433681
0.0156055167,0.22219336,0.0268825963,0.359335691
0.00368300802,0.220894292,0.0129802823,0.361079156
-0.0665144175,0.143186599,-0.0997475907,0.241116598
-0.186717749,0.020045016,-0.29495272,0.0402739719
-0.311031163,-0.102240756,-0.480542809,-0.152294368
-0.377222061,-0.180614561,-0.562859833,-0.259955138
-0.340442717,-0.193130016,-0.520492435,-0.284536988
-0.20110783,-0.148061737,-0.335186094,-0.232902691
-0.0108011449,-0.0794461146,-0.0321251154,-0.131652817
0.14866136,-0.0302226171,0.238780975,-0.0519697256
0.203471735,-0.030190466,0.334809273,-0.0521287993
0.124120206,-0.0791389644,0.213756129,-0.134006113
-0.0590995848,-0.143906429,-0.0863065049,-0.240374014
-0.269685358,-0.17210409,-0.417739868,-0.268424809
-0.420873314,-0.117353797,-0.619212389,-0.170476064
-0.455654979,0.0351799689,-0.663596153,0.0514986888
-0.370752931,0.255337179,-0.545937777,0.369510174
-0.21321854,0.474272221,-0.29799661,0.655293405
-0.0528477207,0.609510541,-0.0626699105,0.777298987
0.0540011264,0.598906398,0.0788681433,0.768787146
0.08994627,0.428866297,0.142484933,0.631441832
0.0790088624,0.143914923,0.142091677,0.249965504
0.0666118488,-0.167595342,0.114296176,-0.262022078
0.0899537057,-0.406429142,0.126967341,-0.600349963
0.156015933,-0.500484347,0.199529335,-0.692654967
0.23910512,-0.431826323,0.321746856,-0.612838387
0.298051775,-0.241361976,0.438598037,-0.377976179
0.301886737,-0.00955166109,0.471661091,-0.0327763371
0.24840501,0.177980825,0.394504726,0.267853767
0.164809301,0.264685035,0.268340319,0.409992844
0.0905714631,0.242460385,0.154460803,0.390684068
0.0532434769,0.148619592,0.0929174498,0.249147832
0.0520029888,0.0432595983,0.0874680579,0.0768390596
0.0589481071,-0.0213828143,0.0971424729,-0.0359053276
0.0374550782,-0.0248824507,0.0629292801,-0.0455065519
-0.0333749838,0.0150086489,-0.0531895347,0.0210403111
-0.142955184,0.0556748472,-0.231640756,0.09009552
-0.251966089,0.0552038103,-0.397520632,0.0928438455
-0.312624604,-0.00293662096,-0.487653643,0.00565372594
-0.295087695,-0.0985376164,-0.464524716,-0.142478913
-0.204774722,-0.182351291,-0.334560961,-0.280117482
-0.0804148391,-0.199259877,-0.141796574,-0.320588738
0.0263371076,-0.115814604,0.0349042341,-0.198137552
0.078199856,0.0610741749,0.126086876,0.0895910189
0.0708823279,0.283340275,0.115766905,0.436336637
0.0323739462,0.479527175,0.0563374236,0.676147997
0.00346544245,0.58323288,0.0151968701,0.761967003
0.0110463295,0.559623003,0.0227212682,0.748233974
0.0500933975,0.418570489,0.0806219429,0.623661935
0.0853704661,0.209283233,0.145985767,0.348518789
0.0724109337,-0.000411435438,0.127785236,0.00633287337
-0.0140912859,-0.150544077,-0.0177247524,-0.249331579
-0.161137,-0.209942803,-0.255730003,-0.337518424
-0.31937331,-0.183732763,-0.487039924,-0.281544894
-0.42617178,-0.106024191,-0.627282858,-0.152620062
-0.437689424,-0.022805443,-0.644792974,-0.0277544018
-0.352225661,0.0265895203,-0.54497999,0.0497623943
-0.211593449,0.0218986347,-0.349069357,0.0451467596
-0.0792576522,-0.0352746509,-0.136860266,-0.0508387387
-0.00696778204,-0.126968518,-0.0125922281,-0.204887137
-0.0081929462,-0.228168979,-0.012304252,-0.367378861
-0.0530549549,-0.31513533,-0.0853573009,-0.490749031
-0.0875601247,-0.370122045,-0.13943398,-0.55858767
-0.0663570017,-0.382755011,-0.10947562,-0.575124085
0.0193999689,-0.350074649,0.0168449618,-0.538383305
0.134891868,-0.276996791,0.198865309,-0.439145625
0.219526201,-0.17717433,0.341083467,-0.288043767
0.220261082,-0.0724784583,0.354976147,-0.127252012
0.122066945,0.0109609673,0.208661079,0.0097681731
-0.0413355753,0.0505306013,-0.0598517396,0.0810018107
-0.202574849,0.036347758,-0.322873205,0.0643454865
-0.293594539,-0.0225049537,-0.461015314,-0.0270198751
-0.278886378,-0.0988936797,-0.443989873,-0.14449361
-0.171470195,-0.156974629,-0.286445528,-0.243629381
-0.0237156469,-0.166954383,-0.0492887087,-0.272858739
0.101200424,-0.118850105,0.157790139,-0.200051874
0.16123341,-0.0283696037,0.263856292,-0.0570834167
0.153696716,0.0688262209,0.255464554,0.105789416
0.110920891,0.132746026,0.186184868,0.212512404
0.0772878081,0.137720168,0.13203162,0.227289602
0.0816537887,0.0851728991,0.137004748,0.145573825
0.120999061,0.00392686622,0.199819237,0.00956435222
0.163989022,-0.0627499297,0.267320573,-0.102346934
0.171366677,-0.0776266158,0.281511545,-0.134025782
0.120565385,-0.0278227814,0.202191994,-0.0552936196
0.0200082138,0.0680629462,0.0382030345,0.105122939
-0.0948938578,0.167862207,-0.149336576,0.2693322
-0.181065753,0.225428641,-0.27936691,0.359915018
-0.210556731,0.212809563,-0.327020407,0.34319818
-0.183302388,0.134450018,-0.295751333,0.227075562
-0.122792974,0.0264857784,-0.202459946,0.0547154583
-0.0581142157,-0.0588749386,-0.101466328,-0.0936966017
-0.00412236666,-0.0769222379,-0.0107331993,-0.130948573
0.0474164486,-0.0113213044,0.0744094998,-0.0258710813
0.119729571,0.117097087,0.191843569,0.184159875
0.230678007,0.257530212,0.352376372,0.390959054
0.372940958,0.349194139,0.519872963,0.48040396
0.508081257,0.345508605,0.648147225,0.434927642
0.580177665,0.232438877,0.731296122,0.287915379
0.543147206,0.0338741355,0.739791512,0.0444721915
0.387134224,-0.197402835,0.576349139,-0.289190114
0.148721203,-0.398815602,0.227707967,-0.590451181
-0.102061309,-0.519342184,-0.140974835,-0.713269174
-0.292274743,-0.535249531,-0.378943682,-0.682183564
-0.378517687,-0.455306411,-0.49745661,-0.587076187
-0.364119172,-0.314914078,-0.525090933,-0.444650441
-0.292006463,-0.162467197,-0.460768431,-0.250894606
-0.217512846,-0.0433411859,-0.359713614,-0.0696363747
-0.176542103,0.0131695392,-0.290813893,0.0254870765
-0.167104617,0.000373783754,-0.271506011,0.00640344154
-0.154640391,-0.0669227242,-0.255676597,-0.101833411
-0.097875692,-0.159852982,-0.16565837,-0.253335178
0.0201013926,-0.246265605,0.0218446162,-0.389485478
0.174375236,-0.301154256,0.256432295,-0.462930411
0.305889696,-0.313416064,0.437617779,-0.464232236
0.351583093,-0.286956489,0.503233492,-0.424629897
0.280958623,-0.236172125,0.427466005,-0.369023174
0.118327692,-0.177946523,0.196798131,-0.297842443
-0.0632021055,-0.123708151,-0.0993890241,-0.210187882
-0.174886733,-0.0751279742,-0.287848622,-0.122397512
-0.156397179,-0.0254531559,-0.265440047,-0.0369972102
-0.00765753444,0.0341949686,-0.0243469067,0.0606490225
0.209100097,0.106816083,0.326827973,0.170870483
0.399324089,0.184246346,0.581804276,0.26230827
0.48338747,0.247985706,0.658551574,0.32540527
0.436701953,0.276564956,0.610521793,0.372506261
0.301529229,0.256346285,0.463627785,0.377269268
0.163897499,0.190381005,0.274626255,0.304342479
0.107387766,0.100309715,0.181528762,0.168804109
0.167956159,0.0193663705,0.271238565,0.0343119688
0.313717812,-0.0210341997,0.482316643,-0.0359786488
0.460707337,-0.00511685712,0.658784866,-0.0160943307
0.516759396,0.0597294644,0.712215364,0.069527857
0.430739492,0.145710826,0.627805889,0.197497219
0.221291453,0.216729045,0.360150218,0.327923089
-0.0302634202,0.244195476,-0.0320303775,0.387549162
-0.219662502,0.21894528,-0.335588127,0.34879902
-0.271859527,0.153506622,-0.425423503,0.249998897
-0.178819403,0.073849678,-0.298878878,0.132396773
-0.00344066345,0.00514055323,-0.0154075492,0.0154975243
0.15257144,-0.0408806466,0.246263117,-0.0671766102
0.200627908,-0.0701832697,0.32885778,-0.120485991
0.110655129,-0.100182801,0.191539183,-0.169530287
-0.0729795024,-0.146494433,-0.111395374,-0.243638903
-0.253007889,-0.210230291,-0.389110863,-0.323266447
-0.327435434,-0.273337424,-0.489059001,-0.39343518
-0.240364581,-0.305348009,-0.375277042,-0.450584799
-0.0104863504,-0.278778762,-0.0358455703,-0.43818295
0.276363581,-0.185485214,0.408088386,-0.292516351
0.506402731,-0.0452097915,0.697858155,-0.0763585418
0.589457214,0.0989422053,0.760845661,0.112208582
0.498213589,0.196980268,0.684738517,0.254986554
0.277365088,0.213261977,0.440384686,0.318077981
0.0199442673,0.142604172,0.0502803549,0.235768974
-0.176280648,0.0135133639,-0.278897583,0.0301530547
-0.25096038,-0.123301387,-0.400883049,-0.184221745
-0.202724054,-0.216128483,-0.329023719,-0.331773967
-0.0821754634,-0.233702093,-0.144308895,-0.372092605
0.037572857,-0.177443877,0.0514802076,-0.295005709
0.0967869759,-0.0794026777,0.155032828,-0.138565063
0.0740348771,0.0126748141,0.126267225,0.0145667335
-0.0100987358,0.056121476,-0.00952840503,0.0913044885
-0.109398246,0.0308010522,-0.175213724,0.0549871288
-0.177813321,-0.0539059229,-0.288631201,-0.080019109
-0.190732419,-0.164721802,-0.308712542,-0.253501207
-0.151879892,-0.259334117,-0.24718909,-0.401024103
-0.0845887363,-0.303584397,-0.140838891,-0.471889615
-0.0144902077,-0.283797652,-0.0336590111,-0.449960053
0.045620054,-0.209823117,0.0663208142,-0.345463008
0.100364767,-0.108612426,0.158647209,-0.186076507
0.16415967,-0.0119627789,0.264619142,-0.0255377106
0.246861503,0.0560790785,0.393315077,0.0847779289
0.341856211,0.0871820599,0.523178041,0.129946455
0.424171865,0.0894621089,0.622181475,0.126029
0.460426033,0.0814277008,0.662152827,0.110011332
0.4256984,0.0821228474,0.62837249,0.110630669
0.318385184,0.101655021,0.499995947,0.145930529
0.164846152,0.135913819,0.277356952,0.212317437
0.0107423142,0.167580426,0.0274311155,0.272484064
-0.0972985476,0.173117965,-0.152379289,0.283396214
-0.131131768,0.133118942,-0.212658942,0.224548325
-0.0924708918,0.041958943,-0.155699447,0.0799314603
-0.0109044304,-0.0872628838,-0.0221502893,-0.13622427
0.0702983513,-0.224902824,0.107915394,-0.357720077
0.113700561,-0.333752573,0.16929391,-0.512322724
0.103355534,-0.381670922,0.150833279,-0.577385664
0.0496107116,-0.352989972,0.0716286153,-0.547698796
-0.0185162276,-0.254074067,-0.0343675427,-0.415200859
-0.0690246671,-0.110714406,-0.119022951,-0.190504164
-0.0827404782,0.0415074751,-0.142416492,0.0640160739
-0.0617023893,0.169713631,-0.102572754,0.275818944
-0.0265723392,0.253749341,-0.041238416,0.406703502
-0.00500859786,0.289751232,-0.00223594997,0.459806532
-0.0172068421,0.286529988,-0.0190581903,0.453866422
-0.0658493191,0.257541746,-0.0957038105,0.412888587
-0.13516067,0.213172466,-0.208737493,0.345979273
-0.199060082,0.157423183,-0.314201653,0.258333385
-0.233925581,0.0902202874,-0.372631431,0.15085268
-0.22943072,0.0130928513,-0.370568037,0.0295811221
-0.192181841,-0.0661369041,-0.314714074,-0.100028098
-0.14071615,-0.13344945,-0.233938232,-0.211231411
-0.094823584,-0.174337745,-0.160227925,-0.282779574
-0.0649278164,-0.182245702,-0.1097432,-0.297385216
-0.0470797867,-0.164606646,-0.0820023939,-0.272199959
-0.0261503793,-0.142063558,-0.0466510281,-0.235241637
0.0144097172,-0.139952421,0.0186321903,-0.23062557
0.0812418312,-0.175596312,0.126939818,-0.284842432
0.164062053,-0.247861996,0.252658784,-0.389076114
0.236836612,-0.334954202,0.346384227,-0.498636872
0.267153829,-0.402553529,0.372524738,-0.574743152
0.229901329,-0.419053793,0.322240561,-0.602683663
0.119257689,-0.370683581,0.176620215,-0.566298425
-0.0463713035,-0.268953562,-0.0727154091,-0.437307686
-0.22885485,-0.146502823,-0.361943543,-0.239465371
-0.382697314,-0.0432065278,-0.576367438,-0.0636735708
-0.470482469,0.0106960088,-0.673385441,0.0228701457
-0.475502193,0.00630494766,-0.677755833,0.0208227001
-0.406942189,-0.0426931307,-0.6096766,-0.0511581786
-0.295983613,-0.108996078,-0.467931122,-0.159772277
-0.184575588,-0.165465996,-0.302709669,-0.258799672
-0.111123554,-0.196290985,-0.185808823,-0.315989792
-0.0981125161,-0.200230137,-0.162879735,-0.324674159
-0.145665422,-0.185562238,-0.235994935,-0.299423605
-0.232783869,-0.161152929,-0.369456053,-0.25593695
-0.325408369,-0.129936859,-0.500509858,-0.197110593
-0.38831985,-0.0890411809,-0.583290637,-0.129293144
-0.396863401,-0.0360818543,-0.597401559,-0.0484338477
-0.344717652,0.0232370533,-0.536412418,0.0411666259
-0.245317444,0.0724065974,-0.39800632,0.122562736
-0.126632348,0.0897200927,-0.212055311,0.153757527
-0.0211879071,0.0603301898,-0.0364009961,0.106469214
0.0451878384,-0.011843767,0.0768452436,-0.0153518738
0.0619631521,-0.100088917,0.103814766,-0.163637385
0.0368430763,-0.162974522,0.0603622571,-0.27048406
-0.00790835358,-0.162256315,-0.0157185756,-0.270932168
-0.0442766733,-0.0823879018,-0.0780551508,-0.143904254
-0.0490421653,0.0585089251,-0.0854224488,0.0909374207
-0.0120862406,0.212861463,-0.0223201253,0.342752874
0.0605147853,0.32232371,0.0957070887,0.50095427
0.149423912,0.342727125,0.230801716,0.522811711
0.229447916,0.263560921,0.358618826,0.40838331
0.27828759,0.112592317,0.443358123,0.180868015
0.28336224,-0.0566088781,0.453330696,-0.0893030241
0.244623929,-0.18819207,0.384642214,-0.299236238
0.173103079,-0.247383937,0.27103284,-0.395605326
0.0864768773,-0.232999653,0.137485325,-0.381401956
0.00360288029,-0.174168691,0.00537535967,-0.292172551
-0.0603326298,-0.114135891,-0.102356136,-0.192163616
-0.0971570164,-0.0897796899,-0.162337705,-0.14602825
-0.107254207,-0.116499223,-0.178241327,-0.186000139
-0.0991642624,-0.184317723,-0.162820116,-0.293668628
-0.0869904906,-0.264936417,-0.141902268,-0.416302711
-0.0855400562,-0.324523658,-0.138013363,-0.500674307
-0.103960901,-0.335658759,-0.164831668,-0.517395258
-0.139940828,-0.284163862,-0.222916022,-0.446753174
-0.177473754,-0.17049937,-0.290172815,-0.277728945
-0.190761968,-0.00822429173,-0.316950232,-0.0172699299
-0.154548928,0.177906528,-0.253786802,0.283982992
-0.0577144101,0.353867114,-0.0895456448,0.542303503
0.085982576,0.480351925,0.122590438,0.677570581
0.236579373,0.521134794,0.316884518,0.688133776
0.339463681,0.455467314,0.455597669,0.603142858
0.347358406,0.290158063,0.511945903,0.420190185
0.244173437,0.0644384623,0.404378355,0.106377356
0.0591731071,-0.157866627,0.110570423,-0.25590539
-0.137629136,-0.308797866,-0.210663959,-0.477492452
-0.260232627,-0.342174709,-0.389113933,-0.503273427
-0.243107766,-0.253233671,-0.385750324,-0.388985723
-0.0736927912,-0.0815265849,-0.142068997,-0.138042882
0.19513151,0.106058635,0.298762739,0.168095067
0.461072057,0.245243654,0.633438647,0.331186026
0.612693667,0.302969307,0.729601085,0.348346978
0.577568054,0.29009667,0.713591099,0.345748365
0.356634259,0.25131768,0.533937693,0.357172936
0.0278814547,0.237407744,0.0686660782,0.373023182
-0.284189582,0.274878114,-0.411033958,0.410831451
-0.460916698,0.350171566,-0.60123986,0.464565963
-0.440367252,0.418066263,-0.56129986,0.5394997
-0.243348643,0.430498868,-0.343513727,0.612064481
0.0377479196,0.369838119,0.052734226,0.571499944
0.282181233,0.266780764,0.425481945,0.408590466
0.39581874,0.190323666,0.583884001,0.272316307
0.351874918,0.21238023,0.531151474,0.301521659
0.198479861,0.36458382,0.306170702,0.521713853
0.0303815231,0.611175358,0.051228039,0.764442563
-0.060423959,0.855362236,-0.0452835187,0.797068536
-0.0303187817,0.979783773,-0.0154811861,0.727652669
0.096436806,0.903194427,0.0854743272,0.762370169
0.243149593,0.625172734,0.292952359,0.747931361
0.322160661,0.23470059,0.491507441,0.367046356
0.280536562,-0.124465942,0.452636003,-0.186595276
0.126647964,-0.31695655,0.202023268,-0.497747332
-0.0753148869,-0.277611256,-0.12023019,-0.451492786
-0.239080921,-0.0416785181,-0.389814973,-0.0811426938
-0.300100684,0.27187559,-0.453261554,0.399932802
-0.24658972,0.516131222,-0.324982524,0.686170936
-0.122283868,0.583865464,-0.151552439,0.757736444
-0.00052827521,0.454219878,0.00746785942,0.665427864
0.0557511821,0.196452811,0.101884566,0.332807362
0.0267276801,-0.0693096444,0.0546602346,-0.105801933
-0.0559551232,-0.232996553,-0.0887974426,-0.375776112
-0.128806427,-0.245894969,-0.209447041,-0.394871891
-0.132945299,-0.13738507,-0.226569042,-0.229575902
-0.047643289,0.0089325523,-0.0896615982,0.0122771608
0.0967901573,0.104547009,0.154346526,0.172850668
0.233280063,0.103295781,0.374725163,0.168258965
0.291603476,0.0218107067,0.464625508,0.0348701403
0.233729005,-0.0758850798,0.383406579,-0.125029847
0.0728950277,-0.118883923,0.129179001,-0.204413384
-0.132653937,-0.0712397248,-0.214339882,-0.125803426
-0.307205051,0.0480834134,-0.480949938,0.0716703087
-0.391924202,0.177153915,-0.576841235,0.264102191
-0.369094968,0.246717677,-0.537375033,0.367091209
-0.265578717,0.218480632,-0.408545792,0.348454088
-0.135934412,0.104381584,-0.223497212,0.184742898
-0.0355058573,-0.0431567654,-0.059442807,-0.062834084
0.00257055392,-0.163087592,0.00416745478,-0.266109437
-0.0236633066,-0.220332563,-0.0394873247,-0.359607041
-0.0916199759,-0.222737953,-0.148734108,-0.362074137
-0.169870943,-0.210871533,-0.27118206,-0.335019529
-0.233018011,-0.227410257,-0.365573943,-0.349330753
-0.268439978,-0.285098344,-0.409095645,-0.421241045
-0.273936033,-0.353334844,-0.403599858,-0.505996048
-0.251089156,-0.372689664,-0.372481257,-0.536360741
-0.200951964,-0.290171027,-0.317591578,-0.44657433
-0.125671521,-0.0953381732,-0.218561277,-0.163172498
-0.0342448391,0.164206341,-0.0647538826,0.260450065
0.0534286574,0.398655266,0.0810189545,0.59160316
0.109778948,0.516641557,0.158938169,0.707233787
0.111046448,0.470037192,0.168506801,0.667273581
0.0518256836,0.279205084,0.0972311124,0.449696332
-0.0461607091,0.0249025375,-0.0645126775,0.0536739416
-0.138276473,-0.189415827,-0.219713539,-0.297285408
-0.17486158,-0.285526633,-0.27908811,-0.440278828
-0.125467658,-0.244050771,-0.211510494,-0.389882952
0.00273293513,-0.107237831,-0.00902124215,-0.183566079
0.163015649,0.0488549098,0.258543521,0.0732551292
0.286665767,0.156372115,0.447104603,0.239323065
0.313055217,0.188624248,0.485124469,0.282464564
0.218219489,0.166868135,0.359249681,0.260073662
-0.0649198219,-0.0185485203,-0.0824911222,-0.0258169547
0.0679709986,-0.00395322964,0.0892191008,-0.00557972165
0.178307921,-0.0611789003,0.290148467,-0.0982510298
0.243264273,-0.155487835,0.383379042,-0.24509187
0.238662347,-0.233185783,0.36981985,-0.36412999
0.150665581,-0.246302709,0.238855541,-0.39596796
-0.0102838809,-0.174695179,-0.0139804082,-0.295733243
-0.203357354,-0.035642013,-0.329996556,-0.0673416406
-0.366333753,0.123410448,-0.549193859,0.185255453
-0.438756227,0.24566184,-0.612076461,0.348933071
-0.389368683,0.289810568,-0.550563633,0.418639809
-0.233747393,0.247522756,-0.362772405,0.39337191
-0.0315661877,0.145499885,-0.0578064993,0.252519816
0.137219474,0.0313558206,0.225360081,0.0573664457
0.206965744,-0.0497903526,0.338729382,-0.0838572234
0.155276984,-0.0766177326,0.259173483,-0.132568479
0.0121527482,-0.0603904054,0.0258194488,-0.107492879
-0.155077621,-0.0368967578,-0.250283778,-0.0632476434
-0.27341187,-0.0455331914,-0.432219923,-0.0668580309
-0.296772063,-0.106031887,-0.467869371,-0.155487746
-0.224012733,-0.204752505,-0.358993769,-0.309827685
-0.0947912782,-0.297961146,-0.160512209,-0.456752837
0.0328693986,-0.331208795,0.0397443287,-0.513138592
0.110803805,-0.265855968,0.166555092,-0.426311553
0.12053936,-0.0999942273,0.194533572,-0.178752959
0.0763059556,0.126557723,0.127589598,0.194469303
0.012271001,0.345989436,0.0261281431,0.525293231
-0.0370854139,0.488860518,-0.0428293273,0.689505935
-0.0523593426,0.51107955,-0.0625243038,0.711926937
-0.0333563909,0.409472406,-0.0415636189,0.615863502
0.00768343173,0.219675422,0.0201679133,0.368592948
0.0573218837,-0.00137668045,0.0990001559,0.0091987988
0.108736672,-0.199125156,0.174243301,-0.317163825
0.161803514,-0.339976907,0.239931434,-0.516380906
0.217014894,-0.417250097,0.302024931,-0.599584043
0.269062012,-0.444049954,0.360857725,-0.616825402
0.305867225,-0.43927896,0.406943619,-0.604188502
0.314699918,-0.415636271,0.426312476,-0.577726603
0.291585892,-0.375986964,0.409451693,-0.542131126
0.247197002,-0.318622768,0.364230096,-0.483074129
0.203939348,-0.246260718,0.314121753,-0.392193675
0.184301153,-0.171469241,0.291862637,-0.282419175
0.196442351,-0.113774568,0.313304931,-0.189376369
0.225731894,-0.0893712491,0.360750556,-0.147781581
0.238488153,-0.0996575132,0.380319566,-0.162658215
0.197645426,-0.126417667,0.320016563,-0.207520574
0.0830838084,-0.138187751,0.140601486,-0.234661475
-0.0940025449,-0.105871975,-0.148242787,-0.180771932
-0.290925235,-0.0197302848,-0.456190228,-0.0336730555
-0.44868058,0.101957843,-0.644941628,0.149262741
-0.515723467,0.218534246,-0.685491383,0.297407806
-0.469080716,0.2853809,-0.630532086,0.393642426
-0.322935551,0.27631852,-0.478012085,0.416192025
-0.121261135,0.198286504,-0.2014938,0.331955343
0.0809834003,0.089972049,0.130728573,0.158776283
0.238422379,0.00417715311,0.382114947,0.00696857041
0.328121275,-0.017638037,0.509517789,-0.0354243629
0.350307465,0.0342811719,0.53823489,0.0402477346
0.319306076,0.133351386,0.495387197,0.193358645
0.251677483,0.230363995,0.395330638,0.348034918
0.158673853,0.278561413,0.256663978,0.429574519
0.0461797863,0.257049233,0.0849378407,0.411501229
-0.0799725428,0.180334628,-0.120533541,0.298727483
-0.20868139,0.0891160145,-0.328481555,0.150339141
-0.323007911,0.0274366885,-0.500660777,0.0476038493
-0.405328989,0.0186016392,-0.60387361,0.0335568003
-0.444871873,0.0529067144,-0.647559643,0.0810046718
-0.442388088,0.0938459262,-0.639760494,0.142967761
-0.408496499,0.0994511545,-0.602584362,0.15621464
-0.356501013,0.0471555814,-0.544705987,0.0830614045
-0.294402122,-0.0514804684,-0.464625806,-0.0684958547
-0.221666366,-0.154549271,-0.359047472,-0.23623462
-0.13333334,-0.210613966,-0.221242785,-0.33447516
-0.0289899781,-0.185957953,-0.0585745201,-0.304564178
0.0797011927,-0.0840708911,0.122314639,-0.145397455
0.169150054,0.0529695898,0.273599386,0.0785295963
0.213517025,0.162327141,0.344037354,0.252460301
0.199515209,0.188806012,0.323367208,0.297933072
0.137657627,0.10997317,0.235833064,0.183381736
0.0619801544,-0.0539364628,0.111898437,-0.0832049847
0.0161286406,-0.249445736,0.027339315,-0.392674983
0.0316816606,-0.413182825,0.0392669998,-0.6098575
0.11005161,-0.497436315,0.1388212,-0.691825926
0.218696266,-0.486125171,0.284231693,-0.666591823
0.305408061,-0.395150989,0.416529268,-0.560567081
0.32458961,-0.259307683,0.475645423,-0.396370023
0.262116909,-0.11415606,0.415530622,-0.193972841
0.145035878,0.0175125375,0.24516201,0.0169374309
0.0296729449,0.128918901,0.0541433543,0.206622913
-0.0268205479,0.22295925,-0.0413007475,0.359479934
0.00294098421,0.302158535,0.00474249898,0.475796461
0.100308098,0.361958414,0.15216133,0.549732566
0.208218172,0.391338944,0.307050645,0.569491327
0.259815514,0.379693836,0.381747156,0.542365015
0.213705629,0.324950755,0.334593028,0.485339373
0.0772934109,0.237419844,0.138013199,0.380230188
-0.0946957022,0.136831239,-0.141944334,0.228199974
-0.226641566,0.0444396436,-0.360506594,0.0780850723
-0.260290354,-0.0249050371,-0.418389618,-0.0333279595
-0.185108066,-0.0660549179,-0.31060499,-0.101393498
-0.0446534678,-0.0808159262,-0.084909156,-0.129653782
0.0848762468,-0.0718605816,0.133853301,-0.120199479
0.133319676,-0.0382845514,0.22159861,-0.0688199475
0.0727376565,0.0233424101,0.127061099,0.0313510373
-0.0675254762,0.112520561,-0.102574252,0.178586349
-0.214812443,0.217332736,-0.330161899,0.341720313
-0.28923443,0.31206888,-0.423622102,0.463506252
-0.243694842,0.363887906,-0.35617882,0.539492905
-0.0877757818,0.347167253,-0.135298371,0.540546834
0.116303258,0.258808196,0.182859629,0.41820544
0.283347309,0.125615254,0.446172416,0.202278748
0.345520735,-0.00229668478,0.537005603,-0.00604595896
0.283549517,-0.0712970644,0.45356366,-0.120762497
0.134088382,-0.0490889996,0.22742866,-0.0925643668
-0.0293181166,0.057401374,-0.0440280139,0.0847470611
-0.131423265,0.200974494,-0.209542155,0.319493055
-0.129196122,0.312274516,-0.20029062,0.485761434
-0.0287465118,0.329978466,-0.0443894602,0.517876148
0.121324502,0.229431152,0.195113778,0.37606737
0.255128145,0.0359863266,0.41022408,0.0665052459
0.319987237,-0.183995172,0.489501387,-0.278123319
0.297784269,-0.351117492,0.427597016,-0.510160387
0.208474502,-0.407404184,0.298854113,-0.595583856
0.0963159204,-0.341441661,0.14387095,-0.532769561
0.00726878364,-0.192610458,0.00669930503,-0.325352937
-0.0310283825,-0.0325136222,-0.056194827,-0.0604028292
-0.018070573,0.0677156374,-0.0330447741,0.114046648
0.0241428763,0.0691452026,0.0408929847,0.121264555
0.0649198219,-0.0185485203,0.109591536,-0.0245694425
0.0801162124,-0.143022522,0.133303687,-0.231074184
0.0617136136,-0.23424305,0.0986858159,-0.378097117
0.0184451453,-0.236718684,0.0268983971,-0.385290384
-0.0311936419,-0.134428069,-0.0574864633,-0.230081573
-0.0690438673,0.0422459878,-0.118219785,0.0605236515
-0.0854268894,0.229845107,-0.137237206,0.364279419
-0.0820320323,0.358773261,-0.120047309,0.547317028
-0.0690837428,0.381742835,-0.0970149189,0.580812454
-0.0588166118,0.291778952,-0.0847015083,0.467675984
-0.0585294329,0.123060629,-0.0898509622,0.215206206
-0.0663034096,-0.0644972995,-0.107994735,-0.0980293825
-0.0712102205,-0.209449634,-0.118215434,-0.33359462
-0.0580608509,-0.271469206,-0.099090308,-0.432314277
-0.0149863651,-0.243719652,-0.0318482928,-0.394608766
0.0591333918,-0.151201963,0.0884052441,-0.255636007
0.150733933,-0.0372539572,0.240149289,-0.0671525672
0.233575836,0.0552023277,0.373638988,0.084200874
0.277033627,0.0997404903,0.439111769,0.152265638
0.258226484,0.093839407,0.415587455,0.145954654
0.173259482,0.0557024889,0.291951656,0.0881469771
0.0422849581,0.0129893227,0.0792592168,0.0197510403
-0.0950177461,-0.011019988,-0.151307553,-0.0180402268
-0.19302702,-0.00775532797,-0.314626992,-0.0101269847
-0.217964053,0.0139388936,-0.357248724,0.0255230758
-0.162384629,0.0333211832,-0.271330804,0.0606990196
-0.0495747514,0.0285035465,-0.0878806785,0.0531422459
0.0748646632,-0.0126992697,0.122780263,-0.0169718191
0.161178187,-0.086776793,0.263215035,-0.141237199
0.175595105,-0.175947189,0.283477277,-0.28345564
0.113511935,-0.256045818,0.183399171,-0.407970577
-8.30815334e-05,-0.306920171,0.00200539478,-0.485766202
-0.122739561,-0.320310116,-0.190446436,-0.495387644
-0.213140234,-0.301604897,-0.328353226,-0.458288729
-0.247307107,-0.265072852,-0.384754092,-0.402012378
-0.225301057,-0.225533828,-0.358861804,-0.348722756
-0.166525796,-0.191212788,-0.275490165,-0.302225053
-0.0975866392,-0.161684558,-0.167569175,-0.262288481
-0.0399479605,-0.131779641,-0.0708114728,-0.218091741
-0.00370767387,-0.0987094715,-0.00968524348,-0.166422173
0.010581119,-0.0675512329,0.0168775842,-0.114124648
0.00522954669,-0.0509565026,0.00889857206,-0.0859769359
-0.0201952662,-0.0623102076,-0.0316236764,-0.102893673
-0.0687444285,-0.105787754,-0.112051003,-0.172081336
-0.140014425,-0.169377014,-0.225362957,-0.2712363
-0.222696811,-0.226168305,-0.349356115,-0.350474328
-0.292269468,-0.245087951,-0.445298463,-0.367670983
-0.317924738,-0.206759244,-0.48760426,-0.309201002
-0.277170271,-0.11635869,-0.444833815,-0.182008728
-0.170931637,-0.00563825481,-0.289937109,-0.00793187506
-0.0300085675,0.0789105594,-0.0567710325,0.13351129
0.0929079205,0.0975931585,0.152864173,0.163805455
0.144113034,0.0387295596,0.241622195,0.0656132475
0.0936515778,-0.0716290474,0.164019167,-0.118962683
-0.048340857,-0.177979127,-0.0727152973,-0.292394161
-0.232890785,-0.219497934,-0.360391885,-0.345044672
-0.39183116,-0.159509286,-0.581023216,-0.236895338
-0.467230618,-0.00605414249,-0.675148547,-0.00896753743
-0.436601847,0.187391877,-0.627329469,0.269509375
-0.321577936,0.342952043,-0.462430775,0.494448632
-0.17589432,0.392439008,-0.256644994,0.583821237
-0.0589514486,0.308964133,-0.0861789733,0.492951423
-0.00846141856,0.121038489,-0.00616393704,0.212781414
-0.0258336887,-0.0979833156,-0.0366688855,-0.154274121
-0.0809450224,-0.260724485,-0.129829034,-0.41226545
-0.132553726,-0.302898586,-0.21215573,-0.472275555
-0.152478397,-0.209827676,-0.252287537,-0.339846581
-0.140148863,-0.0206492729,-0.241005942,-0.0421536081
-0.119983755,0.190862313,-0.196960047,0.30252403
-0.123928897,0.349103153,-0.183057979,0.531367302
-0.16986388,0.407554507,-0.236548334,0.597078085
-0.248775765,0.364179641,-0.350526571,0.538915575
-0.328406185,0.255921751,-0.475598365,0.388051569
-0.37145108,0.137120277,-0.552829385,0.215596572
-0.357792377,0.0536810979,-0.547156811,0.0901380703
-0.297588527,0.0254621245,-0.471982926,0.047620099
-0.226952881,0.0438019782,-0.370015621,0.0751090571
-0.187765449,0.0827756599,-0.307079077,0.138511628
-0.20243746,0.116133384,-0.322045177,0.189621881
-0.25792098,0.130214587,-0.402002186,0.209930554
-0.308809787,0.126781613,-0.475112885,0.203809738
-0.299248904,0.116169937,-0.466890663,0.189856619
-0.19298546,0.106592841,-0.317681134,0.18104133
0.00407939171,0.0969421491,-0.0014266962,0.167125195
0.241211623,0.0774996504,0.378819227,0.127395377
0.442488939,0.0376672037,0.643583834,0.0512446463
0.539791346,-0.0245973542,0.734926939,-0.0406464301
0.503210783,-0.0979350656,0.701045275,-0.143881455
0.354105264,-0.160762176,0.538679719,-0.249280632
0.154641077,-0.191033542,0.254357696,-0.314950466
-0.0207389984,-0.177231193,-0.032178387,-0.296815515
-0.117871031,-0.1244945,-0.198265225,-0.206782445
-0.124018207,-0.0526049808,-0.212577552,-0.0871910453
-0.0684647709,0.0128902635,-0.118961051,0.0222301856
-0.0038558573,0.0514880195,-0.00843850244,0.0876053274
0.0212512724,0.0548653044,0.0379271545,0.093317315
-0.0152220977,0.0272424724,-0.0207457934,0.0460916944
-0.101692498,-0.020089481,-0.161780208,-0.0316177532
-0.202694088,-0.0760319754,-0.325323761,-0.119590461
-0.278888464,-0.13427262,-0.43747589,-0.203955829
-0.306269258,-0.193069711,-0.472936988,-0.289090335
-0.28520155,-0.251502603,-0.437149376,-0.372832566
-0.236153379,-0.305734009,-0.363577515,-0.454389781
-0.186099768,-0.348529905,-0.285760343,-0.517420173
-0.15384917,-0.372695684,-0.237384588,-0.553462386
-0.142058134,-0.375998944,-0.218963534,-0.560940981
-0.139233351,-0.363708049,-0.215911627,-0.54670471
-0.129347086,-0.346176177,-0.204135343,-0.526116669
-0.102925055,-0.332233042,-0.166099131,-0.509333909
-0.0633712336,-0.322373092,-0.106457569,-0.499460518
-0.0254982021,-0.306603551,-0.0463449396,-0.480823487
-0.00766064925,-0.269455791,-0.0188357141,-0.432972461
-0.0220672432,-0.2002334,-0.0405330658,-0.330731034
-0.068272382,-0.102723412,-0.115429722,-0.176157013
-0.132677197,0.00209689559,-0.218363419,-0.000831187819
-0.193608359,0.0835001245,-0.311573356,0.136166185
-0.2290508,0.115956888,-0.36451453,0.190708265
-0.22352685,0.0939693302,-0.358542144,0.15929307
-0.171844661,0.0381089188,-0.284315616,0.0709327832
-0.0794087425,-0.0124662248,-0.137861758,-0.0143572837
0.0397739783,-0.0185547601,0.0601274334,-0.0301833078
0.166021749,0.0384933166,0.26724112,0.0584139042
0.277193964,0.145210311,0.432848185,0.219529241
0.352378309,0.260556281,0.517387211,0.372523338
0.3763448,0.335364729,0.531392753,0.459598958
0.344272137,0.337228864,0.496050596,0.473161578
0.265125871,0.267794579,0.41204837,0.403743178
0.161552563,0.162814125,0.271689296,0.263378412
0.0649198219,0.0741940811,0.114562184,0.122845963
0.00608772272,0.043012362,0.0109996423,0.0717031434
0.00475317193,0.0777382031,0.0041023083,0.125369787
0.0615398213,0.149559796,0.0983337313,0.243666604
0.156530336,0.207774699,0.250461817,0.330214292
0.255633652,0.207318097,0.399031788,0.32210353
0.322954983,0.133636668,0.501457691,0.205755636
0.334608525,0.0112023167,0.524470627,0.01556064
0.288445711,-0.109334379,0.455843717,-0.175100654
0.205479756,-0.178610608,0.329498291,-0.289427847
0.121922255,-0.175555736,0.196654648,-0.29277572
0.0744908676,-0.118678138,0.11987365,-0.202973351
0.0845262781,-0.0547600202,0.135988459,-0.0959180593
0.147311121,-0.0306522213,0.237984613,-0.0507428572
0.23138994,-0.0637419447,0.369692594,-0.1020272
0.289104462,-0.128217727,0.449957579,-0.202080145
0.275188357,-0.166237518,0.430059552,-0.266629547
0.166694656,-0.11954011,0.274196386,-0.206445232
-0.0237802267,0.0348063633,-0.0328513719,0.041558519
-0.247862384,0.2643179,-0.370455474,0.393648833
-0.435905933,0.489270329,-0.523962855,0.599068761
-0.522104323,0.617245972,-0.514635503,0.62777251
-0.471097678,0.587873816,-0.501118958,0.639419079
-0.295161366,0.405186266,-0.40924111,0.576835632
-0.0536996871,0.140239924,-0.0917588472,0.253913671
0.166650891,-0.0988353714,0.267084807,-0.148543999
0.284856468,-0.215704456,0.433130175,-0.337290794
0.258546412,-0.170029983,0.404987633,-0.280806005
0.103290729,0.00465612207,0.175858021,-0.0120188389
-0.111098364,0.218143642,-0.169445053,0.337975681
-0.287078798,0.367120713,-0.402651161,0.529656529
-0.338544011,0.383481443,-0.463109821,0.543096721
-0.226392642,0.263771951,-0.347736895,0.42097193
0.0248335768,0.0661640465,0.0326383859,0.128481612
0.336692661,-0.122039206,0.502702177,-0.180689797
0.608893692,-0.228746772,0.738928258,-0.290609419
0.759674311,-0.230488762,0.773923159,-0.250620723
0.756894886,-0.158777922,0.790086627,-0.178311735
0.62668699,-0.0779845044,0.777738273,-0.108103625
0.436953068,-0.0480577201,0.644042909,-0.0808849111
0.264505923,-0.0925689265,0.426803201,-0.152057126
0.161677435,-0.188594744,0.261300266,-0.300883144
0.13755019,-0.282428503,0.209689975,-0.440789968
0.161142915,-0.321022481,0.238843068,-0.494992942
0.182977408,-0.281058043,0.275560886,-0.442553341
0.162945658,-0.179741114,0.258136362,-0.299930811
0.0903454646,-0.0622877777,0.151717946,-0.114155754
-0.0129902819,0.0256421138,-0.0166775845,0.0381061733
-0.106363751,0.0640311837,-0.170423493,0.107373379
-0.152189776,0.0678517148,-0.249723524,0.117357172
-0.134419128,0.0743942708,-0.223152056,0.126983657
-0.0645401776,0.116274439,-0.110904202,0.194267541
0.0264247879,0.196412474,0.0403666198,0.317757398
0.104132742,0.280565202,0.164788306,0.438895762
0.146003142,0.313225061,0.231544375,0.481447518
0.147677258,0.249247268,0.240972027,0.397331476
0.119071603,0.083946012,0.204359844,0.145416155
0.074271068,-0.135846555,0.128882468,-0.216774777
0.0223959368,-0.327692986,0.0345403515,-0.506831527
-0.0350637846,-0.409960568,-0.0581028014,-0.612939954
-0.099775061,-0.340783507,-0.158571556,-0.528990567
-0.16912289,-0.139454767,-0.279585361,-0.237018675
-0.231843278,0.121319436,-0.373506129,0.184529737
-0.270589381,0.348934412,-0.393416017,0.508546114
-0.270544767,0.473373383,-0.358411938,0.644913077
-0.228923202,0.477148473,-0.306122124,0.658856809
-0.159130111,0.397796363,-0.228242338,0.592916965
-0.0862501487,0.302548766,-0.130090177,0.481489569
-0.035670843,0.249503255,-0.0529816672,0.403130829
-0.0209266786,0.256613046,-0.0285856873,0.409534037
-0.037605539,0.2952829,-0.0525453798,0.463642508
-0.0668464229,0.311677366,-0.096477069,0.487417102
-0.0864783749,0.263377041,-0.131490409,0.423894376
-0.0834469423,0.15019916,-0.133231536,0.255951673
-0.0604822524,0.020785803,-0.0988357216,0.041999612
-0.0334147103,-0.0503146835,-0.0577741675,-0.0809521377
-0.0210882928,-0.00382573297,-0.0380802155,-0.0138067538
-0.0341342278,0.167014346,-0.0573046841,0.263757408
-0.0693570077,0.404512495,-0.099066101,0.594719768
-0.112866692,0.608646333,-0.132402733,0.766923368
-0.149590418,0.683993101,-0.161144838,0.792220473
-0.17281419,0.588258386,-0.206898987,0.748555958
-0.187446222,0.356981367,-0.266926914,0.543926418
-0.204794094,0.0901549906,-0.322584122,0.162555844
-0.232295081,-0.0943412036,-0.371738642,-0.142012298
-0.265252918,-0.118217506,-0.423894286,-0.18919903
-0.286777377,0.0175818149,-0.45995146,0.0212058146
-0.277077496,0.231659412,-0.425968885,0.349548161
-0.226997256,0.401019484,-0.325555563,0.580352604
-0.147158921,0.421404123,-0.208774939,0.62007606
-0.0658135191,0.259344637,-0.0979008451,0.426635742
-0.0149077149,-0.0300734993,-0.0181141384,-0.0326512903
-0.011393412,-0.328752279,-0.0173926186,-0.499975353
-0.0448461436,-0.511778653,-0.0695439726,-0.710958719
-0.0801351592,-0.506281197,-0.12160527,-0.704896629
-0.0759117529,-0.323776275,-0.129175872,-0.510770738
-0.0102305729,-0.0504534841,-0.0303828772,-0.0954045504
0.100853644,0.19870387,0.157005087,0.313188404
0.203736976,0.33779195,0.309949011,0.506097853
0.229500949,0.349947751,0.348435104,0.517081261
0.128810197,0.289204717,0.215574071,0.449381113
-0.0976745486,0.244142875,-0.136708036,0.38678214
-0.389974773,0.283274978,-0.538951993,0.401736766
-0.647715867,0.411700696,-0.683674872,0.443110496
-0.770550132,0.562706709,-0.600236356,0.448837906
-0.702077091,0.629707992,-0.553266764,0.503786862
-0.456594139,0.522680461,-0.525045037,0.610817611
-0.115585357,0.220043451,-0.188061357,0.378468186
0.204970405,-0.211303517,0.317274541,-0.301746815
0.401682049,-0.639240801,0.430695921,-0.695476055
0.423993856,-0.922584713,0.284663141,-0.64952749
0.290237308,-0.973072767,0.193578869,-0.663737714
0.0740512609,-0.793125927,0.0729910657,-0.801736891
-0.130480528,-0.471490592,-0.187656671,-0.677887499
-0.247793913,-0.139854416,-0.401140094,-0.237302199
-0.24675402,0.087390095,-0.401317865,0.139873743
-0.144405112,0.160526216,-0.238430008,0.270873457
0.010253923,0.106928982,0.0132407276,0.187686026
0.161680549,0.00490967464,0.263475299,0.0136300549
0.26955542,-0.0649538413,0.425747007,-0.106044225
0.318578124,-0.0642480925,0.493942827,-0.10984353
0.315575778,-0.0137111442,0.49343732,-0.0322579145
0.2793625,0.024872819,0.445572227,0.0329840444
0.23048307,-0.00959926937,0.378221393,-0.017740164
0.185278922,-0.136209488,0.304442853,-0.216822222
0.154298276,-0.314526677,0.2380853,-0.478533685
0.142217755,-0.461269468,0.194379836,-0.655348122
0.146854773,-0.492802292,0.193031475,-0.685293198
0.157662421,-0.370970428,0.225061029,-0.563005567
0.15664795,-0.127569094,0.246644169,-0.224069238
0.124471851,0.146366477,0.202206507,0.222844899
0.0511406884,0.342009544,0.0905363634,0.520615935
-0.0537004918,0.384434819,-0.0671599209,0.582316875
-0.158012733,0.268561393,-0.232817978,0.430806041
-0.216863006,0.061207667,-0.343734235,0.115209661
-0.192446336,-0.131789908,-0.314265549,-0.199707046
-0.0758378133,-0.216950372,-0.135908604,-0.347672164
0.101512372,-0.157573253,0.150369138,-0.263214648
0.275097013,0.0103234053,0.426114142,0.00462750951
0.372929275,0.197547823,0.552895725,0.276830524
0.348588228,0.306163937,0.509884298,0.429376006
0.205397218,0.276462525,0.331946492,0.422881335
-0.00170290004,0.113869801,0.0150961652,0.196106449
-0.189435765,-0.115957722,-0.29598695,-0.175014853
-0.284414053,-0.319577485,-0.423002332,-0.459790617
-0.25760445,-0.418516129,-0.376615256,-0.583318591
-0.13739486,-0.381470203,-0.219279543,-0.567457676
0.00579961389,-0.231946617,-0.00685013691,-0.379590601
0.0957047343,-0.0304981731,0.151754498,-0.0629147068
0.0883998498,0.156916723,0.149001509,0.246007681
-0.0073441756,0.287498325,-0.00159460073,0.449833065
-0.137975499,0.353793502,-0.197510749,0.53693074
-0.236439839,0.376207918,-0.334443122,0.550265729
-0.259291589,0.383101046,-0.368054569,0.555273473
-0.209069103,0.391250163,-0.302377552,0.572860301
-0.12973319,0.397527546,-0.189796641,0.592702746
-0.078174144,0.384990185,-0.111104958,0.582019031
-0.0883795694,0.337942213,-0.126000404,0.524169803
-0.149159312,0.255770952,-0.225007832,0.408517301
-0.208800897,0.156841919,-0.328058392,0.257687211
-0.204768971,0.0701780841,-0.333007097,0.12184263
-0.102079198,0.020063512,-0.177637219,0.039562203
0.081521675,0.0127935084,0.125004038,0.0237083007
0.278683901,0.0333614051,0.43551892,0.0493540317
0.403576404,0.0539750978,0.601871848,0.0726011246
0.395082921,0.0494789183,0.597562075,0.0655908436
0.249077439,0.0109407073,0.411177814,0.0104316082
0.0222750213,-0.050082121,0.0516506061,-0.0876961052
-0.194716185,-0.108641289,-0.308497995,-0.174931437
-0.321039438,-0.140494704,-0.497436851,-0.211749256
-0.323053509,-0.135109469,-0.504395127,-0.201131269
-0.22643213,-0.100439705,-0.372580647,-0.155153543
-0.0977164581,-0.057278771,-0.171330839,-0.0933981314
-0.00660580117,-0.026948493,-0.0150421234,-0.044390969
0.00988998916,-0.019669259,0.0196506251,-0.0341790579
-0.0376233459,-0.0302132294,-0.0580080263,-0.0507068783
-0.103486568,-0.0429617763,-0.170823082,-0.0702921674
-0.13795495,-0.0429593064,-0.229430884,-0.0698591173
-0.117581613,-0.0261786245,-0.199455753,-0.0417985506
-0.0573097728,-0.00285637705,-0.0995460451,-0.0037311567
0.00199009315,0.00806642976,0.00154533086,0.0136987939
0.0220384263,-0.00984937977,0.038694527,-0.0142194917
-0.00622591283,-0.0601666346,-0.00683952821,-0.098173663
-0.054536365,-0.129952729,-0.0886907279,-0.211846173
-0.0731172636,-0.194916055,-0.12130636,-0.313904643
-0.0213605147,-0.230342194,-0.0453072563,-0.370013148
0.104916029,-0.221753433,0.156572491,-0.357190847
0.266373158,-0.169664949,0.404303282,-0.27122122
0.398481965,-0.0864615887,0.58804971,-0.139120072
0.445723563,0.0119455606,0.648023665,0.00369427237
0.392546743,0.114145987,0.58993572,0.156244844
0.27332136,0.21594578,0.428177178,0.319556326
0.155139104,0.31637004,0.246881932,0.478570461
0.102609552,0.41001308,0.158262983,0.602021337
0.144027472,0.481432557,0.203269944,0.671835065
0.257549316,0.506440699,0.343203723,0.669928193
0.384697527,0.461197674,0.498045206,0.590978384
0.463076025,0.335169524,0.616194665,0.439681709
0.459475547,0.141069978,0.659106553,0.199793413
0.384707093,-0.0843324959,0.586042404,-0.125924528
0.282401115,-0.290430456,0.425968647,-0.434180677
0.19931151,-0.430360228,0.280282646,-0.615461528
0.155465961,-0.478365928,0.207888648,-0.671688557
0.132481962,-0.43913728,0.183135301,-0.639325619
0.0874660686,-0.344944894,0.127838224,-0.537299335
-0.0155684296,-0.242020935,-0.02621869,-0.398184419
-0.17583333,-0.172411203,-0.279294699,-0.280253917
-0.346452743,-0.159146562,-0.521031022,-0.236600369
-0.453330249,-0.200451866,-0.638293505,-0.271774888
-0.433455765,-0.274152368,-0.605352581,-0.366892993
-0.271936864,-0.348890215,-0.409914702,-0.496590912
-0.0165160932,-0.396420151,-0.0449581668,-0.587166309
0.240078032,-0.399953991,0.327632725,-0.576313674
0.402150631,-0.356436282,0.536714494,-0.492978394
0.416018963,-0.273892581,0.579584241,-0.394680172
0.294453174,-0.166826785,0.458483756,-0.271335185
0.107854486,-0.0523550846,0.187111557,-0.0985573158
-0.0527850837,0.0520063825,-0.0842868909,0.0808611587
-0.121120676,0.129789889,-0.197508574,0.214850709
-0.0849429742,0.167714849,-0.141118005,0.278940439
0.0148260575,0.158987194,0.0223779045,0.267595917
0.11327596,0.106514014,0.186840251,0.179199338
0.161052793,0.023709178,0.268499017,0.0397377089
0.15146105,-0.0688734427,0.253428638,-0.113611229
0.120148376,-0.150717273,0.19879128,-0.249654442
0.118619047,-0.209456027,0.187290743,-0.338540077
0.178075746,-0.245762914,0.271892846,-0.387106895
0.285674959,-0.271857738,0.418704391,-0.410875648
0.388029009,-0.303538114,0.539014637,-0.43162334
0.420850396,-0.349267751,0.562713921,-0.477135032
0.348116517,-0.402021408,0.474472791,-0.553783119
0.187941253,-0.438875258,0.269598067,-0.630077064
0.00913560856,-0.429796755,0.0123742763,-0.637384474
-0.101437919,-0.352338403,-0.16054742,-0.541620374
-0.0841142908,-0.205399141,-0.147407219,-0.33708176
0.0599693954,-0.0148573127,0.0845673457,-0.0303095132
0.26558286,0.172832236,0.404946953,0.26313886
0.433223933,0.307435095,0.595635176,0.414909184
0.477275312,0.355289757,0.624624908,0.45103851
0.367941141,0.314119846,0.53193748,0.437969416
0.145635977,0.21515286,0.25182575,0.340399355
-0.0991280898,0.11081519,-0.147020683,0.185951665
-0.269591093,0.0527616143,-0.423618376,0.088025853
-0.307899714,0.069565706,-0.486766875,0.113065481
-0.219413087,0.153883129,-0.357055992,0.248204693
-0.0655811429,0.264983237,-0.110987328,0.422541052
0.0688988417,0.345907897,0.107416339,0.531816721
0.116670698,0.348086625,0.184917778,0.531233191
0.055897627,0.252866238,0.102885336,0.408982486
-0.0858827233,0.0806119889,-0.127574086,0.141783416
-0.250703752,-0.11668849,-0.388813257,-0.17490153
-0.379327774,-0.276311755,-0.546580553,-0.386437565
-0.434932441,-0.35034591,-0.587048113,-0.459951073
-0.411237121,-0.325019836,-0.57266438,-0.440789491
-0.325102389,-0.225558341,-0.497382134,-0.335874557
-0.202018604,-0.104501911,-0.338416815,-0.168741331
-0.17621094,-0.0834683403,-0.285287708,-0.131459415
-0.121692151,0.0275782626,-0.207598686,0.0415265597
-0.0618289188,0.171831504,-0.105125867,0.277412206
-0.012308565,0.293526411,-0.0169711523,0.462441236
0.0251573697,0.342305362,0.0459813923,0.530436695
0.0577998944,0.296855271,0.0974198431,0.471208364
0.0897142813,0.176141441,0.152166069,0.294369161
0.112109408,0.032332398,0.190928176,0.0575509146
0.104155265,-0.0717893541,0.175149322,-0.119869694
0.0458034128,-0.0906843469,0.0764218196,-0.157273799
-0.0645725727,-0.0163947474,-0.105063558,-0.0348041505
-0.199549645,0.117855489,-0.319055587,0.184440017
-0.308270335,0.252170801,-0.459309578,0.380064011
-0.338533878,0.325709343,-0.482247263,0.472486764
-0.265175402,0.301968455,-0.394946814,0.461073875
-0.108995147,0.182786986,-0.179057777,0.311387748
0.0662770867,0.00589153171,0.107613236,0.0225505438
0.180511951,-0.171632335,0.289048016,-0.270776212
0.175669611,-0.295764953,0.272116393,-0.459672332
0.0469047539,-0.334137082,0.0750379488,-0.523485541
-0.150762454,-0.283957303,-0.232479855,-0.449128658
-0.325445652,-0.16795963,-0.498589307,-0.260108292
-0.390928477,-0.022243645,-0.592951119,-0.0315289982
-0.307918727,0.117556013,-0.485323876,0.187189981
-0.103189476,0.226110846,-0.176622033,0.368031263
0.143228471,0.291697741,0.216788083,0.457258344
0.336305648,0.313883424,0.488196343,0.450027227
0.410230577,0.298626482,0.578439534,0.409699112
0.356378138,0.253884345,0.530818701,0.365277469
0.221798062,0.187357068,0.362652004,0.291283458
0.0807051882,0.106238738,0.144531861,0.17596823
-0.00464923959,0.0178378634,-0.0043765516,0.0341222361
-0.0127140982,-0.0700084865,-0.0243127812,-0.112291917
0.0331662484,-0.149097472,0.0489625148,-0.241793454
0.0850340575,-0.211360425,0.132655591,-0.341235429
0.1015696,-0.249399245,0.158718109,-0.399975836
0.0716042668,-0.257132739,0.111315429,-0.414154708
0.0168688577,-0.230915859,0.0230220743,-0.378598094
-0.0261045992,-0.171252221,-0.0464396663,-0.284653902
-0.0325074196,-0.0844859257,-0.0598082952,-0.143908218
-0.00703839911,0.0168000236,-0.0159264896,0.0257194471
0.0185186006,0.115840539,0.0310467854,0.188657477
0.00671075378,0.196228579,0.0140966354,0.31688115
-0.0584485866,0.247313246,-0.0852334648,0.395272166
-0.15606001,0.267722338,-0.234437406,0.421569616
-0.235637978,0.26467216,-0.354331017,0.412296772
-0.244669899,0.248767406,-0.373823136,0.38919279
-0.161297098,0.226716116,-0.25854522,0.366709679
-0.0126862135,0.196155369,-0.0245550051,0.327483267
0.133326903,0.146253899,0.216592267,0.24293597
0.201002613,0.0648068264,0.331085891,0.104819089
0.147290826,-0.0514286608,0.25104332,-0.0847496241
-0.0118943676,-0.189095557,-0.0108821932,-0.308491647
-0.205189019,-0.318749577,-0.30713132,-0.480075061
-0.338916153,-0.405073315,-0.471544802,-0.548930705
-0.343505442,-0.422831804,-0.473434627,-0.564448535
-0.209092647,-0.370547056,-0.32268855,-0.540901065
0.00867701136,-0.273888618,-0.00452026958,-0.435765237
0.216149494,-0.175459683,0.329671204,-0.283108085
0.328425407,-0.114904203,0.502724886,-0.184506923
0.311181962,-0.109199814,0.487281442,-0.175441682
0.196059272,-0.144038767,0.321803957,-0.236713365
0.0621997118,-0.18214643,0.103593551,-0.301939338
-0.00566034066,-0.185422406,-0.0127630048,-0.305051446
0.0398134105,-0.139579967,0.0553910099,-0.232148632
0.186656028,-0.0672518983,0.293169945,-0.112853698
0.373075247,-0.020459028,0.558661401,-0.0352962203
0.521622658,-0.0539498217,0.716510057,-0.0784074441
0.578695357,-0.19188638,0.738700926,-0.246734187
0.538238108,-0.40562281,0.641365647,-0.484910816
0.438227564,-0.616431415,0.470304966,-0.666831136
0.333964407,-0.72522527,0.33166942,-0.739962101
0.264690846,-0.657259643,0.290466666,-0.752656281
0.232824922,-0.400793225,0.320336491,-0.586690843
0.207001105,-0.0198979247,0.326608509,-0.0576577447
0.146028101,0.366910845,0.224770576,0.529254079
0.0288994946,0.634137332,0.052334059,0.785444736
-0.127220333,0.701624691,-0.128563732,0.801250577
-0.271974802,0.567459226,-0.323274195,0.712104499
-0.347444266,0.30611372,-0.485651404,0.454229265
-0.320284575,0.0331049599,-0.496425778,0.0712673441
-0.202408552,-0.146556169,-0.33322227,-0.222807601
-0.0484111756,-0.181528285,-0.0922058895,-0.297358066
0.0694678798,-0.0893208683,0.105885834,-0.154768512
0.096027486,0.0615255646,0.160546824,0.0918526128
0.0196480956,0.190781325,0.0402550958,0.304051071
-0.122559831,0.246018529,-0.18139033,0.390869737
-0.262977749,0.222473115,-0.395369083,0.35123384
-0.335258335,0.155293718,-0.506113946,0.245875627
-0.30372867,0.0915052146,-0.476607084,0.152456313
-0.176830173,0.059470918,-0.297488302,0.104916066
4.31659173e-05,0.0537301563,-0.00757751567,0.0952971801
0.166596249,0.0431393124,0.268139243,0.0711924136
0.272577286,-0.00387011189,0.43522802,-0.00732307602
0.294163615,-0.0932805538,0.464761853,-0.148488358
0.236522019,-0.195542082,0.373641223,-0.310096443
0.125006661,-0.258997649,0.199955717,-0.413921654
-0.00767248962,-0.239951238,-0.0129497917,-0.394464999
-0.131173059,-0.132154956,-0.216288939,-0.223020151
-0.221222952,0.0223006867,-0.36053738,0.0332213901
-0.259350359,0.14904967,-0.409746766,0.236902907
-0.233047619,0.177862868,-0.36784637,0.290659338
-0.139235422,0.0808198974,-0.229762435,0.14693816
0.010124079,-0.1085454,0.0135018416,-0.16448167
0.184839696,-0.306762248,0.273711324,-0.463203162
0.34047997,-0.41839847,0.451921552,-0.573625028
0.430737376,-0.382162243,0.55667299,-0.512897134
0.424132317,-0.201992065,0.599420726,-0.304756433
0.317409962,0.0527920388,0.495854378,0.0610727184
0.138489813,0.278680354,0.228351906,0.420065314
-0.0634619296,0.385177851,-0.0795723945,0.579154491
-0.236824736,0.334911287,-0.337431133,0.508729339
-0.3465918,0.157592297,-0.514968872,0.253725708
-0.385028601,-0.0676750541,-0.577826798,-0.0842218325
-0.369694054,-0.251479805,-0.5425421,-0.353437692
-0.331093371,-0.334458053,-0.481797785,-0.471761703
-0.297149986,-0.309581429,-0.443759471,-0.453081608
-0.282408744,-0.217475355,-0.439415693,-0.334462106
-0.286291271,-0.119960003,-0.453176618,-0.186177373
-0.299178243,-0.0672653988,-0.471471816,-0.10079775
-0.310946345,-0.0758135468,-0.485790789,-0.109891705
-0.316164881,-0.12611492,-0.490922034,-0.186642975
-0.31339252,-0.178877339,-0.483641118,-0.265615612
-0.300581723,-0.198333457,-0.464556813,-0.298316687
-0.271433532,-0.169655353,-0.429065943,-0.26171419
-0.216783062,-0.102501437,-0.356231183,-0.163658202
-0.131256461,-0.0215140432,-0.225111663,-0.0338715985
-0.0211018417,0.048402559,-0.0404930525,0.0825469419
0.092742607,0.092742607,0.151782483,0.15449059
0.180129305,0.108991012,0.292471319,0.175965518
0.214430481,0.100862898,0.34922868,0.159781262
0.186243951,0.0715781823,0.310080379,0.114090756
0.110167354,0.022301944,0.190289542,0.0360721461
0.0198020078,-0.0428423658,0.039142251,-0.0710702464
-0.0475260988,-0.109571435,-0.0783912614,-0.179164991
-0.0688065812,-0.15119496,-0.117886007,-0.245908126
-0.0464956388,-0.13604857,-0.0831093341,-0.224763408
-0.00640900014,-0.0429933369,-0.0167991649,-0.0771054104
0.0169243068,0.12293458,0.0252972171,0.194532946
-0.000261109468,0.324666709,0.00449407054,0.497193843
-0.0572570972,0.502890348,-0.0693396032,0.697679162
-0.128556654,0.599003971,-0.151921019,0.761636674
-0.177236244,0.580845833,-0.214499414,0.745910347
-0.174814194,0.458073795,-0.236474678,0.652740836
-0.116798393,0.278550327,-0.177691996,0.449836224
-0.0255924445,0.106685556,-0.0420429222,0.188015267
0.0605159029,-0.00574564654,0.0991527289,-0.00741792563
0.105943985,-0.0416286811,0.174433947,-0.0737857968
0.0937923044,-0.0223914031,0.15816848,-0.043899592
0.0310497731,0.00758312969,0.0555737279,0.00747405738
-0.0585643649,0.00701781968,-0.0937062055,0.0127778668
-0.148569435,-0.0399953164,-0.239946246,-0.0618136525
-0.22149007,-0.117154941,-0.35358724,-0.181064174
-0.271622181,-0.18719615,-0.424159706,-0.284148186
-0.298418939,-0.213782504,-0.45950371,-0.32087484
-0.29666844,-0.181118548,-0.463459581,-0.276777714
-0.25209716,-0.100498222,-0.409580261,-0.157149822
-0.147640958,-0.00130106951,-0.251181334,-0.00193366839
0.0217536483,0.0866698772,0.0274306145,0.144956529
0.234778211,0.147804707,0.366241544,0.234745577
0.440632313,0.183184564,0.626707792,0.254478961
0.572887957,0.200283259,0.733816683,0.247007847
0.576639414,0.198089898,0.739299715,0.242046222
0.43651548,0.159546554,0.636188626,0.220071986
0.190477297,0.058994405,0.327081174,0.091678068
-0.0800551847,-0.117577739,-0.11609567,-0.188997105
-0.28167218,-0.35135448,-0.407409787,-0.497786105
-0.348428905,-0.583623648,-0.425238043,-0.678572953
-0.270464599,-0.73174125,-0.296739876,-0.753274322
-0.0973151028,-0.724331558,-0.122535981,-0.799515367
0.0864335969,-0.539525688,0.0993540958,-0.730344176
0.201680124,-0.225422606,0.300435573,-0.373332828
0.211726069,0.111284733,0.338390291,0.157352582
0.137411535,0.347061545,0.219127059,0.518113196
0.0432314463,0.395788074,0.0778641105,0.594788015
0.00185068755,0.249315456,0.012363336,0.411643356
0.055265639,-0.0169419535,0.0943584517,-0.0116721317
0.192308307,-0.278144419,0.289610207,-0.421384484
0.353600323,-0.418695837,0.462687612,-0.570367813
0.460988075,-0.387164325,0.580621064,-0.508057475
0.456233531,-0.220132843,0.627869725,-0.321475655
0.329502434,-0.0226543471,0.515067458,-0.0530150793
0.123897053,0.0853625685,0.217578828,0.130697057
-0.0853237957,0.0302344151,-0.129172564,0.0554056838
-0.225654751,-0.177501157,-0.351389021,-0.263159662
-0.258848816,-0.447201133,-0.365888566,-0.602897942
-0.194196984,-0.652212441,-0.244333714,-0.764047563
-0.0786510259,-0.691825509,-0.104611397,-0.799361169
0.0294907503,-0.540294051,0.0268108845,-0.734247327
0.0891547203,-0.259032995,0.128072187,-0.426404029
0.0932770446,0.0331976041,0.150741413,0.0383113846
0.0668101385,0.216523767,0.111590199,0.344253123
0.0488146618,0.22463952,0.0866844356,0.369096816
0.0690202266,0.0719321221,0.121003337,0.132097527
0.13094148,-0.158267498,0.212057412,-0.244957104
0.209303215,-0.356175274,0.304432362,-0.527973175
0.261951238,-0.436424166,0.354837507,-0.614264369
0.249647543,-0.372732073,0.354942858,-0.550530314
0.154277191,-0.201840043,0.245002106,-0.337513208
-0.0122110043,0.00147605443,-0.01635883,-0.0124899242
-0.210945934,0.162675008,-0.328073382,0.255889535
-0.388985336,0.238800958,-0.552854121,0.352838486
-0.496300966,0.228891596,-0.663350165,0.319463938
-0.500931442,0.162050053,-0.683487594,0.234310031
-0.398080647,0.0735931173,-0.596148074,0.123714022
-0.211418256,-0.0155161377,-0.352920324,-0.0127520422
0.0130649898,-0.104815647,0.0098031275,-0.165150777
0.218919039,-0.204759672,0.335340708,-0.319965154
0.354130924,-0.319654316,0.500763714,-0.45924747
0.385540158,-0.435290426,0.50002712,-0.575035632
0.308736235,-0.519912243,0.392509401,-0.668461919
0.14984712,-0.538657904,0.197504818,-0.722881615
-0.0423882268,-0.47328952,-0.0624013841,-0.681754231
-0.212547213,-0.335659325,-0.321591347,-0.509088814
-0.317278415,-0.166671574,-0.492630064,-0.257979125
-0.33986643,-0.020418847,-0.528902292,-0.0302794743
-0.294663042,0.0588431731,-0.466616213,0.0995215327
-0.219384015,0.0555146076,-0.3564744,0.0990288407
-0.158468783,-0.0117287636,-0.260849893,-0.00958602503
-0.144670755,-0.0996320546,-0.235223949,-0.157275811
-0.18674989,-0.15998289,-0.299346805,-0.253638923
-0.268133044,-0.159529418,-0.420367956,-0.249029085
-0.356179655,-0.0914513171,-0.543426156,-0.139754698
-0.41690293,0.0253535043,-0.620059133,0.0386275463
-0.428043753,0.156807095,-0.62016952,0.229241282
-0.385099232,0.267686367,-0.551870525,0.388944119
-0.299087971,0.332643032,-0.433623552,0.490371108
-0.189041883,0.340709358,-0.281715304,0.519439638
-0.0741564557,0.293796718,-0.115111545,0.469693691
0.0306026991,0.202343255,0.0532372184,0.335336447
0.114783421,0.0814014077,0.191283479,0.140914708
0.170914188,-0.0513981804,0.281265408,-0.081149064
0.194265231,-0.176788777,0.31094262,-0.281667918
0.185266942,-0.275511086,0.285363376,-0.430224717
0.152969763,-0.331724793,0.23012799,-0.510567188
0.115947992,-0.337500364,0.172479853,-0.52231735
0.0977174863,-0.296282321,0.146434069,-0.468322903
0.116975211,-0.223175615,0.178353146,-0.363773733
0.176883206,-0.141301483,0.277605206,-0.232732177
0.259598047,-0.0753933266,0.408361137,-0.125743583
0.330607265,-0.0450541414,0.51076591,-0.0744842738
0.352610439,-0.0599872284,0.541285276,-0.0972720906
0.303174049,-0.118287437,0.476871431,-0.18842499
0.187421486,-0.207473427,0.30198139,-0.33202678
0.0386357419,-0.307263792,0.0633246228,-0.483127385
-0.0946070477,-0.393384159,-0.142774075,-0.587663472
-0.169188917,-0.442356318,-0.24853082,-0.628350317
-0.166113213,-0.437352598,-0.248328686,-0.62223208
-0.0978619605,-0.374331862,-0.159392953,-0.564193904
-0.000917925325,-0.2662673,-0.0141033828,-0.426198691
0.0824374557,-0.142531037,0.127201304,-0.241995215
0.123496652,-0.0415299013,0.203138888,-0.0751574934
0.117858455,0.00239861081,0.198168278,0.00115304207
0.0827518851,-0.0267068148,0.141471028,-0.0431809165
0.0436574109,-0.117489062,0.075109303,-0.190767616
0.0186096001,-0.233084425,0.0273661297,-0.373351932
0.00927426014,-0.324599117,0.00919114146,-0.502996385
0.00335126696,-0.351297498,-0.00303169037,-0.541927278
-0.0141679849,-0.298406661,-0.0291716736,-0.474942327
-0.0486580729,-0.183629289,-0.0834714025,-0.308484226
-0.0906212479,-0.0484566018,-0.152615249,-0.087207526
-0.121060014,0.0620261542,-0.200990751,0.101107828
-0.124054104,0.120884359,-0.203106672,0.201952979
-0.0982690379,0.131327406,-0.159046546,0.221133143
-0.0594168939,0.122368261,-0.0976042524,0.205896556
-0.0311585162,0.130178481,-0.049916774,0.214817137
-0.0293829404,0.175154939,-0.0455616973,0.28475982
-0.0496401563,0.247587726,-0.0733259767,0.394946367
-0.066512242,0.310660332,-0.0976758152,0.485223204
-0.0470576733,0.320221871,-0.0689699277,0.50261867
0.0281856544,0.251238108,0.0481877699,0.409861445
0.148663193,0.116359331,0.242659584,0.199041486
0.27251181,-0.0345802829,0.433291078,-0.0505683906
0.343458831,-0.13553302,0.521507025,-0.212493524
0.318526089,-0.135948732,0.492476702,-0.220223546
0.192171946,-0.0270701684,0.317537785,-0.0591543168
0.00317813968,0.151334405,0.0131758973,0.234363586
-0.180927068,0.328232169,-0.26570648,0.493910849
-0.295119852,0.434546471,-0.398133248,0.60105294
-0.308050424,0.435706884,-0.41388154,0.602780342
-0.236616984,0.346883088,-0.346612573,0.523382187
-0.135697991,0.223036394,-0.21522893,0.367480904
-0.0679155961,0.128983706,-0.11123322,0.218485728
-0.0692372248,0.105139524,-0.11146795,0.173058957
-0.128899813,0.146902516,-0.205505937,0.236624882
-0.194847971,0.208511367,-0.302855939,0.328316063
-0.202322647,0.229343355,-0.315163761,0.3650662
-0.110645004,0.168829247,-0.181757763,0.285530269
0.0715420842,0.0315932445,0.113698527,0.0650423095
0.286562443,-0.130561739,0.441359669,-0.19981426
0.454173058,-0.241317213,0.623596311,-0.341141552
0.510991573,-0.236113787,0.675644934,-0.327106267
0.442665458,-0.0942518339,0.638852298,-0.153440833
0.29215619,0.14867568,0.457867295,0.208984554
0.139769509,0.413661987,0.21504356,0.588892877
0.064984411,0.609970093,0.0926271826,0.772300661
0.109153233,0.670783162,0.134316251,0.795782387
0.257206798,0.577263176,0.32212916,0.721496463
0.446389228,0.362033486,0.588743508,0.482980847
0.59634006,0.0930444226,0.767913342,0.122673944
0.644762158,-0.153063133,0.77982825,-0.188943058
0.571445048,-0.31623292,0.694730937,-0.391786695
0.400734991,-0.368075103,0.540687561,-0.505010486
0.184206963,-0.314120233,0.282786191,-0.490521908
-0.0251494478,-0.186231077,-0.0405978635,-0.317442566
-0.193291664,-0.0305631775,-0.314468801,-0.0569044538
-0.311112612,0.104557671,-0.482484847,0.164499342
-0.386277616,0.179044411,-0.56534189,0.271327525
-0.428910971,0.169657812,-0.611641228,0.254646361
-0.441309839,0.07638859,-0.636807382,0.124514818
-0.417751968,-0.0754284114,-0.614262283,-0.0952410549
-0.353097618,-0.240137473,-0.524333894,-0.339409709
-0.252995282,-0.365127653,-0.378831089,-0.521230996
-0.137635484,-0.409701496,-0.213054597,-0.597040296
-0.0354606248,-0.362352729,-0.0645819306,-0.555584133
0.0299579017,-0.247907341,0.0387992561,-0.404389143
0.0518796407,-0.119183421,0.0820244998,-0.205982745
0.0434742123,-0.0348802842,0.0724941194,-0.0628383607
0.0295198057,-0.0329006091,0.0507788472,-0.0537474975
0.0312006976,-0.111950532,0.0506798588,-0.179754183
0.0529291928,-0.231390446,0.0823473632,-0.368564367
0.0792348757,-0.330701083,0.116424613,-0.509980261
0.0839637667,-0.359743655,0.121754691,-0.550362468
0.046707686,-0.304700941,0.068511568,-0.483909786
-0.0330934227,-0.195958555,-0.0552366525,-0.327734739
-0.132835492,-0.0930175483,-0.217279047,-0.157043323
-0.216560334,-0.0534759983,-0.350259393,-0.0842480361
-0.252632618,-0.10186629,-0.402837664,-0.152370974
-0.229403928,-0.214805946,-0.363891214,-0.323796004
-0.160084575,-0.330833375,-0.252027899,-0.494454414
-0.0742566139,-0.380516022,-0.123375684,-0.571695328
-0.00116620748,-0.321670085,-0.0132477209,-0.506910801
0.0453915335,-0.161615372,0.0652739629,-0.275400162
0.0718923956,0.0450269915,0.115035444,0.0628203973
0.0971560404,0.221830502,0.157342106,0.349967569
0.136920407,0.306195021,0.216764122,0.474413782
0.190734953,0.276999325,0.300630987,0.431707442
0.239661068,0.160802886,0.384787709,0.257843316
0.256747872,0.0147249056,0.415518045,0.0255552251
0.22435075,-0.103685468,0.36428833,-0.168857634
0.147789359,-0.163073882,0.241642103,-0.271130621
0.0564425774,-0.167838976,0.0932814181,-0.279934376
-0.00959225465,-0.147237316,-0.0178770646,-0.245486036
-0.0206561666,-0.132179976,-0.0393478796,-0.219455138
0.0251322705,-0.134285524,0.0359726734,-0.220382735
0.0984738916,-0.139620915,0.155759901,-0.229676321
0.152149498,-0.120336667,0.243841127,-0.201094985
0.14446494,-0.056542147,0.238784835,-0.100939333
0.0605746582,0.045431722,0.105174519,0.0665108263
-0.0797014087,0.150228471,-0.123008154,0.240828946
-0.231694728,0.208956286,-0.352940917,0.330115229
-0.347881913,0.185012177,-0.515274405,0.287076205
-0.400052041,0.0759226903,-0.593123198,0.127670348
-0.38981837,-0.0813632682,-0.585065007,-0.106505558
-0.34243679,-0.225397289,-0.515058935,-0.322420388
-0.288441688,-0.298013926,-0.434762567,-0.435518354
-0.24447298,-0.270661026,-0.382002085,-0.412368685
-0.204909608,-0.155915335,-0.337036639,-0.253148437
-0.149363145,0.00098522217,-0.2539424,-0.00246851798
-0.0614498742,0.145046934,-0.106857739,0.238737702
0.0529042967,0.236107767,0.0847058594,0.382212281
0.159818143,0.262526035,0.253622919,0.413421899
0.209889621,0.238503084,0.335145801,0.371284336
0.163741708,0.18921873,0.272242367,0.300288767
0.0174659919,0.134422049,0.0424945876,0.219460309
-0.186591059,0.0807404146,-0.291383535,0.133061737
-0.371601403,0.0262864288,-0.557953954,0.0468462706
-0.457095504,-0.0275058523,-0.660825491,-0.0308686923
-0.395151883,-0.0669772625,-0.597521782,-0.0901568905
-0.194599867,-0.0686540604,-0.330857009,-0.102498867
0.0790444538,-0.0136413006,0.114562355,-0.0218380261
0.328865081,0.0942377523,0.499129295,0.136565343
0.466040969,0.219142869,0.648778021,0.291049629
0.445842594,0.301878572,0.613627195,0.399263054
0.284219027,0.285723388,0.437617123,0.419631898
0.0482892543,0.147733733,0.0993285775,0.246341825
-0.173946247,-0.0815211609,-0.269349128,-0.12235985
-0.310375065,-0.322843254,-0.45410195,-0.456672698
-0.331798613,-0.478982896,-0.4446567,-0.618053317
-0.25853616,-0.478107214,-0.361842275,-0.642516792
-0.145802021,-0.309191704,-0.238912612,-0.483043611
-0.0563420877,-0.0308452472,-0.106783628,-0.0661094338
-0.0333572403,0.252461106,-0.0535953157,0.394989789
-0.0850230083,0.436486959,-0.113201119,0.633815467
-0.185485214,0.46371302,-0.244235203,0.6540429
-0.289581567,0.347599924,-0.405442715,0.513409495
-0.353257924,0.162870869,-0.524074495,0.259899855
-0.350644469,0.00705611333,-0.539955258,0.0245413482
-0.281704545,-0.0471503325,-0.453010172,-0.0688515157
-0.169236675,0.0150540778,-0.286696941,0.0239479188
-0.0483284593,0.147911265,-0.0861342549,0.239264891
0.0465407223,0.27273494,0.073025085,0.429665685
0.0919702128,0.320360452,0.149865642,0.497604936
0.0809607953,0.266002774,0.138815865,0.425247729
0.0227496382,0.139034808,0.0482807197,0.234931633
-0.0614927411,0.00401524268,-0.0950625315,0.0104192877
-0.145096406,-0.075540185,-0.237125427,-0.122445285
-0.202588707,-0.0706702694,-0.33243826,-0.115510486
-0.215273157,-0.000205195363,-0.353821903,-0.0010253943
-0.174821973,0.0822382122,-0.289875358,0.135555848
-0.0844677985,0.11924462,-0.141812056,0.201560333
0.042180296,0.081140317,0.0676346719,0.142888471
0.1842352,-0.0188002922,0.296923906,-0.0242813975
0.317748964,-0.13283892,0.487568796,-0.205249742
0.420146674,-0.205314875,0.597953141,-0.301803678
0.474118769,-0.202281088,0.649702787,-0.289976329
0.470477313,-0.128412813,0.659205437,-0.193645298
0.409677744,-0.0229848344,0.60956502,-0.0469521843
0.301758826,0.0617551841,0.479243457,0.0873623118
0.164479479,0.0874579176,0.277654201,0.138004109
0.0196750425,0.0475784428,0.0434481278,0.0805404857
-0.111564696,-0.0320716202,-0.179138467,-0.0494790934
-0.213568643,-0.108732343,-0.342705876,-0.168879375
-0.278893352,-0.144531503,-0.439635932,-0.222488225
-0.307987541,-0.122993045,-0.48102355,-0.188056305
-0.305770129,-0.0528071076,-0.482904464,-0.0814727023
-0.276878059,0.0407158844,-0.442543,0.0673687905
-0.222399816,0.129550591,-0.358901024,0.210673481
-0.140457675,0.193647459,-0.228342071,0.316388726
-0.0309136622,0.223539293,-0.0499403812,0.366125822
0.0983109549,0.216183111,0.156234846,0.351807654
0.227657691,0.169846445,0.360595554,0.270658314
0.328915119,0.0837637484,0.511197865,0.129550621
0.375412315,-0.0361627974,0.572315156,-0.0561937131
0.355612636,-0.170036167,0.536300421,-0.258530527
0.283029318,-0.282308936,0.425025254,-0.427132964
0.195588291,-0.330791384,0.293078065,-0.50456059
0.141904533,-0.28476432,0.2149055,-0.452245086
0.158746615,-0.143704146,0.248322189,-0.244840071
0.24979949,0.0546340346,0.391461253,0.0759440586
0.377194703,0.244183645,0.545815229,0.345577002
0.472607434,0.356923968,0.616923451,0.4525626
0.465603739,0.354392886,0.614154279,0.453974903
0.317636698,0.248583302,0.486051649,0.366566598
0.0455855355,0.100134619,0.0973975584,0.164014369
-0.278009832,-0.00756745692,-0.424551606,-0.00978673063
-0.550677121,-0.00730305631,-0.738602102,-0.00663138367
-0.681827843,0.118737876,-0.799254894,0.144337669
-0.632139444,0.328362167,-0.723281741,0.376548111
-0.431929618,0.537752151,-0.50833267,0.629079401
-0.169075504,0.660674989,-0.199975684,0.782649577
0.048767522,0.649535537,0.0656227842,0.797133088
0.140519425,0.517853916,0.202257171,0.706131697
0.0851747617,0.33275196,0.146161109,0.516241193
-0.0728752688,0.181058228,-0.103252761,0.298536152
-0.248418599,0.126028582,-0.385513633,0.201106116
-0.35726285,0.176497459,-0.534030676,0.265821517
-0.35476622,0.283968985,-0.516105175,0.413214415
-0.252848387,0.368913144,-0.369577944,0.542598248
-0.108562425,0.362666607,-0.16425468,0.558630705
0.00837471336,0.243487641,0.0191886909,0.402069032
0.0516709536,0.0484788902,0.0940845907,0.0899199322
0.0199301802,-0.144442767,0.0382858254,-0.233835876
-0.0463050157,-0.255066186,-0.0751730725,-0.408584058
-0.0888112858,-0.240199208,-0.148771554,-0.389286727
-0.0635219291,-0.114047982,-0.116433695,-0.195481613
0.0367113799,0.0600675195,0.0509663485,0.0930031836
0.179309517,0.201696262,0.282005072,0.318691552
0.309051543,0.252199918,0.465502739,0.376254678
0.374943852,0.201008901,0.558885932,0.293765754
0.352756292,0.0867134258,0.545913696,0.132260352
0.252741754,-0.0262354985,0.413086563,-0.0435794033
0.110727452,-0.0821091533,0.188893646,-0.141646191
-0.0306120235,-0.0615565069,-0.0481312126,-0.108592682
-0.139521733,0.0114142522,-0.230497032,0.0147542935
-0.203506857,0.0855245665,-0.329877794,0.139637023
-0.226346299,0.111710459,-0.360975713,0.184148028
-0.218476325,0.0698433742,-0.350374728,0.121011406
-0.188251317,-0.0212214924,-0.30756703,-0.023124231
-0.139405712,-0.114730008,-0.231447294,-0.181082815
-0.0747869462,-0.161326453,-0.129403591,-0.263097435
-0.00177586114,-0.134419471,-0.0108347125,-0.22422798
0.0661943853,-0.0420819558,0.104642898,-0.0768250674
0.114446498,0.0802133009,0.188796744,0.125558943
0.135548934,0.191094458,0.220854431,0.302470207
0.13541311,0.266484588,0.218929589,0.416125804
0.131657973,0.311376333,0.21016109,0.479027241
0.143612742,0.353712529,0.221135005,0.530966103
0.17914103,0.424019277,0.261852652,0.604824901
0.226558179,0.532498777,0.302735358,0.690980196
0.257924646,0.656917572,0.306010008,0.747856617
0.243651524,0.748940825,0.260668099,0.766061544
0.171209872,0.756605923,0.189057395,0.786896944
0.0571721792,0.651723504,0.0825450495,0.788566232
-0.0556171574,0.447888166,-0.0645110235,0.653858721
-0.116202325,0.199174047,-0.176837891,0.335249245
-0.0906849951,-0.0207759906,-0.151693702,-0.0211824197
0.0186968818,-0.149649203,0.0196281113,-0.241537109
0.171403453,-0.162647322,0.264137626,-0.265983284
0.305684775,-0.0815588757,0.469221145,-0.137774155
0.367029488,0.0372289419,0.557955742,0.0450430624
0.333693951,0.129491359,0.515946865,0.187849104
0.226197034,0.151560411,0.370546371,0.235200509
0.0959228277,0.097066246,0.169750854,0.160399646
-0.00106935855,-0.00488111656,0.00458571548,-0.00390616688
-0.0312341452,-0.107547432,-0.0540806316,-0.173079118
0.00229676114,-0.170353889,-0.00342274643,-0.277689338
0.0652882978,-0.176446095,0.0993499756,-0.290328145
0.113657601,-0.136167824,0.180891767,-0.227800891
0.118106015,-0.0765049458,0.19282411,-0.133150995
0.0785759017,-0.0238484461,0.133595824,-0.0443450101
0.0212423895,0.0097557772,0.0375141799,0.0142143508
-0.0191850457,0.0295901448,-0.0300773848,0.0492674336
-0.0209674183,0.0499191806,-0.035133481,0.0824381337
0.0118826525,0.0804157332,0.0186173245,0.133416668
0.0525380075,0.116349377,0.0855437741,0.190817282
0.0676879808,0.139096722,0.115606412,0.227658182
0.0373109914,0.127234161,0.0686172023,0.211052254
-0.0336583704,0.0719103292,-0.0493339449,0.122941405
-0.118156083,-0.0128689976,-0.190905675,-0.0162198786
-0.182025537,-0.0921356231,-0.296688646,-0.144345298
-0.202006772,-0.124615245,-0.330032647,-0.196054414
-0.129839644,-0.296776325,-0.209062785,-0.445734203
-0.157612309,-0.339924514,-0.242676497,-0.519070804
-0.0511795357,-0.28005299,-0.0961146131,-0.442559689
0.130300447,-0.165739283,0.195027098,-0.274719954
0.287474424,-0.052474957,0.447755516,-0.0911180675
0.326602459,0.0226678159,0.511985362,0.0270462241
0.20346804,0.0538685843,0.341442257,0.0779912472
-0.0556698553,0.0625662431,-0.0746553242,0.0966724455
-0.365909427,0.0809146464,-0.542447448,0.121835873
-0.622108102,0.13245374,-0.769488633,0.172019303
-0.744897246,0.219765082,-0.781588733,0.239439175
-0.712301254,0.32405284,-0.736068428,0.341416448
-0.5629403,0.414999574,-0.649486482,0.483621538
-0.371473789,0.464499891,-0.478497684,0.606035113
-0.210592598,0.457154363,-0.290483177,0.644283772
-0.119512498,0.393464655,-0.170510471,0.590998948
-0.0939636678,0.286246777,-0.139075279,0.457406014
-0.100195214,0.154095948,-0.156065941,0.258877665
-0.102490783,0.0161241032,-0.168235645,0.0350652263
-0.0871575549,-0.110072419,-0.145275518,-0.175871968
-0.0691935718,-0.208306283,-0.116348855,-0.333778381
-0.0786961764,-0.264318794,-0.128592208,-0.419427007
-0.136234105,-0.268894225,-0.216537282,-0.425068289
-0.232959092,-0.222898468,-0.364551485,-0.34827137
-0.32851854,-0.141000345,-0.505481303,-0.216112256
-0.36943844,-0.050278835,-0.565087914,-0.0736041144
-0.318495423,0.0178907476,-0.501210332,0.0355149955
-0.17861405,0.0403831713,-0.300513208,0.0743140057
0.0029328363,0.0136743542,-0.00315104052,0.0303531867
0.153857216,-0.0422349274,0.249956012,-0.0669762045
0.210682124,-0.0906543583,0.342359632,-0.149690345
0.14974986,-0.0939354748,0.249772653,-0.162654892
-0.000923100393,-0.0313890018,0.00526702777,-0.0627628788
-0.175453573,0.0891451091,-0.282040507,0.13928324
-0.302628189,0.232177705,-0.454593867,0.350895137
-0.340399086,0.348294318,-0.479801714,0.498967409
-0.294624567,0.394887894,-0.410127759,0.561982214
-0.212771222,0.354471356,-0.311721951,0.534572959
-0.156541243,0.242086306,-0.242196262,0.392652571
-0.168348476,0.0984364077,-0.267262012,0.170496508
-0.249433905,-0.0278435946,-0.394031197,-0.0379627533
-0.360792369,-0.100290239,-0.544188321,-0.147560567
-0.445671916,-0.10773395,-0.644219995,-0.149850383
-0.460939169,-0.0648376942,-0.665938079,-0.0883869901
-0.400175363,-0.0008483532,-0.604136586,0.00413815072
-0.296200663,0.0568693504,-0.471226603,0.0972275585
-0.202041045,0.0957216024,-0.329560429,0.159646928
-0.16097711,0.120789848,-0.260428101,0.199303165
-0.182038829,0.147009373,-0.289477795,0.239632815
-0.234205082,0.185794711,-0.364144713,0.294295341
-0.262457073,0.234297708,-0.399107516,0.363138378
-0.217211634,0.273978144,-0.333525151,0.426749229
-0.0816773847,0.279912174,-0.131265253,0.447808057
0.117113218,0.236049429,0.182326257,0.384430826
0.319268018,0.147824079,0.489145964,0.231062606
0.459364086,0.044312153,0.663017213,0.0600845776
0.496369004,-0.0326889642,0.698532224,-0.0537928194
0.431451559,-0.0482600667,0.634781897,-0.0815152898
0.30545646,0.00695343083,0.484432995,-0.000835203042
0.178125471,0.109022304,0.294588804,0.164937466
0.0999430567,0.209192321,0.166590065,0.333129495
0.0904689729,0.255754173,0.148035914,0.407280296
0.13304387,0.219385862,0.216007799,0.354678124
0.187197655,0.109428659,0.306772619,0.18225722
0.211443767,-0.0278227814,0.347535014,-0.0445925519
0.184626803,-0.129334673,0.300691426,-0.211340263
0.115504771,-0.145339489,0.190050617,-0.245649174
0.0366214626,-0.0649604499,0.0609346628,-0.118232906
-0.0136467395,0.0754505992,-0.0235502273,0.118533425
-0.011520871,0.206437707,-0.0193910282,0.332665175
0.0393421464,0.256512314,0.0661644638,0.412419111
0.108666316,0.186137885,0.180868685,0.309684843
0.153530002,0.00852517691,0.259213716,0.0226562042
0.138983995,-0.213220611,0.228366554,-0.336880237
0.0559205301,-0.392190158,0.0850293115,-0.588792503
-0.0719291791,-0.455604225,-0.106274702,-0.658945203
-0.19533509,-0.377395928,-0.293823808,-0.560895622
-0.258715928,-0.190494359,-0.412386894,-0.303457558
-0.223624051,0.0268390421,-0.371755779,0.0408498459
-0.0870760456,0.184337899,-0.149052024,0.303045779
0.1131327,0.217563853,0.176971957,0.356974781
0.309261888,0.113436773,0.481259853,0.183542103
0.42756024,-0.087151289,0.629642963,-0.12463437
0.416838497,-0.309397042,0.577483833,-0.427545547
0.270690173,-0.476904273,0.366370767,-0.646742344
0.0339602381,-0.541154087,0.046639327,-0.737928271
-0.210436627,-0.495729834,-0.287344873,-0.678407133
-0.370644063,-0.371185541,-0.515237153,-0.511001825
-0.380449593,-0.215844855,-0.566620946,-0.312553167
-0.225818455,-0.0736136138,-0.378029376,-0.114750318
0.0477251597,0.0304610468,0.0622465275,0.0543885119
0.350677103,0.0918399841,0.527372301,0.13834165
0.582523167,0.117804386,0.756386161,0.144405872
0.669066787,0.116006032,0.795618653,0.126916215
0.588972926,0.0880163535,0.763347566,0.104027748
0.378823578,0.0312711596,0.584735036,0.039439436
0.115188099,-0.0531698503,0.20708783,-0.092710495
-0.117904536,-0.153530359,-0.185528338,-0.249387011
-0.261660695,-0.246912912,-0.401940703,-0.370674908
-0.301538855,-0.307190448,-0.450941592,-0.444754481
-0.265598387,-0.317229956,-0.403904557,-0.465491652
-0.204949319,-0.278236657,-0.324464887,-0.427347988
-0.167005777,-0.210165977,-0.272803277,-0.3362391
-0.174622029,-0.142141551,-0.285962939,-0.231466919
-0.220129281,-0.0977221727,-0.354377002,-0.155088902
-0.275155962,-0.0831307247,-0.434341878,-0.128242522
-0.309219301,-0.0851326212,-0.484012544,-0.126467854
-0.306410402,-0.0798233002,-0.482604802,-0.119014986
-0.271659762,-0.0472666435,-0.437214971,-0.07071013
-0.224528044,0.0165429208,-0.368508488,0.0280645974
-0.185485587,0.0973920375,-0.30317235,0.160071522
-0.163387075,0.171477258,-0.262288928,0.277882248
-0.151457399,0.219556853,-0.23787272,0.353382796
-0.133644551,0.237709209,-0.210151017,0.382765025
-0.0969495326,0.237658396,-0.154279217,0.384715229
-0.0419085175,0.236018434,-0.064836137,0.383681834
0.0153394686,0.23902823,0.026566444,0.385697007
0.0508703291,0.232978106,0.085487172,0.375502884
0.0462486371,0.188024789,0.0824301764,0.309631556
-0.000438279822,0.075438343,0.00776746543,0.1307078
-0.0722481385,-0.110301577,-0.112601191,-0.173699766
-0.141234592,-0.337617099,-0.214713886,-0.504803598
-0.182139769,-0.54240942,-0.247953355,-0.71020031
-0.184285477,-0.652144134,-0.228056058,-0.769382358
-0.155124664,-0.619503558,-0.201730222,-0.763925314
-0.113755949,-0.448984116,-0.174070701,-0.647830963
-0.0784673691,-0.201577872,-0.139285773,-0.33719179
-0.0557310469,0.027341947,-0.0982179195,0.0376971848
-0.0370970406,0.148388162,-0.0601138398,0.245852411
-0.00571697345,0.118300945,-0.0037970799,0.20473516
0.0514860079,-0.0396014415,0.0896871313,-0.0542756394
0.133376047,-0.245219052,0.207331017,-0.379670084
0.222356156,-0.397707373,0.312768996,-0.576528668
0.292063355,-0.420864671,0.39485538,-0.590266526
0.320940286,-0.296392292,0.460206717,-0.445549011
0.304044217,-0.0696575046,0.470545948,-0.12851505
0.256218076,0.173740551,0.403703511,0.25641638
0.204476386,0.348094791,0.312624276,0.512879431
0.173521757,0.404387474,0.262481421,0.589537263
0.172297016,0.346564442,0.267291158,0.524735451
0.189122558,0.221423179,0.305440426,0.35392639
0.198408663,0.0898919478,0.326378107,0.146842226
0.175640374,-0.00376809086,0.292831659,-0.0058482727
0.112733141,-0.048781842,0.190552637,-0.0843888372
0.0254464131,-0.0635949969,0.0457469448,-0.109668568
-0.0514628887,-0.0755754635,-0.083182618,-0.125304922
-0.07940422,-0.0983069316,-0.134700179,-0.160977438
-0.0342518836,-0.1205386,-0.0643073022,-0.195787162
0.0809640065,-0.113263696,0.124382995,-0.188302219
0.234942615,-0.0503403805,0.367887586,-0.0866497979
0.379022866,0.0700898468,0.567495167,0.0945267007
0.465167612,0.216807157,0.645597577,0.286211163
0.463353783,0.33567068,0.618514359,0.430596888
0.371656179,0.374279827,0.518881083,0.503129303
0.216013134,0.308314204,0.342101187,0.464980811
0.0409956947,0.155414373,0.0823049769,0.260493755
-0.104173169,-0.0311015937,-0.165335521,-0.0434563756
-0.179505602,-0.185815006,-0.289028108,-0.29018873
-0.164469019,-0.260276347,-0.267494619,-0.404159278
-0.0628445596,-0.243234575,-0.114343129,-0.39068827
0.0980955288,-0.162684068,0.147272721,-0.268812269
0.273808211,-0.0699376017,0.424705565,-0.11805582
0.413426608,-0.0147629697,0.611271322,-0.029413363
0.473844558,-0.0241462532,0.678430676,-0.0409455821
0.433756649,-0.0940360948,0.635089397,-0.140533701
0.303006887,-0.195807382,0.469648182,-0.302771389
0.122600555,-0.291690767,0.197008908,-0.45972231
-0.0468512028,-0.350088239,-0.0722749531,-0.539522529
-0.14599745,-0.353828728,-0.226866812,-0.534460485
-0.139907673,-0.30002594,-0.228006974,-0.464766711
-0.0339981131,-0.195440575,-0.0684383139,-0.31844908
0.125197291,-0.0528736562,0.194633856,-0.0923730135
0.266609073,0.108545877,0.417934239,0.16183728
0.323122144,0.261056721,0.483958423,0.37601158
0.260497898,0.369040847,0.38937223,0.52400583
0.0939805061,0.397078842,0.155577108,0.585785687
-0.115585916,0.32463634,-0.159725472,0.503594756
-0.285600632,0.160904691,-0.431327462,0.263918072
-0.34600243,-0.0494798571,-0.532432914,-0.0586136915
-0.269455492,-0.236374408,-0.421902716,-0.345888555
-0.0842237324,-0.328724533,-0.146935716,-0.502225697
0.136152118,-0.284346372,0.195079878,-0.449695438
0.302242041,-0.110938534,0.459008515,-0.187558323
0.344837427,0.133031294,0.525858521,0.182701916
0.242688403,0.359907538,0.367013425,0.513251781
0.0305794366,0.488191694,0.0618224554,0.683109522
-0.215034276,0.475684166,-0.275369763,0.658891857
-0.406258017,0.335057646,-0.542049348,0.470905989
-0.477130502,0.12494491,-0.665096819,0.192635506
-0.406858832,-0.0783367157,-0.607087016,-0.0979141295
-0.224530488,-0.213959694,-0.365165502,-0.322918624
0.00517127151,-0.258458346,-0.00805565622,-0.40975818
0.208261341,-0.226809859,0.312980473,-0.36125505
0.32871291,-0.154666871,0.497390449,-0.246484607
0.346267879,-0.0735697001,0.53228265,-0.124846615
0.278990537,0.00604938902,0.447052747,-0.0016938101
0.171166688,0.094669342,0.284804583,0.143929049
0.0727338269,0.207509056,0.123861425,0.329862028
0.0191322118,0.343343824,0.0344536342,0.525107443
0.0195141304,0.472568154,0.0326864608,0.673320532
0.057264749,0.543674111,0.082118243,0.732652783
0.101484783,0.506637394,0.14831318,0.701301336
0.123585679,0.341426969,0.197191238,0.526331723
0.111229047,0.0758402646,0.194790751,0.137354523
0.0732764602,-0.218448624,0.124716014,-0.342871696
0.033640869,-0.451693356,0.0430761389,-0.651909351
0.0171816032,-0.552288353,0.0122823734,-0.743366003
0.034735743,-0.496175826,0.0365104228,-0.697597921
0.0751079246,-0.315351307,0.104802869,-0.499776721
0.108765759,-0.0817528144,0.170721635,-0.149428159
0.102302074,0.12502341,0.168557867,0.19473204
0.0370340496,0.250165522,0.0685256347,0.397301704
-0.0776999071,0.281054139,-0.109972924,0.444903553
-0.204184696,0.242938042,-0.307733655,0.385822922
-0.290608674,0.177602664,-0.442399442,0.282724977
-0.294259399,0.117990546,-0.459185451,0.192698151
-0.202753514,0.072619006,-0.33422333,0.126043126
-0.0424246453,0.0271195509,-0.0777468011,0.0533457324
0.131367058,-0.0397888869,0.209982082,-0.0610028394
0.258432657,-0.136485398,0.406784594,-0.215206325
0.30126968,-0.246992439,0.453266054,-0.374538571
0.262351066,-0.334830374,0.38601613,-0.49675259
0.182146132,-0.360215724,0.269395381,-0.545087934
0.118254252,-0.30110997,0.17815955,-0.476099163
0.115709692,-0.166549429,0.180420041,-0.280800134
0.183377445,0.00502469344,0.290872902,-0.000641245162
0.288638264,0.161649838,0.444380373,0.241994768
0.373395175,0.259808064,0.543801248,0.369131804
0.383447737,0.28159669,0.553560853,0.395304203
0.296238542,0.23926504,0.459381551,0.356704801
0.132707343,0.166120574,0.229047999,0.265837103
-0.0527495109,0.0995835066,-0.0758832172,0.165213689
-0.198737621,0.0653377697,-0.318567812,0.107938558
-0.265703022,0.0697825029,-0.424720705,0.112937883
-0.252118438,0.102773108,-0.405084938,0.168654069
-0.190129846,0.14713113,-0.309520483,0.241480067
-0.124152325,0.188595578,-0.200587392,0.308416843
-0.0852185339,0.22096014,-0.133871973,0.35709244
-0.0759118125,0.244956955,-0.115197867,0.393497139
-0.0742735416,0.263435096,-0.114138797,0.421424329
-0.0537544526,0.27715683,-0.0809452459,0.440488845
-0.00653893827,0.284282118,-0.00734256394,0.452572376
0.0448842384,0.283449084,0.0742843822,0.450111806
0.0565249622,0.277508974,0.0966994315,0.437437385
-0.011331765,0.274329424,-0.00762316817,0.434331894
-0.165531367,0.283043712,-0.244124249,0.438415349
-0.365928382,0.307394952,-0.507469356,0.440001637
-0.536267161,0.340261549,-0.657938123,0.430674464
-0.597206235,0.363401324,-0.685968339,0.428367108
-0.505823731,0.353791952,-0.636317313,0.453561842
-0.280963182,0.294157773,-0.422870308,0.448605925
0.000156748283,0.182573766,-0.00734019792,0.312938452
0.234311968,0.0360571668,0.373896301,0.0656057298
0.338692278,-0.114116073,0.522344887,-0.178483829
0.288590401,-0.233506039,0.444569349,-0.361581743
0.127471209,-0.296957403,0.202140018,-0.469572872
-0.0556455627,-0.296776325,-0.0861370489,-0.473376036
-0.169979259,-0.24329032,-0.272771746,-0.38464731
-0.165843606,-0.158262372,-0.277780563,-0.255024523
-0.0553787686,-0.0649248362,-0.104043946,-0.108375967
0.0981587023,0.020471856,0.154336736,0.0330007188
0.215500668,0.0921009257,0.34695226,0.143856049
0.241693616,0.152428418,0.38781935,0.232738271
0.170880243,0.20671621,0.2810103,0.323187709
0.0441774055,0.257579118,0.0812692568,0.405531168
-0.0757978037,0.302302778,-0.110092543,0.472733408
-0.138101578,0.333705962,-0.204938114,0.512070656
-0.125874609,0.34344095,-0.189397454,0.528474152
-0.0571067221,0.325752705,-0.0861947313,0.51042515
0.0339212492,0.280059874,0.0568183549,0.448639542
0.12114051,0.211728543,0.198209152,0.343361527
0.201179489,0.131276757,0.325614065,0.213350967
0.2890037,0.0525024235,0.456673175,0.0816158578
0.398278236,-0.0102006188,0.593965232,-0.0195407849
0.520150185,-0.0452439636,0.71199584,-0.071235083
0.61583215,-0.0475481041,0.774432003,-0.0701889917
0.63040942,-0.0214034673,0.785005629,-0.0382453911
0.522230446,0.0191767998,0.720545053,0.0137759028
0.291764855,0.0538794361,0.472450465,0.0725188106
-0.00767024327,0.0630256161,0.00493252138,0.0984180495
-0.286070228,0.0357022248,-0.440591723,0.0601566248
-0.453998178,-0.0245945528,-0.654604614,-0.024013713
-0.462983489,-0.100084715,-0.665301144,-0.131216645
-0.328320026,-0.165497884,-0.510103047,-0.239185378
-0.12199115,-0.199064016,-0.212274328,-0.313008547
0.0611985922,-0.192657173,0.0889051706,-0.314865351
0.147258416,-0.15587461,0.23527804,-0.259431779
0.114452854,-0.111485951,0.191949725,-0.191274017
-0.00264541525,-0.0840166584,0.0021603331,-0.144519269
-0.136972904,-0.0870014504,-0.221268237,-0.142531931
-0.226564601,-0.11552579,-0.364792049,-0.180524006
-0.245287523,-0.148264498,-0.393329054,-0.227787867
-0.210956141,-0.158410907,-0.343027771,-0.247135714
-0.168309987,-0.128147364,-0.280006647,-0.207102343
-0.158350199,-0.0592077225,-0.264184266,-0.0994870812
-0.19248502,0.0261473227,-0.314199686,0.0417229608
-0.246162385,0.0946123898,-0.389046699,0.152634531
-0.274683595,0.117298402,-0.429219246,0.191302523
-0.240826413,0.0836190954,-0.386835575,0.143144518
-0.137348846,0.00685494766,-0.2309504,0.0216514077
0.00894513633,-0.0811493397,0.00760764023,-0.128943175
0.15345411,-0.14336808,0.242849424,-0.233586788
0.259853184,-0.152610183,0.404314339,-0.245297894
0.3196266,-0.101493388,0.491447598,-0.167254299
0.352837682,-0.00374730281,0.539443016,-0.0171832554
0.389644474,0.112374432,0.581420541,0.156318158
0.444352329,0.214474365,0.625635862,0.291414469
0.49913007,0.27543813,0.661313295,0.356311053
0.509378076,0.279049903,0.670914948,0.358388454
0.429795682,0.221751079,0.617339134,0.307360023
0.246911258,0.112276681,0.40658316,0.173712745
-0.00176883466,-0.0293533187,0.013876169,-0.0491127744
-0.23590295,-0.17373766,-0.366254568,-0.269109726
-0.366910517,-0.286625534,-0.531788409,-0.40217644
-0.342645377,-0.337437451,-0.498291731,-0.471246749
-0.178360507,-0.310620368,-0.289639652,-0.470858872
0.0443490148,-0.215455621,0.0538036153,-0.351596594
0.212879807,-0.0883792937,0.334944665,-0.15153487
0.237176225,0.0162392873,0.385422498,0.0164949838
0.0948294625,0.045752719,0.172223374,0.0705146566
-0.155798212,-0.0278227814,-0.238765493,-0.0431996286
-0.40220654,-0.192170069,-0.579774141,-0.266848028
-0.531646907,-0.395204365,-0.649099886,-0.460674852
-0.48557508,-0.563800871,-0.542794645,-0.605339766
-0.287419111,-0.633797288,-0.347002476,-0.723179758
-0.0298944563,-0.57792902,-0.0584863313,-0.752529204
0.171386003,-0.418206185,0.230902374,-0.61306715
0.234367982,-0.216061383,0.359570444,-0.351169527
0.148842737,-0.0443235748,0.250472754,-0.0863724723
-0.0218368564,0.0456943586,-0.025096152,0.0695158988
-0.175145566,0.0459204689,-0.279465467,0.0800239965
-0.221440762,-0.00858878437,-0.359271228,-0.00442823302
-0.127289757,-0.0611778311,-0.220067859,-0.0925630704
0.0706498697,-0.0650860593,0.102527656,-0.105163969
0.28619194,-0.00831381883,0.441782266,-0.020249512
0.42639488,0.0811405256,0.623816013,0.10642387
0.434403241,0.152144149,0.63175416,0.20811753
0.312082022,0.159972668,0.491659522,0.238837242
0.113893226,0.0922567993,0.202862889,0.151111111
-0.0817884728,-0.0229996648,-0.125152901,-0.0346199833
-0.207737401,-0.131896898,-0.333220929,-0.204429328
-0.23243992,-0.183837608,-0.37428835,-0.286512345
-0.165070236,-0.1594695,-0.277509511,-0.255652159
-0.0428626165,-0.0818525478,-0.0832132846,-0.137381181
0.0890811905,-0.00429780642,0.140576497,-0.00853274949
0.194294438,0.0189966056,0.315927297,0.0307865553
0.251608372,-0.036144726,0.406137407,-0.0588852279
0.253188819,-0.148254335,0.402528554,-0.233683974
0.199942619,-0.258834958,0.312775433,-0.405016989
0.0998805314,-0.301360846,0.155312747,-0.475940347
-0.0295603033,-0.235952288,-0.0498111583,-0.387487233
-0.159251451,-0.0718354583,-0.263628244,-0.127338856
-0.251778692,0.134114876,-0.40108344,0.207206994
-0.272886425,0.302227765,-0.406948328,0.453077406
-0.207239404,0.365942895,-0.305328637,0.547674477
-0.0699987486,0.301130354,-0.108167216,0.482842803
0.0941269547,0.134947509,0.155175656,0.233871356
0.226906002,-0.069058314,0.364896715,-0.10427288
0.281757474,-0.241173089,0.428389966,-0.369474828
0.245946154,-0.335784048,0.363062859,-0.504936397
0.147784919,-0.347581774,0.222528249,-0.53300184
0.0438439995,-0.307609648,0.0651076585,-0.487052709
-0.0084003536,-0.26334253,-0.0198450852,-0.423085064
0.0210915934,-0.254114687,0.0254415516,-0.405533493
0.120260477,-0.293958515,0.177723497,-0.456191957
0.241746768,-0.368644834,0.34260428,-0.538033187
0.327587843,-0.445894986,0.432297885,-0.602074683
0.338622451,-0.491723031,0.429776222,-0.637756288
0.272887647,-0.484458297,0.360002726,-0.652793348
0.163393617,-0.421081871,0.232943386,-0.617485225
0.0571028627,-0.315527409,0.0831150413,-0.500991821
-0.0126161901,-0.192347229,-0.0258161593,-0.320476681
-0.0442059971,-0.0797802955,-0.0774613693,-0.137299851
-0.066307269,-0.00423130905,-0.111434817,-0.00897602923
-0.11718452,0.0143619627,-0.191012919,0.0264973585
-0.217084005,-0.032378342,-0.346108496,-0.047045704
-0.349856108,-0.135917678,-0.525954425,-0.196761802
-0.465393275,-0.267975003,-0.633123398,-0.351950705
-0.50294745,-0.38417697,-0.631639957,-0.465612769
-0.423505634,-0.436264724,-0.549767435,-0.546150982
-0.23375538,-0.390301168,-0.35214898,-0.557159126
0.011970208,-0.243545324,-0.00243421039,-0.395370185
0.233950436,-0.0309916548,0.36158818,-0.0630374178
0.362849832,0.184088707,0.540533721,0.25961256
0.370970428,0.333873361,0.529187858,0.455963314
0.28313151,0.374435753,0.417131811,0.529470205
0.161897361,0.305585712,0.26297763,0.47034052
0.0751696974,0.171705216,0.131921068,0.287038833
0.0630962402,0.0419584066,0.106346637,0.0761159286
0.121128529,-0.021374708,0.194205359,-0.0354639217
0.207114115,0.00875817239,0.330991119,0.00724644121
0.267459154,0.113164179,0.420264781,0.167263269
0.267562032,0.238132194,0.414630502,0.354497939
0.210048378,0.323673546,0.325980753,0.481447011
0.13149406,0.333505452,0.211104229,0.508236289
0.0802328214,0.271244794,0.135257095,0.43349418
0.0880003572,0.174828231,0.146673113,0.290924817
0.151175007,0.0930102915,0.246176913,0.154529348
0.231817111,0.0574710332,0.371662349,0.0897759944
0.277786344,0.0662416741,0.440905869,0.0984730721
0.250909626,0.0875871554,0.405020028,0.132423252
0.147973746,0.0817802921,0.251801014,0.130104735
0.00331723783,0.0278910771,0.0158707555,0.0470395274
-0.128313273,-0.0603702255,-0.207515419,-0.0956166238
-0.199553549,-0.139717773,-0.323010415,-0.218723848
-0.194295511,-0.161362037,-0.31950891,-0.25536719
-0.135287881,-0.101044036,-0.232089311,-0.167304307
-0.0716555938,0.0221277457,-0.125917211,0.0332035199
-0.0528527796,0.149772689,-0.0866974369,0.242597535
-0.102352336,0.210790113,-0.156618729,0.341035604
-0.204315528,0.157472178,-0.314299285,0.259825706
-0.309847653,-0.00752981706,-0.477711648,0.00186737417
-0.359761387,-0.227982819,-0.531476915,-0.320702106
-0.312891424,-0.417197853,-0.440698445,-0.56225574
-0.16663909,-0.496554434,-0.243503109,-0.675363898
0.0395954549,-0.43053937,0.0388986096,-0.633540332
0.239346355,-0.241268858,0.351730824,-0.382846594
0.365422994,0.00396079896,0.550698578,-0.0112438407
0.376089185,0.224921554,0.555235922,0.313562244
0.270254612,0.363813341,0.404088169,0.516254306
0.0861518309,0.406449944,0.144514203,0.598202348
-0.114879444,0.380252987,-0.155615598,0.570822179
-0.272066861,0.332441211,-0.386763513,0.494844258
-0.346661687,0.301641762,-0.49504599,0.441298753
-0.333299875,0.298400074,-0.482390165,0.440894097
-0.258026958,0.304009795,-0.385906875,0.460624665
-0.165084511,0.286472797,-0.256043762,0.451232076
-0.0985070243,0.223215237,-0.153929994,0.36665839
-0.0858677626,0.117267162,-0.136308178,0.20013392
-0.129988506,-0.00188773347,-0.209807888,0.00329772243
-0.210927665,-0.0926272571,-0.337765962,-0.145226479
-0.296504647,-0.122269712,-0.463173181,-0.188530535
-0.356489897,-0.0834261179,-0.545067608,-0.12450891
-0.374482155,0.00253167772,-0.571409166,0.00660651596
-0.352761716,0.0956433788,-0.539697468,0.150743008
-0.308544993,0.154865459,-0.475732505,0.244352371
-0.26382181,0.153701425,-0.413739115,0.248681813
-0.233773842,0.0871411487,-0.371692419,0.14992103
-0.219386041,-0.031209182,-0.353434831,-0.0392463617
-0.20789668,-0.177612752,-0.331527233,-0.271705687
-0.180965647,-0.326249242,-0.281393617,-0.488182247
-0.126567349,-0.45301339,-0.189349875,-0.641395986
-0.0485136285,-0.535610259,-0.0779453516,-0.723074555
0.0316676348,-0.553740025,0.0315864533,-0.741758049
0.0822515041,-0.492994934,0.104156077,-0.693749368
0.0753580108,-0.352598906,0.109081991,-0.548365295
0.00116340048,-0.15276657,-0.00133992766,-0.264963686
-0.124599926,0.0645318031,-0.203689426,0.0944255218
-0.263906896,0.245358393,-0.39669773,0.373551309
-0.369610637,0.342428386,-0.508162022,0.486220777
-0.40303874,0.334932417,-0.547109067,0.470416754
-0.34845987,0.239527076,-0.510102212,0.365691721
-0.218356535,0.105549932,-0.352894247,0.182858929
-0.0477244519,-0.00503501156,-0.0861575156,0.00196715374
0.119459927,-0.0444589816,0.190253511,-0.0734079033
0.245317459,-0.000129556662,0.38990736,-0.00806270819
0.308456838,0.100526564,0.481039673,0.144293576
0.306421518,0.203857675,0.472070426,0.298676491
0.251083106,0.25562644,0.394021213,0.385011911
0.160953626,0.225846037,0.266148686,0.356825739
0.0549114272,0.12087258,0.101999424,0.203224137
-0.0501793846,-0.0223315116,-0.0752298832,-0.0306940898
-0.138601258,-0.155600071,-0.223766312,-0.247967511
-0.19457905,-0.24182573,-0.308911055,-0.375769377
-0.203710943,-0.268709868,-0.322586864,-0.412532121
-0.157886788,-0.248167276,-0.258028507,-0.389092445
-0.0616025962,-0.203848332,-0.110942923,-0.329293877
0.0643139407,-0.155517384,0.0962747037,-0.255543888
0.185110316,-0.109833956,0.293795943,-0.182921067
0.261461735,-0.0622385032,0.413267642,-0.10614533
0.262946546,-0.00726561621,0.422502935,-0.0215143282
0.180230856,0.0507697612,0.301436275,0.0734778941
0.0304629151,0.0948869437,0.0609903783,0.152001202
-0.147029713,0.103339747,-0.231273249,0.16998674
-0.303561032,0.0639856085,-0.467643768,0.107999936
-0.397593409,-0.0140626356,-0.593447149,-0.0106316488
-0.408545971,-0.0999499336,-0.606117368,-0.136050686
-0.342695951,-0.154004216,-0.527370334,-0.223531261
-0.229228482,-0.148148134,-0.374276698,-0.231355101
-0.108346865,-0.0825900361,-0.188572198,-0.137041986
-0.0162161514,0.0114103192,-0.0324468501,0.0149469655
0.0276159961,0.0857694969,0.0467693061,0.14034532
0.0258969013,0.100372113,0.0473959297,0.167471871
0.000675817719,0.0454898626,0.0061469106,0.0797714144
-0.0170456488,-0.0507137626,-0.0262772031,-0.0796975046
-0.00116387487,-0.134677485,-0.00561323995,-0.220081091
0.0573244393,-0.154333457,0.0867404193,-0.257040441
0.144578993,-0.0866861939,0.228607848,-0.149098799
0.227445036,0.0485743806,0.362941504,0.0682813451
0.265813529,0.19709529,0.415033698,0.295404464
0.22977154,0.295863241,0.357759088,0.441706777
0.114887282,0.303924888,0.191344246,0.470743448
-0.0513205267,0.221911162,-0.0667705834,0.362242043
-0.21596159,0.0902916566,-0.33630985,0.154518217
-0.319463849,-0.0324528329,-0.496877193,-0.0405026041
-0.319732577,-0.099908784,-0.502390087,-0.145775497
-0.211563349,-0.0999513492,-0.352035522,-0.155696258
-0.0318237357,-0.0574115403,-0.0659687743,-0.0935660154
0.153639361,-0.0162105113,0.244795933,-0.0278465394
0.277201504,-0.0112050092,0.440001488,-0.0208266936
0.299347043,-0.0456322767,0.474146426,-0.0763411149
0.227307886,-0.0870390311,0.371749133,-0.145470947
0.112651832,-0.0845295563,0.189362854,-0.14656581
0.0274725687,0.00152662711,0.0446387716,-0.0060167117
0.0293749254,0.173242226,0.043763414,0.275620461
0.13180612,0.386946201,0.193020195,0.571695328
0.294813603,0.568317473,0.36824894,0.698848367
0.442094922,0.644268572,0.468414247,0.667650759
0.497351587,0.576228082,0.537140191,0.611123264
0.422790587,0.378608644,0.566341758,0.497408181
0.24052988,0.11357186,0.401321888,0.185774237
0.0252287649,-0.135165915,0.0579080507,-0.218760133
0.0370970406,0.343147635,0.031469848,0.486066222
-0.111324087,0.279613286,-0.1469028,0.457848519
-0.232827201,0.219710201,-0.354223996,0.34794125
-0.273645103,0.168551832,-0.424810857,0.269804209
-0.214536026,0.126014233,-0.347346663,0.210122868
-0.0805942193,0.0922739804,-0.139654607,0.159456462
0.0716830269,0.0722063482,0.114688076,0.123370498
0.182864547,0.0750669986,0.297093987,0.119748525
0.219175413,0.108975649,0.355362207,0.16703479
0.186076462,0.173313051,0.304828316,0.269399226
0.120234579,0.254049063,0.197437629,0.396066308
0.0652802214,0.325950295,0.109443054,0.502385378
0.0455541909,0.361970842,0.0764169246,0.552075744
0.0528250188,0.345837742,0.0870763734,0.535233796
0.0533584356,0.281353325,0.0909741744,0.448102683
0.0110386796,0.192845866,0.0280744415,0.319030374
-0.0869820341,0.115320742,-0.134267837,0.193516612
-0.217244461,0.0782099515,-0.34360832,0.127483204
-0.327785313,0.0903876573,-0.504391074,0.141976625
-0.363399804,0.134174228,-0.54787904,0.207585096
-0.295080602,0.172091827,-0.458611697,0.272030741
-0.137642369,0.163962677,-0.229162157,0.274800152
0.0544426925,0.0866131485,0.0854817182,0.155081794
0.211475462,-0.0532715954,0.342279524,-0.0803914741
0.280944765,-0.219671562,0.432969183,-0.335918665
0.251412749,-0.361394048,0.367935181,-0.530654371
0.155876085,-0.433556646,0.221784905,-0.62916559
0.0533747859,-0.416464597,0.0744397864,-0.621608078
-0.00117889931,-0.323156118,-0.00986956898,-0.510483325
0.016725421,-0.192352667,0.0171601512,-0.319932014
0.0918386206,-0.0705731362,0.144144252,-0.120854959
0.180385396,0.00774892326,0.292469114,0.00993650127
0.234717101,0.0326947719,0.380620152,0.0489129908
0.227679193,0.018492654,0.370302439,0.0258340519
0.164055228,-0.0083301235,0.275565684,-0.0189741366
0.0741892979,-0.0252078269,0.128085494,-0.0432474129
-0.00519290101,-0.0252723955,-0.00900728721,-0.045432955
-0.0513418727,-0.0185532756,-0.08538609,-0.0304127894
-0.0655732006,-0.0227199104,-0.110575698,-0.0354896076
-0.0681872591,-0.0493732579,-0.115191787,-0.0788434297
-0.0823206827,-0.0943999588,-0.136945769,-0.153444096
-0.117120072,-0.138565272,-0.191770613,-0.224566221
-0.160704151,-0.158561155,-0.261751235,-0.254598707
-0.187320814,-0.142411739,-0.305864573,-0.227753654
-0.174467891,-0.100050315,-0.289637953,-0.161415309
-0.119532205,-0.0619439743,-0.20419018,-0.100479759
-0.0453361385,-0.0649871454,-0.0786412209,-0.104470417
0.0099178534,-0.132199273,0.0143959932,-0.213826299
0.013780294,-0.256992012,0.0227431897,-0.406992823
-0.0396685749,-0.401327968,-0.0604442395,-0.596542835
-0.121614091,-0.510358512,-0.172221929,-0.699294031
-0.179023817,-0.537426651,-0.246039122,-0.709710717
-0.160140872,-0.467267931,-0.236957982,-0.655848861
-0.0426961444,-0.325294316,-0.0827366039,-0.507940829
0.149902314,-0.167369053,0.225817844,-0.275937378
0.353990376,-0.054343041,0.533623278,-0.0887273923
0.491821915,-0.0237415507,0.693592966,-0.0398159362
0.507061124,-0.0729362518,0.705695808,-0.106042363
0.392822713,-0.162589803,0.584791601,-0.243543118
0.198253199,-0.238755539,0.31790942,-0.380513132
0.00938199554,-0.262118965,0.0168882031,-0.424609691
-0.0879137143,-0.228803158,-0.147914439,-0.370018512
-0.0462981947,-0.171331316,-0.0882638916,-0.279736727
0.120862722,-0.138809517,0.184206888,-0.224011242
0.343999773,-0.166743636,0.509061873,-0.251959443
0.526879489,-0.253023595,0.68246001,-0.335182667
0.588221192,-0.353968263,0.689055502,-0.422382504
0.496998459,-0.403992534,0.611512244,-0.506010294
0.285934269,-0.349709421,0.415831357,-0.516473472
0.0374922492,-0.180904552,0.0641812831,-0.313745886
-0.151182458,0.0584808402,-0.249188423,0.0833464116
-0.208898142,0.286458015,-0.322756261,0.437407613
-0.119169317,0.419336379,-0.175378457,0.619023979
0.0746753886,0.410600871,0.109622277,0.616682172
0.28921622,0.272726506,0.435765028,0.417026132
0.436063617,0.0706604794,0.640159667,0.10581027
0.456923723,-0.109920673,0.658642232,-0.162054718
0.344113797,-0.203505844,0.518756747,-0.313671768
0.139164492,-0.194029793,0.228865445,-0.324403405
-0.0880419835,-0.117908895,-0.13959685,-0.205067903
-0.269114465,-0.0400018953,-0.426344812,-0.0638040602
-0.362641305,-0.0158503596,-0.556005716,-0.0156327188
-0.365190923,-0.0605950989,-0.557984054,-0.0807340294
-0.305054605,-0.14112173,-0.477588981,-0.206659272
-0.223850146,-0.195342615,-0.359306097,-0.300591409
-0.155902192,-0.167883649,-0.257844716,-0.272455335
-0.115091354,-0.0426873229,-0.196770862,-0.0774955153
-0.0941585824,0.145151332,-0.158217385,0.22977069
-0.0748792216,0.324681938,-0.113951728,0.499258637
-0.042385973,0.423267931,-0.0561777242,0.625916719
0.00440113759,0.401389331,0.0136786047,0.605148494
0.0514503382,0.269875079,0.089307189,0.437101692
0.0773775354,0.0812436566,0.135088816,0.144212469
0.0654715821,-0.0990027338,0.11233364,-0.159827366
0.0132489307,-0.224702761,0.0217815842,-0.364218056
-0.0654334053,-0.287332654,-0.10564699,-0.454684407
-0.146398291,-0.311278343,-0.229161978,-0.479443491
-0.205642,-0.330559164,-0.31479314,-0.493586987
-0.22857286,-0.362056553,-0.343107015,-0.527491689
-0.213483661,-0.391948819,-0.31880495,-0.564300358
-0.168381765,-0.38386327,-0.258001804,-0.565542042
-0.104161628,-0.303983539,-0.174272686,-0.475276053
-0.0289270058,-0.147732452,-0.0587390587,-0.250323772
0.0529669747,0.0490071885,0.0804399103,0.0720104575
0.137073174,0.222653374,0.218451902,0.34960252
0.213696286,0.313182056,0.328251094,0.471539408
0.266247123,0.296922177,0.406083286,0.444060355
0.2760382,0.201811612,0.433966786,0.312854469
0.232252717,0.0949343145,0.380138099,0.151658908
0.141768366,0.0474439636,0.240436643,0.0731090233
0.0322219804,0.0951833054,0.0584935509,0.148930997
-0.0556340441,0.216801107,-0.0866285563,0.345145464
-0.0846461505,0.342534453,-0.127542898,0.52453357
-0.0397998653,0.390396804,-0.0561557673,0.591226935
0.061030373,0.311169297,0.0991931483,0.494891971
0.171088502,0.117920578,0.282041788,0.202751473
0.233639106,-0.116726175,0.377457052,-0.179398745
0.208137944,-0.295393914,0.31885007,-0.454306901
0.0914177746,-0.345224172,0.139490321,-0.53638202
-0.0770962685,-0.255685866,-0.123900183,-0.418960571
-0.230114445,-0.0844893605,-0.371555746,-0.144344866
-0.301542312,0.0721631497,-0.475155085,0.113818206
-0.256833643,0.129753038,-0.409535497,0.215231821
-0.11021667,0.0596887842,-0.188041225,0.113227583
0.0799548328,-0.095877558,0.125247523,-0.146504402
0.236281678,-0.246701777,0.360361814,-0.379812926
0.296566993,-0.302754968,0.433303624,-0.455318302
0.241373569,-0.222724378,0.373765588,-0.359265983
0.102016866,-0.0370970406,0.17206043,-0.0787298903
-0.054679241,0.166364267,-0.0835162848,0.260990858
-0.157559559,0.287141681,-0.239407673,0.448808521
-0.163503826,0.263228148,-0.252564549,0.422035754
-0.0759055316,0.102631822,-0.123519331,0.187649861
0.0589746982,-0.120728105,0.0934124365,-0.185792014
0.175418586,-0.303883225,0.263213724,-0.463548541
0.219854921,-0.364864081,0.317525983,-0.545830786
0.175623864,-0.28033033,0.267775685,-0.447283596
0.069588989,-0.0926327407,0.114788584,-0.170520484
-0.0418331958,0.115336411,-0.0662854686,0.180549636
-0.100010641,0.262652129,-0.155699119,0.41729632
-0.0717177689,0.307551861,-0.108997464,0.486818135
0.0355974473,0.261144638,0.0573299676,0.424350888
0.177347347,0.173159033,0.284069389,0.285099298
0.291817009,0.100257911,0.458141655,0.15466097
0.327125698,0.0756205618,0.510180235,0.110626526
0.263077646,0.0958895311,0.425186157,0.140988871
0.11876037,0.130410209,0.206186026,0.205210939
-0.0565894954,0.144759998,-0.0818354413,0.237788394
-0.204702243,0.123240821,-0.322051853,0.204698563
-0.281934381,0.0770632029,-0.442301393,0.128444538
-0.275610983,0.0345872119,-0.440072924,0.0631865337
-0.206824332,0.0211390276,-0.339676589,0.0403651781
-0.119331844,0.0419244133,-0.203142002,0.0720724165
-0.0597989522,0.0790417567,-0.0996409878,0.131733716
-0.0578266978,0.104348533,-0.0930229798,0.172890678
-0.113940291,0.0997218564,-0.180340916,0.167023465
-0.200287178,0.0713350773,-0.319440544,0.118236169
-0.273600698,0.0479821824,-0.432378054,0.0813683718
-0.295001358,0.0632467046,-0.46506229,0.103032321
-0.248315901,0.131617203,-0.398728698,0.211438239
-0.148964092,0.23326017,-0.242522925,0.372135341
-0.039107047,0.318089366,-0.0611951463,0.496506453
0.0295910351,0.329079449,0.0509669036,0.513180614
0.0187601503,0.233454078,0.041876629,0.383687288
-0.0780755877,0.0449490808,-0.116309434,0.0850876346
-0.229700312,-0.175870761,-0.355749279,-0.268471241
-0.377700061,-0.345098227,-0.524996579,-0.47216934
-0.459610015,-0.392061353,-0.595222175,-0.496020883
-0.435068756,-0.291143119,-0.606175184,-0.398175061
-0.303376228,-0.0731866658,-0.48781988,-0.118658967
-0.104228079,0.188829124,-0.183566436,0.301440448
0.099116236,0.412229657,0.143582761,0.606416762
0.246740952,0.538925469,0.327457726,0.695860744
0.306601107,0.555257142,0.390436709,0.686309695
0.285171926,0.489419848,0.387917668,0.643771648
0.219425008,0.390298098,0.330140352,0.563899279
0.154635876,0.300476164,0.248501644,0.463141561
0.119748756,0.237738147,0.196865097,0.379157931
0.113332637,0.193277255,0.18722789,0.313729405
0.107634075,0.144985154,0.180643618,0.236408204
0.0685342029,0.0762319714,0.118455648,0.127885982
-0.0196307153,-0.011339996,-0.025439864,-0.0172846597
-0.138613135,-0.0978063196,-0.223093212,-0.157150224
-0.239923552,-0.156493708,-0.379777074,-0.244238481
-0.267312706,-0.169265389,-0.423105061,-0.261283726
-0.187257543,-0.136315063,-0.312290162,-0.216690719
-0.011395826,-0.0752659738,-0.03392528,-0.124129288
0.202026829,-0.0110788047,0.317668796,-0.0216320511
0.370387882,0.0365240946,0.559948623,0.0507403873
0.4230389,0.0606798977,0.627423406,0.0805081651
0.334371924,0.0664274395,0.525205672,0.0934123471
0.137063727,0.0632138327,0.240076914,0.0962661281
-0.0916174501,0.0567707196,-0.140518844,0.0907900259
-0.264256567,0.0459964946,-0.417259902,0.0769193396
-0.321938038,0.0264883246,-0.50202024,0.0504775643
-0.258506954,-0.00255806884,-0.420483828,0.00472245645
-0.119237565,-0.0338825658,-0.207102478,-0.0476806872
0.0243392866,-0.0543145537,0.0337244011,-0.0875472948
0.109903216,-0.0529899001,0.180825084,-0.0912926719
0.112020098,-0.0303410217,0.188439205,-0.0561820045
0.0488571487,-0.0011230068,0.0870935097,-0.00680114655
-0.0336893462,0.0121376095,-0.0521954708,0.0193100628
-0.0902071819,-0.0071630748,-0.149404794,-0.00834014919
-0.10020715,-0.0565785207,-0.168234348,-0.0878161937
-0.0757656544,-0.110736221,-0.129456028,-0.179638937
-0.049428232,-0.130965889,-0.0859847888,-0.216091216
-0.0507418625,-0.0850074068,-0.0877966657,-0.144724578
-0.0860034749,0.0331813246,-0.14424254,0.0474243201
-0.133548096,0.194874644,-0.215127975,0.308454216
-0.157543227,0.345546246,-0.235435277,0.524108887
-0.132174417,0.428446978,-0.186859086,0.626278162
-0.0616344251,0.411591053,-0.0868034065,0.616343081
0.0167783983,0.3042624,0.0313320048,0.485910296
0.0498201698,0.153894976,0.089139007,0.259683043
-0.00254248525,0.0240937956,0.00414950727,0.0417201035
-0.141673848,-0.0355704427,-0.227113888,-0.0602281243
-0.323153138,-0.0128758922,-0.498823434,-0.0223069005
-0.473450631,0.0623347312,-0.671856999,0.0923662558
-0.523308635,0.134198546,-0.708248854,0.190927655
-0.441559047,0.149192348,-0.634816647,0.223547265
-0.252254367,0.082326971,-0.407623559,0.14571707
-0.0260241516,-0.0516710617,-0.0518238693,-0.0716514513
0.150639385,-0.206822127,0.235989481,-0.32611692
0.213529229,-0.328426778,0.319733709,-0.496737033
0.148166925,-0.377405792,0.220954478,-0.568436086
-0.00602498697,-0.344372869,-0.00836114772,-0.539789259
-0.175800949,-0.247895271,-0.276346445,-0.395207971
-0.287820309,-0.120283365,-0.454220831,-0.190249547
-0.29961431,0.00956232473,-0.477091283,0.0169135928
-0.21389471,0.126461089,-0.349698246,0.2071127
-0.0713429227,0.227976322,-0.12011458,0.370323002
0.0723836571,0.31512183,0.113051131,0.490037113
0.172901779,0.382656932,0.26087907,0.562887907
0.214086071,0.416503757,0.314484656,0.592743695
0.209338889,0.400610566,0.311931461,0.57641989
0.189117938,0.328942209,0.294941872,0.497656405
0.182959929,0.214419156,0.298243314,0.342525661
0.205497697,0.0880056843,0.334754676,0.145256728
0.252315551,-0.0130209401,0.404625088,-0.0224880222
0.305557728,-0.061842192,0.475358874,-0.103151701
0.344436616,-0.0546292178,0.527777433,-0.0927071646
0.35446611,-0.011539381,0.542328656,-0.0275677219
0.331417263,0.0346771851,0.515817404,0.0456872173
0.279773504,0.0561797433,0.44843322,0.0822645351
0.208403736,0.0437796861,0.344171017,0.067569688
0.126761481,0.00922460761,0.213946387,0.0150459623
0.0433471948,-0.0249378271,0.077550523,-0.0421160832
-0.0340665132,-0.0415016115,-0.0556045435,-0.0697943047
-0.0981762633,-0.0407016575,-0.164132491,-0.0673150718
-0.143097177,-0.0405687392,-0.236762047,-0.0653081238
-0.166178405,-0.0648923069,-0.272791892,-0.101658918
-0.169072479,-0.125809222,-0.275081873,-0.197507754
-0.156606004,-0.211756572,-0.254163057,-0.329727501
-0.133586735,-0.288955897,-0.214513034,-0.44632709
-0.10154672,-0.317024231,-0.163886592,-0.490614682
-0.0580667779,-0.270983189,-0.101961292,-0.432927907
-1.00093395e-17,-0.157662421,-0.0100015467,-0.265103549
0.0707610399,-0.0168580934,0.111165449,-0.0347121432
0.142636687,0.0945280939,0.232025355,0.150774583
0.194718763,0.12805143,0.31778127,0.205156282
0.203622058,0.0663533136,0.336727709,0.108165346
0.154448554,-0.0683924258,0.261007369,-0.109842509
0.0504312888,-0.224164858,0.0875805914,-0.360289663
-0.0843655393,-0.341670692,-0.129637912,-0.526387453
-0.211766034,-0.378452539,-0.314234644,-0.555732071
-0.293166101,-0.323264867,-0.435231209,-0.473306566
-0.303799629,-0.195351958,-0.472945988,-0.29874751
-0.240682706,-0.0314002335,-0.396952212,-0.0518827066
-0.120705031,0.131282359,-0.20556879,0.215508059
0.0292305741,0.266364634,0.0434691831,0.423912793
0.18381533,0.360503584,0.276370823,0.537578702
0.325951397,0.407920361,0.453889102,0.558598757
0.445309013,0.40400511,0.576201856,0.514971435
0.531430125,0.344016939,0.665305972,0.42265445
0.568064988,0.228373274,0.724348485,0.285960138
0.535077453,0.0704436749,0.729283929,0.0918520615
0.41928035,-0.100046247,0.621810675,-0.150402695
0.22877562,-0.242916569,0.361939639,-0.381257206
0.00110000034,-0.32193619,0.00637649605,-0.506486654
-0.203024253,-0.320971191,-0.309991658,-0.489251614
-0.321263105,-0.252790838,-0.484734774,-0.37649104
-0.318099678,-0.154528216,-0.497286022,-0.234281972
-0.205616415,-0.0708362311,-0.343634605,-0.111075766
-0.0436756685,-0.0328131355,-0.0834818333,-0.049694784
0.0840864778,-0.04361986,0.136340231,-0.0698054284
0.109195918,-0.0784820542,0.184686303,-0.131647736
0.0135428803,-0.0990776867,0.0295360293,-0.170562819
-0.15803878,-0.0744350702,-0.252645344,-0.126337901
-0.316594243,0.00308406586,-0.493932605,0.00266205939
-0.372133285,0.11526262,-0.56266582,0.176356196
-0.280307949,0.229790077,-0.434982836,0.355044216
-0.0684556589,0.318980783,-0.115106881,0.500575066
0.174064532,0.3742643,0.255807787,0.559817493
0.338450938,0.407969445,0.468542635,0.552381456
0.351591438,0.441643625,0.475443572,0.576780796
0.215542391,0.488374054,0.307873815,0.654515803
0.00979042146,0.540422022,0.028674366,0.72630924
-0.146873489,0.570566654,-0.178064406,0.741544664
-0.157041535,0.547434092,-0.20295696,0.727933168
0.00252380315,0.456438333,0.00357294618,0.667416036
0.263738751,0.313894123,0.388447225,0.47736448
0.496159494,0.164967284,0.68302989,0.226797268
0.569239557,0.0648798868,0.754250765,0.0750618428
0.417649478,0.0523509867,0.623959005,0.0646624416
0.0770368725,0.129178673,0.146178976,0.196167454
-0.328226805,0.257213682,-0.467463732,0.372961402
-0.640055776,0.3750211,-0.697621882,0.423264802
-0.737928271,0.426118284,-0.687493443,0.41108039
-0.592005193,0.384527057,-0.672317684,0.445376009
-0.272998005,0.264859408,-0.419654548,0.415895104
0.0845846385,0.112425312,0.125725001,0.204956442
0.34626922,-0.0206730403,0.530381501,-0.0303595103
0.436512738,-0.100528687,0.636076331,-0.155899256
0.364659011,-0.124775112,0.554581702,-0.197268978
0.20787555,-0.118549727,0.340946198,-0.199744105
0.0631554797,-0.116976418,0.108122446,-0.198047131
-0.00468187174,-0.144928247,-0.00904437155,-0.237768799
0.00811527204,-0.205270514,0.00726202782,-0.329866737
0.0516121984,-0.280949622,0.0749920458,-0.442772418
0.058906775,-0.347892016,0.0863749981,-0.533648908
-0.0101264082,-0.389711976,-0.0163263958,-0.590089321
-0.143041551,-0.405039579,-0.211629242,-0.597275138
-0.280975729,-0.403659642,-0.398832679,-0.567258894
-0.352541417,-0.395076513,-0.489666432,-0.534376025
-0.315887034,-0.377946943,-0.454585701,-0.523336947
-0.185088992,-0.338115752,-0.292251766,-0.505130291
-0.0259064846,-0.257261336,-0.0556556173,-0.412125349
0.0771639049,-0.127030283,0.117555268,-0.217734382
0.0649508312,0.040487878,0.11103829,0.0564681925
-0.064768821,0.213405341,-0.0954840034,0.336339325
-0.254913211,0.352736562,-0.359605461,0.516467988
-0.417222381,0.430637807,-0.526262045,0.559447944
-0.476066321,0.443859398,-0.575500369,0.549271345
-0.405182123,0.414395273,-0.526757121,0.548468292
-0.238706782,0.376553148,-0.348452449,0.55429101
-0.051590275,0.357624382,-0.080637686,0.552045882
0.079639487,0.363233387,0.124209449,0.552280188
0.115054026,0.375844747,0.181396157,0.561216652
0.0689915344,0.367202342,0.11656592,0.555049658
-0.00104610797,0.317173988,0.00927694235,0.496927887
-0.0275311749,0.227551356,-0.0389755704,0.37383005
0.0296237897,0.122274071,0.0499746129,0.210321337
0.160522297,0.0337061211,0.259243935,0.0596679002
0.308699399,-0.0168164205,0.479083538,-0.0286166538
0.398187786,-0.0321376733,0.595391095,-0.057255514
0.370386332,-0.0375627019,0.566950619,-0.0656013787
0.212738886,-0.0645812452,0.354365587,-0.112405255
-0.033987876,-0.129459873,-0.0439037941,-0.215963215
-0.292307436,-0.219904333,-0.438810319,-0.331542253
-0.479916871,-0.298859179,-0.640772223,-0.387607813
-0.542173624,-0.324554831,-0.681754231,-0.394385904
-0.471521765,-0.275846928,-0.643452406,-0.36473912
-0.307221442,-0.167800754,-0.485663474,-0.253410578
-0.117648706,-0.0471916534,-0.208781719,-0.077982828
0.0259680226,0.0311517324,0.037891753,0.052319292
0.0736807212,0.0347323865,0.126921058,0.0583210215
0.0108863898,-0.0268736407,0.0270737149,-0.0437272601
-0.140487581,-0.105337761,-0.222241133,-0.17048052
-0.33171013,-0.139803097,-0.503017187,-0.211608768
-0.503243208,-0.0925072283,-0.698432446,-0.126407593
-0.601986051,0.0261277314,-0.772642612,0.0370770805
-0.595704436,0.158246472,-0.755796075,0.20625475
-0.481771469,0.226782441,-0.657779396,0.317728281
-0.288309991,0.177310377,-0.447129309,0.287948787
-0.0669148788,0.0110872528,-0.115469933,0.0367898047
0.122095406,-0.209694102,0.190433353,-0.325557649
0.228457227,-0.38921079,0.325732321,-0.56571269
0.229020134,-0.445090622,0.315776974,-0.63105458
0.136647716,-0.351115912,0.202440903,-0.543865323
-0.00346356607,-0.152696222,-0.00659625651,-0.267058253
-0.12994884,0.0540518872,-0.213871986,0.0807284489
-0.188481376,0.169745713,-0.301584035,0.275237203
-0.152942836,0.141593575,-0.248213634,0.241802827
-0.0356047712,-0.0101190973,-0.0614885576,-0.00178179506
0.118355319,-0.202737525,0.185728401,-0.316100687
0.249946043,-0.333593428,0.362770468,-0.497788042
0.310891479,-0.331968814,0.441764325,-0.48977679
0.282898277,-0.193787187,0.431075156,-0.313214898
0.183349058,0.0184918214,0.30156526,0.0133609902
0.0553707108,0.209816217,0.0970338434,0.328780711
-0.0525996126,0.301677138,-0.0730503649,0.474154919
-0.107965641,0.270303458,-0.162779421,0.435095012
-0.106101371,0.15432176,-0.168255404,0.264331937
-0.0683656186,0.0291033871,-0.11447604,0.0581532754
-0.0278227814,-0.0370970406,-0.0488378406,-0.0600204915
-0.0103014372,-0.0207745526,-0.0184318312,-0.0384283476
-0.0203823224,0.0458047651,-0.0334270336,0.0706256405
-0.0392035618,0.0956057981,-0.0632950068,0.159112424
-0.0350442342,0.0676748455,-0.0568969846,0.117542736
0.0185860079,-0.0550031066,0.0306115225,-0.0818524137
0.126218528,-0.231623575,0.195715889,-0.361682475
0.263292968,-0.38151142,0.367917985,-0.547722936
0.382427067,-0.424616605,0.493265033,-0.567990601
0.430817723,-0.323351085,0.574260414,-0.452028364
0.371551633,-0.104035541,0.555983484,-0.174377128
0.199913457,0.152957991,0.329737961,0.225426972
-0.0520691201,0.349146932,-0.0634773895,0.525940657
-0.324707806,0.411864817,-0.42900908,0.572232842
-0.549778819,0.324917048,-0.667410731,0.416315913
-0.672365189,0.132333085,-0.781101584,0.173103318
-0.66745019,-0.0845890939,-0.793856442,-0.0845043734
-0.545776606,-0.244165316,-0.707661569,-0.300453424
-0.347849816,-0.297206789,-0.512506962,-0.419098735
-0.129331574,-0.242057398,-0.221899301,-0.382512838
0.0562633201,-0.11811129,0.0808794498,-0.201438427
0.171547964,0.015541045,0.2772156,0.0173237287
0.202079713,0.104429178,0.330736518,0.162176505
0.155448735,0.115659393,0.262331814,0.186112165
0.0549339429,0.0434169136,0.101389319,0.0739692897
-0.0686968714,-0.0946138203,-0.10608872,-0.151750922
-0.184255973,-0.264568955,-0.284670651,-0.404945254
-0.264899999,-0.423553914,-0.376272738,-0.58532083
-0.29123491,-0.526391208,-0.383281589,-0.669694304
-0.254118502,-0.53421396,-0.34082669,-0.687975347
-0.157731801,-0.426148653,-0.240556389,-0.615300298
-0.0217936002,-0.211394042,-0.0521498509,-0.349948496
0.119550094,0.0648343638,0.185969487,0.091793336
0.224397272,0.328248858,0.338176459,0.481312603
0.255359977,0.49724099,0.352480203,0.657595754
0.194150746,0.513357401,0.274852008,0.687639475
0.0525466725,0.36773932,0.097268872,0.562056303
-0.126367256,0.109904237,-0.187705934,0.193774655
-0.279653728,-0.16812931,-0.429333717,-0.246113122
-0.346185863,-0.367839336,-0.491108209,-0.504428506
-0.290651739,-0.425120294,-0.415945441,-0.582495034
-0.119610593,-0.337083131,-0.200081557,-0.515553892
0.118413605,-0.16140753,0.171760738,-0.270000577
0.350306302,0.0121019352,0.527908981,0.00780400727
0.506721735,0.104275994,0.701802313,0.135765746
0.549330831,0.0827390105,0.739843786,0.105847508
0.484668106,-0.0263298471,0.691971838,-0.040965952
0.358066618,-0.156258434,0.545317233,-0.237425685
0.230443656,-0.237855658,0.361618578,-0.373766989
0.149029955,-0.237100765,0.232309639,-0.383564591
0.126258492,-0.172607437,0.199540347,-0.288061261
0.137131646,-0.103695378,0.219367191,-0.175191075
0.136172712,-0.0955729112,0.223148406,-0.158836737
0.0850747749,-0.180426091,0.143510491,-0.292549074
-0.0234865192,-0.335577756,-0.0321409442,-0.514745235
-0.158658907,-0.49101007,-0.221498609,-0.675151348
-0.265177071,-0.563077807,-0.340592414,-0.706249177
-0.291511536,-0.497321129,-0.392617404,-0.651256323
-0.218084857,-0.29825151,-0.345789164,-0.457166761
-0.0707707703,-0.0304862428,-0.136567205,-0.0598491095
0.0879080072,0.20976384,0.135875762,0.332327724
0.186215535,0.338724196,0.288056374,0.509206712
0.17608647,0.322687954,0.281762064,0.493844301
0.055420015,0.190810308,0.106876768,0.312426925
-0.130964801,0.0174233634,-0.202344134,0.0361456759
-0.311798602,-0.116373599,-0.478560001,-0.174256057
-0.420850962,-0.162004083,-0.614395499,-0.230450645
-0.4240942,-0.123959139,-0.62475127,-0.176022246
-0.330174714,-0.0521018393,-0.521889806,-0.0758507326
-0.180880889,-0.0108436756,-0.305612385,-0.0113987038
-0.0284444783,-0.0418596119,-0.0537011139,-0.0621178001
0.0876155943,-0.139782488,0.140520841,-0.224244133
0.152654022,-0.253222018,0.23741518,-0.398379713
0.17385447,-0.310391992,0.262239397,-0.479781657
0.166629806,-0.256320238,0.255143851,-0.411370933
0.140533313,-0.0831050873,0.225984275,-0.150428236
0.0938288867,0.161619082,0.154088467,0.249676108
0.0194862224,0.392139852,0.0375853963,0.580925345
-0.0824407563,0.519935966,-0.0994033888,0.712636352
-0.195522621,0.490719974,-0.252991498,0.677641094
-0.288532108,0.307030022,-0.41183272,0.465831548
-0.328821093,0.0272484627,-0.502533853,0.063072443
-0.300526768,-0.257452428,-0.454271048,-0.367340207
-0.21656765,-0.457612962,-0.313692331,-0.628521264
-0.115901984,-0.517009377,-0.171972007,-0.705395043
-0.0455260538,-0.429343104,-0.0777630731,-0.634390056
-0.0357573964,-0.235334784,-0.0663471892,-0.389253438
-0.0821717605,-0.0035631035,-0.139707521,-0.0175614413
-0.145025194,0.195920855,-0.231069073,0.311835617
-0.16806975,0.314758956,-0.253186524,0.48543331
-0.108048856,0.338486969,-0.162733972,0.525358796
0.0402834304,0.285115123,0.0617909692,0.458126605
0.237248868,0.192637071,0.369131625,0.308410525
0.414069414,0.101503246,0.609833777,0.148843423
0.504238486,0.0390057229,0.703851104,0.0464911424
0.47491771,0.0109998994,0.679671466,0.00422403449
0.34254986,0.00325295725,0.53499794,-0.00557143288
0.164885625,-0.00891087484,0.280098349,-0.021204235
0.0136970198,-0.0469782874,0.0284832735,-0.0792940035
-0.0578308254,-0.117358312,-0.0980323628,-0.189223275
-0.0367976204,-0.206315473,-0.0667256415,-0.330590516
0.0485776477,-0.284177244,0.0665601119,-0.444679201
0.147713587,-0.317490309,0.217055559,-0.490521044
0.214734823,-0.284277529,0.319682926,-0.441923797
0.229120687,-0.185804769,0.355540276,-0.305116713
0.199895427,-0.0492761023,0.325109988,-0.0914252698
0.153204605,0.0805172399,0.252835393,0.123524003
0.112452485,0.157759368,0.187041804,0.255126387
0.083707951,0.153666243,0.143821344,0.253269345
0.0550269559,0.0682663843,0.0986458361,0.118192539
0.00930199679,-0.0693910122,0.0186854117,-0.110028766
-0.0583187193,-0.212866962,-0.0919607952,-0.340634078
-0.130394042,-0.316760987,-0.204059407,-0.487311751
-0.1721095,-0.353835672,-0.266353607,-0.530169845
-0.14953889,-0.323439837,-0.239184245,-0.494380206
-0.0510657467,-0.248001382,-0.0956848636,-0.397835195
0.100994945,-0.159978405,0.151994273,-0.263699234
0.256656319,-0.0859818161,0.400271505,-0.140937001
0.360525817,-0.0357209221,0.54854244,-0.0615444258
0.37879622,-0.000607156253,0.575400889,-0.00843567029
0.316304862,0.0381997861,0.498466372,0.0503116176
0.213839054,0.0971844867,0.35279876,0.146572858
0.126452714,0.180129856,0.209732562,0.285221994
0.0940956399,0.275213391,0.152397364,0.429945976
0.120411538,0.360529929,0.184462219,0.543356657
0.171430036,0.414592862,0.253591418,0.599755943
0.195165187,0.426036656,0.286759496,0.607805431
0.151657432,0.397630066,0.233199537,0.583777189
0.454438746,-0.120565385,0.644179344,-0.134051532
0.499175727,-0.110212021,0.688999295,-0.182892516
0.348913163,-0.101816051,0.539753079,-0.165012479
0.079407379,-0.0983317569,0.146085322,-0.172165856
-0.188151896,-0.10158547,-0.298399419,-0.165944934
-0.344181031,-0.11552345,-0.527680516,-0.170141414
-0.338282228,-0.146379009,-0.522105813,-0.211684421
-0.195108309,-0.198133692,-0.323309898,-0.303076357
0.00670945318,-0.265429616,-0.00339694181,-0.416397452
0.178836033,-0.328968883,0.260597855,-0.500093341
0.266131371,-0.358241558,0.38059026,-0.524839997
0.266308457,-0.32277751,0.389957607,-0.486077815
0.218728557,-0.207836702,0.339301825,-0.338632375
0.172227249,-0.0266461726,0.278215349,-0.0578847975
0.152840883,0.178453282,0.248103395,0.27723062
0.150836304,0.348822176,0.2314585,0.522289932
0.133793414,0.432066977,0.204129487,0.623752713
0.0762329549,0.404403418,0.123902567,0.600812376
-0.0140279653,0.281980813,-0.00964843016,0.452354491
-0.090925239,0.115018085,-0.141065672,0.200362742
-0.0919708237,-0.0331715383,-0.153974459,-0.0465151928
0.0242544301,-0.112646461,0.0277903304,-0.181895852
0.246581376,-0.10633713,0.378661215,-0.171551898
0.50556308,-0.0336310491,0.693507016,-0.0550062172
0.699930668,0.0628074706,0.805804431,0.0593516007
0.743551612,0.139400601,0.803716838,0.137965947
0.608938873,0.17134729,0.75938344,0.201513708
0.34384653,0.15992187,0.533330679,0.230831265
0.0509349443,0.124952108,0.102776088,0.199916795
-0.160155892,0.088385433,-0.252653241,0.148592785
-0.224176005,0.0595559441,-0.363473505,0.102773428
-0.148787767,0.0312035624,-0.252467096,0.0591141656
-0.00579243945,-0.0115931844,-0.0183509104,-0.0122901462
0.109840974,-0.0756131783,0.178750128,-0.122408524
0.131247312,-0.147530615,0.215815946,-0.242299557
0.0542509928,-0.194745585,0.0917001516,-0.322238564
-0.0624847375,-0.180544317,-0.101400435,-0.300749391
-0.131026477,-0.0861975774,-0.220760703,-0.147345454
-0.0830026567,0.0726147071,-0.147043526,0.117164835
0.092355229,0.245835647,0.13746351,0.39081946
0.340684146,0.367986083,0.47228235,0.514682412
0.568662703,0.388023525,0.671542466,0.452433169
0.689409316,0.29524827,0.754354417,0.315095842
0.663215339,0.127286702,0.79052341,0.147393122
0.513220966,-0.0452315286,0.715441227,-0.0665743202
0.309639633,-0.150702208,0.485687643,-0.239060059
0.132724941,-0.149671227,0.21858111,-0.253453761
0.0349183567,-0.0524028353,0.0545302778,-0.0968361348
0.0214312077,0.0880128294,0.0332225785,0.140033275
0.0572285578,0.203311369,0.0922469199,0.328643888
0.0937060788,0.243968919,0.15533343,0.391992688
0.0984464884,0.201729596,0.166356087,0.329673201
0.0713750347,0.109365277,0.125769049,0.185011297
0.0397555754,0.0186713133,0.0704559833,0.0326347649
0.0370794944,-0.030492302,0.0611495674,-0.0507304482
0.0796958208,-0.0325369947,0.127740994,-0.0569754094
0.15528439,-0.0172336567,0.249944195,-0.0302702896
0.229368329,-0.0289655719,0.368671387,-0.0495378375
0.265027255,-0.0960925147,0.421923965,-0.153451353
0.243390426,-0.208414987,0.381114393,-0.325048268
0.172642663,-0.316746891,0.263492286,-0.487652928
0.0807505846,-0.356542885,0.11919494,-0.549037933
-0.00279896194,-0.2838552,-0.0102752484,-0.458020031
-0.0643858984,-0.104156964,-0.11312715,-0.182467401
-0.111757182,0.122735731,-0.184537739,0.19237338
-0.164302737,0.306364506,-0.246494383,0.470803946
-0.234574214,0.367492288,-0.33297196,0.543800414
-0.313448101,0.277444035,-0.452199847,0.422483385
-0.369656533,0.0746041685,-0.550937057,0.129867584
-0.365883827,-0.151191652,-0.550374091,-0.208738491
-0.283153564,-0.299469292,-0.431922376,-0.433800101
-0.139053792,-0.305339396,-0.230495051,-0.471246064
0.0125692161,-0.168464527,0.00654356647,-0.285463721
0.103176154,0.0492058545,0.165771455,0.0687934086
0.0830018669,0.255155385,0.139159068,0.39654699
-0.0506833792,0.371041238,-0.0621910207,0.55976963
-0.246392548,0.367988467,-0.341374695,0.54208672
-0.418127388,0.275509238,-0.574383736,0.396572948
-0.483915418,0.161102265,-0.667833805,0.235471562
-0.404776037,0.0925692618,-0.603007555,0.147276431
-0.204558611,0.103276163,-0.342096418,0.173138306
0.0399214402,0.177973539,0.0533898883,0.291538358
0.234304026,0.265145123,0.357139587,0.40297842
0.310563684,0.307647854,0.463618964,0.443403214
0.257778227,0.274237692,0.401347011,0.41150707
0.124637268,0.175094828,0.217380911,0.284112006
-0.00732263457,0.0539801344,-0.00236768485,0.09371268
-0.0660736114,-0.037315283,-0.109833173,-0.0582239479
-0.0255578086,-0.0672059059,-0.0507109538,-0.111280128
0.0821728632,-0.0394680984,0.128593668,-0.0669011623
0.18519713,0.0124859428,0.297722369,0.0149003183
0.210966796,0.0480191186,0.345979482,0.0731349662
0.126445174,0.0448783189,0.220042318,0.0698285624
-0.0415883735,0.0130155738,-0.0595134459,0.0206239168
-0.216982782,-0.0114091225,-0.346471101,-0.0177019518
-0.310931087,0.0115143787,-0.489054084,0.0214851815
-0.267136306,0.0993070081,-0.430314094,0.160039619
-0.0929301456,0.232297108,-0.161324307,0.374007881
0.139780343,0.359040499,0.20508191,0.542243421
0.32544288,0.419784606,0.449953258,0.571823657
0.373826712,0.375890404,0.520544291,0.510011137
0.254015595,0.229775071,0.407893866,0.353405833
0.0121166408,0.0249001253,0.0411952846,0.0457462072
-0.246705309,-0.174156368,-0.3783198,-0.267555475
-0.404623657,-0.311152309,-0.568580627,-0.423739851
-0.38515988,-0.362087965,-0.538211107,-0.487157524
-0.189902842,-0.341840953,-0.303272218,-0.506321013
0.0995124578,-0.291181743,0.133649901,-0.454451084
0.355918676,-0.252081692,0.508220613,-0.375944614
0.46259743,-0.244915456,0.634727538,-0.345788747
0.365603656,-0.259447485,0.535140395,-0.383470505
0.0986419246,-0.263586283,0.167869776,-0.427285463
-0.231008694,-0.224244684,-0.351301819,-0.357566863
-0.489340067,-0.128445685,-0.683603942,-0.178649589
-0.574094594,0.00680804858,-0.761992991,0.0145273414
-0.458461821,0.140939713,-0.657660007,0.206975549
-0.200473636,0.228711724,-0.32704404,0.36732918
0.0855060145,0.241481677,0.128447086,0.394940972
0.281301349,0.179887027,0.439492881,0.282361388
0.316694856,0.0720201433,0.502286792,0.109066844
0.196585089,-0.0410935469,0.333162993,-0.0711705014
-0.00814055465,-0.124600314,-0.0028810082,-0.210406348
-0.200106323,-0.163720563,-0.316436887,-0.260876954
-0.304952413,-0.166147619,-0.473352581,-0.252727479
-0.306162298,-0.153064385,-0.480048925,-0.228317916
-0.248419449,-0.144685954,-0.399792522,-0.222777888
-0.208812445,-0.14844659,-0.338311166,-0.232549787
-0.251476765,-0.155774713,-0.39461416,-0.242632166
-0.389518946,-0.148388162,-0.574764431,-0.218202889
-0.574168086,-0.110054791,-0.747614205,-0.139282927
-0.71703285,-0.0373362601,-0.811544359,-0.0342395343
-0.734280884,0.0561066717,-0.811290741,0.0683900043
-0.590223253,0.143488109,-0.754188359,0.188214824
-0.317984372,0.194980443,-0.492646307,0.304234862
-0.00656724349,0.189271197,-0.0221769363,0.31924504
0.239299834,0.12189348,0.379788309,0.199218035
0.346423835,0.00749638351,0.539064765,0.0100264549
0.304060638,-0.124239907,0.479377568,-0.195974708
0.163703755,-0.237316757,0.265679687,-0.379270405
0.00905077253,-0.300034851,0.0157849826,-0.474818289
-0.0874851197,-0.294649929,-0.143671215,-0.464596421
-0.0990911797,-0.223483026,-0.168774009,-0.361980289
-0.0526928678,-0.109449416,-0.0969923884,-0.183378085
-0.00820052717,0.0099934442,-0.0181434881,0.0124361552
-0.0213970672,0.0946773887,-0.031803377,0.155760482
-0.111125179,0.116170637,-0.174041346,0.19198285
-0.248321071,0.0696916655,-0.387623489,0.117021807
-0.372058839,-0.0219408143,-0.560394049,-0.0235150158
-0.42300579,-0.115444109,-0.621475577,-0.158018216
-0.375555634,-0.163898915,-0.56473428,-0.232571915
-0.251188755,-0.136982098,-0.409298629,-0.211486563
-0.106331356,-0.0356277637,-0.187930107,-0.0606241263
-0.00206226576,0.10643252,-0.00754249096,0.171033844
0.0273262803,0.236265376,0.0472284034,0.375640005
-0.0101641035,0.305153042,-0.00565965706,0.478167862
-0.0724418983,0.291064054,-0.103678577,0.4621948
-0.109723866,0.208978027,-0.170122296,0.344054997
-0.0937624425,0.103242509,-0.153229132,0.180015609
-0.0334938318,0.0250231158,-0.0595747158,0.0471819639
0.031200774,0.0058493996,0.0481186062,0.00873180572
0.0534395017,0.0409249179,0.0881552696,0.0639341623
0.00701383129,0.0914341137,0.0163133517,0.147390828
-0.0978834704,0.105444841,-0.152377367,0.173589513
-0.219430283,0.0470350571,-0.347928435,0.0834636986
-0.306299627,-0.0816732422,-0.476672769,-0.11487662
-0.324415624,-0.237856522,-0.488642544,-0.34257105
-0.27349627,-0.357196093,-0.406485856,-0.508578897
-0.184824511,-0.385828078,-0.283118039,-0.56404388
-0.102543123,-0.308675647,-0.169621095,-0.484678656
-0.0598582067,-0.159022138,-0.105550379,-0.268682182
-0.0637303293,-0.00355115579,-0.10839355,-0.0134509197
-0.095920451,0.0901321992,-0.15539293,0.147864684
-0.128245115,0.0870266706,-0.207344934,0.148993134
-0.141602486,0.00187221856,-0.230366141,0.0129348459
-0.136627391,-0.109252512,-0.224922836,-0.172085524
-0.129585415,-0.178711101,-0.215213448,-0.286394328
-0.136720881,-0.162976325,-0.225306213,-0.266847044
-0.15783003,-0.0654347464,-0.262663633,-0.111634746
-0.170667753,0.0657427385,-0.281827331,0.105576314
-0.141282454,0.163575903,-0.230199888,0.267297804
-0.0453294963,0.178336069,-0.0759093761,0.298157007
0.11210452,0.104528837,0.181224823,0.180423424
0.290924758,-0.0155792041,0.454559296,-0.0212589018
0.430003792,-0.113819212,0.623495817,-0.170304582
0.474904627,-0.131830975,0.666622102,-0.197151616
0.405163378,-0.0518018492,0.601710737,-0.0923962817
0.24629052,0.0938510895,0.400333494,0.13330932
0.0593729466,0.238712907,0.107212864,0.370739222
-0.0868980736,0.315733969,-0.124625303,0.491643161
-0.147454023,0.290185958,-0.221989498,0.459806591
-0.119328685,0.175365552,-0.192441031,0.297432214
-0.0384837911,0.0237511843,-0.0649274886,0.0517592728
0.0420637205,-0.100618698,0.0669383556,-0.163632527
0.0799468532,-0.153298527,0.127806872,-0.254793584
0.0617236011,-0.127939224,0.101231046,-0.219087735
0.00278138439,-0.0537317209,0.00462904014,-0.0969497338
-0.0688742325,0.0247513782,-0.112817407,0.0377216712
-0.133272633,0.0725909621,-0.217288092,0.121421628
-0.189821273,0.0800698772,-0.306215167,0.135561958
-0.252044916,0.0609454587,-0.398783386,0.103245191
-0.329503328,0.036368344,-0.507993937,0.0640340969
-0.40959689,0.0158886872,-0.606237888,0.0311564784
-0.453116298,-0.0116134994,-0.655435562,-0.00775193796
-0.409667432,-0.0706874877,-0.610863566,-0.0935900956
-0.246753216,-0.179798365,-0.398938984,-0.266947746
0.0234192964,-0.331763595,0.0172596183,-0.499602586
0.336321592,-0.487347811,0.418579787,-0.629891515
0.594564736,-0.588195443,0.56125176,-0.577432871
0.707791865,-0.584093392,0.583593607,-0.496517777
0.634263933,-0.460594952,0.648028433,-0.480720311
0.402753025,-0.251587778,0.574141443,-0.372687757
0.102188379,-0.028602438,0.181701601,-0.0691710263
-0.15744251,0.129194289,-0.24599579,0.203622639
-0.29453674,0.169897974,-0.450758874,0.272477686
-0.291520149,0.0912357494,-0.458069652,0.157997668
-0.19920294,-0.0607515872,-0.328048497,-0.0843220353
-0.108052306,-0.215639025,-0.179158539,-0.337192744
-0.101157077,-0.312461436,-0.158791378,-0.485171437
-0.212497398,-0.326021105,-0.319201201,-0.494719416
-0.410802662,-0.272812784,-0.576167345,-0.385380715
-0.615812719,-0.195055261,-0.757344723,-0.235019013
-0.737423718,-0.13310571,-0.803307295,-0.134221166
-0.717504382,-0.102334566,-0.803126097,-0.102988482
-0.554285228,-0.087293528,-0.741617203,-0.105892427
-0.299402952,-0.0557016507,-0.483945638,-0.0785894245
-0.0319427624,0.0167340301,-0.0686676204,0.0303010289
0.175540701,0.125890702,0.277426034,0.198581651
0.28221187,0.235934258,0.433395773,0.351254761
0.285545409,0.296102196,0.433672637,0.432413846
0.210596442,0.268907636,0.337304056,0.411952019
0.0918566883,0.154185146,0.164516404,0.256642461
-0.0407218263,-0.00494810287,-0.0582579412,-0.00206136028
-0.165294275,-0.138749957,-0.265054882,-0.220375448
-0.263324291,-0.182608142,-0.413140178,-0.283044189
-0.314188778,-0.108161174,-0.49205932,-0.16937466
-0.296609342,0.0619161166,-0.473385125,0.0940954909
-0.198444247,0.262959361,-0.314616978,0.407178491
-0.0290580411,0.416716129,-0.0459090471,0.61935246
0.175213188,0.465173453,0.246334285,0.655365944
0.359286189,0.393738002,0.494048446,0.538928747
0.470211178,0.233650789,0.650872231,0.32044673
0.481369525,0.0441374257,0.687507629,0.0604381822
0.407073438,-0.115585037,0.605554163,-0.174953297
0.298425734,-0.210481122,0.457252651,-0.326503426
0.220742419,-0.239472046,0.339838266,-0.378891408
0.222841039,-0.228450388,0.339674473,-0.36273244
0.313380331,-0.212540716,0.463749975,-0.325763553
0.456281275,-0.217856079,0.626456678,-0.308577836
0.58761102,-0.251480699,0.720297873,-0.317395806
0.645370007,-0.302726507,0.731825769,-0.352749586
0.597303331,-0.352483958,0.689529896,-0.416423053
0.453473926,-0.384118855,0.584954619,-0.502102792
0.25875777,-0.390180409,0.37157166,-0.565659761
0.0708326697,-0.372925669,0.106428608,-0.570589781
-0.064085722,-0.340584219,-0.103578165,-0.527794421
-0.125908256,-0.302976012,-0.20365119,-0.470475316
-0.120565385,-0.268953562,-0.198352814,-0.422983617
-0.0686193407,-0.245545939,-0.119246699,-0.390891433
0.00840604492,-0.236887753,0.00551924109,-0.380366057
0.0955368206,-0.241494462,0.144732207,-0.386419833
0.182953626,-0.248844266,0.279553175,-0.392223984
0.259732664,-0.238568798,0.392730236,-0.370516747
0.310123473,-0.185635448,0.46849966,-0.292242438
0.317522466,-0.0719124153,0.490324706,-0.12424925
0.275022864,0.100156926,0.435478389,0.142198533
0.195404157,0.299413711,0.305672526,0.446209222
0.111977696,0.470358849,0.169698671,0.661188662
0.0663222224,0.551704288,0.0970414877,0.737894654
0.0871973708,0.503031135,0.128288254,0.702029347
0.171755418,0.327526331,0.266024292,0.50692755
0.280945659,0.0784064829,0.446107268,0.134746701
0.354452968,-0.156984627,0.535712361,-0.235562116
0.339791805,-0.290856242,0.49288556,-0.43037197
0.221290186,-0.272341073,0.340323091,-0.430626929
0.0330836475,-0.111166224,0.0558098778,-0.202330738
-0.152512833,0.12451084,-0.245822743,0.189227179
-0.257205516,0.336482286,-0.376351833,0.496283859
-0.234112054,0.438837767,-0.325962961,0.622588634
-0.0913579985,0.39491415,-0.135916516,0.599685967
0.110615626,0.231680647,0.176836044,0.383936822
0.287137032,0.0250409469,0.454259872,0.0480734743
0.368692726,-0.136572361,0.555460036,-0.208745092
0.331697583,-0.192709178,0.501831949,-0.299926579
0.205462798,-0.136414483,0.331353337,-0.233443975
0.0529305711,-0.0134590613,0.092699632,-0.0349792577
-0.0634543672,0.102962814,-0.103113361,0.166245118
-0.112032972,0.148709223,-0.180706471,0.247566119
-0.102687031,0.0984711945,-0.167929128,0.170611516
-0.073834382,-0.0245717466,-0.122532673,-0.0309940819
-0.0647936314,-0.162024528,-0.105792351,-0.259821594
-0.0903921649,-0.248189494,-0.146322399,-0.396342933
-0.132612824,-0.238319859,-0.214906231,-0.38243854
-0.153595388,-0.124503344,-0.256835997,-0.209437072
-0.121602744,0.0659512952,-0.208133489,0.103683844
-0.0339801423,0.285718411,-0.058260113,0.447712421
0.0770082101,0.486679316,0.110987656,0.681965828
0.15946117,0.633773565,0.20413585,0.769116282
0.169788122,0.709121883,0.201744199,0.786672413
0.097336255,0.708401799,0.12356203,0.798104942
-0.0285378713,0.635248303,-0.0200273544,0.785433412
-0.153180689,0.498810202,-0.195148721,0.689998806
-0.224904433,0.315548331,-0.32800287,0.487637401
-0.220866144,0.111994222,-0.350401998,0.194365293
-0.156135604,-0.0764169991,-0.259154826,-0.111790784
-0.0713464469,-0.213037878,-0.121371932,-0.339066416
-0.00675059948,-0.272148758,-0.0174919926,-0.432981879
0.021697998,-0.249564677,0.0291736424,-0.406529635
0.0299636126,-0.165354475,0.0428321138,-0.276719183
0.0527381785,-0.0560660996,0.0834301189,-0.0991353095
0.117407754,0.0403402969,0.190656543,0.0630773678
0.221067786,0.0992803872,0.35250926,0.15832004
0.325145692,0.116363607,0.502065837,0.176681593
0.372229874,0.103000917,0.565026283,0.14838776
0.316758245,0.0741050392,0.500160933,0.109093115
0.152724937,0.0359277092,0.262955993,0.053099405
-0.0775061697,-0.0179675128,-0.116185851,-0.0322705954
-0.299195707,-0.0996389166,-0.46166873,-0.151193663
-0.438408941,-0.212842122,-0.620675981,-0.288224936
-0.455255419,-0.341498941,-0.610709965,-0.439015687
-0.359924734,-0.449374229,-0.484054804,-0.578370929
-0.203567669,-0.493706137,-0.291024417,-0.665689468
-0.0496312268,-0.447049856,-0.0870193094,-0.648094833
0.058468271,-0.315616935,0.0795041099,-0.498781145
0.116070978,-0.142732814,0.183525071,-0.24682954
0.153223902,0.0069027897,0.250049025,0.00408966327
0.211526841,0.0761589855,0.342168331,0.120946005
0.315891474,0.0436689928,0.492225021,0.069054991
0.457408071,-0.0636263937,0.655477226,-0.0904850885
0.59658283,-0.181399688,0.746717215,-0.233688831
0.684372485,-0.238350466,0.761398137,-0.277928233
0.688533068,-0.191755295,0.776124299,-0.228860766
0.610330403,-0.0504185483,0.770586014,-0.0786372796
0.48273173,0.127020523,0.678523898,0.160392657
0.35201937,0.258407444,0.522964239,0.364997804
0.253966123,0.276679486,0.39357692,0.416496873
0.198093429,0.162173271,0.324002415,0.264306068
0.168040127,-0.0469156913,0.281570911,-0.069856979
0.136255816,-0.270737708,0.216630086,-0.421217471
0.0830482244,-0.422569871,0.116015002,-0.623256147
0.00822511408,-0.445523411,0.00572881754,-0.651229501
-0.0710298344,-0.334410697,-0.116075464,-0.522989273
-0.133381501,-0.133985683,-0.224462017,-0.229538605
-0.168032542,0.0835861042,-0.277815342,0.130915403
-0.180651367,0.249880463,-0.283298165,0.392210424
-0.186424091,0.32529363,-0.277331531,0.499312758
-0.195044562,0.308137596,-0.289493114,0.47753492
-0.198466495,0.22674796,-0.305706978,0.364768118
-0.171286017,0.12162637,-0.275935918,0.207157284
-0.0859053358,0.0278213695,-0.147928625,0.0538446084
0.0653377846,-0.0348002948,0.100861587,-0.0544378385
0.2548877,-0.0616924651,0.397879213,-0.100437768
0.423190296,-0.0579380356,0.61640197,-0.0927593783
0.502288342,-0.032409884,0.701277494,-0.0546584353
0.4494946,0.00464095222,0.65452534,-0.00538133644
0.273380041,0.0410457067,0.443850249,0.054136686
0.0364264548,0.0625742972,0.074375324,0.0975375324
-0.169971451,0.0561780743,-0.270748615,0.0949419513
-0.267625839,0.0163717698,-0.426044971,0.0341601819
-0.230020598,-0.0491385311,-0.377055645,-0.0689876527
-0.0967210084,-0.119618528,-0.169864565,-0.188970476
0.045209866,-0.169609174,0.066722542,-0.276561797
0.104814507,-0.182498097,0.166675165,-0.300211787
0.0343944952,-0.162012339,0.0604987144,-0.2733998
-0.14396821,-0.133812964,-0.228316903,-0.223606184
-0.346821815,-0.133956134,-0.522940218,-0.200907886
-0.469370455,-0.188529,-0.655892491,-0.250848413
-0.437519342,-0.294983953,-0.606695771,-0.388163775
-0.245910361,-0.416535109,-0.36379382,-0.576142907
0.0372416452,-0.495164365,0.0308103748,-0.687768996
0.30106768,-0.478883594,0.380775213,-0.640814185
0.443410456,-0.350203216,0.578588903,-0.476483405
0.417366713,-0.140422687,0.607281268,-0.221613809
0.250620842,0.0796051845,0.408278883,0.108050011
0.0291744061,0.229764655,0.0606841184,0.362011045
-0.145206019,0.25801459,-0.216584593,0.412239671
-0.202109799,0.165914029,-0.317628175,0.277890831
-0.1314082,0.00845592562,-0.221248716,0.0283815432
0.0184986386,-0.132922083,0.0226037055,-0.21090138
0.169753,-0.19121173,0.262009114,-0.309002727
0.254950494,-0.147787884,0.396846265,-0.243457511
0.247449771,-0.0415008217,0.395549804,-0.0798144415
0.168200672,0.0525128096,0.282249182,0.0757775754
0.0682047829,0.0638671592,0.12135873,0.106793284
-0.00194372982,-0.0334533192,0.00183661468,-0.0481861234
-0.0185485203,-0.204033732,-0.0310798027,-0.322767586
0.00588504318,-0.366334766,0.00191304216,-0.554595888
0.0336208679,-0.43334654,0.0396719687,-0.636718094
0.0252160933,-0.358032823,0.0305610914,-0.555904567
-0.0379596464,-0.15997161,-0.0661524683,-0.276640236
-0.144028857,0.0811524615,-0.236610606,0.121093765
-0.257804871,0.262674451,-0.385426641,0.400322855
-0.339758754,0.308393091,-0.480369866,0.453955621
-0.365912378,0.205566064,-0.534268141,0.317576706
-0.338260174,0.010909535,-0.520876825,0.0334064774
-0.281154573,-0.177267477,-0.440094203,-0.261810124
-0.226791769,-0.266648024,-0.356212586,-0.40517965
-0.198323533,-0.214443296,-0.320341408,-0.342770308
-0.199591115,-0.0456775278,-0.331104815,-0.0832660571
-0.216217905,0.161803484,-0.346630603,0.253286958
-0.226433143,0.316835046,-0.336573064,0.478488028
-0.215011984,0.358436733,-0.311057776,0.537440419
-0.182568133,0.281881541,-0.274976969,0.446780503
-0.145404637,0.135794967,-0.232839137,0.233642921
-0.126372308,-0.00610225787,-0.208007395,-0.00180761132
-0.141871899,-0.0826038867,-0.234142587,-0.133732438
-0.191947341,-0.0725298673,-0.313602,-0.120059505
-0.25864476,0.000603868219,-0.413582921,-0.00108796067
-0.313548177,0.0867730901,-0.487840831,0.136035591
-0.330848634,0.138778895,-0.506285369,0.218306378
-0.299639583,0.136336565,-0.466782272,0.220031098
-0.229519755,0.0928320289,-0.370025456,0.15835543
-0.146731332,0.0429906212,-0.244490266,0.0785143897
-0.0824648589,0.0201030988,-0.139771447,0.037811093
-0.0586256161,0.0363444947,-0.0979632512,0.0602212884
-0.0776510239,0.0768805966,-0.125121847,0.125886187
-0.121293485,0.110007234,-0.195975229,0.182101443
-0.159297898,0.106531136,-0.256529212,0.178980857
-0.164286718,0.0569684245,-0.266974419,0.101892844
-0.125966549,-0.02286846,-0.209934533,-0.0294494312
-0.0575674959,-0.100285619,-0.100388534,-0.161061153
0.00940630212,-0.142687589,0.0100568002,-0.23572135
0.0406439453,-0.133456498,0.0646508262,-0.22466971
0.0179633163,-0.0784916133,0.0302951466,-0.137278438
-0.0476067886,-0.000992378104,-0.0785986707,-0.00706723239
-0.116161048,0.0713491216,-0.190911144,0.115306146
-0.134444669,0.119011253,-0.220795169,0.197644308
-0.0609042533,0.136611328,-0.104236849,0.230344251
0.110968992,0.130412132,0.176087528,0.218232781
0.342854172,0.110803276,0.517967641,0.169528514
0.561968625,0.0856375173,0.742287457,0.106837921
0.689017117,0.0587162599,0.805130899,0.0581830591
0.672274649,0.0334202759,0.80196923,0.0293369498
0.512280405,0.0174566004,0.713649154,0.0150896385
0.264855087,0.0236678161,0.434939265,0.0255860519
0.0196874943,0.0645663068,0.0440015979,0.0986184329
-0.136739701,0.142986819,-0.218467355,0.231472313
-0.15725936,0.244863093,-0.249893159,0.388433844
-0.0524889603,0.34005338,-0.0854111761,0.527644932
0.116876602,0.393015862,0.173518777,0.586473227
0.269957125,0.379187703,0.39195624,0.545003235
0.343063414,0.298705786,0.502576947,0.429899752
0.316431254,0.179410279,0.491036743,0.272405386
0.217880413,0.0661577284,0.360647261,0.103452317
0.102904163,0.000775336463,0.176892579,-0.00305223372
0.0227001607,0.00245712954,0.0382246226,-0.00027120157
-0.00254339725,0.0587942898,-0.00585986627,0.0957095772
0.00878997799,0.132432505,0.0140206059,0.217356756
0.0144888535,0.180195004,0.0268769432,0.294600874
-0.0235152021,0.174812779,-0.0311786663,0.288034022
-0.11411082,0.117908612,-0.178603828,0.198125213
-0.229163557,0.037536636,-0.362908363,0.0650640354
-0.317333817,-0.0280768536,-0.494002938,-0.0376000851
-0.331791908,-0.0514736623,-0.517022252,-0.0750846863
-0.256210744,-0.0300134588,-0.416845977,-0.0428029113
-0.114339486,0.0145741301,-0.199171662,0.0280172303
0.042321559,0.0505344495,0.0632429942,0.0864888355
0.161859199,0.0558535568,0.265468866,0.0911193192
0.218860745,0.0318664573,0.357787073,0.0479542241
0.225605696,0.00260726246,0.366981596,0.000475959707
0.221101746,-2.33524224e-05,0.359332234,-0.00672385609
0.244205311,0.0431099422,0.390148044,0.0610363856
0.306410223,0.124043047,0.472436607,0.184621558
0.380519718,0.208661318,0.558588028,0.297599733
0.412783623,0.253538579,0.589722812,0.351466209
0.352849871,0.230184391,0.530184031,0.334362566
0.185398921,0.143486694,0.313390523,0.228676945
-0.0544420481,0.0335468873,-0.0739387199,0.0569497719
-0.291658908,-0.0414312854,-0.452669382,-0.0635407045
-0.443843335,-0.0334431827,-0.649828434,-0.0439470187
-0.45960173,0.0699004233,-0.665091991,0.101884656
-0.34326157,0.235999227,-0.515402317,0.351552069
-0.153069958,0.399289906,-0.231333792,0.590460062
0.0263021979,0.489361048,0.0405479781,0.691595793
0.12299113,0.461823344,0.184211284,0.657888234
0.109243006,0.317337662,0.183055669,0.495390028
0.00974774361,0.100238696,0.0308170915,0.174851865
-0.115784071,-0.12171907,-0.182116598,-0.19028978
-0.20540157,-0.286059588,-0.318939567,-0.433582783
-0.22550115,-0.359010637,-0.342260927,-0.525519788
-0.184032038,-0.343621701,-0.28761977,-0.515907824
-0.12123426,-0.270874768,-0.201620251,-0.426758379
-0.0848458409,-0.180488586,-0.143830106,-0.29634127
-0.104141593,-0.102271907,-0.171579614,-0.171614826
-0.176376149,-0.0470136777,-0.286732167,-0.0777710453
-0.271293312,-0.00956239179,-0.429404736,-0.0119475666
-0.349231213,0.0202282574,-0.535336912,0.0360542573
-0.381723493,0.0467527732,-0.577205539,0.0766344443
-0.363650382,0.0648968816,-0.554524302,0.106026269
-0.312096685,0.0649309009,-0.487291604,0.109326124
-0.25497821,0.042006623,-0.408436239,0.0758944079
-0.217430979,0.00333938329,-0.353706658,0.0129162464
-0.21340619,-0.032291431,-0.347073913,-0.048347082
-0.244964764,-0.0431942642,-0.392898113,-0.0663348511
-0.306185484,-0.0168223605,-0.47882092,-0.0250617247
-0.386250645,0.0419042632,-0.581146955,0.0648633763
-0.468577802,0.111283928,-0.661651015,0.162589073
-0.527894378,0.162750348,-0.705890179,0.226133704
-0.530926704,0.174952552,-0.706199825,0.243010908
-0.445594817,0.144449919,-0.63857764,0.218366414
-0.258010358,0.0872360021,-0.417297542,0.151706308
0.0105365999,0.030297393,0.00374866184,0.0609244965
0.298094094,-0.00219252636,0.458333135,-0.00323990104
0.516310215,-0.00066635519,0.710764408,-0.0102825044
0.583043337,0.0261190925,0.762315571,0.0222071577
0.460680127,0.0569356196,0.666992128,0.0696040541
0.181286082,0.0698333308,0.312674135,0.102222748
-0.156894237,0.0532178655,-0.239185363,0.0853380412
-0.424483925,0.0105500771,-0.62100172,0.0238262787
-0.514488876,-0.0431168936,-0.715023875,-0.0465165824
-0.390244931,-0.0899685398,-0.592700779,-0.122024767
-0.104280099,-0.118230939,-0.191024035,-0.18301174
0.222703516,-0.126258761,0.339742571,-0.199831516
-0.0278227814,0.296776325,-0.0227699559,0.421142876
-0.141771719,0.281077266,-0.209799945,0.459857881
-0.24191907,0.287585109,-0.360529929,0.439556301
-0.29741469,0.287476152,-0.435610265,0.432474107
-0.293525785,0.250009447,-0.440070957,0.386816531
-0.236234918,0.158591837,-0.37266773,0.262211472
-0.146340907,0.019757323,-0.243153289,0.0448086634
-0.0473135523,-0.138917223,-0.0815000385,-0.219689235
0.0453417078,-0.280140847,0.064949058,-0.440425336
0.126874223,-0.371289313,0.182134181,-0.559798419
0.1973923,-0.394913286,0.278313309,-0.579758763
0.252518624,-0.351421058,0.359763652,-0.522780061
0.278502017,-0.254652321,0.414485753,-0.395284414
0.25697577,-0.124608822,0.40408805,-0.209484905
0.177890643,0.0179165397,0.293493867,0.0173595585
0.0526757501,0.152644485,0.0934925228,0.2424573
-0.0822342783,0.258596122,-0.121817164,0.407033741
-0.176885709,0.314194083,-0.263668299,0.485085547
-0.190887943,0.301740706,-0.287505805,0.469655901
-0.116611503,0.21588555,-0.187301964,0.357984513
0.0111620501,0.0717594251,0.0169358812,0.131700978
0.127017215,-0.0932459682,0.207860261,-0.14651905
0.164750561,-0.227980733,0.262424499,-0.361671478
0.091261141,-0.285056263,0.144601136,-0.454638541
-0.0733806118,-0.240537345,-0.116145208,-0.39476496
-0.261727571,-0.106298476,-0.414849252,-0.176611006
-0.389643997,0.0722308233,-0.585720778,0.107679747
-0.397456169,0.233688742,-0.575281858,0.341374874
-0.280658513,0.326809645,-0.4147138,0.486798733
-0.0937419385,0.333016515,-0.147273183,0.520263076
0.0757679269,0.274529457,0.120546736,0.440527856
0.150381073,0.203420699,0.246594265,0.326972991
0.100849174,0.176220119,0.1733381,0.280661404
-0.0402647518,0.225982904,-0.0538433641,0.357174098
-0.196670651,0.345371008,-0.286527723,0.512491703
-0.288494259,0.489234239,-0.376816273,0.648870587
-0.273300439,0.595766008,-0.327822894,0.728087187
-0.166513875,0.616169274,-0.201790392,0.765676677
-0.0308973528,0.538475513,-0.0380810387,0.735151529
0.058687944,0.39389652,0.0965262726,0.59599483
0.0559824184,0.24255164,0.100852683,0.394009501
-0.0322978944,0.145415112,-0.0413226672,0.241112679
-0.151008621,0.135954618,-0.23774375,0.218420759
-0.226893768,0.204949379,-0.354213715,0.320567459
-0.207851365,0.305470526,-0.317628115,0.467332095
-0.0900717303,0.375260502,-0.136632591,0.571279466
0.0808287859,0.365569502,0.121332578,0.559820592
0.234156445,0.262813509,0.362896115,0.409424692
0.309914798,0.0933320448,0.489933193,0.148791626
0.286607474,-0.0900910571,0.458888322,-0.142592415
0.187096074,-0.232655004,0.298782796,-0.368875623
0.0612673163,-0.300931811,0.0967228636,-0.477342069
-0.0430729017,-0.294526607,-0.0707445517,-0.467163146
-0.104090638,-0.241645366,-0.172134012,-0.388316333
-0.131881237,-0.182203442,-0.218282253,-0.294088304
-0.154964089,-0.147775322,-0.254389644,-0.23820664
-0.19716233,-0.148392737,-0.318239868,-0.233598262
-0.259715766,-0.171917126,-0.406324834,-0.264705181
-0.319470584,-0.194888592,-0.48700285,-0.292264581
-0.343688399,-0.197973698,-0.51932317,-0.290305644
-0.311734825,-0.177269265,-0.483573079,-0.265827686
-0.229787633,-0.14552106,-0.374259949,-0.22664094
-0.129106328,-0.123126239,-0.218273014,-0.196883932
-0.0485750288,-0.124463201,-0.0844253749,-0.203362316
-0.0119906282,-0.147649094,-0.0226839129,-0.243517339
-0.0140161198,-0.173950896,-0.0234301277,-0.285956562
-0.0237267818,-0.177773133,-0.04201537,-0.293927282
-0.0041658124,-0.142195269,-0.0134061305,-0.236984313
0.0634614751,-0.071575962,0.0974623859,-0.124498345
0.16550678,0.00631127227,0.265690774,0.00689696288
0.260608882,0.0511081703,0.41461435,0.0769262612
0.301507801,0.0294491649,0.478771895,0.0438210815
0.261830777,-0.0659600645,0.423069775,-0.105629615
0.152415946,-0.207685843,0.251520604,-0.332195908
0.0173757188,-0.34096238,0.0278585292,-0.526935339
-0.0884202495,-0.405325562,-0.138333529,-0.602182746
-0.128019825,-0.361535996,-0.203726441,-0.548161387
-0.101048656,-0.211521864,-0.175199613,-0.345984459
-0.0417174995,-0.001413055,-0.0796042904,-0.0099554956
0.00269876188,0.195038661,0.00422272272,0.312644333
0.000498449896,0.306405693,0.00705976551,0.479011208
-0.0453873985,0.29411009,-0.0607254095,0.467614204
-0.0992972925,0.169818804,-0.152009442,0.287498593
-0.115078539,-0.00861000363,-0.188609332,-0.000682263519
-0.0661170036,-0.161483675,-0.115365371,-0.257873416
0.0343783349,-0.221511975,0.0450134352,-0.359113187
0.135425508,-0.162737757,0.210144326,-0.272107661
0.172954544,-0.0110934488,0.2809636,-0.0321312957
0.104576454,0.168279201,0.177952632,0.26114139
-0.0643319637,0.301196516,-0.0857549012,0.467204601
-0.277996272,0.338231266,-0.391065121,0.497222543
-0.453660607,0.276531219,-0.607715249,0.389046431
-0.519847035,0.159571856,-0.69730556,0.229767993
-0.450272709,0.0550568923,-0.653919518,0.0923217684
-0.276340365,0.021451097,-0.44905141,0.0421673395
-0.0721071437,0.0790125653,-0.131233364,0.132777005
0.0804070458,0.19910489,0.12684612,0.31786409
0.128135979,0.316960424,0.204526946,0.483246624
0.0682883933,0.3619968,0.116417073,0.548081815
-0.0551438741,0.29150337,-0.0721731484,0.465427071
-0.176202551,0.111928046,-0.274890125,0.194141164
-0.239539132,-0.122173622,-0.379146039,-0.179555461
-0.224652678,-0.331032991,-0.345355839,-0.484015375
-0.151329905,-0.443839014,-0.228096023,-0.630539
-0.0659861565,-0.428621531,-0.108686984,-0.62850076
-0.0176627971,-0.304582566,-0.0367330313,-0.485024869
-0.0359784923,-0.131934032,-0.0631844401,-0.22871694
-0.120378166,0.0154172136,-0.195615798,0.020038221
-0.243133992,0.0815784112,-0.382529825,0.131454185
-0.361962616,0.0507358946,-0.545826793,0.0874413252
-0.43515265,-0.0493563451,-0.633851469,-0.0583790913
-0.433406502,-0.162639096,-0.626489162,-0.221164271
-0.346243083,-0.230761856,-0.522567809,-0.332293391
-0.183858305,-0.217901736,-0.303980827,-0.340301841
0.0240452066,-0.124107406,0.0236734971,-0.207938403
0.232405767,0.0171523262,0.364639848,0.018809801
0.389323056,0.154443651,0.575002611,0.218663603
0.449687302,0.239058107,0.631114125,0.323496491
0.391504109,0.24220632,0.573246658,0.343211323
0.228729188,0.162809953,0.375111789,0.255945474
0.0130458558,0.0247021522,0.0384289846,0.0453554615
-0.179886743,-0.133752406,-0.283587396,-0.209696233
-0.2771945,-0.272587448,-0.42320326,-0.401888043
-0.238514796,-0.361128986,-0.36161989,-0.521356761
-0.0750535205,-0.384253025,-0.130012333,-0.573005795
0.152439803,-0.343576908,0.211391985,-0.523145556
0.35786739,-0.254553318,0.510399878,-0.381476313
0.466186553,-0.140904009,0.653553247,-0.211590916
0.445164502,-0.0278227814,0.649395525,-0.0533596501
0.317038834,0.0645895451,0.499731898,0.0881249681
0.14422822,0.126024082,0.246906206,0.197617874
-0.0036494364,0.157240465,0.00170064718,0.257972419
-0.0844426304,0.167178616,-0.134842977,0.275621563
-0.101811297,0.166774377,-0.164749071,0.275530338
-0.097840637,0.162120193,-0.158076689,0.268189907
-0.124311551,0.150471553,-0.197749659,0.248546332
-0.208646983,0.12169724,-0.327299118,0.198450178
-0.333636612,0.0651626214,-0.509233952,0.107926995
-0.442729026,-0.0211247578,-0.642435372,-0.0186107773
-0.468785733,-0.124222465,-0.664790392,-0.163369238
-0.371199906,-0.21726732,-0.552793503,-0.306708127
-0.161309153,-0.268890083,-0.266927212,-0.411485553
0.0981048271,-0.257546276,0.13758795,-0.408293903
0.319794446,-0.183906823,0.475711465,-0.290607154
0.431965917,-0.0743705705,0.628612399,-0.121185668
0.410657108,0.0275248922,0.613226056,0.0286718495
0.288046628,0.0790722594,0.462201089,0.115244038
0.132879823,0.0578220598,0.229750976,0.0930236205
0.0138101941,-0.0270203706,0.028221637,-0.0411045551
-0.0348602347,-0.137469783,-0.0585441589,-0.221295491
-0.0273444485,-0.223397315,-0.0501831882,-0.357747465
-0.0138522703,-0.245457396,-0.0277688503,-0.396863848
-0.0491150469,-0.193301633,-0.0829918906,-0.321497917
-0.159477577,-0.0900160074,-0.258372605,-0.153892413
-0.326271623,0.0196097828,-0.502486825,0.0280753896
-0.493953049,0.0912398919,-0.686450243,0.133574829
-0.598056257,0.102431305,-0.762096941,0.142435655
-0.597692966,0.0624425039,-0.766270459,0.0915251896
-0.495475441,0.00541385449,-0.697794795,0.020110162
-0.335016578,-0.0294367969,-0.526514113,-0.0363218486
-0.178301007,-0.0200671684,-0.300029933,-0.0290463455
-0.0755709484,0.0256892126,-0.129501104,0.0417168029
-0.0435451157,0.0741058215,-0.0708975345,0.122516245
-0.062488541,0.0845633745,-0.100071587,0.142101482
-0.0921527669,0.0337274484,-0.149245501,0.0622818992
-0.0967509374,-0.0681514442,-0.158993945,-0.103499353
-0.0650705993,-0.178277433,-0.110477537,-0.283843637
-0.0153162498,-0.240416095,-0.0328202881,-0.386632264
0.0170224831,-0.213306084,0.0208859481,-0.351473927
0.000966967025,-0.0942563564,-0.00247346144,-0.166815221
-0.0704330876,0.0745327622,-0.116000079,0.113990992
-0.173018292,0.221347779,-0.268158764,0.348347068
-0.260265112,0.275912762,-0.387100786,0.423918366
-0.283331692,0.201914355,-0.429695398,0.323224276
-0.212803021,0.0158268549,-0.344887912,0.0436576605
-0.0524135865,-0.217210278,-0.09460859,-0.335955918
0.160719201,-0.409229368,0.220482081,-0.591751754
0.368746489,-0.485789955,0.455109209,-0.626486182
0.513069212,-0.416887939,0.606952906,-0.515107632
0.554075301,-0.229014546,0.702185094,-0.308129251
0.484076142,0.00648926198,0.683553159,-0.00967265293
0.329781979,0.203172415,0.506311536,0.290731549
0.143997803,0.294108003,0.238318816,0.451681167
-0.010909453,0.256765604,-0.00363083044,0.413904369
-0.0831156299,0.118450694,-0.13004069,0.205511257
-0.0490965024,-0.0585255623,-0.0840222239,-0.0850476101
0.0769572109,-0.204225779,0.114895619,-0.322990477
0.246345609,-0.26870665,0.362005681,-0.413819462
0.392176211,-0.238598242,0.555507064,-0.353595614
0.454172194,-0.13706252,0.642987251,-0.208469212
0.402901083,-0.00905486476,0.603613257,-0.0274345987
0.253035247,0.100245483,0.41212678,0.146976501
0.0586349405,0.163947314,0.110244691,0.262347907
-0.109118573,0.181364,-0.167753369,0.295184463
-0.192886829,0.173099056,-0.305118203,0.282390535
-0.174834251,0.166816056,-0.283831984,0.274203241
-0.0843304098,0.18097797,-0.140130341,0.29942292
0.0169670656,0.214236483,0.026516784,0.348845005
0.0661609545,0.24526614,0.110724486,0.392562151
0.0311361644,0.243056953,0.0582862236,0.389731884
-0.0729099065,0.183042735,-0.107246295,0.302207172
-0.19153519,0.0618221983,-0.302110761,0.109032601
-0.260157496,-0.0963555947,-0.411524624,-0.141681269
-0.239200264,-0.244897187,-0.37563467,-0.366918147
-0.13641572,-0.330670744,-0.221683323,-0.50063771
-0.00378166651,-0.314512938,-0.0197600443,-0.493302941
0.0901487842,-0.18830277,0.137186587,-0.316402763
0.0979483947,0.0186489243,0.160506383,0.0177001562
0.0203867648,0.247241825,0.0395169817,0.384697258
-0.0927484483,0.428121775,-0.12406674,0.623018622
-0.169666111,0.50607264,-0.22068128,0.694171727
-0.157421917,0.459970981,-0.216358989,0.657305002
-0.0541245267,0.310450435,-0.0820197836,0.495979041
0.0862517208,0.112110443,0.142722175,0.197829083
0.180747688,-0.066809386,0.295690894,-0.105438039
0.162691802,-0.169387177,0.26676622,-0.278239697
0.0209976733,-0.169924483,0.0383089595,-0.28978166
-0.188908696,-0.0812831149,-0.301199734,-0.141134202
-0.37038675,0.0526797585,-0.562262058,0.0779995695
-0.435315847,0.175929651,-0.625890315,0.257818222
-0.352356046,0.242405847,-0.521129847,0.365409166
-0.167253852,0.232721657,-0.269047856,0.37797457
0.0174090173,0.159342483,0.026130626,0.272307694
0.0942656174,0.0591104329,0.161811858,0.102890074
0.00872828811,-0.0230295826,0.0250350293,-0.040903192
-0.208306,-0.052220352,-0.326929033,-0.0884022862
-0.450994194,-0.0168339815,-0.648355663,-0.0247301906
-0.588587344,0.0678633228,-0.764163554,0.0936499536
-0.530472398,0.166108891,-0.713246644,0.228871718
-0.273330033,0.235137612,-0.428126901,0.367341936
0.0938855037,0.240730226,0.136588901,0.397392243
0.430192143,0.169578969,0.616255939,0.246835545
0.608199537,0.0346172862,0.781121612,0.0396710485
0.572579384,-0.128250614,0.748358667,-0.172592536
0.362891614,-0.271073461,0.532333612,-0.39787215
0.0906918123,-0.349278927,0.147164956,-0.541238189
-0.116105825,-0.336968154,-0.180192485,-0.522257507
-0.172923014,-0.237075761,-0.28472954,-0.376698911
-0.073027499,-0.0824692547,-0.135639265,-0.140091091
0.118094534,0.0733622536,0.182068124,0.117885716
0.302369118,0.173815981,0.462980628,0.26237157
0.399999022,0.179259017,0.590958536,0.25942868
0.38500002,0.0822916925,0.586157382,0.121237949
0.289094269,-0.08820761,0.464184701,-0.138042852
0.175624043,-0.27678144,0.276206404,-0.428491205
0.100793548,-0.421873629,0.143401533,-0.61871624
0.0846279413,-0.479302078,0.108680807,-0.680517018
0.106541879,-0.439086288,0.142427698,-0.64076829
0.125300452,-0.328309506,0.183945104,-0.512466133
0.10930118,-0.198481977,0.17277278,-0.330085188
0.0581827685,-0.102685653,0.0974233001,-0.176467881
0.00304603786,-0.0724778473,0.00711835455,-0.120962374
-0.0140940798,-0.104796998,-0.0254222378,-0.171123475
0.0314171761,-0.164657816,0.0461189747,-0.266018331
0.128306165,-0.202241451,0.197661027,-0.32567808
0.232013807,-0.176448479,0.358197838,-0.284679085
0.28750208,-0.0741940811,0.449804872,-0.129216671
0.259376317,0.0830291584,0.41642642,0.117214583
0.152192324,0.247697204,0.248141959,0.377962172
0.00936753675,0.365380168,0.0267956592,0.553087056
-0.108822525,0.395546168,-0.150648579,0.59188962
-0.156052426,0.325242996,-0.230221838,0.506874561
-0.122783363,0.171032786,-0.194788232,0.291156828
-0.0391002148,-0.0296204872,-0.0662344322,-0.0360306203
0.0432229303,-0.231915668,0.0662433729,-0.367700756
0.0789012536,-0.395729035,0.112875275,-0.589611411
0.0519699231,-0.492150545,0.0682354867,-0.696616352
-0.018589925,-0.504731119,-0.0312602632,-0.706501961
-0.092211917,-0.428644687,-0.142719954,-0.631034017
-0.13037096,-0.271109611,-0.213596731,-0.434812516
-0.116716787,-0.0538211688,-0.202816337,-0.0977446884
-0.0629232675,0.185248092,-0.10820622,0.295668393
0.00168056402,0.394996643,0.00558108184,0.589909494
0.0492545851,0.522033751,0.0760815218,0.716252267
0.0694361851,0.5276407,0.104445927,0.721094251
0.0729796737,0.404608756,0.118070208,0.606453121
0.0818432122,0.185619578,0.140954331,0.312514573
0.112798728,-0.0628967881,0.189982742,-0.0941632912
0.165263265,-0.261431217,0.255463809,-0.408155531
0.221005574,-0.34555468,0.318818837,-0.519107759
0.255703688,-0.290151238,0.377046674,-0.447970033
0.254796654,-0.119127966,0.397032768,-0.204088181
0.223306507,0.104014903,0.358777642,0.151217878
0.182997733,0.300947964,0.287537187,0.452165842
0.158158019,0.408012331,0.238929585,0.594923496
0.158608735,0.398025692,0.241166368,0.587171972
0.170769408,0.285942703,0.272442847,0.449227065
0.163202673,0.117631733,0.274141252,0.195904911
0.104502752,-0.051427111,0.181598619,-0.082625784
-0.0163245052,-0.177019343,-0.0207323022,-0.290406674
-0.179056779,-0.237842813,-0.279187173,-0.376881123
-0.33826369,-0.234905392,-0.504830897,-0.347584665
-0.444041759,-0.182184801,-0.635569215,-0.255203336
-0.466810912,-0.095827207,-0.669375718,-0.129978299
-0.412646502,0.0115968138,-0.617972851,0.0217419993
-0.320308447,0.129679561,-0.498259485,0.203232035
-0.240946904,0.244705126,-0.371273369,0.380283594
-0.21104157,0.336013228,-0.311044753,0.506919205
-0.233119905,0.378840774,-0.329884499,0.553646266
-0.274876535,0.353808016,-0.389786065,0.519374251
-0.287504673,0.258291483,-0.42607668,0.399793237
-0.233642951,0.112644717,-0.371872783,0.193047419
-0.109990619,-0.0438197367,-0.186565176,-0.0608023368
0.0477206223,-0.166871384,0.0688904896,-0.268170953
0.180479527,-0.225460604,0.277447164,-0.358703643
0.234660372,-0.215020433,0.361747682,-0.343454689
0.189007893,-0.158910215,0.304272264,-0.265021116
0.0662081391,-0.0966792256,0.113540806,-0.16772303
-0.0767612979,-0.0645581707,-0.123265222,-0.109779783
-0.17457059,-0.0777139217,-0.283648252,-0.122097306
-0.182886407,-0.123069614,-0.300481111,-0.191668093
-0.0970430225,-0.166213915,-0.168810368,-0.264970541
0.0482039601,-0.168842301,0.0666226968,-0.275494874
0.196495131,-0.107982561,0.307822555,-0.180613846
0.295618981,0.0123884147,0.464091212,0.00787795521
0.318608105,0.162610978,0.491478324,0.235505804
0.271016091,0.300179094,0.412950844,0.436888278
0.182748869,0.387288243,0.280149311,0.563014269
0.0903355777,0.404548198,0.146248385,0.59878546
0.0192980245,0.355111092,0.0401974954,0.548134089
-0.0251064133,0.25894022,-0.0316468067,0.419789284
-0.0556932651,0.141947791,-0.0853895396,0.240438655
-0.0925529823,0.026562443,-0.149070084,0.0510484315
-0.150100827,-0.0718040392,-0.244163811,-0.11443761
-0.228341416,-0.142406642,-0.362696439,-0.223969683
-0.311644167,-0.174963325,-0.479281634,-0.264380485
-0.374376655,-0.158680663,-0.56170094,-0.232872382
-0.390042812,-0.0870356113,-0.589528441,-0.127338201
-0.34010455,0.0337452628,-0.531062841,0.0537704565
-0.219966665,0.17827858,-0.35639894,0.283608556
-0.0413508154,0.303772122,-0.0703905746,0.478346318
0.168687597,0.362309903,0.25037533,0.54551208
0.371796221,0.320103407,0.526412308,0.453876942
0.525383949,0.175200447,0.709109008,0.236045182
0.592341483,-0.0357834101,0.769433558,-0.0475436077
0.551785648,-0.247243434,0.708194554,-0.320151746
0.407582968,-0.388338566,0.542100966,-0.523276627
0.190731928,-0.411554724,0.277112961,-0.603821874
-0.0470090546,-0.313472509,-0.0728769079,-0.501455307
-0.247616053,-0.137801841,-0.394301564,-0.227165595
-0.364928335,0.0416404121,-0.560021877,0.0625586212
-0.37950328,0.151248693,-0.56588465,0.233257711
-0.303898036,0.148235559,-0.470137388,0.242080435
-0.175849825,0.0381442718,-0.28933531,0.0769689307
-0.0421609469,-0.128363013,-0.0722045302,-0.198750004
0.059609618,-0.277843386,0.0884575322,-0.435976654
0.113544971,-0.345514715,0.166680768,-0.530795574
0.126697645,-0.302003711,0.19025965,-0.478363484
0.119674303,-0.16409573,0.189423874,-0.277925491
0.112076484,0.014384334,0.182793483,0.013168864
0.110734351,0.166594043,0.181205228,0.263597161
0.106870219,0.240433827,0.175924212,0.382824868
0.0833472162,0.217963815,0.141585052,0.354611933
0.0276323445,0.118873313,0.0546238124,0.201836467
-0.0570440181,-0.0120652495,-0.0887478963,-0.0141127091
-0.148950592,-0.126606137,-0.239977881,-0.202179655
-0.21568197,-0.193356052,-0.344093293,-0.303029507
-0.228994057,-0.207961664,-0.364767164,-0.323563516
-0.179170594,-0.189660236,-0.294364363,-0.300291777
-0.0813676193,-0.167215884,-0.142740682,-0.27024582
0.0297707487,-0.161916122,0.0410128087,-0.263569504
0.11510925,-0.176104113,0.182283998,-0.286536932
0.148662627,-0.192556858,0.236729428,-0.310295343
0.129469439,-0.184571564,0.207884282,-0.304148823
0.0819656774,-0.13150166,0.13440308,-0.224062324
0.0445842221,-0.0320091508,0.0731920898,-0.0611942448
0.0518650599,0.0915182307,0.0823745355,0.148139045
0.118344337,0.199770615,0.189335182,0.317867637
0.231535152,0.251754761,0.357296497,0.388537765
0.356975734,0.221852213,0.529501498,0.328455687
0.452745676,0.111264043,0.65276736,0.160578117
0.486681819,-0.0511129797,0.690469146,-0.0728234947
0.448637158,-0.218737766,0.630219221,-0.30897826
0.352774948,-0.344124883,0.496768713,-0.490198582
0.22967498,-0.39526251,0.32960248,-0.576975226
0.112616807,-0.365241528,0.165772527,-0.55870527
0.0246799532,-0.271780223,0.0338596329,-0.438932806
-0.0276700854,-0.147763044,-0.0507494882,-0.250330061
-0.052413132,-0.0275665447,-0.0913657546,-0.0503434651
-0.0634480789,0.0647610873,-0.105412349,0.107702993
-0.0708722472,0.120902427,-0.115695953,0.20106338
-0.0753951669,0.146107405,-0.122205295,0.242352545
-0.0696247071,0.151915029,-0.113522165,0.252094537
-0.0450109877,0.148263544,-0.0718512088,0.246188238
0,0.139113903,0.000309607101,0.231780261
0.0558379367,0.123270437,0.0940804929,0.206384093
0.104793146,0.0989730656,0.174374953,0.164150253
0.130171105,0.0687425435,0.217067704,0.113559619
0.126865163,0.0409733057,0.211875245,0.0649719909
0.107139364,0.0268262364,0.181938127,0.0417377576
0.0973235071,0.0339008123,0.162576914,0.0536136813
0.12568067,0.0603155345,0.205382496,0.0963024423
0.206689894,0.0929621533,0.330293238,0.147507802
0.32972157,0.11167787,0.504115164,0.168966755
0.458836794,0.0979382768,0.657179952,0.135346025
0.545441091,0.044088915,0.736158192,0.0538744852
0.549028158,-0.0414740331,0.73867017,-0.0628201142
0.456543207,-0.136000544,0.653623343,-0.199829608
0.290637076,-0.210515589,0.451492369,-0.328232169
0.101820551,-0.240823641,0.166492179,-0.39222306
-0.0527716354,-0.216480851,-0.0869273841,-0.355117172
-0.134398147,-0.143910557,-0.224038824,-0.238476679
-0.139448255,-0.042759832,-0.237228647,-0.0712688193
-0.0993991643,0.0621919148,-0.170028538,0.102753811
-0.0635970458,0.149413303,-0.104841553,0.246309489
-0.0731552318,0.205536827,-0.11328122,0.334068954
-0.139049768,0.225371853,-0.213117108,0.361037076
-0.235705465,0.208444536,-0.35970661,0.331528068
-0.313666344,0.155303255,-0.476818711,0.247750103
-0.325147718,0.0665997565,-0.502985358,0.114057928
-0.249449,-0.0541273914,-0.403752804,-0.0730452612
-0.105040841,-0.195752323,-0.178922951,-0.306006014
0.0581139773,-0.336483568,0.0786393359,-0.512589514
0.182214648,-0.445671141,0.250250995,-0.634169817
0.229114503,-0.491487741,0.303316444,-0.668468475
0.197528556,-0.452321321,0.27131176,-0.642356992
0.121337242,-0.327308089,0.181185827,-0.51379931
0.0504473746,-0.14105244,0.0788375288,-0.243852347
0.0248888452,0.0604843944,0.0381844789,0.09194801
0.056151893,0.222505733,0.0891665444,0.356718332
0.125376314,0.298446745,0.197337896,0.466033012
0.198335052,0.265731215,0.312194765,0.415386736
0.247636154,0.134592593,0.399034828,0.21734716
0.268609941,-0.0533835851,0.430585563,-0.0814171359
0.279279411,-0.236931905,0.426480114,-0.361311674
0.304475188,-0.353609741,0.430350691,-0.511590898
0.354022086,-0.359540582,0.482835442,-0.508640707
0.409165889,-0.24427934,0.571931362,-0.359801382
0.427257061,-0.0359087512,0.621759832,-0.0705707073
0.364179969,0.205852702,0.543855667,0.286344945
0.202959374,0.407229394,0.306319684,0.575273037
-0.0281211026,0.503831983,-0.0215220321,0.69983536
-0.260276377,0.462663203,-0.336763799,0.637344241
-0.412366182,0.294970602,-0.562544346,0.424213886
-0.429714173,0.054494597,-0.62619555,0.0996900499
-0.313697159,-0.179652601,-0.487673253,-0.256297499
-0.125494584,-0.33048594,-0.206926972,-0.498362154
0.040000584,-0.351386189,0.0467804186,-0.5409168
0.0985640436,-0.244095325,0.149914294,-0.40113616
0.0175904874,-0.0585871302,0.032048054,-0.113075383
-0.167210996,0.126225263,-0.262364179,0.195233345
-0.368307352,0.233968735,-0.530077994,0.34666267
-0.4880988,0.221808583,-0.657310963,0.314768672
-0.465061665,0.0977757648,-0.660177529,0.156790897
-0.301235974,-0.0834088549,-0.477996081,-0.112678342
-0.0578709356,-0.244624019,-0.108234994,-0.378549099
0.177320436,-0.320314199,0.255226076,-0.490390211
0.33330071,-0.285069764,0.478149354,-0.425250232
0.386529565,-0.163947314,0.566328704,-0.255995393
0.364252359,-0.0198902879,0.556579113,-0.0450423807
0.320495427,0.0758283809,0.500920653,0.109595075
0.299865544,0.0763198286,0.473542988,0.118562818
0.310382605,-0.0202845,0.48960194,-0.0294854678
0.320736021,-0.171674803,0.491475701,-0.261895448
0.282970339,-0.312785029,0.417488635,-0.465095848
0.166825399,-0.38711831,0.247646853,-0.577683151
-0.014890763,-0.372789383,-0.0224930774,-0.574005902
-0.205571845,-0.29100439,-0.31539607,-0.45174551
-0.330435127,-0.193495288,-0.502128363,-0.292048842
-0.33506307,-0.135698959,-0.518966973,-0.200058654
-0.215660244,-0.14914991,-0.353105038,-0.227065414
-0.0238669552,-0.22646001,-0.0516827181,-0.35643512
0.157311797,-0.325653851,0.231476903,-0.496243119
0.254081786,-0.390997887,0.358512968,-0.566828251
0.237414345,-0.379662126,0.340680629,-0.559786379
0.134695157,-0.281325459,0.208947688,-0.452023655
0.0115819648,-0.121968806,0.0187413059,-0.214384615
-0.065610908,0.0488211624,-0.110353366,0.0740586892
-0.066211924,0.179921493,-0.109943777,0.294476926
-0.010384893,0.239283368,-0.0146213705,0.389333934
0.0447176844,0.224077463,0.0762836412,0.36634329
0.0396607518,0.157297805,0.0728137419,0.261715323
-0.0513430461,0.0744103938,-0.0754053071,0.126144066
-0.203436106,0.00763731729,-0.323225915,0.0155150695
-0.352598935,-0.0248335861,-0.538071454,-0.0351723768
-0.429359555,-0.0212448277,-0.632897556,-0.0245559774
-0.396223783,0.00839484204,-0.598822415,0.0197436083
-0.268319398,0.0496300757,-0.434340984,0.084951736
-0.105987906,0.0891567022,-0.182997495,0.152544796
0.0166394077,0.116841286,0.0258027148,0.196004078
0.050099697,0.125319451,0.088607192,0.206903011
-0.00547747919,0.109787874,0.000304391957,0.180166945
-0.102003396,0.0696930587,-0.160524532,0.11831364
-0.170265332,0.0115997829,-0.277128011,0.025193695
-0.157291472,-0.0495036244,-0.262104183,-0.0745054334
-0.0544198304,-0.0931820646,-0.0990612507,-0.150080562
0.0982562751,-0.101178117,0.151701137,-0.167169616
0.232562304,-0.0667221397,0.367612541,-0.113455184
0.286474317,-0.000456994225,0.453822732,-0.0111245215
0.233971745,0.0713294521,0.382550418,0.104721427
0.0958745629,0.116839327,0.169495031,0.186535224
-0.0723247975,0.113265954,-0.109275386,0.187691823
-0.207728252,0.0586185902,-0.330154002,0.102114357
-0.267680377,-0.0255920123,-0.426528215,-0.0307588577
-0.244498357,-0.10302157,-0.396457553,-0.155456141
-0.162097365,-0.138881847,-0.271492004,-0.219802946
-0.0591397546,-0.116114169,-0.105972178,-0.191686571
0.0305813067,-0.0431216545,0.0455715805,-0.0771011561
0.0902938098,0.0510578342,0.148102567,0.0789692327
0.12062943,0.131795004,0.199517369,0.210888743
0.131246999,0.176387027,0.216061026,0.283903122
0.131025732,0.184923813,0.216782704,0.297036976
0.123347878,0.178842634,0.204700351,0.288667828
0.108233392,0.188039646,0.179405361,0.301732063
0.0878705755,0.233514354,0.145898357,0.369868994
0.0698730871,0.31490767,0.114438102,0.48542878
0.0646558553,0.409650952,0.101646505,0.603642106
0.0780505016,0.484185815,0.11619179,0.680105507
0.104330696,0.511220396,0.151127696,0.702278137
0.125336066,0.483765036,0.183625892,0.67710346
0.117861658,0.418455482,0.183171928,0.611701369
0.0661009327,0.346444815,0.11248751,0.532780766
-0.408067465,0.166936681,-0.553720593,0.246464163
-0.277524948,0.252966195,-0.448883623,0.387684315
-0.122918464,0.210760042,-0.198956177,0.351174772
-0.000649855414,0.0436225347,0.000587338989,0.087282829
0.0484875031,-0.180591464,0.082854636,-0.28596437
0.0164460819,-0.358081281,0.0250435527,-0.548384011
-0.0708043501,-0.397922516,-0.108384959,-0.598169863
-0.167479828,-0.266660541,-0.267657101,-0.426062316
-0.229567513,-0.0057909512,-0.376549661,-0.0217438117
-0.232783839,0.287145197,-0.358088464,0.432788521
-0.178961158,0.504513383,-0.240275547,0.690620661
-0.0898034647,0.578406334,-0.110501543,0.759109318
0.0064430316,0.509356022,0.0163219683,0.713121057
0.0871401206,0.360109389,0.139663458,0.554176807
0.14023672,0.218794942,0.229874834,0.354079753
0.161499321,0.151402429,0.265620679,0.242852181
0.148436069,0.168417126,0.24426201,0.264170378
0.0969429091,0.222352549,0.161652774,0.352343827
0.00408408232,0.236348629,0.0163911451,0.379534751
-0.124539301,0.147848055,-0.189676583,0.248088315
-0.268404931,-0.0559332594,-0.417708129,-0.0749929547
-0.39266488,-0.328943074,-0.543825388,-0.440229714
-0.458083242,-0.587489247,-0.510620892,-0.632261157
-0.437022179,-0.749802351,-0.410552114,-0.678447545
-0.327836215,-0.773220003,-0.321636468,-0.729465663
-0.159677908,-0.670583069,-0.199161306,-0.777269661
0.01616407,-0.499148667,0.00528127793,-0.700483739
0.145707116,-0.329756498,0.208958596,-0.511937916
0.194201156,-0.213411137,0.302001417,-0.344980896
0.160554558,-0.162245825,0.261901617,-0.266688138
0.0774324536,-0.152800322,0.131411269,-0.2549932
-0.00332574686,-0.147121713,-0.0051859254,-0.244905397
-0.0336725712,-0.118255779,-0.0601742119,-0.196504548
0.00930516329,-0.0657507405,0.00785999559,-0.110529475
0.112862334,-0.0136924954,0.179973543,-0.0230881888
0.233321801,0.00586310495,0.372791618,0.00867315475
0.314046234,-0.0266576875,0.491859138,-0.0443719588
0.309317946,-0.105983138,0.485652626,-0.167311922
0.204599366,-0.204204768,0.328510106,-0.326144338
0.0251783207,-0.285406917,0.0461119488,-0.455146372
-0.170392022,-0.323837996,-0.258848071,-0.495029449
-0.310097545,-0.315496683,-0.456805259,-0.457189351
-0.334734976,-0.277450979,-0.498823196,-0.400844961
-0.221302778,-0.23636505,-0.358188033,-0.360167205
0.00533299567,-0.213353768,-0.00962461811,-0.339860827
0.277741343,-0.213463157,0.411523402,-0.328599691
0.507622361,-0.224645078,0.672446132,-0.308285624
0.617030203,-0.225522608,0.745557547,-0.282588661
0.567788422,-0.196893871,0.727105558,-0.262575656
0.37723121,-0.130995125,0.567829072,-0.208688423
0.112751059,-0.0349192023,0.198969752,-0.07340765
-0.134180814,0.0717834681,-0.210990325,0.111180536
-0.284875304,0.162837476,-0.440145135,0.255322218
-0.305788308,0.211721003,-0.465889186,0.328598171
-0.221709177,0.1978378,-0.351961374,0.322002709
-0.102777943,0.112634912,-0.17054081,0.197687849
-0.0301265754,-0.0344946608,-0.0485471562,-0.0467038117
-0.0555087328,-0.212657794,-0.0858509466,-0.338022292
-0.174240068,-0.372093469,-0.256660223,-0.552842736
-0.32548508,-0.456047446,-0.437043846,-0.605514169
-0.421223491,-0.420869112,-0.551632464,-0.540376484
-0.390932709,-0.257576048,-0.569923222,-0.369444489
-0.220295712,-0.00425409852,-0.374754846,-0.00999404583
0.0360461995,0.260020316,0.0410378911,0.411380917
0.275704503,0.441709071,0.381251127,0.607606828
0.39499715,0.471246958,0.510590732,0.594306171
0.338753223,0.336608768,0.493774474,0.475785345
0.128901869,0.0945398584,0.232986227,0.159461886
-0.14305234,-0.149376377,-0.216286242,-0.237119138
-0.357022822,-0.28591305,-0.518371224,-0.409714431
-0.419458508,-0.253108621,-0.601433456,-0.35425967
-0.30594641,-0.0682958439,-0.491950214,-0.10968712
-0.0706949458,0.176106587,-0.133387044,0.285159409
0.181246281,0.353492886,0.268355221,0.529756069
0.344639003,0.362620294,0.49168542,0.508388877
0.362092465,0.177292302,0.552638292,0.269688457
0.246019349,-0.138786212,0.405427814,-0.211683854
0.0650297478,-0.460400462,0.099795498,-0.658559978
-0.096206747,-0.659347713,-0.122921303,-0.794139266
-0.181321084,-0.664457262,-0.223804116,-0.778710544
-0.187364116,-0.493267417,-0.26707685,-0.677265167
-0.158554867,-0.239645109,-0.263613313,-0.386785626
-0.154014796,-0.024063345,-0.259383827,-0.0468628109
-0.20892176,0.0675992742,-0.3331967,0.113492526
-0.311584234,0.025084855,-0.479540348,0.0499068871
-0.409477711,-0.0862974226,-0.603386104,-0.114771619
-0.440660506,-0.165976122,-0.632783592,-0.227204487
-0.37245962,-0.136560127,-0.565439999,-0.199849874
-0.224957585,0.0112386746,-0.377670288,0.0157015398
-0.0650606453,0.211549908,-0.11417082,0.337286979
0.0267454106,0.358185917,0.0455784276,0.546603739
-0.000554377737,0.362887114,0.0138382241,0.556411862
-0.139096186,0.205764085,-0.204731792,0.340288341
-0.322942317,-0.0493770279,-0.488762707,-0.0622853898
-0.459624171,-0.283687919,-0.626297176,-0.372888744
-0.476414382,-0.381565601,-0.616123438,-0.478414297
-0.357257754,-0.28857559,-0.526429951,-0.413489163
-0.15106748,-0.0391539931,-0.26767686,-0.0726379007
0.0528745465,0.260007858,0.0727959126,0.40545997
0.169480428,0.482045889,0.243640468,0.665559888
0.159268007,0.540598154,0.226365149,0.716352761
0.0456434749,0.428426385,0.0835424066,0.630731165
-0.0998452976,0.215473339,-0.144493893,0.35725379
-0.195355654,0.00915690325,-0.311944753,0.0272874013
-0.189210773,-0.10118147,-0.313978732,-0.158335775
-0.082158111,-0.0867017284,-0.148082152,-0.144778654
0.0787270069,0.0123808607,0.120100603,0.0172391571
0.229117483,0.114277847,0.363860428,0.178154796
0.322251111,0.14255023,0.497811913,0.215571061
0.350288779,0.0667670742,0.542087495,0.101671942
0.341593027,-0.0839612707,0.528942168,-0.127343997
0.337294012,-0.239919215,0.499315143,-0.357708126
0.362001956,-0.330108494,0.503509283,-0.470241368
0.406264067,-0.31986624,0.550149679,-0.450700313
0.43110764,-0.226982132,0.600330412,-0.332584947
0.392077774,-0.109174855,0.581567049,-0.175465554
0.268901944,-0.0314403139,0.434035927,-0.0602481253
0.083530128,-0.0318955146,0.150957882,-0.0578320436
-0.104438342,-0.104252264,-0.165819317,-0.169156626
-0.223597392,-0.204917029,-0.352618039,-0.31517154
-0.224907696,-0.279011458,-0.354110807,-0.419253558
-0.106649518,-0.289956838,-0.181348607,-0.449733347
0.0826944932,-0.236583769,0.117051885,-0.380831689
0.265166223,-0.149735138,0.405492783,-0.241684645
0.367401302,-0.0720479861,0.556723714,-0.11839015
0.351583481,-0.0333822258,0.543526113,-0.059501376
0.229145139,-0.0356570333,0.379419148,-0.0634123534
0.0522175953,-0.054546956,0.0971126109,-0.0946769714
-0.111291125,-0.0556455627,-0.179988191,-0.0942860544
-0.206099302,-0.0150153441,-0.337881327,-0.023576498
-0.208524272,0.067454569,-0.34288308,0.111009315
-0.129327387,0.168493465,-0.21507436,0.274928182
-0.00229211524,0.254209548,-0.00637930073,0.40963313
0.133343592,0.297221363,0.206619397,0.46337077
0.247366667,0.288795501,0.378068119,0.436092824
0.324506998,0.240469187,0.490216047,0.357752144
0.36209932,0.175971955,0.544158041,0.259434104
0.364047796,0.119209275,0.554315567,0.175398245
0.336252123,0.0850143433,0.521668732,0.124308065
0.285923004,0.0763766915,0.454293847,0.113023721
0.223448157,0.0873376206,0.363752812,0.135180697
0.163312629,0.107756138,0.270447403,0.171473265
0.121359147,0.12638323,0.202406421,0.203656971
0.108666211,0.131478503,0.180578396,0.214969769
0.125346527,0.111151025,0.207597896,0.183782235
0.158468738,0.0562885478,0.26333636,0.0913717896
0.186350271,-0.0333476588,0.306073159,-0.05323622
0.187806919,-0.142965287,0.304429919,-0.230736256
0.151854843,-0.241843447,0.239560753,-0.384958118
0.0828092918,-0.291587979,0.12828508,-0.462535918
-0.00187705457,-0.26247561,-0.00616500806,-0.426116109
-0.0797443092,-0.151004374,-0.136441618,-0.25468263
-0.132975638,0.0111512523,-0.222118706,0.0124265952
-0.154600114,0.164068863,-0.250547111,0.263228327
-0.148619711,0.242229164,-0.232567862,0.388010561
-0.125112444,0.203967169,-0.197347596,0.337346792
-0.0940950736,0.0536524691,-0.152431935,0.103281565
-0.0620736107,-0.155573413,-0.101733267,-0.243591845
-0.0328043215,-0.341955096,-0.0543140434,-0.521813214
-0.0105029512,-0.430193424,-0.0235885642,-0.633867204
-0.00181795738,-0.385261267,-0.0122018252,-0.586417913
-0.0136941699,-0.228493288,-0.0305364504,-0.378824025
-0.0473794565,-0.0276712216,-0.0822081119,-0.0583488196
-0.0922586024,0.134413511,-0.149685532,0.217472613
-0.124555536,0.197656438,-0.196595535,0.322712362
-0.113993376,0.150219783,-0.182811275,0.255320042
-0.0370359831,0.0299104694,-0.063571237,0.061567083
0.109153271,-0.0982744321,0.171810016,-0.154914945
0.299622804,-0.17599012,0.451997638,-0.27336511
0.486551523,-0.178976998,0.661774099,-0.256457537
0.615616441,-0.124391608,0.763967156,-0.168187723
0.647200644,-0.055553019,0.789194882,-0.0789294392
0.572750449,-0.0138003211,0.756008387,-0.0286739543
0.418355465,-0.0137316342,0.625481546,-0.0300398655
0.233567491,-0.0356313959,0.385751486,-0.063980028
0.0706178993,-0.0389254652,0.124238931,-0.0700060204
-0.0361494161,0.0113670388,-0.0609110557,0.0127462978
-0.0810900927,0.120441906,-0.135673046,0.19603689
-0.0838352069,0.255718976,-0.133289292,0.405218542
-0.0743377209,0.359985113,-0.108867578,0.55025816
-0.0746787488,0.378958255,-0.104090296,0.576434612
-0.0870871246,0.288692504,-0.129421696,0.461533546
-0.0939419642,0.108386375,-0.148355961,0.191649184
-0.0690977126,-0.107921392,-0.114179306,-0.164923131
0.00587687641,-0.296052575,0.00085365813,-0.459647983
0.12912631,-0.40969646,0.176937386,-0.601917803
0.275904596,-0.437541723,0.36817205,-0.608311772
0.406983852,-0.401861936,0.524090767,-0.537181616
0.483757138,-0.341138512,0.616297662,-0.451296389
0.482921958,-0.287548095,0.638322532,-0.391173959
0.404495776,-0.251952708,0.576013505,-0.366965503
0.270565569,-0.223750442,0.418598443,-0.352661729
0.116450854,-0.183893993,0.191086546,-0.30674234
-0.0212653503,-0.121876933,-0.0347207673,-0.207350478
-0.115112096,-0.0457439683,-0.191387177,-0.0786168799
-0.152547628,0.0210276432,-0.254696757,0.0361631736
-0.136657208,0.0536348633,-0.228048742,0.0930115879
-0.0828851834,0.0420941301,-0.139935777,0.0763772205
-0.0134678185,-0.000828075223,-0.0248210579,0.00384362135
0.0490395986,-0.0452258326,0.0807156265,-0.073817119
0.088014245,-0.0603342243,0.144065619,-0.101942018
0.0974859074,-0.0320311487,0.161070317,-0.0590984039
0.0836825669,0.0288898069,0.140763789,0.041237507
0.0620521307,0.0928646252,0.104833558,0.150098979
0.0498782955,0.128800273,0.0852027535,0.211587533
0.0569235831,0.122327484,0.0968699157,0.204618514
0.0784437731,0.0840472654,0.133897141,0.143398628
0.0949296355,0.0424049161,0.160397291,0.0718638375
0.0803425312,0.0249507912,0.136916056,0.039175082
0.016239211,0.0390754752,0.0320685916,0.060685169
-0.0947872624,0.0643965304,-0.150285259,0.10447228
-0.224027112,0.0628258139,-0.355264246,0.103593096
-0.324587762,0.00212719874,-0.501270354,0.0134992404
-0.350778788,-0.119818226,-0.534976721,-0.168393478
-0.280917436,-0.264691591,-0.432371914,-0.387265116
-0.132362455,-0.36558646,-0.213789284,-0.542417109
0.0400638543,-0.357547522,0.0460876971,-0.548633814
0.163786352,-0.212476119,0.248100236,-0.348652393
0.178876072,0.0398441255,0.289738804,0.0447898544
0.0656249598,0.317239165,0.112026162,0.476959348
-0.143976048,0.517034531,-0.176721051,0.700827122
-0.377228677,0.560649693,-0.430222839,0.674137414
-0.550106764,0.429877281,-0.622974694,0.509420872
-0.602042556,0.176839426,-0.742911637,0.239955425
-0.520324826,-0.0981581137,-0.711530685,-0.1123126
-0.343138248,-0.291117936,-0.510177493,-0.405366123
-0.140426487,-0.340342224,-0.230596662,-0.514741242
0.0177990105,-0.252093881,0.0148187624,-0.409909934
0.09054818,-0.0938635468,0.143227771,-0.167046562
0.0792044178,0.0410730727,0.134128034,0.0593332946
0.0203428268,0.0801891237,0.0399641506,0.133165181
-0.0365573205,0.00651097996,-0.055489406,0.0181728639
-0.0542107821,-0.135055095,-0.0893031955,-0.212872043
-0.0229338799,-0.262361109,-0.0424607657,-0.413504958
0.0399945229,-0.298807949,0.052934967,-0.471978873
0.104492322,-0.212737724,0.158947766,-0.350895613
0.146068916,-0.0339454748,0.233848527,-0.0692034364
0.15797919,0.160488725,0.257076442,0.247827545
0.151265889,0.283511072,0.243589059,0.437801689
0.144265607,0.279713303,0.232600778,0.439446777
0.149079427,0.150707245,0.248493612,0.252120972
0.163644195,-0.0477663204,0.274221778,-0.0706796721
0.1740015,-0.234692886,0.274239928,-0.368905693
0.164768308,-0.343463451,0.245355502,-0.523652613
0.130679995,-0.35227406,0.191692427,-0.54097265
0.0814586207,-0.290385455,0.122743972,-0.464435667
0.0364825502,-0.217997655,0.054050684,-0.358798236
0.0122285541,-0.190985963,0.0165964775,-0.313109517
0.0102875661,-0.229279488,0.0145196896,-0.367578834
0.013921638,-0.305502027,0.0172259435,-0.476385653
-0.00363998907,-0.359843552,-0.0101243369,-0.552003443
-0.0630124584,-0.333469272,-0.101775952,-0.520339429
-0.16363503,-0.203065261,-0.264736354,-0.333017558
-0.279165089,0.00171458395,-0.443857521,-0.00601125089
-0.367285639,0.20766674,-0.542323649,0.305575043
-0.389959306,0.330572784,-0.536944389,0.466132104
-0.333873361,0.315324843,-0.476603031,0.46530956
-0.219854817,0.163975611,-0.346886098,0.276523113
-0.0952223539,-0.0623731874,-0.158817589,-0.0875166655
-0.011838817,-0.269377202,-0.0231190771,-0.422279507
-0.000416276715,-0.37114194,-0.00396861369,-0.56558001
-0.0541750379,-0.3283813,-0.0887287334,-0.516434431
-0.13072297,-0.165385365,-0.21629107,-0.279336393
-0.17202352,0.0417095423,-0.286290735,0.0623876043
-0.13313061,0.199369803,-0.217788652,0.321105421
-0.00572194299,0.237574697,-0.0102416528,0.389802188
0.175214916,0.138655245,0.283315688,0.234839827
0.345045269,-0.0579950474,0.531138718,-0.0832621306
0.437142968,-0.275682092,0.603981555,-0.38166362
0.411544174,-0.433922976,0.528767765,-0.565720856
0.271405309,-0.479793549,0.363491744,-0.649898708
0.0602338798,-0.40391627,0.089557752,-0.612338066
-0.15786007,-0.236516833,-0.249193966,-0.38617146
-0.324915141,-0.0287366621,-0.508032441,-0.0514940955
-0.410387784,0.169660121,-0.599696875,0.248660415
-0.418067455,0.32545948,-0.569908977,0.449651927
-0.377303332,0.425109297,-0.494676977,0.567770302
-0.324686676,0.468242258,-0.422342122,0.62333405
-0.286083519,0.458837539,-0.379900128,0.62754041
-0.267431021,0.400938451,-0.370659858,0.575189233
-0.257246107,0.301172435,-0.377406687,0.459888309
-0.237518355,0.174559519,-0.369831443,0.286183238
-0.195868254,0.0470517725,-0.319171578,0.0857414305
-0.132255659,-0.0500273779,-0.222312093,-0.0760492459
-0.0574707389,-0.0929433256,-0.101323768,-0.153457791
0.0143653983,-0.0793194324,0.018059656,-0.135483146
0.0738745257,-0.0337805115,0.119299948,-0.0598018244
0.119925544,0.000278699503,0.197276697,-0.00308400393
0.156761274,-0.0188808199,0.258709639,-0.0305228662
0.187220693,-0.108055465,0.305200547,-0.172611311
0.207159817,-0.245569617,0.322426885,-0.380858481
0.205563366,-0.376552075,0.299050272,-0.553610206
0.171290725,-0.436876178,0.23953037,-0.628455281
0.10295137,-0.385383993,0.149660259,-0.584201813
0.0156979933,-0.228323624,0.0214690417,-0.381331563
-0.0604636818,-0.022345826,-0.10432487,-0.0489561595
-0.0920491442,0.147659123,-0.15086776,0.237986624
-0.0588201433,0.206867337,-0.0946229845,0.341975003
0.0323631242,0.126957551,0.0550329573,0.221091792
0.144690067,-0.0576197878,0.238345578,-0.0841335803
0.223176748,-0.262761056,0.343416542,-0.40155834
0.217674419,-0.392209053,0.314330459,-0.574385107
0.107521012,-0.382120758,0.159537762,-0.582133174
-0.0838674605,-0.231341898,-0.135240927,-0.38488552
-0.29273662,-0.00252634031,-0.461099237,-0.0149424803
-0.437520802,0.206761464,-0.620439291,0.295819759
-0.451830983,0.309233338,-0.605346084,0.425164431
-0.313968509,0.26773715,-0.466057211,0.409922689
-0.0595090464,0.110921614,-0.104869537,0.201512232
0.229740605,-0.0821959823,0.360526383,-0.118093416
0.456846178,-0.220526397,0.629678547,-0.313588411
0.548169255,-0.243083999,0.701329947,-0.324591696
0.482600629,-0.144900724,0.670341134,-0.217045426
0.298713386,0.0247422475,0.477476209,0.0196882319
0.0765534118,0.189265639,0.136712402,0.293851793
-0.0978754684,0.282418728,-0.143707722,0.445213377
-0.169518039,0.277840257,-0.25850901,0.440333307
-0.136002436,0.197039738,-0.218139857,0.328543782
-0.0446305275,0.0938199088,-0.0757589042,0.164649382
0.03348279,0.0248419624,0.0548392199,0.0436915159
0.0396203622,0.0220039524,0.0684770122,0.0307530705
-0.0432210676,0.0799740404,-0.0652938187,0.126993686
-0.181761384,0.163409859,-0.283686966,0.259282708
-0.308526874,0.228098303,-0.458821207,0.346781284
-0.354756117,0.243841782,-0.516486764,0.367686927
-0.284320742,0.207338497,-0.437380016,0.32910648
-0.112485267,0.139714703,-0.19034487,0.238753036
0.0993395969,0.0718767345,0.157810196,0.12637417
0.270254999,0.0268189348,0.427496552,0.0405441709
0.335337609,0.00857084338,0.522510946,0.00641850941
0.27348125,0.00285565783,0.441728264,-0.00525718555
0.115229495,-0.0122524798,0.199941292,-0.0267313309
-0.07206624,-0.0524911433,-0.112496234,-0.0882536471
-0.213894188,-0.118086264,-0.342470914,-0.185015082
-0.25889942,-0.193295941,-0.409300476,-0.292045474
-0.196518391,-0.253938198,-0.315687031,-0.388415575
-0.0555983633,-0.277992636,-0.100743242,-0.436258912
0.112914398,-0.253614962,0.166926429,-0.405041277
0.259113163,-0.181389228,0.395630926,-0.290878475
0.351643175,-0.0714560002,0.53461051,-0.12036927
0.38262406,0.0611652881,0.577141762,0.0807978809
0.360503554,0.199691325,0.539710999,0.283392131
0.29764688,0.32602036,0.441362351,0.464729637
0.201291844,0.420188129,0.299363434,0.596182168
0.0732304081,0.461782187,0.117568947,0.658840954
-0.0825904831,0.435051501,-0.105225377,0.634621501
-0.250733674,0.336497515,-0.355760545,0.506041825
-0.400862753,0.181012586,-0.57357347,0.276935101
-0.494670004,0.00209245365,-0.691320479,0.017389169
-0.501422644,-0.156030998,-0.690650284,-0.199418902
-0.414851218,-0.252397269,-0.594202697,-0.346704721
-0.262256116,-0.263922542,-0.41061902,-0.394063592
-0.0997043252,-0.194072053,-0.175368175,-0.316170067
0.0064089424,-0.0714269131,0.0033187361,-0.126009479
0.00455929013,0.0614476167,0.0108309742,0.0950386226
-0.120357282,0.16399309,-0.185546339,0.262719244
-0.338332385,0.211659729,-0.492955595,0.319284976
-0.582348108,0.202419773,-0.726982117,0.265934527
-0.770400882,0.154112116,-0.793932736,0.173054606
-0.833245516,0.0950981155,-0.793079019,0.102122307
-0.737888515,0.0530860573,-0.809513152,0.066407226
-0.498944819,0.046637997,-0.702279985,0.0735335276
-0.174609989,0.0814756453,-0.303443581,0.14094536
0.150849566,0.150971711,0.230723634,0.246260628
0.392279893,0.238791704,0.565612018,0.33684653
0.488894939,0.3220855,0.644700646,0.409140587
0.422341794,0.375124842,0.570185661,0.485192955
0.222342327,0.374340743,0.340482801,0.539141893
-0.0420896783,0.305225223,-0.0457479246,0.477668613
-0.283906788,0.169647068,-0.424953192,0.272402853
-0.42585215,-0.00984959491,-0.624370396,0.00263964944
-0.426097721,-0.192509577,-0.615809202,-0.260865241
-0.292570323,-0.33009091,-0.438866198,-0.467359334
-0.0798401013,-0.38326177,-0.137454838,-0.570273101
0.131526053,-0.337299228,0.18397589,-0.519451857
0.266143113,-0.209632263,0.401327312,-0.335799009
0.28338927,-0.0445635915,0.446798921,-0.0856664255
0.192881227,0.103758395,0.319087684,0.15402773
0.0486297123,0.193126932,0.0902461857,0.309237152
-0.0761638433,0.209927306,-0.114738479,0.342319489
-0.122688726,0.172706276,-0.196500868,0.287409425
-0.0731052235,0.120859228,-0.123597845,0.206497341
0.0424536131,0.0939775705,0.0664683804,0.158890471
0.161916181,0.112135403,0.26079762,0.180271417
0.222582251,0.166936681,0.356753469,0.258588284
0.192234457,0.227599323,0.310586035,0.351065338
0.0844829902,0.258547723,0.145880774,0.406581789
-0.0493591316,0.239021018,-0.0677442104,0.385165364
-0.147575602,0.174257129,-0.230273813,0.288699716
-0.170263171,0.0924052522,-0.276697218,0.159734517
-0.119575366,0.0290068332,-0.202326074,0.05453806
-0.0373554304,0.00755072478,-0.0661149323,0.0148379803
0.0185067933,0.0266821794,0.0287989322,0.0428444184
0.00627740705,0.0610307492,0.0135481041,0.0979823321
-0.0762403756,0.0752816349,-0.119507283,0.124412842
-0.189866096,0.0440006442,-0.303967655,0.0768049285
-0.274883538,-0.0333664715,-0.434289247,-0.0442275591
-0.283414811,-0.13035506,-0.447953343,-0.193736926
-0.205851987,-0.205472782,-0.334442109,-0.315908849
-0.077001676,-0.222234428,-0.137233436,-0.355931312
0.0414668955,-0.167072132,0.0583584085,-0.278703332
0.0928758457,-0.0561928041,0.15065001,-0.102527007
0.0546243377,0.0717835054,0.0954054892,0.110265017
-0.0509227812,0.173411772,-0.0751553401,0.279732376
-0.169149384,0.219400138,-0.259622663,0.350275576
-0.242074713,0.205946714,-0.371635139,0.330510378
-0.237430722,0.153671339,-0.374932855,0.25272429
-0.162361145,0.0956587121,-0.267907977,0.165364176
-0.0551855415,0.0611366145,-0.0971456617,0.106082581
0.0389000252,0.0626941025,0.0623335503,0.102853112
0.0935340747,0.0924066603,0.156187177,0.149874181
0.113460347,0.127487645,0.18884705,0.206609547
0.126874387,0.141730919,0.209746778,0.228889465
0.163357586,0.117079057,0.268915772,0.19165872
0.231497869,0.0506325401,0.372929871,0.0842014998
0.310420364,-0.0447650738,0.484306276,-0.0705745667
0.360990793,-0.145348877,0.543389261,-0.222762451
0.350350648,-0.22407636,0.518738151,-0.338726759
0.274880975,-0.258530855,0.416270107,-0.398888975
0.166910276,-0.237409472,0.264178455,-0.383067548
0.0796520188,-0.164658576,0.127868965,-0.27727133
0.0578297302,-0.060415037,0.0915818214,-0.106854066
0.110632747,0.0422728732,0.177182302,0.0651822239
0.203389719,0.105580434,0.325640053,0.168831944
0.274329126,0.098987408,0.436283708,0.15553467
0.26842159,0.0120523907,0.435336739,0.0190621112
0.169772059,-0.137220517,0.284401059,-0.222284973
0.0136975329,-0.303355217,0.0269308127,-0.476164818
-0.129791453,-0.425748289,-0.191974431,-0.617656946
-0.193434283,-0.449577689,-0.28316471,-0.633406103
-0.150993764,-0.347852319,-0.242246911,-0.527388275
-0.0346453264,-0.13529405,-0.0730058178,-0.231896013
0.0796049014,0.132953629,0.122186653,0.206977084
0.112133928,0.378846675,0.173978925,0.559634984
0.0244988259,0.529163659,0.0496701114,0.719593704
-0.155859053,0.542509317,-0.187938392,0.721170723
-0.345746368,0.42445907,-0.448015451,0.579486012
-0.447434068,0.224489927,-0.614786804,0.32883954
-0.400056571,0.0160439834,-0.599316776,0.043120712
-0.21396105,-0.131828681,-0.356074899,-0.198414817
0.0309640765,-0.179519787,0.033398591,-0.29127866
0.223225117,-0.128795996,0.34845376,-0.213750333
0.274898291,-0.0178314056,0.435342431,-0.0412643291
0.165595755,0.0972316638,0.280015945,0.146377742
-0.0476191379,0.165623993,-0.0625194013,0.265792668
-0.259458125,0.16058895,-0.396455675,0.257463425
-0.369424582,0.0867643431,-0.555991173,0.143768519
-0.331034899,-0.0249622706,-0.518016994,-0.0248394143
-0.172096416,-0.131430849,-0.290228188,-0.201176405
0.023467062,-0.19367978,0.0256535374,-0.312430263
0.161435351,-0.189845577,0.252445966,-0.310461521
0.185873151,-0.120842293,0.300187916,-0.206280857
0.105097026,-0.0082466267,0.178706795,-0.0247798935
-0.017370576,0.113755554,-0.0225192849,0.181949317
-0.100192413,0.209304765,-0.157262221,0.337781936
-0.0885827765,0.251509577,-0.140160948,0.405028135
0.0182977896,0.230120286,0.0277495701,0.377804846
0.170417517,0.154358879,0.274303019,0.255561739
0.296691328,0.050099656,0.468079627,0.0806911811
0.343547821,-0.0479888432,0.530706942,-0.0783755109
0.300667048,-0.107130282,0.472373128,-0.175683945
0.200893298,-0.106518507,0.328071356,-0.180968747
0.0966935754,-0.0432218015,0.162371069,-0.0817574486
0.0286802743,0.0682791844,0.0482283011,0.105708964
0.00523053622,0.202583328,0.00810505729,0.325481474
0.00446570059,0.332963377,0.0103682904,0.513585806
-0.00427220017,0.439818382,0.000912058458,0.641489744
-0.034280166,0.514496744,-0.0372948647,0.710772276
-0.0682305992,0.557540178,-0.0799923241,0.74292028
-0.0672035441,0.573373675,-0.079169482,0.753294826
0.00265261997,0.565202355,0.00723479688,0.750018895
0.142108843,0.533339143,0.193130359,0.718244374
0.307812274,0.477680802,0.409521788,0.63175261
0.427456677,0.40209797,0.562003493,0.517932653
0.435189933,0.316995502,0.598484099,0.424022466
0.308654904,0.237308681,0.478063375,0.349485517
0.0865426883,0.176242873,0.158413008,0.281648993
-0.144945577,0.138278574,-0.222161055,0.224373668
-0.291687936,0.116189815,-0.452722996,0.187864587
-0.297580421,0.0949719995,-0.4676615,0.158995152
-0.172721401,0.0614471659,-0.290272295,0.1105083
0.011639867,0.0143061969,0.0104203057,0.0312344171
0.159599826,-0.0319068171,0.259318501,-0.0520460904
0.2000411,-0.0526322871,0.328858942,-0.092101343
0.123402834,-0.0271358471,0.210512042,-0.0552492142
-0.0134273544,0.0468245596,-0.0161802862,0.0694712698
-0.116732791,0.146454975,-0.187710494,0.235871881
-0.104789622,0.23103568,-0.17060183,0.372062802
0.0492428951,0.260940194,0.070919849,0.422838241
0.302133977,0.219510153,0.45369029,0.339046866
0.560308039,0.125707716,0.735343456,0.165502936
0.723807216,0.0290311594,0.813334763,0.0238161832
0.73198694,-0.0129377525,0.812027931,-0.0259848498
0.588590264,0.0357351825,0.763243914,0.0328265093
0.355365336,0.167564288,0.544419944,0.231742501
0.119733229,0.330301374,0.198152646,0.492787063
-0.0455581471,0.448634177,-0.0540479943,0.649272323
-0.110540584,0.459437877,-0.149893656,0.661876142
-0.0919005722,0.343223393,-0.134421498,0.536999762
-0.0343029536,0.135373846,-0.0512580797,0.238626897
0.0177662391,-0.0894491225,0.0319592878,-0.138292819
0.0413541831,-0.252540886,0.0635145456,-0.40259245
0.0392767265,-0.308301032,0.0561290942,-0.486785561
0.0279504713,-0.264126331,0.0388464183,-0.428223372
0.0190103892,-0.172677442,0.0259844586,-0.289356589
0.00754559739,-0.100745969,0.0108635938,-0.171094328
-0.0254346952,-0.0915937051,-0.0408884063,-0.152549475
-0.0982293114,-0.141377941,-0.158176795,-0.228843078
-0.211278185,-0.202821851,-0.330718547,-0.317400753
-0.339242488,-0.214423344,-0.507716417,-0.318710238
-0.438565791,-0.139189258,-0.636234999,-0.1998851
-0.467512161,0.00896691624,-0.671876252,0.0147248572
0.120565385,0.17621094,0.153623745,0.298674107
0.0269031506,0.0277545303,0.0827642605,0.0499778204
-0.0643435344,-0.138805777,-0.100019552,-0.222568333
-0.118264459,-0.250691921,-0.189890385,-0.395095021
-0.111847825,-0.254691422,-0.187157527,-0.404298872
-0.0457330905,-0.137924954,-0.0884696469,-0.234477594
0.0536232181,0.0666751936,0.0798785985,0.101123735
0.143709406,0.29176411,0.221535221,0.44457081
0.184104294,0.459512204,0.268121123,0.639817417
0.154827386,0.509527862,0.224170193,0.691301107
0.0659524426,0.420945853,0.110001653,0.621809781
-0.0466278642,0.220760673,-0.0604293086,0.367070138
-0.137696639,-0.024932513,-0.219028562,-0.0265556909
-0.173666015,-0.234161898,-0.27741769,-0.360898703
-0.147740915,-0.338696182,-0.234639019,-0.513347387
-0.0817752928,-0.309089333,-0.140103534,-0.484978557
-0.0139382938,-0.165290952,-0.0344057865,-0.281644523
0.0215122011,0.0318692327,0.0320075564,0.0424558073
0.012038989,0.205441147,0.0238632355,0.327167332
-0.026831653,0.293514103,-0.0326111652,0.463762045
-0.0597841293,0.2737481,-0.0873621553,0.440221786
-0.0502712354,0.170653909,-0.0764490515,0.287938029
0.0201749653,0.0423509218,0.0326444916,0.0798553377
0.141665995,-0.0472555831,0.227160156,-0.0756781101
0.279759437,-0.0581221133,0.436487615,-0.0966664925
0.391182393,0.0082341833,0.584547102,0.00260420446
0.443403929,0.111221559,0.640155077,0.148116067
0.428351998,0.192444623,0.617368102,0.264982909
0.36390698,0.205238968,0.545707285,0.296024382
0.283210069,0.137876987,0.450910747,0.213377178
0.217895001,0.0189672764,0.358380973,0.0309624784
0.183999509,-0.0975676775,0.299167573,-0.157614738
0.177362755,-0.16032365,0.283079177,-0.260731965
0.180018827,-0.14699921,0.285612434,-0.243779123
0.173357353,-0.0762893409,0.279604405,-0.133277759
0.150606081,0.000972150301,0.248571858,-0.00554089667
0.121982247,0.0270724501,0.204857141,0.0421890207
0.110000245,-0.033432886,0.186781004,-0.0516474731
0.137588233,-0.175030231,0.221348777,-0.277974874
0.215183645,-0.352036417,0.312962055,-0.519376993
0.333217621,-0.498228759,0.416680276,-0.64329952
0.463510126,-0.555635154,0.507787049,-0.631227672
0.568768442,-0.498846084,0.600095451,-0.544613004
0.615827262,-0.344073564,0.696052074,-0.406068772
0.587065756,-0.140063524,0.744689941,-0.194492117
0.485823452,0.0533607677,0.687742949,0.0583472103
0.334572643,0.188258007,0.513479769,0.271306634
0.167511061,0.242872521,0.276341617,0.377975702
0.0208413191,0.222695887,0.0445601046,0.360135347
-0.0760521367,0.150758579,-0.118473157,0.253746897
-0.106520824,0.054330267,-0.175300241,0.0985434353
-0.069087863,-0.0446304195,-0.119263895,-0.06594605
0.0232371241,-0.131803229,0.031680271,-0.214142293
0.146123722,-0.197309375,0.225889727,-0.315924019
0.26898852,-0.23194848,0.405276865,-0.359457344
0.361338228,-0.227356091,0.525786698,-0.342387736
0.399408758,-0.180944189,0.57965523,-0.275524825
0.371664643,-0.102226138,0.560218573,-0.16672191
0.281589329,-0.0151070124,0.449872494,-0.0350099616
0.146704599,0.0475998521,0.24968414,0.0698020458
-0.00614944659,0.0566393957,-0.00184304733,0.0933099389
-0.147994548,0.000282420631,-0.236264125,0.00512823695
-0.255238175,-0.107609756,-0.403244168,-0.161954328
-0.315362811,-0.230562896,-0.477210641,-0.337011665
-0.329292774,-0.323200941,-0.479553103,-0.456535429
-0.310028285,-0.349674553,-0.451694876,-0.496953756
-0.278151333,-0.298039764,-0.422038913,-0.443240196
-0.255475283,-0.183686271,-0.407713145,-0.289090008
-0.258409768,-0.0405098908,-0.416914791,-0.0684022605
-0.292669296,0.0951568484,-0.458916992,0.14956297
-0.35083136,0.199264884,-0.519938171,0.301002502
-0.41383779,0.265983939,-0.577014983,0.380123645
-0.456643671,0.302661151,-0.610341549,0.412844807
-0.456844956,0.317995429,-0.603970587,0.432206035
-0.403645456,0.311508596,-0.558747053,0.439737588
-0.303686112,0.271518797,-0.45027864,0.41321376
-0.180777252,0.183587298,-0.289121002,0.304515123
-0.0686496422,0.0447481573,-0.115322419,0.0864889175
0.0011643708,-0.125408396,0.00147146441,-0.200298592
0.0116335042,-0.284912348,0.0169519726,-0.449062467
-0.0326924026,-0.383230358,-0.0528248288,-0.580309153
-0.107395321,-0.383392274,-0.164523467,-0.5772385
-0.178442404,-0.281637371,-0.282548249,-0.441840142
-0.21664995,-0.113801286,-0.356653452,-0.188186601
-0.209787756,0.0564520098,-0.345767677,0.0909020007
-0.166678369,0.1634745,-0.269563496,0.267228007
-0.111474782,0.168001086,-0.179093003,0.281548291
-0.0711810067,0.0745280236,-0.115152836,0.13322404
-0.062860921,-0.0709681436,-0.101738989,-0.109786965
-0.0869890377,-0.202234194,-0.140465602,-0.323875517
-0.129932478,-0.262833297,-0.208732054,-0.415015697
-0.173455566,-0.230661348,-0.278778076,-0.365917355
-0.205249041,-0.125201061,-0.335236251,-0.206037417
-0.224074364,0.00549742253,-0.36735788,0.00750924926
-0.236529842,0.11092516,-0.377335668,0.178246379
-0.247803509,0.163619086,-0.387837291,0.263210326
-0.252920419,0.170909628,-0.393144965,0.274377078
-0.235279366,0.167098656,-0.370344967,0.270521134
-0.175184235,0.190626159,-0.282567233,0.308671653
-0.064698942,0.258804202,-0.107108094,0.413059413
0.0798249096,0.354149669,0.119726561,0.538764656
0.216538817,0.430382013,0.311356097,0.609265625
0.292055219,0.43577233,0.408288181,0.5947541
0.266090631,0.342093349,0.400543243,0.499719292
0.135221794,0.163891509,0.23583068,0.268402904
-0.0574325956,-0.0428231023,-0.0809281394,-0.0660578161
-0.234305263,-0.203160658,-0.364209592,-0.313220143
-0.314516187,-0.256976873,-0.47760576,-0.379576474
-0.251033038,-0.187279075,-0.407083184,-0.291787535
-0.0562065393,-0.0292222127,-0.111961886,-0.0508224182
0.197971523,0.145205304,0.305300891,0.227690801
0.407256961,0.259775698,0.579975307,0.362048715
0.479230255,0.268285751,0.652714908,0.355538219
0.374361098,0.174011886,0.566829741,0.252902299
0.124845833,0.0252148099,0.226052672,0.0397948883
-0.178120673,-0.110572383,-0.274386376,-0.178259254
-0.423276603,-0.180299923,-0.609476745,-0.255343556
-0.526670218,-0.170286968,-0.711652339,-0.220625907
-0.465751886,-0.110127635,-0.671513557,-0.149655536
-0.284912914,-0.0543528721,-0.461139828,-0.0771588385
-0.0709404796,-0.0518905409,-0.128797963,-0.0778661147
0.0888971761,-0.119356856,0.142942443,-0.192042172
0.145634755,-0.231883317,0.232952669,-0.36814788
0.106126271,-0.335846335,0.165168718,-0.517538488
0.0222592447,-0.376447111,0.0304964408,-0.574814737
-0.0410340428,-0.325545549,-0.0711104125,-0.512938738
-0.0417717844,-0.195357069,-0.0772072375,-0.325031638
0.0174695533,-0.0313455574,0.0192505009,-0.0591860898
0.092742607,0.111291125,0.149095312,0.177635521
0.12423858,0.19465059,0.204966515,0.311551988
0.0704421476,0.214322343,0.124278493,0.345818788
-0.066773884,0.196660832,-0.0955380574,0.319876313
-0.238939121,0.179538101,-0.36533159,0.285586625
-0.371423751,0.187967539,-0.54573369,0.283804029
-0.397681355,0.218584582,-0.575182199,0.322803795
-0.290952176,0.241784737,-0.444452345,0.372909844
-0.0785779059,0.220240429,-0.134097248,0.365040988
0.167514771,0.133138955,0.266549915,0.225373283
0.359596223,-0.0079550026,0.550348818,-0.00930096209
0.429233462,-0.161216184,0.622102439,-0.236096114
0.353640646,-0.274232656,0.51695919,-0.404995799
0.162826315,-0.310783029,0.254144818,-0.485873848
-0.0741794705,-0.269861847,-0.113061614,-0.437536001
-0.277047247,-0.185946509,-0.429409057,-0.292704761
-0.383892059,-0.109673053,-0.578939676,-0.160999328
-0.371514469,-0.0790843442,-0.567767739,-0.109809682
-0.259521812,-0.0973202735,-0.419258714,-0.143040314
-0.0985503346,-0.129674673,-0.1730223,-0.205224469
0.0513567999,-0.122688003,0.0745648891,-0.202499956
0.143352464,-0.0357894003,0.231882781,-0.0680749118
0.15923959,0.131431296,0.259589255,0.199960604
0.113067284,0.331723571,0.180301085,0.498632401
0.0426962934,0.487920493,0.0709841177,0.683431029
-0.00677998597,0.528167486,0.000713410322,0.724725723
-0.00143222453,0.421351284,0.0062756869,0.628781319
0.0679052621,0.194768116,0.115389071,0.330238879
0.181629658,-0.0752652064,0.296222597,-0.109616458
0.298389167,-0.295626342,0.435219765,-0.437020987
0.370630443,-0.395855129,0.494873643,-0.544814646
0.362966508,-0.356019795,0.497537732,-0.505053818
0.266381562,-0.210459873,0.408493668,-0.339876413
0.102632754,-0.0273004323,0.176309273,-0.0621780939
-0.0831078738,0.124521166,-0.128821254,0.197016478
-0.238625154,0.203820914,-0.365929514,0.321721196
-0.323533118,0.208305016,-0.483026445,0.323447078
-0.323027819,0.165541038,-0.492684722,0.263215303
-0.251102,0.111774869,-0.401628911,0.186449304
-0.142423913,0.0719346106,-0.239217386,0.123540118
-0.0370331593,0.0515319221,-0.0657268465,0.0879957378
0.0350561477,0.0426838212,0.0570302419,0.0728951767
0.0627236292,0.0375079475,0.108297072,0.0609782711
0.053050641,0.0381125174,0.091215618,0.0615908206
0.0228752699,0.055577293,0.0412149951,0.0908149332
-0.0120070139,0.0985130295,-0.0171151869,0.162193537
-0.0440574735,0.159687728,-0.0686685517,0.259701192
-0.074338384,0.211619228,-0.115195774,0.343453795
-0.106963336,0.217069134,-0.165690869,0.353658885
-0.142053545,0.150743634,-0.224274993,0.252826661
-0.172258511,0.0200556852,-0.277659506,0.0429650731
-0.185463563,-0.128915563,-0.300481468,-0.197844014
-0.172243893,-0.22728017,-0.278588802,-0.355392814
-0.133366421,-0.215852126,-0.222312436,-0.347186178
-0.0821889341,-0.0784549564,-0.144393131,-0.137712017
-0.0395510904,0.142583176,-0.0710900649,0.226054057
-0.023203807,0.359680593,-0.0315001979,0.544620335
-0.03741109,0.478267699,-0.0428541265,0.679779649
-0.0688904822,0.442339092,-0.0889105201,0.646539509
-0.0922097042,0.264108002,-0.134686738,0.431263834
-0.0826451704,0.021293845,-0.132358775,0.0503605008
-0.0301178657,-0.178418159,-0.0531216562,-0.283618271
0.0533205494,-0.249057189,0.074646689,-0.400234073
0.137041986,-0.168380678,0.212084204,-0.283436418
0.185405239,0.0114446105,0.298248857,0.00450377911
0.174923986,0.190499395,0.283784568,0.292480558
0.106417753,0.271904707,0.177982703,0.425137073
0.00576001499,0.210891083,0.0222272016,0.348782957
-0.0875308737,0.0369846486,-0.13642551,0.0723008886
-0.138468191,-0.1619827,-0.22446759,-0.250972569
-0.132690802,-0.285511583,-0.214877024,-0.443451434
-0.082652986,-0.271853507,-0.142752677,-0.432777017
-0.0210677646,-0.128583819,-0.045378089,-0.219509482
0.0149035938,0.073058553,0.020614706,0.111204177
0.000791362429,0.236259237,0.00653516129,0.375782937
-0.064952895,0.288440347,-0.0909195691,0.456493706
-0.162052125,0.216433957,-0.245793238,0.353588998
-0.259395897,0.0690871477,-0.403615713,0.122186311
-0.329720408,-0.0728356242,-0.508025527,-0.103466935
-0.360455245,-0.142116219,-0.545823514,-0.206780449
-0.355851412,-0.120804302,-0.544767022,-0.180591255
-0.330475569,-0.0470258668,-0.517757893,-0.0708227158
-0.298698843,0.0100942152,-0.473138839,0.0213561133
-0.266530931,-0.00715012476,-0.425949633,-0.00320805144
-0.230285108,-0.109161079,-0.370351136,-0.163280681
-0.182310238,-0.24976103,-0.289234251,-0.380483299
-0.119831271,-0.348928601,-0.191524833,-0.525882065
-0.0511189029,-0.335487276,-0.0899334103,-0.521602631
0.00528644491,-0.18689476,-0.000913615397,-0.315929145
0.0286207926,0.0551420189,0.0426983461,0.0784774944
0.00732294424,0.301613629,0.0153295789,0.464469552
-0.0522413626,0.456989765,-0.0642090738,0.657178223
-0.124831393,0.462941915,-0.163947091,0.662052095
-0.174534366,0.32316801,-0.254624963,0.503154397
-0.168990463,0.0978797153,-0.271556437,0.175929353
-0.0934540257,-0.127634659,-0.156493202,-0.196183726
0.0416269004,-0.28317824,0.0546702854,-0.444011748
0.203031346,-0.342160195,0.290726244,-0.515796006
0.346355915,-0.325576246,0.483591408,-0.472759753
0.432077348,-0.282170057,0.590007544,-0.399340838
0.439680487,-0.257617146,0.608963847,-0.36474812
0.37448281,-0.269949406,0.539304316,-0.393369377
0.264916807,-0.303350657,0.396976739,-0.45949626
0.151779458,-0.32140249,0.233241543,-0.497244865
0.0737837628,-0.29029718,0.112110771,-0.461811692
0.0546819381,-0.198156059,0.0803184956,-0.329975963
0.0961915776,-0.0602492802,0.152195036,-0.10759268
0.178601593,0.0911283568,0.285378367,0.141597539
0.268265426,0.224587023,0.41310972,0.337306529
0.329103887,0.324182719,0.478288472,0.458884776
0.334267884,0.392513275,0.468575269,0.53597182
0.274352461,0.441900283,0.38872239,0.600502491
0.159789979,0.480470538,0.234573752,0.662121296
0.0168781094,0.502655447,0.038078066,0.697135508
-0.121159099,0.490417361,-0.155615374,0.684170961
-0.22512567,0.4245902,-0.30814904,0.608589649
-0.279163182,0.299381226,-0.408448428,0.455771536
-0.285187751,0.13106744,-0.440844148,0.217902064
-0.260793418,-0.0447187759,-0.416453332,-0.0581528991
-0.231255755,-0.186135307,-0.366969854,-0.28390795
-0.218534574,-0.261868209,-0.342603356,-0.400216907
-0.231533438,-0.262836635,-0.360831767,-0.404795766
-0.261674583,-0.20335117,-0.410066545,-0.315037847
-0.285987109,-0.112164602,-0.452907681,-0.175497934
-0.27696076,-0.0190654546,-0.443558872,-0.0282304846
-0.215494007,0.0557762906,-0.353973478,0.0949578062
-0.101595223,0.105156839,-0.173653409,0.179146558
0.0420804136,0.131213441,0.06539087,0.218614638
0.17621094,0.139113903,0.284966141,0.225848928
0.25880897,0.1330221,0.41239807,0.207358643
0.262120783,0.116589628,0.419678509,0.179308653
0.185470328,0.0962192118,0.3106471,0.150692329
0.058058124,0.0829124972,0.10379719,0.13425912
-0.0706103742,0.0893920138,-0.111114539,0.146901339
-0.149894118,0.1228358,-0.243538946,0.20011574
-0.149531215,0.177490264,-0.243312776,0.288426608
-0.0744211748,0.2327912,-0.122471467,0.377599895
0.034449812,0.260125875,0.0549661666,0.419169426
0.114750057,0.236216143,0.187058255,0.379006445
0.108318068,0.156395078,0.185129747,0.25729087
-0.0126779033,0.0399199501,-0.00784216914,0.0691957325
-0.230315864,-0.0769256875,-0.35837692,-0.120456532
-0.483876407,-0.157540634,-0.668495893,-0.213516593
-0.691302121,-0.183172271,-0.787669659,-0.200420544
-0.78106302,-0.162559956,-0.796545029,-0.155268058
-0.721145511,-0.127098903,-0.80094856,-0.131532803
-0.532395124,-0.113319628,-0.724161923,-0.139718294
-0.279859513,-0.141731724,-0.451394826,-0.208386153
-0.0454947576,-0.203655764,-0.0875469521,-0.322545141
0.105771422,-0.263857037,0.160517737,-0.417238563
0.15126808,-0.278453469,0.232623711,-0.441684663
0.115563735,-0.219175845,0.18215245,-0.361300945
0.0531471074,-0.0912501067,0.0861602724,-0.161942974
0.0175085757,0.0648621023,0.0272599328,0.0992293134
0.0320985317,0.189407468,0.0514271967,0.306092203
0.0778937936,0.229443848,0.127613872,0.371382177
0.10413444,0.162496462,0.176446483,0.271214247
0.0570659079,0.00666754507,0.105805255,0.0169975609
-0.08791738,-0.186848015,-0.130980074,-0.297810912
-0.307566464,-0.354270548,-0.436609179,-0.50447166
-0.535989583,-0.442616343,-0.627127349,-0.50955677
-0.692297518,-0.425893456,-0.694198251,-0.417701602
-0.717633426,-0.309118658,-0.747857034,-0.315050364
-0.603355706,-0.121800177,-0.7664271,-0.151106566
-0.396178514,0.0931889415,-0.602739394,0.139553919
-0.177438617,0.289563566,-0.284530997,0.448597282
-0.0265925955,0.42426616,-0.0363520086,0.627964258
0.0131239397,0.462664604,0.0314421691,0.665811062
-0.0496876538,0.385386318,-0.0585751794,0.584359467
-0.164405599,0.197255805,-0.247406721,0.326539189
-0.267207354,-0.0657151341,-0.417838603,-0.0868131518
-0.313002735,-0.338095725,-0.455662191,-0.471931845
-0.293798447,-0.540428698,-0.3834683,-0.676081121
-0.23498638,-0.606426358,-0.297974408,-0.736584902
-0.173604086,-0.512084305,-0.245804757,-0.694444716
-0.132562608,-0.292433441,-0.216940165,-0.463814914
-0.106627308,-0.0346290879,-0.185809299,-0.0691208914
-0.0685771033,0.153779805,-0.114739217,0.250776589
0.00835903455,0.189823017,0.0157036632,0.316782176
0.125898421,0.0532267988,0.210704461,0.100667782
0.250103652,-0.201410472,0.389395088,-0.30355233
0.323365837,-0.466343462,0.424598336,-0.619352162
0.294348866,-0.627964079,0.337238848,-0.738334656
0.149904966,-0.618046999,0.182187527,-0.770521998
-0.0698078945,-0.444348156,-0.101552017,-0.654688418
-0.283823103,-0.185355946,-0.439680517,-0.299967051
-0.406492621,0.0485096723,-0.609112918,0.0702173561
-0.389614642,0.168173507,-0.575656652,0.258641243
-0.248224735,0.147252843,-0.395644546,0.246744767
-0.0551186502,0.0311678983,-0.0970512629,0.0669034421
0.0947447419,-0.0897952244,0.152610496,-0.143159419
0.132481843,-0.128918216,0.217466831,-0.216442719
0.0510649756,-0.0477694683,0.0887521505,-0.0933735594
-0.0908113495,0.125464007,-0.14581646,0.195107445
-0.19985655,0.312470138,-0.299576849,0.47249496
-0.198748186,0.426316231,-0.280967027,0.614941657
-0.0696863383,0.415567905,-0.102664605,0.623797834
0.132556111,0.288202107,0.206496283,0.461968392
0.3059946,0.104077496,0.478107214,0.168313801
0.352940053,-0.0582565889,0.546972036,-0.0913068131
0.231313691,-0.14147678,0.375608981,-0.234693974
-0.0209444351,-0.134808972,-0.025110893,-0.235091731
-0.301393896,-0.0726442188,-0.465491593,-0.119847126
-0.490935862,-0.00958538149,-0.692969322,-0.00822229218
-0.509701729,0.0122920591,-0.710793972,0.0279462952
-0.352790892,-0.0149760284,-0.549116433,-0.00958285853
-0.088486433,-0.0660983473,-0.161667153,-0.0977988616
0.178713337,-0.103438154,0.277622044,-0.164994046
0.359876662,-0.103952132,0.54138881,-0.164806902
0.421025693,-0.0751629025,0.621034622,-0.122244537
0.390673161,-0.0503456742,0.58916223,-0.0849021375
0.333881885,-0.0660054535,0.519765317,-0.108102173
0.309272796,-0.135656163,0.478651464,-0.211069897
0.33390978,-0.236433908,0.492692828,-0.352480561
0.375562608,-0.317683905,0.522991836,-0.451872617
0.375811666,-0.327656716,0.52069813,-0.467666358
0.289883137,-0.243430316,0.436698109,-0.381387651
0.119739816,-0.0866330639,0.201477632,-0.159224465
-0.0791409016,0.0848888755,-0.123930424,0.129293442
-0.222045526,0.20583953,-0.344275653,0.323584437
-0.237707376,0.237318948,-0.368574113,0.3756226
-0.106421344,0.187127635,-0.177633986,0.317000329
0.127023607,0.105096579,0.200095773,0.182398796
0.372634798,0.0557028018,0.557894289,0.08289399
0.53658098,0.0827909112,0.725008965,0.0996187627
0.563105285,0.185617715,0.73009789,0.22325559
0.455913484,0.319209188,0.617443323,0.410482079
0.269629449,0.418649584,0.390738189,0.575286746
0.0780464411,0.433860153,0.128901824,0.630738616
-0.0624540746,0.355892837,-0.0815288797,0.548316181
-0.134929106,0.220724866,-0.207945749,0.362106383
-0.159575388,0.0890934691,-0.25744316,0.154999152
-0.171649978,0.0139878718,-0.280576169,0.0276840422
-0.194862351,0.0137898922,-0.318255901,0.0221676882
-0.226692364,0.065364033,-0.365462452,0.105480216
-0.243581653,0.119949177,-0.387575477,0.192003325
-0.221161693,0.132060036,-0.352764994,0.219168246
-0.155377612,0.0848219991,-0.256368011,0.148716047
-0.0700429305,-0.00217097392,-0.119374208,0.00410178583
-0.00506654428,-0.0860623345,-0.0103234975,-0.13888815
0.00802944414,-0.12663722,0.0123562133,-0.211559802
-0.031808719,-0.109735958,-0.05244698,-0.187487692
-0.0899434909,-0.0549585931,-0.149487227,-0.0957940295
-0.112527281,-0.00380227691,-0.188357189,-0.00659327675
-0.0565261655,0.00440933323,-0.0990052149,0.0133546377
0.0835622028,-0.045219887,0.132300153,-0.068525441
0.268177718,-0.135234073,0.416192293,-0.210027665
0.429860055,-0.226186842,0.603158832,-0.322940469
0.506614804,-0.278746396,0.659906387,-0.373765081
0.473435968,-0.274606615,0.635750532,-0.379469097
0.354479194,-0.224485472,0.524456263,-0.343070865
0.208954871,-0.159363404,0.33551687,-0.265089065
0.0985430107,-0.110894524,0.163559839,-0.188710093
0.0546356998,-0.0929151773,0.0896730199,-0.155970812
0.0638870746,-0.0948399007,0.102326088,-0.156944051
0.0801411942,-0.0903524309,0.131367683,-0.152336314
0.0556455627,-0.0556455627,0.0925716385,-0.0977474526
-0.0267983396,0.0140721276,-0.0409622081,0.0162461437
-0.139898226,0.0998487025,-0.224483207,0.159852743
-0.225005925,0.168941349,-0.352873415,0.270454347
-0.225529999,0.193586558,-0.353732169,0.312146962
-0.121740572,0.167501003,-0.199695602,0.281728834
0.0534077808,0.110344507,0.0834878385,0.190023065
0.227594286,0.057389807,0.364230186,0.0944451392
0.325412452,0.0402081087,0.506526232,0.0556914397
0.308155745,0.0693213716,0.486941099,0.0969957933
0.195053548,0.128580719,0.322832465,0.196038783
0.0536811538,0.184294671,0.0966961309,0.295196176
-0.0358579084,0.203808054,-0.052212622,0.334011793
-0.0237794127,0.173093781,-0.0385901034,0.290433496
0.0828121006,0.103787281,0.13376902,0.1800033
0.224142537,0.0262765717,0.359298825,0.0449490249
0.320388615,-0.0267350823,0.497881889,-0.0468185544
0.314697117,-0.0368233733,0.492730945,-0.0665796027
0.202988461,-0.00776548637,0.337707847,-0.0240929034
0.0344626717,0.0386274867,0.0662087724,0.0571656078
-0.116821274,0.0752967447,-0.187561303,0.123692967
-0.192800909,0.0835404992,-0.311903238,0.141820818
-0.181491986,0.0601611398,-0.297949731,0.106873222
-0.119553529,0.015533329,-0.202982917,0.0328089483
-0.0665587038,-0.0343894437,-0.112642609,-0.0515680984
-0.0665675029,-0.0760234222,-0.110963576,-0.12611632
-0.120002262,-0.101142295,-0.195048541,-0.166225702
-0.182929248,-0.104364403,-0.299007863,-0.167712256
-0.194876358,-0.0790251121,-0.321291566,-0.126198769
-0.11931508,-0.0166764706,-0.207208559,-0.0253696982
0.0272952132,0.087305963,0.0364360996,0.143547788
0.176464975,0.224647656,0.276279956,0.349354059
0.240633398,0.368235379,0.358809412,0.52915746
0.161624119,0.475709319,0.238761425,0.65558815
-0.0519025587,0.504105031,-0.0512789153,0.698873818
-0.320019752,0.430080146,-0.414450258,0.591643333
-0.525143981,0.265411049,-0.668313742,0.359778285
-0.56815201,0.0581196807,-0.746965945,0.0947040096
-0.418548286,-0.123877585,-0.620396674,-0.163846582
-0.132206887,-0.220495284,-0.230922893,-0.341757447
0.173586622,-0.205666572,0.256993413,-0.329905778
0.376028836,-0.0987777188,0.559061706,-0.16272673
0.405631453,0.0450016558,0.606019855,0.0509894937
0.278241068,0.161186039,0.44375506,0.237282351
0.0842244253,0.206159696,0.151847512,0.329342902
-0.0591731668,0.175973997,-0.0873799995,0.292810351
-0.067521058,0.104626849,-0.113807321,0.182890564
0.0695637017,0.0435282774,0.106928825,0.0780493915
0.286037952,0.0336637162,0.443590939,0.0510485657
0.475865155,0.0853917152,0.669723392,0.111107796
0.548300505,0.176043794,0.723421931,0.217202514
0.47302568,0.265297621,0.647886395,0.346374422
0.292375386,0.318468302,0.441591084,0.455527246
0.0957338214,0.323940068,0.163379818,0.496859521
-0.0290430915,0.295061648,-0.0369114168,0.468267262
-0.0409817658,0.256442964,-0.0639592186,0.415127695
0.0353624746,0.224032208,0.0563413575,0.365463704
0.126601487,0.19205074,0.205334142,0.311599433
0.152403966,0.135606259,0.252545178,0.220316142
0.0696637928,0.028071437,0.126676381,0.0483321175
-0.104292594,-0.137135565,-0.158381283,-0.220017865
-0.300909042,-0.334188253,-0.433031917,-0.476344734
-0.436188549,-0.510895669,-0.528192222,-0.600793898
-0.45368588,-0.611583412,-0.495868266,-0.64427346
-0.35234192,-0.604997277,-0.415458769,-0.690191984
-0.185454503,-0.501561046,-0.266811877,-0.678279519
-0.0323720761,-0.349436015,-0.0656060725,-0.539617479
0.0417443365,-0.210351616,0.059441451,-0.349209696
0.0174581036,-0.127739832,0.0308948513,-0.216091126
-0.0713465065,-0.10465952,-0.114880368,-0.173832282
-0.156336218,-0.104233928,-0.255470663,-0.168990999
-0.169427738,-0.0731545314,-0.281391352,-0.117682114
-0.0756592751,0.0241768137,-0.138039097,0.0394687839
0.111252159,0.179823875,0.169098571,0.286609083
0.336622089,0.339968413,0.475707531,0.478091031
0.530177116,0.428850234,0.631672144,0.501351178
0.635775387,0.387474865,0.701242626,0.417620957
0.631630361,0.20705919,0.763247788,0.247184649
0.533346355,-0.0607465357,0.731176436,-0.0826752335
0.381098211,-0.323111355,0.541540921,-0.452967018
0.219425172,-0.48582992,0.299371898,-0.666878939
0.0801396668,-0.494190156,0.104417868,-0.697393239
-0.024498174,-0.355026186,-0.0449702926,-0.552647591
-0.0974744558,-0.129962817,-0.167036682,-0.225970969
-0.146380529,0.0953912511,-0.243354797,0.149047926
-0.173557878,0.2498198,-0.27053827,0.394356847
-0.172498077,0.303324282,-0.25979811,0.471568286
-0.131794155,0.270722836,-0.202972263,0.432055771
-0.0437251702,0.193405956,-0.0697850212,0.32378462
0.0876054689,0.111967504,0.142061785,0.190255061
0.243032202,0.0459615998,0.386952281,0.0751638487
0.391773969,-0.00874752738,0.586313963,-0.0158354957
0.500201166,-0.0659194365,0.696321428,-0.0980849192
0.542402864,-0.129184842,0.723568976,-0.179831922
0.50858295,-0.180737451,0.687969625,-0.251813799
0.408399165,-0.1869995,0.594441354,-0.280229598
0.268265218,-0.118910462,0.42442587,-0.199543297
0.123589583,0.0251858216,0.206990659,0.0262778681
0.00838486664,0.208756655,0.0184903182,0.329025537
-0.0545942225,0.367001772,-0.0783205405,0.555189013
-0.0601348877,0.434499353,-0.0818958431,0.639433146
-0.0211846028,0.377041012,-0.0265403092,0.577519774
0.0365746021,0.21067819,0.0649967417,0.352887213
0.0844985098,-0.00311155315,0.144924983,0.00574726984
0.101653025,-0.184969962,0.16555281,-0.297880381
0.0823195502,-0.274653673,0.128234357,-0.438661218
0.0372758619,-0.258862972,0.055180952,-0.420363128
-0.0117554143,-0.175673246,-0.0237078611,-0.29546836
-0.0421638936,-0.0932611302,-0.0729614869,-0.1580825
-0.0406233482,-0.0738325417,-0.0702396408,-0.119298518
-0.00887210201,-0.141238749,-0.0166996233,-0.225910321
0.0373948552,-0.268771887,0.0557764769,-0.422136605
0.0757966265,-0.393171966,0.10673821,-0.585216939
0.0871277228,-0.447448432,0.117769375,-0.65007323
0.063203387,-0.395658612,0.0875051543,-0.597658992
0.00935576763,-0.252041996,0.00897190347,-0.413118511
-0.0589088537,-0.0750522241,-0.0997563377,-0.134061828
-0.12273895,0.0604847334,-0.201095223,0.0970168039
-0.166575536,0.0991224945,-0.267780304,0.16727525
-0.181716919,0.0309626888,-0.294525146,0.0622713044
-0.166197911,-0.104127683,-0.270075083,-0.157699883
-0.122628406,-0.235724211,-0.200782031,-0.367663771
-0.0564725436,-0.295834601,-0.0983620286,-0.463394582
0.0237930194,-0.249995083,0.0274014026,-0.405611068
0.105336115,-0.112378851,0.164225116,-0.196853653
0.170805588,0.0612448044,0.275417596,0.0898549259
0.201599568,0.198675215,0.32254827,0.307292223
0.184731156,0.242866233,0.297735691,0.37839216
0.361696154,0.0185485203,0.549111187,0.04590258
0.365913808,0.0764090419,0.558271587,0.0932297111
0.305804789,0.10568019,0.481425196,0.157916337
0.214551404,0.103746504,0.352713406,0.162839621
0.123999894,0.0821631476,0.211422428,0.132996738
0.0563188978,0.0553881824,0.0975043252,0.0927431583
0.0213857777,0.0301931836,0.0380419716,0.0525688976
0.0185276493,0.00265612337,0.0299806017,0.00572654977
0.0400225073,-0.0357262753,0.0674116164,-0.0570497103
0.0742902234,-0.0874169543,0.121560432,-0.14378655
0.10816659,-0.141422436,0.174981356,-0.231810302
0.128893003,-0.174943358,0.205984235,-0.286330372
0.126663014,-0.164267287,0.202079773,-0.273073077
0.0977245048,-0.099035576,0.158776328,-0.169785574
0.0468444005,0.00866184104,0.0788914412,0.00647109374
-0.0126441326,0.126482427,-0.0183096621,0.2048738
-0.0623725057,0.215209424,-0.0967388228,0.348827064
-0.0855225399,0.24676466,-0.131497458,0.398754865
-0.0740508288,0.217420295,-0.116444342,0.3590087
-0.0331542343,0.149159953,-0.0527785122,0.251122445
0.0197270755,0.0784733519,0.0331471451,0.134796038
0.0617801175,0.0385578834,0.104199134,0.0629716739
0.0750601962,0.0441912487,0.125951812,0.0691522658
0.0555219501,0.0866875947,0.095096238,0.138597101
0.0162318293,0.140582532,0.0297900196,0.229007557
-0.0175294988,0.177420512,-0.0234062225,0.290453196
-0.0197962932,0.178782567,-0.0301008318,0.295205563
0.0228706077,0.142104775,0.03886443,0.23808302
0.102807276,0.0777107179,0.169468403,0.132745266
0.191967666,0.000672235154,0.312599003,0.00187529856
0.252456605,-0.0765126422,0.402294934,-0.125454068
0.252612293,-0.146083057,0.400451124,-0.233835623
0.181333885,-0.201976731,0.291153908,-0.326435357
0.0537327342,-0.235491797,0.0889976695,-0.38326624
-0.0949382186,-0.234477371,-0.150299132,-0.378901511
-0.224479422,-0.188175306,-0.355897635,-0.299601674
-0.306841135,-0.0953456536,-0.482539564,-0.14934516
-0.336743236,0.0298588127,-0.524940014,0.0477232933
-0.33056435,0.159306407,-0.506032228,0.246242106
-0.314252168,0.260487378,-0.465667188,0.392587095
-0.306861848,0.309908837,-0.444729537,0.459656507
-0.308887362,0.302893013,-0.447609156,0.450722307
-0.302218258,0.253886253,-0.447831601,0.388907224
-0.262303323,0.186795041,-0.406614721,0.299297065
-0.176110074,0.121012419,-0.286900938,0.205904797
-0.0555694439,0.0617641285,-0.0961511582,0.110271871
0.0621936806,0.00102493237,0.100111805,0.00499466015
0.129848689,-0.0713694319,0.214973703,-0.116319329
0.113585278,-0.153721958,0.1877435,-0.252901495
0.0133819152,-0.225647807,0.0246008039,-0.367421716
-0.131885514,-0.254839689,-0.208098933,-0.405439168
-0.259179175,-0.215467677,-0.404730707,-0.335022181
-0.31026268,-0.108013391,-0.489095151,-0.167388216
-0.261016011,0.0324585959,-0.425599813,0.0523017049
-0.135681391,0.147463664,-0.228250563,0.243924856
0.00278025679,0.182706118,0.00231738552,0.304252684
0.0831509158,0.118534341,0.142629281,0.201581478
0.062907204,-0.0142085468,0.113613859,-0.0182229821
-0.0472338945,-0.144326746,-0.0709801912,-0.236715332
-0.185015455,-0.194247127,-0.293723375,-0.311182618
-0.265707105,-0.121745236,-0.425347567,-0.195220023
-0.225427613,0.0529235601,-0.375405937,0.0823734999
-0.0572348572,0.251070648,-0.101942874,0.400089473
0.179272994,0.371738076,0.262516141,0.554973066
0.381755918,0.343340665,0.533477843,0.478634864
0.452571422,0.164291739,0.651131928,0.23362495
0.347451925,-0.0899778605,0.54474932,-0.13474755
0.101090819,-0.299738228,0.170960709,-0.471917093
-0.184395075,-0.358753204,-0.273706108,-0.541221917
-0.38432011,-0.228398457,-0.564949632,-0.337035269
-0.409121186,0.0400858857,-0.618915617,0.055815056
-0.247320622,0.327875525,-0.379539937,0.486481965
0.0274583548,0.505304873,0.0332681127,0.710306942
0.289669126,0.494932115,0.385634482,0.659348965
0.420045644,0.30906266,0.587229073,0.430476338
0.361357927,0.0426958799,0.564283907,0.0669127554
0.145174265,-0.174352273,0.251282424,-0.284317106
-0.123117633,-0.241586104,-0.189366505,-0.392418683
-0.313833088,-0.135738716,-0.490386605,-0.217568561
-0.33348459,0.0810448006,-0.524558127,0.121095657
-0.167774022,0.295327872,-0.270324409,0.458201051
0.112630919,0.39977482,0.162258327,0.599255443
0.385321677,0.343849719,0.535584033,0.480366975
0.531907678,0.152972251,0.72051549,0.207398698
0.489991516,-0.0909246728,0.695944965,-0.12829636
0.277958006,-0.294075429,0.425083399,-0.442668706
-0.0171149485,-0.395461321,-0.01984643,-0.599797428
-0.280679911,-0.388384104,-0.400624156,-0.556322873
-0.420630127,-0.310772687,-0.585475862,-0.423857093
-0.403145164,-0.213957816,-0.591143131,-0.302711785
-0.260107249,-0.130708396,-0.422267765,-0.199635133
-0.0679499358,-0.0615725741,-0.126300052,-0.0990105942
0.0893781409,0.0142485956,0.142506048,0.0214008279
0.155124277,0.113055564,0.25652948,0.176510394
0.117470533,0.224588245,0.195886061,0.350009173
0.00550487777,0.309705585,0.0197672211,0.479920924
-0.130755708,0.32085681,-0.190287814,0.497888446
-0.244300529,0.233345181,-0.367457867,0.370513469
-0.307623088,0.0674813539,-0.475088805,0.119551063
-0.316356927,-0.113977373,-0.491288871,-0.161971912
-0.282067418,-0.234439597,-0.437068135,-0.350015134
-0.2210664,-0.243555143,-0.352491021,-0.376653612
-0.146311149,-0.146126732,-0.247277543,-0.242212445
-0.0657563806,-0.00223873649,-0.117730506,-0.0076806657
0.0142665096,0.103351437,0.0209052991,0.171335474
0.084990941,0.106921703,0.143368825,0.181415111
0.134433731,0.00157757557,0.225188464,0.00975704938
0.15087913,-0.157347098,0.247136146,-0.251143247
0.128298745,-0.281428516,0.199659362,-0.443324983
0.0699227229,-0.297784358,0.104904979,-0.474157214
-0.0125874607,-0.190850258,-0.0245958008,-0.321713209
-0.103956133,-0.0140619958,-0.173495188,-0.0333820097
-0.191061184,0.135752723,-0.30523333,0.217359558
-0.266078115,0.168213606,-0.409584612,0.271337688
-0.325340956,0.0470854789,-0.49908945,0.08725629
-0.365352392,-0.189556882,-0.540207207,-0.261330098
-0.379561216,-0.447351068,-0.500043571,-0.567316651
-0.359250844,-0.622133791,-0.416700333,-0.695418537
-0.299147546,-0.650295496,-0.349023074,-0.730926514
-0.20477961,-0.537006736,-0.280897141,-0.702654779
-0.0965055749,-0.348841935,-0.161922157,-0.537454069
-0.00605691783,-0.176579103,-0.0207818449,-0.296465218
0.0347651467,-0.0892723277,0.0561927594,-0.150405437
0.00888966303,-0.103926077,0.0189987123,-0.170543715
-0.0750047415,-0.185054198,-0.116700761,-0.298754394
-0.181765229,-0.271275014,-0.282091945,-0.417733729
-0.261412859,-0.311723351,-0.393808186,-0.461398631
-0.269194603,-0.291275799,-0.41283527,-0.433807909
-0.185485214,-0.23185651,-0.304268807,-0.362932146
-0.026333129,-0.171965912,-0.0571760088,-0.280748963
0.160738662,-0.13908565,0.249830738,-0.226437926
0.314507306,-0.132610351,0.479645938,-0.2096439
0.384052813,-0.127187267,0.572274983,-0.196830094
0.348797441,-0.0929852203,0.535982788,-0.151732951
0.226183772,-0.0187940076,0.372114182,-0.0407370739
0.0640898272,0.0775983706,0.114778824,0.118852966
-0.0783597529,0.158887178,-0.121059619,0.258740157
-0.15329206,0.191796765,-0.242094204,0.313932657
-0.140800506,0.169556752,-0.226828665,0.282012492
-0.0538434051,0.118328296,-0.0926156938,0.203753754
0.0694657788,0.0823305473,0.110910118,0.1403552
0.181987211,0.0958732665,0.292996943,0.15335013
0.245190009,0.159390971,0.388166696,0.244543418
0.24167335,0.235174775,0.380355537,0.355287462
0.178666532,0.267216623,0.289929807,0.41286689
0.0823109895,0.214884117,0.145266756,0.348784417
-0.0142543241,0.0808384493,-0.0149678364,0.1418823
-0.0842271447,-0.0843828842,-0.137139514,-0.131453514
-0.117087215,-0.205981776,-0.192195743,-0.330619335
-0.121763818,-0.225177318,-0.20149976,-0.360764921
-0.121976338,-0.134024993,-0.206787989,-0.22415778
-0.145349652,0.015627522,-0.243077472,0.0192229263
-0.210205287,0.135870233,-0.332750529,0.217520177
-0.31515789,0.147838756,-0.474413812,0.234722838
-0.436170369,0.0243973192,-0.629708052,0.0506072529
-0.533319473,-0.192993,-0.703897178,-0.237016663
-0.565723956,-0.413157314,-0.660170317,-0.461785525
-0.509247124,-0.540509999,-0.565838635,-0.582892656
-0.369470507,-0.522988737,-0.464117169,-0.637371957
-0.183423638,-0.377251089,-0.286118865,-0.556787729
-0.00777255092,-0.178015992,-0.0281591825,-0.298240721
0.102860719,-0.0177832004,0.164731607,-0.036669638
0.11870461,0.0410580225,0.20245707,0.0664787069
0.0484897159,-0.00386024872,0.0901259705,-0.00420856522
-0.0631064102,-0.0981390849,-0.0972855687,-0.159530371
-0.154297262,-0.163815558,-0.250323355,-0.264124662
-0.173702016,-0.143220231,-0.28802222,-0.23203969
-0.104265518,-0.0292549767,-0.184119552,-0.052340176
0.0277752299,0.13355571,0.0366059504,0.215412244
0.163774475,0.276006818,0.253622144,0.42608133
0.239108846,0.342484355,0.361363441,0.504529655
0.21328257,0.318549424,0.332399487,0.480135858
0.0896845534,0.233186856,0.159000725,0.373430997
-0.0844817311,0.136462763,-0.124381736,0.226629883
-0.238350943,0.0675859079,-0.376206368,0.112388901
-0.308383167,0.0332279354,-0.484629035,0.0585345775
-0.26579684,0.00885903742,-0.428676188,0.0223221797
-0.127832443,-0.0387108438,-0.220297217,-0.0556458049
0.051936619,-0.122609071,0.0779622495,-0.193886742
0.209002927,-0.219968408,0.321095616,-0.343785316
0.296512872,-0.280077994,0.437963009,-0.422346741
0.303514272,-0.25315246,0.451608241,-0.389795154
0.254941553,-0.12320251,0.400436223,-0.209480077
0.194668189,0.0750159621,0.315880686,0.107340127
0.16113472,0.266658545,0.256087601,0.408450991
0.168124646,0.371188194,0.255853564,0.551635683
0.199892163,0.342780143,0.304865032,0.516167104
0.222035661,0.194861591,0.357248485,0.313670784
0.201437399,-0.00498650456,0.335109979,-0.0038837553
0.124387421,-0.167645872,0.207501367,-0.27327913
0.00364430412,-0.225667432,0.00677340291,-0.370307475
-0.128492951,-0.164645955,-0.210404009,-0.27625981
-0.236550182,-0.0270837173,-0.382910818,-0.0492669456
-0.29847461,0.111926444,-0.467143416,0.17586875
-0.313737988,0.183085844,-0.478320718,0.285400212
-0.299329549,0.154784769,-0.461010903,0.249670967
-0.276811957,0.0429951623,-0.437174469,0.081403695
-0.258354604,-0.103251174,-0.409506768,-0.151648581
-0.239864722,-0.229885101,-0.374749243,-0.348341525
-0.205040962,-0.302406788,-0.321359873,-0.457387447
-0.137846038,-0.314394623,-0.223323658,-0.481815666
-0.0360376984,-0.278463751,-0.0691400245,-0.442338735
0.0823531747,-0.209208474,0.121827617,-0.342951328
0.183970138,-0.111653641,0.291118562,-0.18940042
0.23468031,0.0164445452,0.376713932,0.0157150663
0.216560066,0.170825213,0.34887743,0.25990504
0.138499036,0.326963931,0.222272456,0.492247224
0.0345162153,0.439155906,0.062702693,0.636065543
-0.0501264445,0.457561016,-0.0605603419,0.661124885
-0.0788885206,0.356119752,-0.110917293,0.55035609
-0.0407842584,0.155240431,-0.0621123649,0.270358354
0.0437863432,-0.0764716193,0.0723655075,-0.115796439
0.131042108,-0.246732011,0.202538908,-0.389048606
0.172229812,-0.280634135,0.261092722,-0.443729013
0.134449854,-0.157708451,0.215542153,-0.271310925
0.0150466282,0.0753893331,0.0272124894,0.107258782
-0.156280518,0.3250404,-0.231032491,0.487266392
-0.328171104,0.494654387,-0.412408322,0.645780921
-0.446434915,0.530081153,-0.508447528,0.626240134
-0.473429918,0.442573816,-0.569565237,0.549956143
-0.400702596,0.297202736,-0.554929078,0.427743852
-0.250677735,0.173408836,-0.395885527,0.285395235
-0.0675284043,0.119790412,-0.11852093,0.206409812
0.0987851024,0.128474116,0.157392174,0.210738137
0.209255576,0.143445581,0.338765711,0.225469261
0.247509286,0.0979598984,0.402465314,0.154778436
0.222739831,-0.0406069085,0.367565691,-0.0640466139
0.163420439,-0.244802088,0.263553083,-0.382271469
0.104518279,-0.436110705,0.150130525,-0.632918656
0.0731365457,-0.525332987,0.0903344005,-0.719381988
0.0780307278,-0.462592959,0.0987197831,-0.665499747
0.107055031,-0.268972218,0.158388495,-0.435954601
0.133637726,-0.0311161485,0.212591141,-0.0666592196
0.129797265,0.139815792,0.214159369,0.221533671
0.0803248361,0.163802847,0.140917912,0.269839227
-0.00814389624,0.0327772647,-0.000957237207,0.0635450408
-0.107707977,-0.185175017,-0.169050679,-0.289163768
-0.180011183,-0.38041532,-0.270880342,-0.555389881
-0.193195775,-0.456586689,-0.282476991,-0.63762176
-0.137628347,-0.376585603,-0.218715608,-0.565538466
-0.0328563116,-0.175975114,-0.0699808076,-0.297498941
0.078350164,0.0616727211,0.120501302,0.0920256451
0.147287682,0.252241045,0.234533846,0.391834497
0.140832394,0.354218125,0.222801954,0.533051312
0.0574516095,0.383886546,0.0986299515,0.575742722
-0.0701753348,0.395491511,-0.0920253322,0.590927482
-0.188047752,0.43951264,-0.256747037,0.624936342
-0.244173452,0.524535239,-0.314616472,0.689148784
-0.212046102,0.605880141,-0.257293016,0.749406099
-0.103392228,0.608557224,-0.126091078,0.771329284
0.0361069888,0.472148359,0.0554063134,0.681189239
0.14663972,0.192205459,0.242778882,0.324474394
0.180820659,-0.165998548,0.298167408,-0.250234812
0.124835111,-0.490678281,0.175677016,-0.682572722
0.00439792126,-0.672838211,-0.00183826068,-0.805685818
-0.127199635,-0.656460941,-0.158798128,-0.787177682
-0.213307992,-0.46371302,-0.302886397,-0.648801327
-0.219076365,-0.182550848,-0.357700378,-0.298864573
-0.145969093,0.0761282742,-0.252385825,0.119551718
-0.0293065775,0.229160622,-0.0513467044,0.373487025
0.0793709531,0.253989398,0.129783556,0.41117239
0.136286199,0.18876332,0.226477921,0.308344901
0.124357581,0.102703206,0.211001053,0.170250088
0.0586719252,0.055103939,0.104990803,0.087669611
-0.0230581947,0.0658168122,-0.034397345,0.105167925
-0.0794126317,0.111848325,-0.128964856,0.183777645
-0.0839265063,0.149051994,-0.13841477,0.24709028
-0.0348488055,0.14388907,-0.0581563301,0.244434878
0.0475212261,0.0956309959,0.0782342404,0.164139614
0.133034021,0.0362645276,0.218809187,0.0617766641
0.196206674,0.00924052671,0.319319665,0.0124600017
0.225625381,0.0407967046,0.3648085,0.0594616495
0.224461287,0.121658318,0.362680167,0.18488203
0.203572839,0.21039243,0.325994492,0.323629826
0.172511995,0.256638914,0.278355002,0.398379564
0.13418296,0.230594099,0.221902043,0.368504107
0.08593712,0.141341105,0.149556398,0.235816941
0.0254888963,0.0329925753,0.0480167978,0.0577540658
-0.0430884138,-0.0396308526,-0.0690948665,-0.0657216311
-0.108003408,-0.0422776528,-0.179853499,-0.0726553723
-0.154613242,0.0181312915,-0.257699788,0.0283896215
-0.173810929,0.0953958407,-0.284843206,0.155307561
-0.168458462,0.127864316,-0.270762801,0.212423071
-0.153000519,0.0716262758,-0.249077648,0.128060237
-0.145252317,-0.0745365545,-0.236152336,-0.112010606
-0.154336959,-0.265524536,-0.243045405,-0.406316847
-0.17187646,-0.429332614,-0.252111465,-0.610180736
-0.172704861,-0.499322951,-0.247234538,-0.682157457
-0.126620442,-0.443106979,-0.19298856,-0.639250994
-0.0163746178,-0.274420321,-0.0423907451,-0.442554861
0.147319153,-0.0437886193,0.227688611,-0.0834711716
0.322765678,0.185447574,0.484237194,0.269994974
0.450056076,0.362788379,0.596910715,0.466318101
0.475547403,0.465860099,0.579388857,0.550261915
0.377408683,0.500235975,0.481811792,0.617241323
0.179887533,0.48731029,0.263754576,0.664015055
-0.0516411923,0.449192435,-0.0554733798,0.648390651
-0.234131947,0.399320722,-0.324383676,0.577725947
-0.299347878,0.342440099,-0.42872265,0.50322032
-0.221329316,0.281262219,-0.340489358,0.439624608
-0.0268156324,0.22337544,-0.0501095094,0.369893759
0.215765193,0.182704046,0.335205078,0.29324317
0.423522145,0.174086705,0.609739721,0.245157689
0.530394137,0.204385906,0.705949605,0.259642839
0.509321034,0.265919626,0.675359786,0.33624804
0.377162993,0.336649835,0.535891235,0.455685079
0.18259345,0.387569219,0.283264428,0.560598552
-0.0154363234,0.393690884,-0.00827284809,0.59074682
-0.168164387,0.343352944,-0.242384389,0.524214089
-0.248439178,0.24192974,-0.376848161,0.382404149
-0.25110504,0.109293848,-0.396241397,0.187189937
-0.186221257,-0.0266929734,-0.307460308,-0.0331835896
-0.0715256706,-0.137439013,-0.125735462,-0.2188012
0.0712273195,-0.199571058,0.106330946,-0.322799921
0.215910837,-0.19941628,0.331290424,-0.320224613
0.331519037,-0.136772916,0.500849187,-0.219931915
0.386148572,-0.0278686825,0.579870224,-0.0541989133
0.356992453,0.0944077,0.545501173,0.131938815
0.242788702,0.18583332,0.390103996,0.281894714
0.0714942962,0.203075483,0.129413724,0.324857026
-0.103528112,0.12037234,-0.158172101,0.206045941
-0.220414355,-0.0558264852,-0.3508524,-0.0779778138
-0.233153716,-0.282246798,-0.359662175,-0.414134353
-0.13245061,-0.489288837,-0.19995068,-0.669753432
0.0477974862,-0.605048835,0.0433732346,-0.769136429
0.243213639,-0.583964169,0.284612328,-0.729667902
0.386259466,-0.427347869,0.493766457,-0.57250905
0.435714155,-0.185425788,0.613012433,-0.281280339
0.39396593,0.0614521839,0.590515554,0.0724242553
0.303283155,0.234755397,0.467498511,0.342877507
0.222677469,0.288450718,0.349653691,0.436767578
0.197017059,0.224307388,0.316435903,0.356102616
0.234297529,0.0852530003,0.378102809,0.142234534
0.302917928,-0.0688157007,0.47458905,-0.10548836
0.350328416,-0.189724833,0.522818565,-0.288970172
0.332963288,-0.259525657,0.489595473,-0.390465051
0.241129711,-0.29033038,0.365889728,-0.446900755
0.105044626,-0.307620734,0.16415742,-0.483832061
-0.021621488,-0.328250647,-0.0341947973,-0.511875451
-0.0918789878,-0.346826226,-0.146650687,-0.530056059
-0.0924784467,-0.338653862,-0.15154995,-0.518875122
-0.0522835217,-0.277215213,-0.0930225402,-0.441669941
-0.0262834094,-0.155132413,-0.0505403802,-0.262704343
-0.0631400496,0.00486118067,-0.10599938,-0.000523156661
-0.173971072,0.156773433,-0.273653239,0.248670876
-0.32047236,0.25327608,-0.466102839,0.381164551
-0.430781841,0.270594925,-0.591675341,0.385556072
-0.436515003,0.221751809,-0.614337981,0.324567467
-0.312128574,0.149627224,-0.485821843,0.243194774
-0.0950720385,0.102758542,-0.168599412,0.179404169
0.125939146,0.10709741,0.199622661,0.177268863
0.250930846,0.150031701,0.397662342,0.231080368
0.218065575,0.186704189,0.354905784,0.286986709
0.0374181718,0.166240528,0.0785371959,0.268248975
-0.209156439,0.0638193935,-0.322697222,0.110106163
-0.403797686,-0.0996809378,-0.593754113,-0.134321004
-0.447689712,-0.262708127,-0.624441624,-0.347695708
-0.308719635,-0.351716042,-0.456380904,-0.491593391
-0.038096413,-0.319146901,-0.0821667388,-0.494420707
0.252655536,-0.170431778,0.377785236,-0.277547687
0.443334699,0.0352179483,0.639533937,0.0354395807
0.460184723,0.211833343,0.648156166,0.280619562
0.307829171,0.288178056,0.468521476,0.416234463
0.0631905347,0.242223725,0.118933097,0.386170238
-0.164351821,0.110405162,-0.253055543,0.187074453
-0.28577131,-0.0334155038,-0.450182378,-0.0414968692
-0.27173388,-0.118291043,-0.436723977,-0.178069741
-0.159895018,-0.114483483,-0.271480322,-0.183964029
-0.0285575595,-0.0492930822,-0.0572465286,-0.0845712498
0.0478067324,0.00817972235,0.0771154314,0.0100797573
0.0372536406,-0.0144980764,0.0677775368,-0.0230557863
-0.0363354795,-0.151570216,-0.0538478419,-0.242537469
-0.110680982,-0.376413345,-0.168040484,-0.555382371
-0.122177161,-0.609863341,-0.165325075,-0.760376453
-0.0417190194,-0.7557109,-0.0591272376,-0.810396791
0.109895594,-0.745688617,0.103124015,-0.802686989
0.274301767,-0.57169342,0.32280159,-0.712848783
0.387668312,-0.289793104,0.532413542,-0.426024318
0.414222598,0.00509645324,0.609899163,-0.0137574496
0.36282593,0.220680356,0.541541874,0.312043339
0.278200477,0.304694086,0.423549712,0.44753781
0.212653503,0.26140812,0.336988091,0.405670345
0.194775581,0.141751409,0.319172025,0.231278136
0.212897316,0.0146332458,0.34789598,0.0271994155
0.222582251,-0.0649198219,0.358934045,-0.108277068
0.17396684,-0.0757417604,0.286327809,-0.130792037
0.0437653102,-0.0314886868,0.0780391768,-0.061891906
-0.145842433,0.0341385528,-0.231576383,0.0501642823
-0.332184196,0.0874581337,-0.507058501,0.137077302
-0.438974321,0.109111451,-0.63423115,0.166629985
-0.411673635,0.0969548821,-0.60979557,0.154389381
-0.243693739,0.0594373494,-0.399017453,0.107290737
0.0191942919,0.00646493351,0.0185834467,0.020804191
0.297672898,-0.0552771091,0.457674563,-0.0840859488
0.511022806,-0.120110959,0.699078679,-0.171150237
0.607113242,-0.177550465,0.754128635,-0.229527995
0.577308536,-0.209234908,0.72901535,-0.273847699
0.452032655,-0.193363845,0.63753587,-0.28159979
0.282422662,-0.11613369,0.445272416,-0.196417451
0.119041838,0.0158583913,0.202557042,0.0130653195
-0.002381325,0.170452893,-0.000447675993,0.271624357
-0.0643012077,0.297332793,-0.0975595266,0.466189653
-0.0628866032,0.346696466,-0.0923228636,0.537157714
-0.00247677532,0.291193157,-0.000242580078,0.468439043
0.105793506,0.140235931,0.175673008,0.242013648
0.241036505,-0.0613138266,0.386349261,-0.0895856991
0.370047212,-0.2506769,0.53268826,-0.365722716
0.451020181,-0.373295248,0.581782937,-0.492572784
0.445835829,-0.405331612,0.566714466,-0.527973533
0.336997002,-0.361734122,0.471594572,-0.518078148
0.140529037,-0.28601408,0.222073153,-0.456357032
-0.0937481374,-0.226855844,-0.144367576,-0.373545527
-0.29759866,-0.213158578,-0.45328477,-0.323165774
-0.41015619,-0.239845455,-0.588668287,-0.333403111
-0.402565181,-0.271417767,-0.576585293,-0.372356564
-0.289437592,-0.261467904,-0.446147025,-0.387563527
-0.121134982,-0.178520441,-0.211542964,-0.289770573
0.0395282395,-0.0254451837,0.0544531904,-0.0492697544
0.144596845,0.157284081,0.232172057,0.245023265
0.178815633,0.306562066,0.281126022,0.463949621
0.159795552,0.363347143,0.249079913,0.541627109
0.121931918,0.299061835,0.199479789,0.468957424
0.0941528305,0.129726082,0.16169697,0.222172767
0.0844268128,-0.0886833444,0.144251898,-0.138296857
0.0794428363,-0.281833261,0.123098217,-0.442700535
0.0586132854,-0.38636148,0.082157433,-0.585016549
0.0128952898,-0.374422908,0.0135545759,-0.573197484
-0.0440671444,-0.263152778,-0.0770763755,-0.42824021
-0.0804715008,-0.105369881,-0.138621345,-0.181696087
-0.0650380701,0.0340590999,-0.112707779,0.0546119772
0.0107049607,0.105707839,0.0149054397,0.179008156
0.120269835,0.0950108767,0.197456956,0.160149142
0.209119573,0.0254672486,0.341360539,0.0428257808
0.219160706,-0.055210866,0.358644277,-0.0908831432
0.119046591,-0.0992116109,0.204838008,-0.169966906
-0.0757752955,-0.0816518292,-0.118441872,-0.142346799
-0.304919958,-0.0117819607,-0.472566873,-0.0220443923
-0.487413675,0.0727951899,-0.68384403,0.106122911
-0.557259798,0.125994116,-0.734946251,0.176374465
-0.492723048,0.117489472,-0.684644461,0.174905926
-0.324748218,0.0493323207,-0.510823727,0.0896728262
-0.120554805,-0.043551635,-0.208717674,-0.0595444813
0.0488380119,-0.109667562,0.0724671632,-0.177919492
0.140390322,-0.106328905,0.22616756,-0.179944783
0.15428555,-0.0215254091,0.25390628,-0.0456071012
0.126051381,0.118971638,0.207375482,0.183971673
0.10142345,0.263398528,0.164923862,0.410369515
0.108688638,0.359265149,0.16894941,0.543713808
0.143807575,0.379505605,0.221324697,0.566955388
0.175787166,0.335959554,0.272181571,0.509937346
0.168093279,0.272691458,0.270766079,0.425208837
0.102951668,0.241930947,0.17370683,0.383730471
-0.00587061653,0.274723887,-0.00128304516,0.431405038
-0.119221732,0.361783117,-0.171730787,0.543772161
-0.193938732,0.455419719,-0.265357167,0.640598893
-0.206837982,0.492841095,-0.275672257,0.676556051
-0.167183012,0.429794222,-0.233382747,0.624988914
-0.110173166,0.267414272,-0.167463735,0.435079426
-0.0750785246,0.05767015,-0.118937165,0.109745376
-0.0807589442,-0.116948843,-0.131267056,-0.188276187
-0.113150842,-0.180871561,-0.187708795,-0.294982046
-0.132680982,-0.102246799,-0.225610986,-0.173621282
-0.0981059596,0.0891120732,-0.170395419,0.139727056
0.00654695276,0.312168092,0.00421955017,0.483794093
0.15775533,0.46936816,0.222860843,0.659158707
0.300307453,0.489674956,0.400584668,0.645250559
0.374330252,0.359891117,0.523589194,0.497566611
0.34763819,0.129901722,0.538082838,0.200378671
0.235700026,-0.110029981,0.387512714,-0.174799547
0.097396642,-0.268691629,0.15705052,-0.427571177
0.00738900993,-0.291593105,0.00541216368,-0.466338545
0.0186150782,-0.180256531,0.0191439781,-0.302337199
0.134274051,0.0139004784,0.20815362,0.0143096354
0.304286271,0.215918005,0.455689698,0.319344968
0.448745012,0.360024899,0.594538391,0.46687755
0.496805459,0.41361624,0.617564321,0.500061274
0.421246946,0.383365542,0.565060377,0.497516006
0.251020283,0.30390358,0.390300572,0.45016259
0.0554539226,0.217413872,0.106024459,0.349994659
-0.0914903134,0.155073464,-0.140908897,0.255666226
-0.148177281,0.128031299,-0.241151392,0.212485015
-0.124214582,0.129217014,-0.205952302,0.217086285
-0.0716380551,0.141672403,-0.118624195,0.235661149
-0.0533260219,0.147200763,-0.0852063373,0.2422387
-0.105641559,0.131255165,-0.165991917,0.217388704
-0.215432674,0.0839979276,-0.338533878,0.139541477
-0.324104935,0.00035399734,-0.500104606,0.0089635849
-0.357368827,-0.11823491,-0.543363929,-0.167924315
-0.265759915,-0.260382742,-0.413366169,-0.380299062
-0.0550948493,-0.402749032,-0.0988722071,-0.588218033
0.209297061,-0.513348222,0.26243332,-0.686297059
0.427817017,-0.561576247,0.478101522,-0.652225316
0.509941161,-0.531809151,0.556105852,-0.592879474
0.415257186,-0.433778614,0.5283885,-0.564595222
0.172740489,-0.30290705,0.270433962,-0.47922653
-0.13083899,-0.188104525,-0.202001572,-0.315406144
-0.387948066,-0.131202564,-0.57325536,-0.191968307
-0.515659034,-0.147505134,-0.702844322,-0.189012095
-0.488903075,-0.21756202,-0.671374083,-0.281434596
-0.347375602,-0.295338929,-0.5117504,-0.413212389
-0.174312875,-0.329752147,-0.277979732,-0.493540347
-0.0579627752,-0.28937614,-0.10267967,-0.45847562
-0.0535338931,-0.178023502,-0.0908863991,-0.299729943
-0.161945805,-0.0332200117,-0.263057798,-0.0637518093
-0.333120406,0.0917630866,-0.505462527,0.139424369
-0.490303785,0.15324989,-0.673451364,0.219396666
-0.563257039,0.137126237,-0.734063029,0.192063913
-0.515676022,0.0636965632,-0.710225046,0.101826556
-0.356305361,-0.0242772214,-0.551050723,-0.024138594
-0.131314561,-0.0834013894,-0.230372414,-0.127219796
0.0964553878,-0.0897347406,0.147311121,-0.149241909
0.271273732,-0.0472265929,0.424701452,-0.0814142004
0.148388162,0.092742607,0.257278144,0.134716943
0.223625988,0.285673827,0.333082676,0.428958058
0.327219278,0.385461837,0.459884286,0.53376466
0.406191468,0.382189155,0.547839642,0.508526385
0.403438747,0.304439157,0.569181085,0.419214904
0.28551501,0.1990363,0.451330841,0.302191496
0.0622347482,0.105984256,0.121139631,0.171058312
-0.212317124,0.0420990922,-0.330981612,0.068151772
-0.459168434,0.000517834269,-0.65690124,0.00719298469
-0.605983257,-0.0363262631,-0.775247753,-0.0353437774
-0.616167188,-0.0799660757,-0.777090967,-0.0883937404
-0.501872957,-0.126204208,-0.697447121,-0.161338389
-0.315052241,-0.157994553,-0.494540215,-0.232016653
-0.121568248,-0.158256397,-0.211856753,-0.252928376
0.0283185486,-0.123808682,0.0371741988,-0.20656012
0.11838723,-0.0710031688,0.192709416,-0.122850552
0.165367529,-0.0287797786,0.272909552,-0.0513308197
0.200452775,-0.0226240922,0.326340169,-0.038830515
0.244796231,-0.0586880222,0.390963852,-0.0949015468
0.29334116,-0.117753737,0.456296057,-0.185860962
0.316421419,-0.163482949,0.482765734,-0.255476981
0.278426379,-0.161410227,0.434038997,-0.260239273
0.162962079,-0.0988584161,0.269935012,-0.172750235
-0.0102218343,0.00511371996,-0.00931729376,-0.00206516031
-0.187343746,0.105807006,-0.297773421,0.167452976
-0.302482396,0.152891815,-0.46325466,0.242182717
-0.309100866,0.114888929,-0.479006946,0.190229282
-0.205179006,-0.0039578951,-0.33766067,0.00857812259
-0.0383517072,-0.163098246,-0.0721267238,-0.253438354
0.112897776,-0.302327394,0.168848425,-0.468766868
0.173930317,-0.368367016,0.253284872,-0.554383755
0.108260646,-0.339261353,0.16461885,-0.528410971
-0.0649607629,-0.235333279,-0.101285398,-0.390344828
-0.278753251,-0.111456938,-0.43476069,-0.181030899
-0.447724432,-0.033724077,-0.648783386,-0.0433475152
-0.505205274,-0.0504489578,-0.703014195,-0.0565057248
-0.430887848,-0.169925585,-0.624044299,-0.22561048
-0.256775439,-0.354496241,-0.386318833,-0.500926554
-0.049883008,-0.53367126,-0.0842667073,-0.715177059
0.119023837,-0.631176651,0.133322164,-0.777961016
0.205531329,-0.595113099,0.245443553,-0.747140288
0.20708324,-0.419131875,0.286944419,-0.610221505
0.158323884,-0.146109536,0.251413047,-0.256141901
0.110527635,0.14720045,0.180299938,0.223776937
0.106260136,0.378430665,0.163839415,0.56362766
0.16136241,0.489450663,0.228613153,0.679709852
0.261494935,0.465844363,0.360698968,0.636901438
0.372786045,0.338383496,0.523817837,0.474556386
0.459630817,0.166493401,0.652557075,0.23630093
0.500365436,0.0114512118,0.703839123,0.0116147464
0.493966937,-0.0885113552,0.69013381,-0.13130556
0.456250101,-0.130067855,0.649968028,-0.194323897
0.409223616,-0.13876088,0.598421156,-0.212240547
0.369813561,-0.148966387,0.552582383,-0.230566785
0.343257725,-0.180818379,0.516923845,-0.276309699
0.323199689,-0.226779759,0.48377955,-0.345220596
0.29695338,-0.255715787,0.442497164,-0.389744163
0.252410382,-0.233021781,0.384769261,-0.368573785
0.183273762,-0.146180332,0.292184979,-0.247385055
0.0910568535,-0.0210165624,0.154474393,-0.0469355099
-0.0157820657,0.0824410766,-0.0213735159,0.131005228
-0.124209218,0.0954407826,-0.197252512,0.161169872
-0.219344795,-0.0235146247,-0.349444091,-0.0252163541
-0.28722316,-0.26025483,-0.431027979,-0.374235958
-0.317768216,-0.540463567,-0.406959474,-0.664172232
-0.307878464,-0.754917562,-0.317853421,-0.744098246
-0.263682693,-0.805502355,-0.256529957,-0.755077302
-0.200453937,-0.651543379,-0.243506148,-0.764515638
-0.13909997,-0.333918512,-0.227802724,-0.518161356
-0.0996535569,0.0364417098,-0.176495045,0.0430938452
-0.0940144882,0.322615236,-0.144044012,0.494256884
-0.121182777,0.419413149,-0.165481091,0.619746745
-0.16753605,0.298584759,-0.245629296,0.472964644
-0.212453976,0.0205479302,-0.335149974,0.0526788421
-0.23688142,-0.292838335,-0.359557211,-0.426853001
-0.23077634,-0.511694789,-0.318005532,-0.676330149
-0.195856288,-0.552922249,-0.266464442,-0.718158185
-0.14252992,-0.411604375,-0.218483835,-0.605846882
-0.0830781385,-0.156167641,-0.148622304,-0.267877281
-0.0252273511,0.107898079,-0.0482000113,0.169836789
0.0300355665,0.286498487,0.0491684116,0.451307297
0.0851691365,0.334100902,0.138324216,0.520373285
0.139562339,0.263741702,0.2249773,0.420445621
0.184377968,0.128898278,0.304621458,0.215011761
0.202971876,-0.00966596231,0.333880514,-0.0136080002
0.178037494,-0.112945378,0.293325156,-0.185269773
0.102436461,-0.174114004,0.169369623,-0.28752923
-0.0122424942,-0.207859278,-0.0182294436,-0.341457933
-0.135128289,-0.228523552,-0.215755835,-0.364838511
-0.225644216,-0.232707202,-0.355186284,-0.360020161
-0.250034451,-0.198200136,-0.395809084,-0.307115018
-0.197424486,-0.100323856,-0.328891456,-0.162454203
-0.0872756243,0.064558953,-0.154557228,0.103907116
0.0364073664,0.263827384,0.0532523319,0.415254891
0.122535646,0.433163524,0.183110043,0.623990774
0.134594694,0.50138694,0.197489068,0.688427806
0.0665344,0.424222618,0.11179702,0.624014795
-0.0547330976,0.209661961,-0.0711193606,0.350403935
-0.181645393,-0.0791153461,-0.285100698,-0.113563433
-0.26745066,-0.346318573,-0.395428777,-0.494650215
-0.286723077,-0.501853764,-0.387668073,-0.65325743
-0.245303482,-0.497672826,-0.33950758,-0.664250553
-0.175212368,-0.345522404,-0.276531637,-0.523747146
-0.117417976,-0.108723402,-0.20524238,-0.189736649
-0.101188526,0.126895025,-0.168900847,0.202135369
-0.130226016,0.28848809,-0.196783081,0.449626893
-0.182187811,0.342021644,-0.265178621,0.52120775
-0.221412688,0.298488349,-0.326944888,0.460340172
-0.218115896,0.20075199,-0.337300062,0.326073438
-0.164262116,0.0999882296,-0.26887396,0.171714172
-0.0782129243,0.0338430665,-0.134364918,0.0628315285
0.00398332393,0.0152660599,0.00351551571,0.0251630992
0.0461142361,0.034139879,0.0771911666,0.0538975224
0.0293605197,0.0674865469,0.0524138995,0.108479582
-0.0386485793,0.0913678855,-0.0589362681,0.151359037
-0.127372831,0.089172937,-0.20361045,0.147807583
-0.197300568,0.0548165254,-0.318053305,0.0948070735
-0.217178941,-0.0074653076,-0.353291661,-0.00386242033
-0.176255509,-0.0844281241,-0.292103231,-0.130272388
-0.0862425119,-0.155618042,-0.149518773,-0.248295456
0.026848942,-0.196996033,0.03428673,-0.318452805
0.135854527,-0.18785651,0.211723447,-0.306997508
0.22339797,-0.120212257,0.350143522,-0.200639486
0.285281271,-0.00659118593,0.448024571,-0.0205680206
0.325545758,0.119320318,0.501219749,0.174955472
0.347190261,0.212624446,0.520139039,0.30981797
0.34491834,0.235783264,0.516014636,0.344908446
0.305024505,0.177985415,0.475492209,0.270676225
0.213307992,0.0649198219,0.356297344,0.105533846
0.0670012534,-0.0483200438,0.121782877,-0.0806733072
-0.116206653,-0.100473456,-0.184762716,-0.168702006
-0.298200101,-0.0537774749,-0.468077898,-0.0885059834
-0.431431055,0.0845478028,-0.630613446,0.123326801
-0.477120221,0.261062533,-0.645848215,0.356929243
-0.422677755,0.397773176,-0.552964628,0.526026785
-0.289832324,0.427585095,-0.397330999,0.598929286
-0.128642783,0.326549113,-0.194951609,0.513631642
0.00110952428,0.126506105,0.00549592404,0.224046007
0.0536342077,-0.0989819244,0.0927159041,-0.155880153
0.0156466383,-0.269067824,0.0263432935,-0.429150224
-0.0887031779,-0.333457887,-0.136720136,-0.517972291
-0.208973721,-0.294654876,-0.322530031,-0.456044823
-0.290885627,-0.203458861,-0.450853527,-0.312105
-0.300086707,-0.130333915,-0.471519947,-0.196353942
-0.236501038,-0.127687126,-0.383433223,-0.194073617
-0.132756189,-0.202645212,-0.221030802,-0.315996647
-0.037484806,-0.314169139,-0.0655054376,-0.484341592
0.00867455453,-0.395439416,0.00657318067,-0.593495011
-0.00691601913,-0.389297694,-0.0167281516,-0.590777099
-0.0624045506,-0.27810511,-0.104480356,-0.448672205
-0.111745887,-0.0929004028,-0.190000966,-0.162873149
-0.10717874,0.10196165,-0.180026412,0.162349969
-0.0234550573,0.239721894,-0.0400750674,0.387619168
0.12761803,0.281276494,0.200071052,0.44620496
0.299431086,0.229590595,0.455721408,0.351612091
0.429024369,0.12292622,0.626945138,0.178425029
0.46364516,0.0127678979,0.670390487,0.0117956642
0.383529693,-0.0604307987,0.582610726,-0.0995083898
0.210728258,-0.0811391249,0.347830415,-0.141227216
0.000173227687,-0.0571561791,0.00909271091,-0.105010167
-0.182756051,-0.00685218675,-0.294737786,-0.0128781172
-0.287969887,0.0546353459,-0.455956399,0.088193804
-0.298402727,0.121135689,-0.468192548,0.192475259
-0.232585713,0.190698475,-0.370256424,0.304290473
-0.132175893,0.255793601,-0.210440665,0.40786311
-0.0414072573,0.297707587,-0.0623544231,0.470167994
0.0114072822,0.291659057,0.0241070967,0.463656187
0.0220743753,0.221538082,0.0441287197,0.362256706
0.00592181599,0.095544979,0.0177294947,0.165379718
-0.0155259687,-0.0485217795,-0.0215126835,-0.074810259
-0.0284959953,-0.154844195,-0.0476629026,-0.253001809
-0.0338777713,-0.174850747,-0.0605711788,-0.289779097
-0.043908041,-0.0939144269,-0.077560395,-0.163124293
-0.0713963956,0.0555802323,-0.12197879,0.0847493857
-0.118433341,0.204088926,-0.187678337,0.325716913
-0.171671867,0.275212914,-0.259936213,0.43225047
-0.20737642,0.222538367,-0.317665219,0.35963282
-0.203691334,0.0544385836,-0.325003684,0.103479974
-0.15322338,-0.166571602,-0.251069814,-0.253171623
-0.0685482696,-0.350716919,-0.114034452,-0.529895067
0.0229966938,-0.421360284,0.0212519653,-0.625151038
0.0928861871,-0.349081546,0.131044865,-0.54146862
0.126097471,-0.162798509,0.196225002,-0.27850756
0.128669351,0.066813089,0.210354581,0.0954214185
0.123519592,0.262115926,0.19862932,0.405809075
0.136350274,0.373095483,0.21062842,0.556577444
0.179221466,0.39435181,0.26860112,0.579128027
0.241163328,0.35737136,0.359252483,0.524526954
0.291802257,0.304618925,0.436162651,0.44796142
0.296999097,0.261506438,0.454079092,0.387883067
0.238619551,0.222541839,0.380051106,0.341752976
0.127612665,0.159048975,0.220031545,0.257170707
0.00244335923,0.0429958329,0.0148033695,0.0762110874
-0.0876021758,-0.127995208,-0.140999168,-0.201444492
-0.106455162,-0.320134759,-0.169201657,-0.486031175
-0.0502754785,-0.474819154,-0.0827688277,-0.671750009
0.049118612,-0.536592245,0.052508384,-0.727229476
0.139317319,-0.482674062,0.182233125,-0.677953303
0.174099192,-0.337581009,0.254225969,-0.520985782
0.138463095,-0.164114162,0.221241385,-0.279018521
0.0585387088,-0.0346403308,0.100348003,-0.0655573606
-0.00981339626,0.00281368103,-0.0129373185,0.00509925745
-0.00904070493,-0.053650111,-0.0151028931,-0.0824747011
0.0890905559,-0.160992593,0.138154939,-0.256241232
0.265486598,-0.254229099,0.393684953,-0.386000365
0.458781689,-0.27894488,0.612933993,-0.387910515
0.592103362,-0.216755673,0.730792105,-0.284395844
0.608972907,-0.091610916,0.766775787,-0.129943207
0.500573337,0.044698596,0.699938178,0.047051657
0.310368598,0.138868198,0.49053213,0.201788113
0.113130979,0.160133123,0.198381349,0.257407993
-0.0216255579,0.110553958,-0.0286975969,0.18726024
-0.0636049137,0.0183855314,-0.106046677,0.0375875272
-0.0357662998,-0.0795176923,-0.0635716617,-0.126724467
-0.000898650382,-0.15543887,-0.00434023794,-0.254724801
-0.0270828661,-0.19945702,-0.0446666367,-0.325824469
-0.149394467,-0.216302663,-0.235229269,-0.348161399
-0.347613782,-0.214886427,-0.513299823,-0.319398582
-0.552096009,-0.198639378,-0.716682494,-0.251837015
-0.675946057,-0.163110211,-0.787327409,-0.180471927
-0.658203959,-0.101713315,-0.791952729,-0.113122948
-0.496680051,-0.0148331653,-0.702401459,-0.0133761829
-0.253593504,0.0847467855,-0.417611957,0.140923813
-0.0301923063,0.174623668,-0.0583259463,0.28941232
0.0782845691,0.232779503,0.131204367,0.373686403
0.0260994472,0.248870745,0.0554879867,0.396636784
-0.161830023,0.229661673,-0.238968179,0.36410439
-0.401380062,0.194839492,-0.569858253,0.287876636
-0.587999105,0.165367052,-0.742845178,0.220824733
-0.644543231,0.151314065,-0.776676059,0.193172157
-0.555708885,0.146714658,-0.73008424,0.201085776
-0.373158425,0.134892955,-0.565545619,0.212699652
-0.189448252,0.101242073,-0.313180834,0.174426123
-0.0935252532,0.0455306694,-0.154599249,0.0825781301
-0.128883392,-0.0144448476,-0.207241893,-0.0222962312
-0.273697555,-0.0512286648,-0.427310675,-0.0783837214
-0.451523751,-0.0441999324,-0.649703801,-0.0602111332
-0.566811621,0.00518152816,-0.751742899,0.0138426246
-0.548344612,0.0690550059,-0.736254334,0.100982837
-0.380815864,0.104022369,-0.578686237,0.165087968
-0.110986829,0.0730580837,-0.195498213,0.134941697
0.173105344,-0.0324456878,0.27431649,-0.0427013896
0.379457742,-0.182641864,0.557883263,-0.270371348
0.448972076,-0.318003505,0.604081631,-0.433474422
0.376369983,-0.374334067,0.511932313,-0.520357668
0.20773378,-0.312821567,0.313927025,-0.487202883
0.0178255234,-0.140652686,0.0318218134,-0.248794645
-0.121498272,0.0883835256,-0.200129181,0.133908466
-0.167995915,0.29455772,-0.260669321,0.455139786
-0.120734878,0.405237854,-0.176696941,0.603278577
-0.0140622212,0.385424465,-0.0170560703,0.588220298
0.101292044,0.251976997,0.166169599,0.409519255
0.180611834,0.0652551576,0.299224615,0.114788212
0.201683894,-0.0977928787,0.330210298,-0.157917246
0.169713438,-0.176861748,0.274115652,-0.290385187
0.110408925,-0.153186962,0.178249329,-0.259423882
0.0556455627,-0.0556455627,0.0906871036,-0.101934507
0.0283846725,0.0538354442,0.0451037325,0.0844459385
0.032965865,0.108535111,0.0553084947,0.18176356
0.0541712046,0.0664192811,0.0939087942,0.11541786
0.0648515373,-0.0714692175,0.112392344,-0.111101188
0.0387090743,-0.260859191,0.0647455528,-0.410565913
-0.0369795635,-0.431788832,-0.0558202602,-0.63211894
-0.153854296,-0.516315818,-0.213086814,-0.701076448
-0.283434898,-0.475272089,-0.385121435,-0.638256133
-0.386637926,-0.313768208,-0.54819721,-0.443526059
-0.428489238,-0.0797824636,-0.634806335,-0.119201094
-0.392253399,0.153323099,-0.585498273,0.226798356
-0.286926717,0.313552201,-0.42564407,0.467185557
-0.144359052,0.356155336,-0.216406628,0.545621216
-0.00653757341,0.278953016,-0.00743600028,0.452053636
0.0918980688,0.121466286,0.154493287,0.209985286
0.138158068,-0.0515661389,0.23204501,-0.0790759027
0.145807952,-0.175637722,0.235584617,-0.284826934
0.14650555,-0.210713238,0.230410129,-0.342758596
0.172263488,-0.154625058,0.270423502,-0.257723778
0.236566588,-0.0405575186,0.37308234,-0.075141415
0.323995978,0.0796738118,0.498736858,0.114428774
0.394539148,0.158771053,0.583153188,0.226271838
0.401793063,0.173163563,0.592593014,0.246189967
0.317045718,0.130074933,0.497988224,0.195530996
0.147456095,0.0602024794,0.255403906,0.0958101898
-0.0615117848,0.000650497444,-0.0907385349,-0.000892943295
-0.242128268,-0.0228402857,-0.385108501,-0.0354673341
-0.332589388,-0.00562156318,-0.517371893,-0.00414844882
-0.304545403,0.0381351598,-0.482802719,0.0650461018
-0.176683366,0.0870015621,-0.294775456,0.14657031
-0.00722034555,0.125537947,-0.0181361865,0.211046442
0.131857887,0.151205823,0.213817134,0.245186746
0.187026888,0.171228796,0.304374069,0.269663423
0.146743789,0.192185774,0.245383114,0.303086638
0.0451038145,0.209967732,0.0840843841,0.335516095
-0.0559442714,0.207888633,-0.0810727924,0.337262422
-0.0969938412,0.165856972,-0.154064134,0.276764184
-0.0493275858,0.0762630105,-0.0826225728,0.135660961
0.0726679787,-0.0430654436,0.115470417,-0.0626709834
0.220259219,-0.14835158,0.344114065,-0.234437227
0.335145772,-0.185228318,0.500980318,-0.285914451
0.377383977,-0.114355698,0.563189745,-0.184262589
0.342553705,0.0652663931,0.526865423,0.0830008686
0.260308772,0.308428168,0.394270808,0.442797393
0.176243946,0.537627459,0.24468632,0.703889191
0.127393112,0.674095273,0.159522459,0.789357424
0.124354936,0.671773672,0.153536379,0.789431632
0.148850575,0.537503064,0.206653893,0.718871295
0.166931555,0.326847285,0.263265371,0.504180551
0.149784148,0.117072448,0.254226685,0.197340772
0.0904928744,-0.0294262283,0.156719178,-0.0485157594
0.00792876258,-0.0928102881,0.015301466,-0.157818273
-0.0636780635,-0.10061074,-0.107354596,-0.170221612
-0.0931363925,-0.107577898,-0.157190278,-0.176058426
-0.0683772266,-0.161595449,-0.117628306,-0.259628534
-0.00179540401,-0.274017096,-0.00894611888,-0.428648323
0.0772363693,-0.410356492,0.107110448,-0.602327406
0.137679994,-0.506341338,0.181505591,-0.697219253
0.161117256,-0.500795424,0.213363215,-0.69189781
0.147515923,-0.367935449,0.21230039,-0.560669005
0.110489994,-0.132196948,0.174008086,-0.233247057
0.0663089901,0.141769201,0.108101621,0.218717754
0.0241901036,0.378062427,0.0444600172,0.56590867
-0.016105162,0.521915019,-0.0120646004,0.717803299
-0.0585598275,0.558977246,-0.0658052117,0.745615363
-0.101860337,0.5129897,-0.129430965,0.708375573
-0.134244367,0.425565749,-0.186378002,0.622889102
-0.137113273,0.331308633,-0.202393547,0.513855457
-0.0964904651,0.242985412,-0.151710734,0.39612478
-0.0156984162,0.154387161,-0.025959231,0.261282802
0.0793268606,0.0571842976,0.132347569,0.100726448
0.147303715,-0.0407043695,0.244133264,-0.0644835383
0.149599805,-0.108741291,0.246555045,-0.181308836
0.0702945739,-0.105521888,0.119235374,-0.181918666
-0.0727575421,-0.00327557605,-0.116876036,-0.0157543197
-0.233109206,0.189044863,-0.363689989,0.289526463
-0.356033385,0.418952763,-0.474616438,0.563437402
-0.404392034,0.606607795,-0.445984781,0.682581186
-0.376719505,0.678040147,-0.387470186,0.71589309
-0.307541192,0.599400401,-0.357597381,0.716406941
-0.248989612,0.394553095,-0.346152872,0.576502025
-0.242810115,0.136285394,-0.375859588,0.233600244
-0.297392607,-0.085170649,-0.462705731,-0.120854504
-0.382298887,-0.200944126,-0.56157136,-0.289822817
-0.443764567,-0.190723106,-0.633464932,-0.267828643
-0.433495432,-0.0857821554,-0.639137089,-0.123234414
-0.335735679,0.0519695319,-0.526513994,0.0831548497
-0.178120449,0.162591651,-0.296057642,0.266137987
-0.0201235414,0.215006188,-0.0348122269,0.354131937
0.0753495917,0.215288669,0.126275957,0.351513863
0.0727349669,0.194523677,0.126828924,0.314909458
-0.0188752394,0.185594678,-0.0199622978,0.301944733
-0.150686637,0.203384444,-0.232175574,0.323897123
-0.258607715,0.239360049,-0.391447544,0.371174335
-0.294254512,0.271925569,-0.438407898,0.413103312
-0.246586874,0.284189671,-0.373962581,0.438085169
-0.143568397,0.276711464,-0.225429639,0.439897358
-0.0340666436,0.266619831,-0.0534992777,0.429165334
0.0394131467,0.273694813,0.0669876561,0.434800774
0.0621961318,0.302787453,0.102994747,0.472793251
0.0519648194,0.334833503,0.0865985453,0.515957594
0.0449012555,0.333770007,0.0775117278,0.516803324
0.0721115172,0.266761303,0.119405411,0.427526176
0.13997449,0.126264513,0.230843171,0.214313209
0.2253263,-0.0598287433,0.362619132,-0.0892386213
0.287719131,-0.237683788,0.43638581,-0.361375093
0.291393131,-0.353156924,0.417878211,-0.514248371
0.224464655,-0.38016814,0.324707657,-0.561318934
0.104894847,-0.335740209,0.159018368,-0.524544775
-0.0293468535,-0.27217719,-0.0471319221,-0.439336807
-0.139525563,-0.249290749,-0.223341137,-0.393143862
-0.203459218,-0.301039815,-0.314106613,-0.453999341
-0.221422628,-0.414847761,-0.323599368,-0.582843721
-0.208486795,-0.535690725,-0.282782197,-0.696805537
-0.179495394,-0.593894958,-0.236095369,-0.743784428
-0.137203857,-0.542541385,-0.193112716,-0.720471203
-0.0717837885,-0.384651244,-0.121913306,-0.582789302
0.0276936609,-0.175227255,0.0310559776,-0.294658691
0.157428071,0.00372762629,0.250686556,-0.000743550481
0.290100068,0.0828529373,0.453483433,0.128788054
0.381155491,0.0395684317,0.579722822,0.0602348149
0.38932693,-0.0906692818,0.587610185,-0.137276351
0.301203966,-0.23153986,0.460501581,-0.354460746
0.145494521,-0.302501351,0.228256881,-0.474462539
-0.0133787394,-0.256400794,-0.0229307171,-0.419480026
-0.102125965,-0.0997926071,-0.175950468,-0.174111843
-0.0740412697,0.112798542,-0.132878572,0.180671543
0.0649198219,0.306050599,0.095042266,0.477044046
0.254184872,0.417709827,0.358939022,0.589981496
0.403971314,0.422544122,0.532814503,0.54949218
0.437212437,0.33648321,0.595130861,0.447767556
0.327902645,0.202057138,0.508422434,0.30071339
0.116481371,0.0653611645,0.209405079,0.107052468
-0.106395692,-0.0426308848,-0.164608806,-0.0709587559
-0.240842506,-0.112148821,-0.385914892,-0.174085394
-0.224204525,-0.148201182,-0.365779787,-0.229060814
-0.0607516021,-0.158733204,-0.115356699,-0.254135251
0.179585248,-0.146246091,0.27451539,-0.236118138
0.392618716,-0.107910037,0.577564538,-0.168560281
0.4862625,-0.0426767319,0.686349273,-0.0733609572
0.420021623,0.040985737,0.625092804,0.0476326831
0.219935015,0.123364002,0.366154641,0.183663875
-0.0363012776,0.180121437,-0.0438753888,0.288081497
-0.255146176,0.193758994,-0.388109237,0.305893689
-0.366213441,0.162839919,-0.545529664,0.254091442
-0.347061962,0.102950968,-0.533019423,0.169006854
-0.224934563,0.0383724682,-0.370163888,0.0725138783
-0.0583121404,-0.0107896365,-0.106800064,-0.0118603846
0.0901560187,-0.038370572,0.143219113,-0.062718831
0.176045224,-0.0530350246,0.285739452,-0.0891001821
0.182650283,-0.0699989125,0.300762415,-0.11805661
0.117517821,-0.0989995971,0.198868051,-0.16691947
0.00228807493,-0.136271119,0.00832764339,-0.228552744
-0.136564165,-0.165757209,-0.21871902,-0.268226415
-0.272037297,-0.168936908,-0.423612177,-0.262785643
-0.377214789,-0.137091652,-0.565392971,-0.200397372
-0.426653266,-0.0781167522,-0.62954843,-0.109396689
-0.401997089,-0.0132477842,-0.605369806,-0.0135952169
-0.300893545,0.0346170254,-0.480513781,0.0616752505
-0.14382036,0.0538825914,-0.244225487,0.0953613296
0.0276171025,0.0503186695,0.0399794951,0.0889828801
0.163639933,0.0421506539,0.265054882,0.0696365386
0.226532459,0.0470242947,0.367555141,0.0710794926
0.208577156,0.0691069812,0.342070699,0.104617067
0.137419552,0.0949781165,0.232282355,0.149869055
0.0640469119,0.101786479,0.110907011,0.167001262
0.0376880579,0.0733596832,0.0654406473,0.12373773
0.0797741041,0.0143109178,0.132093817,0.0281288587
0.170928448,-0.0475696139,0.27499631,-0.0763059482
0.259124964,-0.0739184767,0.408272117,-0.122105323
0.286277741,-0.0375637263,0.453295439,-0.0684702918
0.220284671,0.0587652884,0.36027953,0.0811968371
0.0756670088,0.178514525,0.132872552,0.278756797
-0.0890274942,0.266286194,-0.129950643,0.420154393
-0.197190687,0.27510643,-0.297609776,0.433413237
-0.191252425,0.191649258,-0.303127438,0.316500694
-0.0622668266,0.0451478586,-0.108979002,0.0889723822
0.143448338,-0.105970196,0.226145923,-0.165615246
0.34463805,-0.203459382,0.50652796,-0.308007687
0.462645859,-0.219070762,0.635757387,-0.314374924
0.457496703,-0.168335631,0.644161105,-0.249797538
0.344568551,-0.10027235,0.530272067,-0.165337369
0.183896288,-0.0683002099,0.308300495,-0.120092332
0.0482040085,-0.0984681472,0.0846392736,-0.164151594
-0.013510609,-0.173158184,-0.0225695129,-0.280565143
0.00179906795,-0.240206525,-0.00544663006,-0.383868098
0.053928446,-0.243203953,0.0774747953,-0.392278969
0.084494099,-0.156435668,0.132744372,-0.264649808
0.0502773188,-0.00453515397,0.0836359635,-0.0194480345
-0.0530322902,0.145325005,-0.0797738209,0.231667846
-0.188792661,0.215994671,-0.290392488,0.342936516
-0.299219698,0.161037892,-0.453605622,0.260875732
-0.335655302,-0.00822587404,-0.516321361,0.00381294801
-0.282884032,-0.224441215,-0.438900948,-0.326588184
-0.165041819,-0.394734502,-0.254642069,-0.570061982
-0.0310882926,-0.444716483,-0.0582380071,-0.646955371
0.0711849928,-0.353391588,0.0970526859,-0.546487749
0.11804805,-0.161201492,0.183376774,-0.27638945
0.117685109,0.0523140952,0.193964407,0.0742395893
0.100078084,0.208824724,0.164860591,0.331081897
0.0961317345,0.268089563,0.157748297,0.425564438
0.118824668,0.24270536,0.19424811,0.388958991
0.157242283,0.184624761,0.256363064,0.299465209
0.186295033,0.152715847,0.302144945,0.242752641
0.185537666,0.180261239,0.299724072,0.280408919
0.155202836,0.260080844,0.250214428,0.400746733
0.119314358,0.353997409,0.187832117,0.532319963
0.113442078,0.419170111,0.17181243,0.612514913
0.163806126,0.434563309,0.239976272,0.62339896
0.269755691,0.411628306,0.382656425,0.579481959
0.400073856,0.383396626,0.537086904,0.510388374
0.505966663,0.37948817,0.633317173,0.465082437
0.544261992,0.403146803,0.650441706,0.467586786
0.498524725,0.425271332,0.612533927,0.505149364
0.386761457,0.400185764,0.526016772,0.52588135
0.251608163,0.294603229,0.391619861,0.442367733
0.138361275,0.1127216,0.238460973,0.191461012
0.0727021992,-0.0982230306,0.12607421,-0.154936016
0.0499451384,-0.266914755,0.0745325387,-0.422123283
0.0411936417,-0.332391202,0.0577773526,-0.518347383
0.0125350468,-0.275622904,0.0136874123,-0.445611596
-0.0535821915,-0.130769357,-0.0917980447,-0.225151494
-0.146602258,0.0306347199,-0.241324171,0.0432748906
-0.232105479,0.134622395,-0.366313756,0.215985015
-0.269631922,0.140468538,-0.419867426,0.229507983
-0.234407857,0.0583329983,-0.377835423,0.106270142
-0.131390736,-0.0599472299,-0.221975312,-0.0866882727
0.0056508081,-0.151051298,0.000220253045,-0.24223119
0.129310787,-0.174252406,0.202116758,-0.285336018
0.199958488,-0.13070336,0.317730576,-0.217664644
0.202570543,-0.0580779426,0.329816341,-0.103032619
0.151077509,-0.00483947014,0.253145963,-0.0147150904
0.0790713355,0.000196172012,0.135261014,-0.000565857859
0.0225243904,-0.0349340811,0.039089594,-0.0574163869
0.00350747188,-0.0712823644,0.00429932494,-0.118702359
0.0223685447,-0.0643616989,0.0330204591,-0.110691302
0.060761828,0.00617767172,0.0965179726,0.00444982387
0.0923558995,0.120347686,0.151913315,0.190986872
0.0949648023,0.22525613,0.156809881,0.35732016
0.0584792532,0.262763113,0.101414151,0.417713881
-0.0136534404,0.202146366,-0.0121679008,0.334179878
-0.107919082,0.0592602268,-0.171068341,0.107027739
-0.205830082,-0.109173991,-0.327655256,-0.166685492
-0.287951559,-0.233830884,-0.441100299,-0.349127442
-0.336423337,-0.268680841,-0.500168383,-0.391562849
-0.337364346,-0.215112463,-0.51177597,-0.320091456
-0.284491509,-0.121004142,-0.452707142,-0.187930077
-0.183399871,-0.0549142845,-0.306959093,-0.0854260549
-0.0537668504,-0.0689589754,-0.0956312567,-0.108278401
0.073770687,-0.1700304,0.116384819,-0.269643247
0.167181805,-0.314544469,0.25164485,-0.479173273
0.206230327,-0.429414481,0.288175434,-0.614181876
0.193087444,-0.448228419,0.26525715,-0.637711048
0.153814644,-0.343971431,0.225704759,-0.53074795
0.12779434,-0.141947404,0.20091863,-0.246395633
0.0834683403,-0.0463713035,0.141538918,-0.0815253779
0.110774279,0.0855925158,0.178464547,0.134972557
0.156805798,0.164534047,0.25645259,0.263641179
0.221411481,0.1153621,0.358150244,0.18981421
0.292720735,-0.076133579,0.462447017,-0.110882334
0.350255877,-0.353559464,0.491688401,-0.491521984
0.374116361,-0.614365339,0.418030053,-0.697981179
0.355670124,-0.756258905,0.331656128,-0.73290199
0.303648412,-0.723230898,0.304566652,-0.750223875
0.241479859,-0.529751956,0.303224504,-0.697329462
0.196283489,-0.252754003,0.295666903,-0.410927832
0.184734836,0.00358990277,0.29733026,-0.00973994471
0.203285113,0.153058842,0.327089012,0.239556074
0.228474632,0.161839694,0.367254496,0.258967608
0.228025287,0.0578067787,0.373996168,0.0955769196
0.177610114,-0.0874302164,0.296063036,-0.140518367
0.0748122856,-0.193481311,0.125716522,-0.317655534
-0.0572302341,-0.206339061,-0.0925679356,-0.339731127
-0.178976059,-0.118546806,-0.292608887,-0.198116988
-0.2523745,0.0326356962,-0.408211261,0.0483137444
-0.258819968,0.185695469,-0.407009542,0.291230202
-0.208242685,0.282927334,-0.318801582,0.440375715
-0.134753346,0.293216944,-0.205832556,0.463515103
-0.0809598863,0.220714018,-0.126059905,0.366054475
-0.0786601752,0.0979099274,-0.122897007,0.170212045
-0.135215089,-0.0314386711,-0.216678068,-0.0461624898
-0.231774122,-0.130606845,-0.368064076,-0.204476446
-0.333409369,-0.18148005,-0.506242156,-0.272263497
-0.405380607,-0.185845107,-0.591099679,-0.2654019
-0.427211881,-0.15809761,-0.620956063,-0.222782522
-0.398155928,-0.114711165,-0.595895827,-0.164029881
-0.332683414,-0.0663668066,-0.519105971,-0.098250702
-0.249953479,-0.0162476804,-0.405910999,-0.0221536551
-0.163902491,0.035841804,-0.275063515,0.0614362061
-0.0793461055,0.087138474,-0.134411857,0.144861668
0.00470306259,0.12805073,0.00544075388,0.21344386
0.0878442302,0.143879727,0.145383209,0.237401217
0.16278027,0.121903487,0.268159121,0.199776873
0.215707377,0.0602114983,0.35104689,0.0975451767
0.232832059,-0.0269250646,0.379476219,-0.0446057916
0.20909217,-0.111186743,0.339486033,-0.182663217
0.153401211,-0.160303697,0.248863906,-0.264246672
0.0865080133,-0.152261615,0.141401663,-0.256022424
0.03188283,-0.0869303048,0.0508115105,-0.151022807
0.00436717644,0.0112159085,0.00542137632,0.0136515824
0.00303624687,0.101862945,0.00522325095,0.16694124
0.0126679521,0.146092787,0.0218497235,0.241736531
0.0134279588,0.124378987,0.026188964,0.209193856
-0.00644923234,0.0464194119,-0.00558317266,0.0826109499
-0.04225697,-0.0527960286,-0.0666655377,-0.0851056799
-0.0739179775,-0.129684702,-0.121167362,-0.211803868
-0.0766536966,-0.15381135,-0.132128134,-0.253068954
-0.0358068682,-0.123654872,-0.0672859475,-0.205565333
0.0423028246,-0.0676442161,0.0642917305,-0.115150146
0.129911289,-0.0288429186,0.211805016,-0.0491617508
0.188827738,-0.0403194465,0.308877975,-0.0667617917
0.187897116,-0.103907846,0.308180571,-0.170407206
0.118243784,-0.184413046,0.195527896,-0.300345361
-0.00146324083,-0.224119931,-0.000389254361,-0.367055684
-0.132476315,-0.171999261,-0.215200692,-0.284213245
-0.232460156,-0.0135782128,-0.379442543,-0.0300012417
-0.272827804,0.214282855,-0.422804177,0.325300455
-0.248604849,0.433046073,-0.348169982,0.609125018
-0.176695153,0.55412209,-0.225610569,0.729531288
-0.0845934972,0.518619537,-0.109061085,0.717041552
0.00363157364,0.326337695,0.0130969742,0.518333972
0.0764164254,0.0393799506,0.134424925,0.0817990601
0.134587735,-0.242430836,0.213605881,-0.376112878
0.183430403,-0.423529834,0.256834775,-0.612100542
0.222921684,-0.452585727,0.299480468,-0.639011502
0.24308084,-0.341951847,0.349682033,-0.516136825
0.228166759,-0.158062667,0.356261611,-0.264994472
0.167897925,0.0116665112,0.278118759,0.00849606935
0.0691584349,0.0988154039,0.12181747,0.160401776
-0.0394482687,0.0816681683,-0.0571975857,0.139886603
-0.114539243,-0.0114190923,-0.185220748,-0.0112127503
-0.114679806,-0.122337818,-0.191919327,-0.191898212
-0.0196058229,-0.194933102,-0.04335583,-0.313522577
0.157432154,-0.201186433,0.23819904,-0.323209792
0.370899975,-0.149409264,0.541415453,-0.231527433
0.55828619,-0.0726053789,0.73588717,-0.10835173
0.663332045,-0.00590795791,0.798386693,-0.01837001
0.65723455,0.0329687074,0.795634627,0.0305201858
0.548768222,0.0494281948,0.739498377,0.0574699566
0.379352897,0.0620449223,0.580756068,0.0838805735
0.205806553,0.0846913755,0.342151612,0.129850864
0.0786477402,0.112934403,0.135766044,0.183367401
0.0250682142,0.123878121,0.0437937528,0.206162199
0.0428089425,0.0900824219,0.0702378452,0.154591098
0.10586299,-0.000738555624,0.174888194,0.00421708822
0.177889168,-0.132509887,0.286232263,-0.210952193
0.226720288,-0.262988448,0.3466371,-0.404009283
0.23416467,-0.34147346,0.343434602,-0.51251328
0.19851093,-0.333045721,0.294577926,-0.508940518
0.130819127,-0.236242503,0.203601196,-0.387143523
0.0483755022,-0.0844188854,0.080183886,-0.153301388
-0.0312185045,0.0700220242,-0.0509774089,0.109043151
-0.0934920087,0.179934487,-0.147757351,0.293267012
-0.128321394,0.223173171,-0.199945509,0.360987812
-0.130349308,0.207645357,-0.205458418,0.339849144
-0.0998023078,0.160214528,-0.161232233,0.267823398
-0.0436524823,0.107291393,-0.0727932677,0.183141783
0.0241638217,0.0594287999,0.0392146446,0.102504857
0.0849974751,0.00928506441,0.140978709,0.017044995
0.120674193,-0.0563038699,0.201179504,-0.0921025053
0.120260268,-0.138551414,0.198245391,-0.226761803
0.0855392441,-0.215778664,0.137975052,-0.349687964
0.0321380906,-0.248255327,0.049069427,-0.401416123
-0.0152860582,-0.198332265,-0.0288352259,-0.329886168
-0.0327757038,-0.0554785207,-0.0627032667,-0.10117425
-0.00812751427,0.148596257,-0.0188785698,0.236872718
0.0515638851,0.345536441,0.079534024,0.52815932
0.119858913,0.456766486,0.177297384,0.652747631
0.159604296,0.429200381,0.238456652,0.620589554
0.137705982,0.262557089,0.229661077,0.420240551
0.0404275209,0.013687755,0.0827453956,0.0333170667
-0.117407598,-0.225663543,-0.178954825,-0.354445428
-0.294165581,-0.367930621,-0.421071649,-0.52597034
-0.434838414,-0.367271125,-0.580558956,-0.485243529
-0.49190715,-0.237852514,-0.669473827,-0.319082171
-0.44557333,-0.0446816981,-0.654747248,-0.0648394823
-0.31453225,0.127759635,-0.494891614,0.200147092
-0.151498705,0.21338129,-0.247323722,0.348127186
-0.0237218384,0.190922722,-0.0364246294,0.320474774
0.0145572256,0.0877275914,0.0318101048,0.152025953
-0.0536861122,-0.0386585854,-0.0815060586,-0.0618136637
-0.198567122,-0.13008143,-0.314163119,-0.209726155
-0.353901178,-0.153470978,-0.533344269,-0.230146617
-0.445164502,-0.111291125,-0.646356285,-0.15755789
-0.423480719,-0.0342561193,-0.630369723,-0.0453222618
-0.290337294,0.0373173468,-0.466500372,0.0661877319
-0.100601919,0.0728122741,-0.175668851,0.127414346
0.0594805032,0.0622853749,0.0953280255,0.107954316
0.111008845,0.0160249118,0.188993216,0.0260403156
0.0208217986,-0.0442094319,0.0455115438,-0.0775139332
-0.178775102,-0.0960766822,-0.281157494,-0.158096403
-0.399818361,-0.12450289,-0.587310195,-0.180658221
-0.535528779,-0.12481346,-0.722802341,-0.160460144
-0.508503437,-0.102591842,-0.705900073,-0.131355628
-0.308082312,-0.0723856837,-0.492848605,-0.103727825
0.00140426867,-0.0557067879,-0.0187566746,-0.0848550424
0.306776106,-0.0767377242,0.467730135,-0.118283644
0.495510876,-0.154087052,0.682843685,-0.218137696
0.505920112,-0.289616168,0.664419353,-0.383081138
0.354238361,-0.459238559,0.468495607,-0.603636324
0.125420198,-0.612619162,0.160116404,-0.770432353
-0.0682050884,-0.686407924,-0.0874722674,-0.802630901
-0.140546948,-0.629104853,-0.183449239,-0.772277176
-0.0715718493,-0.427992165,-0.121448688,-0.62999469
0.0860434845,-0.124447346,0.122276269,-0.217807353
0.23633188,0.193171695,0.3636868,0.28775683
0.290366799,0.420185417,0.413181663,0.573744535
0.211833075,0.478706598,0.306253433,0.655134976
0.0346779972,0.353887916,0.072608605,0.544095755
-0.155928403,0.104865119,-0.236709014,0.187053561
-0.269136608,-0.157365695,-0.417286605,-0.231508464
-0.256525964,-0.317095965,-0.392505974,-0.464001119
-0.13749288,-0.305020869,-0.227645084,-0.472735643
0.0114974538,-0.129103437,0.00316964276,-0.22191456
0.0982252061,0.130070508,0.155794948,0.198560536
0.064824976,0.357653171,0.107678026,0.536432981
-0.0799425319,0.458191127,-0.0965126231,0.656337142
-0.263728619,0.398550332,-0.357258707,0.574655175
-0.387914687,0.219581231,-0.553080738,0.33460623
-0.379993469,0.0118760001,-0.576396465,0.0360233113
-0.233518839,-0.130972713,-0.384618789,-0.196415022
-0.0142358029,-0.157337323,-0.0402802788,-0.256250292
0.171569973,-0.0783504844,0.270274729,-0.136583731
0.230750069,0.0444789864,0.373142123,0.0590247996
0.13155517,0.13625966,0.226481825,0.2130135
-0.078471303,0.149385184,-0.111082576,0.244713947
-0.294478834,0.0861895084,-0.45057717,0.141939014
-0.405285984,-0.00724308472,-0.604412436,0.00132057793
-0.347669423,-0.07076931,-0.540910184,-0.0979252309
-0.136722207,-0.0655231252,-0.241770193,-0.102528185
0.142596543,0.00510578509,0.2181523,0.00677919388
0.377809852,0.0998471007,0.563966691,0.142197654
0.483311355,0.16552563,0.67441678,0.219343573
0.439453244,0.168830425,0.635910571,0.232695296
0.29751882,0.115384899,0.475846797,0.17357707
0.149565339,0.0455217697,0.256836712,0.073878184
0.0798126236,0.00984942447,0.133079529,0.0160324853
0.12279354,0.0392170101,0.1974013,0.0625332966
0.248855412,0.126527041,0.387526959,0.194447473
0.38272953,0.23059839,0.556574047,0.3275159
0.443863183,0.299350083,0.609449267,0.398083359
0.38688156,0.298529893,0.555286646,0.414814532
0.221876383,0.229387537,0.360964268,0.353920609
0.0058639613,0.125553742,0.0273841117,0.20789057
-0.187926307,0.0317606293,-0.298491538,0.0564245433
-0.305466861,-0.0223971885,-0.479673505,-0.0303646326
-0.333638549,-0.0378739983,-0.520907044,-0.0523035899
-0.29856059,-0.0417907126,-0.473169595,-0.0588889234
-0.244023189,-0.0664086565,-0.394822001,-0.0996738672
-0.203760982,-0.124798104,-0.331084877,-0.194132492
-0.183391914,-0.198715582,-0.295404285,-0.309737802
-0.161204517,-0.246997297,-0.260523945,-0.384924829
-0.105802417,-0.230365068,-0.178938314,-0.367052078
0.000700057251,-0.138241172,-0.0115016159,-0.231991231
0.14770782,-0.0011595923,0.232683569,-0.00924620219
0.297863215,0.119942747,0.460262299,0.180592835
0.404199898,0.163126513,0.594267368,0.234132677
0.432966709,0.0980441049,0.636181414,0.140723228
0.3796556,-0.0562932044,0.580595911,-0.0855988711
0.270026416,-0.238914236,0.419560015,-0.365427256
0.146383598,-0.376089036,0.218171477,-0.565294206
0.0471399873,-0.416929215,0.0643890724,-0.620418131
-0.00939373579,-0.356433213,-0.0227850508,-0.552297711
-0.0292472932,-0.234007344,-0.0541223846,-0.384503663
-0.0343665816,-0.109095559,-0.0603719428,-0.184154481
-0.0475681573,-0.0280899722,-0.080080457,-0.0483026169
-0.0796557292,-0.00110941858,-0.130461246,-0.00110811298
-0.125123695,-0.00110426452,-0.205313534,0.000436503731
-0.167281777,0.0153232096,-0.275618762,0.0271625947
-0.188344747,0.0784530044,-0.309495866,0.12840344
-0.178053707,0.185099408,-0.28482452,0.295963436
-0.136487767,0.299426854,-0.2107694,0.465995491
-0.071113348,0.374241412,-0.104409568,0.568837643
0.00823002495,0.379790485,0.0166082475,0.577267289
0.0921167359,0.322507828,0.147760674,0.503614068
0.170430392,0.241999507,0.272789687,0.384090364
0.229518384,0.187539712,0.364667505,0.292635798
0.251909018,0.187851965,0.397789717,0.286309063
0.221624285,0.232542604,0.351460308,0.353238761
0.133992314,0.27726382,0.219627962,0.428414017
0.00452400884,0.270871669,0.01878356,0.431929439
-0.130010888,0.189394087,-0.198045552,0.312933385
-0.222129226,0.0564870536,-0.353098035,0.102594726
-0.233280703,-0.0633523762,-0.378103763,-0.0926245376
-0.153905421,-0.0974811465,-0.262803555,-0.155677617
-0.0130665833,-0.00710407551,-0.0343040116,-0.015476468
0.129387498,0.184772715,0.201477125,0.289474994
0.206818148,0.396680146,0.306562692,0.566703618
0.175877556,0.524419427,0.249871969,0.698164344
0.038276203,0.492569923,0.0702874735,0.693436861
-0.157275543,0.295529425,-0.223140359,0.467499018
-0.335304558,0.0058940365,-0.506822109,0.0280722529
-0.427327693,-0.255977213,-0.602155268,-0.343357176
-0.403252214,-0.377522022,-0.551791668,-0.498974234
-0.285096347,-0.307691723,-0.434274256,-0.453577846
-0.136012658,-0.0822043642,-0.23965475,-0.14433901
-0.0296589527,0.192360848,-0.0554009639,0.303182602
-0.0147149973,0.387949407,-0.0142418267,0.581087947
-0.0918214023,0.413835853,-0.119826645,0.613647461
-0.214119509,0.256653309,-0.314703196,0.409677088
-0.31095615,-0.0166038349,-0.47778976,-0.00564023154
-0.323010713,-0.292270511,-0.477051795,-0.411323279
-0.231707141,-0.462482065,-0.334813863,-0.630654752
-0.0688341931,-0.47069183,-0.114022896,-0.668969393
0.097905755,-0.329809338,0.134527296,-0.516915202
0.196154937,-0.107463598,0.307721913,-0.188648552
0.182047158,0.110749617,0.298030376,0.164906666
0.0600345321,0.259779811,0.108549833,0.405901223
-0.119027629,0.316878349,-0.169229478,0.48978284
-0.27974844,0.29903385,-0.404254019,0.450947672
-0.353587478,0.242081285,-0.514127433,0.366130024
-0.306050599,0.17621094,-0.470805615,0.281701416
-0.148990959,0.112284966,-0.250893593,0.193528354
0.0654949397,0.0450359918,0.100672819,0.0825692043
0.265409023,-0.03174055,0.418592662,-0.0485199131
0.384446263,-0.110012464,0.57483995,-0.168300986
0.383368134,-0.163751572,0.56954807,-0.250650615
0.260790497,-0.160353377,0.413903296,-0.261909217
0.0516259745,-0.0810791627,0.0924776644,-0.147086456
-0.184616968,0.061934147,-0.294899851,0.0905416459
-0.381295353,0.223506421,-0.551827848,0.326623201
-0.483003229,0.341625214,-0.622681737,0.450401902
-0.460514903,0.365249842,-0.593557477,0.484610826
-0.318847299,0.279911458,-0.468975723,0.424043447
-0.0962012336,0.117558017,-0.164417148,0.209968328
0.146585211,-0.0553943142,0.233528495,-0.0807252899
0.343804538,-0.166944101,0.51389569,-0.255388737
0.444832027,-0.171836734,0.629086018,-0.257279903
0.429607719,-0.0719333738,0.627890885,-0.119710401
0.313787073,0.0850854069,0.49245593,0.113993905
0.141216084,0.227975547,0.236705527,0.35146305
-0.0335280038,0.294532955,-0.0399634466,0.461861819
-0.165408254,0.259310186,-0.248559967,0.41350922
-0.233508453,0.143899292,-0.364968836,0.240210474
-0.244019032,0.00565773621,-0.391470939,0.0203981381
-0.221262515,-0.0892888084,-0.359421879,-0.136482239
-0.192157015,-0.0961123407,-0.31736663,-0.152858093
-0.172504187,-0.0109890467,-0.287141681,-0.0201344118
-0.162050024,0.127759352,-0.265311986,0.203426987
-0.150111213,0.256813377,-0.235077992,0.404915631
-0.127478346,0.315218449,-0.191205025,0.493336141
-0.0966995135,0.270062059,-0.146366864,0.435098439
-0.0738230646,0.129985973,-0.115288273,0.225868672
-0.0798053592,-0.0583324954,-0.12810263,-0.086392194
-0.126226619,-0.228463769,-0.200418353,-0.360998362
-0.203981236,-0.319356948,-0.313597292,-0.481865793
-0.282701582,-0.297319323,-0.42614454,-0.442808151
-0.323037624,-0.166803002,-0.500288665,-0.258921862
-0.296493679,0.0331761688,-0.474695623,0.0488019995
-0.202474773,0.244504958,-0.322580218,0.380836338
-0.0725985318,0.410610706,-0.108213,0.609459281
0.0416240171,0.494242042,0.0657538772,0.696286917
0.0928901434,0.486240238,0.13997215,0.683545291
0.062335223,0.403253615,0.104282647,0.60112226
-0.0287913401,0.276895821,-0.0316780955,0.445391864
-0.127019152,0.139965862,-0.197574124,0.235599414
-0.171416268,0.0158135369,-0.280586332,0.0348396264
-0.12366844,-0.0852911323,-0.20847626,-0.133109286
0.0113759637,-0.162689939,0.00715452107,-0.262231916
0.185393766,-0.21814248,0.28279832,-0.345129043
0.3274827,-0.249778584,0.479338914,-0.376529872
0.376758635,-0.250921965,0.541951001,-0.372242272
0.31118834,-0.214381784,0.471220315,-0.334671378
0.158795968,-0.139410824,0.262201101,-0.238186195
-0.0142127508,-0.0367376134,-0.0187816545,-0.071474582
-0.13282311,0.0720610544,-0.217854962,0.114314929
-0.146264568,0.161474943,-0.238477141,0.264377177
-0.0494765192,0.212217689,-0.0841077343,0.350629419
0.116415933,0.21942012,0.18318063,0.356747329
0.28390035,0.194322169,0.43758142,0.300780386
0.389099091,0.158202335,0.579238892,0.229174033
0.397851378,0.131447315,0.594189525,0.188432023
0.316490442,0.12341357,0.497278363,0.182161987
0.183902875,0.128457814,0.307132483,0.200309128
0.0504256673,0.13025713,0.0917769372,0.211596757
-0.0452461466,0.112030186,-0.0707598329,0.187820867
-0.0901345983,0.067006737,-0.147944689,0.116558105
-0.0964469612,0.00333554274,-0.162089795,0.010833214
-0.0884851813,-0.0592861399,-0.147771999,-0.0936560035
-0.085044466,-0.099344179,-0.141831562,-0.163560972
-0.086947754,-0.104129717,-0.146598369,-0.17193301
-0.0761265457,-0.0753513649,-0.130997494,-0.126684606
-0.0264894571,-0.0267945342,-0.0504642017,-0.0464623012
0.079149887,0.0242752042,0.125929669,0.0409037769
0.234792382,0.066660583,0.371273339,0.105275355
0.407108903,0.0999988317,0.598207295,0.142075494
0.544278026,0.1320474,0.725998104,0.167567357
0.59479779,0.1705053,0.753738701,0.203057662
0.528760016,0.214927405,0.702917993,0.270924807
0.352740437,0.254427314,0.526815653,0.360407948
0.1117265,0.273367018,0.193385333,0.423281699
-0.12360128,0.262088478,-0.180485785,0.415084183
-0.280291617,0.226067767,-0.422566622,0.353469759
-0.309025973,0.187068149,-0.473061383,0.296432614
-0.202923462,0.174123123,-0.330004543,0.283909589
-0.00180240546,0.208225057,-0.0116399592,0.340631515
0.220530599,0.28890714,0.332162112,0.438487947
0.382154524,0.390746236,0.520810544,0.518246353
0.423028797,0.472904205,0.534691274,0.576155782
0.327917427,0.497677386,0.433579206,0.631162226
0.133097932,0.448633075,0.207821995,0.637186468
-0.0864690393,0.338518918,-0.113048233,0.522310734
-0.245262444,0.20227617,-0.372059703,0.326236606
-0.280032247,0.078562215,-0.441759795,0.136314094
-0.17441608,-0.0102531342,-0.294164032,-0.00638098503
0.0346385166,-0.0684229285,0.0449375883,-0.105919287
0.271350414,-0.12136209,0.417897195,-0.191702679
0.450537533,-0.197065338,0.631282866,-0.281341285
0.509814143,-0.304804623,0.659722149,-0.401334643
0.431361496,-0.423720032,0.551425517,-0.54618907
0.244867593,-0.509075642,0.32658422,-0.681080818
0.0116536301,-0.514398575,0.0152248386,-0.717440009
-0.201838389,-0.418537617,-0.292149067,-0.607642531
-0.34892109,-0.242978692,-0.521142066,-0.362704247
-0.415404975,-0.0488530844,-0.61989522,-0.0719246119
-0.416308522,0.0868653134,-0.617016554,0.134041145
-0.380617917,0.105585136,-0.568790972,0.16901125
-0.333513975,-0.00464223465,-0.51413244,0.00865440257
-0.285601139,-0.201028094,-0.440910846,-0.294187963
-0.233787209,-0.402880579,-0.343174964,-0.566424131
-0.171423897,-0.526137173,-0.238585398,-0.700610697
-0.100057736,-0.519827604,-0.149187222,-0.710293591
-0.0345325842,-0.387831181,-0.0631875545,-0.58784169
0.00251904316,-0.186381876,-0.00578990346,-0.315625757
-0.00593886944,0.000853177626,-0.0117768794,-0.00763266953
-0.0580441765,0.0982822329,-0.0913226306,0.161807209
-0.128448367,0.0686610267,-0.204526857,0.12114875
-0.176639259,-0.0742061213,-0.28517741,-0.108242653
-0.165184572,-0.27398169,-0.262923151,-0.414530665
-0.0789524168,-0.455825448,-0.12476711,-0.648165643
0.064928472,-0.554576278,0.0704003721,-0.73849678
0.222301602,-0.53577745,0.27518931,-0.70468092
0.340592474,-0.403038949,0.453323096,-0.560461044
0.381905317,-0.191744894,0.554344177,-0.298005849
0.339182258,0.0458923206,0.524755597,0.0519479811
0.237469494,0.257730752,0.372922868,0.382908821
0.120030455,0.405174851,0.187509134,0.591641665
0.0268630814,0.470558286,0.0483156554,0.671749711
-0.023089271,0.45812124,-0.0252559241,0.662748039
-0.0370970406,0.389518946,-0.0475352108,0.590518892
-0.0393593162,0.295302242,-0.0555964634,0.470898002
-0.0534103215,0.204372853,-0.0800018609,0.336307079
-0.0867372155,0.13433066,-0.137151808,0.224368125
-0.126526088,0.0862847045,-0.203993991,0.145615935
-0.148785979,0.0469735712,-0.244354188,0.0822595283
-0.135146767,-0.00164551695,-0.225889325,0.00300302822
-0.0869336575,-0.0690703467,-0.148240715,-0.107687116
-0.0274520218,-0.145961136,-0.048644606,-0.235825941
0.00984246936,-0.203594729,0.0116969422,-0.330442786
0.00119180325,-0.205715805,-0.00166804809,-0.339041889
-0.0509848557,-0.128789902,-0.0862820223,-0.220065758
-0.115311511,0.0191694908,-0.192373291,0.023155909
-0.145570785,0.192394048,-0.235721111,0.306118816
-0.105414353,0.320161462,-0.162987068,0.498296201
0.00925074704,0.335642815,0.0148282219,0.52767247
0.16297026,0.208500803,0.260898888,0.343434095
0.294066936,-0.0351176225,0.468090862,-0.0442557931
0.343320489,-0.317312956,0.494951695,-0.452563167
0.284099489,-0.538696706,0.361099333,-0.690915406
0.138320148,-0.621903181,0.166817993,-0.775025308
-0.0309249982,-0.548036218,-0.0460917763,-0.742490888
-0.147622615,-0.367531925,-0.228131562,-0.559486687
-0.158690393,-0.178432658,-0.264613718,-0.291598856
-0.0597549677,-0.0809836984,-0.109079376,-0.131343678
0.102257073,-0.129771918,0.160455227,-0.204572052
0.251445264,-0.306740552,0.373764217,-0.452715695
0.319409609,-0.528778374,0.399754316,-0.66915673
0.277879298,-0.686721027,0.299917787,-0.759472311
0.15131624,-0.696969211,0.166716635,-0.793533802
0.0033280619,-0.540557683,-0.000560868531,-0.736058593
-0.096114032,-0.2707856,-0.160174578,-0.441935569
-0.106036551,0.0137033369,-0.186020866,0.0115855671
-0.0345955007,0.216291741,-0.060161192,0.350181997
0.0660114884,0.286302626,0.106381632,0.455688685
0.127029702,0.238050684,0.208283514,0.384369642
0.0989321992,0.136920512,0.171855211,0.226497337
-0.0226266626,0.0613312982,-0.0261537731,0.101448894
-0.193657517,0.0612304211,-0.307765573,0.0972764641
-0.34282729,0.134433016,-0.519110143,0.204099238
-0.405832559,0.231778666,-0.581527829,0.336692184
-0.35592109,0.286577433,-0.512880385,0.421157956
-0.215644062,0.251517057,-0.335657179,0.401048869
-0.0446511097,0.123398766,-0.0750987604,0.218439892
0.089608103,-0.0562792942,0.148335531,-0.0838851705
0.14318721,-0.223424122,0.227795824,-0.355362922
0.113498829,-0.322946012,0.173408091,-0.503210008
0.0356963687,-0.332819819,0.0524855852,-0.52093035
-0.0392600223,-0.269134432,-0.0670847967,-0.433023244
-0.0725753382,-0.171903566,-0.125051364,-0.283949554
-0.0568778664,-0.081742242,-0.100981183,-0.137889653
-0.0172171835,-0.0212682746,-0.032574866,-0.0354442261
0.00580389053,0.00932969805,0.00933115091,0.0159397386
-0.0190164726,0.0225398149,-0.0287578069,0.0373905934
-0.0942028612,0.0281459969,-0.152415454,0.0472006947
-0.19043237,0.0234578159,-0.305751383,0.0397394598
-0.26116094,-0.0041185203,-0.415963858,0.000904455723
-0.267264575,-0.0640790612,-0.428310245,-0.0922422931
-0.19864358,-0.148598239,-0.325718313,-0.228553191
-0.0813309401,-0.227678418,-0.140672192,-0.359164655
0.0338351876,-0.25883162,0.0456656665,-0.413565636
0.0954267085,-0.207442388,0.147128195,-0.343126446
0.0764131695,-0.0668434128,0.125078872,-0.124919154
-0.0125472406,0.133681804,-0.0175803285,0.209118053
-0.128055394,0.338567048,-0.187790573,0.51089853
-0.214601502,0.489165097,-0.282401532,0.669375241
-0.230674341,0.548676312,-0.290282398,0.713543653
-0.167707071,0.51588434,-0.2209602,0.704170763
-0.0530308671,0.420942485,-0.0741183236,0.626569569
0.0640239418,0.306395859,0.103769921,0.485428691
0.135675296,0.204643995,0.223236963,0.331093997
0.137443364,0.124555305,0.231431141,0.20121178
0.0781067312,0.0541220605,0.138215825,0.0879187956
-0.00605286285,-0.0236565396,-0.00476658111,-0.0383402295
-0.0691015795,-0.112357892,-0.112404525,-0.181543395
-0.0765069872,-0.193312973,-0.128822237,-0.310556173
-0.0197863672,-0.232634157,-0.0421848297,-0.372137994
0.0810894594,-0.20062013,0.120682634,-0.32878229
0.187352851,-0.0922107771,0.294802487,-0.158495769
0.257768363,0.0641144365,0.409290671,0.089959152
0.264173359,0.215415537,0.411965281,0.322125793
0.200328976,0.307583034,0.313905805,0.462562293
0.0820296556,0.310744315,0.140671805,0.483116925
-0.0596821308,0.233071968,-0.0821053162,0.378924131
-0.188266531,0.115422234,-0.295826286,0.194689214
-0.270757794,0.00971814897,-0.428591043,0.0245174337
-0.284325302,-0.047105398,-0.453997105,-0.0673446953
-0.220312938,-0.0495120548,-0.364706904,-0.0756642595
-0.0863940418,-0.0216856468,-0.152908579,-0.0331709832
0.0931709558,0.000383707724,0.145678371,0.00239467202
0.280226469,-0.00786686316,0.437725663,-0.0126700858
0.42960006,-0.0446129031,0.630216181,-0.0705680177
0.500065327,-0.0833914578,0.697087824,-0.12479762
0.466892779,-0.0900716558,0.663947523,-0.137418687
0.33145678,-0.044667393,0.518376529,-0.0814140365
0.123224646,0.0450966172,0.212723538,0.0607253052
-0.108146839,0.146555826,-0.166236952,0.232632816
-0.308726221,0.219582051,-0.45763284,0.335735798
-0.43840459,0.238426253,-0.608139455,0.34352839
-0.483742505,0.205036789,-0.659820914,0.29130736
-0.459993124,0.146079674,-0.64972192,0.21777603
-0.401423395,0.0956608206,-0.596847177,0.151966855
-0.34441337,0.0743751526,-0.529024422,0.121160127
-0.311181217,0.0775942579,-0.485344261,0.126687676
-0.301596344,0.0803642273,-0.470307738,0.132129475
-0.296524972,0.0560850836,-0.464910805,0.0955811068
-0.270470798,-0.00266933348,-0.430428445,0.00527920574
-0.206792131,-0.0748421326,-0.338671625,-0.111267306
-0.107738636,-0.120409727,-0.186278552,-0.192755222
0.00556528801,-0.10474135,0.000612919684,-0.174752027
0.102812655,-0.0240761619,0.164862081,-0.0468985252
0.158632934,0.083846949,0.259935588,0.129999787
0.163887098,0.152830139,0.271113664,0.243151233
0.128682017,0.120718308,0.219218731,0.199899003
0.0761496201,-0.0346593671,0.135740533,-0.0495308079
0.0307760518,-0.275866479,0.0505307503,-0.428486198
0.0075473059,-0.515283823,0.00437547872,-0.707924724
0.0072195828,-0.651689529,-0.00389086781,-0.79535985
0.0193428602,-0.617441773,0.0121374764,-0.780359209
0.0304195788,-0.412953824,0.0317407027,-0.621476948
0.0321167707,-0.110319272,0.0423230603,-0.201724768
0.025007071,0.177180707,0.0398163982,0.277806789
0.0163715892,0.345822901,0.0316963308,0.532899141
0.01424082,0.348028123,0.0311559159,0.542380512
0.0219163485,0.212010592,0.0438384153,0.354644448
0.0365556143,0.0248866975,0.065937154,0.0512418672
0.0525247492,-0.112250149,0.0857815295,-0.183100209
0.0669688061,-0.134903297,0.105423987,-0.226769283
0.185485214,0.57500416,0.215636715,0.688086987
0.205698162,0.508839905,0.298600078,0.704881191
0.208524331,0.384269744,0.313469768,0.562338173
0.176874295,0.247253299,0.286631256,0.390981078
0.102682866,0.137651101,0.177358985,0.225877717
-0.00624593766,0.0723391548,-0.00306315534,0.118968561
-0.126445591,0.0430184454,-0.204608649,0.071010828
-0.226510435,0.0286125913,-0.362666249,0.0508579351
-0.279192388,0.0136395544,-0.443506718,0.0280450284
-0.272608638,0.000581567758,-0.436338842,0.0076468382
-0.215636641,0.00809237733,-0.35461399,0.0185154863
-0.135119915,0.0557587892,-0.228927806,0.0934208184
-0.065999642,0.144914851,-0.111199602,0.236209005
-0.0383291058,0.248387471,-0.0578408763,0.395543396
-0.0661660135,0.317679286,-0.0933643505,0.493711203
-0.142331213,0.306081802,-0.209184587,0.476662904
-0.240619048,0.196137667,-0.365190357,0.316709459
-0.324355215,0.015713511,-0.497314304,0.0402895734
-0.358233869,-0.168362662,-0.539141536,-0.240334794
-0.31964919,-0.278592736,-0.480501354,-0.4023799
-0.206225798,-0.264175713,-0.332275987,-0.406970173
-0.0375453196,-0.128385901,-0.0772970468,-0.216998979
0.149322897,0.0692717358,0.234557584,0.104783617
0.309319705,0.238958552,0.464672536,0.351732045
0.4014934,0.302613378,0.567142606,0.417902559
0.400500208,0.231380373,0.584756315,0.330420703
0.304252863,0.059156809,0.487474263,0.0949398354
0.135282308,-0.134994745,0.23266013,-0.219552621
-0.0649614707,-0.266741425,-0.0987970009,-0.426799744
-0.247504234,-0.288150698,-0.375767589,-0.439011633
-0.369633764,-0.209633112,-0.550180614,-0.309778363
-0.406791121,-0.0910863802,-0.607982397,-0.131496191
-0.358748972,-0.00751815829,-0.554866016,-0.0053331824
-0.248127595,-0.0079345461,-0.403969675,-0.00214588246
-0.11193262,-0.0896561444,-0.190311238,-0.136317223
0.0108029256,-0.201627553,0.011907598,-0.321582139
0.0909463689,-0.274390131,0.137520313,-0.433821559
0.116812892,-0.259860188,0.179794177,-0.418375552
0.0951759815,-0.158830419,0.152798608,-0.269985735
0.046047546,-0.0210369397,0.0751142427,-0.04444886
-0.00629183324,0.0821285993,-0.00876592472,0.133341804
-0.0424247496,0.097038649,-0.0650861859,0.165982664
-0.0537745729,0.0174781773,-0.0862451345,0.0380089693
-0.0435536727,-0.111913145,-0.0718172118,-0.17768231
-0.0228210352,-0.220256403,-0.040869765,-0.353389651
-0.00363776973,-0.249354854,-0.0116501348,-0.40148142
0.00764034502,-0.185218811,0.00566301076,-0.309980899
0.0139989192,-0.0646309853,0.0180889703,-0.115618549
0.0266379099,0.0468574427,0.0440701693,0.0739629343
0.05936924,0.0930890813,0.100575313,0.15610297
0.120837428,0.0600517318,0.199392468,0.103374094
0.208085835,-0.0154938484,0.337839752,-0.0224055406
0.304793388,-0.0668536052,0.472247809,-0.107857689
0.385751158,-0.0365255177,0.577594101,-0.0663891509
0.426386535,0.088094227,0.623079002,0.112808876
0.413517118,0.262748331,0.58759743,0.353985041
0.35233885,0.405765206,0.48821184,0.54107058
0.265755862,0.439482838,0.378485352,0.60470295
0.185382962,0.331985325,0.290234536,0.504417837
0.137596443,0.11681141,0.235671535,0.200938955
0.130931363,-0.120390065,0.217807934,-0.189017817
0.151241586,-0.282023281,0.231006935,-0.441255003
0.1678835,-0.305292606,0.249674514,-0.475965649
0.148946553,-0.191947967,0.234052896,-0.31981042
0.0786947086,-0.00636484614,0.131719142,-0.0257537849
-0.0315102749,0.156405807,-0.0453524217,0.250771046
-0.145116165,0.215975598,-0.222621024,0.348604709
-0.215485588,0.142712638,-0.337467432,0.240278184
-0.207828596,-0.0322898775,-0.337676972,-0.0361822546
-0.117503472,-0.236295491,-0.194636554,-0.36256808
0.0248302184,-0.391460627,0.0236800145,-0.583501399
0.164802402,-0.44964695,0.220624074,-0.640971601
0.24804987,-0.409083128,0.34293139,-0.587302864
0.24503614,-0.307261646,0.363543212,-0.47168684
0.164801225,-0.196987107,0.262147993,-0.325658739
0.0504922904,-0.120007396,0.0856311247,-0.205908552
-0.041551657,-0.0917093456,-0.0673118681,-0.153061882
-0.0690205991,-0.10239435,-0.116875477,-0.16611062
-0.0235912241,-0.1308164,-0.045824036,-0.21174182
0.0664532036,-0.159647956,0.101168171,-0.261506051
0.152194679,-0.183307141,0.239479482,-0.296828866
0.190228716,-0.204917133,0.300017029,-0.328229815
0.165148079,-0.226706043,0.262373149,-0.364989996
0.0963394791,-0.24216193,0.153896704,-0.390211523
0.0253596772,-0.236482173,0.0390253812,-0.384735584
-0.00935288798,-0.195742458,-0.0214145128,-0.322189361
0.00343235722,-0.118845709,-0.00144883944,-0.200327948
0.0384978913,-0.0238276701,0.0598415546,-0.0427757576
0.0457891822,0.0568753369,0.0771069899,0.0914039165
-0.0223183874,0.0908855423,-0.0296605136,0.150021464
-0.182121217,0.0625125691,-0.285525829,0.1049923
-0.40371725,-0.0178938136,-0.591704071,-0.0177886747
-0.619149625,-0.117571242,-0.769943833,-0.134436458
-0.750857472,-0.19641459,-0.790257215,-0.19397302
-0.747054398,-0.225468472,-0.779347122,-0.225781575
-0.606631875,-0.198940203,-0.752824426,-0.235732749
-0.381044984,-0.133661866,-0.580821991,-0.192429423
-0.151969343,-0.0571995936,-0.26592049,-0.0898721963
0.0044735116,0.00779869314,0.00250895857,0.011621519
0.0496227443,0.0536808521,0.0870726034,0.0858720616
-0.00468442217,0.0868444219,-0.00240883068,0.141432211
-0.107153997,0.117433846,-0.169332668,0.191971883
-0.195254758,0.147335604,-0.308117002,0.238808721
-0.225579053,0.16527839,-0.355642527,0.2674959
-0.191210687,0.153351322,-0.307661176,0.255207866
-0.118651845,0.101730652,-0.197380424,0.174586132
-0.0479861982,0.0224085208,-0.0815429315,0.0432315469
-0.00849702116,-0.0479503497,-0.0138973864,-0.0772447214
-0.0034823576,-0.0604648702,-0.00624790788,-0.104118362
-0.0120011978,0.0224620979,-0.0232356843,0.0298692435
-0.00532627571,0.203970775,-0.0100292889,0.322010279
0.032409206,0.442577273,0.0477152728,0.636391222
0.0919601843,0.662117124,0.117295764,0.789988637
0.142568618,0.77915448,0.157569394,0.797270775
0.149543032,0.73633647,0.170140877,0.793652475
0.0957365856,0.526828229,0.142230406,0.718552411
-0.00564105855,0.198884547,0.00844008103,0.339998841
-0.11480502,-0.161253646,-0.177055657,-0.244543597
-0.184513912,-0.460287809,-0.26614663,-0.639664948
-0.184628725,-0.629293323,-0.237939313,-0.762053967
-0.118894935,-0.643369734,-0.15693754,-0.779770434
-0.0245904941,-0.523637116,-0.0470814817,-0.720860779
0.0453403816,-0.32379967,0.0579463989,-0.512478948
0.0487786159,-0.109190039,0.076101698,-0.193417847
-0.0239466969,0.0627570376,-0.0365999117,0.0973746926
-0.144322127,0.154792219,-0.226011515,0.250404924
-0.258643478,0.153806672,-0.399130374,0.248471633
-0.313073665,0.0687891841,-0.484375685,0.119822145
-0.278227806,-0.0741940811,-0.442721754,-0.10180001
-0.161438867,-0.238409877,-0.264138341,-0.364641279
-0.00151051336,-0.384290159,-0.0147418119,-0.572414041
0.150300667,-0.478810489,0.196797356,-0.669822156
0.252820849,-0.504884839,0.324679554,-0.674056232
0.289882958,-0.467270851,0.381089479,-0.634341955
0.271363527,-0.39119947,0.380477577,-0.564615428
0.221737728,-0.31241411,0.329268247,-0.478286207
0.163851336,-0.261662602,0.254695892,-0.41598931
0.107299902,-0.250443995,0.168605745,-0.399437606
0.0473276824,-0.265358746,0.0730294436,-0.424836248
-0.0262659043,-0.274769366,-0.0438727364,-0.438831627
-0.116429254,-0.245180666,-0.186810359,-0.392890006
-0.210512713,-0.159202337,-0.338930875,-0.256911665
-0.281710416,-0.0255156774,-0.449724883,-0.0424574018
-0.300079703,0.124832012,-0.469448328,0.195941091
-0.247521788,0.254079014,-0.382589966,0.394282043
-0.128836483,0.3367863,-0.198983654,0.519330204
0.0270865392,0.371468604,0.0421367064,0.568140805
0.176891863,0.37798357,0.264215261,0.560697973
0.278829157,0.382017434,0.403492153,0.541335702
0.30795455,0.395809352,0.43885833,0.545434237
0.263893902,0.407047898,0.383115709,0.568835199
0.168411925,0.383687109,0.261684984,0.562692344
0.054806944,0.293307066,0.0996556431,0.46351701
-0.0454801098,0.126652956,-0.0654468536,0.219760701
-0.11313583,-0.088566184,-0.18443352,-0.132709056
-0.144439682,-0.293197066,-0.227576643,-0.446241379
-0.14780201,-0.420801342,-0.223729506,-0.608581305
-0.136302844,-0.429109126,-0.207692534,-0.623822093
-0.120373741,-0.322389156,-0.1944637,-0.499957114
-0.103895284,-0.152126759,-0.178427905,-0.256843716
-0.0847941339,0.00567951193,-0.146342054,0.00485672336
-0.0589526705,0.0859337524,-0.098250784,0.14500691
-0.0249180477,0.0648361072,-0.0389620587,0.115154766
0.0130874775,-0.0302484129,0.0235170368,-0.0426392145
0.0452700444,-0.136417672,0.073884517,-0.221456736
0.0593967922,-0.188068688,0.0940498486,-0.308399826
0.0456112996,-0.149787948,0.0724124163,-0.252807677
0.000966099324,-0.0324414186,0.000518476707,-0.0632055476
-0.0681714192,0.115139581,-0.108642906,0.183263719
-0.146940619,0.233374208,-0.227250993,0.371170759
-0.216015592,0.282737523,-0.32381016,0.436694831
-0.257631361,0.261588365,-0.385609746,0.406948775
-0.261520803,0.202234641,-0.400447428,0.32254073
-0.228472129,0.148771048,-0.363205463,0.244975403
-0.169908747,0.130165294,-0.277137965,0.214708522
-0.103370264,0.144184634,-0.170064583,0.238797292
-0.0455219932,0.161067069,-0.0733005777,0.267012507
-0.00556478882,0.144310728,-0.00662385812,0.24048534
0.0180282369,0.0761620924,0.0326158404,0.132419378
0.0358563438,-0.0272071324,0.0621889606,-0.0398021564
0.0616542883,-0.119925022,0.100260787,-0.196774811
0.104801431,-0.148196444,0.166505173,-0.245531142
0.164875925,-0.0780352578,0.263225526,-0.134961441
0.230965599,0.0858165845,0.366806448,0.125074029
0.286151588,0.299592316,0.426680267,0.432478607
0.315000385,0.498565912,0.416906357,0.63796401
0.310370266,0.623779714,0.369036138,0.717417479
0.276185036,0.644040644,0.328094423,0.739113688
0.22489582,0.563486576,0.296295851,0.716170907
0.171060726,0.413507432,0.26011768,0.603127658
0.124392629,0.235944003,0.207845837,0.381767035
0.0857601464,0.0677203164,0.150584176,0.117793091
0.0479625128,-0.0659650192,0.0829235613,-0.108270854
0.000591250078,-0.149580002,0.000958807359,-0.246330276
-0.0636878386,-0.172001272,-0.104571737,-0.284219652
-0.14454405,-0.125034899,-0.237560228,-0.209512651
-0.233016521,-0.0086786421,-0.375619769,-0.0158605818
-0.314126343,0.160358548,-0.483414352,0.242841452
-0.371417761,0.344662577,-0.513161361,0.482645661
-0.391378045,0.493262678,-0.482993931,0.62155658
-0.366461515,0.560081124,-0.430204421,0.676039159
-0.296626598,0.525849938,-0.372519046,0.678671181
-0.189942375,0.411294699,-0.27050367,0.603534997
-0.0625037998,0.272043735,-0.0973070711,0.442184567
0.0629863515,0.174736246,0.102863513,0.291297257
0.161092639,0.164514616,0.259229928,0.261539072
0.210384831,0.240324304,0.329674095,0.366157562
0.201572284,0.35208872,0.307948172,0.514893234
0.143600792,0.423381656,0.220904425,0.610249162
0.0637281537,0.389851719,0.108651705,0.584964156
-0.000565769209,0.234529629,0.00842380431,0.386850744
-0.0161404125,0.00151833927,-0.0219659079,0.0163738299
0.0304804202,-0.220259055,0.0448381566,-0.347512156
0.124523193,-0.336592495,0.179478198,-0.516029656
0.226628691,-0.292080432,0.331081599,-0.454183072
0.288861781,-0.097312443,0.444248199,-0.170198351
0.276762426,0.174238682,0.430580944,0.25035435
0.187137708,0.418157637,0.281104654,0.590201199
0.0522341952,0.544437766,0.0849983022,0.730725288
-0.0730871335,0.514774501,-0.0877287835,0.712544858
-0.136181459,0.355017006,-0.195196226,0.546845198
-0.111946754,0.138636813,-0.178059801,0.241837889
-0.0160890743,-0.0490371548,-0.0306711365,-0.0692429841
0.100853026,-0.147892743,0.156966075,-0.242001563
0.176531062,-0.144643664,0.279932171,-0.241470069
0.166005,-0.071265772,0.271726519,-0.127703488
0.0629312471,0.0157597531,0.112102591,0.0163862724
-0.0976639912,0.0631930456,-0.152395472,0.10387148
-0.256198883,0.0424199216,-0.403096914,0.0739813596
-0.356286913,-0.0434537083,-0.543834627,-0.0539321899
-0.369496524,-0.166567132,-0.555181801,-0.236170202
-0.305226445,-0.288874358,-0.460228622,-0.415309757
-0.201979563,-0.376369804,-0.306969047,-0.545717776
-0.106131978,-0.40790388,-0.167018235,-0.601088166
-0.0503797606,-0.377978653,-0.0854881257,-0.572163641
-0.0431593843,-0.29580611,-0.0742491633,-0.470686823
-0.073180683,-0.182821542,-0.123311274,-0.303049117
-0.12404526,-0.0687966496,-0.205279395,-0.117089145
-0.188144416,0.0148532819,-0.306402087,0.0245013833
-0.270053834,0.0450980887,-0.424433529,0.0777898803
-0.376877964,0.0180660449,-0.565901458,0.0360928215
-0.502105832,-0.045076482,-0.697317541,-0.0526210703
-0.614904821,-0.10283307,-0.770773947,-0.119077258
-0.664788187,-0.110111929,-0.791703045,-0.123120382
-0.602903306,-0.0414561629,-0.774851978,-0.0465698354
-0.410550982,0.090467751,-0.615725517,0.137044609
-0.11924582,0.232704863,-0.206044629,0.376610279
0.191125512,0.311213374,0.285425633,0.479828894
0.419141233,0.265547097,0.592005432,0.373420298
0.483466804,0.0834264085,0.68979764,0.117006086
0.360004365,-0.183077142,0.55012095,-0.271737844
0.0958338678,-0.431103349,0.152461499,-0.630226493
-0.208338991,-0.547703743,-0.271272123,-0.718744993
-0.440181702,-0.460814834,-0.552651346,-0.573714793
-0.522814691,-0.176699504,-0.708919048,-0.241502926
-0.444849372,0.215278417,-0.634806097,0.296525359
-0.259679288,0.57500416,-0.331299871,0.717773557
-0.0556323975,0.767850518,-0.0505473018,0.817023873
0.0871558264,0.71975404,0.108192205,0.80572015
0.131467834,0.446277529,0.199392661,0.644840121
0.0931050479,0.0430948809,0.172655329,0.0923976824
0.0236911085,-0.356436074,0.0424712151,-0.534230649
-0.022271907,-0.635926783,-0.0388319008,-0.790436804
-0.0172211342,-0.737731278,-0.0330829881,-0.813898563
0.0284578577,-0.674687982,0.0217900965,-0.800879657
0.0784310177,-0.510390162,0.0966641754,-0.707685232
0.0965410247,-0.321618885,0.139786273,-0.508742213
0.0708099008,-0.163421899,0.112642139,-0.276339024
0.0212915856,-0.0531173274,0.036633227,-0.0942325965
-0.0121220872,0.0225534774,-0.0209626462,0.036146
0.0060919621,0.0856884569,0.00734994002,0.142668113
0.0856762975,0.146040976,0.137908205,0.239063099
0.204620346,0.192932203,0.321685582,0.304458827
0.321689546,0.203420371,0.489134014,0.305561215
0.399366736,0.159731701,0.590155244,0.231365472
0.423083395,0.0639828295,0.626775265,0.0911985487
0.405272692,-0.0591011457,0.604978442,-0.0903535485
0.372453123,-0.172682002,0.553985059,-0.260784566
0.344321638,-0.24454923,0.506208897,-0.368032455
0.319042087,-0.25989759,0.468880951,-0.39296335
0.275177181,-0.223315358,0.418910861,-0.350744665
0.190064192,-0.150610507,0.306315094,-0.250755399
0.0632592589,-0.0575915761,0.10881526,-0.105638772
-0.0710090324,0.0458108746,-0.115480125,0.0696066394
-0.153203785,0.15238598,-0.247429773,0.246036127
-0.127785534,0.249141395,-0.204887778,0.399027228
0.0224130582,0.312067807,0.0296583995,0.491648734
0.256997436,0.311500072,0.378226191,0.469601631
0.488042593,0.228236184,0.663259685,0.310718149
0.618128181,0.0718970373,0.782091379,0.0868595093
0.58892566,-0.111284196,0.760676801,-0.146647692
0.414925843,-0.250300229,0.593364954,-0.36032322
0.182449847,-0.279264599,0.288412392,-0.44161433
0.0111251613,-0.172060624,0.0157627352,-0.295139343
-0.00503356429,0.0371684022,-0.0178583823,0.0508699939
0.152347565,0.261739016,0.226688296,0.405005634
0.411431372,0.398559541,0.539909005,0.526257217
0.640679479,0.377054632,0.70891726,0.411805749
0.711227655,0.196379572,0.788549006,0.212218866
0.560982883,-0.0697561279,0.751070619,-0.0926404297
0.228352278,-0.305787325,0.363390267,-0.465829015
-0.162034526,-0.410043865,-0.226828292,-0.606674969
-0.455519646,-0.345924318,-0.607375801,-0.459721863
-0.538506687,-0.161742672,-0.725303352,-0.212778136
-0.390002489,0.0322869122,-0.597667992,0.0523083471
-0.0890202522,0.119437404,-0.163452446,0.207661673
0.224748522,0.0364636593,0.356166869,0.0717855617
0.416742533,-0.192686334,0.604419529,-0.273339242
0.417407423,-0.467258006,0.526630402,-0.58796525
0.248049989,-0.659324229,0.285143733,-0.762900293
0.00259723258,-0.677440763,0.00129759545,-0.807234168
-0.202761278,-0.511813223,-0.276296556,-0.692849874
-0.28529194,-0.238166079,-0.444502532,-0.369507045
-0.229570106,0.0209744126,-0.383182943,0.0310157351
-0.0853930116,0.156974316,-0.147204429,0.263210267
0.0651978776,0.126431599,0.107317761,0.218242213
0.151872888,-0.0322806202,0.254792333,-0.0438021384
0.147740811,-0.223739177,0.238591552,-0.354219973
0.0746168867,-0.34633556,0.114557281,-0.534525692
-0.0169645399,-0.341501176,-0.0304784272,-0.533244848
-0.0786947086,-0.216217399,-0.134003848,-0.358171284
-0.0881558135,-0.0296651442,-0.155609816,-0.0571427941
-0.0534627289,0.14522773,-0.0908345133,0.235964701
0.000516945031,0.261789471,0.00294738123,0.41728124
0.0530559868,0.318655044,0.0869389325,0.498447448
0.101218358,0.349014014,0.159453094,0.532117605
0.157758296,0.389188558,0.23699753,0.571613252
0.23550044,0.447532147,0.332466066,0.6199947
0.329401523,0.493711233,0.42972526,0.634883702
0.40931046,0.475571603,0.518387556,0.59011656
0.430101812,0.353725225,0.58070147,0.471541435
0.355184078,0.132794097,0.548416495,0.203325763
0.18071039,-0.130502209,0.309099942,-0.207472324
-0.0537200682,-0.349188983,-0.0738310814,-0.535979509
-0.275478512,-0.447253883,-0.383221865,-0.615607738
-0.406939149,-0.398062497,-0.545288444,-0.525584638
-0.398155093,-0.238638893,-0.58088696,-0.341168195
-0.248538673,-0.0514388308,-0.412793994,-0.0803173706
-0.00738501875,0.0769392848,-0.0261825994,0.132978931
0.246415541,0.0980148315,0.386721671,0.160052493
0.435291678,0.0221900605,0.638788819,0.0316232964
0.510221481,-0.0923893005,0.706640542,-0.132718131
0.463247448,-0.175632417,0.653130174,-0.25470826
0.322543323,-0.18538399,0.492691845,-0.293072522
0.13575913,-0.129189014,0.225580871,-0.222417369
-0.0484633781,-0.0565404817,-0.0761938691,-0.101735733
-0.192645684,-0.027135184,-0.311441094,-0.0421443582
-0.273860484,-0.07407213,-0.435092092,-0.108213857
-0.281634241,-0.183319092,-0.439308196,-0.272087872
-0.215840966,-0.301003963,-0.336539298,-0.44859755
-0.0877895802,-0.36393401,-0.145447344,-0.546867371
0.0769658163,-0.335516602,0.102854066,-0.520072877
0.239021674,-0.226443067,0.357521057,-0.360321403
0.353127778,-0.0885362551,0.533372581,-0.146449432
0.383613348,0.014307701,0.581024349,0.0126534915
0.32118234,0.0411340334,0.506284535,0.0582626723
0.191821069,-0.00512498757,0.323842496,-0.0109719578
0.0506831184,-0.0823092833,0.0916718915,-0.136980772
-0.0391745083,-0.135834411,-0.0649349466,-0.224339053
-0.0349572152,-0.131432801,-0.0657759011,-0.217243224
0.0640477017,-0.0744973496,0.0944507495,-0.124726906
0.212637976,-0.00490507996,0.337014735,-0.0108476095
0.337503642,0.0291317198,0.519245148,0.0403694175
0.369752198,0.00214947551,0.568308771,-0.00101460144
0.27747947,-0.0715417564,0.446676672,-0.118010551
0.0829512551,-0.14552547,0.146173283,-0.244801983
-0.144192442,-0.169447094,-0.226287469,-0.27831468
-0.315134138,-0.120912589,-0.489298344,-0.187755838
-0.358934402,-0.0215233061,-0.55533582,-0.0298729278
-0.251994252,0.0737004876,-0.411947459,0.123892218
-0.0273513161,0.108640611,-0.0568849817,0.188556626
0.239273623,0.0618909672,0.376776993,0.105471358
0.459465802,-0.0354044475,0.660209537,-0.0535195507
0.564691901,-0.111883499,0.742861092,-0.155942053
0.528339028,-0.0937869996,0.717221081,-0.138888955
0.370084882,0.0515070595,0.566023469,0.0597274452
0.143629044,0.290614784,0.23592405,0.43221274
-0.0848772377,0.533377469,-0.0999824479,0.716825366
-0.258388132,0.673612773,-0.278628737,0.765457451
-0.343473613,0.641407311,-0.371415496,0.722219169
-0.335165828,0.43981722,-0.4384121,0.600988746
-0.253444672,0.146147653,-0.395373404,0.252426714
-0.134493157,-0.123854078,-0.223964393,-0.183022678
-0.01968183,-0.271125287,-0.0404488742,-0.430251896
0.0556455627,-0.259679288,0.0806253999,-0.420858651
0.0718496814,-0.130654931,0.113242678,-0.2274836
0.0309446342,0.0226856414,0.0525388867,0.028005017
-0.0437085815,0.105335295,-0.067064926,0.172812492
-0.115450799,0.0695748627,-0.184045553,0.122299761
-0.148758039,-0.062891908,-0.243381083,-0.0913155898
-0.125113577,-0.216603845,-0.204817817,-0.337129921
-0.0531891249,-0.306482166,-0.0929823071,-0.477639526
0.0326393954,-0.286108434,0.0411950164,-0.455609262
0.0866258591,-0.173922777,0.13276054,-0.293346107
0.0735277906,-0.0432253629,0.12291836,-0.0806832686
-0.0121046538,0.018623339,-0.0139727779,0.0290281903
-0.139460161,-0.0401109681,-0.220749289,-0.0600487851
-0.252669871,-0.203703925,-0.389643192,-0.305323571
-0.29587701,-0.392437905,-0.42295,-0.540917456
-0.240765586,-0.50038594,-0.334118932,-0.662924588
-0.10281603,-0.4486624,-0.164277807,-0.645019829
0.062761873,-0.227199256,0.0830425918,-0.376630694
0.1847139,0.0961862281,0.289786071,0.137692973
0.208321258,0.404281169,0.309184432,0.570326149
0.121132791,0.582788587,0.173489138,0.748066962
-0.0410363562,0.571275473,-0.0355292633,0.753392398
-0.211159006,0.388726175,-0.290294021,0.576408625
-0.322903603,0.122432314,-0.486045629,0.206883281
-0.341654599,-0.113355681,-0.524032414,-0.15762493
-0.279320955,-0.228728771,-0.436327994,-0.342462331
-0.185851768,-0.195500746,-0.306911856,-0.313162148
-0.122223079,-0.0545947142,-0.209236637,-0.0967299119
-0.128967568,0.107878737,-0.210836828,0.172763526
-0.206284791,0.202843472,-0.317668825,0.321707845
-0.315452129,0.178515136,-0.471390128,0.282505035
-0.400063038,0.0409918278,-0.591421723,0.0757417381
-0.415469915,-0.152203456,-0.606414437,-0.205734208
-0.350974977,-0.320374608,-0.508026719,-0.444155484
-0.233640432,-0.395427227,-0.346988082,-0.563346624
-0.112581484,-0.349125683,-0.184873849,-0.533256292
-0.0328367762,-0.20121038,-0.0641125515,-0.335501641
-0.0129779223,-0.007100238,-0.0256747473,-0.0221711192
-0.0380122848,0.16736953,-0.0601195432,0.26932925
-0.0705035999,0.27227661,-0.106591366,0.431459844
-0.0729899332,0.290210873,-0.109541349,0.460520595
-0.0290256012,0.237734258,-0.0432691984,0.39073348
0.0485435314,0.153119549,0.0816580132,0.257639319
0.126072779,0.0770886615,0.208895117,0.12999329
0.169071242,0.0351879038,0.277243018,0.0556030981
0.162173659,0.0287318211,0.270125538,0.0418770835
0.117969133,0.037086606,0.199988484,0.0566857532
0.0698963404,0.0293212533,0.120377056,0.0468218513
0.053282246,-0.0202655829,0.0903493688,-0.0305910632
0.085106045,-0.119382806,0.139032692,-0.192259818
0.153737605,-0.252934128,0.236176014,-0.395784348
0.224461496,-0.387954295,0.318730146,-0.563522935
0.258054495,-0.486089319,0.339662582,-0.655819654
0.232627034,-0.518330276,0.301047504,-0.689070404
0.157083467,-0.475787371,0.213511318,-0.670463681
0.0688149333,-0.371976823,0.098241277,-0.570834935
0.016327776,-0.235785991,0.0192947369,-0.38791132
0.0352224074,-0.0984563306,0.0509191565,-0.168890521
0.129370004,0.0192971211,0.206585169,0.028138509
0.266649902,0.113910839,0.416565001,0.17599678
0.391575217,0.196178257,0.572144747,0.279585689
0.449097872,0.280528218,0.619715989,0.373975277
0.408728093,0.372022867,0.556283295,0.48687163
0.278142452,0.458240628,0.39028126,0.611640871
0.100425653,0.511129498,0.154028252,0.6974684
-0.0635347515,0.499032289,-0.0746147335,0.69762522
-0.159649312,0.40369615,-0.222494304,0.597264588
-0.161790133,0.233910501,-0.25151822,0.383854955
-0.0810725391,0.0282534175,-0.13613826,0.0616818778
0.039850045,-0.155861497,0.0600759313,-0.247880638
0.144403607,-0.263164312,0.220821381,-0.415847093
0.184103236,-0.262724757,0.28134191,-0.418716222
0.136301801,-0.161372453,0.218678117,-0.274971724
0.0112944767,-0.00188392343,0.0224300679,-0.0159038696
-0.153139189,0.153787211,-0.241477564,0.242569298
-0.306883007,0.249161676,-0.453829139,0.378580153
-0.406090111,0.255060494,-0.570995212,0.372373551
-0.428161561,0.179194376,-0.610700071,0.269744694
-0.377782971,0.0597401708,-0.569159508,0.103794016
-0.282328308,-0.0535626039,-0.450715452,-0.0718133822
-0.179050595,-0.121728003,-0.297329426,-0.191016957
-0.0995668918,-0.132002726,-0.169230431,-0.216427132
-0.0580420382,-0.0998924226,-0.100349449,-0.168205276
-0.0478033088,-0.0577394962,-0.080316782,-0.0984148383
-0.0474757925,-0.0362391584,-0.0798791572,-0.0586181134
-0.033571139,-0.0483845882,-0.0575678572,-0.0779144838
0.00643282849,-0.0837481096,0.00783164427,-0.136830762
0.0667609423,-0.115602545,0.106443152,-0.189965233
0.125390679,-0.116861202,0.201089129,-0.195421994
0.154691681,-0.0763679445,0.250059545,-0.132619232
0.135634482,-0.00687004672,0.226370871,-0.0187916066
0.0685777888,0.0598427728,0.118431292,0.0933144987
-0.0249771364,0.0886590481,-0.033676032,0.147401169
-0.111049883,0.060085047,-0.178677633,0.103813559
-0.158531323,-0.0172692593,-0.259171605,-0.0212134831
-0.153996408,-0.107617445,-0.254774451,-0.168420568
-0.108701818,-0.162998125,-0.184403688,-0.260822713
-0.0540417396,-0.14605327,-0.0961431935,-0.243998751
-0.0272388011,-0.0500182398,-0.0502368659,-0.0895344466
-0.0538183525,0.0940254629,-0.0884195715,0.149138615
-0.135071054,0.227141082,-0.208047554,0.360836208
-0.246396095,0.286372364,-0.36259073,0.438354403
-0.347263873,0.232309699,-0.50440979,0.35296151
-0.398092806,0.0679916963,-0.587889671,0.117222197
-0.376271695,-0.159816414,-0.559859574,-0.219433174
-0.284307986,-0.37816751,-0.415857673,-0.525435507
-0.147128284,-0.516925514,-0.214259431,-0.695807576
-0.000751873537,-0.536475062,-0.0151560185,-0.728128731
0.121723115,-0.441901982,0.162083924,-0.643137872
0.200372055,-0.277624518,0.297221601,-0.43913132
0.231169611,-0.105537012,0.365677416,-0.18282862
0.221642345,0.0226694252,0.359770447,0.0274208523
0.18332158,0.0859173462,0.303461581,0.134258896
0.12576963,0.0977406576,0.214188635,0.158519268
0.0551134311,0.0930949226,0.0962503925,0.152958035
-0.0232533682,0.105797835,-0.0345033109,0.174664572
-0.100830354,0.148884237,-0.16224353,0.24337931
-0.164625302,0.208227009,-0.259633899,0.332515776
-0.200028911,0.252455682,-0.308092415,0.396460682
-0.196791679,0.253335774,-0.303059012,0.401408851
-0.154656142,0.20504187,-0.245633438,0.336069942
-0.0850016549,0.131254256,-0.14068523,0.22424069
-0.0069269673,0.0755292922,-0.0126274647,0.129292235
0.0606480874,0.0795077533,0.098503001,0.129980356
0.106869474,0.160335302,0.174319416,0.254277647
0.132603452,0.299448729,0.207600787,0.456409782
0.147799507,0.449099064,0.216655701,0.635072112
0.16390875,0.553669989,0.222570285,0.72328043
0.092742607,0.00927426014,0.176712379,0.0470862649
-0.12699157,0.0949897096,-0.201473936,0.127479419
-0.266706139,0.13911368,-0.417574465,0.224250898
-0.265133858,0.144306704,-0.419039279,0.234873474
-0.126245052,0.133826062,-0.213625044,0.227498531
0.0846812204,0.131954432,0.129718557,0.221512556
0.274616957,0.145748779,0.427776307,0.225955829
0.367942631,0.159412146,0.554345369,0.232376665
0.340313107,0.1444619,0.525595129,0.211876407
0.225297868,0.0791864693,0.373502612,0.124298476
0.0924612358,-0.0346540511,0.162179038,-0.0561398827
0.00991795678,-0.16822435,0.0175738465,-0.272574335
0.0112293065,-0.277695417,0.0103875306,-0.437533081
0.0827894509,-0.325444043,0.11718864,-0.503770053
0.176199764,-0.298574418,0.259283394,-0.464735717
0.23706679,-0.214582354,0.363337964,-0.344487309
0.233998507,-0.111355782,0.372810543,-0.189682931
0.172856241,-0.0274665449,0.286962897,-0.0536292791
0.0901993066,0.0161741562,0.154791549,0.022220524
0.0311531741,0.0235462021,0.054155089,0.0390941501
0.0245950259,0.0166544206,0.041845046,0.0288887098
0.0688978806,0.0197078548,0.112256698,0.0326015465
0.134916395,0.0442318358,0.220909894,0.0717075318
0.183400333,0.0837549716,0.299369007,0.131586894
0.18674475,0.120448016,0.304477334,0.189098805
0.143495306,0.138699248,0.239919141,0.222795174
0.0785829201,0.13654539,0.136440024,0.222451389
0.0299931001,0.127508596,0.0542667359,0.210500121
0.0292703994,0.13162905,0.0489379168,0.218008533
0.0856739059,0.161465272,0.139997825,0.263961017
0.1812094,0.212253243,0.286590815,0.335648715
0.27802974,0.263103247,0.422584414,0.394355625
0.333978444,0.289365113,0.492827296,0.415947974
0.319036722,0.279127955,0.478625715,0.405371159
0.226056024,0.24362509,0.36073038,0.372905433
0.0724494532,0.214224175,0.128971785,0.34189406
-0.106536269,0.226250783,-0.16005896,0.359980881
-0.269554794,0.297847897,-0.395282328,0.444069266
-0.381619811,0.415738434,-0.501464367,0.554546118
-0.423708409,0.536769807,-0.49466449,0.636025727
-0.397302866,0.605870128,-0.439215928,0.682909846
-0.323023647,0.581989884,-0.380424947,0.702976465
-0.233706772,0.458793402,-0.314048976,0.641568959
-0.163532615,0.269122809,-0.247595698,0.43410632
-0.136168435,0.0705159232,-0.218445823,0.128686354
-0.155883595,-0.0810652673,-0.252781153,-0.126028836
-0.205405235,-0.155991629,-0.329602957,-0.245941207
-0.252324671,-0.161807463,-0.400273263,-0.254020959
-0.262454361,-0.135193974,-0.418813318,-0.211117655
-0.215051427,-0.120015137,-0.351161301,-0.18657729
-0.113146968,-0.143449396,-0.193510592,-0.227240741
0.0163280424,-0.20267202,0.018151056,-0.324907452
0.133537725,-0.268381447,0.202279449,-0.421902001
0.203328028,-0.302209914,0.30209896,-0.465565085
0.211155042,-0.277851999,0.319719255,-0.434919506
0.169310793,-0.194412291,0.268150449,-0.321381688
0.109841749,-0.0754790157,0.179904133,-0.135149747
0.067245014,0.0443000086,0.11213816,0.0674168617
0.0595744327,0.13659437,0.1000816,0.223275691
0.0779398084,0.190656438,0.12870799,0.30936417
0.0905243382,0.21275939,0.151067033,0.34288612
0.0599036478,0.215548739,0.104276419,0.346244931
-0.0346836038,0.205127433,-0.0461505242,0.334107339
-0.181611851,0.174815834,-0.279022783,0.283184379
-0.336509764,0.110086001,-0.507416189,0.175892338
-0.438724756,0.00186189415,-0.636645317,0.0151128685
-0.437652498,-0.140374467,-0.632897377,-0.186097905
-0.316763729,-0.28487736,-0.47640124,-0.406089067
-0.103844509,-0.387491852,-0.170721427,-0.568940461
0.137735888,-0.411263824,0.183545083,-0.603447318
0.333110482,-0.345713437,0.459494114,-0.501212835
0.424739182,-0.214858457,0.598290563,-0.319712222
0.393490434,-0.0684887543,0.591069043,-0.115919977
0.263448864,0.0399274155,0.428422868,0.0509745181
0.0895157978,0.0778384507,0.159523726,0.124752574
-0.0656781867,0.0479869209,-0.10074836,0.0829869434
-0.155152872,-0.0151262032,-0.253176242,-0.0180496909
-0.161965281,-0.0650242046,-0.269595176,-0.101258531
-0.100305714,-0.0689106509,-0.174099058,-0.111938916
-0.00507292105,-0.0255239513,-0.0149773564,-0.0447999574
0.0840473771,0.0344809704,0.135319307,0.0544244722
0.137083068,0.066022858,0.227585167,0.106575027
0.14206624,0.0357312262,0.240218148,0.0596164018
0.105780259,-0.0573033355,0.181053877,-0.0916230157
0.0485250801,-0.177562699,0.081517309,-0.288316995
-0.00423830654,-0.268572301,-0.0091366386,-0.42936787
-0.030650815,-0.28022185,-0.0545871109,-0.447711229
-0.0196238104,-0.194027364,-0.0418942571,-0.321991503
0.0250864942,-0.0333722457,0.034773957,-0.0642428622
0.0851805657,0.146533087,0.136881441,0.232307434
0.133267075,0.283841044,0.211731583,0.439947486
0.142849267,0.337649435,0.226526856,0.512749135
0.100068688,0.304298937,0.166789681,0.475511551
0.0125330416,0.2148581,0.032191243,0.351125956
-0.0896157622,0.116135791,-0.13834095,0.19546473
-0.16280219,0.0459003672,-0.263861328,0.08010979
-0.16719231,0.0154618947,-0.277090162,0.0295486581
-0.0852889344,0.00824177265,-0.148705021,0.0187531933
0.0667572916,-0.00599815696,0.102265842,-0.00598077662
0.241694182,-0.0500800908,0.382000566,-0.0793117955
0.378235191,-0.123774342,0.56401968,-0.1878663
0.426203251,-0.202563614,0.60883677,-0.295307457
0.368612468,-0.251537353,0.535197318,-0.372267097
0.230015323,-0.246532902,0.357436508,-0.390355617
0.0663398877,-0.190356135,0.109487221,-0.319923103
-0.0598238967,-0.114337765,-0.0995324552,-0.194405168
-0.107253909,-0.0633770972,-0.180921286,-0.103201061
-0.0741940737,-0.0717990622,-0.128424153,-0.113918841
0.00220649922,-0.142853484,-0.00173364452,-0.228219837
0.0648616701,-0.243444338,0.099449262,-0.38738066
0.0648790896,-0.318137109,0.0983621702,-0.497901618
-0.0148417763,-0.316439718,-0.0236624498,-0.498820543
-0.15186654,-0.219989359,-0.242473662,-0.358958274
-0.295676023,-0.0555397198,-0.464597046,-0.0938915163
-0.39214623,0.11385338,-0.58344996,0.170778021
-0.408705652,0.216388494,-0.58671689,0.318425745
-0.347989082,0.205213085,-0.518214464,0.317194551
-0.244044602,0.0820613131,-0.388878554,0.146063358
-0.144052938,-0.101045527,-0.236743689,-0.149807632
-0.0854452103,-0.263642371,-0.140324339,-0.413444638
-0.0798449516,-0.332514167,-0.128025055,-0.51540184
-0.110967971,-0.274724871,-0.180851728,-0.438156694
-0.146088392,-0.112501509,-0.245263353,-0.191767886
-0.15403153,0.0870445892,-0.257076055,0.137827843
-0.120225027,0.242529809,-0.192981288,0.387324661
-0.0519810766,0.294873387,-0.0789142251,0.468898922
0.0270250458,0.232812777,0.0486342758,0.383346617
0.0885880888,0.0958026126,0.15226531,0.16715382
0.111291125,-0.0463713035,0.186556697,-0.0737200752
0.0861787573,-0.126925334,0.143207192,-0.213078022
0.0158545319,-0.112204954,0.0264195632,-0.195232078
-0.0900315046,-0.0145491539,-0.148632228,-0.0324166417
-0.218661964,0.117325917,-0.347331733,0.183023199
-0.354863882,0.22452724,-0.518527031,0.336295098
-0.479763448,0.267001659,-0.636523604,0.368796349
-0.570593059,0.240811363,-0.712021291,0.31446147
-0.604634941,0.175650641,-0.749635398,0.22981827
-0.567325413,0.115014106,-0.740793467,0.160789758
-0.460885465,0.0903635323,-0.661325097,0.137713954
-0.308040112,0.103497103,-0.485411674,0.169032127
-0.146993443,0.126660094,-0.245609075,0.212639347
-0.0182769112,0.120203033,-0.0318068676,0.204275444
0.0510611348,0.0579151623,0.0892391652,0.102566794
0.0581622571,-0.0543048717,0.101185612,-0.0874084011
0.0241316296,-0.177532062,0.040643122,-0.288578212
-0.0175189096,-0.25831455,-0.0310917478,-0.413718492
-0.0380803384,-0.257508069,-0.0679880455,-0.414838105
-0.0275427159,-0.174042135,-0.0518127047,-0.289771438
0.00225480064,-0.0499311462,-0.00289638899,-0.0889978036
0.0269206557,0.0479091853,0.0441189036,0.0774881989
0.0260652192,0.0612276569,0.0483437143,0.104995042
-0.0022947283,-0.0273267031,0.00106694747,-0.039391607
-0.0379689336,-0.180642948,-0.0605403781,-0.288518012
-0.0482320748,-0.321123272,-0.080040805,-0.494904459
-0.00615660986,-0.367341965,-0.020657137,-0.560386539
0.0921988189,-0.276396245,0.131177694,-0.443961561
0.221449479,-0.0707556978,0.343731374,-0.129541174
0.335632145,0.165237471,0.505877912,0.23773168
0.388345867,0.319822937,0.548892081,0.437754482
0.35444361,0.304488093,0.517565727,0.43473044
0.242397964,0.0972908437,0.402096063,0.163512245
0.0911214203,-0.242321536,0.16015467,-0.37500912
-0.0471063294,-0.595519245,-0.0633696318,-0.761898637
-0.129042625,-0.833940685,-0.137412384,-0.793441713
-0.137309268,-0.874973595,-0.131849021,-0.771298349
-0.0840455294,-0.717109919,-0.103287086,-0.800637484
-0.000817511696,-0.43913582,-0.0172426756,-0.648867249
0.0788823068,-0.163792193,0.115596652,-0.282473296
0.135047197,-0.00306102796,0.221459687,-0.00937533099
0.167001218,-0.0104714194,0.277488679,-0.0122426553
0.187990308,-0.161910564,0.304689825,-0.252262205
0.213030875,-0.372454911,0.310247153,-0.543139935
0.24774313,-0.539629996,0.310665429,-0.700582862
0.284578294,-0.591565132,0.334158868,-0.722972751
0.308037668,-0.51729691,0.383560449,-0.668456972
0.3050991,-0.366166741,0.425877959,-0.531078875
0.274184406,-0.218705058,0.416963071,-0.345974714
0.227121562,-0.144849032,0.362346619,-0.237917632
0.182844877,-0.170383334,0.293746114,-0.274783075
0.156457379,-0.267132729,0.243980125,-0.41756165
0.149962649,-0.369915783,0.218671292,-0.554414034
0.150034338,-0.410164684,0.21123898,-0.603240907
0.134294033,-0.348890007,0.195707053,-0.537360847
0.0829758048,-0.193433195,0.129361168,-0.325031698
-0.00991959032,0.00837689731,-0.0169055145,0.00132853677
-0.131475985,0.191634879,-0.206157044,0.301991105
-0.253085226,0.302522033,-0.370818943,0.458103031
-0.340401649,0.317772955,-0.478925437,0.464486361
-0.365597665,0.248058945,-0.528567076,0.372128695
-0.317095965,0.126805022,-0.488510877,0.208604112
-0.203691959,-0.0072461837,-0.335605741,-0.000175073539
-0.0525333621,-0.124016456,-0.0953167751,-0.196467966
0.0976293236,-0.206943139,0.148364037,-0.331686318
0.205828294,-0.249490663,0.314541847,-0.39301154
0.239042491,-0.248958379,0.365181208,-0.390084386
0.181551561,-0.203715682,0.288799316,-0.333453894
0.0416087173,-0.116253302,0.0729248822,-0.202969626
-0.147008941,0.00080737879,-0.236132547,-0.0080436226
-0.330896348,0.121761002,-0.503636718,0.186353475
-0.450966388,0.212777257,-0.628396928,0.305806786
-0.461763144,0.244685322,-0.632824004,0.345149457
-0.349942237,0.207776576,-0.523126781,0.321225256
-0.144063249,0.120022334,-0.242482409,0.209335983
0.0903118178,0.0223804303,0.141849339,0.0472098403
0.270867169,-0.0385979339,0.428680807,-0.0624443591
0.32795009,-0.0333151966,0.51102674,-0.062457379
0.231924817,0.0346102454,0.381602108,0.0433694497
0.0068051382,0.127673477,0.0252696518,0.200847149
-0.276496291,0.191225871,-0.413193345,0.294960856
-0.525463939,0.180349618,-0.694238842,0.252082646
-0.659846723,0.0837350488,-0.789952815,0.116987012
-0.6402722,-0.0678008795,-0.78664124,-0.0666276887
-0.480163515,-0.213211805,-0.664091527,-0.275873333
-0.237018734,-0.288357615,-0.375660419,-0.425865293
0.0118923951,-0.255339056,0.00197246368,-0.40824157
0.198179454,-0.119686909,0.307676822,-0.204743639
0.283485472,0.0728938729,0.445192665,0.0992428586
0.266102642,0.258216351,0.413573086,0.379733831
0.17336911,0.382525533,0.266687483,0.557655156
0.0461816043,0.424122065,0.0807268322,0.622106969
-0.0761765316,0.39746961,-0.101326622,0.595432162
-0.165252849,0.3390674,-0.241199061,0.519030154
-0.205853626,0.283978164,-0.311898828,0.441634327
-0.194713011,0.246467486,-0.302897841,0.392067194
-0.13915655,0.215358689,-0.222179949,0.350111157
-0.0571342781,0.166085839,-0.094206892,0.277924329
0.0233327542,0.0818206817,0.0400400534,0.141743258
0.0687704161,-0.0292390939,0.117909685,-0.0444074646
0.0506133921,-0.131360948,0.0854980871,-0.217421874
-0.0412811749,-0.17629011,-0.0637871623,-0.2925089
-0.188511238,-0.128561705,-0.303723454,-0.212838143
-0.344543219,0.0123686669,-0.530771136,0.0150711089
-0.448807865,0.205699652,-0.630089521,0.288684726
-0.4506073,0.383283883,-0.583396792,0.501750708
-0.332691103,0.478197634,-0.43314454,0.629718542
-0.122718938,0.454280436,-0.175763831,0.657042742
0.114539213,0.322254032,0.175407633,0.509159744
0.30232656,0.134632081,0.471718818,0.215734273
0.383437514,-0.0378421992,0.584477544,-0.0592818335
0.343333066,-0.136541769,0.525934696,-0.216547877
0.213613272,-0.137606874,0.346856892,-0.230643481
0.0542791076,-0.05703995,0.0935059413,-0.10581094
-0.0760113671,0.0622772798,-0.124583557,0.0979490131
-0.146364063,0.173194543,-0.234525844,0.278513402
-0.163378209,0.244171843,-0.255133957,0.388865918
-0.15996547,0.266998798,-0.245718226,0.423948288
-0.170494854,0.250681758,-0.261710823,0.398175925
-0.206971988,0.207817584,-0.319616705,0.333111018
-0.25024122,0.143465504,-0.390645444,0.234022751
-0.261555374,0.053984616,-0.415662467,0.0958064124
-0.208021328,-0.063760899,-0.341141969,-0.0910749659
-0.0870444104,-0.199678108,-0.14926149,-0.313550085
0.065165326,-0.324045509,0.088944979,-0.497380167
0.187401891,-0.394049615,0.264698952,-0.579349995
0.223362565,-0.37212199,0.319932252,-0.552183211
0.151795819,-0.24713628,0.237993747,-0.403721273
-2.00186791e-17,-0.0463713035,0.00201703631,-0.0927705467
-0.167777002,0.170136645,-0.265228927,0.265143931
-0.28191334,0.332285792,-0.407772958,0.489878327
-0.302555442,0.38966158,-0.421640754,0.556794882
-0.239320263,0.333751142,-0.352130949,0.50673151
-0.144407153,0.201063931,-0.22976476,0.335959911
-0.0822887942,0.0550314188,-0.133516386,0.100171909
-0.0922094509,-0.0444939323,-0.150560185,-0.0716883317
-0.164246216,-0.0687304884,-0.267250329,-0.114856176
-0.242888555,-0.030509172,-0.390480965,-0.0502121672
-0.257332534,0.0271496661,-0.415195554,0.0470690317
-0.162818119,0.0577370934,-0.273997813,0.101855554
0.029487947,0.0383751392,0.040300101,0.0736121982
0.251342565,-0.0176391918,0.396362036,-0.0243319999
0.407466441,-0.0697662458,0.604565442,-0.109328441
0.422512323,-0.0755376965,0.624137759,-0.122219615
0.281023115,-0.0178239513,0.454076976,-0.0429480709
0.0391716734,0.0818096995,0.0785310343,0.124420345
-0.1989308,0.172076538,-0.307704121,0.271778166
-0.329461157,0.199274853,-0.493504465,0.308923334
-0.297955275,0.138324142,-0.465265125,0.228256196
-0.124792576,0.0101026734,-0.213617668,0.0326999016
0.105552167,-0.125539437,0.162546605,-0.196867108
0.285890728,-0.19870846,0.432630986,-0.310606658
0.337447912,-0.165699944,0.509584367,-0.263287574
0.245339349,-0.0331841111,0.397988081,-0.068602182
0.0614613518,0.143311307,0.111274384,0.220338732
-0.125291884,0.286898434,-0.185948282,0.444916666
-0.235126406,0.339039117,-0.341679126,0.510177672
-0.235795975,0.290594429,-0.354097575,0.45075348
-0.154314741,0.187254816,-0.247045681,0.312256515
-0.0573342927,0.105566792,-0.0972108766,0.180511311
-0.0119026545,0.11140538,-0.0196004659,0.182559162
-0.0479966588,0.222517043,-0.0718365237,0.349667341
-0.142484695,0.395290107,-0.201448396,0.579701364
-0.232327014,0.543690443,-0.291111708,0.705173671
-0.249338165,0.581565857,-0.301811874,0.72834152
-0.157841027,0.467031211,-0.215901285,0.665307999
0.0244650524,0.226060957,0.0402078144,0.382577777
0.232977644,-0.0572674274,0.372680217,-0.0764909685
0.386372864,-0.279472232,0.54712081,-0.401654929
0.42503655,-0.366092712,0.561091363,-0.498118043
0.338697106,-0.305675566,0.48369205,-0.453023225
0.170257747,-0.152626991,0.277336359,-0.262875855
-0.00503807282,0.00181349565,-0.00409507565,-0.00839770865
-0.114128366,0.0751332864,-0.18621555,0.125597298
-0.117615528,0.0323957205,-0.195922241,0.0638325885
-0.0241795834,-0.100644067,-0.0449053161,-0.154583588
0.117000505,-0.255313605,0.176802248,-0.397797555
0.240227118,-0.357821226,0.343682706,-0.52867049
0.29135564,-0.366473407,0.409340918,-0.53395772
0.247483701,-0.289159,0.371263862,-0.449011713
0.121381693,-0.173424736,0.199498609,-0.29434073
-0.0483740009,-0.0764935911,-0.0748923942,-0.135177627
-0.214645639,-0.0329665467,-0.343982428,-0.05200845
-0.337882787,-0.0382558778,-0.520707011,-0.0524962135
-0.39541918,-0.0561960898,-0.594130576,-0.075553827
-0.38284865,-0.0453408584,-0.581645489,-0.0609849021
-0.31018579,0.0120100705,-0.492115617,0.0218587257
-0.19660227,0.0952769294,-0.32637915,0.157430664
-0.0660712272,0.154321149,-0.112282082,0.257268876
0.0560935363,0.1368635,0.0928037912,0.230446205
0.147138268,0.0193536598,0.245016024,0.0394285098
0.191945881,-0.176068783,0.309610218,-0.276176363
0.188121617,-0.38831383,0.275360674,-0.568757951
0.148328125,-0.54459244,0.190758184,-0.724390209
0.097295396,-0.593832672,0.117438249,-0.763523817
0.0631763786,-0.528721809,0.0768783242,-0.724157989
0.0660820082,-0.385279238,0.0884322524,-0.586312413
0.108796805,-0.221246406,0.164043903,-0.364683986
0.174357146,-0.0859665349,0.277731627,-0.14732857
0.232252613,0.00148032187,0.373450726,-0.003125021
0.250895172,0.0544585884,0.404058278,0.0816844627
0.210865051,0.10145878,0.346304744,0.15589571
0.112992398,0.160709381,0.192636952,0.253697932
-0.0221641958,0.222657278,-0.0258617718,0.356446177
-0.162753314,0.251503974,-0.245500013,0.397672623
-0.277709752,0.205703512,-0.420712888,0.324910581
-0.34696573,0.0659440756,-0.527654886,0.114937812
-0.365839273,-0.145846471,-0.549425125,-0.201683581
-0.342928022,-0.368586481,-0.484494627,-0.499106437
-0.293938369,-0.52597326,-0.388396412,-0.665811777
-0.23518002,-0.560899496,-0.309542477,-0.709813595
-0.179526299,-0.462833822,-0.262528747,-0.649903893
-0.135380477,-0.273899943,-0.222921431,-0.43677485
-0.107200295,-0.0703153759,-0.186636046,-0.123545408
-0.0956652462,0.0714764223,-0.160938069,0.117081508
-0.0967644006,0.10706567,-0.155544013,0.181790337
-0.100913569,0.0392795093,-0.164426282,0.0735753179
-0.0941992179,-0.0896404609,-0.155676261,-0.137145922
-0.0630571693,-0.222738445,-0.10729371,-0.352776468
-0.00141327328,-0.31565991,-0.0112687144,-0.491424799
0.0830519646,-0.352412969,0.116316855,-0.537687659
0.167612314,-0.34320417,0.24298659,-0.521825492
0.22054629,-0.308688134,0.328286976,-0.472717732
0.213272244,-0.262346953,0.327722639,-0.413222253
0.133663788,-0.202651396,0.215194434,-0.333785027
-0.00587795768,-0.119498663,-0.00557699567,-0.206874326
-0.170244589,-0.00968920998,-0.275267541,-0.0211709011
-0.313515007,0.110110931,-0.48433578,0.169727296
-0.396123528,0.203443274,-0.57478714,0.30142805
-0.399638772,0.229767203,-0.572346389,0.340441704
-0.332401097,0.168240249,-0.50344491,0.268584192
-0.223633811,0.0357216112,-0.363524795,0.0730271935
-0.109275833,-0.113177717,-0.184291944,-0.175542161
-0.0167384055,-0.20702742,-0.0347446762,-0.334550083
0.0440349057,-0.190769881,0.0654754341,-0.315712661
0.0795076862,-0.0547003411,0.126601964,-0.102382652
0.103317454,0.156364202,0.168251172,0.242938116
0.125026643,0.359888852,0.191398576,0.536854267
0.143760845,0.471377075,0.210756078,0.660741925
0.150407389,0.442141503,0.225716814,0.635318756
0.136691853,0.280859858,0.224692211,0.44563657
0.105059072,0.0487733744,0.185159132,0.0897988603
0.072459802,-0.168431014,0.121471651,-0.269182801
0.0644960329,-0.297706693,0.0963306129,-0.469620287
0.102119908,-0.306773424,0.149454519,-0.483530641
0.187956944,-0.211080521,0.284659177,-0.341754109
0.300416052,-0.0589732267,0.462806433,-0.104831748
0.400153786,0.0946198478,0.591363013,0.129261866
0.446908236,0.211149275,0.631023467,0.287908465
0.418722421,0.277145743,0.592908502,0.377789289
0.323554248,0.297280788,0.482419848,0.427287906
0.196613744,0.279719472,0.31513992,0.425417393
0.0839799568,0.225359783,0.144762829,0.36327675
0.0204006806,0.128691033,0.0403109752,0.218448892
0.0126733975,-0.0107132047,0.0232028309,-0.0103733782
0.0375406109,-0.17504625,0.0591243505,-0.280196041
0.0556455627,-0.324599117,0.0809496045,-0.50158447
0.0345356017,-0.409442902,0.0459853783,-0.611005366
-0.0314753987,-0.392617583,-0.0535088368,-0.594325662
-0.115634866,-0.272648096,-0.1869912,-0.439008176
-0.171196312,-0.0915597454,-0.285299808,-0.155547217
-0.156349614,0.0788324252,-0.262856483,0.128172159
-0.0589970984,0.167972103,-0.100998074,0.280366331
0.0919002071,0.140328571,0.148938522,0.238913879
0.235357434,0.0143748382,0.378048211,0.0293886568
0.304506093,-0.144164205,0.473486394,-0.222641021
0.257636368,-0.252816141,0.396181643,-0.393249035
0.0989759862,-0.252131999,0.160515383,-0.411043078
-0.121276654,-0.134915471,-0.194490433,-0.234459996
-0.328070372,0.0499723963,-0.506697237,0.0708140209
-0.453774393,0.221346512,-0.632086039,0.312778741
-0.466181666,0.305108249,-0.620590806,0.416992813
-0.379127443,0.269614756,-0.541759908,0.397679329
-0.241451219,0.139615774,-0.383633852,0.236099616
-0.110837288,-0.0174623709,-0.186170056,-0.0154505316
-0.0262889862,-0.125072762,-0.0473848097,-0.203365117
0.00700899586,-0.13357763,0.00868379977,-0.224917307
0.0137447892,-0.0410889983,0.0189559292,-0.0771453008
0.0290186815,0.109848246,0.0451977476,0.174026445
0.0749386698,0.255994231,0.119942933,0.40417251
0.146405116,0.343966872,0.224347189,0.521243036
0.213663384,0.351932317,0.323255122,0.524037242
0.239683643,0.292985409,0.370172858,0.443026185
0.2021887,0.20132716,0.330178291,0.31740573
0.107684225,0.111188054,0.188006893,0.182048246
-0.0105530815,0.040926192,-0.0105201267,0.068435818
-0.109495647,-0.00993500929,-0.17834343,-0.013230213
-0.158864394,-0.0514924675,-0.262053341,-0.0803416222
-0.156406298,-0.0899938866,-0.259854019,-0.143221527
-0.127211213,-0.119749688,-0.213577896,-0.192691103
-0.10727524,-0.125712872,-0.179779693,-0.205667526
-0.120496541,-0.0946122929,-0.199633062,-0.159166887
-0.162257597,-0.0267796889,-0.267300904,-0.0467596054
-0.199378237,0.0597542301,-0.324712157,0.0967397094
-0.187241882,0.136437967,-0.303462744,0.224145412
-0.0951994359,0.178955063,-0.159205124,0.298279166
0.0736539364,0.18077457,0.116053358,0.30112502
0.279634714,0.156977594,0.433104336,0.246787325
0.462901324,0.135401219,0.65591228,0.186932519
0.570985138,0.139716893,0.744295895,0.171123981
0.582970142,0.17410998,0.745244741,0.20935002
0.517407238,0.218662545,0.69261694,0.279418349
0.419733196,0.238586098,0.601653993,0.329176396
0.336136371,0.202532217,0.512593746,0.300334752
0.288338155,0.0999473408,0.459882975,0.157152653
0.263364911,-0.0520844311,0.424676985,-0.0803493038
0.224119931,-0.216122463,0.352898777,-0.337648213
0.134849161,-0.351457477,0.203122556,-0.536304653
-0.0130928401,-0.431398422,-0.0189308804,-0.637655914
-0.190456405,-0.451539665,-0.269695193,-0.639034271
-0.341599047,-0.425513595,-0.465139776,-0.573694229
-0.413119346,-0.37227729,-0.559429526,-0.493901163
-0.384329021,-0.303776175,-0.54976064,-0.423462659
-0.282248884,-0.2209865,-0.442549527,-0.332107931
-0.171403006,-0.120433688,-0.287367284,-0.196721345
-0.122117557,-0.00601128349,-0.206745565,-0.0131722065
-0.173145324,0.103092775,-0.275924742,0.166046232
-0.308514923,0.175614744,-0.462854564,0.271969467
-0.461951137,0.182858169,-0.639491677,0.26505208
-0.548128128,0.117178231,-0.726419866,0.169612497
-0.505696774,0.00290941424,-0.705112398,0.0191334896
-0.330147535,-0.10867919,-0.517268538,-0.153450966
-0.0790545493,-0.160276011,-0.146813557,-0.25233227
0.153933927,-0.115749523,0.23814626,-0.194248021
0.283895075,0.0205168743,0.44558382,0.0187709946
0.275791258,0.203277469,0.431447595,0.297231525
0.161056161,0.366498172,0.25372681,0.536541939
0.0210131891,0.454224259,0.0441356003,0.653998911
-0.0546046756,0.446380079,-0.0693764016,0.651068211
-0.0130899968,0.365970284,-0.0166375246,0.565799534
0.134722292,0.264042705,0.209452286,0.424642205
0.319973707,0.190879822,0.48328194,0.292188525
0.450140297,0.169435009,0.640391469,0.23162733
0.454628676,0.185666963,0.645620406,0.249556243
0.318847567,0.20076032,0.494135439,0.294220507
0.0904661864,0.177631542,0.164049476,0.284691095
-0.144007474,0.105782598,-0.221866235,0.175454974
-0.299498498,0.00938152708,-0.466889858,0.0242222305
-0.329196274,-0.0668351352,-0.513686061,-0.0939524397
-0.240842,-0.0860431716,-0.396742821,-0.130924299
-0.0869010538,-0.0453186631,-0.156373948,-0.0724118203
0.0636145025,0.0172283351,0.0998673216,0.0270504598
0.155831441,0.0403086543,0.256990165,0.0652557686
0.167323858,-0.0260090213,0.281461596,-0.0410826579
0.107777692,-0.187871888,0.182067245,-0.300023496
0.00456831092,-0.396396935,0.0101605039,-0.589438558
-0.114414483,-0.566042185,-0.155394122,-0.741844833
-0.230094492,-0.614963591,-0.286686569,-0.746140063
-0.330178082,-0.507003248,-0.427976489,-0.647825181
-0.400801808,-0.27285099,-0.574313939,-0.390783221
-0.421349913,0.00193377549,-0.628796995,-0.00131870154
-0.369454175,0.217070311,-0.547819793,0.323145509
-0.235382378,0.305704176,-0.356498152,0.470084965
-0.0369834937,0.265619606,-0.0606727451,0.434237182
0.176442534,0.157109171,0.281618923,0.262077332
0.338097781,0.0685847402,0.521912217,0.103923991
0.391919613,0.0681714937,0.589534879,0.0904155299
0.321756482,0.167089149,0.497794122,0.24001652
0.165019199,0.314397156,0.264779985,0.46927321
0.000611173862,0.425894797,0.0131620923,0.622030139
-0.0859989822,0.43158859,-0.117257394,0.634035647
-0.044687815,0.316057593,-0.0671020374,0.504465878
0.111848101,0.129726067,0.181792453,0.226902664
0.310753703,-0.0354433693,0.481159508,-0.0501207523
0.452770829,-0.0932920352,0.647001028,-0.145895898
0.461674005,-0.00893053319,0.664741218,-0.0299787335
0.324740022,0.181694031,0.499260396,0.255203456
0.102890544,0.388528943,0.169407189,0.565511703
-0.0961487144,0.511807561,-0.117602162,0.705142856
-0.169488683,0.491138488,-0.225591525,0.685961246
-0.0701298937,0.334206671,-0.107183151,0.529961228
0.168410882,0.110989846,0.268206358,0.198976815
0.446848214,-0.0825571194,0.640052795,-0.116919532
0.647384226,-0.171916053,0.771821022,-0.217780069
0.690038204,-0.138187706,0.7890504,-0.171988398
0.569906056,-0.0225856248,0.752131104,-0.0437769368
0.35687989,0.0991961733,0.550591409,0.133862883
0.158461541,0.15774852,0.268490344,0.247732684
0.0649862513,0.124058321,0.112271659,0.208741561
0.105219655,0.0201252811,0.17139782,0.0416778773
0.234542057,-0.0973451361,0.369241536,-0.152288526
0.360922158,-0.169328496,0.535051823,-0.258912563
0.39452076,-0.164602354,0.578161657,-0.252869368
0.295043737,-0.0920773819,0.465185761,-0.158224672
0.194759473,0.213307992,0.306189954,0.311337769
0.231837526,0.360316664,0.342486471,0.531161666
0.240028873,0.446271449,0.342581868,0.617121339
0.243754938,0.450264841,0.345625818,0.621838391
0.267693341,0.382409722,0.389733702,0.549158633
0.324180096,0.275584549,0.482017279,0.406733185
0.40656203,0.16670239,0.595381618,0.241948083
0.49152723,0.0781747103,0.689680159,0.105211131
0.549212456,0.00987342373,0.738375425,0.00423578313
0.556271493,-0.0543198436,0.741783202,-0.0798039064
0.505836666,-0.12984398,0.697389245,-0.185737237
0.409986407,-0.215163752,0.59039247,-0.314957827
0.294034243,-0.286354929,0.438305974,-0.430008233
0.185777366,-0.306943446,0.281682014,-0.476372361
0.104900353,-0.248466685,0.162111297,-0.405645937
0.0571293011,-0.110545009,0.0908811614,-0.192961261
0.0350050814,0.0713464916,0.0554166846,0.109311417
0.0238823276,0.236195892,0.0397341214,0.375514239
0.00967545994,0.322140366,0.0218370203,0.502595603
-0.0151481517,0.293907791,-0.0136927115,0.468796998
-0.0491547883,0.159441933,-0.0708747357,0.271966428
-0.0828509629,-0.032740891,-0.130986378,-0.0423707739
-0.101469286,-0.214359,-0.165395126,-0.337709129
-0.0884221345,-0.326249897,-0.143968955,-0.502206385
-0.0292590503,-0.341511577,-0.0560843199,-0.526579618
0.0833830759,-0.272435844,0.11753121,-0.435984492
0.243989453,-0.159286559,0.372072041,-0.258668303
0.429446787,-0.0480633229,0.621430993,-0.079489693
0.598871708,0.0306982901,0.768501997,0.0295115001
0.701205015,0.0716681704,0.805024385,0.0734116659
0.690905511,0.0895483792,0.801836491,0.0939350575
0.547464907,0.103827365,0.734459221,0.127084538
0.290533483,0.123389542,0.466182977,0.179428831
-0.0180892609,0.140173987,-0.0115769226,0.222954109
-0.29014644,0.135203138,-0.441219389,0.21406576
-0.441078246,0.0927811116,-0.637326062,0.145732507
-0.423586994,0.0137890745,-0.627521873,0.0334805027
-0.24989146,-0.080506146,-0.410788417,-0.11304684
0.00889529008,-0.157198891,-0.00280805142,-0.249179468
0.248465165,-0.188724801,0.378135413,-0.299064964
0.372726202,-0.16866982,0.552389205,-0.261797845
0.333418846,-0.117135897,0.515018463,-0.190393314
0.150120512,-0.0717702135,0.256371707,-0.127435073
-0.0989130884,-0.0683365241,-0.153001875,-0.116835319
-0.311370999,-0.120675772,-0.477892548,-0.181851789
-0.405366212,-0.210787907,-0.590139091,-0.292575806
-0.353520274,-0.294960052,-0.519486308,-0.413444817
-0.191458359,-0.323763639,-0.304110378,-0.483386368
0.00214109803,-0.266496241,-0.0125987986,-0.425174713
0.143308103,-0.128008708,0.222838461,-0.219175383
0.179783866,0.0507463776,0.294811159,0.0695968345
0.110143133,0.209307045,0.18582347,0.327644974
-0.0222935956,0.29394275,-0.0221995562,0.46110186
-0.155249506,0.281267852,-0.230072573,0.443433583
-0.238292232,0.188098416,-0.367234766,0.306284755
-0.252961159,0.062940672,-0.402197301,0.11318022
-0.213735595,-0.0367747806,-0.349205256,-0.0511110164
-0.152377501,-0.0708718598,-0.25500688,-0.113255195
-0.0967992842,-0.0336567536,-0.16582796,-0.0580263883
-0.0572372302,0.0457986258,-0.0991211906,0.0743507743
-0.0267099738,0.12016511,-0.0439368859,0.198136613
0.00668905815,0.148971811,0.0125178071,0.248777077
0.0454189815,0.120028913,0.0772168562,0.202313721
0.0766448975,0.0566008687,0.130654812,0.0974028185
0.0795468539,0.00655789254,0.135051236,0.0106965574
0.0413699038,0.0183859337,0.0703532174,0.0273015909
-0.0286480803,0.115392119,-0.0459963977,0.184482887
-0.0980084911,0.280640155,-0.151131287,0.433489203
-0.12564005,0.460438043,-0.173879474,0.654091001
-0.0857857764,0.585670769,-0.105161741,0.759956956
0.0124917207,0.601828337,0.0221533552,0.774322927
0.122920983,0.49416697,0.17735438,0.689613342
0.180850253,0.296222329,0.287401438,0.462493181
0.135473594,0.0772009715,0.235702232,0.132586792
-0.020865852,-0.0866437554,-0.0244098268,-0.145262763
-0.24255617,-0.144092306,-0.37840122,-0.232117191
-0.446889371,-0.0901346877,-0.645217359,-0.130252376
-0.549987614,0.0333092213,-0.743312657,0.0488549434
-0.5051319,0.157369763,-0.694592714,0.221378043
-0.324216515,0.217644334,-0.49327147,0.335764498
-0.0713592172,0.182550743,-0.124461971,0.310445547
0.168012217,0.0656788349,0.271409094,0.117986746
0.326608181,-0.0831261128,0.506341636,-0.127085865
0.383078277,-0.203077868,0.561955869,-0.303342134
0.364548802,-0.251570255,0.528427839,-0.374101967
0.324039161,-0.222963378,0.483320922,-0.344724089
0.306345314,-0.148265481,0.469044268,-0.238886237
0.321782678,-0.0765677392,0.494608968,-0.125780165
0.342242301,-0.0481724478,0.525580585,-0.0789394081
0.321157098,-0.073349148,0.500985146,-0.118123941
0.225388184,-0.127564594,0.367104113,-0.207891852
0.0602841638,-0.165455401,0.105648503,-0.276706219
-0.127031386,-0.146135852,-0.203311533,-0.243018299
-0.26886937,-0.0566124581,-0.428373367,-0.0930287614
-0.311589509,0.078917481,-0.491584867,0.124225348
-0.244794607,0.208825171,-0.386598825,0.329131663
-0.108918674,0.278039396,-0.174327642,0.443983823
0.0234301463,0.25422892,0.0400840491,0.41394642
0.0829199925,0.143174648,0.144263402,0.241305634
0.037353754,-0.0140009997,0.0729591846,-0.0189165547
-0.0934343413,-0.159830928,-0.145891145,-0.258428276
-0.248769,-0.245843366,-0.381819427,-0.378310114
-0.357787132,-0.251755208,-0.529057264,-0.366656661
-0.373163164,-0.189925089,-0.558813572,-0.27696541
-0.290822178,-0.0945454165,-0.465730637,-0.144805476
-0.146914572,-0.00283588516,-0.253995568,-0.00249785068
0.00422108267,0.0611430667,0.0013052827,0.10440176
0.117793828,0.0920788646,0.193162099,0.15100503
0.177006587,0.0972620919,0.290116489,0.155316055
0.193842694,0.0845445022,0.318221688,0.135410786
0.194468826,0.0533156581,0.317694277,0.0845600441
0.199906513,-0.00508629158,0.327191919,-0.00872558821
0.214091763,-0.0976107568,0.345646322,-0.157044306
0.22562024,-0.217014417,0.351201773,-0.339854956
0.220283821,-0.33589524,0.32845974,-0.503778934
0.194700584,-0.413333356,0.275958031,-0.599185348
0.161035866,-0.412921906,0.226769418,-0.607293665
0.139042258,-0.32358548,0.205341116,-0.505023837
0.140410423,-0.171478286,0.220174283,-0.287983477
0.156141877,-0.0145895677,0.25376302,-0.0340291597
0.156578109,0.0798976049,0.259244561,0.124881558
0.106244214,0.0662002116,0.185507253,0.111944489
-0.013824502,-0.0559571236,-0.01303053,-0.0891403109
-0.189297736,-0.236229464,-0.290906161,-0.365857869
-0.372468114,-0.391662925,-0.50716269,-0.523573458
-0.501239479,-0.44109863,-0.607953608,-0.524343014
-0.528634012,-0.341199726,-0.664533675,-0.421671927
-0.447514653,-0.108064003,-0.653320312,-0.157961085
-0.296776325,0.185485214,-0.469960779,0.280523181
-0.14463298,0.436241001,-0.211132258,0.62822336
-0.0568306744,0.549787045,-0.0653118119,0.740934849
-0.0659064651,0.476580679,-0.0783792138,0.680828393
-0.157287985,0.230850354,-0.231533229,0.379585534
-0.279139936,-0.114290163,-0.427226216,-0.158284619
-0.370239049,-0.452578783,-0.488328308,-0.575374484
-0.390739322,-0.68077153,-0.417765319,-0.698620498
-0.339629143,-0.732030094,-0.349161446,-0.728485703
-0.250460863,-0.595587134,-0.314870626,-0.727473795
-0.169090897,-0.317397863,-0.271873504,-0.492891043
-0.126855552,0.016990507,-0.220790938,0.0133436983
-0.124460883,0.310906172,-0.19294098,0.475483924
-0.135036752,0.487156302,-0.178721786,0.682215154
-0.123400688,0.51146853,-0.159419045,0.70672828
-0.0692491084,0.401692986,-0.0963791683,0.606455624
0.0198917352,0.21972616,0.0374613591,0.367977172
0.113584407,0.0482897498,0.188151062,0.0863065347
0.177882716,-0.0401334167,0.289662391,-0.0679526553
0.196913049,-0.0113896448,0.31975019,-0.0298973471
0.182860792,0.116148286,0.297451586,0.176056743
0.167551905,0.277973741,0.262884974,0.423522592
0.180190623,0.389400184,0.270014077,0.568100989
0.224843189,0.381589532,0.334156334,0.558125675
0.272387326,0.232785732,0.423140138,0.363148749
0.273818672,-0.0193627365,0.444826335,-0.0210162792
0.189221308,-0.291099608,0.298249125,-0.444948614
0.016568711,-0.486891836,0.0257118382,-0.690683722
-0.197055399,-0.540139258,-0.263282686,-0.714989483
-0.370768219,-0.441837758,-0.492975414,-0.581884444
-0.426404089,-0.243674353,-0.609985948,-0.344455004
-0.328542829,-0.033761669,-0.523768604,-0.0522394776
-0.106933221,0.103706919,-0.189638749,0.176946551
0.151908934,0.12568225,0.240335226,0.211367235
0.341692746,0.0466009267,0.528687596,0.0751133189
0.38469258,-0.0735833421,0.584242344,-0.114847079
0.267665565,-0.162940517,0.42726025,-0.262861937
0.047216773,-0.175154984,0.0859280527,-0.297065794
-0.178389624,-0.11185237,-0.285367757,-0.189466223
-0.317090958,-0.0185461175,-0.497138023,-0.0285256673
-0.32674706,0.0429671705,-0.510944963,0.0744069219
-0.233071148,0.0305659026,-0.381090134,0.0596798286
-0.113230519,-0.0533410124,-0.192914084,-0.0772411451
-0.0538808927,-0.161421627,-0.0896808356,-0.259427637
-0.105064362,-0.225683689,-0.165640786,-0.363439053
-0.253124654,-0.193412051,-0.39312315,-0.307459831
-0.425946057,-0.0556706451,-0.626001835,-0.0859965831
-0.527627647,0.146606281,-0.712684453,0.198961154
-0.485388964,0.341846406,-0.630010605,0.445859849
-0.286033064,0.461912215,-0.390417486,0.630777776
0.0150469374,0.47303167,0.01702285,0.682586491
0.315844476,0.387917012,0.441738963,0.549200892
0.509814501,0.254026026,0.679733992,0.335169733
0.528707147,0.125850484,0.720745862,0.162046775
0.367812514,0.0372135974,0.570558667,0.0473758392
0.0844054297,-0.011469814,0.157347694,-0.0283724684
-0.227535471,-0.0452852584,-0.355470806,-0.0747948289
-0.473733157,-0.0926200449,-0.671000242,-0.123925596
-0.591654897,-0.162946597,-0.754997015,-0.19406417
-0.566753268,-0.238245934,-0.722599149,-0.288272679
-0.429545403,-0.283141345,-0.603291988,-0.38004753
-0.238079831,-0.267383963,-0.379374236,-0.402674675
-0.0547816344,-0.186784253,-0.103773139,-0.306237757
0.073380664,-0.0694358647,0.113436617,-0.123174392
0.12580508,0.0372900888,0.20956251,0.0559799001
0.108982995,0.0920256525,0.186693683,0.149480745
0.0491575189,0.0824094042,0.0894303694,0.137667373
-0.0193747841,0.0320833661,-0.0275889505,0.055112429
-0.0664769113,-0.0131119071,-0.109864861,-0.020056136
-0.075657241,-0.0125250593,-0.129589602,-0.0209449176
-0.0484513342,0.0437431522,-0.0848433524,0.0709513873
-0.00249551702,0.126045734,-0.00677366275,0.205864266
0.0362214968,0.179049015,0.0614711009,0.292090267
0.0443908051,0.151454523,0.0784883872,0.253099889
0.0115159284,0.0256217849,0.0269548427,0.0514242202
-0.0552292615,-0.169292584,-0.0855129361,-0.268295825
-0.133933038,-0.36836949,-0.203076676,-0.548236072
-0.197748885,-0.500769794,-0.276018471,-0.676769257
-0.227191955,-0.52282685,-0.309381843,-0.6879282
-0.21897018,-0.437149853,-0.319567382,-0.616152227
-0.186812416,-0.288221359,-0.297056675,-0.447426766
-0.153726876,-0.13774845,-0.25786972,-0.228293881
-0.13966684,-0.0337325931,-0.232780531,-0.0557899438
-0.151192397,0.0100246929,-0.247611061,0.0191676524
-0.178789869,0.0138171688,-0.292690307,0.0263501406
-0.203353345,0.0131290229,-0.331926674,0.0244429745
-0.208142623,0.0332313143,-0.339280158,0.0568913445
-0.189243093,0.072704263,-0.309374392,0.120924741
-0.158171386,0.105440788,-0.258823782,0.176243216
-0.134648591,0.0993855596,-0.21956414,0.168010443
-0.133357346,0.0401704982,-0.217053548,0.0734245554
-0.152410552,-0.055199407,-0.248696312,-0.0832487568
-0.170891926,-0.143642157,-0.27803418,-0.226612985
-0.158122286,-0.178065941,-0.260356873,-0.28494823
-0.0906921998,-0.13387768,-0.157527283,-0.22137478
0.0315638781,-0.0245342311,0.0426073819,-0.0452834219
0.179738149,0.103403829,0.285005599,0.163895562
0.304494292,0.193742514,0.467514724,0.29063797
0.356102258,0.210066825,0.534583211,0.307340592
0.3066203,0.15490514,0.482146025,0.235156298
0.163429976,0.0679789633,0.280837804,0.109070934
-0.0326700062,0.00445806189,-0.0444707386,0.00498283701
-0.224074125,0.00525421696,-0.35637033,0.00761960726
-0.359784931,0.0757413432,-0.550611794,0.117003523
-0.414637625,0.184429973,-0.600778759,0.269902617
-0.395813018,0.281825036,-0.558951259,0.403638422
-0.334708899,0.328380197,-0.476488829,0.477481484
-0.269394606,0.315543264,-0.394154936,0.476675123
-0.226896584,0.268120855,-0.34329161,0.420339644
-0.213606507,0.227106914,-0.329013646,0.361846656
-0.217066869,0.223442182,-0.334326744,0.35307464
-0.216274202,0.258400887,-0.331269413,0.401518285
-0.193796992,0.302417815,-0.294627935,0.467129141
-0.143252626,0.313379794,-0.218095869,0.488675207
-0.0694174245,0.263880372,-0.107411459,0.427865446
0.017070666,0.161324099,0.0296183042,0.273537785
0.105667926,0.0483911671,0.176397413,0.0858445168
0.18838574,-0.017673092,0.304522127,-0.0309772454
0.257893205,0.0037015148,0.409231067,-0.00180595147
0.30404231,0.111800201,0.472614318,0.161508784
0.313103914,0.260855168,0.471376956,0.376808941
0.272296101,0.380360365,0.399375886,0.5362885
0.178293824,0.409644276,0.271327227,0.590845108
0.0448327027,0.328864187,0.0840142891,0.511651397
-0.0962755457,0.170064494,-0.142693982,0.28668496
-0.203556284,0.00219931081,-0.326706171,0.0128863091
-0.241425574,-0.102408297,-0.38823384,-0.157132894
-0.196050093,-0.103047431,-0.327124387,-0.166320115
-0.0834683403,-0.00927426014,-0.15133971,-0.0169555172
0.0549422279,0.125916645,0.0824380964,0.204302311
0.168508008,0.234351248,0.267118692,0.367164046
0.217809543,0.267471522,0.341604054,0.410779566
0.190235674,0.219857469,0.311047435,0.346317381
0.103324503,0.129933193,0.179725796,0.214226365
-0.00536038587,0.0582334585,-0.000652119226,0.0980347767
-0.0965020731,0.0548769012,-0.157454982,0.0887076929
-0.146353617,0.132843971,-0.239556342,0.213520184
-0.154908881,0.260125577,-0.243216336,0.406547695
-0.141693741,0.374035984,-0.208026916,0.560652435
-0.132307976,0.41018182,-0.186525732,0.605951428
-0.143268555,0.332081169,-0.209328845,0.515990138
-0.173027545,0.147998005,-0.269905001,0.252039909
-0.203336388,-0.0917248949,-0.324116111,-0.133639872
-0.209561616,-0.314466417,-0.322437048,-0.465469629
-0.174105942,-0.452870518,-0.257130653,-0.63641119
-0.09594322,-0.468642503,-0.150042102,-0.665391028
0.00825386867,-0.36407429,-0.00149187748,-0.560166895
0.111406252,-0.178639144,0.168346688,-0.300596565
0.187680557,0.0262452383,0.301533937,0.0304369312
0.222790018,0.187773734,0.35313347,0.287515253
0.2185231,0.260683656,0.344679415,0.399683505
0.190266758,0.229367912,0.307922632,0.361761719
0.159528524,0.110618949,0.268351346,0.184127629
0.145187363,-0.0530110784,0.244466364,-0.0819342732
0.156921998,-0.207126155,0.250411332,-0.328044504
0.192615107,-0.302835673,0.288239211,-0.466272265
0.239694253,-0.312485904,0.350658923,-0.475190759
0.279270619,-0.238593727,0.41637671,-0.37271446
0.291752875,-0.112394042,0.451906025,-0.188984454
0.262851626,0.0182050616,0.420173883,0.0168028008
0.188931733,0.107261851,0.311190099,0.166416839
0.0803293139,0.128844336,0.142698824,0.209699214
-0.0390360057,0.0869101882,-0.0554898307,0.147704422
-0.136939853,0.0125653753,-0.220914572,0.0262946393
-0.182596222,-0.0502672307,-0.299080998,-0.0772186294
-0.158147395,-0.0644062608,-0.266531795,-0.104475394
-0.0674101412,-0.0153717082,-0.122081362,-0.0272471309
0.0625753179,0.0832915232,0.0965511575,0.135293752
0.189261898,0.197146326,0.298042685,0.30792731
0.269654214,0.286304295,0.409831643,0.424440295
0.277016431,0.321419597,0.416675448,0.469201416
0.212018341,0.293036669,0.333165884,0.444571465
0.102944985,0.211285263,0.178765178,0.340847999
-0.00576804392,0.098196663,0.000883944333,0.16789712
-0.0720488355,-0.0217720997,-0.116617352,-0.0300086997
-0.0736588091,-0.127823338,-0.125892982,-0.206145257
-0.0167659242,-0.203857258,-0.0353093222,-0.328176767
0.0682447851,-0.236915097,0.0991660208,-0.381042987
0.141697571,-0.217301443,0.218868762,-0.352428377
0.173281521,-0.142879054,0.275931895,-0.239712507
0.155750707,-0.0257998183,0.254112601,-0.0535701327
0.107391596,0.103743181,0.179190025,0.161818862
0.0622775778,0.202336654,0.105867878,0.32383275
0.0529762954,0.228137702,0.0908694565,0.369350523
0.0937520638,0.160493433,0.157085761,0.26995331
0.171962947,0.0143647222,0.283779949,0.0326900296
0.251609623,-0.16010721,0.395582974,-0.24969855
0.28766492,-0.296103507,0.424397796,-0.443746418
0.245262623,-0.340225399,0.359655082,-0.511370301
0.115880765,-0.280058742,0.181520775,-0.451001436
-0.0760914907,-0.154263645,-0.121897139,-0.264417529
-0.279281616,-0.0376936831,-0.43855533,-0.0634643584
-0.431968749,-0.00655789254,-0.631220043,0.000572622754
-0.4837237,-0.0997726619,-0.679296613,-0.123740315
-0.414438725,-0.296109229,-0.579924762,-0.391712546
-0.243759051,-0.51996392,-0.335845083,-0.67009896
-0.0269028563,-0.674480259,-0.0498536639,-0.796583593
0.162644327,-0.68649447,0.170889884,-0.789536655
0.258350074,-0.541044116,0.320167661,-0.70107609
0.225165203,-0.287948638,0.337812036,-0.455855519
0.0741057321,-0.0171135664,0.127895698,-0.0489581339
-0.139566317,0.184593111,-0.212565258,0.289267898
-0.335254431,0.272483349,-0.482992858,0.407149553
-0.436885566,0.259171844,-0.600097358,0.371554434
-0.402419448,0.198820651,-0.583010793,0.300474107
-0.240808129,0.150535718,-0.38710919,0.247039348
-0.00857368857,0.142260328,-0.0243484899,0.239769876
0.213486671,0.155904204,0.33484298,0.248662144
0.354069412,0.142124757,0.538390636,0.212198094
0.380922019,0.0559302717,0.581445098,0.0820464566
0.312710166,-0.108185947,0.493648171,-0.167722806
0.207404688,-0.303312689,0.321078181,-0.462149858
0.132326022,-0.448948443,0.185530797,-0.645222485
0.129997507,-0.472915173,0.169213116,-0.670627713
0.196462452,-0.353603929,0.2782287,-0.536243498
0.283085078,-0.138083369,0.429851741,-0.231469631
0.321487248,0.0762414858,0.496682763,0.104474314
0.259643912,0.188964069,0.414253592,0.286546052
0.0911585093,0.148942634,0.166193351,0.244677663
-0.137355804,-0.0166066978,-0.210083142,-0.0185516924
-0.345220953,-0.213030398,-0.511443257,-0.307552308
-0.45421797,-0.325079441,-0.613572538,-0.425113827
-0.424905628,-0.276126146,-0.601738453,-0.380597085
-0.274780065,-0.0688833222,-0.450833559,-0.111808941
-0.0692695752,0.214155495,-0.127624735,0.338311106
0.109846354,0.451379567,0.159246609,0.645974219
0.202709958,0.542926013,0.276761889,0.711206377
0.19729726,0.460022897,0.287181765,0.643834114
0.130511105,0.257106304,0.219957501,0.412227035
0.064901337,0.0407593511,0.116996072,0.0760933086
0.0539221242,-0.0875400975,0.0873545259,-0.144733623
0.114160597,-0.0840686411,0.179870397,-0.145786762
0.218748778,0.0171363279,0.34688282,0.0183035694
0.314563245,0.127137452,0.484511524,0.188041925
0.35308215,0.154805198,0.538027287,0.229127944
0.317699373,0.0602409765,0.50456208,0.0939504877
0.232587069,-0.120508157,0.37949118,-0.189282268
0.148492858,-0.293213695,0.232521653,-0.454605252
0.113513976,-0.356371611,0.164696336,-0.54410094
0.145055205,-0.257836044,0.216527447,-0.416293502
0.21848239,-0.0264562126,0.341486335,-0.0589658692
0.2788831,0.238804176,0.42475605,0.348291457
0.269820869,0.417190403,0.388442785,0.577968478
0.163795769,0.426967889,0.251568407,0.613632143
-0.0217920449,0.267154217,-0.0157321617,0.431078076
-0.231629968,0.0186451226,-0.358069092,0.0432465039
-0.398710251,-0.195597202,-0.578556836,-0.272299707
-0.476008326,-0.270581722,-0.648891449,-0.358752787
-0.457244366,-0.168955892,-0.65340811,-0.237077773
-0.376428127,0.0641364753,-0.577840567,0.0939932019
-0.287248105,0.326918483,-0.423786968,0.475345075
-0.233875811,0.512625337,-0.303612173,0.68220675
-0.228875712,0.559730232,-0.280249715,0.719734311
-0.249637321,0.475874305,-0.326307774,0.651168823
-0.254567593,0.325622857,-0.368517041,0.493262231
-0.209734336,0.191370979,-0.330145299,0.312649131
-0.111291125,0.129839644,-0.185893014,0.219154924
0.00851166341,0.147105068,0.00998602062,0.2424514
0.09514945,0.203479633,0.156185165,0.325791091
0.0985727385,0.24274002,0.165623054,0.383943617
-0.000557003834,0.227497473,0.0117050139,0.365451276
-0.178170726,0.160515413,-0.271448016,0.261580914
-0.373833269,0.0809443444,-0.556146204,0.129459649
-0.514200866,0.0391243696,-0.7098822,0.062041983
-0.542153895,0.0654545501,-0.733094633,0.0948539674
-0.438929319,0.151458502,-0.635500371,0.22206597
-0.230534837,0.253570974,-0.364748746,0.39468056
0.0228727963,0.316989154,0.0287260599,0.499807417
0.248907968,0.305713117,0.375621229,0.462818801
0.386804014,0.221794754,0.569334209,0.322413981
0.404610902,0.103266336,0.605789661,0.14926149
0.305166602,0.00234659947,0.488239825,-0.00112088327
0.121073343,-0.0435540602,0.211635575,-0.0809929073
-0.0976417139,-0.0317826793,-0.153691754,-0.0582204424
-0.298334837,0.00556785427,-0.465237826,0.00824970566
-0.438872278,0.0213140585,-0.639324844,0.0379888266
-0.496402502,-0.0186786298,-0.697283685,-0.0145577975
-0.470482826,-0.114581682,-0.667522371,-0.147755831
-0.380351633,-0.230547801,-0.558417201,-0.320977747
-0.25721392,-0.31282565,-0.394610256,-0.456710666
-0.133701816,-0.318457901,-0.218668506,-0.488922834
-0.0338603966,-0.239318579,-0.0642229989,-0.388412327
0.032697618,-0.10871198,0.0463203862,-0.188241169
0.0701228082,0.0131355301,0.115063943,0.0162149537
0.0895716026,0.0674986094,0.150574207,0.113246158
0.0998708755,0.0253226794,0.170583799,0.0450813994
0.100781292,-0.0986925513,0.169251755,-0.158808187
0.0830104202,-0.252709389,0.13331303,-0.398986995
0.0355354659,-0.371455342,0.0520282462,-0.565837562
-0.0436362922,-0.405351698,-0.0700959489,-0.606463432
-0.139880151,-0.341357291,-0.217497632,-0.52532655
-0.2232925,-0.206423327,-0.356251687,-0.328675359
-0.260235518,-0.0530876406,-0.421131313,-0.0856112167
-0.230422884,0.0649845824,-0.375564367,0.108130135
-0.14076452,0.115671441,-0.232882693,0.196120322
-0.027548654,0.0992058069,-0.0477147736,0.173312917
0.0562573783,0.0433391631,0.09409412,0.0758194476
0.0641317889,-0.0134310862,0.110160507,-0.0227916948
-0.0210332647,-0.0417020246,-0.028871363,-0.0742858201
-0.175746679,-0.0345487706,-0.281057447,-0.0590185337
-0.343098462,-0.00868147891,-0.526158392,-0.0130427536
-0.456012458,0.00630016159,-0.657624066,0.0161215793
-0.466075122,-0.0152707137,-0.670139194,-0.0108300196
-0.364290744,-0.0805509463,-0.559704423,-0.109374963
-0.183871225,-0.172769874,-0.306226671,-0.264209777
0.0159508083,-0.257438123,0.0134718558,-0.404778749
0.176675037,-0.297273308,0.262888432,-0.461209476
0.264431238,-0.269015223,0.394271731,-0.416402012
0.279643387,-0.1745013,0.430569202,-0.282582641
0.249020979,-0.0409645475,0.39698714,-0.0778938681
0.20592314,0.0896666646,0.336193442,0.134999052
0.170987889,0.177764341,0.278637677,0.281356931
0.143976703,0.20173341,0.235837564,0.322875679
0.110691525,0.165448681,0.188276917,0.271014363
0.059668459,0.0941150635,0.104611792,0.157581463
-0.00259989477,0.020622598,-0.000237776505,0.0361803062
-0.0484440438,-0.0310182143,-0.0802200437,-0.0505235493
-0.0412567817,-0.0570761822,-0.0722844675,-0.0939684063
0.0428010374,-0.0746221319,0.0634158105,-0.122216396
0.196002647,-0.110736609,0.308722943,-0.177738875
0.375004977,-0.185678259,0.547155678,-0.274896234
0.515915155,-0.29860568,0.661873341,-0.390735924
0.562363327,-0.42355746,0.643525958,-0.491938025
0.492757231,-0.518522382,0.555244803,-0.593289912
0.33237949,-0.543850124,0.407788873,-0.677110314
0.143268541,-0.48125869,0.197358876,-0.680503309
-0.00379726943,-0.343945444,-0.0104518281,-0.538784444
-0.0614445359,-0.172395051,-0.109094508,-0.289481968
-0.0258342437,-0.0174949672,-0.0515541062,-0.0337942503
0.0652683452,0.0810149014,0.103967942,0.134485573
0.155077979,0.110273726,0.253308505,0.180471987
0.198866025,0.0866242424,0.326378524,0.139994904
0.187023848,0.0437999032,0.311105043,0.0696787387
0.148005635,0.0135273896,0.247420087,0.0189876631
0.129857942,0.00895397365,0.2149757,0.0109138563
0.170528829,0.019641256,0.276347071,0.0291080121
0.27320841,0.020509636,0.429894656,0.0306228232
0.400370449,-0.0105412304,0.595305443,-0.0184456725
0.490332544,-0.0764210895,0.687097669,-0.112420738
0.488225609,-0.155433118,0.67723012,-0.221711904
0.375522316,-0.210148081,0.555222809,-0.315849662
0.182748094,-0.20615238,0.29648152,-0.337849945
-0.021594448,-0.130654722,-0.0330784209,-0.226864219
-0.160890684,-0.000764750352,-0.265921891,-0.00670519192
-0.184688941,0.143321529,-0.30200842,0.231505781
-0.0909101591,0.256900221,-0.148324385,0.411765784
0.0743849501,0.311427832,0.114354245,0.489744067
0.239004478,0.306500524,0.361967564,0.461788625
0.337367594,0.267118543,0.500919402,0.389571398
0.338300973,0.228203356,0.511708677,0.33362025
0.255321503,0.215154126,0.4045825,0.325388432
0.135799095,0.231121272,0.225909516,0.361718535
0.0355471447,0.257633209,0.0637304112,0.409677207
-0.00822419208,0.267556012,-0.00749863591,0.428620666
0.00715632457,0.242422849,0.0145919966,0.394108206
0.0515520498,0.183858275,0.0871504173,0.306065559
0.0791833997,0.112420037,0.134582996,0.189433858
0.0519870333,0.0546149872,0.0930124447,0.0889638439
-0.042147059,0.0258497559,-0.0634047017,0.0403810218
-0.184202433,0.019616155,-0.294644296,0.0324298069
-0.333147198,0.00977977831,-0.512213945,0.0198602583
-0.443944663,-0.0346628018,-0.644461572,-0.0411643907
-0.485634655,-0.130318478,-0.679460883,-0.168351695
-0.451607227,-0.266533107,-0.623734057,-0.350494862
-0.358598977,-0.406649739,-0.494744748,-0.537360907
-0.236389682,-0.503485441,-0.327855349,-0.664442658
-0.114058614,-0.521285236,-0.168788448,-0.706722379
-0.00941346213,-0.452741772,-0.0264628511,-0.656523645
0.0741374567,-0.322238386,0.103876606,-0.507161796
0.143005028,-0.173857585,0.221435711,-0.290243149
0.204541802,-0.0507983081,0.328678191,-0.0908135995
0.258999825,0.0228269007,0.413511574,0.0309120584
0.296635628,0.0486228131,0.467223644,0.0711357445
0.301488906,0.046554938,0.475992858,0.0681486428
0.259988487,0.0390574262,0.420003623,0.0569803566
0.17011711,0.0365493447,0.28506878,0.0538367406
0.0464449376,0.0329342633,0.0848106816,0.0508945957
-0.0819130465,0.0133264475,-0.131711379,0.0225664321
-0.1802122,-0.0313022397,-0.291996747,-0.0459758714
-0.220476776,-0.0921977237,-0.356104493,-0.139980778
-0.192187607,-0.141830444,-0.315645993,-0.22169511
-0.106506251,-0.145629063,-0.183635682,-0.234907851
0.00811182708,-0.0805437267,0.00400036015,-0.138337508
0.117350668,0.0499417782,0.187570035,0.0759157687
-0.102016866,-0.139113903,-0.138642877,-0.218019769
-0.078905873,-0.0197837744,-0.151564181,-0.0435639285
-0.062407095,0.0835567489,-0.103958234,0.137508139
-0.0540115014,0.115012541,-0.0856499523,0.194444269
-0.0563445799,0.0520365909,-0.0907684565,0.0943371579
-0.0712171197,-0.082316108,-0.116013639,-0.128793985
-0.0961965695,-0.229311153,-0.154746592,-0.361785173
-0.122850947,-0.321923435,-0.19344832,-0.494280398
-0.138905764,-0.316157371,-0.220258802,-0.48863104
-0.133768231,-0.210942999,-0.223180622,-0.343054146
-0.10415259,-0.0472298861,-0.180928543,-0.0847114623
-0.0559178479,0.112573132,-0.0983483195,0.182755828
-0.000393687194,0.214067727,-0.00122524716,0.347896904
0.0528155416,0.23461619,0.089516364,0.380283833
0.101769462,0.190260842,0.168969646,0.312001139
0.152341247,0.12351048,0.251534164,0.203529403
0.211583987,0.0791635811,0.342829674,0.126101851
0.278154761,0.0807880238,0.438044101,0.12242341
0.336611152,0.119489133,0.51617527,0.175544471
0.361152709,0.160036683,0.545242488,0.23342362
0.329040349,0.160764605,0.508024514,0.240071937
0.237328842,0.0971178934,0.389705479,0.151798278
0.112781152,-0.0227883309,0.197500035,-0.0344969071
0.00679796096,-0.158318922,0.0155293094,-0.257496059
-0.0253723897,-0.252613753,-0.0474520996,-0.402417839
0.0473478064,-0.25815627,0.0644724816,-0.414550602
0.210875988,-0.160514235,0.320953369,-0.263814539
0.404692978,0.0103778047,0.593010843,0.00162514835
0.544008076,0.18717885,0.715039313,0.232134834
0.556956649,0.288855016,0.704003394,0.351309717
0.419535697,0.252728522,0.600967586,0.349603981
0.170540631,0.0624723285,0.298716336,0.105479106
-0.102311626,-0.239722639,-0.145190552,-0.372329652
-0.299761206,-0.563288629,-0.377987117,-0.686803937
-0.354485035,-0.799844205,-0.337600529,-0.717411578
-0.259726435,-0.863800466,-0.233360887,-0.734981775
-0.0692723766,-0.727418542,-0.091002591,-0.799369574
0.13068679,-0.435386688,0.167805716,-0.637132585
0.26319319,-0.0910383314,0.402941167,-0.166143686
0.294600636,0.182414487,0.457887769,0.265506297
0.244628072,0.291200489,0.380483717,0.437383056
0.168962866,0.210556716,0.279934466,0.339063108
0.125405952,-0.00317562092,0.216378614,0.00522087142
0.142589122,-0.234852448,0.225185886,-0.366415888
0.207787827,-0.359302193,0.297694743,-0.535231054
0.278979957,-0.296290249,0.403038055,-0.45411393
0.312590927,-0.0474998429,0.479329914,-0.0952628553
0.290002674,0.301614016,0.43150273,0.422215164
0.227423117,0.616927087,0.289309889,0.738184035
0.163986564,0.772749424,0.181913182,0.793597579
0.135909468,0.705625892,0.16044265,0.794555485
0.152646467,0.440768093,0.226847813,0.639028907
0.189638808,0.0795692205,0.318352818,0.1476565
0.202290148,-0.245371565,0.319727659,-0.375950575
0.153104067,-0.426468611,0.218593493,-0.622924924
0.0359172262,-0.422847599,0.0484871194,-0.631438315
-0.117416181,-0.269618034,-0.189138755,-0.436539561
-0.252445281,-0.0529814549,-0.406819671,-0.0939830095
-0.321271688,0.134266987,-0.495777488,0.206816375
-0.308808386,0.233945847,-0.465070575,0.359622568
-0.240870923,0.240983799,-0.370191634,0.382828534
-0.169109851,0.192802921,-0.268301815,0.317997873
-0.141174778,0.138619393,-0.226842761,0.231252298
-0.173229814,0.1074109,-0.276031345,0.176375031
-0.240857765,0.0924695954,-0.38057816,0.150664121
-0.293947697,0.0600200519,-0.460045069,0.101035342
-0.287253022,-0.0246123802,-0.454742879,-0.0278750882
-0.208950743,-0.169569969,-0.338279605,-0.256115586
-0.0902583301,-0.344372004,-0.14791964,-0.516061544
0.0102205835,-0.490725428,0.00344276917,-0.687960863
0.0391693339,-0.550642967,0.0445196554,-0.741913199
-0.0202087946,-0.496417612,-0.0327694379,-0.700434089
-0.13667205,-0.34587726,-0.210869655,-0.533962309
-0.246659681,-0.154445589,-0.392615706,-0.250999957
-0.289341152,0.0117606083,-0.46216917,0.019089777
-0.241686493,0.107350893,-0.389085352,0.178532287
-0.133505121,0.127006561,-0.220973879,0.215947464
-0.0330357589,0.10309951,-0.0554918647,0.176712289
-0.00996909011,0.0839251354,-0.0123863099,0.139111295
-0.0957015157,0.105218247,-0.150125459,0.168788731
-0.26281172,0.170663714,-0.401870847,0.264657259
-0.435751021,0.251446038,-0.600206852,0.35324046
-0.527863503,0.303952664,-0.667621732,0.395202875
-0.485346824,0.294814229,-0.639551342,0.399078429
-0.314689249,0.21901381,-0.477931321,0.343775481
-0.0788579211,0.101477511,-0.137945935,0.18304728
0.135619372,-0.0176194683,0.218754038,-0.0214230865
0.262753069,-0.104421586,0.414993465,-0.168512836
0.288436323,-0.147107288,0.450221121,-0.236075372
0.252213329,-0.157216549,0.398909062,-0.254467249
0.219027832,-0.157039285,0.347032487,-0.255788565
0.237170368,-0.16184485,0.369446307,-0.259893835
0.30641064,-0.168508768,0.464908779,-0.263743937
0.37483719,-0.157791153,0.552590668,-0.243390292
0.367132932,-0.108834147,0.553873777,-0.176864669
0.229464173,-0.0166487098,0.375208706,-0.0411917269
-0.0335638337,0.0988286808,-0.0399261862,0.151119784
-0.350942165,0.198738888,-0.509247482,0.293960273
-0.612369418,0.244004652,-0.735162914,0.30615285
-0.717982352,0.216501042,-0.776660204,0.247562453
-0.625982881,0.130405322,-0.769510388,0.171452671
-0.373961568,0.0265644751,-0.575114965,0.0547313914
-0.0627864525,-0.0478189662,-0.122420073,-0.0680143237
0.189264998,-0.0634846017,0.298439413,-0.106099337
0.299628794,-0.0242144596,0.471792698,-0.0492883064
0.256005257,0.0355305523,0.416541547,0.0471673794
0.116169147,0.0691409037,0.203179732,0.107224002
-0.0256608669,0.0424515009,-0.0343328267,0.0715902671
-0.0882784575,-0.0488036983,-0.144962981,-0.0731298625
-0.0440723598,-0.177602336,-0.07841672,-0.281094164
0.0686819032,-0.300144643,0.0968129039,-0.465392888
0.166736379,-0.377451926,0.237827837,-0.563444138
0.164716318,-0.391934752,0.238604888,-0.583777666
0.0186714195,-0.350561768,0.0309719704,-0.547019482
-0.250212312,-0.274634391,-0.373567611,-0.425195873
-0.562015831,-0.184082925,-0.724526167,-0.238510057
-0.810563207,-0.0869315043,-0.807756543,-0.0769050717
-0.906541765,0.0194182489,-0.772492886,0.0241157375
-0.812325895,0.136616826,-0.78980577,0.138109773
-0.554708421,0.252293557,-0.709583819,0.32595405
-0.212275699,0.335966974,-0.331185609,0.51010406
0.115197368,0.349270314,0.169080436,0.540748656
0.341791034,0.266697168,0.505812824,0.394431084
0.421584845,0.0954492465,0.626957655,0.139820307
0.357960403,-0.118302181,0.552600324,-0.179696441
0.195549697,-0.303058058,0.306261361,-0.467487723
0.000445185782,-0.391049147,0.00193171389,-0.594205976
-0.162906334,-0.349007398,-0.250259936,-0.532372892
-0.250405043,-0.194759473,-0.397819161,-0.310490578
-0.247875452,0.00973733608,-0.406032383,0.0124616073
-0.170449406,0.186295688,-0.279521585,0.298869461
-0.0536958762,0.275658846,-0.0864479095,0.442185014
0.0597669929,0.262258708,0.0975082368,0.422533572
0.133897051,0.176342458,0.222637162,0.290338755
0.14931415,0.0732615218,0.250628203,0.121480525
0.107395194,0.00181452616,0.183681265,-0.000484456483
0.0277943872,-0.0209185816,0.0501987934,-0.0374955609
-0.0592289902,-0.0148516865,-0.09690696,-0.026905844
-0.122825772,-0.0202336665,-0.202841297,-0.0315424129
-0.140633076,-0.0693503022,-0.233162463,-0.107471898
-0.104383387,-0.163325578,-0.174367532,-0.258147359
-0.0210663024,-0.267733127,-0.0414329693,-0.420369774
0.0897717327,-0.329955816,0.128130585,-0.508672237
0.201142713,-0.308778375,0.295471966,-0.475333244
0.284759104,-0.199569851,0.428821445,-0.316421926
0.317379624,-0.0406225547,0.49134776,-0.0762867481
0.286869228,0.103461668,0.454565257,0.150313914
0.197108522,0.172781408,0.325251102,0.270233214
0.0700314119,0.14105162,0.127422377,0.233516276
-0.0573772974,0.0271386877,-0.0860707834,0.051150389
-0.14236553,-0.116456263,-0.229707211,-0.183201551
-0.150682375,-0.231234446,-0.246385172,-0.361708254
-0.0713347644,-0.280994684,-0.124594942,-0.441948056
0.074683167,-0.265574187,0.104992591,-0.423807859
0.237308413,-0.213575616,0.358219147,-0.339312404
0.353354037,-0.159796059,0.527040362,-0.248974666
0.37076205,-0.121691056,0.558795393,-0.19168584
0.271442235,-0.0893481672,0.434907496,-0.152093381
0.0820179731,-0.0350710973,0.146805778,-0.0692648441
-0.133877456,0.0633587167,-0.21322526,0.0962173864
-0.299991816,0.200360239,-0.454872668,0.303735435
-0.358604163,0.335959911,-0.505116045,0.476920754
-0.29452756,0.411040425,-0.409367442,0.578558087
-0.140696213,0.377777606,-0.209074408,0.573755383
0.0375402495,0.228997961,0.0619096719,0.382914662
0.172113314,0.0093866922,0.285502255,0.0258305781
0.221800148,-0.199666575,0.352354169,-0.312023848
0.187680215,-0.3158319,0.285407424,-0.486932814
0.107697703,-0.294927299,0.164623395,-0.471553296
0.0341236107,-0.15335311,0.0515756384,-0.264477253
0.00617474783,0.0382245965,0.00538250245,0.0534142554
0.0319574773,0.187545657,0.0513530038,0.303038925
0.0883337036,0.223871142,0.144457877,0.363399506
0.137366325,0.130231291,0.230455518,0.218981445
0.14916569,-0.0509219542,0.250605285,-0.077341482
0.118039161,-0.240768075,0.191717237,-0.380696893
0.0633158684,-0.363496274,0.0928164124,-0.555812299
0.0153916469,-0.381806493,0.016150143,-0.581054032
-0.0039056961,-0.31109035,-0.0149892131,-0.492417902
0.00548822014,-0.206469133,0.000783801079,-0.341182351
0.0230316054,-0.131015211,0.0345910527,-0.219575241
0.0220992398,-0.122680232,0.035767328,-0.203059152
-0.0114085274,-0.177073717,-0.0160290878,-0.28854084
-0.0683396831,-0.253880411,-0.108916283,-0.403364837
-0.120773852,-0.301723272,-0.191891849,-0.466670543
-0.13969487,-0.28676033,-0.225061476,-0.449071318
-0.115321502,-0.209212616,-0.195152387,-0.338735849
-0.067130141,-0.0995904282,-0.119956851,-0.168361664
-0.0360464118,0.00185794302,-0.0626857206,0.000705894607
-0.0617505759,0.0696314275,-0.0987060815,0.114427418
-0.157512099,0.106763214,-0.249206752,0.173597023
-0.297671407,0.139844969,-0.454285741,0.218509287
-0.426729053,0.198327988,-0.606272399,0.287379652
-0.487003773,0.290498406,-0.643791854,0.389194399
-0.450619429,0.390865535,-0.57894671,0.508002222
-0.337778181,0.447658569,-0.447409213,0.60108602
-0.209596545,0.407958955,-0.298831016,0.595136821
-0.137303412,0.247799739,-0.209521458,0.403820962
-0.163105875,-0.00903053302,-0.257999957,0.00112218386
-0.273892045,-0.294627875,-0.403871447,-0.42811209
-0.403398246,-0.522923768,-0.493629724,-0.625623643
-0.46392265,-0.626226902,-0.495007366,-0.649489224
-0.392631978,-0.58481127,-0.459541321,-0.664955974
-0.188663676,-0.435046792,-0.286935925,-0.6154567
0.0793013051,-0.251977414,0.1030619,-0.407024443
0.300869375,-0.114756957,0.45672968,-0.187158912
0.374907762,-0.0716197938,0.571191311,-0.115831971
0.259024918,-0.120983444,0.419968992,-0.197053343
-0.00708088651,-0.217011407,0.00259202369,-0.355916113
-0.316479474,-0.295791388,-0.458791196,-0.434088498
-0.541375458,-0.308364481,-0.686590374,-0.382621974
-0.588900685,-0.244053155,-0.735439897,-0.293737292
-0.440030098,-0.133056343,-0.644227982,-0.184785545
-0.154182702,-0.0280865524,-0.271882504,-0.0407966897
0.160811424,0.0246612076,0.248918846,0.0448136553
0.39723888,0.00995353516,0.593458176,0.0118977297
0.490805924,-0.0489894822,0.693737507,-0.0766788945
0.439585388,-0.103289776,0.640670359,-0.156934649
0.293088287,-0.104405135,0.463732004,-0.17362982
0.12097764,-0.0297135841,0.20554316,-0.0623805001
-0.0204091109,0.10536138,-0.0309461709,0.165471941
-0.107179858,0.254588753,-0.168789327,0.401826024
-0.14611423,0.363496631,-0.215434074,0.548276424
-0.157655388,0.395599216,-0.225208223,0.587497592
-0.156816527,0.349081933,-0.228690758,0.534941316
-0.144228354,0.255924135,-0.221390724,0.411686152
-0.111536682,0.164538503,-0.179226831,0.276036233
-0.0555345304,0.115310617,-0.0929104611,0.194835618
0.0102105802,0.121725328,0.0150949061,0.201632962
0.0556768067,0.166493684,0.0928160846,0.270236582
0.0482066162,0.214054674,0.0839748979,0.343261778
-0.0276678503,0.232236341,-0.0341433994,0.372922748
-0.156514153,0.211165458,-0.238016948,0.340300709
-0.293841302,0.169114009,-0.445567071,0.267209768
-0.384374052,0.142000645,-0.567749083,0.217829093
-0.388119817,0.162061661,-0.575000763,0.245288581
-0.300628722,0.237180427,-0.458749533,0.362571359
-0.156393811,0.342363954,-0.240727782,0.52142477
-0.0130839972,0.428788006,-0.0183761399,0.632012486
0.0755621344,0.446738929,0.116471298,0.648157418
0.0844012722,0.371305466,0.139237776,0.564819336
0.0267763417,0.217711136,0.0572624356,0.359635323
-0.0547474511,0.0378625616,-0.0815112665,0.0703707114
-0.111159123,-0.101200759,-0.182405084,-0.162581801
-0.11099387,-0.147243544,-0.187731624,-0.241810381
-0.0533851311,-0.0870323479,-0.0984771997,-0.147092879
0.0354374424,0.0468661115,0.0515735,0.0723022223
0.11873512,0.190147802,0.190091923,0.302279055
0.168888494,0.275233269,0.267923772,0.425944
0.179364994,0.260880113,0.288598716,0.408977062
0.163545534,0.14933756,0.272755235,0.24610509
0.142745957,-0.0164112039,0.241764411,-0.0214682296
0.131643385,-0.173222482,0.214072689,-0.278161526
0.130065277,-0.265865088,0.201370522,-0.421713203
0.125614986,-0.269328117,0.191539481,-0.431208402
0.10476356,-0.195639387,0.163822442,-0.325017661
0.0649198219,-0.0834683403,0.105373502,-0.146969453
0.0195102934,0.0229114238,0.03271221,0.0330535993
-0.00760900602,0.0942174122,-0.0109815914,0.156428963
0.00435729092,0.1265001,0.00837889034,0.210761726
0.0593462363,0.137432516,0.0968355462,0.228157759
0.138394386,0.152131587,0.225247696,0.246759787
0.205321461,0.187003925,0.327877522,0.292613953
0.221816465,0.240233064,0.349503815,0.367008299
0.164612502,0.293201357,0.263591826,0.447164476
0.0364080742,0.320998251,0.0688690096,0.496335357
-0.134488121,0.305593759,-0.194057778,0.474056095
-0.305115104,0.244532779,-0.446833402,0.37447834
-0.433788449,0.151163295,-0.619478345,0.22906968
-0.493639618,0.0473666452,-0.690650702,0.0785161629
-0.478475004,-0.0463825688,-0.679283023,-0.0534135215
-0.400039494,-0.118073724,-0.597663045,-0.163621604
-0.27989921,-0.165281385,-0.444224238,-0.247942924
-0.140929639,-0.1912442,-0.236963809,-0.302595973
-0.00224742689,-0.199694455,-0.0127721755,-0.323273689
0.121527262,-0.192387328,0.187366188,-0.312665701
0.218577966,-0.170784727,0.341632396,-0.275868803
0.278693229,-0.139960214,0.43292588,-0.226625353
0.29440549,-0.110814437,0.459002614,-0.180487111
0.264085323,-0.0975179896,0.42113626,-0.159236088
0.19479084,-0.110325202,0.318809032,-0.183125764
0.102413252,-0.147524267,0.170725524,-0.245421857
0.00805486925,-0.191903308,0.0129464231,-0.314090461
-0.0682947263,-0.215406731,-0.112361006,-0.347913086
-0.114149287,-0.191295862,-0.189096123,-0.310248971
-0.128206983,-0.108484112,-0.216422677,-0.180686116
-0.119814642,0.019446861,-0.203365281,0.0287297182
-0.104598716,0.156186804,-0.17188713,0.253473431
-0.0981535912,0.256020844,-0.152992368,0.407776833
-0.110175967,0.283036053,-0.16640912,0.448781818
-0.140942574,0.227255866,-0.21637702,0.370233327
-0.18103686,0.109778069,-0.286261648,0.188102931
-0.214263856,-0.0258477796,-0.346460551,-0.0317588598
-0.222978771,-0.132065132,-0.360071361,-0.203852326
-0.194505751,-0.176856592,-0.317183316,-0.279818565
-0.126820028,-0.155289054,-0.216231689,-0.251770198
-0.0313570686,-0.0881319344,-0.0604156181,-0.149192482
0.0688664094,-0.00912206993,0.109056577,-0.01869867
0.146289214,0.0521326549,0.239963889,0.0833285302
0.179240301,0.0830159411,0.295444429,0.132462919
0.161792204,0.0907729417,0.269725055,0.144039184
0.108194135,0.0951674283,0.185730115,0.152482495
0.0485641062,0.115880862,0.0851755142,0.187980726
0.0162884183,0.161738664,0.0290197711,0.26313591
0.032043878,0.227067336,0.053435035,0.365106761
0.0921286792,0.296094596,0.144538254,0.461985767
0.167898834,0.351916552,0.256127864,0.527676105
0.218311697,0.384562939,0.324365884,0.557754934
0.210841551,0.393942237,0.314538121,0.568526626
0.140786126,0.386898756,0.219270259,0.570675313
0.038382072,0.371064723,0.0712183118,0.561439335
-0.0417846851,0.349653244,-0.0549078509,0.538378835
-0.045849096,0.320177555,-0.0682046264,0.50140959
0.0511220135,0.277281404,0.0795742199,0.445083171
0.228136867,0.217310295,0.354542166,0.344794691
0.422593027,0.141502634,0.614369094,0.204660594
0.555965006,0.0560274869,0.743705451,0.0691323504
0.569931149,-0.0305515174,0.754728854,-0.0488455035
0.455741644,-0.110128403,0.655538499,-0.163356647
0.261740565,-0.176104903,0.416717738,-0.281903118
0.073921077,-0.222309247,0.123880655,-0.362451315
-0.0224714726,-0.241535261,-0.0408306196,-0.388827026
0.0174617302,-0.226200625,0.0160029307,-0.365344226
0.176447973,-0.172283411,0.26777485,-0.278817594
0.381784797,-0.0849939436,0.562787592,-0.135678768
0.537761688,0.0175998863,0.727631688,0.0125140538
0.568493664,0.10676834,0.747613251,0.128283486
0.451021969,0.152170777,0.65025121,0.205200866
0.223568961,0.13462469,0.371334255,0.206489608
-0.0338720344,0.0563369431,-0.0403137952,0.0945798606
-0.236159414,-0.057527449,-0.373197019,-0.0853583962
-0.328782499,-0.168209314,-0.504238367,-0.24613674
-0.306361258,-0.240119591,-0.469015181,-0.353629947
-0.207008749,-0.256916076,-0.332919955,-0.392561316
-0.0879596397,-0.22833249,-0.151213035,-0.365573615
0.00355552486,-0.183540896,-0.00125569943,-0.301517606
0.0494159237,-0.153961182,0.0776315778,-0.255317152
0.0617012791,-0.154520944,0.100286491,-0.255592763
0.0679751933,-0.173846483,0.109598942,-0.28573525
0.0909418985,-0.179530159,0.143929452,-0.293974578
0.134372339,-0.136505604,0.213086188,-0.22650604
0.182307765,-0.0290051904,0.29259643,-0.0572591163
0.210332453,0.126120165,0.336194038,0.192558259
0.201002613,0.282950103,0.313287824,0.425165951
0.153940976,0.386312842,0.237441912,0.566120207
0.0851105303,0.398265362,0.138659462,0.593735874
0.0166174155,0.317446768,0.0364966206,0.500207603
-0.0361085534,0.180703834,-0.0494937077,0.302342534
-0.0718577728,0.0454988331,-0.115944073,0.0835883841
-0.10172607,-0.038145341,-0.169271991,-0.0612082779
-0.139539897,-0.0516131148,-0.23068434,-0.0858434364
-0.190977558,-0.0149848489,-0.310586095,-0.024612451
-0.248232499,0.0261242483,-0.398490697,0.0439409763
-0.293399423,0.0269511268,-0.461632848,0.0509096198
-0.308349699,-0.0312028322,-0.483027279,-0.0376600325
-0.285035282,-0.130699605,-0.447697401,-0.193387359
-0.230155468,-0.227802128,-0.36474067,-0.346477062
-0.16175878,-0.277667254,-0.260682881,-0.427795738
-0.100252941,-0.260109186,-0.168636084,-0.413589567
-0.0594084933,-0.191600591,-0.103304461,-0.315967411
-0.0424457751,-0.116505675,-0.0740411952,-0.196351305
-0.0446810015,-0.0820696801,-0.0745804831,-0.136219755
-0.059907876,-0.110882886,-0.0996138081,-0.17929934
-0.0855008438,-0.186279297,-0.140675589,-0.298537612
-0.12251842,-0.259351134,-0.197252154,-0.407578349
-0.17094402,-0.274570405,-0.269629538,-0.427094638
-0.224009424,-0.200738192,-0.357898206,-0.319118708
-0.266668797,-0.0507326275,-0.430342615,-0.084450759
-0.280806631,0.120886981,-0.443840563,0.187716573
-0.255127668,0.24189651,-0.39179033,0.375569016
-0.193883508,0.256275833,-0.299482107,0.408528328
-0.118298009,0.151077658,-0.189292222,0.259074658
-0.0583318472,-0.0368989967,-0.0950642899,-0.0488422029
-0.0382455438,-0.23751016,-0.0619781241,-0.3734501
-0.0637548119,-0.378179073,-0.0996827334,-0.569191754
-0.118523538,-0.414108843,-0.181046024,-0.61214453
-0.172907352,-0.343902349,-0.266909033,-0.522414684
-0.200779319,-0.204821646,-0.324756205,-0.328255594
-0.195065781,-0.0522224382,-0.322617292,-0.0862111971
-0.17260766,0.0652723908,-0.284612,0.108622655
-0.164568156,0.122841552,-0.265408278,0.202805907
-0.196919933,0.122421511,-0.311745852,0.201958567
-0.271832764,0.0833006576,-0.423064202,0.138436034
-0.3611902,0.0280327741,-0.546304464,0.0508305505
-0.417341709,-0.0278227814,-0.61808157,-0.0319748446
-0.396667629,-0.0776655525,-0.595935524,-0.106009945
-0.283876151,-0.118978508,-0.45421654,-0.176853299
-0.103653707,-0.147130713,-0.18121174,-0.233979806
0.0875750706,-0.153332844,0.131594136,-0.251487255
0.226555303,-0.128544822,0.356193095,-0.211497769
0.272429258,-0.0705237761,0.430950522,-0.120900542
0.225257784,0.0112469709,0.368276536,0.00794854481
0.124229714,0.0967568085,0.210447535,0.151517719
0.0266429782,0.1627938,0.0500015765,0.264069825
-0.0211022254,0.192349389,-0.0303717386,0.315989792
-0.00519856485,0.180670887,-0.00791828148,0.299877703
0.0522279106,0.13473247,0.0872525349,0.225883797
0.10899692,0.0672150999,0.182404101,0.11448177
0.128409848,-0.0103759123,0.214715734,-0.0158832222
0.0999662802,-0.0905081481,0.168521136,-0.149896458
0.0440075994,-0.166613877,0.0742715672,-0.273731202
-0.00158098666,-0.227237672,-0.00477266079,-0.367662668
-0.00433658715,-0.253191411,-0.0123857278,-0.407095283
0.043582771,-0.222377926,0.061318323,-0.363140583
0.120787077,-0.121961787,0.188960373,-0.207219094
0.18874979,0.0382867716,0.302359492,0.0518483669
0.213090509,0.220466673,0.336212456,0.333459824
0.181533337,0.367172897,0.278932303,0.538199782
0.108461589,0.423244596,0.170222133,0.616849601
0.0242388695,0.361412674,0.0485503599,0.554735899
-0.0434664786,0.198536471,-0.0600593537,0.332814664
-0.0846427903,-0.00779237179,-0.134260774,-0.00255368697
-0.10920468,-0.183087662,-0.17908825,-0.290341884
-0.135796085,-0.269998521,-0.218621016,-0.424743712
-0.174975485,-0.25571245,-0.279113203,-0.403741509
-0.218334258,-0.177984148,-0.349529892,-0.285150439
-0.241483808,-0.105367318,-0.390085995,-0.165638715
-0.219973475,-0.100739099,-0.357379049,-0.154350698
-0.148447156,-0.186690599,-0.245158494,-0.289967805
-0.0502372198,-0.331351578,-0.0852195993,-0.504078388
0.0305624288,-0.463174552,0.0355711766,-0.663003325
0.0521601774,-0.508056939,0.0646985546,-0.707701027
0.00100708904,-0.429901451,-0.00495618302,-0.638248801
-0.0949795768,-0.253061265,-0.155652657,-0.41410774
-0.175733417,-0.0538983122,-0.291659534,-0.096039854
-0.178520888,0.0754163861,-0.295278221,0.126685947
-0.0732208192,0.072988309,-0.125958413,0.131924555
0.115789667,-0.060408555,0.184747666,-0.0858888626
0.314703852,-0.259663731,0.462663293,-0.381152064
0.43223992,-0.425856948,0.546266079,-0.550471783
0.403866768,-0.47394532,0.503498256,-0.604492307
0.226167113,-0.373752117,0.329663873,-0.557043731
-0.0368719995,-0.163855106,-0.0565944202,-0.289000392
-0.280137688,0.068145074,-0.439553738,0.0981959775
-0.404232055,0.228483841,-0.579169631,0.334104687
-0.36022082,0.261412114,-0.524925649,0.392918319
-0.170502394,0.172959045,-0.278102785,0.293182284
0.0840026736,0.0236177202,0.132349879,0.0536460578
0.303288221,-0.104702577,0.468237996,-0.1625278
0.414303154,-0.149594501,0.601727664,-0.227527052
0.4010818,-0.0962842032,0.595477045,-0.156064525
0.305404454,0.0198560786,0.483009338,0.0167511012
0.199808627,0.135473669,0.327953815,0.207500443
0.148399055,0.192892253,0.242797494,0.307790518
0.175861806,0.167531312,0.284497291,0.272011817
0.259342551,0.0762273222,0.412975639,0.127806395
0.345066696,-0.0354825296,0.531676888,-0.0553640723
0.378892779,-0.118319854,0.568231165,-0.1836209
0.333986461,-0.142682418,0.510758162,-0.22795859
0.222040534,-0.109425351,0.359931678,-0.185929224
0.0843920261,-0.0449071415,0.143573403,-0.0835470036
-0.029915208,0.0144633371,-0.046978496,0.0214578882
-0.0863813311,0.0387854353,-0.143608883,0.0671755895
-0.0766775236,0.0145422071,-0.129321784,0.0296379067
-0.0161076598,-0.0545494147,-0.0308048334,-0.0838479623
0.0684762299,-0.152654737,0.108209312,-0.245740384
0.15150021,-0.257769525,0.232604742,-0.405282766
0.215127528,-0.34531188,0.316705167,-0.51693964
0.248010114,-0.390038192,0.350624204,-0.565807641
0.240694836,-0.369479865,0.346043527,-0.544052243
0.183926329,-0.271128476,0.281246543,-0.431772083
0.0731096789,-0.101682,0.122683734,-0.182499349
-0.0834007338,0.107281461,-0.132932648,0.164789647
-0.258738488,0.303467393,-0.37873885,0.450117737
-0.410945207,0.430028141,-0.522153437,0.563127518
-0.496614695,0.448818058,-0.584759295,0.547359228
-0.489228219,0.359959275,-0.617112041,0.46949479
-0.392459661,0.206389397,-0.568396628,0.314400822
-0.240151867,0.0582287386,-0.391953975,0.10783422
-0.081401132,-0.0178963635,-0.144197285,-0.0243194569
0.0424006097,0.00951885339,0.0645292848,0.0118055725
0.116564736,0.12061061,0.189791411,0.188634232
0.15757592,0.253055215,0.250238359,0.391119361
0.200091332,0.333324552,0.307477564,0.499380887
0.273295015,0.315318704,0.408449739,0.468690693
0.379819244,0.206420302,0.560006261,0.305110663
0.489614397,0.0664587319,0.689945102,0.0930479094
0.553246975,-0.0213420372,0.741244018,-0.0363157392
0.528310895,0.00647023134,0.722416937,-0.00466605555
0.404919505,0.158336416,0.596820712,0.211059421
0.216030613,0.379197091,0.327332616,0.535716653
0.0259926356,0.574286878,0.0498728715,0.74951601
-0.0978086889,0.654116809,-0.105402499,0.792522609
-0.116172992,0.578298271,-0.142146498,0.754621267
-0.0363243595,0.376023948,-0.0501161441,0.5808236
0.0921473131,0.132682815,0.152803853,0.233808905
0.201542243,-0.0507562235,0.327320367,-0.0793173388
0.238193497,-0.105224408,0.380549937,-0.177719742
0.18653065,-0.0243417267,0.30465889,-0.0543209016
0.0737439469,0.136149436,0.126041204,0.21062462
-0.0460368693,0.288806051,-0.0663645342,0.449649453
-0.118879445,0.358356386,-0.172058493,0.546901107
-0.115390152,0.316636533,-0.174043372,0.498207092
-0.0407659151,0.191921026,-0.0632031113,0.325130939
0.0726534426,0.0499300063,0.119176082,0.0915313363
0.184370235,-0.0416664369,0.298662126,-0.0692194253
0.265136749,-0.0459303446,0.419145197,-0.0805780366
0.306905687,0.029714955,0.480305016,0.0354048498
0.319783121,0.143778116,0.49155882,0.208931684
0.319939166,0.246726766,0.481522471,0.358372122
0.316853166,0.306961685,0.467909187,0.442289382
0.307485759,0.322585881,0.453101993,0.4640522
0.279966921,0.31417042,0.421125352,0.457681
0.223452479,0.305079281,0.34730798,0.457786858
0.137440965,0.302732289,0.221931398,0.466487199
0.0347635671,0.292782009,0.0641907379,0.460422218
-0.063288942,0.249711066,-0.0927572697,0.401792526
-0.136469737,0.156993091,-0.214432746,0.26231882
-0.174063206,0.0238324739,-0.281733602,0.0481147617
-0.17786026,-0.112821616,-0.289783627,-0.173419386
-0.158804134,-0.20378539,-0.257764786,-0.322056055
-0.130217254,-0.213047773,-0.215281919,-0.341507494
0.148388162,0.129839644,0.211422384,0.192602769
0.0563309789,0.269704849,0.11513862,0.422558933
-0.033104483,0.337882161,-0.0422496386,0.521548212
-0.111442357,0.29900685,-0.164339796,0.472630888
-0.172661796,0.148656622,-0.26922223,0.25238654
-0.212139219,-0.0740141049,-0.338195294,-0.105719864
-0.227255836,-0.292818695,-0.348987639,-0.433709145
-0.218957916,-0.421525478,-0.322565854,-0.595454097
-0.192486912,-0.400939792,-0.28974393,-0.585146248
-0.155899197,-0.228429675,-0.258541107,-0.370727062
-0.116562568,0.0360235572,-0.201714233,0.0481012277
-0.0774475858,0.292507201,-0.121725641,0.453436106
-0.0355715416,0.443454415,-0.0461447351,0.646740735
0.0160617717,0.435871959,0.0324056484,0.642869771
0.0837073028,0.283134639,0.138825044,0.456577182
0.167800277,0.055781316,0.27769348,0.103755362
0.260485858,-0.153779984,0.408799648,-0.237583816
0.347397983,-0.274700552,0.500269353,-0.405293196
0.412988871,-0.287556678,0.568919361,-0.410320431
0.446670741,-0.226490736,0.617861867,-0.327427387
0.446512878,-0.154203236,0.63275212,-0.230513409
0.418592006,-0.124421716,0.612800956,-0.190773234
0.372579664,-0.152398884,0.557544053,-0.232447177
0.316319376,-0.208833426,0.479810983,-0.31959042
0.252711415,-0.239407584,0.388312131,-0.374724805
0.180795386,-0.198202223,0.284758091,-0.324675173
0.100297593,-0.0760999843,0.164382547,-0.137861148
0.0166159365,0.0914236978,0.0286963191,0.141956359
-0.0573483743,0.24109374,-0.087774083,0.382894009
-0.104498602,0.313762397,-0.155603081,0.489737213
-0.111015908,0.284114361,-0.168543607,0.452839524
-0.0743531883,0.172479197,-0.117111802,0.291356295
-0.00728748087,0.0330956392,-0.0118329581,0.0644659027
0.0648004785,-0.0741910785,0.105112724,-0.120686255
0.11292465,-0.113442466,0.182803005,-0.190998688
0.115974009,-0.0881481096,0.189725131,-0.151140839
0.0693749487,-0.0357033201,0.118303269,-0.066806972
-0.0132125746,-0.00514136814,-0.017353842,-0.0119805401
-0.106038295,-0.0307400152,-0.171226293,-0.048085466
-0.182368785,-0.115223348,-0.29410255,-0.179769039
-0.225358427,-0.230140045,-0.354221314,-0.349555165
-0.233732462,-0.331488043,-0.355243951,-0.487432271
-0.219969809,-0.381125331,-0.32956478,-0.552786231
-0.202322274,-0.362748176,-0.307699889,-0.5360834
-0.19483389,-0.285515696,-0.308369517,-0.440505236
-0.20020324,-0.175706148,-0.325314432,-0.281899095
-0.208678558,-0.062759459,-0.341985047,-0.104481839
-0.20316115,0.0323694386,-0.333613843,0.0546956919
-0.167860955,0.101621635,-0.27594471,0.169715539
-0.0964914635,0.147170171,-0.160371408,0.24560158
0.00345302443,0.175653815,0.00443696976,0.289005101
0.111851275,0.193732008,0.179529771,0.313746184
0.201794535,0.206817865,0.321676165,0.323831618
0.247794867,0.219572484,0.389023334,0.334625751
0.23361738,0.235327363,0.369838268,0.359603226
0.157529935,0.253069937,0.258625954,0.392763376
0.0337429978,0.26376906,0.0656074882,0.417348474
-0.110233665,0.250042617,-0.16341719,0.398371786
-0.239814803,0.192336902,-0.366338253,0.309147596
-0.321936548,0.0808310285,-0.494712889,0.137443721
-0.334091276,-0.0725226253,-0.516464889,-0.0975752249
-0.271285981,-0.229719937,-0.422711402,-0.340245008
-0.148415998,-0.33568728,-0.237030908,-0.504569948
0.00344410329,-0.339443415,-0.00848142337,-0.525271177
0.146330893,-0.218933776,0.220252559,-0.35856837
0.24742277,0.00285743084,0.389196813,-0.0122009516
0.289397717,0.26039204,0.438816249,0.37590161
0.274901211,0.468168825,0.380639732,0.623813033
0.223126501,0.554718852,0.298028469,0.709697843
0.159952015,0.492682934,0.230438083,0.679368675
0.106139548,0.31049487,0.174996838,0.489753872
0.0691576824,0.07953953,0.123740911,0.142882407
0.0425118878,-0.117533401,0.0742084309,-0.190381899
0.0127010187,-0.222434103,0.0181455202,-0.361608088
-0.0300829411,-0.224080086,-0.0528109595,-0.368660748
-0.0835180059,-0.158520475,-0.139165655,-0.264988661
-0.131971315,-0.0872812867,-0.219676077,-0.146104187
-0.153777644,-0.0658769459,-0.253427595,-0.105658449
-0.133508012,-0.118241496,-0.220998153,-0.185391665
-0.0726937428,-0.228687331,-0.122408614,-0.358562201
0.00722252345,-0.353323996,0.0033169575,-0.536749482
0.0722236037,-0.443082422,0.0957345814,-0.642999589
0.0905373767,-0.465727299,0.121734865,-0.667634964
0.0479667895,-0.416554749,0.0667106882,-0.621513009
-0.0439893305,-0.314878702,-0.0718738884,-0.497677773
-0.151721179,-0.191266,-0.245788515,-0.315164
-0.233627528,-0.0743106157,-0.378944844,-0.120941892
-0.258337855,0.0161734018,-0.415355444,0.0287489332
-0.218456268,0.0684342533,-0.357877761,0.116817251
-0.133350208,0.0749526098,-0.223847806,0.131326512
-0.039821364,0.0314882807,-0.0679101273,0.0583189391
0.024663182,-0.0582888238,0.0409284122,-0.0919544846
0.0380763225,-0.175598472,0.0635052249,-0.284976661
0.00182265148,-0.283778161,0.00294849393,-0.448494017
-0.0625464246,-0.33596158,-0.100555748,-0.520806253
-0.125420719,-0.293251902,-0.201855674,-0.462423682
-0.163454503,-0.145851403,-0.271167159,-0.243009791
-0.168991134,0.0746668354,-0.282172024,0.113846213
-0.150505587,0.301325649,-0.234837651,0.463395506
-0.124875322,0.456617624,-0.171257526,0.653838873
-0.106397845,0.486344963,-0.139219329,0.68556267
-0.0987281948,0.386033595,-0.137563229,0.586154461
-0.0938495249,0.205487549,-0.143700674,0.343070358
-0.0781126469,0.0271990448,-0.128340021,0.0564173423
-0.0415575989,-0.0722552761,-0.0729520768,-0.117341384
0.0148453573,-0.0591681451,0.0187135451,-0.10289856
0.0780410245,0.0408371463,0.125229314,0.0606554002
0.128430411,0.155881137,0.208100572,0.248078123
0.149178132,0.204505771,0.243970558,0.326103121
0.134508252,0.137682319,0.228046462,0.228486925
0.0928794444,-0.0351905078,0.162396207,-0.0502860621
0.0435935669,-0.249620646,0.0704718754,-0.393270969
0.00857225433,-0.417001277,0.00779597694,-0.616111457
0.0031467774,-0.467414916,-0.00509313121,-0.672406554
0.0298633687,-0.382616282,0.0330164358,-0.584421158
0.077671431,-0.203006804,0.114299387,-0.339432836
0.126414403,-0.00611666683,0.202865154,-0.0207294766
0.154467702,0.131325379,0.253969461,0.207910866
0.146455869,0.167903259,0.24360922,0.271862835
0.0983503908,0.111679904,0.170095697,0.187331066
0.0184726547,0.00867740251,0.0372728817,0.0173663404
-0.0756095648,-0.0859636441,-0.121324435,-0.140316889
-0.163068116,-0.137380198,-0.264908999,-0.220852762
-0.226669118,-0.145312116,-0.364736527,-0.228150874
-0.258208543,-0.137242764,-0.41109091,-0.213121727
-0.260552466,-0.146428838,-0.41494891,-0.224110231
-0.245283693,-0.18886362,-0.388441116,-0.289046526
-0.226530761,-0.252767205,-0.355779648,-0.383113295
-0.213307992,-0.306050599,-0.330220103,-0.460569263
-0.203859434,-0.316390514,-0.314828455,-0.477769583
-0.185261026,-0.271397084,-0.294708729,-0.421728551
-0.139560521,-0.186806962,-0.233979329,-0.301406413
-0.054572776,-0.0981074125,-0.0998826474,-0.16194056
0.0654878914,-0.0408770926,0.102296598,-0.066345945
0.195386633,-0.0315701552,0.314444304,-0.0522817522
0.294211388,-0.0598319024,0.462596714,-0.0955712423
0.320209563,-0.0963221192,0.498396754,-0.15377681
0.249593601,-0.110818684,0.401724815,-0.183856785
0.0907219201,-0.0895610452,0.157287568,-0.15653649
-0.114037983,-0.0417040773,-0.1821623,-0.0745831057
-0.301447093,0.00834430289,-0.469717473,0.012005317
-0.411157191,0.0373132788,-0.609666884,0.0634680092
-0.410049379,0.0376842767,-0.612969816,0.0668223947
-0.305920124,0.0214382,-0.485820949,0.0434857346
-0.143654048,0.0108206803,-0.246903703,0.0251529235
0.0148423156,0.0222354028,0.0177569389,0.0388212427
0.117693558,0.0537767224,0.193662867,0.0849887356
0.144165471,0.0847472623,0.242166489,0.135322899
0.109681599,0.0880340859,0.187806785,0.143005595
0.0526993237,0.0479766503,0.0945596099,0.0818610564
0.0107995141,-0.027543636,0.0211796835,-0.0416701324
-0.000893736957,-0.10905195,-0.00179804431,-0.178566813
0.00304267416,-0.161383525,0.00189708476,-0.265528381
-0.0102503756,-0.164683759,-0.0195421502,-0.273030996
-0.0678803325,-0.12780261,-0.112257279,-0.215464145
-0.168141425,-0.0850804448,-0.273029506,-0.141357422
-0.272436261,-0.0769533366,-0.431311995,-0.118508317
-0.318850905,-0.124638386,-0.493271142,-0.183527112
-0.25247401,-0.213561922,-0.39910391,-0.319196999
-0.0577467121,-0.296249449,-0.10664361,-0.456693709
0.224501014,-0.314930707,0.318057984,-0.474930465
0.506258428,-0.232820019,0.662635565,-0.322635114
0.6860829,-0.057331752,0.798430979,-0.0850919709
0.693056107,0.158119872,0.791138411,0.162730753
0.520501554,0.336129338,0.662330806,0.406353295
0.232827127,0.41079241,0.35096544,0.574667394
-0.0589538105,0.358837157,-0.0677439123,0.548594356
-0.242738664,0.210444808,-0.366507709,0.341193378
-0.251557827,0.0342388377,-0.404200554,0.0704506114
-0.0897782892,-0.0956974849,-0.161681578,-0.14759098
0.171984315,-0.133776173,0.260138661,-0.215725154
0.429894358,-0.0808127671,0.61744374,-0.128738344
0.591872215,0.0221669115,0.76430285,0.0131967152
0.613884985,0.119344085,0.772270083,0.13663134
0.512195528,0.170060888,0.698409915,0.220163107
0.348383605,0.167152897,0.534960449,0.243457526
0.196751058,0.134874746,0.326734394,0.212846473
0.110919923,0.109450914,0.18696712,0.179153249
0.104946449,0.114810966,0.171985731,0.18753323
0.155551791,0.148048058,0.250939727,0.237138003
0.221071094,0.182717994,0.350214839,0.28526634
0.265162736,0.187210932,0.41707474,0.288916826
0.272687048,0.146474436,0.431999326,0.227963343
0.251074672,0.0735100433,0.406843096,0.115340121
0.219192773,0.00329458108,0.360275835,0.00346167828
0.192272842,-0.0276149102,0.315253824,-0.0492516495
0.172538191,-0.00378263765,0.282335043,-0.0133960163
0.150665939,0.0578495078,0.249337807,0.0879969597
0.116124764,0.115534462,0.194695994,0.184472963
0.0689749345,0.125629321,0.119165838,0.206667662
0.0249591228,0.0682129413,0.0486171469,0.11698699
0.0098927943,-0.0392903276,0.0192484315,-0.0586791076
0.0459052473,-0.148854226,0.0712335408,-0.24170211
0.137152642,-0.206053093,0.211645961,-0.332742721
0.263327241,-0.178897381,0.400089383,-0.285806
0.385255158,-0.0755548626,0.570896387,-0.126434743
0.460398287,0.0589593351,0.659949481,0.0712723881
0.460754037,0.165607825,0.652683437,0.221273929
0.384364694,0.201431513,0.56967026,0.28663227
0.255016357,0.160647437,0.411913902,0.248949781
0.110799372,0.0753961727,0.195059106,0.125081509
-0.0123018399,-0.00399594614,-0.0152408583,-0.00573038543
-0.0935923234,-0.038069468,-0.1545472,-0.0624296814
-0.131745011,-0.0202974956,-0.219888806,-0.0332371145
-0.139084905,0.0202274285,-0.232411653,0.033528924
-0.13051641,0.0370506421,-0.216735139,0.0651635677
-0.113871947,-0.00466020033,-0.188448593,-0.00063287589
-0.0869523063,-0.104839318,-0.144459471,-0.164433479
-0.0422553644,-0.224549726,-0.0722896382,-0.356023639
0.0241380464,-0.304461628,0.0296708643,-0.475183457
0.105330333,-0.296514064,0.153803974,-0.468652904
0.182730585,-0.19186011,0.282182723,-0.315646648
0.232522994,-0.0295765251,0.369774491,-0.060287945
0.236285537,0.119589075,0.378843993,0.18000868
0.190206915,0.187059656,0.311289728,0.293324649
0.10801211,0.140985534,0.18789123,0.233320549
0.0159196742,0.00378207443,0.0356633104,0.0137363104
-0.0580615476,-0.156776279,-0.0940612778,-0.24984701
-0.0955019891,-0.259087533,-0.156231508,-0.408914417
-0.0944657847,-0.246653095,-0.160024151,-0.396421343
-0.0691599026,-0.115396649,-0.12289992,-0.19855164
-0.0429401621,0.0839435756,-0.0762213096,0.130346343
-0.0381225944,0.269429475,-0.0590068623,0.422893137
-0.0670363605,0.3660101,-0.0931911543,0.558654249
-0.127705023,0.339761287,-0.18327336,0.525905609
-0.205236629,0.212174654,-0.311902165,0.343349695
-0.277656794,0.0482779965,-0.433187395,0.0885867327
-0.323526442,-0.0750815496,-0.502192795,-0.108744979
-0.328588426,-0.105347641,-0.510875106,-0.159075171
-0.289577991,-0.0378200002,-0.463900805,-0.0588116609
-0.214573458,0.0837720037,-0.353207141,0.134924382
-0.120306343,0.189081609,-0.198628336,0.308959991
-0.0274595637,0.214493901,-0.0425458476,0.352429152
0.0447758548,0.132406875,0.0785304755,0.226122543
0.0835836455,-0.0365737677,0.142649457,-0.0518287458
0.08565633,-0.233236372,0.139710978,-0.368953049
0.0577165559,-0.385947555,0.0841880962,-0.580463171
0.0141765447,-0.441194266,0.0139040221,-0.646764159
-0.0274768248,-0.385059744,-0.0486672409,-0.586682916
-0.0521954894,-0.246931136,-0.0929126889,-0.40270564
-0.0520214923,-0.0848945379,-0.094018355,-0.147218466
-0.0283644963,0.0398943238,-0.0517719351,0.0655041784
0.00878405385,0.0883924812,0.015701998,0.146827191
0.0443374105,0.0578898899,0.0768142343,0.1012327
0.0630947053,-0.019939255,0.107062936,-0.0300895404
0.0546703711,-0.09524367,0.09229967,-0.158355072
0.0169968177,-0.122718312,0.0286994167,-0.206109285
-0.0425074995,-0.0808838233,-0.0712840036,-0.139487267
-0.108492084,0.0199649464,-0.181293398,0.0276204534
-0.161844462,0.143796116,-0.262021929,0.230515897
-0.185805753,0.245484948,-0.289530754,0.385875314
-0.172626212,0.290406555,-0.263217717,0.454608649
-0.128590286,0.268490672,-0.199238762,0.429868728
-0.0749102831,0.197055832,-0.118419908,0.327077627
-0.0426751003,0.111823581,-0.0666514337,0.189657927
-0.0620088093,0.0506091528,-0.0994851589,0.0856020898
-0.148388162,0.0370970406,-0.23972182,0.0596404299
-0.291472882,0.0716669261,-0.453201264,0.113282032
-0.452321321,0.132770985,-0.64131254,0.192749172
-0.572554052,0.187544584,-0.73111093,0.247337654
-0.594252348,0.206374928,-0.738524616,0.266531885
-0.483982891,0.174801648,-0.668968976,0.252553493
-0.250969648,0.0978545398,-0.40782547,0.170225844
0.0497324355,-0.00423218729,0.0692726746,0.00573691726
0.332783431,-0.105982974,0.503722489,-0.161038011
0.512454569,-0.187107787,0.689749956,-0.26126039
0.53536737,-0.238620564,0.696840644,-0.319012523
0.402040929,-0.26260367,0.573136091,-0.381120175
0.167083025,-0.267039478,0.268044591,-0.426177442
-0.0831098631,-0.259502649,-0.125860706,-0.418631643
-0.266034126,-0.243613482,-0.409395576,-0.372179955
-0.336481601,-0.22007893,-0.509692609,-0.322731674
-0.302572906,-0.191137329,-0.471660554,-0.286023468
-0.217130825,-0.164991185,-0.353577882,-0.256866634
-0.148642585,-0.156607315,-0.24718532,-0.250402212
-0.145825818,-0.183216184,-0.235932603,-0.292797595
-0.212952346,-0.255906165,-0.327680618,-0.392541528
-0.307899982,-0.371241003,-0.440054804,-0.518423736
-0.363802195,-0.50745517,-0.46181342,-0.627129495
-0.323570162,-0.628102779,-0.381842881,-0.709539711
-0.170215786,-0.692811966,-0.207677364,-0.778648138
0.062014766,-0.671527505,0.0545486733,-0.794977188
0.301213413,-0.55681324,0.354605168,-0.69753021
0.469471037,-0.369210064,0.591146231,-0.488057673
0.517270565,-0.153095633,0.69595176,-0.223412812
0.444202393,0.0360766649,0.648242056,0.0351634137
0.296608686,0.149191529,0.469749033,0.220003501
0.144180864,0.159883231,0.245846242,0.257808089
0.0475669466,0.074467048,0.0863005817,0.129619211
0.0327703319,-0.068206571,0.0561941192,-0.105526954
0.0839471817,-0.207582936,0.130530328,-0.332006127
0.15657185,-0.28023091,0.236299396,-0.440545619
0.202913851,-0.241228953,0.309638798,-0.38543874
0.196371019,-0.0812762529,0.315289676,-0.147051707
0.142843083,0.166719154,0.232311621,0.252857745
0.0747136772,0.435048908,0.115931332,0.623445094
0.0320162587,0.64161253,0.0506153256,0.789288342
0.0413236506,0.717446685,0.0547047965,0.810770214
0.103052139,0.63203609,0.133875549,0.780815661
0.192628667,0.406722158,0.285540313,0.596905828
0.273490965,0.110027723,0.439085156,0.186357364
0.314214289,-0.164783314,0.486572385,-0.249564916
0.300917625,-0.33245039,0.434892803,-0.489306778
0.239610791,-0.346546531,0.349352181,-0.521603584
0.148958758,-0.216161609,0.232862994,-0.358548105
0.0487589873,-0.0013900632,0.0798000097,-0.0186638981
-0.0491751097,0.210923374,-0.0759218782,0.332733035
-0.14336738,0.341468751,-0.209209785,0.520576298
-0.238249689,0.348750889,-0.339607984,0.52159667
-0.336657226,0.243006185,-0.487982482,0.37134853
-0.434118003,0.0784631968,-0.625871658,0.129374236
-0.518123567,-0.0720001683,-0.710354388,-0.0867091492
-0.572385132,-0.148325011,-0.743932724,-0.183604836
-0.58339417,-0.127197057,-0.753858507,-0.158410087
-0.545839965,-0.0286768731,-0.739444196,-0.0336724445
-0.464665264,0.0961617753,-0.665435791,0.141235963
-0.353657693,0.189897448,-0.531020522,0.290238529
-0.232019663,0.214133769,-0.363522321,0.344274431
-0.120534986,0.164556891,-0.194452778,0.276312798
-0.0380371809,0.0700675398,-0.0623410717,0.125467211
0.00205726665,-0.0221969988,0.00499252975,-0.0331950672
-0.00460915314,-0.0682134405,-0.00609861175,-0.114577465
-0.050314866,-0.0451423973,-0.084260039,-0.0803653002
-0.114841782,0.0410347246,-0.188576519,0.0631958768
-0.169694811,0.16019474,-0.27356267,0.257775217
-0.187244445,0.27160275,-0.288791806,0.422820956
-0.152131364,0.339741647,-0.229884222,0.52028048
-0.0698447376,0.34602347,-0.105218001,0.536112309
0.0326714814,0.292680919,0.0545936599,0.46766752
0.116491862,0.198793367,0.193655714,0.326464862
0.147349939,0.0913067237,0.246888056,0.150423244
0.112123884,-0.00490498077,0.192820355,-0.00705265719
0.0267486088,-0.0744110793,0.0490895212,-0.126069188
-0.0694683194,-0.114067212,-0.113204129,-0.19015424
-0.131537199,-0.13115795,-0.217058748,-0.213300467
-0.130367309,-0.138123512,-0.217777714,-0.22384882
-0.0673342645,-0.146052703,-0.119009256,-0.23696135
0.0261916425,-0.159406379,0.0346105397,-0.259698987
0.104903117,-0.174040318,0.165081039,-0.283885628
0.13340807,-0.179474458,0.213471189,-0.293570429
0.105413429,-0.164663717,0.171776652,-0.274015307
0.047606159,-0.124809004,0.0790621862,-0.212315619
0.00535360444,-0.0658414513,0.00782943051,-0.114000104
0.0171415377,-0.00384193426,0.0240323488,-0.00831501093
0.0912434906,0.0411127545,0.147605494,0.0676143318
0.197677538,0.0542252436,0.318617821,0.0892456844
0.280906886,0.033769723,0.445912868,0.0509344228
0.287750691,-0.00712580979,0.459080368,-0.0157101825
0.196406245,-0.0465362035,0.325369328,-0.0819184706
0.0311069563,-0.0652524829,0.0599991493,-0.114794947
-0.146180391,-0.0578673743,-0.23484318,-0.098417744
-0.263845026,-0.0369450375,-0.420976847,-0.0563212447
-0.274799138,-0.0269041173,-0.44293943,-0.0365897901
-0.179383054,-0.049814593,-0.301167816,-0.0730850622
-0.0250751879,-0.110410996,-0.0497560948,-0.1757752
0.117132917,-0.189177066,0.182171822,-0.303009957
0.187764496,-0.248931646,0.290809155,-0.392475754
0.167383239,-0.253243148,0.261440337,-0.404430747
0.0840535685,-0.187849954,0.136054412,-0.314243793
-0.0038558268,-0.0732064247,-0.00752060628,-0.130552918
-0.0402623117,0.040392939,-0.0704231039,0.0637395531
-0.00211876072,0.0950188488,-0.00602805801,0.161746547
0.0878148004,0.0548519418,0.143576279,0.0987109765
0.172766313,-0.0717512667,0.281715631,-0.11254856
0.191986218,-0.230739281,0.302948594,-0.362964511
0.113228202,-0.344608516,0.174120501,-0.530256748
-0.0492101833,-0.349240094,-0.0760938898,-0.543917298
-0.240058422,-0.227543369,-0.373625815,-0.361839086
-0.389110506,-0.0222459976,-0.588944495,-0.0393927358
-0.444204688,0.180333853,-0.63319701,0.257807493
-0.394526392,0.289244503,-0.557471216,0.414852828
-0.273165464,0.252241284,-0.41277793,0.395102262
-0.138825163,0.0820148364,-0.226907164,0.152776718
-0.0470185876,-0.14834477,-0.0767322406,-0.230037242
-0.0256053507,-0.339120388,-0.0433986783,-0.521013081
-0.0661192983,-0.410627246,-0.102633782,-0.612781227
-0.133332238,-0.33969602,-0.209964111,-0.523888528
-0.186038941,-0.167975754,-0.30445677,-0.277855277
-0.197187245,0.0215917397,-0.327268839,0.0293326173
-0.163412467,0.147554457,-0.265529871,0.241210967
-0.101078674,0.169813365,-0.162425831,0.2850492
-0.0336781517,0.106419548,-0.0532916375,0.185000762
0.0205659997,0.0196568314,0.0343079232,0.0390766971
0.0537724085,-0.0200015772,0.0886209607,-0.0352209546
0.0649198219,0.0278227814,0.107754499,0.0401995443
0.052660916,0.153200433,0.0879073292,0.242491752
0.0116177183,0.303625733,0.0217937808,0.470252991
-0.0635317117,0.414154112,-0.0831169337,0.609970927
-0.168067127,0.442509413,-0.225110769,0.634115458
-0.278655261,0.389755845,-0.383712173,0.560684085
-0.354353845,0.295910776,-0.50078845,0.435626358
-0.350524783,0.214259878,-0.518078744,0.327543229
-0.240957722,0.179963335,-0.383854955,0.291238338
-0.0370019637,0.191214666,-0.0704899058,0.317648351
0.208185837,0.213415504,0.321907789,0.33801046
0.415835261,0.203186125,0.599317074,0.290047407
0.513235033,0.137454554,0.705837667,0.182438463
0.46678108,0.0300146006,0.6762079,0.0377913602
0.299824536,-0.0745761544,0.479983091,-0.124008223
0.0849503875,-0.126434252,0.15012908,-0.214858472
-0.0874400511,-0.100202382,-0.143170729,-0.170330524
-0.150198042,-0.0114501603,-0.252949148,-0.0215142127
-0.0904551372,0.0906934664,-0.157800928,0.151381925
0.0449015349,0.151189506,0.0681493208,0.251595944
0.172548011,0.141408235,0.27911225,0.229288444
0.213777006,0.0771704838,0.352123111,0.125160441
0.133200228,0.0111821424,0.230270341,0.015197943
-0.0440001152,0.00300288363,-0.0633899048,-0.000610367104
-0.244727537,0.082863763,-0.384570897,0.127790779
-0.384039223,0.22993201,-0.556085646,0.33539784
-0.40647006,0.378311425,-0.543918252,0.510552645
-0.312021047,0.44898513,-0.417979121,0.611748695
-0.154193074,0.391351074,-0.22537744,0.586605787
-0.0116765443,0.212135062,-0.0146054644,0.357605636
0.0515235029,-0.0242766812,0.0927878544,-0.027493272
0.0173059031,-0.22493656,0.032241784,-0.360738695
-0.0792952701,-0.311990529,-0.124599412,-0.490391403
-0.169707268,-0.258286417,-0.271061808,-0.410460413
-0.187541723,-0.096833691,-0.313623041,-0.162118763
-0.102051824,0.099782832,-0.179018468,0.161052495
0.0672071353,0.257886469,0.10164205,0.412024826
0.260935307,0.337861359,0.385003686,0.497312486
0.409399986,0.347495496,0.561733246,0.46916309
0.465043724,0.327853352,0.622416496,0.426208317
0.422209412,0.321574599,0.58369261,0.4282628
0.315284908,0.343045115,0.462251246,0.481559962
0.197972015,0.368179113,0.304943115,0.539338291
0.115636259,0.349741608,0.184250534,0.530573666
0.085172914,0.249064445,0.144114047,0.402532876
0.0917076543,0.0652813241,0.155861959,0.11917498
0.10191945,-0.155659974,0.168829888,-0.24523741
0.085139744,-0.338626117,0.129614532,-0.520089746
0.0301394723,-0.414900362,0.0392835513,-0.619066715
-0.0509960763,-0.356764227,-0.0833620057,-0.552437007
-0.132642865,-0.19229722,-0.217499584,-0.319762737
-0.192149132,0.0077323392,-0.317315072,0.00637339149
-0.222919837,0.163943246,-0.35489592,0.262505978
-0.236610129,0.225317284,-0.363215387,0.355410308
-0.253766835,0.18989642,-0.38919723,0.305781573
-0.289109617,0.099339813,-0.44726488,0.166089803
-0.340630025,0.0118511505,-0.522872031,0.0265040714
-0.389210135,-0.0306326263,-0.585946262,-0.0391941629
-0.409091949,-0.0228817537,-0.610695899,-0.0294396896
-0.383022845,0.00582533702,-0.581163287,0.0147934686
-0.31305024,0.0136467898,-0.493140489,0.027691884
-0.220394671,-0.0259545762,-0.360920519,-0.0318689868
-0.134190604,-0.10689377,-0.223093674,-0.165615395
-0.0754871219,-0.193373546,-0.126605675,-0.309325993
-0.0459052473,-0.240664721,-0.0789904222,-0.386291295
-0.0279196594,-0.22116895,-0.0518636964,-0.36096558
0.00288127083,-0.140524194,-0.00114789465,-0.237414151
0.0603252836,-0.0346955359,0.0936755836,-0.062662147
0.135286212,0.0498305596,0.219727054,0.0783975497
0.196484849,0.0810496882,0.320416808,0.130287305
0.205486536,0.0574098565,0.338458836,0.0910275951
0.138789251,0.00625166344,0.237500772,0.00809520576
0.00517276116,-0.0333862714,0.0149963144,-0.0586650372
-0.152010545,-0.0328478813,-0.245506316,-0.0571053922
-0.27063635,0.0121311918,-0.430528671,0.0202960689
-0.297286689,0.0829494074,-0.469316185,0.132450268
-0.213330463,0.152981877,-0.347700059,0.248322159
-0.0463318303,0.20555979,-0.0812799409,0.338058084
0.13981311,0.24341844,0.219074547,0.387958586
0.272240281,0.283710808,0.412091464,0.419839561
0.3013542,0.342090547,0.443414301,0.483965039
0.222545698,0.416604757,0.329448313,0.584166825
0.0768929943,0.482694983,0.122471243,0.675637841
-0.0694272071,0.504004419,-0.0824323818,0.700682223
-0.156821549,0.453798503,-0.211594909,0.650317848
-0.15942736,0.334587097,-0.235471874,0.51958245
-0.0944865197,0.183494404,-0.151347429,0.310338736
-0.00974692218,0.0584057793,-0.0176223759,0.103518985
0.0441716611,0.0108096655,0.0718198568,0.017518539
0.0419209935,0.0593056232,0.0714025721,0.0915791988
-0.00262504304,0.178202301,-0.000593223551,0.283189476
-0.0439691357,0.3079907,-0.0634358376,0.47895509
-0.0303448271,0.38287729,-0.0415992402,0.578853607
0.0662503317,0.36142844,0.103103846,0.556424975
0.231086761,0.244789511,0.35770303,0.386427253
0.409181267,0.0737413913,0.606427729,0.113708198
0.528861642,-0.0928117037,0.720171869,-0.130895004
0.535323977,-0.205793649,0.704856753,-0.278894454
0.417776465,-0.245669037,0.590951741,-0.358063519
0.216583982,-0.224810272,0.342554867,-0.362496883
0.00643598475,-0.173625767,0.0149254585,-0.293807656
-0.136784658,-0.120418943,-0.22467801,-0.1991961
-0.169795871,-0.0774585083,-0.283308864,-0.123956382
-0.100385442,-0.0407562219,-0.175594747,-0.0638048202
0.0180425141,-0.00185253355,0.0219707116,-0.00199782755
0.112968124,0.0378036834,0.184205502,0.0613805354
0.127479702,0.0608416647,0.21540913,0.0977846012
0.0467524156,0.0417536683,0.0869516656,0.0679851174
-0.0959079862,-0.0352955349,-0.15032804,-0.0551281944
-0.235691711,-0.159626052,-0.368910998,-0.244482592
-0.307112426,-0.289836764,-0.458004266,-0.418441415
-0.274236739,-0.367343277,-0.405916244,-0.52086091
-0.146398991,-0.342592031,-0.235613465,-0.518095732
0.0271550268,-0.200970918,0.0275279507,-0.334004968
0.180208772,0.0254973155,0.283711135,0.0281462781
0.258763641,0.267773509,0.39530313,0.39308548
0.243035778,0.446901411,0.348215699,0.613392651
0.153060839,0.505740583,0.22310172,0.689830184
0.0368332006,0.430319697,0.0666977987,0.63203907
-0.0521890968,0.251550555,-0.0716845393,0.41152814
-0.0773635954,0.0283472668,-0.122940168,0.0609205887
-0.0314260125,-0.177747488,-0.0560090616,-0.282045454
0.0646604672,-0.323400766,0.0895822495,-0.499483943
0.173970878,-0.391142458,0.244748935,-0.578744769
0.259944767,-0.383804023,0.36386776,-0.557137191
0.299196422,-0.31319648,0.43183285,-0.4667961
0.28628841,-0.192411616,0.437062204,-0.307536036
0.230521917,-0.036686074,0.373073518,-0.0740129724
0.0278227814,0.111291125,0.0598400198,0.172195196
0.0430433117,0.238755688,0.063856788,0.383649915
0.117488906,0.261913896,0.188401729,0.418497354
0.215519696,0.163260087,0.347368151,0.266328722
0.291552097,-0.0185511708,0.465254307,-0.0233534649
0.309713513,-0.206120834,0.472659677,-0.313765496
0.257027388,-0.318956554,0.381248146,-0.480752319
0.146094441,-0.310323626,0.223193809,-0.488819659
0.00828644633,-0.187767044,0.0118326135,-0.319346249
-0.118078507,-0.00783268642,-0.196219847,-0.0226697512
-0.199464723,0.151917547,-0.320315897,0.24241899
-0.215342075,0.229659185,-0.334957302,0.364540845
-0.161984235,0.207060903,-0.257389367,0.340105563
-0.0526007675,0.115163848,-0.0878909528,0.201181367
0.0852484405,0.0164613165,0.139444441,0.0334908292
0.214777932,-0.0272747055,0.343663216,-0.0472594164
0.297973454,0.0145123759,0.467058599,0.0129877795
0.30607906,0.12672393,0.477198333,0.183096066
0.23030962,0.256260425,0.362954766,0.383160561
0.0886531472,0.337100238,0.150208503,0.513217807
-0.0756173506,0.320327401,-0.10250552,0.500374198
-0.205749631,0.195231438,-0.315945208,0.319175929
-0.251215458,-0.00725082727,-0.400637597,0.00576124387
-0.188341364,-0.22879906,-0.303623527,-0.345370978
-0.032813102,-0.407911003,-0.0637496486,-0.598852694
0.162895352,-0.502851248,0.20531483,-0.688872516
0.328104854,-0.504147887,0.407845736,-0.653370976
0.402000129,-0.433183998,0.512817562,-0.570596337
0.359374285,-0.329740942,0.504220843,-0.475227624
0.222114101,-0.235290647,0.348701775,-0.376927376
0.0502036326,-0.179088861,0.0879699364,-0.299681693
-0.0846962929,-0.171374023,-0.137479246,-0.279700369
-0.131506726,-0.204165787,-0.216658071,-0.322426409
-0.0827954933,-0.257268369,-0.140613571,-0.403700918
0.0226528365,-0.306118786,0.0239000712,-0.477009475
0.119551122,-0.328840792,0.173820615,-0.506888092
0.149027869,-0.311244667,0.224995628,-0.486342013
0.0888199061,-0.249555945,0.142426386,-0.407176882
-0.0343788341,-0.15097262,-0.0557749011,-0.257729262
-0.157124236,-0.0320453979,-0.257998317,-0.0580631681
-0.210613772,0.0850895047,-0.342983097,0.137773022
-0.156089202,0.17810306,-0.255863309,0.291815907
-0.00658137212,0.230224028,-0.01655907,0.376122415
0.176359698,0.234624267,0.275876284,0.373062342
0.31011349,0.195997834,0.474664479,0.297998548
0.329701811,0.128890768,0.514181852,0.192747355
0.218978673,0.0535390377,0.365937501,0.0804995894
0.0189195834,-0.00928248186,0.0456319861,-0.0194899887
-0.191241741,-0.0429514833,-0.303847492,-0.070556201
-0.33094582,-0.0384232327,-0.514405429,-0.0564529635
-0.355356216,0.00378120248,-0.549972594,0.0124693578
-0.274636179,0.0730690882,-0.44220677,0.121125288
-0.146513492,0.150176644,-0.244096965,0.246178538
-0.046479892,0.21121043,-0.075058952,0.343175232
-0.0308657344,0.234589666,-0.0424233861,0.378391415
-0.11108429,0.209657088,-0.167678326,0.340295821
-0.251155376,0.143848851,-0.385395616,0.23424007
-0.388535887,0.0643517971,-0.57766068,0.105482258
-0.466597408,0.0113137877,-0.668450296,0.0249547362
-0.461750895,0.0230795369,-0.665853262,0.0396031328
-0.391768843,0.118303247,-0.588300824,0.177849263
-0.302178741,0.282826126,-0.451446235,0.419347286
-0.239125177,0.468768656,-0.322803169,0.641331494
-0.223789558,0.608780682,-0.26427418,0.747431099
-0.241982922,0.641435206,-0.272207081,0.75661099
-0.25394547,0.537644982,-0.314847529,0.69893831
-0.218447849,0.316092879,-0.320107251,0.489046842
-0.117843494,0.0395664163,-0.194582969,0.0852028057
0.0294209886,-0.207588539,0.0398186743,-0.324994862
0.17534785,-0.351770997,0.252685279,-0.530139923
0.264324695,-0.358078003,0.375159144,-0.530209661
0.25892809,-0.241514355,0.391494572,-0.384788156
0.156545892,-0.0569067188,0.259242594,-0.110651977
-0.0108903283,0.126870841,-0.010328128,0.198764682
-0.192728281,0.255442381,-0.290343702,0.396678627
-0.341871351,0.306665748,-0.483009517,0.448711962
-0.431958705,0.290296882,-0.588362455,0.409746051
-0.461736143,0.232218236,-0.633846164,0.330654234
-0.446532458,0.153970763,-0.633316636,0.230837718
-0.403754205,0.0602094568,-0.598898947,0.100739121
-0.341844529,-0.0586499162,-0.528607726,-0.0762321725
-0.259080321,-0.210878342,-0.406586975,-0.312858939
-0.151968673,-0.385547191,-0.234888241,-0.560490727
-0.0268442947,-0.545031309,-0.0493948534,-0.728886127
0.0938483328,-0.635146677,0.102847636,-0.781594396
0.176002666,-0.609899163,0.205742642,-0.759783804
0.18798022,-0.458476275,0.254624516,-0.65140295
0.11731483,-0.219155297,0.18274124,-0.368591309
-0.0192699376,0.0296585485,-0.0276244339,0.0331793465
-0.178759351,0.199562088,-0.277047396,0.314505905
-0.307314783,0.230304286,-0.455723405,0.357744008
-0.361431897,0.117634341,-0.541834593,0.193647042
-0.324948281,-0.0833074301,-0.503761172,-0.109145604
-0.214179575,-0.281561226,-0.338386536,-0.418517709
-0.0694118366,-0.390149355,-0.117321663,-0.580725491
0.0624898113,-0.363383651,0.0812696889,-0.55722034
0.145872205,-0.21434176,0.221664861,-0.354048878
0.16678454,-0.00517611904,0.270023495,-0.0236000605
0.132946745,0.183716059,0.218412966,0.286131412
0.0654398128,0.289791703,0.113260791,0.45383212
-0.012167098,0.292418629,-0.0088878274,0.463775665
-0.0816449746,0.214863077,-0.123424485,0.352801681
-0.132379219,0.105952278,-0.211301938,0.181127533
-0.159442797,0.0130387871,-0.261650681,0.0290535036
-0.161013648,-0.0391234532,-0.266982436,-0.0603844821
-0.138042331,-0.0539149046,-0.231701523,-0.0866593048
-0.0963335633,-0.0526541956,-0.165397927,-0.0845960826
-0.0484383665,-0.0570666343,-0.0848223194,-0.092110008
-0.0120102363,-0.0757201165,-0.0214959066,-0.124028884
-0.00325882761,-0.101856321,-0.00544933043,-0.167942211
-0.0277005732,-0.122195147,-0.0461250432,-0.202827856
-0.0732529834,-0.129403487,-0.121491574,-0.213377208
-0.11078874,-0.129090637,-0.184087321,-0.211143002
-0.104061194,-0.136293292,-0.175488904,-0.221604884
-0.0259218756,-0.163678616,-0.0509847477,-0.264559448
0.126308814,-0.209478512,0.19250074,-0.332018018
0.324154556,-0.253787398,0.470230311,-0.378500819
0.514428794,-0.266837746,0.665569425,-0.357272923
0.637269676,-0.225245431,0.75157243,-0.2804133
0.648587406,-0.126721233,0.779078782,-0.166003287
0.537360132,0.00606858358,0.730104208,-0.00683523668
0.330341399,0.135765418,0.514005959,0.192747325
0.0823634341,0.229498014,0.148687929,0.357940644
-0.143241033,0.275932491,-0.211337715,0.431441247
-0.295571566,0.289680302,-0.432294428,0.436355203
-0.350040585,0.299536049,-0.502212524,0.43766728
-0.310698897,0.326665163,-0.450464159,0.478347212
-0.202032939,0.365570843,-0.299782693,0.545985579
-0.0556455627,0.380244672,-0.0836444646,0.57809341
0.10147579,0.320077389,0.159444064,0.500989676
0.252420098,0.148891494,0.401749402,0.244751379
0.388770372,-0.127938256,0.58065021,-0.181013986
0.504832804,-0.45392561,0.595942616,-0.53880322
0.592144966,-0.737099409,0.463531911,-0.59755218
0.637844265,-0.885664761,0.355385482,-0.510530591
0.627913415,-0.847692013,0.380723149,-0.525756836
0.553582847,-0.63576746,0.511841953,-0.602270901
0.417598903,-0.324156791,0.560647547,-0.45920229
0.237190232,-0.0191192478,0.384665579,-0.0575042777
0.0420481674,0.184079722,0.0799927264,0.288496941
-0.132366732,0.237736061,-0.200519681,0.383110523
-0.254197776,0.155739993,-0.392760396,0.257580012
-0.304347843,0.00029194224,-0.474586546,0.0149778416
-0.282489806,-0.150375754,-0.444629192,-0.22225748
-0.207746759,-0.236712947,-0.334602773,-0.364192247
-0.113248996,-0.238920584,-0.190655336,-0.381389409
-0.0356385671,-0.17663376,-0.0660219193,-0.2945306
-0.00253827265,-0.0908274278,-0.00756604271,-0.154954821
-0.0223357975,-0.0198305789,-0.0359803811,-0.0371505171
-0.0805476233,0.0174680371,-0.129963532,0.0288925078
-0.145062432,0.0239540581,-0.236604422,0.0421631858
-0.179091871,0.0138878655,-0.292720616,0.026196165
-0.157005459,-0.00157017796,-0.26215598,0.00278297882
-0.0762161389,-0.0230558421,-0.131802469,-0.0333243422
0.0406999439,-0.0607748218,0.061760705,-0.0967338681
0.155388579,-0.12362124,0.249110758,-0.199462608
0.230846286,-0.207468182,0.36011079,-0.32674399
0.248311132,-0.290949315,0.374443889,-0.443081617
0.215413705,-0.342378199,0.317593098,-0.516041517
0.160992295,-0.334557354,0.240039214,-0.515493095
0.118690811,-0.259267718,0.182705939,-0.418087393
0.107623681,-0.133108869,0.168912351,-0.228163064
0.120586567,0.00890017767,0.196671247,0.00728579285
0.12694034,0.128755599,0.208568871,0.204545453
0.0897426978,0.201812059,0.15276669,0.324215055
-0.0112552578,0.225610211,-0.00759859383,0.364858449
-0.163134113,0.217133492,-0.247813374,0.347685307
-0.319757015,0.200862154,-0.476795614,0.308729261
-0.419929236,0.194785491,-0.599577427,0.286267042
-0.415813744,0.202084854,-0.598272741,0.298597485
-0.297505736,0.212422848,-0.45794034,0.331679583
-0.100702792,0.211046353,-0.169724047,0.348533839
0.107486397,0.189609796,0.169813201,0.312208861
0.25835371,0.152131498,0.408205479,0.238157868
0.312368929,0.112865396,0.490074009,0.169620261
0.275301129,0.0879028887,0.441988975,0.132304311
0.191373751,0.085951969,0.318808883,0.13337855
0.11710526,0.103887796,0.197616339,0.164808676
0.0898045897,0.129421592,0.150319278,0.20965685
0.107734263,0.148727313,0.176610082,0.243197471
0.132858932,0.153918326,0.218876705,0.24910599
0.114911549,0.145656794,0.194368526,0.236010566
0.0236950759,0.129577518,0.0484895967,0.212938905
-0.128449395,0.109407768,-0.20096682,0.179460809
-0.287310332,0.0819618702,-0.445583284,0.13426365
-0.381685734,0.0380602442,-0.57515192,0.0662741885
-0.360286742,-0.0305111706,-0.554639339,-0.0353849158
-0.221330211,-0.122195348,-0.363638043,-0.182666615
-0.0185052734,-0.221115083,-0.0424821079,-0.349084854
0.1611498,-0.300969392,0.238755956,-0.46416831
0.237336889,-0.336703062,0.346423537,-0.505336523
0.17478776,-0.318224549,0.267138034,-0.495235801
0.000466055062,-0.258281112,0.00467530452,-0.423039913
-0.209126517,-0.188904315,-0.327965379,-0.304538339
-0.364257187,-0.146684274,-0.548547506,-0.216089934
-0.403732896,-0.153470322,-0.597483277,-0.215372384
-0.321481287,-0.202391088,-0.494748443,-0.294033915
-0.16535978,-0.257278085,-0.272215337,-0.394726127
-0.00994064286,-0.267285228,-0.0272098035,-0.425163567
0.0819056556,-0.190800503,0.126240566,-0.31825459
0.0887114853,-0.0175972711,0.1457697,-0.0426862203
0.0367835946,0.221674636,0.063177295,0.345856518
-0.0187284797,0.46400398,-0.0202614646,0.660540819
-0.0268592257,0.637569368,-0.0251302291,0.789924443
0.0301128253,0.690301955,0.0429022387,0.806881189
0.126825601,0.611028492,0.164534509,0.769227743
0.208822712,0.434084803,0.303780764,0.619445086
0.222341061,0.225655094,0.357311845,0.357160836
0.143884808,0.0579870343,0.247213602,0.0960589126
-0.00580911199,-0.0175302401,0.000767237332,-0.0343030095
-0.170288533,0.0123852324,-0.275484025,0.014662235
-0.283595711,0.121403441,-0.444126993,0.187180191
-0.300694555,0.257030278,-0.452577025,0.386564106
-0.217190444,0.362358809,-0.32294181,0.541096807
-0.069486171,0.396957546,-0.104061633,0.599088073
0.0834537894,0.349175811,0.129066855,0.540605962
0.186875537,0.236436099,0.29966113,0.375968188
0.212536767,0.0950971544,0.350535005,0.154863134
0.166939989,-0.034861844,0.27981922,-0.0573322214
0.0835169703,-0.123958983,0.142177746,-0.206635907
0.00440943893,-0.161178067,0.00582836615,-0.267797142
-0.0385707989,-0.153878555,-0.0681269392,-0.255467355
-0.0353435129,-0.121038198,-0.0639541671,-0.20178701
0.00227580452,-0.0835495517,-0.00119391747,-0.140869081
0.0496194437,-0.0559266731,0.0792897716,-0.0932066068
0.081809625,-0.0426468998,0.133927733,-0.0729546919
0.08411365,-0.0400012061,0.142031938,-0.0694064423
0.0564917028,-0.0417301245,0.0955544487,-0.0716781318
0.0120046074,-0.0449759141,0.0206175316,-0.0773890316
-0.0289683081,-0.0529985316,-0.0481919385,-0.0885411128
-0.0460784435,-0.0728331059,-0.0791542754,-0.119852602
-0.0258066151,-0.10891141,-0.0456540175,-0.177097782
0.0336624458,-0.156270146,0.0502242818,-0.253967166
0.120495312,-0.197876379,0.18711625,-0.319258362
0.211074948,-0.209040508,0.325561196,-0.333820462
0.276045799,-0.168309271,0.424657345,-0.26953572
0.289582461,-0.0702954531,0.453070372,-0.122194305
0.239120156,0.066240862,0.386890769,0.0925948098
0.131583259,0.200567499,0.219755307,0.313316435
-0.00730275922,0.28350243,1.7912065e-06,0.445857465
-0.14141193,0.277607888,-0.209870338,0.440069318
-0.23743473,0.175192341,-0.365710497,0.286957711
-0.277193576,0.00511879008,-0.436144769,0.0217732824
-0.263203084,-0.176075414,-0.415016294,-0.262635231
-0.214664817,-0.305941969,-0.333102971,-0.4573645
-0.155968294,-0.34141919,-0.245113686,-0.5165416
-0.103882298,-0.276015013,-0.174461603,-0.43854332
-0.0605213642,-0.140689015,-0.108419083,-0.238790125
-0.0160693713,0.0119676311,-0.0322585218,0.0136253908
0.040361885,0.132388696,0.0656124279,0.217399046
0.108364701,0.195226312,0.176362529,0.316325545
0.170387164,0.206659123,0.274797082,0.32944712
0.197130904,0.19477202,0.317635715,0.307540685
0.162495822,0.189027503,0.267334074,0.298864365
0.0603640974,0.200726554,0.108727053,0.322942197
-0.0865176544,0.215759054,-0.129821002,0.347855091
-0.23185651,0.204033732,-0.353818089,0.32462129
-0.32427302,0.140422344,-0.491990656,0.224707097
-0.330479503,0.0251135621,-0.512468457,0.0529700518
-0.251528233,-0.109056555,-0.406413049,-0.15992707
-0.12342672,-0.207994893,-0.207967907,-0.327334225
-0.00120078272,-0.221836612,-0.0137085021,-0.360093474
0.0659686998,-0.131603137,0.100797966,-0.225175306
0.0562310964,0.0374483727,0.0919786245,0.0488635078
-0.0173396841,0.22392723,-0.0229694042,0.3529194
-0.116215453,0.356929749,-0.167958662,0.540885091
-0.197215721,0.388299823,-0.278313488,0.574272752
-0.233286813,0.314271122,-0.341874868,0.481442332
-0.223577425,0.175419092,-0.350123227,0.290450543
-0.188581169,0.03499946,-0.306050867,0.0682642907
-0.154599801,-0.0530224517,-0.257822812,-0.0804895759
-0.137463629,-0.0696498603,-0.229172856,-0.113797761
-0.135169759,-0.0371347964,-0.226494536,-0.0625471696
-0.133182928,-0.00318407407,-0.220456302,-0.00455773016
-0.118179403,-0.0121645806,-0.197099045,-0.0149078947
-0.0907663256,-0.0791370943,-0.150999725,-0.122545771
-0.0683256984,-0.180717319,-0.113172926,-0.289199531
-0.0752823055,-0.267428249,-0.121857546,-0.421338916
-0.126133531,-0.290508509,-0.200035796,-0.455241829
-0.211660385,-0.228442878,-0.334359854,-0.360497534
-0.297668308,-0.0988914371,-0.467876226,-0.158376575
-0.338768363,0.0501554124,-0.525775313,0.0765592307
-0.300923526,0.164858386,-0.46887821,0.259451121
-0.180849209,0.212255165,-0.289637983,0.344908267
-0.0112895928,0.195056245,-0.0213197637,0.326827794
0.151597604,0.147248268,0.245640278,0.243113875
0.252941042,0.113844439,0.403654426,0.17691353
0.263540447,0.126490623,0.420671701,0.191560879
0.191652924,0.188253671,0.312999576,0.289193392
0.0766799971,0.275140673,0.131953105,0.428748459
-0.031109076,0.352215767,-0.0385009684,0.537971079
-0.0935943797,0.394154936,-0.131731212,0.588213503
-0.0986889154,0.39816457,-0.140755013,0.59462446
-0.0591526218,0.38225311,-0.084860988,0.57934612
0.000715067028,0.370762199,0.00564760854,0.565352917
0.0609937496,0.376588076,0.0968401879,0.568202615
0.114696957,0.391318887,0.175198898,0.582316041
0.164672196,0.389628142,0.249132231,0.574319184
0.212693468,0.345612586,0.323021233,0.515244007
0.249989063,0.251418293,0.388832241,0.387019813
0.257576853,0.126749158,0.414252579,0.201382428
0.21802108,0.0127550568,0.359073132,0.0189564694
0.131750792,-0.047403682,0.222043142,-0.0839359835
0.0264110789,-0.0313037485,0.0463733785,-0.0602989867
-0.0496712923,0.0489609316,-0.0836412907,0.0770683214
-0.0498181581,0.149770871,-0.0844238997,0.244956776
0.0433533937,0.214799643,0.0660008863,0.350375593
0.200834483,0.200483814,0.316167742,0.321996421
0.352964044,0.0956746414,0.538956046,0.149197161
0.418806165,-0.0737431571,0.621841311,-0.108856119
0.346468776,-0.256660879,0.515406013,-0.380349159
0.143806919,-0.398345202,0.219522834,-0.592043281
-0.118181184,-0.461151749,-0.164446428,-0.661332548
-0.333969563,-0.435410798,-0.453622162,-0.586516261
-0.412103653,-0.337554485,-0.570955694,-0.456568778
-0.320215434,-0.19915837,-0.498265803,-0.298036247
-0.103194535,-0.0541208275,-0.189876094,-0.0877093822
0.136042699,0.0698218793,0.213749573,0.11458528
0.284831733,0.153349459,0.446027219,0.233034089
0.274443805,0.184149325,0.436788887,0.279345602
0.112143271,0.156151175,0.198826149,0.250476241
-0.1247366,0.0718423799,-0.188426763,0.121266216
-0.329612017,-0.0537627339,-0.503617764,-0.0733474493
-0.421173513,-0.191836506,-0.609150171,-0.264240742
-0.383261859,-0.30509457,-0.548169255,-0.418760896
-0.269424945,-0.359973162,-0.402207464,-0.512864649
-0.17009297,-0.340879649,-0.268829703,-0.513444304
-0.160070673,-0.258984774,-0.255684167,-0.409808904
-0.254516095,-0.149593532,-0.400274754,-0.241860732
-0.397192985,-0.0576779284,-0.590431511,-0.0849290937
-0.487832338,-0.0177410785,-0.687977076,-0.0158786643
-0.434839278,-0.0379487425,-0.640565991,-0.0422414318
-0.206142142,-0.0969211236,-0.34687528,-0.142821357
0.148304507,-0.155217662,0.218691736,-0.242329657
0.514455438,-0.175723642,0.681719601,-0.244715527
0.76414156,-0.14224942,0.799746275,-0.165467054
0.8126688,-0.0665722415,0.803714156,-0.0786854252
0.656208336,0.0194745716,0.793538988,0.0123300496
0.371643394,0.081947878,0.574517548,0.109249294
0.0802102238,0.102337614,0.150066361,0.161127761
-0.106554434,0.0847511292,-0.16777952,0.142796203
-0.132815287,0.0490591303,-0.22374481,0.0888560712
-0.0162944198,0.0147844413,-0.036888808,0.0314057171
0.167309806,-0.0138086788,0.265963793,-0.0196811818
0.322706103,-0.0515272282,0.498497844,-0.0816835985
0.376416117,-0.121717811,0.565910399,-0.186958089
0.302788287,-0.237116486,0.462838769,-0.361277282
0.126106367,-0.383800238,0.195828095,-0.572918296
-0.0973545909,-0.519214869,-0.131728306,-0.710983217
-0.305180877,-0.587812126,-0.374255747,-0.708571792
-0.449724674,-0.547675312,-0.520268917,-0.623187423
-0.507029235,-0.394409359,-0.629551411,-0.48333481
-0.474698931,-0.16881232,-0.67039597,-0.235011429
-0.364869356,0.0572950169,-0.565266728,0.0879608244
-0.198480189,0.211265415,-0.320542186,0.339097798
-0.00302131986,0.251228482,-0.00771442149,0.410790831
0.188657656,0.183276832,0.300153434,0.299167901
0.342525899,0.0556681417,0.529842675,0.089226082
0.43216154,-0.0665975437,0.633093119,-0.100677535
0.4491494,-0.133313328,0.642183185,-0.199613735
0.408800095,-0.130354479,0.600120902,-0.200375572
0.345769852,-0.0803632066,0.529770255,-0.134951025
0.299271226,-0.0239770021,0.47180301,-0.0465617664
0.294066101,0.00663863122,0.464150727,0.00402374472
0.327200532,0.00636599725,0.507399321,0.00711154332
0.368650585,-0.0027191469,0.559370577,-0.00999136642
0.37709406,0.0108503923,0.573422313,0.00809979439
0.323526174,0.0633737519,0.505134583,0.0872601122
0.210281134,0.140102506,0.34555456,0.213155329
0.0745035186,0.19873184,0.130256072,0.317128271
-0.0271143802,0.19176431,-0.0354523472,0.316029161
-0.0454505384,0.0958862603,-0.072589308,0.168166503
0.035788022,-0.0685296953,0.0562256128,-0.102955967
0.190034658,-0.24027583,0.289881051,-0.371052146
0.358823121,-0.343269259,0.493083924,-0.486750096
0.478585243,-0.323584914,0.618327439,-0.436724335
0.50978142,-0.178684205,0.6826424,-0.257249534
0.453624099,0.0369968005,0.654623806,0.0340249613
0.348243624,0.234337628,0.521938503,0.331299812
0.246983126,0.329741508,0.377055913,0.483426392
0.190737128,0.283910573,0.303038448,0.43994078
0.18891643,0.120204411,0.31207636,0.203117624
0.218441397,-0.0864199623,0.354778498,-0.133084044
0.240134388,-0.244411618,0.368230939,-0.379338712
0.222582251,-0.28750208,0.335017353,-0.445844859
0.160006344,-0.203445539,0.252358317,-0.337575942
0.0746327713,-0.0365723222,0.121594325,-0.0739065707
0.00305337971,0.135830373,0.00608980237,0.216909021
-0.0250428803,0.240831152,-0.036422722,0.388691694
-0.00351845007,0.242607087,-0.00191276718,0.395200074
0.0473334156,0.155733719,0.0816930234,0.263797075
0.0927541554,0.034350954,0.1564527,0.0625754446
0.103060268,-0.055801373,0.172029689,-0.0937856287
0.0695458427,-0.0681548491,0.115942165,-0.119160987
0.00802919362,0.00531322137,0.014044797,0.000201983858
-0.0513983257,0.133555338,-0.0829694271,0.213267311
-0.0820805654,0.262806743,-0.128205895,0.416387111
-0.075722225,0.340545297,-0.111964285,0.526144564
-0.0463013984,0.335775346,-0.0666052103,0.522820413
-0.0212697908,0.247789651,-0.0272209439,0.404636234
-0.025522586,0.101945944,-0.0357116014,0.17840293
-0.0673910007,-0.0631935894,-0.107289657,-0.0978123248
-0.134326905,-0.210381597,-0.214366689,-0.332272887
-0.200182423,-0.313981712,-0.307189196,-0.473616213
-0.239502832,-0.363579988,-0.359184086,-0.528300226
-0.240716249,-0.361958116,-0.36121583,-0.527350783
-0.211288854,-0.320355475,-0.327339888,-0.481832445
-0.172803178,-0.253792286,-0.278468043,-0.39860639
-0.14946568,-0.177832142,-0.246274486,-0.28764233
-0.15659377,-0.10675101,-0.259033144,-0.175939843
-0.194726497,-0.0524562895,-0.316144168,-0.0848705843
-0.251140445,-0.0236708242,-0.402124435,-0.0333174951
-0.306367666,-0.0253093876,-0.478617936,-0.0347926542
-0.341339946,-0.0581062101,-0.52468878,-0.0801645294
-0.341890395,-0.118347436,-0.526337147,-0.170596406
-0.300293684,-0.197424844,-0.463617474,-0.292541057
-0.215934038,-0.281275779,-0.339601964,-0.422069192
-0.0972021669,-0.350558311,-0.16036503,-0.52810818
0.0356660858,-0.382998794,0.0417428352,-0.576338828
0.149978355,-0.358933687,0.214695305,-0.543903172
0.206195608,-0.269362658,0.310988218,-0.425272316
0.171144173,-0.123514421,0.277622342,-0.215026066
0.0351327099,0.0485264696,0.0639551505,0.0673973188
-0.175247431,0.201751694,-0.266615093,0.316821814
-0.39748764,0.290888339,-0.547506332,0.414816856
-0.550787985,0.289168298,-0.685023785,0.37537396
-0.566557527,0.202985629,-0.721817076,0.272727698
-0.41946879,0.0742322877,-0.621178031,0.124030441
-0.144047782,-0.0334093459,-0.252218634,-0.0400774926
0.173304856,-0.060521964,0.26648435,-0.0981451571
0.426048636,0.0201937724,0.621636033,0.0175841227
0.530394733,0.187352851,0.707817733,0.231245533
0.460243136,0.374934018,0.605322063,0.46724987
0.257663727,0.497361034,0.358792454,0.650311768
0.0134380599,0.485957175,0.0377996303,0.684980631
-0.173593208,0.320853472,-0.248985514,0.500155985
-0.239325657,0.0434349142,-0.378835768,0.0909646377
-0.179257274,-0.257336169,-0.286686301,-0.382569283
-0.0443141796,-0.479556233,-0.0780247301,-0.673284948
0.0890102312,-0.549056053,0.104850486,-0.737550616
0.158256039,-0.448297054,0.213268518,-0.646711886
0.144110337,-0.221116439,0.222683743,-0.368768185
0.0749396607,0.0478817746,0.124866709,0.062477611
0.00585136749,0.269040883,0.014936178,0.420538962
-0.0153350569,0.381991237,-0.0167641882,0.580698013
0.023578234,0.373930424,0.0406325087,0.574471474
0.0916575119,0.275728017,0.147843838,0.442245036
0.131745979,0.14053221,0.220278636,0.234639063
0.0922765508,0.0171503555,0.161859751,0.0291392952
-0.0432266518,-0.0686286166,-0.0628373846,-0.117175326
-0.244546175,-0.117292732,-0.381866515,-0.186658651
-0.446859568,-0.144780949,-0.638782084,-0.201580837
-0.579816818,-0.166018531,-0.745147645,-0.20407322
-0.598440111,-0.183105111,-0.752762973,-0.218886092
-0.500553489,-0.184516251,-0.688541293,-0.240903661
-0.323319346,-0.154598802,-0.505394697,-0.229747891
-0.122700997,-0.0865612999,-0.217124149,-0.140295058
0.0519521981,0.00958450418,0.0773878172,0.0132172778
0.174833074,0.109348781,0.282402813,0.173196465
0.244952545,0.185304284,0.386952013,0.286212891
0.274208188,0.221260846,0.426770508,0.334080487
0.272036612,0.220829099,0.424959838,0.336387634
0.237399921,0.20520246,0.377902478,0.315764487
0.1631715,0.201003358,0.269894212,0.315596074
0.0493092388,0.224624544,0.0895411745,0.357267201
-0.0850967243,0.271579772,-0.124903016,0.426557839
-0.200823262,0.316860914,-0.295868516,0.482230425
-0.252034068,0.326570243,-0.369845241,0.492552429
-0.208611593,0.275216848,-0.319365352,0.434019953
-0.0751527548,0.160083175,-0.12512888,0.275096476
0.105151296,0.00544134015,0.169242397,0.0189997703
0.266125113,-0.145682633,0.415161878,-0.227334216
0.347492158,-0.248572528,0.508462012,-0.372582912
0.322923332,-0.275054365,0.474760801,-0.412973821
0.212573096,-0.224894598,0.33456099,-0.364472717
0.072886996,-0.125639945,0.122521542,-0.219218493
-0.0317724273,-0.0213324316,-0.0529148653,-0.0417792797
-0.0613326654,0.0448513031,-0.103356764,0.0761858523
-0.0192587953,0.0468424521,-0.0349051096,0.0834232494
0.0514631383,-0.0154267438,0.0827268139,-0.0192575864
0.0937220752,-0.11737486,0.155757204,-0.19015342
0.0696685463,-0.220140561,0.11321307,-0.355195254
-0.0159330666,-0.285480469,-0.0244611129,-0.454735428
-0.115527198,-0.289392024,-0.182351023,-0.455514461
-0.162860751,-0.229537129,-0.265892804,-0.365740448
-0.109448172,-0.124109715,-0.190721512,-0.204832301
0.0455976315,-0.00307267183,0.0640495867,-0.00696919486
0.24870868,0.104445234,0.387990296,0.16172114
0.413030982,0.18134512,0.599570453,0.256358504
0.458400548,0.227645516,0.643277705,0.305880606
0.350922137,0.257258862,0.524018943,0.3652426
0.122416317,0.287888914,0.209387645,0.440141678
-0.140648559,0.328814,-0.19846563,0.500175297
-0.3344374,0.372776538,-0.459863394,0.526012719
-0.38415435,0.396797031,-0.512177408,0.540192842
-0.277884781,0.3727099,-0.39878881,0.543929815
-0.0720079914,0.283201963,-0.119224116,0.458664745
0.134316057,0.135553151,0.217858613,0.232466355
0.24366188,-0.0347653069,0.395483166,-0.053182669
0.203338042,-0.174406573,0.330549479,-0.282765061
0.0275152624,-0.233472958,0.0510696135,-0.385043561
-0.210787416,-0.188803777,-0.329817027,-0.307346404
-0.413139939,-0.0578750968,-0.612189949,-0.0899724513
-0.498608112,0.104790293,-0.695420444,0.148675174
-0.436756283,0.229002446,-0.61788255,0.328915238
-0.256922156,0.259534597,-0.394773901,0.405757278
-0.0313842073,0.182039052,-0.0551704057,0.311189562
0.158237994,0.0313858055,0.258907467,0.0618653819
0.255369067,-0.122788996,0.406371653,-0.194225848
0.248723418,-0.20770818,0.38643828,-0.329948902
0.171106756,-0.181882709,0.273592323,-0.303373128
0.0796057507,-0.0558543056,0.13157022,-0.106042124
0.241130769,0.222582251,0.356717467,0.333263248
0.297725081,0.387173623,0.431496263,0.540229261
0.276637018,0.388926983,0.405510426,0.552010238
0.182002634,0.217016414,0.301773399,0.348719418
0.043603383,-0.0509843081,0.0887851864,-0.0744261891
-0.0920581743,-0.290409744,-0.142253488,-0.450806886
-0.178124771,-0.393319517,-0.268846989,-0.577410221
-0.185366079,-0.321134537,-0.293961018,-0.491533011
-0.114408493,-0.119333506,-0.202169329,-0.204462647
0.00352571695,0.111761115,-0.00359689235,0.178910941
0.118582159,0.27277413,0.187704563,0.427801222
0.182540312,0.316901356,0.286800742,0.482896119
0.168903619,0.269954711,0.274310321,0.42039907
0.0839525312,0.209270597,0.14543426,0.337549537
-0.0363004617,0.214397326,-0.0479437374,0.343342394
-0.141931579,0.317449391,-0.213113666,0.483279616
-0.190443918,0.480660409,-0.258467376,0.663035512
-0.163840234,0.613516092,-0.197997645,0.763118863
-0.0738724545,0.620308518,-0.0875590295,0.781202614
0.046184577,0.452638477,0.0729998797,0.663496315
0.158298463,0.138863549,0.263593733,0.243736953
0.236160368,-0.225195095,0.371388316,-0.337076575
0.273348719,-0.519626141,0.352034509,-0.678372383
0.280090183,-0.655695021,0.309284121,-0.752907991
0.271883696,-0.615172267,0.312301964,-0.738369644
0.257511556,-0.454697728,0.342899144,-0.632157326
0.233807772,-0.274374634,0.349034667,-0.431721061
0.190153152,-0.167690918,0.304312497,-0.275249183
0.119580157,-0.17830044,0.197907239,-0.289621383
0.0291316845,-0.28431201,0.0488826483,-0.447120935
-0.0577606149,-0.415731072,-0.0875718221,-0.61182493
-0.109607369,-0.493803233,-0.16108118,-0.685744882
-0.102250852,-0.470946431,-0.155284375,-0.668060541
-0.0330764949,-0.351397604,-0.0640710816,-0.542048454
0.0742359534,-0.184090585,0.106870204,-0.307650715
0.177987963,-0.0340608805,0.285353094,-0.0629490092
0.23634626,0.0510067046,0.381123543,0.0766942427
0.226025328,0.0615618788,0.370193839,0.0952568725
0.15222922,0.0249804519,0.258491784,0.0386339501
0.044772163,-0.0146554289,0.0820727348,-0.026013447
-0.0574276894,-0.0231492054,-0.0932549164,-0.0409200937
-0.125174016,0.00567404833,-0.207007557,0.00824596733
-0.151253298,0.0493109189,-0.250072986,0.0826860741
-0.150071695,0.0723376423,-0.247091979,0.12207216
-0.145686641,0.048803322,-0.236944988,0.0860581398
-0.155613601,-0.0213865954,-0.253418505,-0.0293998234
-0.179876164,-0.110714123,-0.291994244,-0.173595265
-0.201451972,-0.17726998,-0.32386142,-0.278221667
-0.197492376,-0.185441703,-0.319552571,-0.293912739
-0.154374838,-0.123149991,-0.258412898,-0.201630384
-0.0774333701,-0.00715050474,-0.137764007,-0.0152095119
0.0106122093,0.125538275,0.0134529164,0.204598203
0.0817779228,0.235044628,0.13140884,0.374780297
0.118377149,0.295976937,0.190494537,0.460634261
0.122671515,0.306597203,0.198912784,0.474368811
0.114545308,0.286375403,0.187278613,0.448381215
0.118140012,0.264214247,0.190050885,0.417957038
0.145081401,0.263633519,0.231226414,0.412642002
0.184368581,0.291828185,0.288121432,0.44639504
0.205593601,0.336978853,0.313596487,0.500062406
0.174686298,0.37414813,0.268904001,0.551549375
0.0740149543,0.376558512,0.124295391,0.566370368
-0.0843346342,0.327387184,-0.114660017,0.507646084
-0.260050297,0.227661818,-0.3870565,0.35918346
-0.400963545,0.0977092832,-0.587622344,0.1580019
-0.466244668,-0.0281110052,-0.667276621,-0.0292037688
-0.444454819,-0.111721613,-0.645442367,-0.150569901
-0.357090384,-0.123729363,-0.548371315,-0.18147324
-0.246022135,-0.0543212518,-0.40306142,-0.0848358274
-0.15188925,0.0808817819,-0.255832404,0.130297944
-0.0952428877,0.242618263,-0.1526535,0.383996129
-0.0703961998,0.37808004,-0.100437716,0.570175886
-0.054567229,0.437211782,-0.0713807046,0.640372336
-0.026163755,0.390384376,-0.0311996248,0.592080951
0.0190777294,0.241103664,0.0359170139,0.39662239
0.0639756471,0.0281940456,0.111873843,0.0593812093
0.0804963112,-0.184801891,0.133233517,-0.294339359
0.0488673449,-0.330413938,0.0737530589,-0.51293689
-0.026408935,-0.361148179,-0.0432672985,-0.558241189
-0.113999702,-0.26740405,-0.184709281,-0.431761742
-0.169565365,-0.0819577575,-0.283909172,-0.142570332
-0.159355044,0.131457657,-0.264425606,0.20914191
-0.0807430297,0.3015652,-0.129154161,0.472550601
0.0323467217,0.375962973,0.0515413843,0.573508501
0.123540111,0.340072483,0.19357644,0.524130046
0.141534701,0.221017182,0.235737175,0.357211947
0.0672643855,0.0749598294,0.123526596,0.12759082
-0.0736093,-0.036768809,-0.113177352,-0.0609743185
-0.220087528,-0.0728247762,-0.351871282,-0.117161304
-0.303191394,-0.0279365256,-0.479776323,-0.0425567813
-0.27807495,0.0665330663,-0.446800113,0.106409468
-0.145124823,0.157452241,-0.244038925,0.259315521
0.0501974635,0.193687484,0.0751024634,0.321857005
0.238332003,0.148620546,0.378500015,0.240702137
0.356737316,0.0319166891,0.55135864,0.0506124124
0.375925809,-0.114342697,0.568630874,-0.174933925
0.308487266,-0.233434781,0.467782885,-0.357245862
0.198272184,-0.278090954,0.306579202,-0.437263519
0.0968437493,-0.230665758,0.152482763,-0.378676176
0.0399140567,-0.110781513,0.0606797822,-0.192037374
0.0351439267,0.0328511409,0.0547513515,0.0484439321
0.0656257123,0.142983705,0.10700281,0.23395972
0.104764961,0.177937001,0.173785582,0.290817797
0.132850304,0.128803745,0.222316414,0.213529259
0.146005407,0.0221607611,0.244487941,0.0396239534
0.153713033,-0.0930161104,0.254127443,-0.150633439
0.168171808,-0.168509051,0.268668264,-0.273526579
0.193237662,-0.179673702,0.301963747,-0.291772276
0.220211998,-0.137351885,0.347418308,-0.228075504
0.232897326,-0.082975097,0.373290002,-0.141358674
0.218294919,-0.0685033873,0.354537189,-0.11418438
0.1757835,-0.129969656,0.288193494,-0.210440874
0.118667237,-0.26680249,0.189960182,-0.417805254
0.0668701604,-0.437043011,0.0943320617,-0.634043574
0.0352189541,-0.571753979,0.0377536081,-0.752643645
0.0246919375,-0.603277683,0.0213829391,-0.773886919
0.0223717261,-0.4954319,0.0210366342,-0.699939132
0.010551475,-0.262313277,0.00656196335,-0.431477278
-0.0203316715,0.0330898836,-0.040835388,0.0379558429
-0.0630002692,0.300706059,-0.095092915,0.463635176
-0.0948521495,0.457018971,-0.12717773,0.658999264
-0.0897943005,0.45680055,-0.119717322,0.661267698
-0.0341946594,0.310003072,-0.0470882468,0.495798439
0.0622662604,0.077198416,0.105702758,0.14283669
0.167841762,-0.154078379,0.269179136,-0.241035387
0.242619112,-0.302060932,0.360641569,-0.457176656
0.258451164,-0.319403112,0.378582954,-0.482878387
0.214423716,-0.207051635,0.332144558,-0.338487029
0.139113903,-0.00927426014,0.22855939,-0.0314065851
0.0775323212,0.206516936,0.127138764,0.323487341
0.0687056333,0.376001954,0.107701942,0.565221429
0.125029624,0.459807038,0.1824999,0.656467974
0.223977536,0.45346427,0.317460358,0.633266747
0.316691548,0.383403778,0.449069619,0.536895514
0.349553168,0.292375535,0.511158586,0.41929549
0.288397431,0.221106261,0.449743181,0.330988199
0.133884177,0.193412021,0.228655159,0.305679977
-0.0788675472,0.209762901,-0.11437051,0.333858371
-0.295459241,0.25065273,-0.434598327,0.379742026
-0.464332968,0.287500262,-0.620084226,0.394569248
-0.55531919,0.296337515,-0.688779116,0.378785968
-0.566812515,0.268829256,-0.702927709,0.345215946
-0.520043194,0.21629113,-0.687497437,0.297498554
-0.445236087,0.164973944,-0.633521557,0.244655043
-0.367582828,0.144209266,-0.551583886,0.224502712
-0.299625009,0.172021613,-0.462754667,0.26934886
-0.242087781,0.244336635,-0.372687399,0.378733933
-0.190278798,0.333087325,-0.283654749,0.503095746
-0.140667915,0.395257443,-0.20351544,0.586657226
-0.0933304578,0.390212148,-0.132969186,0.588631928
-0.0495471433,0.298473448,-0.0706769302,0.477390826
-0.00753689185,0.133488491,-0.00688244961,0.23185271
0.0393122882,-0.0598796457,0.0671074539,-0.0898731425
0.0991129726,-0.220932543,0.155431911,-0.351742297
0.174222574,-0.297055811,0.260085225,-0.460317284
0.254595757,-0.265779674,0.377208292,-0.413709641
0.316971004,-0.144832253,0.480886221,-0.235068455
0.332433432,0.0149772605,0.514000893,0.00830833893
0.280149817,0.151361063,0.443904996,0.223982841
0.160898462,0.216975197,0.267115861,0.339740664
0.0029222013,0.198451757,0.0178023037,0.324820369
-0.144455582,0.119234219,-0.225590646,0.201828316
-0.228308246,0.0252727531,-0.366178721,0.0488378294
-0.213838026,-0.0389197767,-0.352108538,-0.0552432276
-0.100767903,-0.0516598374,-0.178517804,-0.0801775604
0.0734741539,-0.0223017167,0.113100007,-0.0379511602
0.246093437,0.0173043702,0.390474707,0.0239153411
0.352271974,0.0327956714,0.54160744,0.0456253961
0.350063205,0.00745316036,0.543422997,0.00570527371
0.236602977,-0.0485641174,0.391289413,-0.0830470845
0.0490756929,-0.104776777,0.0905237421,-0.177707493
-0.149728,-0.128732115,-0.239129886,-0.212685525
-0.295172453,-0.105518721,-0.464306206,-0.163822874
-0.344301224,-0.0471682325,-0.534003913,-0.0674469098
-0.290158421,0.0136132725,-0.465026736,0.0270806681
-0.162047684,0.0419966802,-0.272826999,0.0767820403
-0.0125510842,0.0213357788,-0.0263306424,0.0428665243
0.102985926,-0.0365424044,0.167752832,-0.0579330586
0.146501422,-0.0973513648,0.240405098,-0.160893366
0.109656267,-0.12372645,0.183306351,-0.208096385
0.0148619236,-0.0972453728,0.0274792407,-0.168610275
-0.0945842862,-0.0304820873,-0.154966041,-0.0555397086
-0.171042785,0.0382516682,-0.279537946,0.0611431114
-0.179639637,0.065226756,-0.294368207,0.111270368
-0.110129662,0.0258262064,-0.18671979,0.0514566042
0.0201220606,-0.0702914894,0.0272374507,-0.107052952
0.172507763,-0.182144254,0.269989133,-0.287990719
0.30027765,-0.257423371,0.444286227,-0.39063701
0.363727123,-0.259065121,0.523144543,-0.386260152
0.342434406,-0.184200794,0.512033999,-0.289155215
0.240802348,-0.0653703511,0.388091683,-0.118526444
0.0856109634,0.0464566909,0.149963871,0.0664495304
-0.0830022916,0.107642643,-0.128819764,0.176485017
-0.223722264,0.102443628,-0.352587909,0.170512542
-0.305358291,0.0476273596,-0.476330608,0.0846695974
-0.314067453,-0.0204514191,-0.49200967,-0.0213525631
-0.255088866,-0.0681054816,-0.41263929,-0.101120546
-0.149488702,-0.0827995092,-0.254177928,-0.131416768
-0.0276844259,-0.0775247291,-0.0533162057,-0.126628473
0.0781814903,-0.0794155896,0.124225102,-0.131690726
0.141395748,-0.110415824,0.230593249,-0.182848558
0.146379977,-0.172405452,0.237978607,-0.278780609
0.092321001,-0.246197,0.149422094,-0.395115793
-0.00595013052,-0.304967403,-0.00946269557,-0.481584132
-0.120601885,-0.333337277,-0.18569994,-0.513263047
-0.217345431,-0.339220941,-0.329072386,-0.504644394
-0.265091598,-0.349522144,-0.393644094,-0.506065667
-0.246312529,-0.390721023,-0.36326015,-0.553035259
-0.164464489,-0.465573668,-0.2443299,-0.645446599
-0.0449424051,-0.541214824,-0.0742385611,-0.725123823
0.0720572248,-0.55886662,0.0828469172,-0.742961407
0.145181686,-0.463339448,0.193843052,-0.661977708
0.147346973,-0.238107711,0.224643648,-0.393576473
0.0767495632,0.0737456083,0.127493471,0.101362191
-0.0414967984,0.377117068,-0.0535420328,0.559389651
-0.16437754,0.561321974,-0.200728998,0.734760821
-0.247325897,0.549982965,-0.304918885,0.712032557
-0.261219114,0.340176165,-0.372257292,0.513906837
-0.202912152,0.0100825606,-0.32565552,0.0404892974
-0.0950371027,-0.31099835,-0.154998809,-0.466817349
0.0243870672,-0.497774959,0.0227187667,-0.696937025
0.117503956,-0.483660787,0.151321128,-0.682761729
0.160306796,-0.288958728,0.238092706,-0.463311046
0.148848414,-0.00906606205,0.242684379,-0.0333832167
0.0963373333,0.231278554,0.158904433,0.359688729
0.0239169691,0.335228592,0.0476676151,0.519337416
-0.0494561605,0.27499035,-0.0664611682,0.443574041
-0.113032706,0.0981001854,-0.176865891,0.174638301
-0.164173692,-0.10214261,-0.264455497,-0.156134397
-0.203849003,-0.235398665,-0.322708428,-0.363232911
-0.231760934,-0.256989479,-0.365339756,-0.394705892
-0.244782567,-0.184020251,-0.390811741,-0.289953768
-0.239746034,-0.0791269466,-0.389178097,-0.126995832
-0.218358442,-0.0128424009,-0.357153058,-0.017247472
-0.190224111,-0.0256294236,-0.312378645,-0.0340675004
-0.170801237,-0.109132171,-0.278004527,-0.168512762
-0.174212724,-0.21466805,-0.278912216,-0.33362931
-0.204361781,-0.282132,-0.318402827,-0.431436181
-0.249602556,-0.272375137,-0.382302761,-0.415747643
-0.285014868,-0.185770497,-0.4455221,-0.288574457
-0.282556862,-0.0585503876,-0.452432215,-0.0940869004
-0.224972084,0.058883585,-0.368417352,0.0975495577
-0.116747662,0.128239766,-0.195293143,0.215794876
0.0137833832,0.139681697,0.0203900822,0.234927818
0.123146914,0.11071907,0.202039286,0.185131758
0.169015124,0.0706562549,0.280254662,0.11432413
0.127097771,0.041453775,0.216718793,0.0650114864
0.00125639571,0.0267438497,0.0100631807,0.0392258577
-0.177398205,0.0146671059,-0.282326907,0.0232315063
-0.361617655,-0.00880646147,-0.546553612,-0.00855757855
-0.504140139,-0.0458170027,-0.700825155,-0.0553183109
-0.572005391,-0.0816370994,-0.751827478,-0.0965817347
-0.553940773,-0.092522487,-0.739084601,-0.114389308
-0.459527582,-0.0617566667,-0.666734755,-0.0807108507
-0.312619328,0.00627885433,-0.499816865,0.0154279433
-0.143251657,0.0834888741,-0.245180354,0.141200647
0.0185485203,0.129839644,0.0271169934,0.217289045
0.14613457,0.113906436,0.239690438,0.188150987
0.218193114,0.0310472716,0.357048482,0.051797092
0.221300691,-0.0911672041,0.360833973,-0.145770893
0.153728172,-0.203926668,0.250943154,-0.327862561
0.0288534071,-0.259345144,0.0481363833,-0.417396933
-0.124877959,-0.232553735,-0.198897034,-0.376231998
-0.269767314,-0.132565111,-0.426694244,-0.212532163
-0.369962662,0.00315386755,-0.565519392,0.00487357145
-0.403967053,0.126876011,-0.59799093,0.191624299
-0.372829974,0.201729298,-0.551209211,0.305439055
-0.299421519,0.215156272,-0.454377145,0.334985495
-0.218101531,0.1790701,-0.344296724,0.293750107
-0.158936471,0.118582278,-0.257229924,0.203127921
-0.133791968,0.0569642894,-0.221041933,0.0984669104
-0.131232381,0.00548205897,-0.216120288,0.0122347232
-0.123116836,-0.0372320972,-0.20608139,-0.0579347797
-0.0799962878,-0.0778228268,-0.136540264,-0.125015795
0.0121584041,-0.119061545,0.0130660832,-0.192982271
0.142289802,-0.155510262,0.223288238,-0.250774384
0.276717067,-0.176837251,0.422521532,-0.27886346
0.372845769,-0.176231369,0.550837874,-0.268474162
0.397678196,-0.157794476,0.583289504,-0.240549773
0.342340827,-0.13726002,0.522110522,-0.216023058
0.225892752,-0.134560898,0.364671588,-0.222305059
0.0870008543,-0.162036926,0.147170931,-0.268479198
-0.0321129151,-0.215165287,-0.051906988,-0.34917748
-0.101679131,-0.271680087,-0.164001063,-0.427299678
-0.11322917,-0.300376385,-0.183338732,-0.466440797
-0.0782794356,-0.275447279,-0.133668453,-0.435657531
-0.0190656558,-0.189059705,-0.0400483049,-0.312960923
0.0429078117,-0.0558181927,0.0647015274,-0.101203814
0.0945678055,0.0928389952,0.154518262,0.146350637
0.132271498,0.221032083,0.213393971,0.347945094
0.157369554,0.301250458,0.247477636,0.462455273
0.170563459,0.321841031,0.268000811,0.49052453
0.169394821,0.287083775,0.271144539,0.444727182
0.150585458,0.211993724,0.247580096,0.340722293
0.11533577,0.116202071,0.195459038,0.192915171
0.0733628646,0.0203270447,0.127582878,0.0349754393
0.0418979563,-0.0548611395,0.0709073842,-0.0908981711
0.0388702862,-0.0890600756,0.0630019754,-0.149348706
0.0733227134,-0.0658910498,0.115533642,-0.113415264
0.138416365,0.0201783739,0.223796368,0.0258591045
0.2116649,0.156523138,0.335620195,0.239906415
0.263474792,0.310024232,0.395305306,0.452669889
0.270502985,0.433894366,0.383001149,0.593977332
0.22730279,0.483310133,0.319960326,0.653475046
0.150020972,0.433977336,0.225216344,0.624434829
0.069596149,0.294657111,0.12153212,0.468038887
0.0172029268,0.106328689,0.0362881608,0.187715143
0.00885717385,-0.0732417703,0.0157330614,-0.114422083
0.0369048491,-0.19322814,0.05441425,-0.312253356
0.0730050728,-0.230658606,0.110489748,-0.375068903
0.0816491246,-0.198243603,0.127582386,-0.326118112
0.0379852504,-0.135227159,0.0628190339,-0.230046496
-0.0586011484,-0.086062476,-0.0931326076,-0.148022577
-0.181867912,-0.0780232325,-0.291959047,-0.125777066
-0.288638234,-0.10927745,-0.451228708,-0.164894506
-0.336898744,-0.153159738,-0.514214635,-0.225037351
-0.303826809,-0.175534755,-0.474728167,-0.262482822
-0.195539519,-0.15514265,-0.323705941,-0.244389266
-0.0442603379,-0.0955371186,-0.0861097798,-0.15826638
0.105542555,-0.0223187469,0.166585952,-0.0402659923
0.215478331,0.0321303606,0.346627831,0.0497687012
0.267615497,0.047180485,0.429800987,0.07135313
0.268648326,0.0249777846,0.43156153,0.0369599946
0.242552698,-0.0120948059,0.394035071,-0.0225789603
0.215862766,-0.0354302078,0.350887001,-0.0613628477
0.203030258,-0.0268793907,0.329902768,-0.0494776182
0.199056953,0.0120177716,0.322792798,0.0134883467
0.182934374,0.0635467321,0.300846279,0.0978843793
0.130149081,0.107343324,0.21859771,0.170288727
0.028102506,0.134869352,0.0558516569,0.21859026
-0.113209762,0.155090094,-0.174729988,0.249892101
-0.260828435,0.187116668,-0.399613768,0.29282409
-0.36962679,0.244049355,-0.534646749,0.358803093
-0.399941355,0.31849739,-0.553576887,0.446236789
-0.334409475,0.380203247,-0.465405911,0.534864545
-0.186496645,0.389465451,-0.273744613,0.579177856
0.00330030033,0.320316076,0.00448004762,0.508432269
0.182235032,0.180426061,0.292298496,0.296840698
0.304923713,0.0149684008,0.48113963,0.0260469746
0.349519134,-0.110361375,0.533471227,-0.173614413
0.323731184,-0.140361786,0.496269256,-0.225559324
0.258506507,-0.0598071031,0.410342991,-0.109716728
0.19263263,0.0948358849,0.312528402,0.139358819
0.155428767,0.249299645,0.24914588,0.384831995
0.155252635,0.325565755,0.242404744,0.496481478
0.178570926,0.279531747,0.282482922,0.437540948
0.199255511,0.123066105,0.328160107,0.205864549
0.193020523,-0.0812650919,0.319708258,-0.126356527
0.149768844,-0.250555307,0.23844029,-0.396442115
0.0780507848,-0.321707606,0.119627476,-0.504366934
5.34479623e-05,-0.280965924,-0.00399919506,-0.452314794
-0.0596433729,-0.16802159,-0.102791518,-0.283223927
-0.0853589997,-0.0532482676,-0.144880533,-0.0922492817
-0.0758626461,-0.000572834513,-0.128377929,0.00156547327
-0.0418548621,-0.0355950706,-0.0707231611,-0.0529138409
0.00234546582,-0.135151073,0.000675815972,-0.216919482
0.0474359691,-0.242633089,0.0717271119,-0.385851771
0.0926255286,-0.299628764,0.138768598,-0.469851434
0.141787872,-0.276279867,0.212101623,-0.439436048
0.19478251,-0.184402108,0.302968234,-0.302421421
0.239893779,-0.0675879791,0.381801844,-0.119966976
0.25337407,0.0246711932,0.406048119,0.0323848017
0.208389223,0.0635239333,0.344458044,0.0974965841
0.0900654346,0.0532787852,0.159985423,0.08477626
-0.0910990238,0.0240501873,-0.140874997,0.0386846624
-0.295762181,0.0103591131,-0.459701031,0.0199282952
-0.4664222,0.029295953,-0.668040514,0.046392832
-0.549447179,0.0713927001,-0.736819088,0.10255155
-0.519184172,0.109171338,-0.709334791,0.157795668
-0.39251557,0.117409989,-0.586773396,0.185130194
-0.225614712,0.0919866338,-0.368541569,0.157353759
-0.0925581381,0.0549526215,-0.157437742,0.0989062339
-0.0542108454,0.0417942144,-0.0884821638,0.0704837218
-0.131073087,0.0777959228,-0.210511491,0.124174319
-0.292731434,0.157575473,-0.445499122,0.241939157
-0.469400376,0.240910888,-0.634504855,0.333431274
-0.581019759,0.269252896,-0.711537361,0.343268573
-0.571240008,0.195616797,-0.726736665,0.263350397
-0.431304872,0.0124555426,-0.633035362,0.0366902165
-0.203462973,-0.237729311,-0.328944474,-0.348984003
0.037111111,-0.475795358,0.0366109982,-0.666539431
0.213307604,-0.617836177,0.245447889,-0.757150948
0.276058942,-0.610458434,0.320597529,-0.736742258
0.220628127,-0.452703446,0.303552091,-0.640170932
0.0834683403,-0.194759473,0.134452313,-0.335134089
-0.0770386457,0.0847415477,-0.126614451,0.122911721
-0.20588468,0.31089294,-0.308841169,0.470466077
-0.271191418,0.43870151,-0.368267238,0.611862898
-0.270826191,0.462378919,-0.361498386,0.635056734
-0.225317106,0.40639621,-0.316830456,0.590843558
-0.162868977,0.306122214,-0.245759889,0.480802476
-0.104965679,0.189806968,-0.166454479,0.316551149
-0.0591962934,0.0708267465,-0.0964940488,0.124895714
-0.0210962445,-0.0482089706,-0.0342625268,-0.0740957037
0.018158609,-0.165076375,0.0272043645,-0.266689867
0.0638282299,-0.269818574,0.0953734815,-0.427738637
0.114084631,-0.344834507,0.16680254,-0.527019083
0.162094712,-0.373056799,0.233286291,-0.559843779
0.201314062,-0.348549664,0.29136467,-0.526913404
0.229919747,-0.282243967,0.344375014,-0.43823722
0.251345187,-0.198664665,0.386525601,-0.318534523
0.270748734,-0.125247881,0.42157039,-0.205357447
0.290047318,-0.0804898888,0.454273373,-0.132225856
0.305126667,-0.0678172708,0.476276696,-0.112042747
0.307441592,-0.0783646554,0.479768395,-0.127849296
0.289352953,-0.100185908,0.454476297,-0.163222685
0.25000754,-0.12741068,0.398221284,-0.206705496
0.197944641,-0.16305396,0.316733778,-0.264706314
0.14834325,-0.213511422,0.236329123,-0.344199568
0.115941249,-0.278523743,0.177725673,-0.438661665
0.107351527,-0.343895167,0.158408016,-0.527180433
0.117171668,-0.38313365,0.167192414,-0.575610816
0.130460948,-0.368887335,0.187690973,-0.558894575
0.130773991,-0.288671136,0.197617874,-0.457810104
0.109819062,-0.155829027,0.173844859,-0.264512211
0.0736585334,-0.00836318545,0.122225575,-0.0249705501
0.0418578871,0.105461605,0.0716706365,0.171314254
0.0393931232,0.148381397,0.068389751,0.246121213
0.0847308263,0.111570947,0.140047342,0.189409688
0.179503575,0.0189911015,0.291852951,0.036517784
0.304650635,-0.0839915052,0.472707421,-0.130434051
0.425090194,-0.152075514,0.609613359,-0.225757644
0.501297534,-0.160591751,0.682718396,-0.23012118
0.503274322,-0.114726812,0.692557216,-0.169753194
0.42151165,-0.043150492,0.622693181,-0.075823389
0.270888656,0.0198087078,0.438799739,0.0192762688
0.0862715021,0.0533197187,0.154493377,0.0824984238
-0.08837419,0.0601028726,-0.137353674,0.0990295559
-0.213418677,0.0623473637,-0.342762291,0.105187312
-0.265042663,0.0864461213,-0.423573643,0.141559824
-0.241205081,0.145588636,-0.385492444,0.234012723
-0.160548419,0.230123833,-0.256972849,0.367149413
-0.0549970865,0.310951561,-0.0856691748,0.488073498
0.0412482582,0.353806466,0.065893814,0.543687105
0.102556832,0.336377919,0.164696544,0.51896733
0.11892502,0.258996516,0.196712747,0.411177695
0.0969649777,0.143569708,0.167170838,0.237859979
0.0547616631,0.0221116953,0.0966119915,0.0398339815
0.0128974719,-0.0782818273,0.0238278862,-0.128651142
-0.014479842,-0.145822838,-0.026380036,-0.239689723
-0.0246584751,-0.184906423,-0.0435108952,-0.303456187
-0.0252956785,-0.208368227,-0.0453050062,-0.337569624
-0.0280297976,-0.226782203,-0.0492757745,-0.365328431
-0.040230941,-0.24153243,-0.0683441311,-0.388618886
-0.0594749078,-0.245420888,-0.0985930488,-0.393277705
-0.0740904808,-0.229594886,-0.124077223,-0.369830996
-0.0699411705,-0.191710457,-0.12148609,-0.312385768
-0.039996095,-0.139769599,-0.0712652579,-0.23156929
0.0088082049,-0.0890941247,0.00948896352,-0.148792088
0.0560597293,-0.0543970801,0.0910886228,-0.0919176713
0.07671839,-0.0420285314,0.127937913,-0.0705216452
0.054597497,-0.0473017357,0.0937354118,-0.0800642744
-0.00650250679,-0.0585326292,-0.00881970767,-0.098763302
-0.0807518288,-0.0651613548,-0.13272199,-0.109514572
-0.130021393,-0.0647548512,-0.215900436,-0.105297789
-0.121951357,-0.0644055456,-0.206384912,-0.10302639
-0.0478790738,-0.0755695179,-0.086591363,-0.121345915
0.0689355507,-0.105513304,0.107882664,-0.17115128
0.18042475,-0.150702015,0.286564082,-0.242171139
0.234427005,-0.196343616,0.36553359,-0.311045319
0.199993998,-0.222628742,0.315507084,-0.355956912
0.0849676356,-0.214255214,0.139461577,-0.352634579
-0.0637711436,-0.168001696,-0.10198231,-0.28124994
-0.179118156,-0.0944378376,-0.29287827,-0.156965762
-0.203995124,-0.0133694289,-0.337640613,-0.019337602
-0.11918173,0.0539638102,-0.206295013,0.0933357552
0.0448664539,0.0916994587,0.0668295994,0.155679107
0.218859076,0.0924782082,0.348470122,0.149693236
0.324291646,0.0571849197,0.505662024,0.0859824568
0.308892101,-0.0062213256,0.490545869,-0.014235029
0.171766922,-0.0826020017,0.291045457,-0.140548304
-0.0334993564,-0.148610294,-0.0457578562,-0.24877122
-0.219610214,-0.17384544,-0.347513348,-0.276811957
-0.301223218,-0.127749518,-0.474440426,-0.197375327
-0.22998029,0.00721188635,-0.383051753,0.0119718313
-0.013988913,0.220722899,-0.0382292122,0.353561848
0.285855353,0.466798097,0.379595876,0.623993516
0.579971671,0.671086609,0.523980439,0.59048593
0.783401549,0.755207539,0.460847884,0.429021686
0.844201863,0.670554936,0.493156642,0.38623777
0.75634861,0.426374912,0.682688475,0.382537991
0.554337919,0.0962048024,0.746568203,0.12985687
0.294660926,-0.205089971,0.469559342,-0.311618358
0.0338805914,-0.367383808,0.0582368262,-0.565151632
-0.187455267,-0.335057229,-0.286944062,-0.514912367
-0.350358158,-0.136306152,-0.53605926,-0.216591686
-0.453443825,0.124780372,-0.651257038,0.176085755
-0.50450474,0.313078105,-0.651006043,0.411451846
-0.513225377,0.325185597,-0.646352112,0.427341372
-0.488222897,0.140399113,-0.668709755,0.212973565
-0.438040942,-0.166004092,-0.625269115,-0.213080168
-0.373237371,-0.455719709,-0.492843509,-0.57606101
-0.306543827,-0.592318594,-0.378658295,-0.705906272
-0.249973685,-0.507050812,-0.340623349,-0.673929214
-0.210284814,-0.232858613,-0.33830452,-0.375243723
-0.185707673,0.111069687,-0.310496837,0.166148737
-0.166429713,0.377299368,-0.245708421,0.559134066
-0.139292955,0.462081671,-0.188275561,0.66219449
-0.0947505757,0.355087161,-0.134926304,0.551627636
-0.0327270702,0.141745225,-0.0494371913,0.248977959
0.0356107727,-0.0429291986,0.0587327369,-0.0628865287
0.0912841484,-0.0852287039,0.146807581,-0.146454006
0.114857256,0.0482141264,0.186333165,0.0653962344
0.0947152749,0.293707877,0.150453314,0.445362389
0.0329175554,0.524564207,0.0569236614,0.712455034
-0.0537017435,0.617974699,-0.0529897623,0.77977556
-0.13771905,0.519678891,-0.17228514,0.711567283
-0.189323559,0.272665381,-0.281618178,0.436344534
-0.186017171,-0.00492940983,-0.300302446,0.0100483922
-0.120817669,-0.180949673,-0.204034895,-0.286151648
-0.00625469862,-0.177294448,-0.0228741374,-0.294831693
0.127584517,-0.0094778724,0.197864532,-0.0274844617
-0.157662421,-0.259679288,-0.213543966,-0.393763691
0.086178571,-0.168312401,0.101330765,-0.278123587
0.304147363,-0.131419063,0.46304822,-0.206188485
0.451701522,-0.194318593,0.635320127,-0.276225299
0.51702857,-0.348789722,0.648511767,-0.440686673
0.514527619,-0.533318758,0.562246203,-0.588932693
0.466674775,-0.661130309,0.460373402,-0.665424287
0.386767924,-0.662748933,0.401728988,-0.70487839
0.27346313,-0.521952987,0.346771061,-0.683917165
0.119880818,-0.28673625,0.184963673,-0.466963589
-0.0696308017,-0.0490897745,-0.111650102,-0.0963773727
-0.267333388,0.0970479995,-0.417050868,0.153384626
-0.424475312,0.0993134826,-0.614591241,0.156972483
-0.489413291,-0.029301269,-0.687366903,-0.0231276769
-0.432674348,-0.217876494,-0.616726995,-0.290150285
-0.264900893,-0.372253001,-0.394192219,-0.52322942
-0.0365008526,-0.419731319,-0.072795406,-0.61550945
0.1824992,-0.341976672,0.258515745,-0.522454083
0.332813352,-0.180633917,0.493206829,-0.286805362
0.390774041,-0.013941491,0.586214662,-0.0359639265
0.374595106,0.0831710398,0.569987357,0.116813488
0.32892257,0.0754707456,0.515851855,0.114486255
0.296558321,-0.0171399098,0.471260399,-0.0261573382
0.293405056,-0.131547689,0.45733881,-0.205795214
0.300862402,-0.193539381,0.4571459,-0.302681506
0.27997458,-0.153608456,0.431500405,-0.250704706
0.199095652,-0.00927234441,0.325974792,-0.0315161049
0.058787737,0.195583418,0.103196569,0.303592145
-0.101225197,0.392122328,-0.139933735,0.578142941
-0.218382999,0.516914785,-0.281000227,0.690730572
-0.239028633,0.536455512,-0.303218871,0.702677011
-0.14850536,0.455577672,-0.206972137,0.655520618
0.0173577536,0.308482111,0.0278881639,0.494539052
0.186798841,0.13954179,0.301703662,0.234427944
0.286210239,-0.0152496211,0.455175221,-0.0240738504
0.276501536,-0.137651607,0.437899321,-0.22142975
0.172816396,-0.225197494,0.278009504,-0.361431152
0.0371117592,-0.282148987,0.0606759265,-0.450349927
-0.0528341606,-0.310707867,-0.0871628523,-0.486989796
-0.0422222354,-0.30817917,-0.0762679353,-0.480166137
0.0738004372,-0.270997971,0.102063604,-0.430818737
0.248276845,-0.201766267,0.372657955,-0.319904804
0.405872166,-0.113563709,0.591562629,-0.177305609
0.47902891,-0.0277345721,0.678435028,-0.0514185466
0.438462734,0.0342950597,0.644270301,0.0392482392
0.303494692,0.0606415197,0.484439194,0.0846046582
0.128781736,0.0543440506,0.22343421,0.0840376094
-0.0239172075,0.0311464816,-0.0331427976,0.0510792211
-0.113588974,0.0106992051,-0.186712682,0.0201316383
-0.133865029,0.00599213131,-0.224373296,0.0131900525
-0.108080193,0.0168119017,-0.182255492,0.030048769
-0.0709477961,0.0306669734,-0.120551892,0.0522849336
-0.0486013778,0.0303824991,-0.0815360621,0.0529917404
-0.0479333848,0.00393594662,-0.0779355317,0.0103130573
-0.0593636632,-0.0488533191,-0.0975878164,-0.0777573735
-0.0688176081,-0.116030201,-0.114738256,-0.187961638
-0.0697597638,-0.179039806,-0.117134005,-0.289423168
-0.0672461465,-0.220382571,-0.112508617,-0.354221731
-0.072004132,-0.229043677,-0.120245136,-0.368654877
-0.089492403,-0.201446414,-0.147624165,-0.328005165
-0.112320937,-0.138998374,-0.188529775,-0.229127064
-0.122204229,-0.0455782749,-0.207502052,-0.0790034831
-0.101204686,0.0720285401,-0.172570884,0.117264517
-0.045467142,0.200541764,-0.0758015215,0.325525969
0.0278227814,0.316643059,0.0429899581,0.492692679
0.0861123353,0.388211668,0.13562426,0.580208957
0.09814962,0.383249253,0.15605104,0.575029492
0.0528353304,0.28478992,0.095419839,0.452967644
-0.0309610832,0.10520114,-0.0387787931,0.184099391
-0.110666551,-0.108749978,-0.176660866,-0.16798149
-0.140641183,-0.285965145,-0.223306134,-0.43794933
-0.096960023,-0.355286419,-0.158596322,-0.539718211
0.00720657967,-0.275264829,-0.00252141524,-0.442867339
0.125035033,-0.0561736524,0.193838462,-0.106217332
0.198029399,0.237353355,0.307742357,0.355769098
0.186070368,0.506895661,0.262410313,0.676748455
0.0899906084,0.65723598,0.124247469,0.787337184
-0.045798786,0.63459301,-0.041893892,0.78561151
-0.153208748,0.449179202,-0.203722849,0.64866811
-0.173784897,0.171389341,-0.270504951,0.292403728
-0.0889727399,-0.0974614769,-0.150398597,-0.144487903
0.0681436062,-0.267306983,0.0951462537,-0.420092553
0.226136506,-0.295814991,0.33213678,-0.455753118
0.307619959,-0.203140125,0.462464303,-0.321309656
0.265204161,-0.0589131154,0.422770798,-0.108097002
0.103676848,0.0518254489,0.18232058,0.0748516321
-0.1221046,0.0676459819,-0.187832162,0.113009647
-0.332175374,-0.0230441634,-0.505939066,-0.0251787771
-0.456834704,-0.179644033,-0.644176602,-0.238604262
-0.465384364,-0.330408156,-0.620919883,-0.421528906
-0.37510851,-0.405742556,-0.513941407,-0.534475088
-0.237564847,-0.367807209,-0.360601157,-0.534193099
-0.110424712,-0.22356075,-0.189771086,-0.36266908
-0.0296478346,-0.0173042528,-0.0587871075,-0.0389999337
0.00433844281,0.191250011,0.00682061259,0.304536015
0.0206444543,0.351341784,0.036796663,0.537191808
0.0566396154,0.436512649,0.087804459,0.637938678
0.133446813,0.445780665,0.197311744,0.640858114
0.241334572,0.393616289,0.351381958,0.567642391
0.342506081,0.297153503,0.499101728,0.430481732
0.389585078,0.169071019,0.579960942,0.248004034
0.350086927,0.0195647944,0.546553552,0.027219791
0.224291787,-0.135923132,0.36616537,-0.218855739
0.0474427044,-0.270865947,0.0825434402,-0.431897074
-0.124893971,-0.350536406,-0.190238521,-0.533170342
-0.241181716,-0.344883144,-0.362629592,-0.510345697
-0.27625522,-0.245613411,-0.429444999,-0.37445575
-0.241104871,-0.0774608999,-0.396162689,-0.126733795
-0.175753936,0.10490223,-0.29223603,0.168936059
-0.128958613,0.235939085,-0.204366922,0.376567572
-0.134536445,0.267069012,-0.202761605,0.425108492
-0.195419624,0.190066889,-0.30032441,0.309710056
-0.282613009,0.0435157679,-0.438686967,0.0810480863
-0.349133283,-0.102718726,-0.531045079,-0.147591487
-0.352122307,-0.179147914,-0.534485936,-0.261452198
-0.272826701,-0.149893194,-0.438416183,-0.232203007
-0.125484228,-0.0311338678,-0.22030583,-0.0531455353
0.0484638289,0.115097813,0.0708117336,0.188158378
0.197645798,0.20976834,0.313245207,0.330304116
0.281336695,0.194942176,0.438073039,0.302366436
0.284160972,0.0626735985,0.456308067,0.101821937
0.21901311,-0.139679283,0.359497011,-0.219451457
0.11809171,-0.330683023,0.18351382,-0.508145154
0.017409483,-0.432464063,0.0213348474,-0.636095881
-0.0573332161,-0.406435996,-0.0929486528,-0.609717369
-0.0971299186,-0.269759715,-0.164576843,-0.435368896
-0.106521808,-0.0848492458,-0.184609637,-0.146747842
-0.0943529308,0.0722572878,-0.159498468,0.117222659
-0.0649198219,0.148388162,-0.105979137,0.247421086
-0.015305941,0.136244699,-0.0238619708,0.231758922
0.0593836941,0.0729024187,0.10014002,0.127598658
0.156366929,0.0156526845,0.25404954,0.0259816013
0.257933557,0.00872473139,0.409053147,0.00824868772
0.332831591,0.0588674173,0.513353407,0.0820234939
0.347985119,0.132695168,0.531755328,0.191811159
0.285998493,0.176856861,0.450680673,0.265548289
0.15939042,0.14977327,0.269301534,0.239450768
0.0125388736,0.0474424586,0.0308254212,0.0838749334
-0.09250734,-0.091052711,-0.150237769,-0.142991543
-0.102080882,-0.201848835,-0.171272993,-0.320816964
0.0024582122,-0.229123875,-0.0102127027,-0.369323701
0.190733746,-0.155187488,0.289747804,-0.255576372
0.390602589,-0.0117356675,0.577186882,-0.0301815476
0.515626669,0.134155557,0.703580797,0.170028448
0.501698732,0.212586462,0.685345113,0.276578844
0.336334467,0.18553257,0.518297255,0.272836685
0.0664670616,0.066090107,0.131394744,0.109927274
-0.21998626,-0.0874292403,-0.340215147,-0.134993434
-0.431255579,-0.199446395,-0.61562413,-0.278269827
-0.510873973,-0.212973401,-0.693155587,-0.279035509
-0.46080485,-0.115654714,-0.664335966,-0.160799474
-0.337804854,0.0562456697,-0.531449676,0.0870473832
-0.224902332,0.236682922,-0.355515659,0.366633028
-0.191671252,0.360956848,-0.277052015,0.538668692
-0.262155533,0.393244535,-0.359451979,0.565807819
-0.405304939,0.337737143,-0.541212738,0.471221656
-0.551646948,0.229968578,-0.699340105,0.308379322
-0.627234697,0.115286842,-0.771624982,0.154759198
-0.587979794,0.0271839146,-0.762614965,0.0462372452
-0.438109368,-0.0233922619,-0.644872606,-0.0234541148
-0.225083143,-0.0441408642,-0.374094725,-0.0619083866
-0.015245473,-0.04812086,-0.0366088375,-0.0764296576
0.136387855,-0.0412173271,0.220503166,-0.069961451
0.207004189,-0.0189354159,0.335835993,-0.0360311456
0.208371684,0.0257523842,0.343004614,0.0335700288
0.171893865,0.0895619616,0.283676237,0.137391731
0.126476318,0.150977522,0.210867152,0.240403667
0.0822565705,0.174638093,0.140502766,0.28257376
0.0288885962,0.127843991,0.0560739897,0.214357063
-0.051823616,0.000871460652,-0.0778703094,0.00827857945
-0.167483196,-0.180907756,-0.262509286,-0.281393737
-0.30256024,-0.361805052,-0.433012217,-0.510041416
-0.419873089,-0.477371961,-0.526540816,-0.587159872
-0.476035923,-0.483066857,-0.570491612,-0.566453516
-0.44273448,-0.37556088,-0.586177707,-0.487104475
-0.322213411,-0.19517915,-0.50045377,-0.293899328
-0.148360968,-0.00744934054,-0.259485096,-0.0130430702
0.027493624,0.127268404,0.0387233384,0.210639417
0.158809051,0.180593833,0.258266717,0.291042507
0.222726852,0.165621966,0.357620686,0.263020635
0.226348579,0.124542892,0.368434906,0.197205186
0.198070541,0.101616457,0.324629754,0.160604164
0.169570848,0.116678491,0.277991831,0.183749914
0.158611014,0.154026434,0.258787572,0.245253056
0.16170159,0.172990456,0.263718337,0.277291328
0.159753442,0.134343669,0.264200598,0.218604013
0.132551476,0.0276140794,0.225918978,0.0493866727
0.0732898489,-0.116579339,0.127470464,-0.189159364
-0.00512708444,-0.23716253,-0.00846325047,-0.38083601
-0.0753161088,-0.271684319,-0.123776019,-0.433504164
-0.108946122,-0.18893379,-0.183671981,-0.311848432
-0.0909555331,-0.00769176753,-0.159639657,-0.0201314837
-0.0268906709,0.208920449,-0.0493558832,0.334157914
0.0600441359,0.381374776,0.0936105698,0.573207915
0.139953926,0.45012638,0.20628953,0.643291414
0.18901667,0.402151018,0.282977849,0.58767283
0.19763349,0.274456263,0.313057899,0.429267466
0.170864686,0.133388087,0.284934193,0.216663018
0.122609094,0.0409947746,0.207806706,0.0662650913
0.0680207312,0.0260132719,0.115621954,0.0393064469
0.018563915,0.0739875659,0.0327349268,0.120219834
-0.0186643787,0.140446529,-0.0280837025,0.228638396
-0.0390674099,0.178776175,-0.0605348684,0.294464052
-0.0394537896,0.167014807,-0.0611035265,0.278580606
-0.0198305193,0.119092025,-0.0299250577,0.202299058
0.0128688766,0.0750574991,0.0216429047,0.127883449
0.0427152105,0.0764993951,0.0699762776,0.126323536
0.0480425991,0.141255409,0.0808402896,0.227351546
0.0107115619,0.25150761,0.0222508293,0.396219999
-0.0723813772,0.361670345,-0.100513116,0.547522485
-0.182293758,0.421527445,-0.250325471,0.609382868
-0.28144145,0.401892662,-0.385306746,0.574010551
-0.328431368,0.309013188,-0.468754083,0.456329525
-0.29868421,0.180360198,-0.456896067,0.2906425
-0.200579703,0.0646384731,-0.329649776,0.117096268
-0.0773610994,-0.00282900501,-0.135952815,-0.000249750767
0.00880788267,-0.0161559619,0.0125401784,-0.0270619709
0.00512760691,0.00167893269,0.0114870211,0.000347287685
-0.104101032,0.0148602929,-0.165481612,0.0224440191
-0.284581155,-0.00316733238,-0.441591054,-0.00271091284
-0.462284505,-0.0537564531,-0.660867393,-0.0686161518
-0.554292381,-0.111667514,-0.737040877,-0.136909798
-0.507065117,-0.138518542,-0.700739086,-0.180488467
-0.324225098,-0.103490837,-0.5118258,-0.152275726
-0.0697731078,-0.0002464196,-0.134332195,0.00199115463
0.156365439,0.148480192,0.243368506,0.234305829
0.260558963,0.300385386,0.396254361,0.441227853
0.196815103,0.411779344,0.298894078,0.584889472
-0.0115104262,0.455190092,0.00363218435,0.652392685
-0.279741168,0.428307593,-0.368307859,0.597245812
-0.496357232,0.351257354,-0.620284379,0.458984196
-0.568836868,0.255110502,-0.709825456,0.33114779
-0.461008519,0.168164819,-0.650905728,0.248525336
-0.206314489,0.106358714,-0.345106423,0.184733853
0.107622281,0.0709354281,0.163693815,0.124950498
0.375294954,0.0524167158,0.562458932,0.0765368342
0.514372885,0.0373794511,0.715383232,0.0423269197
0.494661242,0.0144700203,0.699473679,0.0112250103
0.344516546,-0.0221150573,0.539779127,-0.0440385416
0.134398356,-0.0714502484,0.233833939,-0.124133036
-0.0536435284,-0.125960901,-0.0838986412,-0.209053606
-0.157316715,-0.17233564,-0.255164236,-0.274983019
-0.154444456,-0.193920493,-0.256171644,-0.306335539
-0.0662627891,-0.175439373,-0.119792968,-0.284763753
0.0553218424,-0.109592997,0.079788655,-0.184785172
0.149998605,-0.00300996378,0.242472365,-0.0133555755
0.172076583,0.122207873,0.281348139,0.189496174
0.10652259,0.23405987,0.17840901,0.365730047
-0.0265535433,0.302665442,-0.0299883522,0.471584618
-0.17961368,0.313948393,-0.263213068,0.482677966
-0.294695169,0.277935088,-0.431201726,0.421409726
-0.32422778,0.226084664,-0.481617749,0.348126411
-0.248991191,0.197175533,-0.391373754,0.316220969
-0.0870415494,0.217621714,-0.147201359,0.356134593
0.110156938,0.286120325,0.167817429,0.447621256
0.274099171,0.371519059,0.397402883,0.529701948
0.343147635,0.426615983,0.471838981,0.567441642
0.285501361,0.412133962,0.410791904,0.5698753
0.112150885,0.31888327,0.190829113,0.490774721
-0.126064792,0.175889179,-0.18594256,0.291178733
-0.357010573,0.0387516543,-0.535572767,0.0685786083
-0.514413059,-0.0372516662,-0.712309957,-0.0426503718
-0.56245786,-0.0261449832,-0.751661062,-0.0290731844
-0.507302642,0.0530601628,-0.7080639,0.0775856674
-0.390537679,0.143396184,-0.582710683,0.217694223
-0.267766267,0.177661002,-0.419471473,0.285085052
-0.182398245,0.113675565,-0.292780191,0.195931599
-0.147003278,-0.0408990942,-0.238705814,-0.0562681034
-0.140879095,-0.227765739,-0.225414082,-0.353610575
-0.124506868,-0.36306119,-0.194803938,-0.543446839
-0.0631854087,-0.376918167,-0.107555926,-0.57116133
0.0524322428,-0.248290241,0.0682765543,-0.40591228
0.199561104,-0.0175653324,0.312300324,-0.0417331122
0.333868325,0.229823112,0.495686531,0.330550551
0.41206193,0.401288748,0.548641384,0.519248784
0.414834589,0.438349396,0.540651739,0.555882812
0.358146995,0.341521531,0.512608767,0.477538168
0.286642343,0.167346567,0.455194175,0.263445467
0.252053291,-0.000187012556,0.41000846,0.00200655591
0.287191242,-0.0892645419,0.446874201,-0.144093543
0.388550639,-0.0716334805,0.574896276,-0.116851419
0.516453326,0.0285627227,0.70545125,0.0264605172
0.613040984,0.151093975,0.76332891,0.174536645
0.629606068,0.231368616,0.755860806,0.265747368
0.550112665,0.23112765,0.712632596,0.288684338
0.399566531,0.153535917,0.596803963,0.220613092
0.23318851,0.0370091386,0.387516439,0.0577164814
0.111515813,-0.0669581816,0.190102249,-0.111212902
0.0731345341,-0.119428396,0.117377535,-0.198320001
0.117664285,-0.110301971,0.185997218,-0.183630109
0.206599995,-0.0585821122,0.327775091,-0.101094216
0.281235665,0.00126126944,0.443787456,-0.00502996845
0.289184272,0.0381004922,0.460776836,0.0548692085
0.207487404,0.0381017774,0.345196456,0.0557978638
0.0523535684,0.00779045979,0.0969445482,0.009345592
-0.128090188,-0.0333070494,-0.204296499,-0.0556996018
-0.274125636,-0.0647838786,-0.4321253,-0.0985453129
-0.338649273,-0.0752471685,-0.52502346,-0.108919427
-0.305102974,-0.0656251237,-0.485634565,-0.0962502211
-0.192365542,-0.0459699444,-0.323096901,-0.0695776492
-0.0456901267,-0.0292523447,-0.0837704167,-0.0444799364
0.0816301927,-0.0262256768,0.131296158,-0.0429375768
0.148097798,-0.0433955826,0.245652393,-0.073860094
0.137893349,-0.0833013877,0.230033472,-0.139898643
0.0644472018,-0.144813225,0.110195905,-0.240054995
-0.0364175215,-0.221933171,-0.056542322,-0.359415978
-0.120272823,-0.301878005,-0.189774662,-0.467382163
-0.149496391,-0.365092278,-0.231024802,-0.5422616
-0.105240606,-0.389605761,-0.168304473,-0.578536808
0.00733561115,-0.359586209,-0.00323168398,-0.550374687
0.161463529,-0.274555504,0.239033461,-0.433075279
0.317459881,-0.153885499,0.476646274,-0.245222047
0.434850186,-0.0325088799,0.632969797,-0.0605261549
0.484369993,0.051966358,0.684909344,0.0633932203
0.456463128,0.0755613968,0.661542296,0.0995420367
0.363831431,0.0396986827,0.56112504,0.0546660833
0.237163916,-0.0281137377,0.391363233,-0.0491574109
0.115123823,-0.0860213712,0.194875896,-0.145622849
0.0315483026,-0.0968998522,0.0520937741,-0.166214287
0.00400876906,-0.0455809496,0.00239207083,-0.0809458047
0.0278227814,0.0543273576,0.0414888524,0.0866614878
0.0780599937,0.167359471,0.12580806,0.270114213
0.119352937,0.25310421,0.1926976,0.398755759
0.120287418,0.284283429,0.195582435,0.443876565
0.066998668,0.256887645,0.118131705,0.409891754
-0.0296284091,0.187910348,-0.0370489061,0.309354573
-0.136684015,0.103162795,-0.216745704,0.173947424
-0.211606488,0.0229332503,-0.340818882,0.0428272299
-0.219801486,-0.0460985079,-0.358636916,-0.067803368
-0.150420919,-0.108564869,-0.254183978,-0.169705585
-0.0233254991,-0.170231134,-0.0478349887,-0.273260206
0.116560884,-0.227426842,0.178949863,-0.362401545
0.216119245,-0.263906866,0.328000724,-0.410878599
0.235681772,-0.258330107,0.359650135,-0.40569061
0.166374102,-0.198643893,0.267173827,-0.328252286
0.0352880359,-0.0946386606,0.0620907769,-0.168558225
-0.104512528,0.0200239774,-0.169421747,0.0274172816
-0.195557654,0.0996043757,-0.316031665,0.162532762
-0.200110853,0.107295342,-0.323889852,0.181817755
-0.116272055,0.0349326618,-0.195891157,0.0687903166
0.0213708933,-0.0894809812,0.02937009,-0.139012605
0.157159626,-0.2116054,0.244590983,-0.335275292
0.239083573,-0.274188459,0.358734548,-0.422703922
0.241548851,-0.242992312,0.368392587,-0.384522796
0.17565079,-0.122429162,0.284365624,-0.212803483
0.0821647495,0.0468870141,0.138166875,0.0645269528
0.0106724044,0.207360491,0.0198463462,0.33061707
-0.00505277468,0.310695887,-0.0038373929,0.487131298
0.0365914479,0.338267773,0.0594193712,0.526300192
0.10490305,0.306084275,0.166540086,0.480171412
0.152937576,0.253048748,0.248085365,0.399148315
0.141665995,0.219651118,0.233337104,0.348793358
0.0600842461,0.228437752,0.105893463,0.362095922
-0.0687997937,0.275654048,-0.0987946168,0.43231672
-0.198993117,0.336792976,-0.290613681,0.507579863
-0.283804983,0.381351501,-0.397348523,0.547807813
-0.29798004,0.387969136,-0.414378673,0.553857088
-0.248512045,0.35223487,-0.361183047,0.523501277
-0.168986186,0.284634054,-0.259458274,0.449451417
-0.100900963,0.201966867,-0.160962433,0.33357802
-0.0720780417,0.118613429,-0.115285322,0.202001989
-0.0834876597,0.0427329913,-0.134942099,0.0738839954
-0.111026838,-0.0218602885,-0.182777673,-0.0335648023
-0.120637253,-0.0716763139,-0.200809583,-0.113647513
-0.0880783796,-0.102191649,-0.150628582,-0.165236846
-0.0124819316,-0.111413404,-0.0276176501,-0.183652386
0.0833989531,-0.106055975,0.13180995,-0.175561816
0.165772602,-0.104746386,0.266363561,-0.172964409
0.207678631,-0.133318201,0.333923727,-0.216362864
0.201951012,-0.211952031,0.320377797,-0.335388958
0.162257358,-0.339998066,0.245791271,-0.514063954
0.112292692,-0.487787247,0.153193951,-0.682801843
0.070093669,-0.602776647,0.0804326534,-0.768303871
0.037138775,-0.630267501,0.0365115032,-0.786526501
-0.00113500853,-0.540273309,-0.010557265,-0.735468984
-0.0637478977,-0.346952319,-0.104880743,-0.542481601
-0.158683032,-0.108938649,-0.263036162,-0.19056648
-0.273226351,0.0922660902,-0.429055244,0.142213151
-0.376632959,0.187185556,-0.551831245,0.284164548
-0.43434155,0.149935141,-0.61967659,0.229549468
-0.425917566,0.0102095166,-0.624345183,0.0304984953
-0.356317312,-0.16138941,-0.539275587,-0.226939693
-0.25362134,-0.288159549,-0.392566353,-0.4249129
-0.154162645,-0.324819237,-0.246210888,-0.493930548
-0.0834683403,-0.278227806,-0.140726998,-0.442326993
-0.0441430882,-0.200106487,-0.0797491893,-0.329145312
-0.0179379471,-0.155265868,-0.0336295068,-0.256552249
0.0191565286,-0.182234928,0.0271777436,-0.294530809
0.0780047476,-0.267927438,0.118596256,-0.421267241
0.14561905,-0.35113889,0.212410718,-0.530806541
0.190226957,-0.35449025,0.276532352,-0.536238372
0.180287912,-0.228816733,0.279087186,-0.373917192
0.106666401,0.0136394184,0.175875917,0.00591705088
-0.00588088669,0.296118975,-0.00400700234,0.452567726
-0.10657876,0.5081532,-0.136567414,0.700033903
-0.14361465,0.556430995,-0.179662943,0.737802625
-0.0933650434,0.410802156,-0.131372318,0.615841746
0.0229356121,0.122036844,0.0418997146,0.223568335
0.146255344,-0.198413894,0.235421076,-0.303631693
0.209015548,-0.427563339,0.292917013,-0.612646163
0.172014847,-0.485406399,0.231050193,-0.679733515
0.0487532616,-0.368648052,0.0703000799,-0.570468903
-0.0977570266,-0.147966668,-0.162606895,-0.257707685
-0.186318412,0.0687145814,-0.306913495,0.105739206
-0.161842883,0.187965438,-0.262179792,0.30754444
-0.0289444216,0.172050312,-0.0516751632,0.293831438
0.144763947,0.0504529141,0.235799313,0.0945335627
0.260006368,-0.101740174,0.412027031,-0.159017682
0.23743096,-0.205432922,0.37510559,-0.326627284
0.0629641339,-0.216843545,0.108049028,-0.361019164
-0.198010698,-0.145041883,-0.311088026,-0.241947025
-0.42747882,-0.0407069959,-0.627142489,-0.0614341684
-0.511214375,0.0355666317,-0.710327148,0.0568251982
-0.397130191,0.0470719039,-0.600421667,0.0821997151
-0.125509903,-0.00122496311,-0.22184135,0.0136137903
0.185624719,-0.069292523,0.289449066,-0.105760202
0.394270122,-0.107815817,0.584762812,-0.166802496
0.401431859,-0.0879084319,0.601179898,-0.143765017
0.198232323,-0.0182054807,0.334121108,-0.0450237878
-0.130326271,0.0595639907,-0.198183045,0.0891486332
-0.44668746,0.0933770537,-0.635957599,0.138701096
-0.626285315,0.049167309,-0.78174144,0.0779758617
-0.614588499,-0.0707709715,-0.776250064,-0.0729639381
-0.44786188,-0.228595585,-0.632609487,-0.299386621
-0.228831679,-0.369685978,-0.350570977,-0.526940525
-0.0714188665,-0.448711902,-0.113707535,-0.645151854
-0.0437562466,-0.449145049,-0.0681716949,-0.654509962
-0.138271257,-0.386727571,-0.20709531,-0.58063364
-0.282414734,-0.296567619,-0.42223683,-0.445026368
-0.382057607,-0.212255836,-0.562347829,-0.307320863
-0.37313652,-0.148992747,-0.564855635,-0.216847256
-0.254187107,-0.0995316505,-0.41531378,-0.151527911
-0.0839074925,-0.0439218543,-0.15197295,-0.0699362606
0.0528798625,0.0338418223,0.0821572319,0.0544846244
0.0910866633,0.132704064,0.153966621,0.210977405
0.0182143394,0.232837394,0.0399626568,0.36957404
-0.122201882,0.306203187,-0.177089244,0.473888844
-0.256334305,0.33293575,-0.368886173,0.49590376
-0.31930241,0.313628674,-0.45838064,0.463445127
-0.286204129,0.269899219,-0.427388161,0.413455486
-0.179342985,0.232327521,-0.285902709,0.373607159
-0.0502009764,0.222224966,-0.0825414062,0.363524616
0.0513981618,0.237551749,0.0836337581,0.382695019
0.102541469,0.251480311,0.167136669,0.398134798
0.113328017,0.225490659,0.189445883,0.360089988
0.112471141,0.130977884,0.190032229,0.218478352
0.123248123,-0.0316413902,0.208294034,-0.046090018
0.145751268,-0.226716354,0.231427386,-0.355642587
0.156730309,-0.394405663,0.226056561,-0.582299352
0.126970753,-0.474876493,0.172317103,-0.673215568
0.0450324044,-0.434875935,0.0615110435,-0.640870214
-0.0680943206,-0.284308374,-0.111742415,-0.460049063
-0.163764268,-0.0747679994,-0.271415293,-0.132153362
-0.18878752,0.119873837,-0.310172915,0.191881195
-0.114677362,0.232600912,-0.186524391,0.375843316
0.0434186421,0.229547903,0.0671302676,0.379058331
0.229441881,0.122281648,0.366179913,0.20366405
0.370485514,-0.0387903005,0.564136326,-0.0568057299
0.410245448,-0.186463639,0.595330954,-0.274273247
0.334785938,-0.264326721,0.493215382,-0.397123843
0.17771177,-0.248083293,0.280602962,-0.399821669
0.00284465333,-0.152105644,0.00622937782,-0.261939079
-0.125840366,-0.0195392538,-0.209638581,-0.0387787297
-0.171312675,0.0985431969,-0.281723022,0.161572322
-0.134641528,0.165076077,-0.222589865,0.273574293
-0.0466766134,0.170387611,-0.0775954202,0.284979194
0.0527223796,0.131891415,0.0867039859,0.222533122
0.135128573,0.0814826563,0.223214105,0.136282206
0.192792431,0.047602132,0.31424734,0.0752935335
0.23369354,0.0410114154,0.376720339,0.0604826994
0.268205553,0.0510662682,0.428034604,0.0768136159
0.29761228,0.0538455434,0.469138056,0.0795424879
0.312375188,0.0275206193,0.491247714,0.0401415117
0.300771028,-0.0332833342,0.476251423,-0.0557497181
0.261102855,-0.111897342,0.416990012,-0.180542871
0.207937688,-0.176137924,0.330941528,-0.283740878
0.166551843,-0.194078743,0.263386488,-0.315001011
0.157686278,-0.151229888,0.250442028,-0.251681387
0.181808919,-0.0601544976,0.291030735,-0.106477708
0.213682696,0.0430246256,0.343840867,0.0634896234
0.212728545,0.114333875,0.346749902,0.178410202
0.14528887,0.122665092,0.246585652,0.198222235
0.00696275337,0.065348044,0.0232632793,0.110819116
-0.168325916,-0.0294716861,-0.26580742,-0.0435934514
-0.319551855,-0.11539121,-0.490792543,-0.172046572
-0.386159271,-0.149519622,-0.578001201,-0.215432167
-0.338490486,-0.112899654,-0.526643217,-0.166731283
-0.195011273,-0.0194240492,-0.329840779,-0.0289437659
-0.0164733548,0.0912911892,-0.0374117754,0.150020987
0.120984994,0.173519865,0.195509121,0.280517161
0.160663158,0.197544664,0.264751226,0.313790888
0.0906175673,0.162965178,0.159815162,0.264539003
-0.0529883951,0.0964640826,-0.0765997544,0.161310554
-0.205430627,0.0355171859,-0.326569349,0.0613416098
-0.304981768,0.00706795789,-0.47941789,0.0160272028
-0.319913238,0.0129580982,-0.50247097,0.0252674595
-0.257758617,0.0302781165,-0.418688416,0.0548063815
-0.153971881,0.0265788399,-0.258081257,0.0499842502
-0.0484312624,-0.0185489822,-0.0848169327,-0.0239262637
0.0357831158,-0.0979920179,0.0576918945,-0.157272503
0.0994224846,-0.177307189,0.159107134,-0.287438512
0.157251045,-0.211720586,0.244547188,-0.341685414
0.219125643,-0.171497062,0.341446519,-0.279379576
0.275168419,-0.0618460327,0.43060717,-0.110377118
0.295567423,0.0744616836,0.463105619,0.104900084
0.246415243,0.174854457,0.394542605,0.266602755
0.112834282,0.187159196,0.195373103,0.299934119
-0.084515661,0.0969117582,-0.124116793,0.164875478
-0.290463269,-0.0630432516,-0.447087973,-0.0886690691
-0.435263962,-0.226914212,-0.615363121,-0.30887869
-0.464161754,-0.328102827,-0.622284949,-0.423365563
-0.361597151,-0.333142519,-0.519212902,-0.460708737
0.222582251,-0.398793191,0.279551417,-0.556207001
0.0823488906,-0.424226224,0.142657518,-0.638742507
-0.0224333368,-0.309833288,-0.0426139347,-0.49399063
-0.0462997183,-0.109440856,-0.0866928175,-0.190779358
0.0251008738,0.0871124566,0.0328789651,0.141089395
0.171521261,0.195881262,0.268873036,0.31443122
0.348028421,0.177059114,0.522972524,0.269203097
0.503613949,0.0510841571,0.704744279,0.0715232044
0.600391269,-0.114498891,0.764398396,-0.149258822
0.625455379,-0.2397241,0.74558264,-0.293024987
0.591163039,-0.270279467,0.716116309,-0.33882761
0.525033057,-0.200053066,0.693096161,-0.280011803
0.455085903,-0.0682728663,0.651851892,-0.112675764
0.398048997,0.0649310797,0.595545173,0.0828683823
0.355735481,0.149837881,0.54040879,0.218110234
0.320232689,0.168289408,0.494354218,0.252173662
0.283783764,0.134727225,0.449464083,0.20913437
0.246922031,0.0792529806,0.399968892,0.125279427
0.219738245,0.024951579,0.359687448,0.0376444384
0.215376809,-0.0258616824,0.35048455,-0.0440176539
0.239618763,-0.0882004201,0.382548183,-0.142227545
0.283034444,-0.176726237,0.435592681,-0.272895962
0.321119785,-0.286079943,0.468635023,-0.422986954
0.32354641,-0.383247286,0.447411686,-0.539517939
0.268451154,-0.419031054,0.372681737,-0.59289223
0.154463649,-0.353982955,0.228934124,-0.542991936
0.00381633593,-0.184532851,0.00524265599,-0.316371888
-0.145784393,0.04661626,-0.239651188,0.0635754913
-0.257050335,0.264081746,-0.389446229,0.399087936
-0.309126705,0.392584354,-0.426631838,0.55511266
-0.305835456,0.392918557,-0.421160966,0.560116351
-0.272111565,0.282206684,-0.402962953,0.435732931
-0.240564212,0.126933739,-0.378740758,0.214136243
-0.235027879,0.0112724677,-0.377573073,0.0251153167
-0.259301811,-0.00365045806,-0.415498197,-0.00451918412
-0.296388745,0.0911953896,-0.465971559,0.14037782
-0.318078041,0.250229627,-0.475141913,0.371903986
-0.299617141,0.398281962,-0.417234182,0.560487211
-0.232099339,0.469710052,-0.314807653,0.650825262
-0.126945972,0.440906733,-0.178114504,0.641920567
-0.0112328669,0.339297116,-0.0146149816,0.533265352
0.0829414427,0.224736154,0.136838913,0.367965251
0.129667372,0.154089764,0.216607139,0.251063228
0.116543815,0.148689255,0.196248025,0.238297939
0.0465893559,0.18252258,0.0834761411,0.292489856
-0.0638711676,0.197539732,-0.0941596106,0.320502728
-0.188888282,0.137590408,-0.294338375,0.22777462
-0.296751916,-0.0176514294,-0.460801005,-0.0138968788
-0.354595363,-0.237427533,-0.523172617,-0.332868069
-0.335198104,-0.451871812,-0.455318213,-0.588285506
-0.226167381,-0.585145652,-0.295308679,-0.724577129
-0.0387875773,-0.592358053,-0.0672337115,-0.762254596
0.188582629,-0.480981141,0.24160482,-0.667178512
0.397322178,-0.305854678,0.538609147,-0.438693106
0.526342154,-0.140929207,0.704284489,-0.202619016
0.535550117,-0.0430345945,0.727398515,-0.0690484792
0.424836159,-0.0267355461,0.631253719,-0.0468155742
0.238214582,-0.0628923923,0.393176526,-0.10781718
0.0483731292,-0.100524463,0.0879231766,-0.17211087
-0.0737236142,-0.0990704,-0.122607306,-0.165885761
-0.0910324603,-0.052840244,-0.157498837,-0.0874512717
-0.018591458,0.00592126185,-0.0405081622,0.010527336
0.0827700123,0.0270208381,0.133885875,0.0471193492
0.135965973,-0.0257268082,0.227817684,-0.0411889628
0.0870368555,-0.148388162,0.150418714,-0.242109939
-0.0652442575,-0.291644543,-0.0962396339,-0.459894508
-0.265521616,-0.380525887,-0.380255908,-0.547102809
-0.427345842,-0.350146264,-0.580035865,-0.468243331
-0.476411879,-0.179823577,-0.669651926,-0.25099048
-0.389930934,0.0917074233,-0.593605042,0.133639947
-0.211339191,0.378233254,-0.319952518,0.55303663
-0.0314149261,0.580263555,-0.0387286507,0.761221468
0.0559254922,0.625959635,0.0832896978,0.782975495
0.00124542846,0.500236392,0.0179228485,0.70195204
-0.173948556,0.249336496,-0.253053069,0.401752502
-0.386277795,-0.0402350612,-0.568270445,-0.0433675908
-0.531366825,-0.277942091,-0.688133001,-0.344754875
-0.536099076,-0.404002637,-0.648655713,-0.4715859
-0.395447463,-0.40796116,-0.534697771,-0.531384408
-0.174660712,-0.324705064,-0.283065319,-0.490974098
0.0245594569,-0.212199613,0.0249319542,-0.347353518
0.116398856,-0.122941479,0.186585382,-0.208625212
0.074436225,-0.0826422498,0.129314765,-0.142463446
-0.0565282553,-0.0848051608,-0.0851019323,-0.143705368
-0.186491996,-0.101479746,-0.299792975,-0.162653089
-0.230199352,-0.102803171,-0.373035789,-0.160238653
-0.154281586,-0.0745043457,-0.262983292,-0.118540019
0.00379536371,-0.0246210191,-0.00517336186,-0.039786566
0.155426458,0.0231543705,0.249265835,0.0361446552
0.209023923,0.0450597778,0.343052804,0.0683898628
0.121096954,0.0328872465,0.211211622,0.0491737165
-0.0771346912,0.000910836039,-0.115317307,-0.00138271891
-0.292274773,-0.0200621076,-0.454378635,-0.0289050639
-0.414544046,0.000975968782,-0.615861416,0.00634693122
-0.373396933,0.0765644535,-0.571910083,0.120996676
-0.174263433,0.189551309,-0.29140684,0.307259709
0.102537066,0.296051651,0.149471596,0.465995371
0.340124995,0.342768103,0.483530551,0.485496521
0.441035032,0.291737974,0.611290097,0.395722955
0.372629791,0.141264677,0.56893754,0.209408745
0.17978707,-0.067467913,0.309386909,-0.107611947
-0.0401325822,-0.262781113,-0.0549982041,-0.420623571
-0.185956389,-0.37004292,-0.282736838,-0.546316981
-0.199849144,-0.343105674,-0.313247859,-0.513862908
-0.0900471732,-0.185673162,-0.162571073,-0.305400968
0.0799747035,0.0477261171,0.117967576,0.0701760799
0.227592096,0.272750258,0.346791208,0.409107774
0.292158514,0.409800023,0.416928291,0.56760329
0.260382265,0.417046875,0.377837002,0.583744526
0.165333807,0.306997418,0.266636819,0.472812921
0.063116543,0.138871044,0.117107108,0.23475036
0.00219603255,-0.0097798612,0.00818352122,-0.0108472044
0.00213955017,-0.0789275169,-0.000260220375,-0.131356403
0.0510556474,-0.0524454489,0.077780351,-0.0922396928
0.119437516,0.0374387167,0.193741858,0.0552007034
0.179369777,0.129337922,0.289229095,0.203934893
0.216888815,0.165547207,0.34887448,0.260080308
0.231603459,0.121701196,0.374529004,0.194493964
0.226931334,0.0180762354,0.371290982,0.0314895734
0.200438291,-0.0931439027,0.328050822,-0.151644543
0.142986163,-0.157744065,0.232781872,-0.259934843
0.0484207831,-0.15043962,0.0810164362,-0.254852384
-0.0729191899,-0.0900340751,-0.120418958,-0.155713528
-0.187794387,-0.0300443936,-0.304537535,-0.0499734841
-0.248503208,-0.0291443262,-0.399961382,-0.0410936028
-0.214871392,-0.11693722,-0.348828316,-0.175604373
-0.0789830536,-0.27376467,-0.136166885,-0.420051038
0.122062281,-0.436481357,0.161993653,-0.625256062
0.315324843,-0.52863282,0.38538751,-0.674738348
0.42169252,-0.500227749,0.503063858,-0.616240323
0.392736614,-0.356389761,0.529247701,-0.497426093
0.2360176,-0.159042194,0.375267714,-0.268198967
0.0147080738,0.00075060688,0.0347358957,-0.0110383555
-0.179894954,0.0468943864,-0.286232799,0.0799897462
-0.27022168,-0.0431458168,-0.428397477,-0.0548334271
-0.227982342,-0.22519733,-0.361124456,-0.334314972
-0.0856167972,-0.408149421,-0.141387865,-0.593978107
0.0818466917,-0.497500986,0.098665677,-0.692932665
0.194763511,-0.441276014,0.263083935,-0.6338557
0.206927016,-0.255383939,0.313826293,-0.410703838
0.124561019,-0.0156738646,0.205675393,-0.0434359983
-0.00217372132,0.179330543,0.00611419603,0.284829587
-0.108755775,0.256269902,-0.163624913,0.410024762
-0.149793103,0.201402456,-0.233484983,0.332354873
-0.118321046,0.0646952391,-0.195091501,0.119664527
-0.0418723635,-0.0678702816,-0.0732123256,-0.104828447
0.0400651582,-0.119100213,0.0604956858,-0.197972253
0.10223756,-0.0594087727,0.164987922,-0.106441393
0.147267237,0.0799418837,0.238660127,0.121114142
0.198919922,0.225343347,0.312896371,0.346260071
0.28001833,0.300886571,0.417680323,0.445608944
0.389689922,0.268891394,0.55813843,0.384615093
0.495339662,0.149947628,0.684957981,0.207742035
0.545980036,0.0122899022,0.739094436,0.0117041897
0.500430763,-0.0638708919,0.699850261,-0.0985146537
0.354190439,-0.0287455413,0.546406567,-0.0590905994
0.14840512,0.109457195,0.250933111,0.16138427
-0.0461143255,0.285703689,-0.0646066889,0.442249358
-0.162674516,0.407585889,-0.229327261,0.597258866
-0.172386825,0.398729682,-0.246253222,0.593128741
-0.0989563167,0.235331953,-0.153794482,0.391788483
-0.00559460185,-0.0412780233,-0.00748986565,-0.049797941
0.0396061875,-0.341434091,0.0617940463,-0.517423928
0.00123580464,-0.564932883,-0.00299215061,-0.752251804
-0.103709385,-0.642335653,-0.131783292,-0.785543978
-0.215283707,-0.561682284,-0.282353044,-0.720681071
-0.264551491,-0.37013182,-0.391382694,-0.537714362
-0.213580444,-0.151692435,-0.354099095,-0.245898917
-0.0792083591,0.00774970278,-0.143730879,0.0124439467
0.0731580779,0.0527448282,0.116688393,0.0934919193
0.163137108,-0.0245370269,0.270818293,-0.0362144038
0.138586596,-0.186997414,0.231478199,-0.29691276
0.00501084654,-0.371362686,0.0133489314,-0.563625634
-0.175150394,-0.513555467,-0.238777518,-0.695486188
-0.313547552,-0.570360899,-0.38963607,-0.693001449
-0.341102898,-0.530371428,-0.434649706,-0.655770838
-0.243511677,-0.412473112,-0.358116448,-0.582297444
-0.0684009716,-0.254866749,-0.127040371,-0.408396125
0.0993425846,-0.100152567,0.151028991,-0.171774507
0.180686131,0.0179735366,0.295382649,0.0221654475
0.141172543,0.0826285258,0.241480023,0.129947037
0.00538890157,0.0949196965,0.0210601464,0.154721394
-0.159168705,0.0692965239,-0.252475947,0.11639858
-0.278721333,0.0255475882,-0.440063328,0.0467251614
-0.309832573,-0.0193697829,-0.487522364,-0.0203534011
-0.256720454,-0.0566869564,-0.415810436,-0.0818598419
-0.161627814,-0.0865374953,-0.271211356,-0.135075569
-0.0759661049,-0.114087507,-0.131989211,-0.18526198
-0.0302310139,-0.143196061,-0.0531050302,-0.235943094
-0.0202749167,-0.171039715,-0.0355079509,-0.28030026
-0.0169589594,-0.186916232,-0.0325290002,-0.305869073
0.00815911219,-0.176494226,0.00822236389,-0.290853888
0.0581688844,-0.129839644,0.089038007,-0.217182785
0.103633791,-0.0490979142,0.167440459,-0.0885368586
0.0987155363,0.0487791002,0.164891005,0.0754309595
0.0119316094,0.136800215,0.0272867493,0.219652548
-0.146930635,0.188892528,-0.224962816,0.302188188
-0.321388841,0.192076817,-0.477338523,0.297628194
-0.430546105,0.153513044,-0.616625965,0.230939418
-0.409436703,0.098071076,-0.606199026,0.157052934
-0.246437669,0.0567463711,-0.404618889,0.101290405
0.00341870892,0.0512488261,-0.0069809407,0.0918594897
0.238724813,0.0826820359,0.374310941,0.130150184
0.357490182,0.130713701,0.543684363,0.188746527
0.306276828,0.164472967,0.482566506,0.244102612
0.107666425,0.160124838,0.191760093,0.254771829
-0.148672089,0.116026074,-0.226431757,0.190108508
-0.347771704,0.0569457486,-0.527614474,0.0956788808
-0.403673977,0.024059562,-0.607344627,0.04435312
-0.299388379,0.0547921062,-0.480209321,0.0931474939
-0.0928385779,0.162267655,-0.164232418,0.265580118
0.113661781,0.325012892,0.169084013,0.496584028
0.224550053,0.492923588,0.312731266,0.660919607
0.196896896,0.607546508,0.25779596,0.745435476
0.0584169999,0.627453506,0.0892607421,0.777967751
-0.110394426,0.546670318,-0.130433783,0.731083453
-0.219749004,0.397292525,-0.304709226,0.583086252
-0.216902152,0.23503384,-0.335264623,0.378798217
-0.111931942,0.114662237,-0.187781259,0.199225143
0.0292848442,0.0669653267,0.0426469818,0.115222998
0.120262288,0.0877638385,0.197406679,0.140178204
0.09874098,0.143291399,0.168073922,0.228519574
-0.0414181873,0.188262269,-0.054548569,0.302394122
-0.246573284,0.187221855,-0.371553481,0.296213508
-0.428714633,0.129035532,-0.61297828,0.196815461
-0.506711602,0.0286430195,-0.703611791,0.0529222414
-0.443300247,-0.0830497444,-0.647777677,-0.106422462
-0.260916322,-0.174675897,-0.420157999,-0.260066837
-0.0304245446,-0.227137387,-0.0647701398,-0.360404521
0.160387799,-0.238033906,0.243660137,-0.378010273
0.243213326,-0.217391267,0.37606883,-0.34543258
0.194566444,-0.178873718,0.31246686,-0.294890732
0.0407084636,-0.132285431,0.0729867741,-0.227835521
-0.157339752,-0.0812894702,-0.251634896,-0.137438595
-0.330004007,-0.0263883173,-0.509345412,-0.0405092537
-0.424758226,0.0301712845,-0.626910627,0.0512084328
-0.421679735,0.0817913637,-0.622027576,0.127916619
-0.335244268,0.119477265,-0.517623723,0.190009058
-0.204490036,0.137223497,-0.332591444,0.228471264
-0.0771619007,0.137100592,-0.130573168,0.231868073
0.00613261294,0.13017109,0.010359887,0.217825964
0.0234177765,0.131784797,0.0426488072,0.217557833
-0.0235951878,0.153300732,-0.0332891606,0.251464754
-0.111266904,0.194705859,-0.172383353,0.312052429
-0.201899529,0.242438927,-0.308956325,0.380153328
-0.256031185,0.274027079,-0.383054048,0.418510497
-0.246174842,0.267455101,-0.373650014,0.415606052
-0.167750254,0.210648254,-0.266628951,0.344613343
-0.0427139327,0.106495403,-0.0734459832,0.188113302
0.0868738294,-0.0286241733,0.141773716,-0.0392861813
0.174391195,-0.171359196,0.278782398,-0.272497028
0.187995821,-0.299106896,0.288318515,-0.460663348
0.125658125,-0.395109296,0.184454814,-0.588094771
0.0184389595,-0.449341357,0.0230946019,-0.653942227
-0.0809608623,-0.456539959,-0.122217663,-0.656866193
-0.120727398,-0.414430261,-0.185509115,-0.607586384
-0.0741940811,-0.324599117,-0.126940995,-0.504137814
0.0452731922,-0.195962474,0.0586767755,-0.323690832
0.18643485,-0.048075255,0.293959498,-0.0853836387
0.279660791,0.0894568339,0.440852821,0.132840008
0.266023487,0.183568671,0.421952754,0.277667254
0.12351428,0.208922103,0.212139741,0.330642104
-0.121245518,0.158925161,-0.179128394,0.259204447
-0.40120545,0.0507828146,-0.584644616,0.0844039693
-0.633671939,-0.0789934471,-0.782906234,-0.0836170837
-0.751165092,-0.187626451,-0.793314457,-0.186432555
-0.725468695,-0.242166415,-0.772740841,-0.246370152
-0.575393438,-0.231238052,-0.729667187,-0.282996446
-0.356152356,-0.166978881,-0.548038423,-0.242912382
-0.13607347,-0.076602824,-0.239222676,-0.124327362
0.0288730953,0.0116935521,0.0405504256,0.0180078745
0.112428799,0.0809844062,0.185924828,0.130947888
0.121527456,0.129822984,0.204807639,0.208378553
0.0865980461,0.166894212,0.148000315,0.270209372
0.0446773618,0.20009388,0.0770581514,0.32303986
0.023305485,0.227203175,0.0419119708,0.36615169
0.0314878523,0.234347254,0.0542520061,0.378804088
0.0599773228,0.203756422,0.100587569,0.334509075
0.0889127403,0.126594245,0.151323095,0.212325081
0.0982921422,0.0130950874,0.167313308,0.0255422536
0.0766001046,-0.106875457,0.1295975,-0.174953133
0.0246718209,-0.194720671,0.0409505218,-0.318119496
-0.0456462912,-0.220851153,-0.0759284422,-0.360875875
-0.116488837,-0.180235445,-0.190555349,-0.297278643
-0.170204878,-0.0970427468,-0.281514645,-0.16043143
-0.194643125,-0.0147945127,-0.320966929,-0.0226606429
-0.186128885,0.0241160337,-0.305981994,0.0442507155
-0.14969641,-0.000182837699,-0.24886708,0.00768916914
-0.0968776718,-0.0735384971,-0.163532495,-0.113864101
-0.0418660492,-0.152505845,-0.0730314404,-0.246898189
0.00278288196,-0.18378,-0.00119481946,-0.301983505
0.0296155084,-0.129450202,0.0436909012,-0.21980688
0.037817236,0.0138778836,0.0595404021,0.0131460391
0.0323606208,0.211254522,0.0531494953,0.333461553
0.0212222338,0.402745873,0.0365327075,0.595878541
0.0119500356,0.527750492,0.0247689541,0.721219599
0.00913482718,0.549067855,0.0224633254,0.740229309
0.0138254007,0.466035336,0.028412398,0.672809541
0.0248293299,0.311619222,0.0462741628,0.495203316
0.0407541357,0.136029765,0.0737013221,0.233188152
0.0612348877,-0.0146008842,0.104577892,-0.0205325931
0.0863852724,-0.114473797,0.141257286,-0.189443529
0.114815556,-0.162731707,0.183182925,-0.266695619
0.141793326,-0.176095977,0.224972874,-0.288962364
0.159427688,-0.1749755,0.253297418,-0.28559947
0.159763128,-0.170960262,0.256839812,-0.280066729
0.13979499,-0.161864936,0.22547555,-0.267292291
0.105730951,-0.13582252,0.172164619,-0.228133962
0.0734548122,-0.081021525,0.11948406,-0.140980586
0.0636117086,0.00491246441,0.104117274,0.00194653426
0.0924992785,0.111049861,0.151159361,0.178246811
0.162624866,0.216481194,0.257696003,0.339238018
0.257810593,0.298502803,0.387422651,0.444675416
0.346253783,0.341014057,0.494312763,0.478708178
0.391424835,0.33893913,0.54602313,0.462282658
0.366742164,0.297204614,0.531293392,0.419995636
0.267640173,0.226031229,0.421507716,0.341787964
0.11530643,0.136126965,0.201410204,0.220648006
-0.0500913113,0.0368186831,-0.0737577453,0.0632633194
-0.184059128,-0.0622996949,-0.296258092,-0.0967336148
-0.253973544,-0.148388162,-0.404065251,-0.227256596
-0.249776691,-0.204529077,-0.396034449,-0.311144382
-0.184837088,-0.213433325,-0.302256018,-0.334727198
-0.0874274969,-0.165126085,-0.153194025,-0.26973775
0.0123085296,-0.0649337843,0.0126264384,-0.11415264
0.0932445526,0.0632610917,0.151608706,0.0980181769
0.147094041,0.182043239,0.238324553,0.287741095
0.174519971,0.253432006,0.279209763,0.395425707
0.177323192,0.255043119,0.284131676,0.398911119
0.152632728,0.192093015,0.254230082,0.310205758
0.0936025307,0.0987373665,0.163442507,0.164935902
-0.00312291668,0.0265039261,0.00328606297,0.0440673269
-0.127626523,0.0234937388,-0.206418917,0.0355425663
-0.251505017,0.112803362,-0.397888154,0.173191369
-0.332616478,0.27982381,-0.486303985,0.408016741
-0.330206037,0.47482571,-0.433039963,0.624702334
-0.224789441,0.630770266,-0.267179877,0.758786142
-0.0333080962,0.689441264,-0.0357539207,0.807994306
0.189265117,0.624958515,0.232853487,0.762289405
0.365307689,0.45450899,0.481270581,0.596394539
0.422518432,0.231543824,0.608407021,0.328959703
0.323488533,0.0243570581,0.514077127,0.0371426865
0.083915107,-0.110598095,0.153093144,-0.189477026
-0.229516968,-0.149099052,-0.355489314,-0.243559673
-0.522104204,-0.104776651,-0.710679591,-0.142084599
-0.706250727,-0.018431725,-0.812715352,-0.0130216116
-0.734337389,0.0629952177,-0.810354948,0.0785167441
-0.615473807,0.107352905,-0.772454083,0.144183263
-0.409040481,0.108305141,-0.609172761,0.171056077
-0.1979727,0.0820527673,-0.327843368,0.143888757
-0.053547468,0.0527705625,-0.0937119275,0.0940262601
-0.00701583596,0.035465464,-0.0087920595,0.0595128126
-0.0401405692,0.0260241237,-0.0626207665,0.0416524261
-0.098063238,0.00410398003,-0.159271106,0.00833029673
-0.117886171,-0.0526481867,-0.194595322,-0.0806845129
-0.0594865121,-0.151040643,-0.102741107,-0.239168823
0.0755362362,-0.271737486,0.109707974,-0.423763037
0.245063543,-0.372667164,0.345076889,-0.541897058
0.38663131,-0.406218857,0.503979325,-0.548388362
0.446699589,-0.342418194,0.58540827,-0.467509896
0.405217439,-0.186396986,0.585569739,-0.284401089
0.284241647,0.0194487702,0.452019095,0.0124286255
0.137085885,0.210982978,0.227701306,0.324528188
0.023643272,0.32905066,0.0446936786,0.508978546
-0.016184818,0.344961345,-0.0177695118,0.535331488
0.021491887,0.272436351,0.0367616862,0.440438747
0.106145866,0.160074934,0.174949721,0.268706083
0.190488666,0.0678835064,0.309797615,0.112003945
0.234981179,0.0392624363,0.379685909,0.0578081161
0.226938084,0.08203049,0.366487771,0.121618018
0.184936076,0.167424113,0.300866574,0.259684354
0.146711543,0.246884912,0.237431481,0.385723948
0.147028118,0.277528882,0.233664751,0.433665663
0.197038382,0.243071467,0.31173861,0.383602619
0.275969923,0.159758925,0.433155537,0.251844108
0.339853019,0.0650112033,0.525724411,0.0992820337
0.34344092,-0.00433601672,0.532579601,-0.0124432296
0.26465404,-0.0319715515,0.427263767,-0.0585627817
0.11919222,-0.0293476414,0.206213072,-0.0559921674
-0.0426680371,-0.0265673958,-0.06535016,-0.0477711745
-0.156644389,-0.0524502136,-0.255081922,-0.0828617886
-0.173459768,-0.115408167,-0.287148297,-0.178524464
-0.0829157159,-0.196413502,-0.143948436,-0.311001301
0.0785547644,-0.258643925,0.113052458,-0.408417195
0.241130769,-0.268953562,0.356658936,-0.41467768
0.330447406,-0.21930255,0.49124068,-0.338089883
0.299594671,-0.135643572,0.466269404,-0.221889466
0.150165886,-0.0680760294,0.254766762,-0.122088984
-0.0670410767,-0.0661319122,-0.0996272042,-0.111703448
-0.2721425,-0.151517048,-0.419597328,-0.228519708
-0.388492465,-0.30286026,-0.550157964,-0.413398325
-0.37341094,-0.461572677,-0.493894666,-0.583472967
-0.234454513,-0.557383001,-0.313215345,-0.70304656
-0.0248571746,-0.541834176,-0.0510460883,-0.727163136
0.179215536,-0.413351178,0.242023915,-0.60408181
0.309429973,-0.220979631,0.456534535,-0.348509252
0.331049681,-0.0439767689,0.512038529,-0.081849739
0.253496945,0.0438335873,0.412908167,0.0620700791
0.122446902,0.00845971238,0.213514417,0.0140147191
-0.00195442536,-0.12725845,0.00386526692,-0.203780308
-0.070772782,-0.292148411,-0.113796249,-0.452480465
-0.06506446,-0.396974474,-0.108080983,-0.589425743
-0.000659271376,-0.372842431,-0.0135771688,-0.569466949
0.0818151385,-0.200731024,0.120332494,-0.337568671
0.13633275,0.0803711787,0.217645675,0.113850296
0.131578758,0.389332563,0.202522039,0.566821039
0.0635201484,0.634864211,0.0944544896,0.780700266
-0.0440641157,0.749446571,-0.0336538889,0.8121292
-0.15039438,0.711412668,-0.154271454,0.795618355
-0.214711443,0.547684908,-0.265665859,0.716238558
-0.21238333,0.318439335,-0.311041355,0.494412392
-0.143947855,0.0921055973,-0.235244244,0.167480469
-0.0341920108,-0.078285329,-0.0630128086,-0.121999569
0.0775976032,-0.168775424,0.119839482,-0.274570525
0.151893437,-0.185081348,0.239711225,-0.304321438
0.16215992,-0.152784631,0.260436296,-0.255166084
0.102524832,-0.103241988,0.169564322,-0.176834926
-0.0120688872,-0.0615309924,-0.0146816168,-0.106589377
-0.152214631,-0.040301241,-0.245849997,-0.0674320757
-0.283720464,-0.0400024615,-0.446907192,-0.0602004416
-0.376845807,-0.0532989725,-0.570602179,-0.0727130398
-0.412324578,-0.0704903454,-0.610791862,-0.0946290046
-0.383320421,-0.0833911896,-0.579800785,-0.116798475
-0.294288069,-0.0866451487,-0.46819967,-0.128246471
-0.158583373,-0.0769682974,-0.269746125,-0.120749198
0.00372391217,-0.0517151132,-0.00314373663,-0.0857087225
0.16762279,-0.00823753886,0.268838555,-0.0160626229
0.305511028,0.0551059097,0.476125509,0.0801207423
0.391392231,0.136438265,0.581422508,0.192230299
0.407192916,0.227527454,0.587080896,0.315566242
0.34964937,0.312457353,0.508301437,0.436660707
0.234653845,0.369532973,0.354342878,0.532251239
0.0958047211,0.377075255,0.157379985,0.56498158
-0.0242834687,0.321914375,-0.0264132079,0.50428319
-0.088112399,0.207474455,-0.135458887,0.342846841
-0.0778821036,0.0573939085,-0.128512546,0.106369264
-0.00414833846,-0.088482134,-0.0104745813,-0.139903143
0.0962727815,-0.186044961,0.148322135,-0.301526994
0.173761591,-0.203266799,0.270051777,-0.33030957
0.186136171,-0.134399652,0.297024727,-0.226952225
0.117403224,-0.00512865325,0.197318196,-0.0216959082
-0.0134505667,0.135126829,-0.0134692322,0.2144209
-0.158304781,0.231976673,-0.241508558,0.366754502
-0.258752257,0.248494238,-0.389461339,0.388320446
-0.270312756,0.181241512,-0.417580217,0.294527888
-0.181593433,0.0618610047,-0.298455834,0.114800602
-0.0199031122,-0.0574515276,-0.0410569422,-0.0850980058
0.159262538,-0.128457397,0.250455976,-0.208083078
0.294253021,-0.129839644,0.453103721,-0.210072741
0.341115206,-0.0771603882,0.523343682,-0.13005285
0.289018363,-0.0143019548,0.461665332,-0.0346863307
0.161208808,0.00993555598,0.273980439,0.0103423921
0.00230517471,-0.0314318724,0.0136756217,-0.0518964864
-0.141134351,-0.127324164,-0.225894883,-0.203283831
-0.237401634,-0.231885731,-0.37006098,-0.353182882
-0.276672751,-0.286628723,-0.421123087,-0.423139393
-0.26674515,-0.250892609,-0.414251685,-0.380855858
-0.221789375,-0.125253364,-0.364455968,-0.203994334
-0.151515752,0.0445549712,-0.257301152,0.0682518855
-0.0570199527,0.186181098,-0.0964398608,0.303777099
0.0649392977,0.233337775,0.104315631,0.379368693
0.212709114,0.156952053,0.34012121,0.257506341
0.372033298,-0.0204273332,0.566593409,-0.0255247876
0.515459895,-0.23404187,0.681786954,-0.310329646
0.610268831,-0.405533165,0.674178064,-0.458921224
0.631250262,-0.476837695,0.640399694,-0.497716933
0.57162106,-0.433266282,0.638368189,-0.496474564
0.446124285,-0.305561721,0.597854853,-0.425364852
0.284515083,-0.151476115,0.444722682,-0.250590831
0.118881755,-0.0273546521,0.203438535,-0.0576573163
-0.0283994526,0.0357124731,-0.0408087298,0.0581252165
-0.14974454,0.0401992872,-0.242037892,0.0707030967
-0.248229519,0.0128942784,-0.394692659,0.0258117393
-0.327419728,-0.0146670602,-0.507142127,-0.0161063727
-0.382004112,-0.0242245123,-0.576720774,-0.0301837884
-0.395811528,-0.0176039916,-0.595291078,-0.0201264489
-0.34957546,-0.009992796,-0.541123807,-0.00849732477
-0.23489064,-0.0154093234,-0.386024684,-0.0161263272
-0.0664808378,-0.0342588574,-0.118242405,-0.0497797318
0.115254194,-0.0509595312,0.183683574,-0.0826327205
0.255026996,-0.043043863,0.404334217,-0.0738917366
0.303515822,0.0040583862,0.476846099,-0.00205673999
0.239211962,0.0858850181,0.387968153,0.125899553
0.0806340724,0.178625107,0.142618507,0.282649279
-0.117948674,0.250309169,-0.174125776,0.394738346
-0.286679029,0.277284324,-0.420060277,0.420836896
-0.367969096,0.256526858,-0.528609335,0.382220298
-0.339894652,0.20669882,-0.509139657,0.31946373
-0.224643677,0.157377452,-0.360610634,0.259665936
-0.0781489536,0.132707924,-0.134143338,0.223848522
0.0345063359,0.13883324,0.0556545742,0.229534328
0.0669765994,0.162043318,0.112693653,0.263158053
0.0105862189,0.178148359,0.0269554164,0.289524108
-0.10371808,0.166996121,-0.15778406,0.27342838
-0.220715687,0.123264618,-0.34672153,0.204103008
-0.28627795,0.0573153198,-0.448396415,0.0995175317
-0.271349132,-0.0136755202,-0.434410036,-0.0132621601
-0.184169143,-0.0778700858,-0.306733102,-0.118835688
-0.0658435598,-0.135674909,-0.115722567,-0.216258749
0.0283087138,-0.196325779,0.0414965935,-0.317186296
0.0532551557,-0.266072541,0.0827168375,-0.423859179
-0.00592026394,-0.336074859,-0.00944603328,-0.519943655
-0.127052709,-0.379423857,-0.188829377,-0.568980515
-0.259432375,-0.36184907,-0.380887747,-0.527665079
-0.344106317,-0.262149781,-0.511226833,-0.38502866
-0.337607235,-0.0912035853,-0.527559102,-0.140685365
-0.229625151,0.102818429,-0.378381521,0.16482158
-0.0477200709,0.249214172,-0.084273994,0.403413385
0.152668804,0.284942567,0.237187162,0.448649079
0.308965325,0.186221614,0.476625443,0.290162861
0.374914974,-0.0151190637,0.575650871,-0.0193132535
0.337756336,-0.240837336,0.506340384,-0.357569814
0.306050599,0.0649198219,0.465237647,0.0666731372
0.161501065,0.178697735,0.273607671,0.282524943
0.0379690342,0.224453837,0.0702092797,0.361937225
-0.0400674604,0.171997041,-0.0578665473,0.287539244
-0.0690849125,0.030142393,-0.110567965,0.0614776909
-0.0609198287,-0.154490426,-0.0990208462,-0.242803395
-0.0322481021,-0.316530973,-0.0564055406,-0.488373458
0.00431660889,-0.399703234,-0.00252031349,-0.597738862
0.0432629399,-0.380084485,0.0543070883,-0.578707635
0.0835025832,-0.274036199,0.121977016,-0.440461457
0.12368419,-0.1280846,0.193943679,-0.220419779
0.159820825,0.00298566348,0.260183811,-0.00217779027
0.18708241,0.0783846229,0.305876404,0.124084555
0.203957826,0.0836188942,0.334410757,0.133910865
0.214794353,0.0289354306,0.350447506,0.0482620671
0.227596879,-0.0622604638,0.367716849,-0.100105956
0.247440845,-0.166519463,0.38761583,-0.263094872
0.269606113,-0.267313361,0.404273927,-0.407764792
0.27787137,-0.353514493,0.39939034,-0.516622663
0.251016706,-0.413320869,0.351781726,-0.591713727
0.175536275,-0.43070212,0.247788355,-0.623857081
0.0578358136,-0.389445126,0.0843144953,-0.591046989
-0.0720714405,-0.284005165,-0.116935544,-0.455387324
-0.16979903,-0.130420819,-0.280454516,-0.218756676
-0.196273595,0.0314188488,-0.324737757,0.0504462235
-0.138826236,0.149090052,-0.231173858,0.244480476
-0.0223238375,0.179684445,-0.0379744619,0.301181138
0.0972347558,0.112375088,0.161038205,0.194024891
0.155783057,-0.0210710168,0.259938598,-0.0296752322
0.111129887,-0.155691907,0.186526,-0.254466385
-0.034572877,-0.220651343,-0.0499827899,-0.361749768
-0.231648132,-0.172574654,-0.363364667,-0.279553175
-0.402011514,-0.0185360909,-0.602250338,-0.031664867
-0.47277087,0.183763668,-0.661173403,0.257975519
-0.409068733,0.350331575,-0.556959212,0.480698496
-0.230780214,0.409113228,-0.33163172,0.59362638
-0.00502899382,0.334024161,-0.00862620864,0.529393435
0.182228237,0.158114493,0.295923591,0.265072763
0.262597859,-0.0409299545,0.424859971,-0.0617321283
0.213240147,-0.17631048,0.343705207,-0.284377575
0.0643918589,-0.19178465,0.10828732,-0.32304281
-0.11590413,-0.0867169499,-0.189201191,-0.154620573
-0.251897305,0.0849280432,-0.402273148,0.129823819
-0.291107327,0.240367815,-0.44133985,0.368519783
-0.223022461,0.305610836,-0.337177157,0.469986081
-0.0789706856,0.247042403,-0.127610639,0.406719893
0.0845744461,0.0830820873,0.140820056,0.151428476
0.210263863,-0.127656356,0.338431239,-0.197860569
0.260869235,-0.314046115,0.387943596,-0.469242871
0.2292974,-0.421773165,0.322742134,-0.605011225
0.135825545,-0.431048781,0.192924514,-0.630875587
0.0162805486,-0.356663734,0.0206532739,-0.553830445
-0.0923759714,-0.233565941,-0.152530268,-0.381078333
-0.163239896,-0.0975386053,-0.27114743,-0.162888214
-0.184508517,0.0287534166,-0.303875655,0.0473578125
-0.158663556,0.138690665,-0.260489762,0.226582319
-0.0980704874,0.234740004,-0.156458691,0.377828151
-0.0195713323,0.317866683,-0.0295582954,0.498012751
0.0601860434,0.380535841,0.0944324359,0.575028777
0.127964258,0.407405674,0.193706885,0.599312842
0.175571814,0.382889152,0.266130477,0.567191899
0.199942768,0.300949991,0.312265545,0.460367978
0.201801285,0.171682075,0.329541296,0.276619434
0.183444306,0.0213497858,0.306807518,0.0376056358
0.146716997,-0.114007495,0.243076161,-0.185841411
0.0924414769,-0.198610127,0.149369106,-0.325108051
0.0219463427,-0.207016796,0.0340365879,-0.342459708
-0.059979897,-0.131532013,-0.102796338,-0.223767236
-0.14269866,0.0143610304,-0.237956852,0.0164870508
-0.210205078,0.196976244,-0.330283225,0.3061589
-0.245591909,0.36809805,-0.353716135,0.537520647
-0.238264307,0.475482374,-0.31948185,0.654742956
-0.190482676,0.477211297,-0.25627315,0.666594684
-0.119226702,0.356737554,-0.173246354,0.549666584
-0.0511284284,0.133256674,-0.0780045912,0.235185117
-0.0117042325,-0.13835147,-0.0151911229,-0.215708256
-0.0135413175,-0.381057829,-0.0224078801,-0.572181106
-0.0494328737,-0.520283461,-0.0746738017,-0.71583873
-0.0946315676,-0.511248946,-0.138145536,-0.707611978
-0.118038669,-0.357669175,-0.189527526,-0.54786706
-0.0974248573,-0.112489857,-0.172186553,-0.19674243
-0.0312646665,0.141467974,-0.0582535639,0.225232154
0.05898913,0.323839724,0.0930589512,0.502189934
0.137791947,0.388170123,0.21040538,0.576366961
0.17154038,0.338203579,0.268252909,0.51428771
0.1440375,0.221407726,0.238387153,0.355010688
0.0639015287,0.102975361,0.11506851,0.172130957
-0.0394957811,0.03318692,-0.0592451096,0.0554508008
-0.129205287,0.0243679695,-0.213019073,0.0404133201
-0.176236242,0.0487639084,-0.289195806,0.0822174549
-0.169950917,0.0578163266,-0.281886041,0.100193769
-0.118976906,0.0121469488,-0.199356318,0.0290866718
-0.0434780829,-0.0940422192,-0.0763484165,-0.147318944
0.0360798724,-0.227400601,0.0544222705,-0.360604018
0.107400499,-0.331794947,0.159754932,-0.509854496
0.168199748,-0.357860267,0.244441822,-0.541963518
0.221843079,-0.289816827,0.327939242,-0.450398564
0.270731002,-0.155050382,0.415914953,-0.255286843
0.312145621,-0.0112227807,0.485506684,-0.0289612561
0.339027464,0.0822192207,0.522714317,0.118746996
0.344538808,0.0929185525,0.531174541,0.139426157
0.326697677,0.0295925774,0.511993945,0.0457191616
0.289497018,-0.0659021512,0.460459888,-0.106222242
0.239604592,-0.143463805,0.382291496,-0.230187938
0.181116387,-0.172495335,0.289538801,-0.28318426
0.112546556,-0.15712446,0.184498683,-0.262151092
0.0289624762,-0.130735129,0.0482810549,-0.220959663
-0.0714239702,-0.133341059,-0.115848653,-0.220724747
-0.18050307,-0.18497856,-0.285767078,-0.290548831
-0.278712779,-0.270552188,-0.422100633,-0.401057124
-0.341472566,-0.345195085,-0.487951696,-0.481277883
-0.351403832,-0.357745588,-0.498901188,-0.494843632
-0.309703112,-0.279736221,-0.467282325,-0.411950111
-0.239168897,-0.123969629,-0.390694231,-0.200090274
-0.175193816,0.0578559302,-0.293556422,0.0898229629
-0.147819057,0.197869048,-0.235173553,0.317055047
-0.163927063,0.243659928,-0.25108397,0.389949083
-0.200062767,0.182699293,-0.309874684,0.299804777
-0.211761147,0.0472834706,-0.339920044,0.0907153562
-0.156576753,-0.102038227,-0.260686547,-0.155122429
-0.0198234562,-0.205597177,-0.0434567071,-0.328855455
0.170914054,-0.23136127,0.255841315,-0.366571426
0.351930529,-0.186338007,0.517086506,-0.288486391
0.449495554,-0.10815765,0.644452095,-0.168001905
0.41448617,-0.0426349305,0.617343724,-0.0732167736
0.248690411,-0.0196924806,0.409129322,-0.0393878184
0.0089722462,-0.0397839323,0.0285365898,-0.0707397535
-0.214091465,-0.0765505731,-0.338595539,-0.121453106
-0.333873361,-0.092742607,-0.518339217,-0.13674818
-0.304135352,-0.0601590089,-0.484443843,-0.089809306
-0.13716352,0.0265132766,-0.240856126,0.0472332463
0.104442209,0.147758707,0.158537239,0.242294401
0.337383211,0.268416882,0.493074,0.387034655
0.493555933,0.35214749,0.635768056,0.443471909
0.54490757,0.374144018,0.662273228,0.443382889
0.506636322,0.327603877,0.654822826,0.41165337
0.419868946,0.22350207,0.60678786,0.314967036
0.325327814,0.0860937312,0.512091279,0.132473335
0.243048698,-0.0530855097,0.395243645,-0.0853843838
0.168370232,-0.161524907,0.274403632,-0.26237905
0.0842883065,-0.212706074,0.136337921,-0.349113137
-0.01923858,-0.193938538,-0.0340338945,-0.323591173
-0.13198705,-0.113304123,-0.218792886,-0.191911057
-0.224900767,-0.00181981502,-0.364437133,-0.00474093156
-0.265685529,0.0931040272,-0.423371226,0.151343435
-0.239157885,0.123613432,-0.381879419,0.203274459
-0.159743309,0.0621003136,-0.263337851,0.113920771
-0.0678247586,-0.08251293,-0.114536785,-0.12439099
-0.0109416954,-0.2623519,-0.0189652499,-0.410077274
-0.0197433569,-0.406318873,-0.0316138379,-0.605095267
-0.0919528157,-0.449460775,-0.137948334,-0.652085602
-0.193427145,-0.36347127,-0.291577339,-0.545829296
-0.276038229,-0.173335925,-0.435261428,-0.276217043
-0.302831769,0.0496440604,-0.480996698,0.0738021731
-0.266959131,0.217177004,-0.413629681,0.339196384
-0.194398016,0.26291281,-0.301053613,0.416938394
-0.129430935,0.172489822,-0.204908252,0.290839463
-0.111164957,-0.0103037879,-0.178886101,-0.00658133719
-0.153879076,-0.204782084,-0.24279733,-0.319347113
-0.241325602,-0.33177951,-0.360773832,-0.490613431
-0.33702004,-0.350122124,-0.481658727,-0.493611485
-0.403764069,-0.272953391,-0.574698746,-0.384387851
-0.421115905,-0.15616855,-0.61638844,-0.223863438
-0.391599804,-0.0658023283,-0.592274547,-0.0933541805
-0.333607167,-0.0421826951,-0.519575477,-0.0575455315
-0.266790807,-0.0800758973,-0.426646888,-0.118105769
-0.199674159,-0.135088176,-0.325955153,-0.209184706
-0.127053976,-0.152091563,-0.214152932,-0.244606972
-0.0381141342,-0.0993170515,-0.0722772032,-0.168659836
0.0708030015,0.0113197193,0.110360816,0.0128427343
0.187795117,0.129391,0.2986947,0.201270208
0.287577689,0.194079667,0.445584804,0.294551253
0.34361729,0.169725925,0.525228381,0.253615797
0.343013436,0.0688109994,0.534204602,0.105727576
0.294739723,-0.0510017611,0.468373746,-0.0824533254
0.225561723,-0.115030594,0.364292502,-0.190504059
0.165415794,-0.0703127682,0.269814968,-0.126616836
0.13073121,0.0857289061,0.21350944,0.129763633
0.115906313,0.302127928,0.18202886,0.458664745
0.0986023918,0.498556018,0.146075159,0.687461436
0.056200888,0.604103744,0.0833230391,0.770227253
-0.0163892154,0.590315282,-0.00863775145,0.765400946
-0.0989234671,0.481571853,-0.126155987,0.682584822
-0.154000208,0.338386208,-0.222245216,0.52236551
-0.147783011,0.223738417,-0.23279807,0.365560502
-0.0717746317,0.17126523,-0.120774053,0.286217332
0.047585424,0.172294006,0.0737596527,0.283846587
0.158675715,0.187635824,0.253932774,0.300287038
0.210180745,0.17605862,0.339718312,0.277216375
0.179164708,0.122280717,0.298859835,0.197400168
0.0859532058,0.0481082834,0.152914733,0.0792362541
-0.0137222875,0.000348862493,-0.0172838364,-2.70106393e-05
-0.0567707196,0.0225830916,-0.0973805189,0.0354108401
-0.0069841342,0.127151266,-0.0189733375,0.208772197
0.122856788,0.283642948,0.186312139,0.43961978
0.273792595,0.430905879,0.381266922,0.59315908
0.368340552,0.506407022,0.470170677,0.629876316
0.349525988,0.477097481,0.463228971,0.611307859
0.211153373,0.355120212,0.329114735,0.523208559
0.00309468084,0.190106243,0.0238629151,0.314497292
-0.191932723,0.0426546112,-0.302029848,0.0765672177
-0.298730552,-0.0462902449,-0.469350666,-0.0673390254
-0.286564887,-0.0735908374,-0.457627565,-0.111354262
-0.18361333,-0.0702893361,-0.309516281,-0.108864248
-0.0613408089,-0.0790832117,-0.110367067,-0.12727952
0.00321613485,-0.126093283,0.00444965716,-0.206108019
-0.0321782492,-0.202930138,-0.0495820604,-0.329401553
-0.15273118,-0.269047707,-0.23691678,-0.421592534
-0.293935657,-0.27306211,-0.440593868,-0.408932894
-0.374600649,-0.181423649,-0.559972048,-0.268944502
-0.338656455,0.000904227432,-0.531329691,0.000929603179
-0.184510499,0.228530258,-0.303065479,0.359004885
0.0326897204,0.433199286,0.0422865823,0.634066522
0.226676136,0.55164361,0.297913402,0.712634683
0.320457339,0.550008059,0.407245636,0.678893566
0.281470895,0.433976531,0.400103003,0.5962767
0.134754866,0.241813794,0.231548324,0.386033386
-0.0511770546,0.026082078,-0.0689778253,0.0504523031
-0.197593585,-0.165772423,-0.312470496,-0.256886244
-0.251036376,-0.303301036,-0.383459628,-0.447755635
-0.204190359,-0.374559462,-0.312644362,-0.545523584
-0.0935289636,-0.380588174,-0.1545434,-0.569225073
0.0230550915,-0.329107493,0.02340631,-0.513211668
0.0961018056,-0.232011944,0.145863041,-0.380033791
0.10693337,-0.106754526,0.173157886,-0.183913082
0.0725445673,0.0222194027,0.123382702,0.0291812457
0.0324721076,0.126396984,0.0571047403,0.204673678
0.02585751,0.181690559,0.0463028625,0.298903912
0.0708670989,0.178970322,0.116629377,0.294567823
0.156315848,0.130220696,0.254132867,0.214872554
0.248508349,0.0651725233,0.398780018,0.104029469
0.308706939,0.0183356702,0.484225869,0.0234606266
0.311970085,0.0123001477,0.490394503,0.0122375563
0.258268237,0.0462289043,0.417318434,0.0652549192
0.171186537,0.0963914916,0.285504997,0.149353251
0.0856770277,0.129192069,0.146715283,0.20951961
0.0312425289,0.119969122,0.0571723171,0.200638637
0.0185552817,0.0671522617,0.0328867584,0.116585709
0.03546381,-0.00642242469,0.0592349619,-0.0075816242
0.0538599528,-0.0661027208,0.0882001966,-0.109369114
0.0440535508,-0.0849112645,0.0730136558,-0.144138485
-0.00987135991,-0.058667101,-0.0148391062,-0.103434801
-0.100610174,-0.00770531874,-0.165031195,-0.0181119945
-0.198530987,0.036138773,-0.320752382,0.0594945401
-0.263057441,0.049788814,-0.417994261,0.0844238326
-0.260229766,0.0341890343,-0.417860091,0.0620431639
-0.179217502,0.0146923773,-0.29859221,0.032375861
-0.0404339433,0.0251544248,-0.0753515735,0.0446694456
0.109141879,0.0841877088,0.174867049,0.136214823
0.212712616,0.177571699,0.338530958,0.274577171
0.226414531,0.2584849,0.355743378,0.390761733
0.138756275,0.267866999,0.230317831,0.417378008
-0.0220291615,0.165769041,-0.0202118158,0.275081128
-0.196945801,-0.0425998271,-0.30842182,-0.0569268279
-0.318827242,-0.30098024,-0.467549324,-0.424747527
-0.339577675,-0.521475554,-0.438948035,-0.644434571
-0.250405043,-0.621375442,-0.312002927,-0.735913336
-0.0859146789,-0.560038865,-0.128665715,-0.739751637
0.0901598558,-0.357799441,0.119353093,-0.552504778
0.211554319,-0.0874974206,0.329680502,-0.158083275
0.236648574,0.157214373,0.37754795,0.235008568
0.164150506,0.301266581,0.265885055,0.458191723
0.030601941,0.316435605,0.0624229908,0.495830715
-0.108426102,0.225962773,-0.160645112,0.368267924
-0.204018444,0.0854345188,-0.323161244,0.149788558
-0.234199181,-0.0483460501,-0.376895219,-0.0678979978
-0.209739253,-0.143685147,-0.342025995,-0.223085001
-0.163949862,-0.202712908,-0.267620564,-0.319290638
-0.132869691,-0.250148207,-0.215356559,-0.391761273
-0.136565953,-0.310738921,-0.214732289,-0.476685345
-0.170895591,-0.389498174,-0.254664242,-0.569693744
-0.212991923,-0.466194123,-0.30155918,-0.641017973
-0.236360952,-0.506651819,-0.323114365,-0.671425939
-0.226734906,-0.483568788,-0.318485141,-0.655133545
-0.190082118,-0.394301206,-0.287551433,-0.57542038
-0.148966432,-0.265183747,-0.244104832,-0.418807298
-0.129922837,-0.139904797,-0.218674958,-0.232908726
-0.149080068,-0.0585355498,-0.245881706,-0.0952621698
-0.203615934,-0.0388389416,-0.329012662,-0.0596350431
-0.272945017,-0.069789663,-0.430187464,-0.10495498
-0.328188956,-0.120058015,-0.504627645,-0.176740989
-0.344533414,-0.155843168,-0.525363982,-0.228666887
-0.310497493,-0.15767388,-0.485902756,-0.237598345
-0.230755165,-0.127158836,-0.377722472,-0.198427469
-0.122959062,-0.0810792595,-0.213274091,-0.132765383
-0.0116019193,-0.0377314165,-0.0266632866,-0.0616969131
0.0779775456,-0.00462553743,0.127297759,-0.00798280723
0.124217071,0.0247878712,0.206857592,0.0383509062
0.113304317,0.0637022704,0.191107318,0.0999717116
0.0434872992,0.119046919,0.0791959763,0.192554325
-0.0710147843,0.181854323,-0.107686132,0.293875396
-0.199469998,0.227839217,-0.305914909,0.358011067
-0.300911635,0.2289965,-0.449296802,0.352395445
-0.338060051,0.170232266,-0.508329749,0.267433226
-0.29480049,0.0615849718,-0.464245826,0.110544026
-0.188818991,-0.061482694,-0.313173741,-0.0876415819
-0.0706295446,-0.150997505,-0.123456061,-0.24295488
-0.00535031455,-0.166812614,-0.0138399852,-0.277002007
-0.0425038449,-0.0946123824,-0.0704903901,-0.165538177
-0.187270001,0.0469725356,-0.299775749,0.0681846961
-0.388915777,0.213160351,-0.558422387,0.307060033
-0.55597043,0.350019485,-0.669421077,0.432143807
-0.595035791,0.41364345,-0.663016677,0.472828597
-0.456961453,0.383529484,-0.58630085,0.502346992
-0.167730942,0.266059488,-0.26881054,0.430720031
0.17372106,0.0890662,0.27445519,0.163406715
0.433611512,-0.10814058,0.629342079,-0.155305728
0.502059519,-0.284689665,0.662470996,-0.381313413
0.345234513,-0.405680895,0.475088805,-0.560111165
0.0247361027,-0.447625667,0.0436856523,-0.656416953
-0.32730782,-0.403003097,-0.447898269,-0.562602997
-0.567396462,-0.283846915,-0.711978555,-0.350724339
-0.606402636,-0.122128166,-0.772222161,-0.148168996
-0.449896842,0.0360829942,-0.660691202,0.0583448373
-0.192840844,0.143678129,-0.323885649,0.238806978
0.0290783737,0.169575796,0.0420240313,0.285486937
0.107342951,0.11265602,0.183525577,0.187721208
0.0136834113,0.00476485444,0.0356176533,0.00870828424
-0.188289955,-0.101019926,-0.294127434,-0.162477165
-0.378385991,-0.153423131,-0.562163293,-0.223667741
-0.443493336,-0.127123281,-0.644138575,-0.177656472
-0.336573511,-0.0357261747,-0.532054245,-0.0511733107
-0.100645825,0.0742337331,-0.181723326,0.127706766
0.154154986,0.146622673,0.241068706,0.239539027
0.307899445,0.145141646,0.479973912,0.22261171
0.292354733,0.0733441263,0.47152707,0.11292661
0.124777809,-0.0263211504,0.221377105,-0.0463191792
-0.102845445,-0.0952466726,-0.160810873,-0.159626916
-0.272429466,-0.0919106081,-0.429970264,-0.145409942
-0.300080299,-0.017648451,-0.480179936,-0.0249369498
-0.176550925,0.0801822022,-0.300339818,0.135489061
0.0322339311,0.131251648,0.0434317552,0.222701371
0.223055318,0.0807435811,0.359586686,0.13470605
0.310071677,-0.0769261718,0.489186913,-0.115617275
0.266785592,-0.28824538,0.407202959,-0.432993114
0.133920625,-0.461967587,0.191820458,-0.658660173
-0.00895021949,-0.512563407,-0.0173229072,-0.714637101
-0.0905801579,-0.404108256,-0.143174812,-0.604656041
-0.087214604,-0.171487898,-0.154412031,-0.29008171
-0.0325187072,0.0932607427,-0.0646243617,0.144449919
0.00598446419,0.28368926,0.0133335507,0.446735233
-0.0304875541,0.329414785,-0.0354844369,0.514848411
-0.154918909,0.228342623,-0.230094716,0.371803939
-0.323818892,0.0437812246,-0.490294904,0.0808516592
-0.458652765,-0.13199234,-0.6508196,-0.175546721
-0.487264991,-0.228183016,-0.66822809,-0.301792264
-0.382480949,-0.232625425,-0.56492871,-0.330774814
-0.177144587,-0.19521071,-0.299733669,-0.305850387
0.0518781804,-0.195381999,0.0719313473,-0.311962873
0.221372604,-0.291361898,0.332177043,-0.440978765
0.280682594,-0.479493886,0.375124425,-0.640491545
0.231831104,-0.687497497,0.256476879,-0.77260071
0.121963657,-0.807568371,0.112449966,-0.799927533
0.0144373337,-0.753410399,0.00824893545,-0.812491119
-0.044354666,-0.511226892,-0.0717504323,-0.712191105
-0.0446152575,-0.156340003,-0.0872584283,-0.275076687
-0.0104694758,0.175869241,-0.0250127856,0.275726229
0.0206767228,0.35219577,0.038271416,0.542549133
0.022868501,0.306409478,0.0467977487,0.489172399
-0.00429999828,0.0733992681,0.00374421314,0.137299433
-0.0392622054,-0.225835606,-0.0586279444,-0.352122813
-0.055608511,-0.442077458,-0.088141717,-0.64009124
-0.0407845378,-0.470297962,-0.0708918646,-0.67479527
-0.00427101273,-0.300335228,-0.0201732218,-0.482478291
0.0295525361,-0.0202273168,0.0390124917,-0.0495789349
0.0387440808,0.229541376,0.0643074736,0.360220224
0.0198384132,0.327714056,0.0418896116,0.511630595
-0.00794392731,0.233539402,-0.00161012495,0.38668108
-0.01330915,0.00671275426,-0.0154849766,0.0271355417
0.0280362982,-0.223833591,0.0428219065,-0.352062583
0.117569938,-0.32609868,0.169521362,-0.506185234
0.231192276,-0.232377827,0.345183671,-0.373050451
0.331327587,0.0261859428,0.504436314,0.0196848419
0.386577845,0.33487764,0.538236618,0.446329206
0.387021869,0.552180052,0.472500205,0.649813116
0.346042722,0.579025209,0.421410888,0.683270276
0.288072467,0.405903369,0.412442625,0.570583701
0.230609387,0.115157865,0.382306397,0.194893569
0.17265296,-0.16119729,0.284172535,-0.25410223
0.0977583304,-0.305701315,0.151140019,-0.480641931
-0.0095537575,-0.269240737,-0.0198002942,-0.439019859
-0.144532934,-0.0886185467,-0.239960164,-0.159812331
-0.273690939,0.138542861,-0.430089027,0.209408954
-0.345227838,0.306331724,-0.493821234,0.445110023
-0.315324843,0.35242188,-0.445890158,0.512324929
-0.17665264,0.283321977,-0.272669971,0.451226264
0.0279455706,0.162308097,0.0404408239,0.278978735
0.217156261,0.0692600682,0.347774446,0.115097649
0.30547902,0.0556138977,0.479755193,0.077369839
0.244251773,0.118720122,0.395908862,0.175404429
0.0483461544,0.208122492,0.093221128,0.327694207
-0.20651333,0.258457124,-0.305398136,0.399700373
-0.416279972,0.229528904,-0.582414091,0.337793589
-0.49590674,0.131026477,-0.684073925,0.19782123
-0.418291777,0.0185125135,-0.62304002,0.0412894376
-0.225544423,-0.0365847461,-0.375701427,-0.0498228818
-0.00723466882,0.0138754249,-0.0256249513,0.0226874854
0.142989591,0.16793026,0.227481246,0.261621565
0.170406088,0.373414785,0.261048764,0.542920232
0.0808232799,0.554259896,0.122777,0.728603661
-0.0684022754,0.648668647,-0.0667973682,0.788109899
-0.201047078,0.638591051,-0.227300301,0.766217291
-0.259886235,0.555077255,-0.318543613,0.708741903
-0.230075076,0.45744586,-0.314296275,0.641281962
-0.137790754,0.3983877,-0.2018473,0.593503356
-0.0281560142,0.394461125,-0.0413524359,0.594452798
0.0625502393,0.418075889,0.0963743776,0.614912748
0.123677969,0.41500625,0.186508805,0.608806372
0.167320848,0.337380618,0.262852103,0.514190376
0.209798023,0.173649356,0.340389937,0.28299132
0.25124529,-0.0412324667,0.406068861,-0.0593063496
0.268043786,-0.241268769,0.410483032,-0.368692815
0.224576384,-0.36231178,0.328519732,-0.540938377
0.098301433,-0.374564886,0.147428378,-0.572708905
-0.0971194506,-0.297008336,-0.149748564,-0.473919034
-0.306219667,-0.185832888,-0.465600014,-0.288023323
-0.450086981,-0.10311152,-0.649115682,-0.14306432
-0.461505711,-0.0827805698,-0.664781928,-0.10680037
-0.319343925,-0.112620413,-0.504487514,-0.161276385
-0.063609153,-0.142358467,-0.12069869,-0.225795329
0.218179077,-0.113798492,0.335346997,-0.185168713
0.427947581,0.00334944902,0.623394907,-0.0092763612
0.499720544,0.189840391,0.68331635,0.240784034
0.427121311,0.382189542,0.57277745,0.488118023
0.262524962,0.503321111,0.362245202,0.655131817
0.089073427,0.503114939,0.139236704,0.69611007
-0.0197106283,0.387365758,-0.0181424897,0.5889346
-0.0323863812,0.218919829,-0.0463605188,0.364747137
0.031176107,0.0888043344,0.0514887273,0.153941706
0.116507821,0.0708516911,0.189128146,0.113892704
0.166617811,0.182476789,0.266853392,0.28095904
0.151846826,0.371971488,0.232761264,0.543501377
0.0824563205,0.539868712,0.123492904,0.722471058
-0.000930451613,0.584960163,0.010332752,0.762320757
-0.052008342,0.452999651,-0.0644820929,0.659649611
-0.0443011113,0.164388835,-0.0630581677,0.287669748
0.0159303546,-0.192818627,0.0265068784,-0.294192553
0.0949656293,-0.50142628,0.123590551,-0.692308724
0.150608912,-0.666706383,0.165020764,-0.789081514
0.153695792,-0.656588852,0.174252346,-0.783656359
0.100853242,-0.511828721,0.131080627,-0.70893383
0.0131425811,-0.322402745,0.0162794422,-0.514032543
-0.0767413676,-0.182674646,-0.126625329,-0.302930951
-0.140477657,-0.147573128,-0.231086254,-0.236758322
-0.164758682,-0.210589215,-0.264199793,-0.326251179
-0.152384505,-0.312912822,-0.241162658,-0.473104239
-0.115635715,-0.377500474,-0.183443367,-0.564135373
-0.0676614717,-0.350075573,-0.11480049,-0.537981451
-0.0174233634,-0.226616815,-0.0382949673,-0.372316867
0.0298773423,-0.0545435064,0.0421569906,-0.100763477
0.0692478493,0.0917045921,0.113222718,0.146063745
0.0936294198,0.147580251,0.158499405,0.242299527
0.0958759412,0.0893841684,0.164347485,0.15369755
0.0742304027,-0.0552766733,0.129549995,-0.0841870457
0.0372195207,-0.221403435,0.0605357178,-0.354683191
0.00340489461,-0.33698085,0.00109369133,-0.521391213
-0.00566784292,-0.354752809,-0.0179916956,-0.547497153
0.0235623997,-0.270878464,0.0272216834,-0.436788172
0.087897636,-0.123240441,0.133728251,-0.212428689
0.166538686,0.0278919023,0.26737684,0.0390156172
0.229830608,0.126541033,0.366718739,0.197639436
0.253702253,0.14275834,0.405331254,0.223086894
0.232201889,0.0809809119,0.380814046,0.130225509
0.181044444,-0.0263795666,0.302804857,-0.0429697707
0.129765987,-0.13500914,0.213317946,-0.220475644
0.106378794,-0.206275091,0.168478876,-0.335147768
0.122731701,-0.219304025,0.189935744,-0.354949415
0.168550834,-0.174419373,0.263477147,-0.28673628
0.217395946,-0.0889816135,0.345510989,-0.152356818
0.241164625,0.0108528007,0.387548745,0.00863196142
0.225068808,0.0987715051,0.364965826,0.150986522
0.174881369,0.155018345,0.289435387,0.245241046
0.112758785,0.170376703,0.190509066,0.274477124
0.064463526,0.147391841,0.110595413,0.243448392
0.04557129,0.0988241136,0.0786992237,0.166730925
0.0545349233,0.0433170237,0.091475673,0.0756404847
0.0762023479,-0.00110130699,0.127953246,-0.00146402593
0.0931244344,-0.0238250531,0.155290335,-0.0412761159
0.0974499285,-0.0259236619,0.162487328,-0.0458202995
0.096042797,-0.0192772597,0.160472602,-0.0362019651
0.105715513,-0.0200626217,0.175034523,-0.0347796157
0.141569525,-0.0390831567,0.232583493,-0.0644271448
0.205706909,-0.0737820044,0.330867827,-0.120625645
0.283455938,-0.106785223,0.441980273,-0.170118466
0.349790245,-0.112965934,0.528641582,-0.179271355
0.382465959,-0.0724661201,0.572086334,-0.119739614
0.374232441,0.0167250615,0.568461061,0.0129529471
0.336813807,0.133787856,0.516881764,0.192287296
0.294070065,0.241613552,0.450218976,0.354411334
0.268091947,0.302933544,0.405166149,0.446655065
0.266218126,0.29859972,0.403786331,0.444831818
0.276558965,0.238584504,0.425943911,0.362272143
0.274744689,0.159241036,0.434466898,0.247440547
0.238100916,0.10709919,0.386829078,0.165842906
0.15909785,0.116580226,0.264257938,0.18227829
0.0502972044,0.19264096,0.0884450972,0.304997295
-0.0620516799,0.307335794,-0.0904298648,0.474564075
-0.151990622,0.412416667,-0.215325683,0.602279603
-0.207182169,0.461869806,-0.28034398,0.648761272
-0.233724609,0.433085024,-0.319817275,0.616215825
-0.249591142,0.336037934,-0.360586464,0.506189048
-0.270600587,0.206180111,-0.409196585,0.33054921
-0.297413468,0.0853371471,-0.461309791,0.144178003
-0.311729819,0.00116350187,-0.487899154,0.0103646563
-0.284733474,-0.0438225716,-0.45431897,-0.063456431
-0.193756014,-0.0681720674,-0.324055523,-0.105069317
-0.0381481349,-0.0954996496,-0.0738698021,-0.15374285
0.154683426,-0.13639307,0.241235361,-0.219633967
0.337098062,-0.179258466,0.502982438,-0.273043633
0.459617853,-0.195980608,0.638127089,-0.283128947
0.491027623,-0.159650058,0.675289392,-0.23161079
0.430465639,-0.064331539,0.630755067,-0.109485306
0.120565385,0.102016866,0.215335175,0.146042883
0.0389537103,0.236059397,0.0613747351,0.378609806
-0.0479161106,0.367670298,-0.0640980974,0.55635494
-0.113952875,0.43956992,-0.155700743,0.63755244
-0.153575972,0.409006149,-0.215644881,0.603823066
-0.176405519,0.275194377,-0.264898956,0.438006312
-0.194093034,0.0859768018,-0.30840233,0.152412891
-0.208872661,-0.0819961801,-0.337798089,-0.122189432
-0.21136041,-0.160440207,-0.340893924,-0.253273994
-0.188638344,-0.124589823,-0.311135024,-0.203885436
-0.136763409,-0.00717685791,-0.23414728,-0.0144213308
-0.068709746,0.117100522,-0.117306434,0.192181557
-0.0112996912,0.169321448,-0.0177337714,0.280003071
0.00854596775,0.107040346,0.0219125487,0.185349375
-0.0191111546,-0.0531115048,-0.0247170012,-0.0807063431
-0.0771828443,-0.24262619,-0.121216781,-0.381830245
-0.125882313,-0.374383777,-0.193166047,-0.559213042
-0.121071629,-0.384937614,-0.189971715,-0.575583458
-0.0380877256,-0.264546186,-0.0748236701,-0.426014364
0.111524254,-0.0604846627,0.169962421,-0.110179447
0.280261993,0.146891013,0.429784805,0.218375593
0.403467953,0.282273233,0.572009504,0.389445752
0.428507715,0.308413476,0.594018579,0.416381031
0.34018454,0.238561645,0.515012741,0.348438174
0.169420958,0.124234706,0.289820731,0.200915769
-0.019793326,0.0267220233,-0.0219010618,0.0443321317
-0.159374058,-0.012086153,-0.259830147,-0.0180199724
-0.208114147,0.0146671776,-0.342769384,0.0246836748
-0.169566214,0.0824933723,-0.282726794,0.137053072
-0.0882044882,0.153893515,-0.148280621,0.253954649
-0.0260499027,0.199803635,-0.042042952,0.327610284
-0.0315943956,0.212534189,-0.0442627221,0.346220464
-0.116440937,0.204601184,-0.176173136,0.330036819
-0.250839263,0.19611761,-0.381665885,0.308998883
-0.379538804,0.199318752,-0.552462339,0.297784716
-0.44919613,0.209462315,-0.627808094,0.299268395
-0.433177829,0.206980884,-0.613497913,0.302588493
-0.341606855,0.1692103,-0.518651426,0.267201334
-0.212628886,0.084934786,-0.346847534,0.148610696
-0.0907027572,-0.0361521915,-0.153898209,-0.0492646694
-0.00407263311,-0.164028957,-0.00984968431,-0.264806896
0.0467264391,-0.258823216,0.07000909,-0.413060606
0.0840225518,-0.286485255,0.125150636,-0.455622703
0.135587826,-0.232956156,0.206480294,-0.377967
0.215079516,-0.111160748,0.336026102,-0.188218862
0.311528325,0.041735854,0.481773555,0.0543578528
0.393673271,0.175747022,0.579272032,0.248360053
0.426507026,0.244289398,0.605187833,0.337812185
0.390591919,0.21998398,0.574739456,0.313516498
0.293241113,0.104943655,0.470438629,0.162414208
0.165267095,-0.0680930987,0.281368345,-0.109319434
0.0450855717,-0.244886652,0.0767224953,-0.389081359
-0.0409570746,-0.36693719,-0.0663165003,-0.556852341
-0.0910044834,-0.391534716,-0.144618511,-0.585441172
-0.125803784,-0.307454109,-0.202789918,-0.481596828
-0.173414662,-0.139807746,-0.285627335,-0.234838843
-0.249013513,0.0588010177,-0.400128931,0.0880820602
-0.341338575,0.228098571,-0.504002333,0.340117007
-0.414058864,0.323032171,-0.561391711,0.449369848
-0.422421038,0.329753429,-0.568961143,0.457989663
-0.337130159,0.267323971,-0.491683155,0.403746665
-0.163062662,0.174350813,-0.266999364,0.292836607
0.0574757792,0.0873064101,0.088250421,0.153903663
0.259630799,0.0218520295,0.410086423,0.0355005264
0.382494986,-0.032709498,0.5785411,-0.0544304997
0.394660711,-0.102545828,0.591549516,-0.159182474
0.306563318,-0.207808122,0.471309334,-0.319028407
0.163843408,-0.34291169,0.251190752,-0.519464135
0.025328137,-0.470953882,0.0345163122,-0.671888173
-0.0633228272,-0.537549794,-0.0944028497,-0.72887069
-0.0875046328,-0.498591572,-0.131981969,-0.695473313
-0.06501434,-0.34776482,-0.112592056,-0.538572371
-0.0314374752,-0.128163934,-0.0624863096,-0.221936464
-0.018195847,0.080513157,-0.0341975801,0.125789672
-0.0351846777,0.195212886,-0.0525985099,0.317618668
-0.0669200271,0.167869687,-0.101943225,0.282063246
-0.0835472196,0.00955936592,-0.133596346,0.0282041859
-0.0600250028,-0.212719157,-0.0984619483,-0.330151409
0.00744695682,-0.406383604,0.0028645813,-0.600559056
0.096978277,-0.496544093,0.122197613,-0.693618298
0.171090022,-0.460969001,0.228383973,-0.654366672
0.195985973,-0.339260787,0.285112232,-0.519051313
0.159612805,-0.211631984,0.25233373,-0.349100411
0.0787341818,-0.158043623,0.131034598,-0.263866991
-0.00891500898,-0.218323439,-0.0118360883,-0.350237668
-0.063398473,-0.373075336,-0.0983063653,-0.556674898
-0.0624890439,-0.554228663,-0.0927846506,-0.733487606
-0.0123489229,-0.678837359,-0.0276460219,-0.799236417
0.0565030575,-0.688288331,0.0529165603,-0.803125083
0.105679527,-0.573298097,0.127153769,-0.751550138
0.109124996,-0.373544186,0.154173851,-0.572185338
0.0664551482,-0.154547438,0.104715742,-0.266786993
0.00259239785,0.0241150651,0.0052471729,0.0318737067
-0.0458898693,0.132083103,-0.0726270676,0.21816802
-0.0503834486,0.17224218,-0.081407465,0.286180526
-0.00553128496,0.166624844,-0.00899172109,0.278485954
0.0676377788,0.135531694,0.111785792,0.227304325
0.132063717,0.0840348005,0.217986807,0.14042531
0.152840734,0.004124898,0.255634874,0.00771284755
0.113747098,-0.110009111,0.19275324,-0.180505097
0.0238851421,-0.245066091,0.0411633141,-0.39130035
-0.088308081,-0.363246888,-0.133568197,-0.550528288
-0.189746886,-0.414761245,-0.280213505,-0.600107551
-0.257892162,-0.363278031,-0.382100224,-0.528549373
-0.288602829,-0.210304216,-0.450437218,-0.325664163
-0.293331623,-0.00329853711,-0.470923275,-0.00941672362
-0.288434654,0.179805174,-0.446662426,0.277735591
-0.283563942,0.264172584,-0.422380835,0.404358476
-0.276147425,0.213624135,-0.417721629,0.338177681
-0.25494957,0.049772162,-0.40326798,0.093579568
-0.210048899,-0.155961975,-0.337380379,-0.234360144
-0.14258337,-0.314378828,-0.229078323,-0.47599858
-0.0676386654,-0.359017819,-0.113033712,-0.547503948
-0.00771864597,-0.275152683,-0.0227739867,-0.443806201
0.0199783035,-0.103289172,0.0267468449,-0.182072714
0.015117419,0.0835592523,0.0240084622,0.130166128
-0.00271127094,0.216201544,7.69146936e-05,0.348030716
-0.00237511448,0.260251731,0.00174979761,0.419544727
0.042466037,0.226650357,0.0718680769,0.371762574
0.137469262,0.158230573,0.22322689,0.262594432
0.26105997,0.101694927,0.411842763,0.161290467
0.37168473,0.0814703181,0.561784446,0.118021414
0.426150084,0.0896445513,0.625152946,0.121363543
0.400229424,0.0962253213,0.598470151,0.134995982
0.301062435,0.0721596628,0.479027361,0.107039772
0.164728895,0.0105812624,0.28201133,0.014099624
0.0398648828,-0.0666368678,0.0736377239,-0.110488564
-0.0345957465,-0.120937899,-0.0596925803,-0.19945845
-0.0463713035,-0.120565385,-0.0828025863,-0.201551974
-0.013024007,-0.0614853799,-0.0280569866,-0.104166888
0.0298717096,0.0269506313,0.0462198295,0.0405958034
0.0489950441,0.0957048684,0.0830028653,0.15619567
0.0310452767,0.102210611,0.0580926389,0.170998886
-0.0114262141,0.0348381363,-0.0126216467,0.0624266416
-0.0490029715,-0.0779525489,-0.0780450329,-0.123160012
-0.0540068299,-0.179404527,-0.0927716866,-0.288341492
-0.0182548873,-0.211754352,-0.0383285247,-0.342181683
0.0400637016,-0.145358562,0.0566247702,-0.246094376
0.0845083445,0.00505732279,0.134564072,-0.00160121999
0.0793960318,0.185235962,0.133211359,0.292342246
0.00951178838,0.325010985,0.0244031455,0.501070917
-0.11026594,0.369364113,-0.152906597,0.55860132
-0.24094373,0.30240649,-0.349780917,0.463607311
-0.338170171,0.153706253,-0.505541623,0.247711927
-0.37401104,-0.0149984267,-0.565692186,-0.00911934488
-0.350225955,-0.135840669,-0.535151541,-0.195020124
-0.295955837,-0.16186294,-0.464024186,-0.246231616
-0.251017302,-0.0840853453,-0.407555521,-0.134348124
-0.24371928,0.067022115,-0.393081158,0.104063816
-0.275112748,0.234457776,-0.417603791,0.356720388
-0.318207532,0.355638683,-0.447102427,0.510848522
-0.332710117,0.383295685,-0.454898983,0.540795088
-0.287499577,0.299739748,-0.419411659,0.455337882
-0.178833857,0.121179171,-0.289480835,0.212923795
-0.03444653,-0.107924685,-0.0607346594,-0.162666604
0.0988690183,-0.328086317,0.144995928,-0.500388443
0.177835032,-0.48185125,0.23899667,-0.671984792
0.183655202,-0.530234814,0.237075016,-0.710405946
0.130413204,-0.464020729,0.178921744,-0.664566636
0.0565596558,-0.306256413,0.0818780139,-0.490850329
0.00404775236,-0.10448911,0.000957006938,-0.187238663
-0.00384561159,0.0853320509,-0.0112342089,0.13603878
0.0256551374,0.217908606,0.0419870615,0.352481455
0.0595032983,0.273394316,0.0994621441,0.436630934
0.0574442819,0.261890948,0.0990556106,0.418933153
-0.00530345878,0.215729043,0.00176021468,0.351798892
-0.123223417,0.173094958,-0.190480933,0.281960487
-0.261241168,0.160682037,-0.401853383,0.25545755
-0.370555609,0.183521345,-0.54600817,0.275909901
-0.411288708,0.226479858,-0.588562071,0.331749082
-0.370353162,0.265848637,-0.5356462,0.390060484
-0.265734434,0.284177393,-0.400879145,0.435971469
-0.135698572,0.279962659,-0.213742286,0.444874465
-0.0193050671,0.266910136,-0.0295784194,0.428925902
0.061155472,0.26359421,0.101866335,0.419480324
0.106727362,0.279988289,0.171945527,0.438417107
0.13466242,0.30925402,0.213605016,0.474643141
0.162565559,0.330151707,0.251960069,0.499976575
0.19355616,0.319120765,0.299055725,0.482898325
0.211499572,0.265123308,0.333111584,0.409561098
0.189600632,0.178299204,0.311719358,0.284802109
0.107949115,0.0867141262,0.187627107,0.142456993
-0.0298409574,0.0222897418,-0.0414748564,0.0354472101
-0.19092761,0.00349428738,-0.306049496,0.00555598084
-0.323160082,0.0246956442,-0.500231922,0.0411689468
-0.377136797,0.0586852431,-0.572130024,0.09398707
-0.330144167,0.0715235472,-0.513725102,0.11999312
-0.199924394,0.0416775122,-0.332701623,0.0772220418
-0.0404995941,-0.0273897145,-0.0739376321,-0.0374104753
0.0793357119,-0.108658426,0.128027588,-0.175846398
0.105803788,-0.166696578,0.173134565,-0.27508685
0.0248002484,-0.178279668,0.0438809022,-0.299517542
-0.130112648,-0.146796957,-0.208105356,-0.244416788
-0.290592343,-0.101859137,-0.454828292,-0.158983007
-0.382134765,-0.0836159214,-0.575466514,-0.119221084
-0.356175601,-0.119917959,-0.544368386,-0.168368787
-0.211787775,-0.208766833,-0.343816549,-0.316022575
0.002419214,-0.315990686,-0.0111471312,-0.485077977
0.207066298,-0.390052497,0.288368255,-0.569463372
0.323555619,-0.386728555,0.443489105,-0.548170328
0.305303484,-0.291104078,0.445847481,-0.441882461
0.155955032,-0.125775754,0.257817835,-0.220307693
-0.0724909455,0.058568269,-0.111487888,0.0828644559
-0.300404042,0.20497261,-0.449728549,0.31205374
-0.451358527,0.273329705,-0.612238407,0.384264022
-0.480652928,0.253922105,-0.645597279,0.355011314
-0.390463084,0.166389778,-0.574372411,0.258167684
-0.226246849,0.0469836593,-0.37112084,0.090103969
-0.0565624684,-0.0676513463,-0.100581765,-0.10306745
0.0551251657,-0.151765302,0.0861548409,-0.247804791
0.0752312616,-0.193037987,0.122240014,-0.31693238
0.0117146727,-0.188575298,0.0204411056,-0.314092219
-0.0916194692,-0.140184879,-0.149681106,-0.235686496
-0.175360218,-0.0537963435,-0.288590848,-0.0905602798
-0.190609097,0.0566629209,-0.315105826,0.0909525156
-0.119994819,0.165429115,-0.201682448,0.271897584
0.0152160944,0.237085924,0.0197677501,0.383907795
0.164854243,0.237525672,0.262554646,0.378501922
0.272182614,0.150259152,0.429956913,0.238078937
0.299076527,-0.0105116433,0.476252794,-0.0145471832
0.242891803,-0.199042708,0.385665148,-0.310399979
0.137350842,-0.35300383,0.20996666,-0.536028326
0.0368106104,-0.419198632,0.0500602275,-0.623209298
-0.00915389694,-0.378045171,-0.0233085304,-0.577150524
0.0207532533,-0.253921032,0.0217491072,-0.413012922
0.109037682,-0.104838096,0.169164255,-0.179011986
0.207202166,0.00447548786,0.332886755,0.00258852076
0.258630037,0.0328739546,0.415575981,0.0485003218
0.226006657,-0.0191281661,0.37271291,-0.031896051
0.11012432,-0.113012463,0.189669132,-0.186908498
-0.0494172946,-0.19560717,-0.0761772394,-0.319516629
-0.192631736,-0.22931987,-0.304564357,-0.360799104
-0.268327683,-0.21251002,-0.419399947,-0.325561851
-0.259972453,-0.178578481,-0.41483143,-0.274047107
-0.195109665,-0.174183488,-0.319225371,-0.2719284
-0.132710367,-0.228844583,-0.217273697,-0.357762963
-0.133529186,-0.333390951,-0.20541735,-0.504300773
-0.227296904,-0.440163553,-0.319529742,-0.615065038
-0.39298144,-0.485922307,-0.495319068,-0.608959198
-0.562888682,-0.425599039,-0.648902178,-0.486575574
-0.650351107,-0.258539259,-0.754136503,-0.29627654
-0.589295983,-0.0324566849,-0.769474745,-0.040319141
-0.367641121,0.177830815,-0.560026884,0.268583775
-0.0384999365,0.306145936,-0.0743315592,0.487319201
0.29711172,0.326473564,0.431770474,0.482158065
0.529403567,0.263716549,0.690480173,0.338756353
0.583960831,0.178272724,0.747932553,0.219306022
0.45160225,0.133017004,0.65266037,0.179794565
0.191002548,0.16047664,0.320165634,0.242819622
-0.0966078416,0.247438744,-0.13861753,0.384960264
-0.308972299,0.344389111,-0.436348349,0.49786517
-0.382125974,0.393618554,-0.50993824,0.538217723
-0.310928553,0.360062122,-0.44040218,0.522138774
-0.143553063,0.248212397,-0.228729904,0.404424578
0.0452299416,0.0968830362,0.0719840452,0.172282875
0.18805784,-0.0437902994,0.306423515,-0.0679064319
0.250405043,-0.139113903,0.39694044,-0.223100215
0.237209573,-0.185046494,0.374238074,-0.298072457
0.180465356,-0.203970015,0.287158966,-0.331645906
0.116714217,-0.224808052,0.186735585,-0.363632351
0.0672550127,-0.260378063,0.104058228,-0.416201323
0.0309438463,-0.296200514,0.0452472158,-0.467655629
-0.00830068439,-0.297931969,-0.0186891239,-0.472322136
-0.0653933063,-0.233350843,-0.109453693,-0.380262882
-0.139811799,-0.0959653556,-0.2323291,-0.165333793
-0.211937144,0.0840430558,-0.343901157,0.129567891
-0.252315164,0.24890855,-0.385361344,0.381915808
-0.238573968,0.338538498,-0.351420462,0.508494258
-0.170223713,0.31891793,-0.256042689,0.495701253
-0.0725434124,0.198697224,-0.11435774,0.334943444
0.0133611448,0.0252936725,0.0244470779,0.0523216501
0.0496973135,-0.137241215,0.0824853107,-0.22255677
0.0205673836,-0.236889794,0.0338264816,-0.383457333
-0.0597034618,-0.25431779,-0.0969687104,-0.410435289
-0.152978227,-0.205979541,-0.246708587,-0.334314644
-0.215360686,-0.12995097,-0.34929359,-0.209106937
-0.217853159,-0.0637180805,-0.359112084,-0.100078277
-0.159390882,-0.0264169164,-0.268888086,-0.0390310585
-0.0661333054,-0.0142024169,-0.116654925,-0.0196069349
0.0219526496,-0.00918809418,0.0339726321,-0.0132534886
0.0698080212,0.00526082469,0.114631869,0.0072357296
0.0616244748,0.0328508504,0.106420942,0.0510184616
0.00406272896,0.062919043,0.0125056263,0.102892265
-0.0820369795,0.0788514763,-0.129370078,0.130099162
-0.175577447,0.0698221549,-0.282616168,0.116658874
-0.266164482,0.0377009585,-0.419594646,0.065741919
-0.355754495,-0.00532406894,-0.541815221,-0.0012582615
-0.450510085,-0.0464160182,-0.650209486,-0.0597977005
-0.548509479,-0.0820584968,-0.734231114,-0.101152793
-0.631800771,-0.121004224,-0.77824682,-0.137862518
-0.669128239,-0.177462041,-0.780402422,-0.196148708
-0.629551351,-0.258394599,-0.745462835,-0.2930049
-0.500473082,-0.3532269,-0.642363429,-0.433229566
-0.300110698,-0.433558553,-0.424737573,-0.58167398
-0.0763625428,-0.464803308,-0.125660732,-0.659406066
0.109356858,-0.424315274,0.14504835,-0.623523474
0.20677653,-0.315951884,0.305771351,-0.488304377
0.198325127,-0.172133029,0.314195096,-0.287418783
0.106727682,-0.0409389436,0.181029901,-0.0785579383
-0.0157417022,0.0358950235,-0.019722404,0.0568437874
-0.111664556,0.0428187549,-0.181870639,0.0742594004
-0.144814715,-0.0024421257,-0.239668936,0.00339913578
-0.115432963,-0.0585767105,-0.195750877,-0.0902352184
-0.0567981079,-0.082315214,-0.100389317,-0.135126859
-0.0148525666,-0.0508176461,-0.0276135653,-0.0870501921
-0.0213442948,0.0266845301,-0.0352778211,0.0391087085
-0.0744503289,0.113740988,-0.118965618,0.184080437
-0.137235507,0.165151149,-0.216465846,0.269322991
-0.155287236,0.149373367,-0.249411687,0.24921152
-0.0849816278,0.0637396723,-0.143958777,0.116856083
0.0818677694,-0.0643344894,0.128399789,-0.0975848362
0.309762299,-0.189541757,0.461790204,-0.286837906
0.532459617,-0.267316729,0.679846108,-0.351994842
0.681342602,-0.269858718,0.749971211,-0.311156631
0.715663731,-0.19321388,0.779363155,-0.223605737
0.640034735,-0.054483477,0.783626735,-0.081460394
0.500734866,0.117044382,0.695832491,0.142918766
0.362802595,0.289446175,0.527909696,0.400042504
0.279249579,0.434770525,0.393934369,0.592826128
0.267427236,0.532339811,0.352129638,0.6819067
0.303800285,0.570616603,0.378394902,0.696485639
0.339106321,0.549275279,0.423795938,0.670478165
0.325796366,0.480982244,0.434512705,0.624636829
0.243776441,0.390414327,0.363596976,0.558065116
0.111633286,0.308227003,0.18768093,0.476705283
-0.0220037438,0.260439068,-0.0238037203,0.41591543
-0.102380186,0.257378548,-0.157551497,0.409854293
-0.0957954377,0.288243532,-0.149905473,0.455030352
-0.00667514605,0.325565219,-0.0112731308,0.508801103
0.123626947,0.338797837,0.189562604,0.518660605
0.235461995,0.310637802,0.35912165,0.467883259
0.277828902,0.247070476,0.429896235,0.373744845
0.230886668,0.174706459,0.37587148,0.273489624
0.11386393,0.125823855,0.197648033,0.200733215
-0.0246013477,0.118969612,-0.0324765481,0.194422662
-0.128487632,0.14645879,-0.205941439,0.23752749
-0.158324689,0.177057549,-0.254702091,0.289334863
-0.106467292,0.173713386,-0.174445748,0.289880991
0.00220962008,0.1169926,0.00143481139,0.201877266
0.123245843,0.020426061,0.201817617,0.0394868664
0.212447807,-0.0725771412,0.342699617,-0.117858022
0.243719444,-0.110534467,0.387849838,-0.183142066
0.2177836,-0.0634701774,0.351385355,-0.112035491
0.159274131,0.0564621948,0.262792587,0.0819748715
0.104627937,0.196452126,0.172595307,0.310330063
0.0864391923,0.288044065,0.141412988,0.451805294
0.120492741,0.28353256,0.191880375,0.448046803
0.199906632,0.183883458,0.320207834,0.29897964
0.297849417,0.041496478,0.468803316,0.0690151975
0.377402514,-0.0658184439,0.568661332,-0.103611216
0.405110657,-0.0771268606,0.599929273,-0.124972299
0.363850921,0.0157946758,0.556401789,0.00849457178
0.260802865,0.15976651,0.413513422,0.236128837
0.127447084,0.265460968,0.211715296,0.410353333
0.0106336568,0.254775107,0.029335117,0.4121086
-0.04337354,0.105355978,-0.0655275434,0.18856065
-0.00703232549,-0.132608652,-0.0118044494,-0.204088554
0.114855044,-0.358249277,0.164001584,-0.535516977
0.282280713,-0.470656335,0.364921391,-0.638390958
0.430919439,-0.422086179,0.536494136,-0.551324785
0.494432002,-0.244870886,0.655049562,-0.343966961
0.430508256,-0.0362944044,0.631910622,-0.070485279
0.240173876,0.0920115486,0.396787167,0.135255814
-0.0285558514,0.0740469769,-0.0279039163,0.122860737
-0.295726806,-0.0733184293,-0.451313019,-0.103247307
-0.478301078,-0.256725043,-0.648474514,-0.333963931
-0.521444619,-0.354325771,-0.658166766,-0.432563126
-0.419125408,-0.281014293,-0.592909992,-0.386979997
-0.215087861,-0.0366561227,-0.367928773,-0.0648710355
0.0162241701,0.288634151,0.0110039767,0.446921676
0.200266883,0.555935442,0.266471207,0.717175245
0.290873766,0.645029604,0.345892638,0.737001836
0.284257323,0.513640583,0.378435373,0.666626573
0.213327631,0.21836105,0.349230856,0.351022601
0.126624078,-0.112872064,0.220223248,-0.174168661
0.0632879212,-0.342017651,0.0949175656,-0.525052428
0.0367043205,-0.384455949,0.0444932282,-0.587697268
0.0341973566,-0.243399814,0.0437173992,-0.402526379
0.031295035,-2.47886364e-05,0.0459026471,-0.0142681897
0.0113132,0.232527629,0.0208415519,0.366449147
-0.021537628,0.365283787,-0.0242418535,0.556750298
-0.0433123074,0.37052536,-0.056324508,0.56714046
-0.025199702,0.283016622,-0.033893194,0.456204623
0.0465552881,0.168987602,0.0783408657,0.284205407
0.157662421,0.0834683403,0.256189913,0.138064891
0.26830709,0.0410512947,0.425078839,0.0621116795
0.331306577,0.0154150929,0.51478374,0.0184906591
0.317054629,-0.0347787254,0.498150289,-0.0582870133
0.231871381,-0.131309539,0.37586686,-0.213341147
0.118971512,-0.255156815,0.192369193,-0.405779213
0.0399089493,-0.35194993,0.0562986694,-0.540103674
0.0446555838,-0.361272752,0.0579143539,-0.553233802
0.144994497,-0.252802551,0.214298323,-0.406002373
0.305055678,-0.0481708311,0.464297593,-0.0890015885
0.454777092,0.18447955,0.63707906,0.24431096
0.520785391,0.36089316,0.653717995,0.436427146
0.46036315,0.419924021,0.588108242,0.517838836
0.282328665,0.35094133,0.42130658,0.50291431
0.0447813347,0.195752695,0.0935008004,0.320779443
-0.169277847,0.0254952386,-0.264436603,0.0497084223
-0.286982208,-0.0939378887,-0.45216912,-0.140711099
-0.275091738,-0.129450202,-0.441615254,-0.197472394
-0.150917009,-0.0882691592,-0.259648979,-0.142969295
0.0290968213,-0.00454341481,0.0375745781,-0.00730681466
0.196334213,0.0844689831,0.313261777,0.131553546
0.299066126,0.157766789,0.463259429,0.237747401
0.320372462,0.215309888,0.490078837,0.31630376
0.278221756,0.267967165,0.425828069,0.39564845
0.210115418,0.321728349,0.325045615,0.478271842
0.151708156,0.367854893,0.23623763,0.546044588
0.120452799,0.385660559,0.188106343,0.572517276
0.111323759,0.355602622,0.176567852,0.539778352
0.104682527,0.273309559,0.172544464,0.435126603
0.0802570507,0.154598907,0.140075415,0.257749021
0.0290378928,0.0277018435,0.0544948801,0.050373897
-0.0427221134,-0.0823190287,-0.0677814111,-0.134623855
-0.118135206,-0.166441739,-0.191421539,-0.268996447
-0.178970188,-0.232837796,-0.286208689,-0.364653289
-0.213845983,-0.295094758,-0.330684304,-0.444816798
-0.221253827,-0.355439574,-0.333385497,-0.519834101
-0.207056925,-0.395284593,-0.308949739,-0.568874836
-0.179410264,-0.381715953,-0.272855669,-0.561431468
-0.144980773,-0.288479477,-0.234825,-0.451365501
-0.108633831,-0.119617157,-0.188830107,-0.202867538
-0.0757797211,0.080050163,-0.131016895,0.126327708
-0.0544429347,0.237616912,-0.0858078152,0.379483372
-0.0542726927,0.284996629,-0.078132458,0.454272389
-0.082034409,0.196126252,-0.122714944,0.329177588
-0.136025131,0.00758606894,-0.216174722,0.0253864564
-0.203318819,-0.191432983,-0.321435452,-0.293969005
-0.262622952,-0.298138559,-0.396813929,-0.443821847
-0.29232204,-0.246121347,-0.450033396,-0.374741554
-0.279910296,-0.040712744,-0.453099251,-0.0722660273
-0.227643177,0.239836469,-0.360840559,0.364508986
-0.150936663,0.479750961,-0.207947835,0.670749247
-0.0700349808,0.580763578,-0.0831020698,0.762004673
0.000509819482,0.508909464,0.00964406133,0.713635504
0.058406461,0.308951855,0.0999027267,0.494442582
0.112096511,0.0790984631,0.192199677,0.141360775
0.171654463,-0.0803800151,0.279241651,-0.130772933
0.237389773,-0.117264159,0.372228384,-0.193857163
0.29341644,-0.0498549752,0.456246614,-0.0893008187
0.31126681,0.0493336432,0.487126261,0.0662886277
0.263179004,0.0986294374,0.423184246,0.150216371
0.138868198,0.0555091016,0.239952683,0.0887935683
-0.0432850644,-0.0586475879,-0.0592429154,-0.0952827558
-0.237747565,-0.170719758,-0.370062172,-0.265301764
-0.387093157,-0.197655559,-0.569473445,-0.287825763
-0.444891483,-0.0943338126,-0.65015614,-0.135583073
-0.39565596,0.119153865,-0.595592022,0.174571708
-0.262070149,0.365675986,-0.387261897,0.530284405
-0.0955649316,0.549773872,-0.125858039,0.736837924
0.0456302091,0.605314255,0.0672962964,0.774351299
0.120689519,0.526129603,0.174164489,0.714619219
0.121310942,0.363840997,0.193647489,0.552880526
0.0710061193,0.195695847,0.127772078,0.322837353
0.00970486645,0.0817256868,0.0215199124,0.13736628
-0.0280273948,0.035620559,-0.0456963331,0.0596213639
-0.0300549008,0.0248503946,-0.0524690524,0.0421757586
-0.0107686222,-0.00184534211,-0.0184405595,0.000312816323
-0.000855435792,-0.0772613361,-5.11424478e-05,-0.124497354
-0.0286715161,-0.191599593,-0.0445482247,-0.309083819
-0.103135541,-0.295898259,-0.161456227,-0.460318834
-0.206868559,-0.33085683,-0.313454509,-0.49856931
-0.30280593,-0.26372081,-0.456306309,-0.395778149
-0.350695789,-0.111040451,-0.541343033,-0.170818955
-0.325260878,0.0666305944,-0.511026025,0.103677265
-0.227479011,0.195564613,-0.362595052,0.311652303
-0.0842424557,0.227666289,-0.137447447,0.373402059
0.0626537129,0.164929822,0.103452027,0.278235644
0.172613755,0.0555009879,0.28529048,0.0943815112
0.220361829,-0.0361751877,0.359017223,-0.0612891316
0.202897623,-0.0675069764,0.331087381,-0.115769744
0.137904391,-0.0417182595,0.230718181,-0.0778100267
0.0557823032,-0.00343311345,0.0974316821,-0.0104129659
-0.0107952785,-0.00842404272,-0.0146935629,-0.0142853819
-0.0362740234,-0.0855040997,-0.0596953817,-0.136405855
-0.00856526941,-0.213626623,-0.0170781482,-0.33880645
0.0682420135,-0.328841269,0.0960126817,-0.506171048
0.174843833,-0.35850811,0.248041809,-0.539531648
0.281455815,-0.263959408,0.412259042,-0.409025848
0.356201142,-0.0670516565,0.536805987,-0.121076651
0.375872344,0.155672818,0.562919676,0.214918599
0.335933059,0.309625298,0.492750019,0.437445104
0.255296916,0.330549777,0.388134301,0.48517856
0.172066957,0.218416989,0.283787966,0.35106501
0.129632637,0.0379719473,0.222479954,0.0702513158
0.157305732,-0.11495959,0.253863871,-0.184636995
0.253666848,-0.163623944,0.389209002,-0.262645811
0.381424755,-0.0901346356,0.562977612,-0.148598626
0.478655756,0.0562963374,0.674723327,0.0642313361
0.483955026,0.186753139,0.670102715,0.244692594
0.365603745,0.220494822,0.548531473,0.315931141
0.141270399,0.127435476,0.249341592,0.20724234
-0.122510962,-0.0571968406,-0.185130671,-0.087874867
-0.333368868,-0.252943456,-0.490923703,-0.365228772
-0.41032508,-0.377047062,-0.557691872,-0.495013565
-0.319351941,-0.386553705,-0.457567871,-0.533629358
-0.0908778384,-0.297358334,-0.161718801,-0.463373154
0.189787567,-0.171396628,0.282587558,-0.278443128
0.416041702,-0.0807806626,0.606155813,-0.127453312
0.503351808,-0.069600001,0.702515066,-0.104031615
0.423348069,-0.134050384,0.622297764,-0.201030672
0.213656604,-0.230111286,0.344983429,-0.364947379
-0.040426854,-0.302114099,-0.0566249564,-0.479357362
-0.243488207,-0.314363569,-0.367521018,-0.471683174
-0.329415739,-0.267592967,-0.493379265,-0.391544282
-0.285281807,-0.192135498,-0.450544059,-0.291172475
-0.150371626,-0.123969764,-0.259099364,-0.197726235
0.00692209043,-0.0797391534,0.000113090151,-0.131545678
0.121659942,-0.0467503034,0.196660131,-0.0797577798
0.158533454,0.00585351139,0.26276958,0.00259440602
-0.35242188,0.102016866,-0.49875319,0.136249736
-0.384310842,0.0511712916,-0.592891693,0.0991870463
-0.260219574,-0.0650711432,-0.422460437,-0.0875077695
-0.0373496898,-0.179500774,-0.0752644613,-0.282451838
0.195084065,-0.220192358,0.293719918,-0.34850058
0.353578299,-0.148255825,0.527410626,-0.23664695
0.391663194,0.0210183952,0.586852252,0.0148145948
0.312595189,0.22433126,0.478669465,0.320839018
0.160513744,0.38009724,0.251838148,0.554759502
-0.00319832284,0.425961316,0.0095445551,0.626602471
-0.126101658,0.345176458,-0.179949731,0.533127785
-0.181938797,0.169813335,-0.285656422,0.286584944
-0.173383549,-0.0384991355,-0.283679962,-0.0479218215
-0.122428231,-0.218260601,-0.201702803,-0.340037823
-0.0559369549,-0.332227618,-0.0949826688,-0.511117756
0.00539615797,-0.375002444,-0.00160378206,-0.570644677
0.0501730181,-0.363522947,0.0662175938,-0.555427492
0.0725777522,-0.319409519,0.106638595,-0.500150979
0.0669886246,-0.255382746,0.102858923,-0.412756383
0.0264264755,-0.17360726,0.040459916,-0.290506512
-0.0530000813,-0.0750473067,-0.0862239748,-0.130553022
-0.164317682,0.0286138374,-0.266904503,0.0440231897
-0.284479469,0.110607006,-0.441987962,0.176022828
-0.377142221,0.13730596,-0.560250819,0.211853266
-0.404692978,0.0855732709,-0.599236369,0.140843481
-0.345195025,-0.0408530496,-0.532220185,-0.0477049351
-0.206093088,-0.206516549,-0.334471017,-0.310516715
-0.0268387292,-0.355490446,-0.0548703,-0.536047876
0.132725358,-0.434190452,0.179345354,-0.629272759
0.214531198,-0.414459348,0.299803078,-0.600605726
0.185756609,-0.305157512,0.279921055,-0.478204131
0.0530542918,-0.146595404,0.0895373225,-0.254203737
-0.139205337,0.00873281714,-0.222792685,0.00584227592
-0.326246202,0.118741795,-0.49761036,0.183134466
-0.448240221,0.166410416,-0.633245826,0.245935977
-0.472642422,0.160553098,-0.660769165,0.234652147
-0.404112011,0.124855652,-0.596244514,0.192612082
-0.278586745,0.0833127648,-0.443887979,0.142220616
-0.145350441,0.0507319532,-0.245995581,0.0903696716
-0.0459940322,0.0321921445,-0.0793959051,0.0560633466
0.000259889086,0.028711617,-0.000544905371,0.0475068167
-0.000718922005,0.0423693322,0.0010946251,0.0693152919
-0.0266562346,0.0753604472,-0.0416611582,0.124415077
-0.0532103255,0.123012647,-0.086734347,0.202794418
-0.0663209707,0.166715071,-0.106733531,0.27356264
-0.0669760704,0.174621433,-0.108044654,0.289206982
-0.0673176944,0.113961227,-0.106373213,0.195550472
-0.0814560279,-0.0291425902,-0.130181357,-0.0379868224
-0.116502739,-0.233315691,-0.18575877,-0.363788515
-0.16837959,-0.440863431,-0.244611084,-0.62295562
-0.22381559,-0.57702595,-0.290659726,-0.724723637
-0.266571581,-0.583202362,-0.336458951,-0.716079533
-0.284152865,-0.44819662,-0.39597261,-0.611628711
-0.27180171,-0.219875038,-0.426031142,-0.343465954
-0.232725725,0.0120007228,-0.383917928,0.014757962
-0.175788283,0.156210601,-0.287245572,0.255007744
-0.112874784,0.164796442,-0.181095079,0.277730703
-0.0574239865,0.058778096,-0.0930261239,0.108721972
-0.023910325,-0.0802984163,-0.0388126858,-0.126217186
-0.026725946,-0.151035875,-0.0455839634,-0.249415055
-0.0770061016,-0.0857673809,-0.130808324,-0.15269345
-0.17753005,0.110430226,-0.28861016,0.167172462
-0.317896605,0.356703937,-0.445470512,0.502815843
-0.473241568,0.532981336,-0.52718097,0.614702642
-0.608838797,0.53914535,-0.592600226,0.546940506
-0.690191269,0.347357124,-0.711919308,0.378130108
-0.695053279,0.0205526631,-0.797807992,0.0447042361
-0.622066677,-0.313243836,-0.725075245,-0.34046191
-0.491593033,-0.518822491,-0.568176866,-0.576213241
-0.337714911,-0.515489757,-0.436914742,-0.646524906
-0.194678023,-0.312212855,-0.310811043,-0.479743421
-0.0839975923,0.000541905349,-0.154194251,-0.012675412
-0.00836702436,0.297000945,-0.0142803341,0.456890553
0.0447722897,0.476102501,0.0706097037,0.678320765
0.0920559391,0.505083025,0.138044983,0.701774895
0.141500279,0.426033735,0.213218033,0.621216297
0.185333297,0.324737161,0.288514465,0.49652195
0.202657938,0.280504048,0.318166286,0.427516252
0.171095446,0.324463934,0.268325746,0.486952305
0.0816049054,0.427633137,0.13005501,0.616576731
-0.051460769,0.522958875,-0.0577549785,0.713696063
-0.191085741,0.547037363,-0.235948756,0.718497336
-0.289988369,0.477326155,-0.374880224,0.643702805
-0.309699178,0.344389528,-0.437431604,0.504817545
-0.237692356,0.213437065,-0.369875878,0.343920678
-0.094413504,0.146661475,-0.160483539,0.247224733
0.0735052601,0.168104708,0.114632636,0.274088591
0.21122694,0.250628203,0.326007694,0.383369029
0.277109146,0.331671536,0.411787808,0.478591144
0.258209318,0.348334879,0.388918668,0.506359518
0.173379943,0.271932393,0.282639056,0.423210859
0.0631751865,0.123064667,0.116054915,0.207233176
-0.0282937754,-0.0404396132,-0.0401105732,-0.0615364239
-0.0710969046,-0.155249432,-0.118617088,-0.251068205
-0.0590870269,-0.185995623,-0.103886209,-0.304267704
-0.00789446197,-0.142302617,-0.0214354955,-0.238840953
0.056533467,-0.0709307268,0.0889001042,-0.121561475
0.112429686,-0.0284880232,0.184200168,-0.0492291786
0.152368024,-0.050459072,0.251807034,-0.0824533626
0.184362814,-0.133466303,0.298312038,-0.213882834
0.223999128,-0.239526108,0.344492495,-0.370729119
0.282253057,-0.318551332,0.409234345,-0.471773297
0.355771869,-0.335627645,0.491925359,-0.480179638
0.425069094,-0.287886322,0.579286158,-0.407057226
0.46204555,-0.202604294,0.640724719,-0.294092625
0.443457335,-0.119183406,0.639091194,-0.18195124
0.363744617,-0.0664600357,0.555898547,-0.110533796
0.240578845,-0.0485399477,0.393828422,-0.0854817927
0.109681666,-0.0464762375,0.189237401,-0.0818178803
0.0104915043,-0.0334234983,0.0192994755,-0.0586897284
-0.0312080234,0.00678837858,-0.0541304536,0.00886600092
-0.0156846736,0.0690594316,-0.029470915,0.112934396
0.029573448,0.130344242,0.048120521,0.213979647
0.0613636002,0.164126456,0.102464713,0.26948446
0.0405857041,0.156628117,0.0754666999,0.258905053
-0.0481938832,0.11465013,-0.0692605674,0.190186337
-0.1865502,0.0604259409,-0.294137955,0.101982273
-0.326890051,0.0170440562,-0.50472033,0.0328298323
-0.411119819,-0.00616644323,-0.611179471,-0.00206272537
-0.395893663,-0.0189236961,-0.597212732,-0.0190986618
-0.273450166,-0.0424342491,-0.442553759,-0.0579961538
-0.0782183185,-0.0935496017,-0.141183853,-0.145121694
0.124862865,-0.170583725,0.19209002,-0.271941215
0.266327053,-0.25008896,0.401313603,-0.38364026
0.301702499,-0.297481328,0.443914652,-0.444402605
0.231515363,-0.285990566,0.351783991,-0.444207042
0.102272652,-0.213009313,0.16440919,-0.354409844
-0.0129378363,-0.103867762,-0.0218713358,-0.180892259
-0.0463713035,6.67289288e-18,-0.081564188,-0.00127891114
0.033861883,0.0625057071,0.0495310165,0.10665036
0.208552539,0.0721043497,0.330047846,0.121047422
0.414773077,0.0476689823,0.610221744,0.0698133856
0.573066056,0.0271903761,0.75444901,0.0283212326
0.622414231,0.0451225005,0.781412303,0.0450369827
0.547092974,0.110864215,0.732035697,0.134270534
0.3829844,0.200667232,0.568873942,0.280147582
0.200329974,0.268141657,0.323304296,0.40582487
0.07090161,0.268337786,0.121778943,0.426015109
0.0349677727,0.182736754,0.0613751486,0.306151569
0.0836158022,0.0316521674,0.139221206,0.0618548505
0.164758369,-0.132939726,0.26411289,-0.210441515
0.209883541,-0.250771552,0.323077708,-0.391961992
0.168688491,-0.280918419,0.261268705,-0.444716901
0.0349606499,-0.219593808,0.0584228262,-0.365710109
-0.148717001,-0.0993660018,-0.239335716,-0.172479197
-0.309689969,0.029050624,-0.483816713,0.0450064167
-0.378445596,0.122240975,-0.569150865,0.188677236
-0.320575029,0.163241461,-0.493511826,0.257275432
-0.15256992,0.164873496,-0.253053308,0.275484324
0.0655307695,0.156712323,0.0995777696,0.263706714
0.256573975,0.164085343,0.401536435,0.255752712
0.358981371,0.191523686,0.539570689,0.278187424
0.350562483,0.220130771,0.526929498,0.3173244
0.253320485,0.220168933,0.401691884,0.334165215
0.11866419,0.171396926,0.203579813,0.276689053
0.00164130505,0.0791653693,0.0121437609,0.136016458
-0.0628089011,-0.0235463753,-0.102970958,-0.0338908769
-0.0708603114,-0.0903059244,-0.121630251,-0.147264734
-0.0446611531,-0.0847986042,-0.0790473148,-0.142426908
-0.01595583,-0.00154052547,-0.0311844442,-0.00654360605
-0.00835975166,0.12749882,-0.0145639107,0.205556139
-0.0275577325,0.244641915,-0.0393842719,0.389565825
-0.0632690936,0.291623384,-0.0909861699,0.461591959
-0.0998914391,0.236278087,-0.15277417,0.385356575
-0.128195405,0.0880689099,-0.204405248,0.156411052
-0.15063934,-0.104921937,-0.244374052,-0.160534874
-0.177389607,-0.276058346,-0.277472943,-0.422545224
-0.216137275,-0.367848277,-0.322770953,-0.538924932
-0.262727171,-0.354623348,-0.389363229,-0.518116534
-0.299189657,-0.250390261,-0.456913978,-0.378673345
-0.301287144,-0.0993160382,-0.476170272,-0.158895344
-0.251808822,0.0456526056,-0.410279632,0.0744939744
-0.152041316,0.145539358,-0.252263397,0.240013957
-0.0244024675,0.189145371,-0.0416475236,0.314108402
0.0960640684,0.192525536,0.156164095,0.315919161
0.177387089,0.185798943,0.286181748,0.295942366
0.205382004,0.194721863,0.33065024,0.304789066
0.189461499,0.226349249,0.304755747,0.35083577
0.156335995,0.265526235,0.252187252,0.411209077
0.135000557,0.283365279,0.217487231,0.44082284
0.141213879,0.253036171,0.22686547,0.400033712
0.169950143,0.164830774,0.278898358,0.269284427
0.19982335,0.0330157466,0.32891202,0.0581688657
0.20670937,-0.108937785,0.336069196,-0.175292894
0.178537056,-0.222527131,0.282304436,-0.354410619
0.122514226,-0.281021982,0.188790709,-0.4455778
0.0604011528,-0.28077215,0.0918501839,-0.448934674
0.014471164,-0.241395965,0.0178148411,-0.392754138
-0.00748004578,-0.19449763,-0.0164888892,-0.319997668
-0.0186803341,-0.166200191,-0.0340263285,-0.274721354
-0.0465713069,-0.162123904,-0.0776034296,-0.266371965
-0.115437955,-0.162760153,-0.188044295,-0.266535014
-0.227935016,-0.132556006,-0.361860275,-0.213067859
-0.356669784,-0.0393894054,-0.546136916,-0.0612358563
-0.452399552,0.124459855,-0.650341809,0.177794114
-0.466614962,0.330441713,-0.616948187,0.43850264
-0.377899945,0.51822871,-0.464752048,0.642537773
-0.208157063,0.616612494,-0.252128512,0.757512927
-0.0187557898,0.572914958,-0.0194011088,0.760404766
0.113702662,0.378164262,0.178062096,0.576526046
0.131746352,0.0760964677,0.229418442,0.139812872
0.0252651423,-0.249419779,0.0529903248,-0.390897453
-0.160690278,-0.504410982,-0.21840407,-0.689673185
-0.343548775,-0.620006144,-0.400217861,-0.709376097
-0.439065933,-0.577739894,-0.498331189,-0.643689156
-0.399029344,-0.413973838,-0.532116532,-0.5396685
-0.233131558,-0.201763824,-0.382211804,-0.317151695
-0.00458515296,-0.0187011026,-0.0254668798,-0.0317399129
0.198538572,0.0845125616,0.318082929,0.135598764
0.302775085,0.100762025,0.477164805,0.154391363
0.281104296,0.0618918762,0.452153862,0.0933584124
0.162663609,0.0165547132,0.277883321,0.0218949188
0.016618656,0.00259476039,0.0342960395,-0.000762252836
-0.0812828988,0.0280983225,-0.134193748,0.0448464639
-0.0832130983,0.0701986477,-0.141105965,0.117805339
0.0110919308,0.0912398621,0.0126823978,0.155376554
0.157550707,0.0628877208,0.25402236,0.107500531
0.290579349,-0.0151648354,0.456869811,-0.0222258046
0.353396297,-0.112164564,0.539588213,-0.172208488
0.321222156,-0.180791229,0.49174121,-0.282479674
0.207623914,-0.18171975,0.333440721,-0.297996283
0.0533352494,-0.105423637,0.0920298547,-0.18632251
-0.0946635976,0.0202964135,-0.155971706,0.0250689536
-0.202397674,0.141326681,-0.323592544,0.226625189
-0.257657915,0.201670125,-0.396431953,0.318945676
-0.266266197,0.169438839,-0.413018495,0.275687099
-0.240834549,0.0518523455,-0.383781701,0.0963229612
-0.190347731,-0.107790619,-0.309746504,-0.161967784
-0.117055997,-0.249384806,-0.192712858,-0.388519675
-0.0216258261,-0.322123259,-0.0436709411,-0.500027835
0.0882229656,-0.305258393,0.125233322,-0.480267197
0.192797154,-0.214520097,0.294178128,-0.349130869
0.264149427,-0.0923945904,0.411267817,-0.156421721
0.277768254,0.0120582385,0.442009211,0.00928927027
0.226061568,0.064004451,0.369360924,0.0967483148
0.125438809,0.05519519,0.215634525,0.0894996598
0.0116884233,0.0036516015,0.027059719,0.00716340076
-0.0752875432,-0.0574533939,-0.123491175,-0.0926224962
-0.110030882,-0.0954709947,-0.185605377,-0.155534789
-0.0934965536,-0.0913663432,-0.160837144,-0.151062995
-0.0514883809,-0.0454592332,-0.0919297561,-0.0787130892
-0.0196868069,0.025014244,-0.0368851162,0.0383912697
-0.0228581168,0.0939759538,-0.036056146,0.154893264
-0.059529718,0.136215419,-0.0923436433,0.223793492
-0.101068452,0.135266438,-0.161570951,0.225836009
-0.106667064,0.0875837803,-0.174221754,0.151359007
-0.0470321216,0.00269981753,-0.0806818381,0.0122903623
0.075735189,-0.100070976,0.11883685,-0.159708366
0.223406956,-0.197456032,0.344645411,-0.309378654
0.336041778,-0.269329399,0.487721115,-0.400087625
0.359629959,-0.305280089,0.512024939,-0.44326964
0.273709565,-0.308312237,0.406389475,-0.464912355
0.104874775,-0.293593138,0.167161271,-0.467570633
-0.0815021619,-0.281684965,-0.125543445,-0.448182344
-0.208449289,-0.288223922,-0.322268248,-0.440212339
-0.221132755,-0.31438157,-0.34268713,-0.466692388
-0.111291125,-0.343147635,-0.183265746,-0.516220689
0.0792244226,-0.344587266,0.105389245,-0.526658058
0.277399749,-0.289172202,0.400352597,-0.438653439
0.411347419,-0.163874924,0.590794206,-0.252390146
0.440625966,0.0166761391,0.640526116,0.0078514982
0.370686531,0.21040456,0.5511778,0.292857319
0.245667219,0.360981196,0.37023589,0.515785575
0.124381982,0.419390827,0.193717852,0.611395657
0.0521306284,0.364673674,0.088701345,0.558575749
0.0421280339,0.21423395,0.0758755356,0.357419372
0.0746259689,0.018402297,0.127324954,0.0412284173
0.112394243,-0.158944175,0.182293937,-0.254319906
0.123094976,-0.265376985,0.191340506,-0.423574239
0.0963095799,-0.279524654,0.149131149,-0.446997285
0.0467025079,-0.216839805,0.0707638264,-0.359116197
0.00274766749,-0.119605899,9.9518591e-05,-0.205496937
-0.0117713287,-0.0365449265,-0.0225413572,-0.0631534979
0.00725690275,-0.00184783526,0.0103836516,-0.00184311485
0.0411555916,-0.0230148174,0.067567125,-0.0358345583
0.0587635264,-0.0820193291,0.0983603522,-0.13318263
0.0343193188,-0.147654191,0.0581183173,-0.242846042
-0.0369353406,-0.191888019,-0.0596405342,-0.314982474
-0.133923605,-0.202016905,-0.215300828,-0.32628721
-0.218317494,-0.183499336,-0.347591281,-0.289782286
-0.252120793,-0.15363045,-0.402264714,-0.238903716
-0.215320617,-0.130722225,-0.350477725,-0.204082683
-0.114966474,-0.124962531,-0.197557777,-0.199791506
0.0182650797,-0.135204598,0.0211437885,-0.220987186
0.143546075,-0.152056009,0.227708474,-0.247886166
0.226252109,-0.164174274,0.35604611,-0.264397442
0.24938637,-0.163521588,0.391474068,-0.262225896
0.215656772,-0.146851659,0.344801664,-0.242484346
0.141069546,-0.113659091,0.232126489,-0.193339214
0.0450617746,-0.0632343665,0.0777452961,-0.112093657
-0.0569131225,0.00616711518,-0.0928756744,0.00523865549
-0.154964834,0.0948388129,-0.251117826,0.15164125
-0.241294682,0.197334021,-0.374153197,0.309779257
-0.305663258,0.299683899,-0.445834994,0.443075925
-0.334177017,0.381052017,-0.461025298,0.534285367
-0.31327194,0.420302093,-0.424204558,0.582359552
-0.237050727,0.404844433,-0.335562408,0.585652232
-0.113547623,0.337253183,-0.172263682,0.525273144
0.0343331024,0.235747382,0.0558682457,0.388135254
0.174617589,0.127546206,0.283862084,0.21046102
0.276412815,0.0378243998,0.440912753,0.0582451858
0.319547236,-0.0205188096,0.501057804,-0.0380683243
0.299182475,-0.0512222983,0.472505808,-0.0876814574
0.223811567,-0.070912227,0.365415126,-0.120530285
0.108797826,-0.0990419239,0.183761612,-0.167414278
-0.0301227886,-0.146535188,-0.0446614511,-0.24253425
-0.179530397,-0.208869487,-0.282255471,-0.330296934
-0.326389045,-0.267207652,-0.482324481,-0.388327837
-0.454227149,-0.297273636,-0.616690814,-0.396921247
-0.541884899,-0.28188774,-0.691729367,-0.35162124
-0.567903817,-0.221225575,-0.726487577,-0.274860799
-0.519805074,-0.135764152,-0.710962534,-0.178137064
-0.403513908,-0.0600573458,-0.607212842,-0.0821472406
-0.246657118,-0.0294801667,-0.405513048,-0.0380511396
-0.091744341,-0.0651756749,-0.159088895,-0.0991484299
0.0195363406,-0.163382381,0.0287798941,-0.261687309
0.064279139,-0.293801069,0.0995364562,-0.459369034
0.0495598614,-0.408311218,0.0707330853,-0.608184159
0.01023586,-0.457426488,0.00772157498,-0.661128879
-0.00695758918,-0.408795446,-0.0196810104,-0.612262487
0.0338346548,-0.260917544,0.0416946895,-0.425169796
0.138942555,-0.0465442203,0.217593923,-0.0877244025
0.280228376,0.176318958,0.42932114,0.264258653
0.406949759,0.343370169,0.558985472,0.460535765
0.469117045,0.406470329,0.597907841,0.506105304
0.441063225,0.351261407,0.592096269,0.462051064
0.333641618,0.202876106,0.511942744,0.304807454
0.189125553,0.016964322,0.321656793,0.0300561879
0.0616187379,-0.140910462,0.106685266,-0.231932893
-0.00697522564,-0.219477788,-0.0162836351,-0.357452542
-0.00344938203,-0.199741721,-0.0133892242,-0.329584628
0.0553517267,-0.0993811637,0.0820312724,-0.172552034
0.135677308,0.0378782265,0.217080325,0.0541967303
0.206254572,0.162616283,0.329102963,0.251850456
0.252807915,0.240129992,0.393606842,0.36428085
0.280035019,0.261523247,0.429570436,0.392653704
0.301052958,0.241034687,0.460053831,0.360731363
0.321877807,0.202341989,0.491999179,0.303364933
0.331553429,0.162269011,0.50812149,0.242579892
0.305252969,0.121416874,0.478780478,0.183780327
0.219796523,0.067020461,0.363350689,0.103620276
0.0730156898,-0.0139970761,0.1322373,-0.0245213304
-0.105052285,-0.12015415,-0.164988264,-0.195987716
-0.257751465,-0.228733614,-0.396062344,-0.347757965
-0.32402727,-0.302954733,-0.478748947,-0.433994979
-0.26762107,-0.310474843,-0.40811035,-0.455043584
-0.098582834,-0.243270114,-0.174540222,-0.387341082
0.124999404,-0.126766399,0.187270507,-0.212122142
0.317964077,-0.0109768873,0.489744276,-0.0253824648
0.403354257,0.0538161583,0.604335725,0.0722514242
0.346039236,0.0448624268,0.540478766,0.0625297129
0.168860197,-0.0172928516,0.29049924,-0.0329802558
-0.056533467,-0.0755932182,-0.0828678235,-0.129601538
-0.240091383,-0.0647390112,-0.383078307,-0.10433577
-0.311063498,0.052336026,-0.492566079,0.0797549635
-0.246024996,0.25907138,-0.385148913,0.395893544
-0.07540185,0.486135513,-0.112357266,0.684333086
0.132846296,0.640815496,0.164790258,0.781086266
0.303297251,0.651954472,0.34983179,0.736430645
0.382494152,0.507965326,0.482224584,0.626612425
0.355321467,0.267350495,0.527087867,0.391061544
0.243539035,0.0342110395,0.404071867,0.0575711355
0.0905458331,-0.0908540934,0.15840511,-0.154875442
-0.0580528714,-0.0605795868,-0.0954471231,-0.110278361
-0.16870974,0.0939211547,-0.277071327,0.145591691
-0.224621758,0.276761502,-0.345026284,0.421447784
-0.222670436,0.374034792,-0.321703911,0.553784847
-0.168194398,0.311011165,-0.253001302,0.488558561
-0.0725401565,0.0911114365,-0.117406845,0.16916126
0.0456871167,-0.203329504,0.0716202632,-0.314028293
0.15907301,-0.449387193,0.218555838,-0.638379753
0.234396994,-0.542062342,0.292168528,-0.710273623
0.242411628,-0.443884045,0.328288555,-0.628762901
0.171458364,-0.201178998,0.269022703,-0.339062899
0.037698511,0.0803062916,0.0652355701,0.115344353
-0.115503788,0.287153155,-0.172213599,0.444461018
-0.231847152,0.350738227,-0.331704915,0.526209056
-0.265417188,0.274417847,-0.393821359,0.426188141
-0.202495217,0.123420067,-0.32503131,0.213336855
-0.0704563931,-0.0148998275,-0.123906106,-0.0132490909
0.0721977204,-0.0779404715,0.11209897,-0.128643513
0.161343008,-0.057002455,0.260751307,-0.10024748
0.156630188,0.00527762529,0.261170238,-0.0005458417
0.0604118668,0.045379933,0.108177774,0.0700509325
-0.0834683403,0.0185485203,-0.128936633,0.0333078876
-0.210728362,-0.0750394687,-0.336198032,-0.112212747
-0.267132342,-0.191599995,-0.417276412,-0.287400335
-0.233123928,-0.270526469,-0.365609378,-0.406671226
-0.130401477,-0.27029404,-0.217184722,-0.423030317
-0.00773009285,-0.192515031,-0.0244795606,-0.317008018
0.0858185962,-0.0805316269,0.135855809,-0.140195757
0.125571862,0.00617016479,0.207827091,0.00436117407
0.120788835,0.0265850741,0.204428554,0.0421639197
0.104530565,-0.0182814356,0.176200643,-0.0296482053
0.110382617,-0.0865432993,0.182846397,-0.141246498
0.149846643,-0.120541021,0.241369873,-0.199326545
0.20373556,-0.0814809799,0.324106783,-0.139241531
0.232859179,0.0263082031,0.373063296,0.0306415856
0.202123657,0.155550823,0.328528672,0.237735152
0.104153328,0.240855142,0.17573671,0.379566669
-0.0317080021,0.234481767,-0.038134791,0.380227357
-0.151303291,0.133118182,-0.237169936,0.225411445
-0.203006729,-0.019306913,-0.329181373,-0.0186456852
-0.165898815,-0.15443331,-0.274951339,-0.239265844
-0.0628913417,-0.215406522,-0.113067798,-0.346077472
0.0494735464,-0.18630901,0.0697866008,-0.307663441
0.110242821,-0.0992177352,0.175445825,-0.171736911
0.0872235447,-0.0154622905,0.147959486,-0.0323203132
-0.00388083607,0.00823603198,-0.000828566554,0.0116184168
-0.105527177,-0.0498998202,-0.169280291,-0.0771696419
-0.147546411,-0.16609855,-0.24089998,-0.259821683
-0.0848766938,-0.285130709,-0.144246981,-0.439291805
0.0759837553,-0.350435883,0.100971431,-0.532972276
0.276314348,-0.333222538,0.388808548,-0.495296985
0.431615531,-0.244774997,0.596207201,-0.357520819
0.472227722,-0.126186475,0.663706422,-0.191980213
0.377465934,-0.022572536,0.576399028,-0.0446523279
0.1856343,0.0427504107,0.314992338,0.0585331544
-0.0253654681,0.0792124942,-0.0305323917,0.127250642
-0.176840782,0.119166717,-0.284062713,0.194854125
-0.227385923,0.193562225,-0.359271437,0.307345659
-0.190471366,0.30777058,-0.293895066,0.471366405
-0.122598059,0.432170123,-0.173748553,0.626596928
-0.0886660889,0.513753951,-0.112817325,0.708704054
-0.123362407,0.503163815,-0.156443655,0.697501838
-0.209612548,0.382781595,-0.291010588,0.567003131
-0.286191791,0.180613905,-0.431801319,0.293892175
-0.281082362,-0.0379597805,-0.44518593,-0.0424372926
-0.153235063,-0.19703114,-0.257709473,-0.303650558
0.0795780346,-0.242629007,0.108276531,-0.386302263
0.342410684,-0.165297717,0.501521647,-0.260961145
0.53483814,-0.00261703553,0.723136127,-0.0202588625
0.577632308,0.178461239,0.742021143,0.212159812
0.45125246,0.310204834,0.615668952,0.402745932
0.206666738,0.350243807,0.325218439,0.512903333
-0.0573365577,0.294497669,-0.0692271367,0.464370698
-0.239503115,0.173374727,-0.367582023,0.282831818
-0.282027781,0.0354753546,-0.446042806,0.0698385611
-0.194764674,-0.072516419,-0.323992163,-0.108524203
-0.046401877,-0.121385567,-0.0883199647,-0.196563825
0.0723048076,-0.105885625,0.112821333,-0.178371131
0.0945271999,-0.0423462167,0.1578352,-0.0773780569
0.00981158484,0.0394611731,0.0227125976,0.0582542457
-0.1324981,0.106550343,-0.209469631,0.172588542
-0.24958536,0.132475704,-0.390138865,0.213377163
-0.267301977,0.105126143,-0.42332384,0.17560491
-0.156905934,0.0312016662,-0.264648676,0.0630799234
0.0513681732,-0.0643925741,0.073570244,-0.0984621048
0.283580571,-0.1456718,0.43318215,-0.225679427
0.457481921,-0.1786329,0.63894397,-0.258080244
0.51985991,-0.14638339,0.700947404,-0.210276142
0.467629373,-0.0598029681,0.668491364,-0.0999394432
0.343436807,0.0426173918,0.534632087,0.0521466546
0.209659606,0.108124122,0.34627527,0.167254046
0.115187362,0.0921491012,0.196286976,0.153446198
0.0721630752,-0.01985831,0.125824019,-0.0265629478
0.0539117642,-0.202235252,0.08816991,-0.322146624
0.0139889671,-0.397018462,0.0189082362,-0.590848148
-0.0844554752,-0.537743092,-0.11735902,-0.727805972
-0.244640261,-0.578420877,-0.310198635,-0.723050714
-0.429879099,-0.513492703,-0.516515136,-0.614688277
-0.578219473,-0.37845102,-0.679090619,-0.440844744
-0.630644858,-0.230552539,-0.757669747,-0.269195646
-0.559001267,-0.119585127,-0.742261708,-0.147936761
-0.380301535,-0.0641954467,-0.58287096,-0.0878827646
-0.150926515,-0.0464772731,-0.260522217,-0.0678400099
0.0561615229,-0.0275577214,0.0852568522,-0.0436450392
0.180486932,0.0248756036,0.294098496,0.0343112834
0.196532845,0.113174982,0.322240174,0.171851084
0.120581582,0.204569727,0.202825293,0.320983142
0.00043640667,0.248181641,0.0134406658,0.396222442
-0.106017239,0.205285296,-0.163010463,0.33679679
-0.153468385,0.075594373,-0.246371523,0.134173423
-0.123945594,-0.0963579565,-0.206458181,-0.145489842
-0.0291840676,-0.240105659,-0.0561203472,-0.379385114
0.098169148,-0.294533253,0.142341763,-0.462673128
0.219124317,-0.240759626,0.331840277,-0.383662105
0.302248985,-0.114064842,0.463211745,-0.189871117
0.332259119,0.0129587557,0.51558131,0.00883743912
0.311804205,0.068209134,0.491531134,0.0992560238
0.257657915,0.0190478973,0.418673515,0.0312472582
0.193760991,-0.108789258,0.319654793,-0.172676131
0.143401131,-0.243336976,0.227152884,-0.384298623
0.12210311,-0.303960502,0.183527187,-0.474368572
0.132404476,-0.244678721,0.200799987,-0.395318836
0.161820084,-0.0799831674,0.259170771,-0.14365086
0.185408697,0.121115029,0.297496527,0.183554217
0.173621863,0.270167142,0.277125955,0.414695472
0.104184434,0.305148691,0.173932761,0.474168599
-0.0257643797,0.222820297,-0.0260708053,0.363990515
-0.192723185,0.0804389343,-0.300043225,0.137990817
-0.349902064,-0.0339707173,-0.53339088,-0.0449084602
-0.441697568,-0.0468660705,-0.646042228,-0.0635658354
-0.425717622,0.0639693588,-0.630764961,0.0958147943
-0.293853223,0.259975523,-0.451249629,0.389929205
-0.0824381709,0.46371749,-0.12504746,0.663360298
0.135280579,0.599312961,0.174822971,0.759612978
0.274040014,0.629185915,0.329419225,0.736560583
0.270366818,0.567914307,0.349056125,0.704590321
0.111495353,0.467291445,0.176412851,0.657747209
-0.153959543,0.382793903,-0.207262024,0.567712307
-0.430226028,0.341457784,-0.563445807,0.466358244
-0.609669864,0.32940799,-0.7069242,0.393631637
-0.615648806,0.305271715,-0.717136383,0.367080182
-0.435088396,0.230481669,-0.612969518,0.334229082
-0.126349211,0.0977765024,-0.220713034,0.180725619
0.201995805,-0.0595160313,0.317243308,-0.08454822
0.433423966,-0.183435112,0.615517795,-0.267933488
0.489432335,-0.223726422,0.662410736,-0.315530121
0.360027611,-0.167907566,0.541849971,-0.265124172
0.106091708,-0.051302515,0.1853939,-0.101442687
-0.166939095,0.0595950373,-0.263076991,0.0900936872
-0.57500416,-0.0649198219,-0.734921277,-0.0688731298
-0.467708975,-0.263985187,-0.651452124,-0.333086342
-0.251847446,-0.342671007,-0.386728674,-0.49571982
-0.0231804159,-0.28713578,-0.0541536286,-0.455028355
0.121894039,-0.154485404,0.189806193,-0.260538608
0.129045337,-0.0367964506,0.215957046,-0.070592843
0.00626726868,-0.00878081284,0.0211410746,-0.0172014125
-0.185484514,-0.0876279771,-0.290421635,-0.137391403
-0.363793612,-0.226122826,-0.533438087,-0.322444499
-0.461454421,-0.341627955,-0.612921357,-0.439965129
-0.451114506,-0.364079833,-0.597438812,-0.468875349
-0.348729461,-0.276224285,-0.518102467,-0.398951024
-0.197966009,-0.124057271,-0.332833707,-0.200922832
-0.0462284759,0.00799059868,-0.0872039497,0.0131654758
0.0750456378,0.0433335118,0.122591846,0.076993607
0.157690391,-0.0443233326,0.26252386,-0.0673364773
0.211223453,-0.215351447,0.331475943,-0.333450884
0.250220448,-0.383703977,0.35596934,-0.554804385
0.282607853,-0.460975617,0.373634756,-0.630210221
0.30450651,-0.401501775,0.414162874,-0.569251776
0.302695751,-0.224826679,0.451382011,-0.356107563
0.261875123,-0.00430033635,0.415675938,-0.0231628623
0.172509581,0.171340927,0.283714592,0.263810188
0.0361130498,0.242579237,0.0698677078,0.387032509
-0.133110151,0.206522405,-0.201377392,0.335492343
-0.309888661,0.113608658,-0.470436186,0.185204431
-0.462152332,0.0367538817,-0.661318898,0.0626339763
-0.557678759,0.0304367431,-0.745140374,0.0478199758
-0.572672367,0.101748511,-0.751687884,0.137505874
-0.50058651,0.208146095,-0.679768622,0.285585254
-0.357858866,0.281909049,-0.518960655,0.413195968
-0.182714045,0.26726073,-0.285035282,0.425423652
-0.0250221919,0.15017055,-0.0399806648,0.259991467
0.0707990453,-0.0342657939,0.120858714,-0.0466115735
0.0835526511,-0.219445109,0.136765435,-0.35031727
0.0254627503,-0.339360535,0.040117193,-0.526143372
-0.0612465069,-0.357987911,-0.0977819338,-0.5494138
-0.121527061,-0.281579554,-0.198066995,-0.445602089
-0.11164096,-0.149633959,-0.192214221,-0.248594388
-0.0192473866,-0.0117811477,-0.0428927466,-0.0219130591
0.130407393,0.0956698433,0.207395479,0.156605288
0.285655171,0.161343962,0.441841513,0.248035267
0.391828328,0.194484353,0.577661037,0.279637307
0.415607452,0.210144684,0.60177213,0.293534786
0.358483851,0.214767918,0.539414287,0.309558213
0.253197134,0.201557234,0.4044303,0.30815509
0.145836785,0.157989874,0.245846659,0.253088772
0.0735099763,0.0797017962,0.128045559,0.1340978
0.0491786078,-0.0192736648,0.0820182934,-0.0280268956
0.0606515594,-0.10780587,0.0980259702,-0.177360132
0.0825394243,-0.151256099,0.130060121,-0.250456929
0.0929681361,-0.130256489,0.150288135,-0.219811201
0.0849634111,-0.0537372306,0.139809653,-0.0980362371
0.0665420145,0.0421971977,0.11202205,0.0634244978
0.0509905145,0.110338345,0.0866563097,0.179960936
0.0449419618,0.115766503,0.0781528354,0.194825351
0.0429028273,0.0544598028,0.0746714994,0.0958121568
0.0322312154,-0.0429492109,0.0565748923,-0.0664183199
0.00519638928,-0.12480171,0.0104025463,-0.20499514
-0.0305778366,-0.142950013,-0.0516415015,-0.238932729
-0.0516559407,-0.0760556757,-0.0902666226,-0.131962702
-0.0305791851,0.0598736666,-0.0575772375,0.0955395997
0.046131473,0.218726426,0.0707290173,0.349941105
0.164991423,0.345435381,0.248380795,0.519362807
0.287229061,0.400497496,0.408145815,0.562465429
0.366685092,0.376168668,0.509413779,0.51299268
0.37536934,0.297272265,0.540456772,0.419176906
0.322079539,0.207329512,0.494902015,0.310376942
0.251751542,0.147563934,0.404900759,0.228543535
0.223277599,0.138972178,0.359630406,0.217258975
0.276123643,0.175204307,0.426469475,0.266468257
0.40391022,0.228178963,0.57770294,0.321985692
0.551085174,0.262373656,0.70190531,0.327742577
0.637186348,0.250456631,0.753065765,0.285986394
0.597885966,0.183515206,0.752872586,0.222046584
0.421537817,0.072663717,0.631055593,0.10064023
0.16069141,-0.0569302514,0.280970275,-0.0978434011
-0.089620471,-0.175729319,-0.135907024,-0.287581772
-0.23724851,-0.258929521,-0.368625283,-0.394069552
-0.238831908,-0.292233348,-0.371789396,-0.435441017
-0.121619709,-0.273695201,-0.20543772,-0.427409232
0.031402126,-0.212524161,0.0370048471,-0.346123487
0.126176402,-0.126054376,0.19993867,-0.213159442
0.108602971,-0.0356604829,0.183377981,-0.0680610165
-0.0057623894,0.0379932374,-0.00057078281,0.058117833
-0.140187711,0.0798111558,-0.224246889,0.130200535
-0.199762031,0.084091939,-0.322976649,0.141819924
-0.126069337,0.055847168,-0.213086575,0.101442568
0.0665102676,0.00866309367,0.100038938,0.0214630757
0.293787301,-0.0404412709,0.454671085,-0.0634669289
0.443989456,-0.0771247223,0.643293381,-0.118087605
0.437556833,-0.0940267965,0.638533711,-0.147016391
0.272404313,-0.0912404284,0.438442379,-0.154561356
0.0293439385,-0.0729553252,0.0608963668,-0.130046487
-0.166858941,-0.0424876474,-0.269581139,-0.0720560402
-0.211505517,0.00102277996,-0.349987566,0.00534586003
-0.0757490546,0.0618255734,-0.138654932,0.108456783
0.175617248,0.142711282,0.27134499,0.23100917
0.414619923,0.238828763,0.587721944,0.333207935
0.513801575,0.334225208,0.660139203,0.411869198
0.410551757,0.404181659,0.550067961,0.516920269
0.138950661,0.423470497,0.221852124,0.605334103
-0.187123969,0.377275676,-0.253317535,0.558950305
-0.430553108,0.269585669,-0.586307704,0.385563761
-0.497756094,0.12457861,-0.686817169,0.187037259
-0.38151601,-0.020348642,-0.5817433,-0.0158319641
-0.158837348,-0.127261028,-0.273092479,-0.195167661
0.0533585697,-0.170648739,0.0763077661,-0.276994884
0.160177469,-0.145138666,0.25538525,-0.242252648
0.135572955,-0.0650276467,0.227029204,-0.119045883
0.0304718651,0.043356169,0.0563633144,0.0638862178
-0.0601422787,0.152259871,-0.0941183642,0.24642314
-0.0518983863,0.241014734,-0.0841818303,0.389399618
0.0824113935,0.299146593,0.124451712,0.470678955
0.298616529,0.324052513,0.432677984,0.474401742
0.505284548,0.316104054,0.653247297,0.405635387
0.611613095,0.275008619,0.736096025,0.31949994
0.572724581,0.199911058,0.735693991,0.246322036
0.408814043,0.0929774642,0.614192963,0.130898133
0.189839527,-0.0362607911,0.324939668,-0.0621387474
-0.00371835171,-0.169265077,0.00233394676,-0.276715904
-0.121408634,-0.281622261,-0.193192258,-0.438275456
-0.16289705,-0.350316972,-0.254180491,-0.525144875
-0.168440059,-0.362025201,-0.260113657,-0.539853215
-0.187488794,-0.318446547,-0.292647034,-0.486736774
-0.244830623,-0.235925376,-0.380723089,-0.366356879
-0.323954493,-0.139291033,-0.498099357,-0.215017974
-0.376626015,-0.0525805838,-0.573079944,-0.0768242255
-0.35242188,0.00927426014,-0.546466827,0.0221095737
-0.230854124,0.044254154,-0.379519105,0.0780737996
-0.0376937687,0.0611611754,-0.0742798746,0.108914316
0.163687825,0.0729148462,0.262096435,0.121302009
0.301221609,0.0884897634,0.470845729,0.133424938
0.327764302,0.107214332,0.511414886,0.156336695
0.242001429,0.118035831,0.395288497,0.180302352
0.0867003724,0.104230128,0.155584902,0.168048397
-0.0733016282,0.0517707355,-0.112170652,0.088008225
-0.18083705,-0.0420124494,-0.292656273,-0.0613410547
-0.208649099,-0.163236573,-0.336161643,-0.251252174
-0.164501458,-0.282515287,-0.263120502,-0.430141479
-0.0795854107,-0.362936527,-0.130466938,-0.547322154
0.0107829943,-0.372976184,0.00428740215,-0.567360699
0.0827053189,-0.29996264,0.12032067,-0.476656556
0.128320232,-0.158586651,0.199900627,-0.269058704
0.150135443,0.0101111419,0.24530746,0.00596332783
0.15193747,0.150711164,0.247467652,0.236987039
0.134120181,0.213296056,0.221767887,0.339539617
0.0968277529,0.174100831,0.166299477,0.286363751
0.0477189198,0.0481215231,0.0878327787,0.0868050456
0.00697263144,-0.113031127,0.0153856734,-0.181633174
0.00329115521,-0.239124075,0.000930229842,-0.382228553
0.0605602786,-0.26915428,0.0861728564,-0.430176735
0.181787536,-0.177752659,0.277574688,-0.294294357
0.34036845,0.0118499203,0.516196549,0.0032308097
0.486019224,0.235328406,0.657106698,0.305516571
0.564947128,0.413393557,0.659851611,0.466056198
0.545298159,0.485813826,0.613626838,0.532101512
0.434689492,0.438090771,0.557728231,0.546425521
0.279557288,0.30805707,0.425874442,0.454601228
0.144995242,0.168520972,0.246529207,0.274458706
0.0840886757,0.0933568105,0.142789051,0.15522249
0.111824811,0.122687779,0.179985687,0.196562678
0.196987867,0.243754342,0.30381602,0.372398019
0.276665837,0.39688611,0.395488203,0.55174005
0.286599904,0.503959119,0.386095911,0.650786877
0.192546904,0.50569576,0.274438739,0.680968165
0.00730287936,0.389720708,0.0300434679,0.588931918
-0.214725047,0.19580406,-0.31978339,0.32049489
-0.402332872,-0.00394282909,-0.593100131,0.00751774199
-0.499311,-0.139692962,-0.691592038,-0.182690218
-0.487941116,-0.175883129,-0.6793226,-0.236158401
-0.393695384,-0.124774158,-0.593000531,-0.180581585
-0.270249546,-0.0355546065,-0.43849054,-0.0535698235
-0.173311397,0.0343607254,-0.288345307,0.0587761067
-0.136318028,0.050175339,-0.223505914,0.0866091773
-0.158935145,0.0163877737,-0.256445795,0.0322323516
-0.212157637,-0.0290486105,-0.341352373,-0.043237187
-0.255650401,-0.039179597,-0.409767717,-0.0596840568
-0.257850856,0.0127485339,-0.416547328,0.0212095324
-0.209358603,0.115570217,-0.343380928,0.186740205
-0.124554455,0.22376655,-0.201814681,0.359542996
-0.0324537121,0.280452281,-0.0493276156,0.44835791
0.0376116857,0.24737373,0.0650033057,0.401871741
0.0686222315,0.125781447,0.121775374,0.214985058
0.0618977807,-0.0429108366,0.108559452,-0.0640638247
0.0351592228,-0.196788982,0.0583287999,-0.31936428
0.0144766066,-0.282665312,0.0189809613,-0.450446606
0.0236424226,-0.279288828,0.0291981492,-0.446035206
0.0746014789,-0.202725306,0.109192044,-0.335808158
0.161736459,-0.0922436863,0.256194979,-0.157782927
0.261717379,0.0141439065,0.413887918,0.0151516451
0.339449227,0.0999071747,0.520492613,0.146375656
0.359172821,0.17434673,0.541111648,0.251411408
0.297902524,0.259025514,0.45524776,0.378218561
0.156653777,0.36502403,0.247011825,0.535234749
-0.0355800092,0.475551546,-0.0359591693,0.67095542
-0.228399158,0.545834124,-0.283424079,0.708434522
-0.366432488,0.522485435,-0.442542702,0.653091073
-0.410154045,0.373097926,-0.539617717,0.511277616
-0.352414817,0.110027745,-0.53187418,0.18722485
-0.222595334,-0.205720916,-0.353914708,-0.299763948
-0.0751110911,-0.484734297,-0.118249603,-0.672219157
0.0337507799,-0.645108342,0.0286197904,-0.793504417
0.0705169141,-0.64695859,0.0760346428,-0.792047739
0.0389438048,-0.508550167,0.0467642359,-0.712193966
-0.0233467426,-0.296064913,-0.0426779799,-0.477977693
-0.0649891496,-0.0922216401,-0.113719165,-0.163518623
-0.0481036529,0.0405389965,-0.0844276249,0.0663309917
0.0311453026,0.0842838585,0.048696626,0.144572034
0.139559686,0.0661953315,0.227557316,0.111629896
0.22359477,0.0369834267,0.361579418,0.0581088476
0.237502187,0.0398133099,0.384998679,0.0566669181
0.168303117,0.0866708755,0.281015456,0.133017421
0.0441067517,0.15421997,0.0818293244,0.24704051
-0.0793016851,0.200137705,-0.12097533,0.323361903
-0.147222593,0.189766884,-0.23172088,0.311471224
-0.135308594,0.117692024,-0.220559701,0.202787176
-0.0636760816,0.0121720489,-0.108276479,0.0305106677
0.0122625893,-0.079799749,0.0169519912,-0.127277896
0.0302510038,-0.118218407,0.0487020053,-0.198348001
-0.0454398282,-0.0921048075,-0.0734511018,-0.158248603
-0.20313324,-0.0255603548,-0.324288279,-0.046817705
-0.386706024,0.0355774462,-0.577512026,0.055573076
-0.521560252,0.0492545553,-0.713406086,0.0778759196
-0.550819278,0.00107365893,-0.740091741,0.0171047468
-0.463486105,-0.086361751,-0.664799333,-0.108897544
-0.300253451,-0.163688436,-0.474374771,-0.241037101
-0.134021744,-0.179281667,-0.225789875,-0.285214961
-0.0350661092,-0.10532555,-0.0658211187,-0.181266591
-0.0384979844,0.0477586165,-0.0647062585,0.0707450509
-0.130221859,0.23540096,-0.201114789,0.367310822
-0.257831901,0.398758143,-0.357629985,0.567497194
-0.359985888,0.489943713,-0.449083656,0.63046968
-0.398479789,0.49028942,-0.487094522,0.618009448
-0.376299471,0.413835436,-0.49307546,0.560034037
-0.332687318,0.296345025,-0.476746619,0.441681772
-0.318523079,0.177257121,-0.480493903,0.281151235
-0.365613908,0.0844329298,-0.54840374,0.137275606
-0.466487497,0.0284594744,-0.663877428,0.0479103588
-0.575560391,0.00690912874,-0.754384756,0.0179777034
-0.631233931,0.013246634,-0.784864843,0.0250273738
-0.587517321,0.0432795249,-0.763841331,0.0644221157
-0.43883732,0.0949028805,-0.641672432,0.145571485
-0.225215659,0.162303612,-0.367175043,0.264021784
-0.0150197027,0.230184957,-0.0306388177,0.374077737
0.126183078,0.274074614,0.202261358,0.429308504
0.165267617,0.268963724,0.267376304,0.418977916
0.115226023,0.202690974,0.198647484,0.326787829
0.0264999121,0.0863103122,0.0547844917,0.14888382
-0.0393527225,-0.0459789969,-0.0613974668,-0.0697784498
-0.0404900201,-0.149649665,-0.0714082494,-0.24128972
0.0248991512,-0.190462857,0.0323159359,-0.310931921
0.118345931,-0.162659615,0.183202431,-0.269937992
0.18057026,-0.094501853,0.287931204,-0.162026003
0.160914436,-0.0367157981,0.265746415,-0.0683443025
0.0425404012,-0.0382002406,0.0803211033,-0.0654958114
-0.148388162,-0.120565385,-0.23159638,-0.194808424
-0.3534531,-0.264610946,-0.511552215,-0.376752883
-0.507183254,-0.416534215,-0.621120572,-0.495311618
-0.564762354,-0.511922657,-0.613285244,-0.536272585
-0.519609094,-0.506354094,-0.587379098,-0.55816716
-0.403349131,-0.397567332,-0.542755365,-0.521336496
-0.269056201,-0.227884129,-0.425390065,-0.349925965
-0.166224658,-0.0651753545,-0.280598342,-0.108804017
-0.119310677,0.0286338273,-0.19744435,0.0483405478
-0.119476728,0.0261937343,-0.194719225,0.0487602539
-0.132632181,-0.0534956157,-0.216709808,-0.0799386948
-0.11914175,-0.155772194,-0.196781427,-0.246650383
-0.05527246,-0.217876107,-0.0981628373,-0.3498604
0.0540499203,-0.199497044,0.0759780183,-0.325376809
0.177184284,-0.101194724,0.278771669,-0.173424095
0.271242589,0.0379908793,0.427080929,0.0496586487
0.303377986,0.161729947,0.47248444,0.239465028
0.267398149,0.224957198,0.41948247,0.339826047
0.187490076,0.215012714,0.305810422,0.337918043
0.107114494,0.154940531,0.182929441,0.253452539
0.0683970153,0.088151522,0.1174694,0.15056324
0.0920803472,0.0534486622,0.15046306,0.0890156552
0.167944863,0.0642208308,0.270590365,0.10196501
0.260534734,0.102972709,0.411739349,0.158785567
0.327449143,0.133769155,0.504498124,0.199241593
0.341098219,0.125276178,0.525335073,0.1864025
0.302907556,0.0712028667,0.479584157,0.108783551
0.242577001,-0.00372635131,0.394475788,-0.00915705785
0.202477083,-0.0562685728,0.330191553,-0.0952137336
0.214902297,-0.0493839085,0.34272325,-0.0860194489
0.283787608,0.0241785329,0.444210559,0.0306205079
0.380523831,0.132854983,0.56441617,0.188669309
0.456524879,0.218003541,0.638172328,0.294362545
0.466660947,0.221730739,0.650124013,0.301200718
0.39195013,0.117271513,0.593554378,0.172470123
0.25001505,-0.073725149,0.41023311,-0.114679717
0.0878267139,-0.286687076,0.145540833,-0.447484255
-0.0398331732,-0.440885186,-0.0623081625,-0.642160594
-0.0955303833,-0.475199252,-0.144743487,-0.675274372
-0.0754971877,-0.375772476,-0.1267405,-0.569141507
-0.00923994742,-0.182122946,-0.0280756112,-0.306203723
0.0568574034,0.0312708281,0.0878274515,0.0424213558
0.0831452757,0.188890338,0.137861967,0.301703274
0.0553788766,0.247075424,0.0982101634,0.395874321
-0.0106790764,0.2101423,-0.00610892428,0.344738036
-0.0801582038,0.122597888,-0.124708593,0.208023831
-0.118772805,0.0424104035,-0.19481422,0.0754383132
-0.110371359,0.00967345852,-0.185068369,0.0188434124
-0.063256979,0.0269294195,-0.110048398,0.0454878919
-0.00289245346,0.0609921329,-0.00874804426,0.101799339
0.0437225439,0.0647103116,0.0743701905,0.109834053
0.0624023043,0.00665203482,0.107571654,0.0137067288
0.0566447116,-0.107442245,0.0972508639,-0.173626691
0.0409432575,-0.233295619,0.064901799,-0.373173445
0.0276441202,-0.308203906,0.038670063,-0.483707309
0.0163904447,-0.282765836,0.0187896974,-0.451455861
-0.00648349803,-0.148155496,-0.0163836591,-0.254262179
-0.0575990714,0.0551835112,-0.0979882032,0.0796969756
-0.141468808,0.252431244,-0.218225792,0.393193662
-0.240697712,0.366255343,-0.341667414,0.540757239
-0.319140375,0.350739062,-0.444139332,0.508285344
-0.338403672,0.21156472,-0.49892807,0.329959154
-0.279818743,0.00339554623,-0.443457216,0.0228984449
-0.15963085,-0.193743244,-0.264150769,-0.298177868
-0.0275497716,-0.307754874,-0.0553310625,-0.479579151
0.0529046096,-0.302422047,0.0737758055,-0.479835272
0.0339212753,-0.18855381,0.0516068898,-0.318760574
-0.0916430801,-0.0153770903,-0.14840892,-0.0372080021
-0.282988191,0.151820689,-0.432726592,0.23096709
-0.466561526,0.256711036,-0.628990352,0.356577188
-0.567320526,0.269266576,-0.704704702,0.347910583
-0.541477323,0.190453261,-0.70849812,0.264199466
-0.395260274,0.045884721,-0.594696522,0.0854385868
-0.181131929,-0.125704691,-0.303994805,-0.185692251
0.0260405485,-0.283160716,0.0296333097,-0.440336555
0.160918877,-0.389904857,0.230739608,-0.577397346
0.192703843,-0.418125451,0.272061288,-0.607989371
0.132720724,-0.352822036,0.199039862,-0.543202758
0.0234004725,-0.197057754,0.0358895212,-0.333068848
-0.08358147,0.0234006476,-0.139952838,0.0268002376
-0.148289472,0.260337174,-0.233521447,0.404387236
-0.153491601,0.452003241,-0.215015844,0.643885612
-0.103389338,0.54060322,-0.132985622,0.728909194
-0.0147671271,0.492975473,-0.0149908541,0.698439479
0.0919347033,0.315598726,0.149206296,0.500971258
0.196479619,0.0559103005,0.323856682,0.10414356
0.277909517,-0.212608859,0.428340256,-0.321373969
0.313619584,-0.416486502,0.42827788,-0.576662302
0.283552289,-0.508515418,0.364875972,-0.671100557
0.180413425,-0.482577294,0.244502947,-0.674269199
0.0208453611,-0.37057516,0.0307637248,-0.573239744
-0.150946483,-0.223648131,-0.241456091,-0.364439249
-0.273530632,-0.0874999836,-0.435467094,-0.13869442
-0.291707844,0.0157098807,-0.466069072,0.0291528497
-0.183670208,0.0903578103,-0.307407469,0.153856844
0.0221971478,0.155045196,0.0258623045,0.259273618
0.252073079,0.223153174,0.383964628,0.344719052
0.414381206,0.288211107,0.582129776,0.394632608
0.439661711,0.323135734,0.601288378,0.425858408
0.314100146,0.294380218,0.473565459,0.424365282
0.0894653127,0.183288768,0.164321885,0.298300177
-0.137264863,0.00235452037,-0.212845907,0.0127438754
-0.266468942,-0.203718483,-0.412611783,-0.301855892
-0.240955815,-0.374296397,-0.36345154,-0.532933354
-0.0718472153,-0.459127277,-0.121371105,-0.652714908
0.167446241,-0.441548139,0.219935492,-0.632056892
0.376215547,-0.346512258,0.507188559,-0.490136564
0.473117113,-0.228867829,0.644240916,-0.326328695
0.431611598,-0.14736101,0.624050438,-0.223430082
0.287356645,-0.13713187,0.455962569,-0.22041741
0.115299113,-0.194199413,0.195924699,-0.318255126
-0.0103823394,-0.27926448,-0.01672462,-0.441692352
-0.0521418452,-0.338395178,-0.0867804885,-0.519579291
-0.0225688927,-0.329907119,-0.0452117585,-0.512278616
0.0300260112,-0.244177938,0.0382070094,-0.397765815
0.0543621369,-0.107313737,0.0843072087,-0.187339723
0.0281788018,0.0319763087,0.0484526008,0.0459863022
-0.0285500567,0.124790922,-0.0414195545,0.205211431
-0.0663259402,0.142486021,-0.105560929,0.240063369
-0.037331935,0.0861009136,-0.0619930364,0.150004998
0.0726094171,-0.0178871322,0.116334066,-0.0213588607
0.229585916,-0.131255373,0.359120369,-0.206469864
0.363464534,-0.2192408,0.529375196,-0.327990353
0.400682122,-0.260290384,0.567652643,-0.378929734
0.301264644,-0.247795656,0.455564857,-0.383538544
0.0809735879,-0.186085492,0.140011504,-0.314638764
-0.192903548,-0.085337989,-0.305262238,-0.148024946
-0.430147588,0.0410242714,-0.628772199,0.0603370741
-0.556455612,0.17621094,-0.726738334,0.236265227
-0.543765545,0.299911469,-0.683392763,0.383362442
-0.418224782,0.391208977,-0.550798357,0.521024644
-0.243535891,0.435192406,-0.340780109,0.614907265
-0.0893821418,0.430320054,-0.127381489,0.633794546
-0.000967110042,0.391555548,0.00553840958,0.591741443
0.0163547397,0.345608026,0.0332622342,0.534029722
-0.00791688543,0.318903834,-0.00288834469,0.497857898
-0.0296969172,0.323746145,-0.0403590314,0.502709866
-0.0141093889,0.350354582,-0.0181391202,0.537579
0.0489689894,0.370277107,0.0768936053,0.562495351
0.143599138,0.350789756,0.220395088,0.534356296
0.238791779,0.273468286,0.369022429,0.420181692
0.304274052,0.146930799,0.474781036,0.229114875
0.322602957,0.0060282601,0.507056892,0.00871178135
0.292838871,-0.10331735,0.462152213,-0.165451825
0.2263643,-0.146475464,0.361041933,-0.240485728
0.13930583,-0.118012764,0.228152916,-0.201583117
0.0465106927,-0.0452260524,0.0791293755,-0.0845862776
-0.0404853001,0.0252412669,-0.0659508333,0.0385028161
-0.112469234,0.0510921143,-0.184720561,0.0868378207
-0.161469936,0.0159006324,-0.263000607,0.032667812
-0.181912333,-0.0631708801,-0.296535313,-0.0939791799
-0.173888534,-0.145780504,-0.284044355,-0.230325893
-0.146041736,-0.191339046,-0.24018383,-0.303872198
-0.11501345,-0.181831509,-0.192019269,-0.294036478
-0.100174263,-0.131768733,-0.170153737,-0.219890177
-0.115340509,-0.0795394927,-0.19224596,-0.132167578
-0.161434978,-0.064831391,-0.263277352,-0.104116194
-0.224073634,-0.104773618,-0.35836941,-0.162864715
-0.277740151,-0.182464316,-0.431011349,-0.274896264
-0.29488641,-0.254841745,-0.44927156,-0.375410795
-0.255912066,-0.27604568,-0.396044821,-0.413292944
-0.155847281,-0.223498031,-0.260047227,-0.354723752
-0.00560418749,-0.111991003,-0.022933187,-0.188710496
0.171516299,0.0126252593,0.271131158,0.0147806751
0.34551993,0.0973560214,0.525143325,0.144343629
0.485156566,0.110832117,0.682694554,0.150763094
0.562255025,0.0611066595,0.747600257,0.0758484825
0.555805564,-0.00770457229,0.745383203,-0.0163703933
0.456949264,-0.0386970155,0.661999702,-0.0660846606
0.27454862,0.0068581407,0.443564832,-0.00413336419
0.0387594551,0.127546474,0.0750726089,0.197985455
-0.20115076,0.280919194,-0.298363745,0.426666409
-0.38715896,0.404494673,-0.508636892,0.543875217
-0.469681919,0.447651953,-0.568147659,0.5565961
-0.425907075,0.397488028,-0.551240742,0.52747196
-0.27119574,0.284920156,-0.407020241,0.438951373
-0.057038445,0.167916805,-0.0986005887,0.28923738
0.145634785,0.100966185,0.233517736,0.169335276
0.272204071,0.107113011,0.429916561,0.16151008
0.28877002,0.167259708,0.453270197,0.248189136
0.204674944,0.231939793,0.330424428,0.35367623
0.0675067157,0.248684749,0.120277576,0.394172341
-0.0572756119,0.190000147,-0.0826392397,0.313882798
-0.113114886,0.0671285614,-0.183651432,0.120129637
-0.0739821717,-0.0770979524,-0.126900598,-0.117732853
0.0478252135,-0.191558465,0.068671003,-0.306496412
0.209712416,-0.243079945,0.314599842,-0.381308317
0.357596785,-0.231434524,0.518189073,-0.348958582
0.446462035,-0.185722709,0.629241645,-0.272540659
0.454270512,-0.145315617,0.645387173,-0.218346372
0.385205775,-0.13687551,0.575367272,-0.211411163
0.263562292,-0.160580859,0.419934124,-0.258219182
0.123088703,-0.192895249,0.20266515,-0.313675463
-0.00315658166,-0.203520998,-0.00336524425,-0.334415525
-0.0896768048,-0.176120684,-0.149396107,-0.289751679
-0.122178048,-0.120455414,-0.205219582,-0.199197248
-0.0993693098,-0.068706587,-0.169904634,-0.112296075
-0.033614587,-0.0578864999,-0.0604848824,-0.0921765715
0.0505404696,-0.108197771,0.0802058578,-0.173889622
0.121735446,-0.209554717,0.192752197,-0.332952917
0.151517227,-0.32402727,0.229063839,-0.495666504
0.125907376,-0.403289616,0.182146713,-0.599178255
0.0536290146,-0.412079304,0.0756540075,-0.615100682
-0.0343274064,-0.345544875,-0.0582832284,-0.537998796
-0.0957833678,-0.231707409,-0.159669742,-0.377643555
-0.0955635831,-0.118067443,-0.165651232,-0.196751505
-0.02259418,-0.0493766293,-0.0458212756,-0.0823282897
0.103068091,-0.0476193875,0.164803565,-0.0754115209
0.237991691,-0.103522241,0.376570642,-0.163082093
0.335118324,-0.182743788,0.506473422,-0.278192341
0.365924358,-0.242774606,0.532718182,-0.360369295
0.333365351,-0.252093941,0.489979535,-0.381320953
0.268304288,-0.203118637,0.413660944,-0.325562626
0.210904852,-0.114278018,0.337626517,-0.195107922
0.187007606,-0.0217174683,0.303055555,-0.0426224247
0.192860529,0.0349604487,0.314145088,0.0542511195
0.197448596,0.0272603594,0.322495669,0.0431464352
0.161934435,-0.051877901,0.272291541,-0.0840334222
0.0656474456,-0.184418321,0.11196474,-0.300223231
-0.0765370876,-0.330829918,-0.115547061,-0.509436786
-0.216668129,-0.440335453,-0.308757395,-0.619656205
-0.296533823,-0.466083646,-0.407186031,-0.622457981
-0.279493332,-0.381917983,-0.408632308,-0.543084085
-0.173833638,-0.195557877,-0.29197681,-0.316242546
-0.0335722007,0.047820963,-0.0691301227,0.0728003159
0.0656999424,0.275866419,0.102201238,0.430739313
0.0645132139,0.412588567,0.106763959,0.607854187
-0.0489638969,0.408058763,-0.0572801232,0.606648564
-0.231075212,0.262226015,-0.336683452,0.413696885
-0.40390113,0.0307663139,-0.590880752,0.0616087914
-0.495263785,-0.192861319,-0.677062511,-0.248069897
-0.476465821,-0.314358264,-0.637347877,-0.404943973
-0.377108395,-0.279616535,-0.549146652,-0.397040188
-0.268144816,-0.100833051,-0.435094565,-0.164394185
-0.221499816,0.146211788,-0.35932827,0.22435461
-0.267848164,0.354785383,-0.382682621,0.515798628
-0.376038402,0.436018914,-0.479474097,0.578337252
-0.466689765,0.360994369,-0.592566907,0.477930605
-0.454218119,0.174975052,-0.636541069,0.263410419
-0.295688927,-0.02457265,-0.471516162,-0.0203815829
-0.0201685149,-0.136584207,-0.0509551316,-0.215184793
0.278415263,-0.107982852,0.42111516,-0.177237377
0.483090252,0.037997514,0.678438604,0.037124984
0.510071993,0.212120503,0.689180493,0.268389523
0.350892544,0.304114074,0.517167032,0.423807949
0.0784398764,0.240249783,0.146943688,0.383172125
-0.186949298,0.0241925735,-0.286592603,0.0522855259
-0.334825695,-0.260522306,-0.49306339,-0.36523962
-0.316848785,-0.488858849,-0.428378969,-0.626110077
-0.167926714,-0.555003762,-0.236315206,-0.721481383
0.013882013,-0.425073743,0.00282480381,-0.628981173
0.118043602,-0.155022874,0.178514704,-0.268640995
0.0770299584,0.135591343,0.12943086,0.205339551
-0.100972869,0.32092157,-0.139799803,0.491149992
-0.337612599,0.328389436,-0.46456477,0.478001565
-0.524190784,0.170722604,-0.691666901,0.246930152
0.0370970406,-0.52863282,0.0203757379,-0.662684858
0.112632088,-0.668288887,0.127654657,-0.819511712
0.17643021,-0.685865879,0.19004491,-0.785946548
0.191451624,-0.574075162,0.233909383,-0.736563802
0.133941993,-0.369862795,0.195111021,-0.565936029
0.00863959081,-0.138244808,0.0148485117,-0.245099157
-0.148888946,0.0540165231,-0.239904568,0.0801061839
-0.28494361,0.163254738,-0.437106133,0.256890237
-0.349978775,0.182025641,-0.521347225,0.283312201
-0.320057392,0.136246994,-0.491829336,0.220981598
-0.207223281,0.0694829226,-0.340389341,0.123996913
-0.0538150705,0.0227519721,-0.0976707041,0.044062078
0.0865289047,0.0190695431,0.139765471,0.0330063701
0.172084838,0.058456067,0.280934572,0.0903649032
0.189542219,0.12354511,0.308689564,0.192170233
0.156339705,0.191176653,0.256778181,0.300395578
0.108412892,0.243601888,0.179154068,0.385309905
0.0799887478,0.274485707,0.132392257,0.433687329
0.0857181549,0.288373321,0.138991177,0.454585999
0.113982901,0.295564085,0.180409521,0.461525619
0.134462714,0.305821925,0.213449761,0.470183074
0.115884311,0.323770821,0.187003866,0.495600104
0.0448096506,0.347108901,0.0810218528,0.530728221
-0.064210169,0.367266566,-0.0868858844,0.556704521
-0.172571868,0.371644884,-0.245540887,0.554849148
-0.234209031,0.346939832,-0.339892209,0.519491851
-0.217150092,0.283443242,-0.328271985,0.442474544
-0.119763836,0.179859474,-0.193272486,0.302139848
0.026288379,0.0471176617,0.0386926457,0.0892894417
0.168242618,-0.0912238359,0.27124843,-0.144581407
0.254319519,-0.203960672,0.393049538,-0.317798883
0.255739719,-0.262414455,0.387692273,-0.405218393
0.178586707,-0.252465069,0.278735459,-0.403934687
0.0600376353,-0.182845771,0.0985158086,-0.30861482
-0.0492978245,-0.0844842717,-0.0820544139,-0.147379428
-0.108704463,0.000765687844,-0.183113962,-0.000133616282
-0.105434023,0.0382719859,-0.17864415,0.0676863343
-0.0590362325,0.017500069,-0.0997043326,0.0352976918
-0.00996878371,-0.0412406847,-0.0169289373,-0.0631560385
0.00192588277,-0.0949780568,0.00389583874,-0.158106044
-0.0415312313,-0.0987002477,-0.0678313151,-0.167865664
-0.126857966,-0.0290364698,-0.208591983,-0.0529853739
-0.215295747,0.101045914,-0.346516371,0.159059361
-0.262824744,0.245037064,-0.400058955,0.376085043
-0.244005084,0.343244076,-0.359860152,0.512441218
-0.167378262,0.351550967,-0.247980163,0.536288619
-0.0737748817,0.264301658,-0.112880029,0.429325879
-0.0171058793,0.119106188,-0.0228566229,0.207941845
-0.036213953,-0.0199557301,-0.0544080622,-0.0294380542
-0.131644681,-0.0931955427,-0.213733986,-0.153604284
-0.259838074,-0.0749920234,-0.41285038,-0.121904589
-0.349454105,0.0130468849,-0.539856017,0.0200529881
-0.33378154,0.112809047,-0.516620696,0.176975742
-0.184626028,0.159520626,-0.304028958,0.265223235
0.0688416511,0.115845628,0.104929894,0.20233877
0.34666881,-0.00728406059,0.527862251,-0.00327019976
0.548885882,-0.154255569,0.724694669,-0.208063379
0.59747541,-0.25160265,0.729913235,-0.317313641
0.470531046,-0.244922236,0.641400516,-0.346018612
0.212503999,-0.127323717,0.348629594,-0.221430615
-0.0847481415,0.0551017895,-0.130044311,0.0733592808
-0.321671158,0.223829493,-0.477242589,0.33539027
-0.433069915,0.304471254,-0.5893296,0.426891893
-0.41287905,0.261447996,-0.57949239,0.381995142
-0.310358167,0.114007495,-0.480944455,0.192776874
-0.200365365,-0.0736682415,-0.327130467,-0.103832819
-0.143055812,-0.222688258,-0.232525989,-0.349387616
-0.15343003,-0.274842858,-0.242665946,-0.431103528
-0.195989475,-0.216332883,-0.314199507,-0.346016586
-0.206864223,-0.0797253251,-0.341583282,-0.133455753
-0.131647944,0.0747597888,-0.225728706,0.122593269
0.0409871414,0.187757954,0.0583338439,0.308315605
0.267780989,0.224699706,0.407482356,0.348412961
0.468080044,0.184834063,0.655896187,0.256662339
0.561530232,0.0937342122,0.746430695,0.118477568
0.507348299,-0.0138799381,0.710619628,-0.026335733
0.325188905,-0.110463314,0.51071018,-0.17859292
0.0868336186,-0.183046713,0.151819929,-0.303697646
-0.117285319,-0.230209395,-0.185606226,-0.371171385
-0.21995005,-0.253551751,-0.345962375,-0.389936775
-0.206484199,-0.251150429,-0.330418527,-0.38635844
-0.117203429,-0.217972994,-0.20013161,-0.347032487
-0.02254094,-0.152617112,-0.0456534922,-0.253679991
0.0156394672,-0.0647887588,0.0223589595,-0.11370115
-0.0237716213,0.0231245328,-0.0358473808,0.0338662453
-0.111938603,0.0834550187,-0.1784648,0.136334911
-0.188042417,0.0966932103,-0.301862955,0.160132289
-0.194247633,0.0633806959,-0.316137522,0.111094274
-0.108766355,0.00667494256,-0.185918182,0.0197490882
0.040587455,-0.037482135,0.0590000935,-0.0586654916
0.18941769,-0.038556844,0.301883698,-0.0656542629
0.269299954,0.0114355367,0.427724361,0.00935716834
0.242646262,0.0915873498,0.393280745,0.135057792
0.121695265,0.16104129,0.208253548,0.255116791
-0.0379509218,0.179527953,-0.0503610559,0.291282117
-0.165367156,0.129168302,-0.261285335,0.216423601
-0.208941713,0.02589982,-0.339550048,0.0520594865
-0.159677804,-0.0861419365,-0.265678525,-0.130997494
-0.051783219,-0.155184805,-0.0948411673,-0.249585822
0.0585076995,-0.147285357,0.0868900493,-0.244319618
0.12356656,-0.0638254732,0.19974342,-0.113598354
0.12775594,0.0579785109,0.211655229,0.0871629342
0.0915790647,0.16200909,0.154020578,0.258221626
0.055583369,0.199281961,0.0961948559,0.323731184
0.0541042872,0.150282741,0.0927421078,0.252329797
0.0941137448,0.0329243653,0.157570854,0.0612257943
0.151042029,-0.107112102,0.246818185,-0.17137526
0.183571488,-0.218100429,0.288317025,-0.346368939
0.158653453,-0.264917195,0.247817233,-0.42149058
0.0723335296,-0.241790131,0.115387611,-0.395017922
-0.0455764867,-0.170051143,-0.0739955232,-0.28623268
-0.145856604,-0.0836683437,-0.240876347,-0.141634062
-0.185540453,-0.0111564882,-0.307332695,-0.0170531757
-0.150895685,0.0366111174,-0.25415504,0.0656766444
-0.0652005672,0.0672368109,-0.113410123,0.116344735
0.0229320843,0.0973558947,0.0359552465,0.162950084
0.0644616261,0.139342457,0.108461022,0.228530183
0.0348819904,0.192025125,0.0638448894,0.308559328
-0.0537033789,0.240366668,-0.077385895,0.38310954
-0.159244269,0.263734251,-0.2404048,0.416400135
-0.231063485,0.247700244,-0.351352096,0.389697522
-0.234393165,0.192728266,-0.365155429,0.311570674
-0.165698096,0.115195118,-0.270732105,0.196961239
-0.0519222915,0.0405365303,-0.0906285122,0.0748528913
0.064455539,-0.00763273193,0.103223063,-0.010055027
0.14564009,-0.0168991331,0.238879949,-0.0301259328
0.173431337,0.0102621112,0.284539193,0.00979968254
0.152398318,0.0594050288,0.254465818,0.091374442
0.102016866,0.111291125,0.172527537,0.17839624
0.044295162,0.14944008,0.0777786449,0.242228657
-0.00529075926,0.164856121,-0.00523493299,0.271599382
-0.0392748229,0.156869948,-0.0602387041,0.259865731
-0.0535885692,0.131156743,-0.0866613314,0.219421521
-0.0425186232,0.096906215,-0.0706663579,0.165619865
0.00121991488,0.0645824894,0.000983739505,0.111292921
0.0799914896,0.0444298312,0.130262867,0.0747281536
0.182539746,0.0449449234,0.295393944,0.0718728602
0.280280203,0.0706487969,0.441553265,0.106661677
0.333932221,0.119516298,0.512919784,0.175076529
0.309832662,0.181514353,0.48096472,0.267136365
0.1985787,0.239914596,0.321909964,0.365972549
0.025499057,0.275998831,0.0540487096,0.432982564
-0.154701084,0.275942028,-0.229979843,0.432859778
-0.278926641,0.237108275,-0.418956518,0.370875686
-0.303350538,0.170733795,-0.464727372,0.273157537
-0.224110007,0.0993049592,-0.363956332,0.169976771
-0.079869628,0.0492581278,-0.140378863,0.0889570415
0.0661296099,0.0417479351,0.104691744,0.070714213
0.156245589,0.085069783,0.256006271,0.134302869
0.165757209,0.17151165,0.271686047,0.26795271
0.113262452,0.279466003,0.186248973,0.431871235
0.0486645922,0.3796058,0.0820241347,0.568655968
0.0250230562,0.442770511,0.0443278588,0.64456135
0.0692043751,0.447249532,0.104568779,0.649419487
0.167045951,0.383998573,0.250779301,0.572090566
0.271053284,0.259238333,0.414494872,0.397168338
0.326511383,0.0943061635,0.510320544,0.148784146
0.301831454,-0.0774205998,0.477974445,-0.122083083
0.206485122,-0.216732055,0.329545468,-0.343398333
0.0864534602,-0.287553996,0.136917546,-0.457510322
-0.000711350236,-0.267055631,-0.00812752452,-0.432071865
-0.0178985167,-0.153929606,-0.0389555618,-0.260589391
0.0299403034,0.028584782,0.0396079905,0.0398940817
0.0967646316,0.23721166,0.153523341,0.371772498
0.119261816,0.420294881,0.182051688,0.607545197
0.0514617637,0.533107281,0.0828223154,0.721768498
-0.10794688,0.551330924,-0.126452565,0.732966185
-0.310238183,0.477548778,-0.39164874,0.636027277
-0.476671338,0.33831501,-0.607024133,0.452021718
-0.534359276,0.173308656,-0.704943359,0.244590461
-0.450371087,0.0213336758,-0.655532122,0.0459047742
-0.247470245,-0.0911068544,-0.405757457,-0.131171793
0.00572094414,-0.154679716,-0.00695274165,-0.248614639
0.22462523,-0.174995676,0.345478833,-0.279411823
0.343741238,-0.166011482,0.517617226,-0.259103835
0.34035939,-0.143167987,0.518881619,-0.228559703
0.237282336,-0.119339496,0.383927971,-0.199113578
0.0859111473,-0.104103848,0.149167016,-0.178910181
-0.0595905446,-0.104486257,-0.0940843374,-0.1752038
-0.16337572,-0.124702446,-0.26685527,-0.20042105
-0.214961737,-0.163864717,-0.346058905,-0.255065292
-0.221728623,-0.213056013,-0.353616983,-0.327393532
-0.19432579,-0.254811376,-0.309372455,-0.392195374
-0.135335639,-0.267487645,-0.221062854,-0.417900771
-0.0381885469,-0.234250844,-0.0724497885,-0.376965225
0.10384021,-0.152989149,0.157949165,-0.254267931
0.285256952,-0.0415902436,0.439959407,-0.072645463
0.481408477,0.0657354891,0.674784899,0.0850806832
0.652423859,0.131222233,0.784381568,0.148905933
0.756875694,0.130444199,0.803930223,0.128913417
0.768153429,0.065229468,0.810569227,0.062180642
0.684885919,-0.0346151441,0.802853107,-0.0467840321
0.530144095,-0.123008743,0.719619453,-0.174169511
0.340453655,-0.158224538,0.521697104,-0.249517158
0.151084661,-0.122909434,0.251021922,-0.211674303
-0.0144817596,-0.0335074291,-0.020426847,-0.0660995692
-0.146252602,0.0662061721,-0.237936065,0.105485536
-0.241705179,0.125080854,-0.381620944,0.20275268
-0.297867805,0.10880816,-0.462746114,0.177819043
-0.308052331,0.0167694483,-0.482584238,0.0392970368
-0.266165257,-0.11673221,-0.423575312,-0.171680003
-0.175846577,-0.23755832,-0.28526926,-0.365283936
-0.0576010346,-0.295937598,-0.101345457,-0.462557465
0.052654855,-0.268308789,0.0720781237,-0.431093812
0.115465716,-0.166775569,0.181268305,-0.279958874
0.10539493,-0.0324334502,0.174998417,-0.0644464046
0.0250865612,0.0833703279,0.0467615984,0.131965265
-0.0927413926,0.140443206,-0.143467456,0.230059758
-0.198188752,0.124049507,-0.31438449,0.205989689
-0.246797904,0.046743419,-0.393249303,0.0853414014
-0.220989153,-0.061103303,-0.358703882,-0.0872055739
-0.139215633,-0.165801272,-0.232721791,-0.259960979
-0.0475874916,-0.242368028,-0.0856138989,-0.386106342
0.00236369646,-0.279380083,-0.00226418604,-0.445272237
-0.0211544689,-0.276719719,-0.0359439366,-0.442868888
-0.11469727,-0.240069225,-0.184394494,-0.386530757
-0.2414058,-0.176757962,-0.378002346,-0.281511515
-0.348887473,-0.0952614099,-0.535226643,-0.144357309
-0.393735647,-0.00714125857,-0.594133258,-0.0054237023
-0.360213786,0.0720057115,-0.551353574,0.114738718
-0.264205188,0.125433683,-0.419560015,0.20466572
-0.141660646,0.141817018,-0.232939079,0.237825632
-0.028940836,0.122007176,-0.0487380624,0.208018556
0.0537827499,0.0811894089,0.0903828591,0.138356596
0.107449137,0.0435849354,0.17964147,0.0724798739
0.145946622,0.0311169662,0.241084605,0.0486669466
0.18114008,0.051560197,0.295705467,0.0803545862
0.211108103,0.0929606333,0.341196954,0.143889204
0.219352767,0.128399715,0.354721934,0.20046702
0.185850441,0.129678279,0.307712257,0.205937341
0.103320181,0.083208099,0.180595294,0.137850836
-0.0116094798,-0.000547582749,-0.0104950368,0.00116141676
-0.120302089,-0.089924641,-0.194094792,-0.143911242
-0.177838549,-0.146693975,-0.289361626,-0.232418478
-0.155243844,-0.145444825,-0.261057913,-0.234053805
-0.0565240309,-0.0876110792,-0.104596071,-0.146004885
0.0792390183,-0.00233601965,0.123197414,-0.00812248047
0.193093657,0.0669653788,0.31281665,0.104949415
0.23211138,0.0839206427,0.377274007,0.132246867
0.173595846,0.0375761352,0.293941528,0.0601032712
0.0358088985,-0.051725138,0.0703873187,-0.0855743065
-0.129949436,-0.142176613,-0.205439761,-0.230557516
-0.261848062,-0.191136762,-0.410267085,-0.294554412
-0.313560396,-0.176043451,-0.48424527,-0.265819579
-0.271546572,-0.105020836,-0.43763423,-0.162653297
-0.156290516,-0.0120350309,-0.268313199,-0.0179574024
-0.00857641455,0.0604973249,-0.0225557741,0.101625085
0.130844116,0.0823919699,0.213299304,0.138765097
0.237394542,0.0490791053,0.381311834,0.0793659016
0.307181895,-0.0186546519,0.483847678,-0.0304299928
0.349432349,-0.087492466,0.534158468,-0.138691992
0.373073101,-0.129395142,0.558822572,-0.201044649
0.376393318,-0.134636298,0.560826659,-0.208761126
0.346220344,-0.113484316,0.527700961,-0.181929395
0.266995341,-0.086539574,0.42631343,-0.145597413
0.134071305,-0.0700277835,0.227501243,-0.122127496
-0.0370970406,-0.0649198219,-0.053958267,-0.112453714
-0.212039649,-0.0563084744,-0.33880046,-0.0914297402
-0.349118412,-0.0235012546,-0.535977304,-0.0324415155
-0.416625738,0.0448605865,-0.618153632,0.0711386874
-0.406610221,0.139324769,-0.599839449,0.209712729
-0.338454902,0.228718668,-0.506040156,0.344847262
-0.250420123,0.27128455,-0.379675806,0.419541538
-0.183344141,0.233103931,-0.284834206,0.375704497
-0.164322421,0.105255693,-0.261124671,0.183179259
-0.19770509,-0.0883945972,-0.314597666,-0.130073845
-0.266664803,-0.296584159,-0.399602294,-0.434258133
-0.343256891,-0.457169801,-0.460398644,-0.5963462
-0.401160806,-0.518114328,-0.494523555,-0.62546277
-0.42492485,-0.454874307,-0.541561067,-0.567613065
-0.412351042,-0.278127313,-0.586009681,-0.389616966
-0.370779246,-0.0298712589,-0.572448254,-0.0506325886
-0.311046928,0.229888111,-0.473759234,0.344161123
-0.243260607,0.440948427,-0.337264299,0.61757046
-0.176327094,0.559668839,-0.222667545,0.731890738
-0.12005572,0.570143342,-0.147509769,0.747668564
-0.0866208747,0.487138271,-0.110988282,0.688722908
-0.0885507464,0.350257039,-0.125378758,0.540719211
-0.13294223,0.210873887,-0.205034599,0.346070766
-0.21469225,0.115332067,-0.337996721,0.189362258
-0.313181758,0.0893886909,-0.483090073,0.141535118
-0.395840496,0.129249126,-0.586464703,0.194051281
-0.428681225,0.203062668,-0.610466659,0.292834848
-0.389944524,0.263344318,-0.556925654,0.383330673
-0.280641168,0.266382724,-0.423576623,0.408977062
-0.126480281,0.191149399,-0.205448493,0.320248276
0.030680079,0.0495011844,0.0500949696,0.0941266865
0.148810267,-0.117499925,0.242430359,-0.186290711
0.202317059,-0.256414145,0.313875884,-0.399884671
0.191834107,-0.324433446,0.289867193,-0.496689498
0.142644033,-0.30817306,0.216285482,-0.483909905
0.0923335925,-0.229243606,0.144192517,-0.37561816
0.0732735097,-0.133559972,0.115132883,-0.226338595
0.0979656279,-0.069173269,0.157480404,-0.116368391
0.154018372,-0.0632287189,0.250239015,-0.104226194
0.211056978,-0.109366827,0.338379592,-0.176444143
0.236299798,-0.171890497,0.372249126,-0.274032503
0.211425021,-0.204672992,0.332263172,-0.328797102
0.142640591,-0.175282836,0.232262462,-0.290917039
0.0589348823,-0.0820538625,0.0980698168,-0.145588547
-0.00102373492,0.0446476117,-0.0023341456,0.066594325
-0.00744347088,0.157638952,-0.0138420872,0.25758186
0.0453198925,0.216823503,0.0728118047,0.35339582
0.134369373,0.209490001,0.216903239,0.339344919
0.217560515,0.156556875,0.348636985,0.250743479
0.252921104,0.101521388,0.405893296,0.159967005
0.219552368,0.0877175406,0.35852012,0.134915128
0.13002491,0.13539955,0.219125301,0.212427095
0.0275613554,0.230169207,0.0508064032,0.365467131
-0.0320006981,0.328474134,-0.0448403023,0.508200467
-0.00623289403,0.377404362,-0.00597688137,0.57455498
0.111520387,0.339164048,0.1711092,0.525298119
0.28436774,0.208725855,0.437280476,0.328367144
0.443677545,0.0169287175,0.646790743,0.0282371063
0.516684473,-0.181562915,0.696963727,-0.248142928
0.458428085,-0.329208225,0.60888809,-0.443040639
0.273685873,-0.385988533,0.393233389,-0.558840156
0.0182318073,-0.341261297,0.0324564688,-0.537290156
-0.222324744,-0.213880405,-0.347708344,-0.344039142
-0.367583632,-0.0427103043,-0.564235687,-0.0668339953
-0.375937104,0.127123281,-0.568714797,0.193590447
-0.261460274,0.256835401,-0.404475212,0.396779507
-0.0862083063,0.322275072,-0.136798024,0.506333113
0.0686434507,0.317418039,0.108530939,0.499552995
0.139373809,0.254031867,0.227653831,0.403509974
0.106811263,0.158367172,0.183980718,0.258955151
0.00129099237,0.0649441555,0.0126198651,0.108700931
-0.116386242,0.00741750235,-0.186612353,0.014582633
-0.18801567,0.00778508652,-0.308175921,0.0136201428
-0.188137725,0.0672203526,-0.312114447,0.109898016
-0.135885999,0.16294238,-0.224824294,0.26532951
-0.0825680941,0.254328996,-0.129782587,0.405574113
-0.0816295296,0.297773451,-0.119720623,0.46859172
-0.156994149,0.265157193,-0.234646261,0.420111775
-0.286904663,0.157851636,-0.433261335,0.253373027
-0.412512749,0.00898324419,-0.605837166,0.0256748833
-0.467494011,-0.128471181,-0.663661242,-0.168134168
-0.413587928,-0.203424662,-0.602941632,-0.283341974
-0.263242155,-0.18866919,-0.421994984,-0.287311018
-0.0766739324,-0.0927664414,-0.141493961,-0.155210599
0.0662856549,0.0440155566,0.103978164,0.0674952939
0.105898008,0.167894408,0.17666924,0.265173107
0.0335596167,0.235107139,0.0661695153,0.375709385
-0.102191463,0.229448572,-0.150279939,0.368175775
-0.218576938,0.165751114,-0.338603348,0.269863993
-0.239424393,0.0786293969,-0.38360399,0.13625589
-0.133523032,0.00334906206,-0.228678569,0.0136939883
0.0690137371,-0.0406914242,0.102886818,-0.0625602528
0.290856302,-0.055542931,0.447509468,-0.0896977633
0.444995522,-0.0576487817,0.644722164,-0.0915080309
0.476674169,-0.0636932477,0.678169847,-0.100600272
0.388475478,-0.0786350667,0.588114142,-0.126553267
0.236105397,-0.0933429673,0.385217935,-0.158220768
0.0976108685,-0.0929674208,0.165510029,-0.15869917
0.0324729793,-0.0702554882,0.0515611582,-0.119973347
0.0520456135,-0.034631636,0.0809253678,-0.0593997687
0.116562635,-0.0101676174,0.189117193,-0.0179257188
0.159740686,-0.0223300178,0.263571501,-0.0379547551
0.127374023,-0.0806822628,0.214990795,-0.133091301
0.00898403954,-0.168108314,0.0215709452,-0.275734723
-0.154596686,-0.244322881,-0.239572421,-0.385514706
-0.291913271,-0.263705403,-0.441871822,-0.394490749
-0.338919878,-0.199081764,-0.516311705,-0.297297448
-0.274089158,-0.0588417053,-0.444954902,-0.0929337367
-0.131745204,0.112581059,-0.227302074,0.184640065
0.0138426656,0.25244379,0.018491067,0.404381782
0.0857144967,0.307508528,0.140907452,0.479683846
0.0437015519,0.258123994,0.083939597,0.414715976
-0.094233945,0.12639825,-0.139019012,0.215788275
-0.259852141,-0.0354907028,-0.405389845,-0.0482567772
-0.367787749,-0.170390382,-0.550126016,-0.243966356
-0.357329458,-0.241319269,-0.534537435,-0.345843375
-0.222072318,-0.243731588,-0.358238816,-0.371142864
-0.0131857321,-0.199487761,-0.0371263027,-0.323822588
0.184503257,-0.137515113,0.285954028,-0.225116417
0.291078657,-0.0735602826,0.455950737,-0.124313675
0.265756726,-0.00163883669,0.428901017,-0.0135946674
0.121084034,0.0973954722,0.209767357,0.149707422
-0.0877044275,0.235269025,-0.128462076,0.366063565
-0.290590644,0.396633029,-0.398896784,0.55593586
-0.432849646,0.533757508,-0.500330806,0.632638693
-0.492998838,0.581545651,-0.517326236,0.62731111
-0.482258499,0.487366289,-0.554788053,0.578387201
-0.429396063,0.24103874,-0.594113052,0.354943126
-0.361696154,-0.111291125,-0.543833673,-0.141199514
-0.292957366,-0.478424191,-0.398375064,-0.61833173
-0.223510608,-0.757111549,-0.24306865,-0.776946843
-0.149273813,-0.872179031,-0.142423853,-0.771859288
-0.07167124,-0.805204093,-0.0798128322,-0.800892353
-0.000724538695,-0.598620057,-0.0137759121,-0.770237505
0.0509162247,-0.334154248,0.0656978637,-0.528982997
0.0784847811,-0.0968494788,0.121391289,-0.174593046
0.0919906795,0.0577928498,0.152700916,0.09077169
0.113192625,0.118831806,0.189532027,0.195497721
0.162694544,0.112433746,0.265802652,0.185623571
0.244132772,0.0790324584,0.391227454,0.127036572
0.335517138,0.0492551364,0.516720831,0.0723301545
0.394776553,0.0316686593,0.592421949,0.0422821045
0.378779948,0.0172264557,0.575910568,0.0181115922
0.266875058,-0.00499869604,0.432938397,-0.0150106875
0.0761861876,-0.0326686129,0.139074102,-0.060853038
-0.14086245,-0.0465165786,-0.224103794,-0.0791546479
-0.317395508,-0.0214019492,-0.495323896,-0.0326884799
-0.401926279,0.0544153266,-0.601225317,0.0847918615
-0.382302523,0.164260924,-0.570356429,0.247232303
-0.291139752,0.263313323,-0.440572858,0.400733441
-0.189290747,0.296836585,-0.288290709,0.462280154
-0.135271296,0.228423864,-0.209288359,0.372858346
-0.156070307,0.0634187385,-0.246670589,0.116665252
-0.234290019,-0.146275371,-0.367116064,-0.220907316
-0.318181038,-0.320926219,-0.464682877,-0.456969261
-0.349221438,-0.387946546,-0.488863498,-0.529594779
-0.292760283,-0.316676676,-0.440335959,-0.463291705
-0.155781582,-0.135521486,-0.269153923,-0.224223018
0.017168045,0.0780505389,0.0168707371,0.123254158
0.167171016,0.231026888,0.264045328,0.363147646
0.250457287,0.25657627,0.391070545,0.39313215
0.258393317,0.144328043,0.416698158,0.230146334
0.217628181,-0.0551936477,0.359929085,-0.0847900435
0.171150878,-0.254115582,0.269711524,-0.398279518
0.15152292,-0.367641389,0.222294345,-0.553930104
0.161735848,-0.352486283,0.233602688,-0.538354754
0.174711943,-0.225754976,0.267280906,-0.367958188
0.151851952,-0.0561872721,0.246490911,-0.10500852
0.0700851083,0.0674172938,0.121555321,0.104237914
-0.0583307743,0.0756919533,-0.0887619182,0.128571033
-0.185498267,-0.0515613705,-0.295779616,-0.0729063004
-0.248833388,-0.277708352,-0.37855649,-0.405814588
-0.203239024,-0.525559664,-0.282987475,-0.685400665
-0.0477006473,-0.709067106,-0.0736771077,-0.803410292
0.168401524,-0.766223133,0.157782823,-0.793506563
0.363949418,-0.679972589,0.368175298,-0.722174048
0.461606801,-0.480428636,0.540840626,-0.585580111
0.423207581,-0.230065495,0.594424665,-0.341786265
0.267699897,6.63626342e-05,0.432779342,-0.0197579786
0.0627874881,0.15308781,0.115833454,0.240835771
-0.105701461,0.200436264,-0.161137789,0.326226413
-0.171937719,0.144738168,-0.273952931,0.244494647
-0.117684402,0.0134216305,-0.198993877,0.0359842777
0.0229756869,-0.152398244,0.0281715132,-0.24112244
0.182652399,-0.309324414,0.270338893,-0.470161557
0.29298535,-0.420720637,0.398403138,-0.587265611
0.314361334,-0.462713957,0.413923621,-0.623878479
0.249669448,-0.427519381,0.346517503,-0.607114434
0.137596503,-0.32435593,0.208157539,-0.508724809
0.031129038,-0.177627727,0.0482802652,-0.301419616
-0.0267962571,-0.0218475927,-0.0490231402,-0.0448733382
-0.0189287513,0.106510244,-0.0343816616,0.174569651
0.0448600538,0.178654298,0.0721207261,0.2945939
0.137899369,0.181787387,0.224013478,0.297561675
0.231016889,0.123020522,0.372125,0.199778959
0.302807927,0.0270159617,0.477368414,0.0423209816
0.342164695,-0.0722472817,0.526422203,-0.11319562
0.345007002,-0.142815813,0.524303555,-0.223605573
0.310510188,-0.165060878,0.477525681,-0.26213178
0.241242796,-0.137087628,0.383661687,-0.226468176
0.147396907,-0.0733368918,0.244487345,-0.129939497
0.0508079156,0.00278644101,0.0878010169,-0.00191616721
-0.016976051,0.0690219253,-0.0264581293,0.112340242
-0.0253055952,0.112836339,-0.0411499515,0.189349607
0.039481055,0.135003358,0.0624024905,0.225070819
0.160897404,0.146955684,0.257084996,0.238427654
0.291298419,0.163435161,0.449541211,0.249703869
0.367321163,0.194021061,0.547765791,0.279449105
0.337442309,0.2375696,0.505951226,0.343074203
0.189521089,0.282222211,0.304311216,0.425388545
-0.036098849,0.311015099,-0.0383628309,0.481613249
-0.257065356,0.310413688,-0.368926466,0.468451738
-0.381258428,0.277566969,-0.539716303,0.407195002
-0.347632676,0.22251679,-0.516900182,0.341212779
-0.156722903,0.1639162,-0.26106441,0.275254101
0.124791525,0.119999781,0.193238959,0.204089031
0.389601618,0.0991015583,0.57711947,0.144762591
0.535171032,0.0946005359,0.726865828,0.119104497
0.50868988,0.0873356462,0.70827806,0.111041412
0.330572724,0.054986354,0.522529125,0.0771005452
0.0850179195,-0.0156877246,0.156529084,-0.0291257296
-0.118487604,-0.119693011,-0.187088102,-0.191382959
-0.19502382,-0.232671961,-0.311954409,-0.35694173
-0.122270785,-0.319165289,-0.202970579,-0.484925717
0.050872393,-0.347112209,0.0621939972,-0.532261312
0.228684708,-0.302168518,0.332060933,-0.463630646
0.314052105,-0.195126534,0.473186016,-0.308469832
0.253304183,-0.0586940572,0.409181565,-0.106910013
0.0596974269,0.0652070269,0.111244708,0.0967878997
-0.194504261,0.142002225,-0.298746496,0.225852266
-0.412277132,0.157464504,-0.593486607,0.238547876
-0.515244246,0.121503837,-0.701716304,0.179094031
-0.475719362,0.0615529045,-0.6774382,0.0989288017
-0.323482692,0.00924220216,-0.510823607,0.0258609112
-0.126259163,-0.0130778383,-0.22044611,-0.0139911249
0.0445940904,7.40488831e-05,0.0661644414,5.55957286e-06
0.145591527,0.0381900147,0.239733472,0.0583559722
0.175143465,0.0822680891,0.289179444,0.127495468
0.165329352,0.11406637,0.272566676,0.180862591
0.158113286,0.12220341,0.262434155,0.197675303
0.179864705,0.102874041,0.295233727,0.167442024
0.22760652,0.0566068552,0.366990715,0.0905177668
0.273131937,-0.0151520725,0.434571445,-0.0263538361
0.28123349,-0.110219434,0.441950798,-0.174521267
0.231086627,-0.222045094,0.363435149,-0.349205434
0.128905714,-0.33515197,0.198855966,-0.514446735
0.0054367194,-0.424262285,0.00529951323,-0.626852036
-0.0996006727,-0.4603526,-0.146570906,-0.659482718
-0.157080576,-0.422863543,-0.235957995,-0.612537622
-0.161323667,-0.312833607,-0.25629437,-0.481805325
-0.129717857,-0.159575984,-0.220935374,-0.263318449
-0.0901486501,-0.0153663782,-0.154823333,-0.0286624264
-0.0639512017,0.0620023459,-0.106492281,0.103610292
-0.0542751551,0.032567434,-0.0873012617,0.0600422919
-0.0463819355,-0.106764287,-0.0747756138,-0.167437404
-0.01945832,-0.3168841,-0.0338599719,-0.484201312
0.092742607,-0.129839644,0.131688401,-0.233508572
0.139820367,-0.159322515,0.229532272,-0.253252447
0.0995188951,-0.176794156,0.164723739,-0.292126954
-0.00976060703,-0.173049301,-0.0134959817,-0.28859207
-0.146642864,-0.152724728,-0.235260084,-0.251151741
-0.259893328,-0.131483302,-0.4112221,-0.206058353
-0.304449022,-0.125067607,-0.477002919,-0.188303947
-0.255986065,-0.137358159,-0.41262567,-0.206945449
-0.119718887,-0.155286998,-0.205855384,-0.246352464
0.069805041,-0.154419765,0.102412388,-0.251250982
0.258847475,-0.112661332,0.399561375,-0.182680845
0.392186284,-0.0245803613,0.584868729,-0.04894742
0.432707816,0.0918610469,0.632812142,0.120181471
0.375459403,0.200460255,0.55891943,0.282973319
0.249893367,0.26176247,0.391639173,0.390931845
0.108296096,0.250609726,0.184604302,0.396174133
0.00432356633,0.16765821,0.0163196586,0.281184793
-0.0295033567,0.0394419767,-0.0470449887,0.0741246641
0.00478574354,-0.0926458314,0.00547191082,-0.147487581
0.0728842393,-0.188818514,0.113065548,-0.305789053
0.125659645,-0.225099429,0.195791647,-0.36112842
0.12385229,-0.199440047,0.19619672,-0.328775704
0.0581423901,-0.128400579,0.0955259874,-0.220341057
-0.0454783291,-0.0375261493,-0.073288627,-0.0702598691
-0.138079002,0.0492093191,-0.226292133,0.0785819963
-0.172085106,0.116289236,-0.28001821,0.19118683
-0.125469357,0.1580991,-0.207436204,0.261671096
-0.0135994442,0.176160514,-0.0251563974,0.293550521
0.117410742,0.174938411,0.187900692,0.287032723
0.212635919,0.15863958,0.341097295,0.25121516
0.234543294,0.12988995,0.3793239,0.203332931
0.180305198,0.0897707045,0.302251726,0.142301783
0.0817345232,0.0383028649,0.144045472,0.0623000339
-0.0116133522,-0.0249485504,-0.0149024613,-0.0415611491
-0.057034187,-0.0997404903,-0.0962510556,-0.161754906
-0.0382086188,-0.183055535,-0.0675327629,-0.295644075
0.0298933033,-0.266513705,0.0399931744,-0.422382921
0.11218188,-0.334924459,0.163511649,-0.514250994
0.173590541,-0.367951989,0.25025019,-0.551907301
0.196771905,-0.34572491,0.28722474,-0.523836851
0.188053355,-0.256953686,0.286763012,-0.411225557
0.169509947,-0.106030881,0.271391779,-0.18361783
0.162993252,0.0848418772,0.264713138,0.127134964
0.176197723,0.28058213,0.274107873,0.426457524
0.199031323,0.443868935,0.287156433,0.621799052
0.2119077,0.547036529,0.284103692,0.708554327
0.200131774,0.579835296,0.263546079,0.730135024
0.164786905,0.549694896,0.227873221,0.719921172
0.122739546,0.47508356,0.182545289,0.667757154
0.0952773541,0.376207024,0.152945369,0.569782138
0.0923559591,0.268421441,0.152086869,0.428859264
0.102849998,0.161580563,0.172522321,0.267827272
0.0982661322,0.0643545091,0.167621046,0.108355038
0.0494953208,-0.0110344319,0.0881876871,-0.0189471599
-0.0521717183,-0.0487860925,-0.0822966695,-0.0835557282
-0.182348266,-0.0362358652,-0.295817614,-0.0609454438
-0.288375735,0.0257281177,-0.457357764,0.0407901779
-0.311701596,0.11541453,-0.485705525,0.181969881
-0.217739582,0.192923993,-0.3495408,0.309289843
-0.0177976955,0.21448949,-0.0358163007,0.355321676
0.229567513,0.153393671,0.360542148,0.251253605
0.44051072,0.017013276,0.643743694,0.0264399573
0.541862488,-0.150405794,0.724016547,-0.205226868
0.50397718,-0.283447355,0.661046922,-0.379388243
0.354126185,-0.324326098,0.502212703,-0.469044119
0.163376629,-0.251527756,0.257625073,-0.408751667
0.0130585637,-0.0934909657,0.0188891422,-0.169164583
-0.0427941643,0.0811089426,-0.0756500587,0.128463954
-0.000593959063,0.193422839,-0.00531872502,0.318043649
0.095198147,0.191010341,0.154134095,0.316016316
0.178236455,0.0729397014,0.29496181,0.126888826
0.196514338,-0.109520838,0.321859181,-0.172451481
0.140068233,-0.277460784,0.22287938,-0.435915023
0.0461440496,-0.362038791,0.0672269687,-0.557219207
-0.0206480026,-0.336334556,-0.0386479571,-0.524970114
-0.00306925247,-0.225279048,-0.0162316021,-0.370215505
0.116583601,-0.0890501663,0.178673118,-0.151609838
0.302947402,0.0107277418,0.468195409,0.0142164528
0.479569405,0.0436430313,0.677183211,0.0575020574
0.561029017,0.0245094001,0.748752356,0.0256468952
0.490527004,0.00149021414,0.694710016,-0.00668203225
0.266109437,0.0252590608,0.434298694,0.0278574787
-0.0557296462,0.116504923,-0.0736493096,0.17871739
-0.380077392,0.250034958,-0.537877023,0.35770312
-0.608301401,0.364707351,-0.691485643,0.426945895
-0.673072696,0.394348741,-0.696438134,0.421161026
-0.560377359,0.30333367,-0.688587546,0.385330975
-0.311401069,0.107844897,-0.487820268,0.187569961
-0.00538802799,-0.128618255,-0.0223130565,-0.192813635
0.268704683,-0.323322862,0.385939896,-0.475293517
0.440987408,-0.411557913,0.556617975,-0.537670553
0.48029229,-0.374248296,0.605492949,-0.487780601
0.399320185,-0.242717877,0.568307221,-0.360244036
0.24516663,-0.0796769634,0.395518243,-0.144089609
0.0797160566,0.0523423329,0.139903829,0.0765662491
-0.0428179279,0.118343584,-0.0633047596,0.195936784
-0.0934856385,0.120932534,-0.152797714,0.203862771
-0.0755153671,0.090337567,-0.124921083,0.155554563
-0.0185243953,0.062536642,-0.0321293026,0.108817674
0.0373478904,0.0590800121,0.0606874041,0.0987975001
0.060773164,0.0795395598,0.102031402,0.130926073
0.0437481776,0.10888283,0.0757146478,0.177641928
0.00470171729,0.132890478,0.0108386073,0.218437314
-0.021582555,0.15045467,-0.0329181291,0.249271527
-0.00289794477,0.174488127,-0.00447966577,0.285320342
0.0715393573,0.221123651,0.113008589,0.356455326
0.181908607,0.294784963,0.278135777,0.449817389
0.283736199,0.379616201,0.408526152,0.535307884
0.327205628,0.443879366,0.44639793,0.589015067
0.281120628,0.455688417,0.393015802,0.613510072
0.149835244,0.400988638,0.23590228,0.586094379
-0.0257086139,0.292715877,-0.0243921205,0.464344084
-0.184148028,0.164974555,-0.284517586,0.272523254
-0.269803882,0.0550144315,-0.427475035,0.0970098972
-0.25630486,-0.016634563,-0.414935023,-0.0186401103
-0.15642789,-0.0560083687,-0.265182525,-0.085267581
-0.0138219204,-0.0893831626,-0.0314203352,-0.142999828
0.118495263,-0.144306183,0.188510969,-0.232754096
0.201412708,-0.229392201,0.313862681,-0.360466003
0.222977802,-0.325499535,0.332565576,-0.48962453
0.195878968,-0.394428134,0.282111198,-0.579240561
0.142472535,-0.400757372,0.205812722,-0.596279919
0.0775946975,-0.334087282,0.1156165,-0.5231933
0.00021186957,-0.217939585,-0.00399308931,-0.361620367
-0.100865886,-0.0988877043,-0.166993827,-0.169384614
-0.23110497,-0.021123942,-0.36842081,-0.0339424424
-0.375112653,-0.000855798542,-0.564804852,0.0039573065
-0.493696421,-0.0160041656,-0.691186488,-0.0135122379
-0.537907124,-0.0185485203,-0.731333315,-0.0165325664
-0.474520028,0.0361645818,-0.680236995,0.0564083233
-0.309339583,0.159338057,-0.485548168,0.248118535
-0.0939310715,0.315706372,-0.154151857,0.491112649
0.0909851864,0.436749011,0.134076357,0.635738194
0.169870645,0.454760969,0.250510484,0.642760456
0.108363949,0.340075612,0.180498987,0.523308396
-0.0676565319,0.120805174,-0.0924476013,0.207695812
-0.281128585,-0.126935393,-0.428645402,-0.187808558
-0.43823424,-0.314565867,-0.600462496,-0.417547941
-0.47216168,-0.384203941,-0.611645997,-0.482008994
-0.374669045,-0.336465806,-0.534058869,-0.462994814
-0.19945921,-0.227636188,-0.328709394,-0.35698545
-0.035379272,-0.137323692,-0.0692401305,-0.225583091
0.0372360796,-0.123903356,0.0611797944,-0.20504804
-0.0148429284,-0.192053318,-0.0181681812,-0.312561363
-0.163459539,-0.290423274,-0.24807252,-0.447413862
-0.335744798,-0.341124535,-0.47889173,-0.483566374
-0.452458441,-0.285149783,-0.621624291,-0.385456771
-0.467788219,-0.118706852,-0.669666827,-0.167295665
-0.390156686,0.100033611,-0.591789484,0.148521602
-0.27399537,0.278388947,-0.415186048,0.421892881
-0.187864855,0.33672601,-0.278760076,0.515025496
-0.176522017,0.250749737,-0.265979648,0.403385431
-0.237198353,0.0655146018,-0.369401067,0.11828547
-0.322274506,-0.126933306,-0.491670251,-0.184234247
-0.366247058,-0.234917089,-0.542322278,-0.337966204
-0.322084516,-0.214619309,-0.495832264,-0.321103036
-0.187469542,-0.0925817341,-0.318699896,-0.150048286
-0.00721082091,0.0487363376,-0.0249286499,0.0795096308
0.14907743,0.114775889,0.241472036,0.188725114
0.222029582,0.0490782261,0.365338922,0.0831821561
0.192063987,-0.136305034,0.320152313,-0.215034291
0.0885334238,-0.365756392,0.138132229,-0.550607502
-0.025511587,-0.537379384,-0.039563112,-0.730836928
-0.0845420882,-0.573000669,-0.120257311,-0.75096941
-0.0518131144,-0.455269277,-0.0886948034,-0.658752322
0.0644026175,-0.233689383,0.0862177312,-0.384164274
0.216411605,0.00202782452,0.340248317,-0.00864303205
0.340350896,0.166242316,0.516115189,0.244137511
0.384914726,0.216140464,0.567532003,0.31032595
0.33201763,0.166074127,0.513267517,0.248742819
0.201101273,0.0723306164,0.339115888,0.115790851
0.037305329,-0.00130993547,0.0723645985,-0.00505230157
-0.109049939,-0.0178026687,-0.176589504,-0.0316116363
-0.201576352,0.0168835297,-0.329774797,0.0267005246
-0.227882743,0.0623448901,-0.369519711,0.10450796
-0.198399156,0.0704718903,-0.322905511,0.120975189
-0.137018144,0.0145987123,-0.228519902,0.033552099
-0.0692272186,-0.0946795344,-0.115628786,-0.147858322
-0.0128383711,-0.214503661,-0.0237491019,-0.34291169
0.0261283666,-0.291536629,0.0350610279,-0.459391594
0.0525207818,-0.28813228,0.0766668469,-0.458657295
0.0777142569,-0.199358746,0.118006751,-0.331626922
0.113723531,-0.053370513,0.182472736,-0.0974837393
0.167349428,0.103137672,0.268985689,0.160001338
0.235856816,0.22544682,0.367713213,0.34549588
0.305817515,0.286737442,0.456289679,0.420067668
0.356451541,0.282970816,0.519092858,0.406311899
0.367396057,0.22709845,0.545787156,0.329103082
0.328476638,0.138377249,0.510869384,0.20838131
0.246967793,0.0337752663,0.404185414,0.0519651063
0.147671834,-0.0745473206,0.247250766,-0.123435907
0.0638398826,-0.176474199,0.105827779,-0.287568271
0.0217309445,-0.260065377,0.030542003,-0.414615303
0.0260278899,-0.310849875,0.0346825309,-0.486819059
0.0545369461,-0.315684378,0.076910533,-0.494485974
0.0670687929,-0.268968731,0.100220233,-0.43217507
0.0262325425,-0.177104846,0.0404609442,-0.297641665
-0.079386726,-0.058051046,-0.129142642,-0.104269862
-0.222292185,0.0641389862,-0.354386359,0.0997033492
-0.342424333,0.166900292,-0.515217602,0.255643964
-0.372580856,0.234967798,-0.542257309,0.349880159
-0.272189766,0.262047708,-0.415506274,0.404982626
-0.0527055375,0.248854756,-0.0908545181,0.406884402
0.2197292,0.200187355,0.340074182,0.322707295
0.448319942,0.123686492,0.643955171,0.177077949
0.54676646,0.0308051053,0.739649117,0.0341539644
0.478277326,-0.0620611235,0.682138145,-0.0959928483
0.272962511,-0.135317221,0.438236326,-0.219964743
0.0140684536,-0.172208846,0.0343503095,-0.289547175
-0.20101352,-0.167204574,-0.318787396,-0.270714641
-0.305985272,-0.131897599,-0.480567187,-0.201332256
-0.294556975,-0.0935063586,-0.469229817,-0.141127124
-0.218585283,-0.0844141096,-0.35875389,-0.127849743
-0.156840682,-0.126435772,-0.25867328,-0.198701903
-0.171151832,-0.217559084,-0.271101654,-0.339945972
-0.27328518,-0.32899341,-0.400015324,-0.478733271
-0.420101196,-0.41579628,-0.546525121,-0.532480597
-0.539236426,-0.437223494,-0.63269031,-0.502828479
-0.570943296,-0.37713778,-0.676147759,-0.436945319
-0.502792478,-0.253808439,-0.674950063,-0.332412839
-0.377685368,-0.113246001,-0.577363729,-0.16759178
-0.270178318,-0.00857901853,-0.437031448,-0.0104574244
-0.243691877,0.0245446581,-0.390922099,0.0441503748
-0.312183112,-0.0158567838,-0.482174575,-0.0170866102
-0.428137779,-0.0985358432,-0.621130466,-0.133181855
-0.504957795,-0.175637022,-0.688640356,-0.229730532
-0.463220328,-0.206620812,-0.651378393,-0.277656853
-0.276838541,-0.176999435,-0.444485843,-0.266992599
0.00578895351,-0.102589458,-0.00984067004,-0.167803586
0.278252304,-0.0181421265,0.429745525,-0.0344200842
0.423600018,0.0423058234,0.625705898,0.0522066727
0.370025128,0.0619898923,0.570943117,0.0842214227
0.127349913,0.0461087413,0.227885589,0.0669709742
-0.213839799,0.0134043517,-0.327766836,0.01934761
-0.520223796,-0.0187048055,-0.711905777,-0.0191664342
-0.672770619,-0.0452260524,-0.803454578,-0.0406548902
-0.615982115,-0.0736317039,-0.778001547,-0.0803935304
-0.377322555,-0.113090992,-0.57567358,-0.156417221
-0.0499221161,-0.160654798,-0.10184893,-0.252682537
0.250879467,-0.194835842,0.377011329,-0.304106444
0.435494393,-0.182952031,0.617336154,-0.271628857
0.471110523,-0.0999528021,0.666676104,-0.155535936
0.384684503,0.0516236834,0.581884444,0.0612235554
0.241132393,0.233295962,0.382115185,0.346568584
0.110699669,0.381338626,0.176802099,0.564627588
0.0418148898,0.433577955,0.0701039806,0.634762943
0.0497214235,0.359577358,0.0823750943,0.557012737
0.121283703,0.178210586,0.200551629,0.299132943
0.228467643,-0.0478408113,0.367680877,-0.0666216463
0.341002643,-0.239339814,0.500603497,-0.355717629
0.432613999,-0.336447537,0.574293613,-0.460833609
0.481493622,-0.325232267,0.621482909,-0.434506536
0.46990186,-0.241200626,0.637295723,-0.340953439
0.387369394,-0.148354962,0.574532092,-0.231954053
0.237644732,-0.105240926,0.386881351,-0.17751722
0.0447129868,-0.136176437,0.0834617615,-0.227990687
-0.148388162,-0.222582251,-0.230594799,-0.352190971
-0.291061759,-0.31787768,-0.429575592,-0.459651291
-0.343809605,-0.376211554,-0.485576868,-0.516042054
-0.295498818,-0.377843261,-0.430838913,-0.531264305
-0.169804484,-0.336517781,-0.271783799,-0.504992247
-0.0161501598,-0.285232157,-0.0396368355,-0.450339258
0.111493871,-0.249956638,0.167410046,-0.399907589
0.177798718,-0.228414297,0.275716037,-0.365805298
0.17959176,-0.188340247,0.28590852,-0.307900846
0.142962605,-0.0880225673,0.233310908,-0.155254155
0.105997786,0.0920309722,0.173217952,0.138538197
0.0969194472,0.325525016,0.150477171,0.49275732
0.119701236,0.541176081,0.166060314,0.720371008
0.154745474,0.651223481,0.194898814,0.777623415
0.173466399,0.595000267,0.227464706,0.74869734
0.157640949,0.374877036,0.246297911,0.56572634
0.111761272,0.0639181361,0.197857335,0.119864665
0.0608799197,-0.221710712,0.104209535,-0.349897414
0.035124436,-0.374118656,0.0463787466,-0.569559157
0.0501267314,-0.34408769,0.0652108416,-0.537801266
0.0953294262,-0.164999023,0.143331513,-0.28187713
0.137820914,0.0625243932,0.22179991,0.0898980871
0.14039658,0.218344301,0.228796691,0.341890931
0.0840562433,0.219489425,0.146250546,0.35536015
-0.0179496258,0.0578207783,-0.0176864024,0.107552856
-0.123206295,-0.199471503,-0.192737237,-0.307505101
-0.179750457,-0.44564563,-0.261925995,-0.623341739
-0.152377903,-0.587302506,-0.207055077,-0.744487345
-0.0417850018,-0.587258458,-0.069118835,-0.760782301
0.113828503,-0.476500571,0.143970311,-0.674292028
0.255927771,-0.331158489,0.363924772,-0.497935861
0.332975745,-0.228687003,0.490948051,-0.349695057
0.324082613,-0.207489863,0.488596916,-0.318959296
0.247214958,-0.251012117,0.384209752,-0.388284117
0.148356423,-0.303105563,0.229130492,-0.473529488
0.0777531788,-0.304268777,0.116583146,-0.481706411
0.0655528307,-0.227551177,0.0973018855,-0.372907162
0.108733051,-0.0940874219,0.172749802,-0.162688002
0.17482613,0.0396866128,0.282955885,0.0580572747
0.219292641,0.115073316,0.353924096,0.1797712
0.207097411,0.10529083,0.34138453,0.16897811
0.128074035,0.0314830951,0.221361518,0.0514986478
-8.22963702e-05,-0.0482787304,0.00782876648,-0.0806342438
-0.140718564,-0.070755206,-0.230095968,-0.118791334
-0.253258288,-0.00247675856,-0.407407522,-0.00735780597
-0.307119638,0.141205549,-0.478908777,0.216118768
-0.289600521,0.303111941,-0.429876238,0.449685454
-0.206848696,0.413234293,-0.296373576,0.599225938
-0.0801180825,0.424064606,-0.113897048,0.628122687
0.0598586127,0.333655596,0.096365653,0.524288893
0.178948119,0.184892073,0.290056378,0.302677423
0.246335745,0.0423492044,0.399546236,0.0700532794
0.242216468,-0.0402847938,0.39201504,-0.0697165728
0.165146083,-0.0450471267,0.274602592,-0.0823907256
0.0356963724,0.00532114832,0.0648183227,9.64285937e-05
-0.107300639,0.0632769987,-0.172026739,0.100396857
-0.219105035,0.0833881795,-0.348834246,0.138895318
-0.266587228,0.0454790816,-0.423793584,0.0810676441
-0.243385613,-0.0375062376,-0.393719882,-0.0484377667
-0.174521402,-0.12936759,-0.287610441,-0.199504957
-0.106350906,-0.191132963,-0.178269371,-0.306207329
-0.0850177929,-0.200227976,-0.142163724,-0.325644165
-0.1332867,-0.158500522,-0.21699135,-0.261700213
-0.237758994,-0.0865297243,-0.378816187,-0.141965538
-0.354126185,-0.00954726897,-0.541532278,-0.0131809423
-0.429016262,0.0556815267,-0.629230678,0.0881786942
-0.427797467,0.105500579,-0.625426114,0.161480382
-0.35362041,0.144146919,-0.537310779,0.225074962
-0.246753797,0.1737618,-0.391235232,0.279579371
-0.163420349,0.187567845,-0.262093753,0.305390686
-0.144653618,0.171768442,-0.228994206,0.281556934
-0.191928402,0.115697101,-0.302549541,0.1934084
-0.263651878,0.0238465052,-0.416885227,0.0452361852
-0.295955122,-0.0786696225,-0.465380371,-0.113108747
-0.23801139,-0.152499065,-0.384679109,-0.23436071
-0.0834641829,-0.160820723,-0.150759771,-0.259587944
0.119538352,-0.088571161,0.181181192,-0.14904654
0.286749661,0.0462231822,0.446671069,0.0623124726
0.33694157,0.196131051,0.512078702,0.283216774
0.232663482,0.302782595,0.364433616,0.446557432
0.00184958871,0.322209269,0.0233756397,0.49757126
-0.271430761,0.245224699,-0.394823611,0.379815817
-0.483411521,0.102955781,-0.671499252,0.159255207
-0.556851983,-0.0454771966,-0.742412031,-0.046363607
-0.47467941,-0.137736633,-0.673723161,-0.180202961
-0.28507027,-0.134342074,-0.459419906,-0.202906176
-0.0763405785,-0.0344838314,-0.141179696,-0.0595615581
0.065128684,0.125011891,0.102308482,0.198000163
0.0929485187,0.286384523,0.152668074,0.441606939
0.0168404933,0.395310342,0.038675122,0.58786726
-0.109211303,0.422136277,-0.144898623,0.619219184
-0.218569726,0.371319532,-0.309665591,0.552763283
-0.265935063,0.276138335,-0.392528862,0.425912827
-0.24661307,0.182180271,-0.385395348,0.296308905
-0.192906499,0.127422318,-0.311364681,0.212983936
-0.151844993,0.127317891,-0.247736737,0.210255787
-0.157578498,0.170411065,-0.250538796,0.275191307
-0.213150427,0.225239694,-0.329233319,0.352981389
-0.290013343,0.254802227,-0.429844528,0.388863087
-0.343642175,0.232325807,-0.503798485,0.352377117
-0.335597217,0.152151063,-0.507717848,0.243158951
-0.250410855,0.0318555422,-0.403550088,0.0650223866
-0.1000375,-0.0947978199,-0.173992515,-0.145356372
0.0838861391,-0.191148967,0.124584496,-0.305588216
0.263648838,-0.232057869,0.394302607,-0.360714346
0.407167226,-0.213987738,0.577820003,-0.316876978
0.49326849,-0.156842425,0.677248836,-0.227702528
0.511245489,-0.0966332182,0.702103376,-0.144323826
0.458879292,-0.0715047568,0.661321104,-0.110924773
0.342759669,-0.10633976,0.530136287,-0.167852923
0.181141526,-0.20197928,0.297018528,-0.323399782
0.00565892085,-0.333537966,0.0128047187,-0.515774369
-0.142852873,-0.458796024,-0.206665471,-0.648844659
-0.226158127,-0.533549607,-0.304465115,-0.694685817
-0.224305421,-0.527846038,-0.305545032,-0.690920711
-0.147142008,-0.436603218,-0.225485161,-0.627349615
-0.0337511413,-0.280513287,-0.0684739202,-0.448712617
0.0627109855,-0.097344175,0.0943239629,-0.169546649
0.0992275998,0.0721492991,0.164198413,0.110373706
0.0644691959,0.197436228,0.110969126,0.315107822
-0.0142717175,0.265210807,-0.0119394176,0.421802193
-0.0841026455,0.278252572,-0.12440864,0.442119271
-0.0944420323,0.248310119,-0.147049129,0.402810663
-0.0260779969,0.187855497,-0.0417848751,0.314070314
0.0942602828,0.105494849,0.153520182,0.178741336
0.202954188,0.00714418758,0.328693926,0.0141596626
0.229365766,-0.0986670256,0.370818853,-0.160245702
0.132478714,-0.195711568,0.218739837,-0.319203049
-0.0741940811,-0.259679288,-0.110682175,-0.418638945
-0.322914004,-0.264402717,-0.475733966,-0.393516511
-0.518477738,-0.192703158,-0.697751343,-0.25576809
-0.579427302,-0.0467625894,-0.762774646,-0.0570875481
-0.474262029,0.147627994,-0.672778189,0.209474847
-0.235470533,0.346169233,-0.359268397,0.515324771
0.0549845286,0.499456078,0.0712255687,0.70192486
0.301297426,0.569624543,0.375383914,0.700606287
0.433368921,0.54343158,0.512388527,0.627828777
0.43212074,0.43633619,0.554846048,0.547935486
0.330370903,0.285995215,0.494834512,0.415079832
0.191449746,0.138068691,0.32218504,0.22161898
0.0780414343,0.0302795265,0.137630045,0.0504074246
0.0269146133,-0.0190008376,0.0451289676,-0.0313036293
0.040248163,-0.0137312319,0.0629664809,-0.0253310874
0.0944868326,0.0253662467,0.152735859,0.0394553728
0.158665821,0.0715766177,0.25717485,0.114847004
0.210624576,0.103167869,0.34047395,0.163537234
0.242803335,0.110217124,0.389456987,0.172748134
0.256832421,0.0953126252,0.412170708,0.148355141
0.253160268,0.0690332204,0.408026695,0.107019171
0.224440604,0.0431823954,0.366884559,0.0648367703
0.158155397,0.0252406504,0.265009314,0.0359695926
0.0472788885,0.0163821522,0.0856126919,0.0227945521
-0.0980810374,0.0133467438,-0.155832753,0.0201620869
-0.246561229,0.0124695925,-0.390495956,0.0214600973
-0.353524297,0.0131527251,-0.540991962,0.0259535797
-0.378738433,0.018466251,-0.575417876,0.0361928605
-0.305376261,0.0322147273,-0.484916389,0.0579694323
-0.150481716,0.0539458357,-0.256808102,0.0950547978
0.0390009843,0.0749661624,0.0569149107,0.129849076
0.203339681,0.0785464048,0.326450229,0.127037123
0.292447865,0.0458127446,0.462109178,0.0697183162
0.283454448,-0.0341391899,0.455217451,-0.0559216067
0.186106861,-0.154289007,0.306494504,-0.249209747
0.035034921,-0.285547346,0.0602523312,-0.451814175
-0.125877872,-0.382588178,-0.188899472,-0.571290791
-0.258913964,-0.399684936,-0.374570191,-0.570445538
-0.341291338,-0.311353713,-0.496812314,-0.447789401
-0.365575582,-0.128820628,-0.557165861,-0.197734281
-0.334796667,0.0966854915,-0.522599816,0.145254344
-0.257379472,0.288226187,-0.390604287,0.43557775
-0.145438865,0.371687293,-0.216187552,0.562566936
-0.0162281096,0.307666481,-0.0221917238,0.4921951
0.10671965,0.112393916,0.179158837,0.198113769
0.196672276,-0.1435339,0.319292068,-0.221195251
0.232151896,-0.3607544,0.339579791,-0.531057358
0.207644224,-0.45189622,0.285614133,-0.640363276
0.140494972,-0.380114228,0.203403607,-0.576270103
0.0684699491,-0.177398041,0.104976766,-0.3037121
0.0366609879,0.0672794431,0.0572795868,0.0985716805
0.0782092065,0.246316388,0.123017035,0.391707838
0.19747825,0.281829447,0.305082083,0.440459847
0.364300787,0.161794528,0.546339989,0.249622554
0.523351312,-0.0534439906,0.718322754,-0.0707166418
0.615641475,-0.258221328,0.737591445,-0.314730793
0.603094041,-0.350097477,0.693935037,-0.414763153
0.485228509,-0.277190268,0.640980661,-0.38197273
0.300257444,-0.0617644787,0.472643405,-0.119338103
0.109839074,0.211200535,0.183519229,0.319233954
-0.0259498917,0.434756368,-0.0286093857,0.631364465
-0.0725989565,0.530009508,-0.0912806094,0.726857781
-0.0339610986,0.480958164,-0.0426375642,0.687655628
0.0511671044,0.337469786,0.0826076418,0.530196428
0.126657218,0.185871303,0.208543897,0.306623876
0.143023729,0.102923073,0.239414096,0.165471703
0.0777580217,0.117079169,0.13538222,0.186285719
-0.055930946,0.196744978,-0.0810266882,0.313168645
-0.214872837,0.270942152,-0.321472019,0.416412473
-0.343331516,0.270836532,-0.495123744,0.403880477
-0.394967526,0.169801608,-0.574421287,0.26223442
-0.350988239,0.000656389224,-0.540524185,0.0178699158
-0.227850407,-0.159148753,-0.370177418,-0.238624975
-0.0717941374,-0.226744384,-0.127167881,-0.362231195
0.0578452498,-0.157034039,0.0843589082,-0.264624327
0.110665865,0.0325676017,0.178921595,0.039378494
0.0646715984,0.268612325,0.108327113,0.412976712
-0.0641184598,0.455901235,-0.0769810975,0.650954485
-0.226051152,0.522001445,-0.284637719,0.693449378
-0.355397433,0.449583322,-0.454934657,0.600814402
-0.39515394,0.280944169,-0.550756574,0.410672992
-0.319806546,0.0936658457,-0.496036768,0.158823311
-0.146806702,-0.0390329622,-0.252216816,-0.0517415702
0.0686228871,-0.0825988054,0.101845726,-0.134338886
0.254195482,-0.053246405,0.398825347,-0.0905723572
0.348973602,-0.00326427701,0.536847651,-0.0166026857
0.327888429,0.0111034112,0.514264882,0.010440967
0.211832389,-0.0385392755,0.351990491,-0.067059949
0.0586325862,-0.137713969,0.104541786,-0.228068396
-0.0615291558,-0.237592861,-0.0986912102,-0.379699886
-0.0957081094,-0.281296998,-0.158884034,-0.44148764
-0.0298832934,-0.233487591,-0.0603502244,-0.378163606
0.106679976,-0.0981541798,0.16167517,-0.169510558
0.255948097,0.0833402053,0.400068551,0.121714614
0.357508808,0.251348853,0.525311232,0.356241614
0.374611974,0.353417486,0.527387977,0.481041878
0.308231503,0.363647878,0.449111104,0.512091279
0.193520501,0.288262039,0.310798556,0.443182677
0.0814180374,0.157666862,0.144858658,0.263874203
0.0148242451,0.0117489314,0.0296092797,0.0252711326
0.0105674053,-0.113278627,0.0153378425,-0.183741674
0.0547564998,-0.191505373,0.0825515687,-0.311176211
0.112182744,-0.207913101,0.173681781,-0.338773936
0.14385134,-0.157186717,0.22834225,-0.262021661
0.123696573,-0.0447757989,0.203623027,-0.084897995
0.0472037382,0.10947486,0.081776917,0.169606805
-0.0703379437,0.26906389,-0.103227898,0.42007345
-0.202860773,0.38531512,-0.286619395,0.564904809
-0.323854446,0.411045611,-0.433985174,0.57156682
-0.412859082,0.319956988,-0.556261301,0.449831188
-0.456499875,0.123022474,-0.6428985,0.19199653
-0.446287632,-0.127820924,-0.641017497,-0.164475515
-0.37717405,-0.35363546,-0.52969265,-0.473379761
-0.249599025,-0.476590335,-0.351625979,-0.639498532
-0.0744691864,-0.450890154,-0.124666184,-0.650617838
0.122606635,-0.282488823,0.17422308,-0.451678842
0.302312851,-0.0278733298,0.46193701,-0.0594389699
0.420139968,0.228269756,0.59858954,0.309492618
0.440590471,0.406690419,0.575710952,0.51271987
0.351538837,0.463369578,0.470390737,0.597431481
0.172059342,0.402445078,0.267875284,0.583887398
-0.0507257134,0.267691374,-0.0607913584,0.427954376
-0.255602747,0.118342079,-0.393091083,0.196211487
-0.387098938,0.00200802693,-0.581584632,0.0131413601
-0.413666159,-0.0623822808,-0.616174638,-0.0820989534
-0.337409854,-0.0850050449,-0.527873218,-0.121875949
-0.192081004,-0.0914141387,-0.321490616,-0.140910178
-0.0306326579,-0.104077891,-0.0605071373,-0.16805838
0.278227806,0.324599117,0.383545339,0.450309604
0.179509684,0.158729747,0.322534263,0.269057125
-0.0572080202,-0.0413155146,-0.0773629993,-0.0656611249
-0.358422428,-0.200011566,-0.523589313,-0.293566883
-0.605126917,-0.255879968,-0.738033652,-0.306136429
-0.688261747,-0.188829854,-0.787238896,-0.208799124
-0.563281775,-0.0294170827,-0.753144145,-0.0342273116
-0.274927378,0.154554859,-0.445609301,0.243956953
0.0617428981,0.287874162,0.0845769048,0.458473474
0.315253019,0.320169806,0.460577756,0.466059506
0.399419487,0.245635584,0.581863046,0.349464238
0.311689466,0.101726025,0.496645898,0.155289158
0.129259214,-0.0512285084,0.228189543,-0.0854145065
-0.0338327512,-0.158416808,-0.049782984,-0.261136115
-0.0854917616,-0.192684919,-0.146686018,-0.313505292
0.000280020875,-0.160329059,-0.0127156088,-0.264211595
0.175591171,-0.0895895809,0.272767991,-0.14929226
0.349138409,-0.0100157214,0.530164778,-0.0212756619
0.436859667,0.064851597,0.637333453,0.0833102316
0.405071467,0.141730562,0.600834668,0.19726713
0.283874899,0.2370345,0.442007035,0.348062098
0.145599097,0.358521134,0.230132133,0.530180454
0.0619721934,0.490857869,0.0939046293,0.685903966
0.0643623248,0.594798982,0.0897857696,0.765069664
0.128498286,0.622089505,0.165498435,0.771481335
0.190788582,0.53922379,0.258978575,0.710848331
0.185939312,0.347728074,0.289822251,0.526030421
0.0845424235,0.089742139,0.155615494,0.157468751
-0.0897286087,-0.165171579,-0.134864748,-0.262582362
-0.27185607,-0.346609473,-0.397023737,-0.504038274
-0.388917685,-0.411113858,-0.523780704,-0.541882634
-0.396917015,-0.358336598,-0.548896313,-0.483349919
-0.301907837,-0.22849603,-0.468227535,-0.3427113
-0.155573964,-0.0830998123,-0.267974347,-0.135712191
-0.0291282069,0.0214024149,-0.0557149909,0.0363689959
0.0200035889,0.0548162237,0.0359214582,0.0926307663
-0.0279712621,0.0205490254,-0.0384422876,0.0361786038
-0.151003897,-0.0522192642,-0.240260348,-0.0826260895
-0.299892187,-0.125662401,-0.462621242,-0.190581933
-0.422059268,-0.170414299,-0.61074394,-0.239466146
-0.481926382,-0.174972594,-0.670631289,-0.235335857
-0.469574183,-0.144932911,-0.665496945,-0.197222024
-0.397093177,-0.0951593965,-0.597971022,-0.13636373
-0.288374364,-0.0408805646,-0.462055862,-0.0587452687
-0.169687763,0.00729611749,-0.285556167,0.015781166
-0.0651722848,0.0431679189,-0.113159806,0.073624365
0.00375518529,0.0620352402,0.00591525808,0.105808824
0.0192655846,0.059102308,0.0357286371,0.0992216915
-0.0284129232,0.031555362,-0.0411717668,0.0544061773
-0.133698553,-0.0167236868,-0.214451015,-0.0244119409
-0.270492584,-0.0716356188,-0.424735636,-0.109710455
-0.395034403,-0.110492706,-0.585605204,-0.158223838
-0.45909065,-0.109920502,-0.659445107,-0.151374996
-0.429537088,-0.0569917336,-0.636077523,-0.0791658536
-0.305280328,0.0423136465,-0.487689555,0.0697452575
-0.122017145,0.162783489,-0.210519537,0.267050833
0.0595351867,0.269374669,0.0917893723,0.42865929
0.178006575,0.332601905,0.274131417,0.500544608
0.197454631,0.342387468,0.305271745,0.512407422
0.122694202,0.312926829,0.201895654,0.48254618
-0.00363536971,0.275346458,0.00577855483,0.435566366
-0.120766915,0.26123783,-0.181440949,0.414147615
-0.176491737,0.285212576,-0.269763142,0.443598747
-0.147945657,0.33562848,-0.224454015,0.514984131
-0.0472234488,0.378846496,-0.0711354986,0.57478708
0.0892328247,0.375609428,0.137103453,0.570225418
0.220309973,0.301820785,0.339195341,0.462844491
0.318008095,0.163433805,0.490162641,0.253167361
0.374776274,-0.00227735075,0.571726263,-0.0045666052
0.398650259,-0.140317306,0.588397086,-0.210269123
0.401484936,-0.200524554,0.578963995,-0.299509108
0.388790041,-0.158842638,0.570039511,-0.244856298
0.357484877,-0.0276740137,0.545659006,-0.0575714558
0.301997095,0.14916867,0.46977222,0.214881122
0.223410949,0.314295262,0.344842196,0.463262409
0.134418517,0.419110417,0.207034066,0.607770443
0.0557921417,0.440902233,0.09251187,0.639746249
0.00599405961,0.387801379,0.0195375718,0.586898148
-0.00947627239,0.290635854,-0.00761357509,0.464662105
-0.00163468579,0.186567128,0.00210026791,0.310113609
0.00875815842,0.102568664,0.0177212562,0.174541473
0.00491108373,0.0460773185,0.0111583993,0.0779028609
-0.0136593208,0.00617950456,-0.0211940203,0.0113157779
-0.0284773968,-0.0364318825,-0.0464002043,-0.0589310192
-0.0121294707,-0.0963701531,-0.0223413296,-0.157860905
0.0537740439,-0.173977137,0.0817925856,-0.280765802
0.162943617,-0.25380522,0.247685879,-0.397170424
0.281079054,-0.311680675,0.40626809,-0.464195698
0.358591676,-0.3267937,0.500155449,-0.468399882
0.354060739,-0.292913854,0.507898688,-0.42975527
0.25641638,-0.223166883,0.396172404,-0.355317533
0.0935456604,-0.145646706,0.157660022,-0.247687832
-0.0783393234,-0.0912728906,-0.127458066,-0.154929936
-0.200063661,-0.0790122524,-0.323565811,-0.126017213
-0.236932725,-0.105254352,-0.382861793,-0.161183938
-0.194099382,-0.142899305,-0.320180953,-0.222053736
-0.111848399,-0.151849821,-0.191787928,-0.245257646
-0.0433742367,-0.0975091979,-0.0778874904,-0.164669588
-0.026904216,0.0303103402,-0.0468189307,0.0423212685
-0.0669025481,0.206953511,-0.106081389,0.326926053
-0.133997262,0.377221406,-0.193352699,0.563540578
-0.183018625,0.474755675,-0.246160582,0.662423491
-0.178782165,0.449921161,-0.24608621,0.643836081
-0.115340404,0.294716746,-0.174464703,0.472912669
-0.0184257645,0.0529924333,-0.0290871486,0.105125278
0.0696332008,-0.190616444,0.11190898,-0.300505221
0.113528475,-0.340806246,0.167938948,-0.524932206
0.103670083,-0.329710543,0.154323295,-0.517404079
0.0596902966,-0.14720121,0.0924424902,-0.256257087
0.0173506215,0.150410652,0.0258700382,0.22974734
0.0068934611,0.458652049,0.0135585256,0.653720438
0.0355447121,0.664040804,0.0504578054,0.800654531
0.0841870531,0.688533843,0.106537938,0.802552998
0.119832002,0.520685971,0.171184301,0.712473929
0.116298012,0.220092118,0.198730603,0.364892572
0.0707555935,-0.107025288,0.127782151,-0.163308844
0.00623408938,-0.35077244,0.00934987329,-0.536258817
-0.0416194126,-0.440784574,-0.0703448132,-0.645974338
-0.0459951051,-0.371501356,-0.0815573558,-0.568955541
-0.00607915502,-0.19950743,-0.0213663392,-0.332377017
0.0504119247,-0.0153304031,0.076880753,-0.0334034301
0.0814831778,0.0969617069,0.13568987,0.157776803
0.054488834,0.0944123641,0.0989487097,0.158882678
-0.0338538364,-0.0103294514,-0.0463656671,-0.0111250523
-0.152453303,-0.159391031,-0.241282389,-0.251038015
-0.249255136,-0.278536797,-0.380105942,-0.417795628
-0.276514322,-0.310649037,-0.417610437,-0.457176477
-0.214845255,-0.239199415,-0.34580195,-0.372579813
-0.0834683403,-0.092742607,-0.152512535,-0.158124
0.0686886162,0.0696036667,0.105159566,0.109496519
0.186345831,0.183820963,0.297979176,0.289219737
0.233573601,0.206352413,0.373496473,0.32085219
0.208823442,0.12939766,0.345047444,0.208581448
0.14220424,-0.0182792302,0.244019166,-0.0258467607
0.0773545578,-0.183349267,0.129005998,-0.296643019
0.0480958186,-0.306851,0.0715611726,-0.479499012
0.0622068308,-0.343086421,0.0873832554,-0.529862463
0.100241169,-0.273028702,0.148330495,-0.439203441
0.128954127,-0.109453075,0.203581661,-0.191459939
0.121229954,0.106575176,0.199164674,0.162060797
0.0714387298,0.31659779,0.118399367,0.481986642
-0.00176889508,0.460695595,0.00803825725,0.661264181
-0.0660623088,0.495036811,-0.0806566179,0.696152985
-0.0930525213,0.406540781,-0.128358305,0.608824432
-0.0731418431,0.219738901,-0.110691197,0.367396563
-0.0197884738,-0.00786387734,-0.0302515775,0.00104927167
0.0386008434,-0.20233053,0.059574984,-0.323842108
0.0742835179,-0.297535062,0.110189848,-0.469155133
0.0747007132,-0.258909166,0.111899056,-0.422315985
0.0482881702,-0.0973137841,0.0749859363,-0.174654841
0.0188686773,0.133465469,0.0290923156,0.20883736
0.0119605344,0.355827063,0.0215490777,0.539494634
0.0403372571,0.497167259,0.063724041,0.696679592
0.0962281898,0.516851366,0.140207827,0.711237907
0.153909445,0.42008239,0.231264263,0.613863885
0.181187585,0.252843678,0.292157441,0.399720937
0.154122278,0.0803705677,0.262475789,0.135801241
0.0681669712,-0.0411003344,0.120314658,-0.0708209798
-0.0590213798,-0.0867105648,-0.0945411846,-0.14750053
-0.193857402,-0.0698792189,-0.313847214,-0.116795436
-0.299060076,-0.0314859375,-0.46997267,-0.0480019785
-0.346636325,-0.0173034407,-0.535380304,-0.0182501655
-0.326736391,-0.0547734462,-0.510486484,-0.073308453
-0.249688074,-0.13994877,-0.399998337,-0.209396094
-0.141336799,-0.240111619,-0.232329339,-0.371781379
-0.0340650976,-0.309990197,-0.0629344136,-0.481595457
0.0431437902,-0.313347161,0.0586405471,-0.491937876
0.0725279152,-0.239800379,0.110081583,-0.39278686
0.0513399281,-0.109636508,0.0798026547,-0.190492392
-0.00884473976,0.0346737802,-0.0133149931,0.0494027324
-0.0864654332,0.145596251,-0.137100309,0.235241964
-0.156280041,0.188405037,-0.245900571,0.307010591
-0.195711404,0.152563035,-0.309501201,0.253007263
-0.189671218,0.053045243,-0.307266593,0.0959658921
-0.133094475,-0.077369459,-0.223403767,-0.117603362
-0.0313196667,-0.200507194,-0.0582905896,-0.319352716
0.100972153,-0.284747422,0.147773996,-0.446362019
0.241585732,-0.312776268,0.349971622,-0.474390477
0.363333553,-0.283865601,0.514049709,-0.417229563
0.437856525,-0.211495459,0.613640845,-0.310610712
0.441435844,-0.118098259,0.634963095,-0.18162854
0.362557769,-0.0286235344,0.556670666,-0.0540036522
0.20927988,0.0358465761,0.349976093,0.0484729186
0.0129068205,0.0634405091,0.0339494944,0.101378426
-0.175633669,0.0547002815,-0.279018909,0.0916709974
-0.298247129,0.0224881228,-0.467497408,0.0415638499
-0.308606267,-0.0120313894,-0.487813354,-0.0102978619
-0.191166952,-0.0266839266,-0.320927113,-0.0355344154
0.0280623194,-0.00663221907,0.0349575542,-0.00679132855
0.285487086,0.049424164,0.44009006,0.0755696148
0.499574542,0.128017455,0.689769685,0.166279316
0.599998057,0.205614954,0.749159992,0.24218376
0.554784417,0.257622033,0.710275233,0.314179182
0.383485556,0.26796183,0.558750749,0.373305559
0.14965947,0.235052824,0.254271239,0.366620988
-0.0650084466,0.171530649,-0.090880774,0.280899316
-0.193950191,0.0979030952,-0.309130281,0.165990084
-0.211426571,0.0331261866,-0.346448451,0.0613936521
-0.138973311,-0.0135171758,-0.235685021,-0.0156475808
-0.0299195591,-0.0455316007,-0.0553547144,-0.072729513
0.0600056462,-0.0760033876,0.0959073454,-0.124548391
0.101048537,-0.119696654,0.165832549,-0.197501808
0.102390721,-0.184180632,0.166588977,-0.299448252
0.103241473,-0.264087588,0.160543457,-0.419187248
0.147043452,-0.341174275,0.216730267,-0.518386543
0.252801925,-0.390364796,0.350931972,-0.561760604
0.399348259,-0.389486223,0.520867646,-0.526060581
0.531772912,-0.328929365,0.654946566,-0.423520178
0.587575257,-0.217437238,0.727774441,-0.285726011
0.529350162,-0.0815452039,0.718338728,-0.125661656
0.366801828,0.04163507,0.565438271,0.0491732433
0.155869946,0.116265245,0.267406106,0.179844171
-0.0256317947,0.120433554,-0.0321150757,0.199346974
-0.114206284,0.0550814644,-0.186909437,0.0995065644
-0.0905750021,-0.0545441806,-0.153962716,-0.080258809
0.011973531,-0.166387528,0.0106056128,-0.266420722
0.125225678,-0.236257792,0.19137691,-0.377509892
0.180850402,-0.234770268,0.280762643,-0.377116293
0.144732952,-0.159964442,0.233762279,-0.271311402
0.0334318839,-0.0398662537,0.0588038415,-0.0772019699
-0.0954481363,0.0771981254,-0.152013958,0.122244559
-0.173784122,0.141626254,-0.278553337,0.233178616
-0.158526868,0.123463206,-0.258895993,0.209692776
-0.0540888608,0.0261034966,-0.0940521955,0.0551344715
0.0897703394,-0.113950714,0.143506363,-0.17918767
0.203184724,-0.242137864,0.31278947,-0.378320515
0.231383532,-0.30969587,0.345881909,-0.473031342
0.161822557,-0.295752525,0.249892548,-0.46637693
0.029628003,-0.217245787,0.0483752526,-0.361642063
-0.101021908,-0.121518895,-0.165902346,-0.205584407
-0.169766337,-0.0645094588,-0.280093998,-0.102487057
-0.150446758,-0.0844963044,-0.251013368,-0.129751444
-0.0639420599,-0.183805346,-0.111001909,-0.288781911
0.0324837118,-0.327281237,0.0440205038,-0.500413835
0.0735247955,-0.458305776,0.100449316,-0.65746069
0.0176785868,-0.524619043,0.0201620217,-0.72208786
-0.132674381,-0.501476765,-0.185205877,-0.694680333
-0.331864834,-0.401187479,-0.456930816,-0.556187212
-0.510895729,-0.265048146,-0.673546195,-0.348482579
-0.606606185,-0.142527863,-0.76514107,-0.172156766
-0.586526453,-0.0686560497,-0.762254,-0.0784739256
-0.45915699,-0.0508417152,-0.665102959,-0.0624273457
-0.267012626,-0.0707992464,-0.433829844,-0.0993824527
-0.0676267818,-0.0990051851,-0.123497635,-0.156865939
0.0879276395,-0.112673879,0.139022738,-0.186673775
0.170112282,-0.107040979,0.275193393,-0.179173216
0.175250098,-0.0942461118,0.286268353,-0.160596043
0.120293036,-0.0915938318,0.202238351,-0.15635629
0.0328545421,-0.107113093,0.0595724657,-0.180989504
-0.0582978278,-0.131647542,-0.0944717824,-0.216642037
-0.129355922,-0.142534494,-0.211996973,-0.233184844
-0.164207116,-0.116792142,-0.270463824,-0.189054564
-0.155518755,-0.0458644442,-0.261461675,-0.0768561587
-0.105595432,0.0571502969,-0.180855215,0.0939903855
-0.0268237684,0.162543237,-0.0471039042,0.266263485
0.0598530807,0.238824517,0.0958730802,0.382984012
0.129839644,0.268953562,0.207565874,0.423460513
0.162766799,0.258562744,0.26073283,0.404662281
0.150576204,0.231312439,0.247238502,0.364985704
0.101786949,0.21402882,0.170736536,0.34192732
0.0389119908,0.220349565,0.0710399896,0.354929894
-0.0109440126,0.242593125,-0.0119708283,0.388802588
-0.0286313873,0.256785631,-0.0422507413,0.411543399
-0.0127774263,0.237958252,-0.017991079,0.386939764
0.0183200371,0.17658034,0.0320133045,0.294053257
0.0344576351,0.0861064345,0.0621308126,0.147780061
0.0079829013,-0.0032345783,0.0177213941,-0.00295438897
-0.0716003776,-0.0610305294,-0.114986435,-0.102149352
-0.189976811,-0.0738250688,-0.306059301,-0.120221645
-0.311504304,-0.0523001179,-0.485827893,-0.080108352
-0.39293319,-0.0237405468,-0.59045881,-0.0304549728
-0.401570171,-0.0139492992,-0.60261637,-0.0114882383
-0.329777688,-0.0295786504,-0.515760601,-0.0346492194
-0.199107274,-0.0522226207,-0.332391202,-0.0753284097
-0.0519105829,-0.0489653312,-0.0959390104,-0.0792713612
0.0661101043,0.00596414693,0.105039865,0.00637584925
0.124820694,0.111284256,0.204533175,0.174227849
0.12170054,0.233524129,0.199321538,0.363969624
0.0816510618,0.321819752,0.134015545,0.496243328
0.0446008444,0.33601293,0.0770470425,0.519658566
0.0463668555,0.272483498,0.0798235387,0.437657654
0.101290807,0.17168501,0.167380214,0.287699312
0.194498882,0.100429676,0.313316405,0.164350733
0.287487805,0.116101183,0.448535293,0.175008684
0.33488977,0.231359422,0.500113189,0.330992371
0.30524388,0.399690539,0.434653103,0.543888748
0.19661887,0.5324772,0.273029864,0.695914328
0.0399324819,0.54164803,0.0705026761,0.730566323
-0.111978441,0.387203664,-0.150015861,0.586198747
-0.205265373,0.104392357,-0.319387317,0.188621461
-0.207177475,-0.205751032,-0.328464895,-0.305068552
-0.119854078,-0.420387834,-0.188481346,-0.606608987
0.0202601235,-0.452847689,0.0124992272,-0.657220542
0.157218143,-0.295571417,0.227884322,-0.470139354
0.238195449,-0.0254887007,0.373176306,-0.0608379468
0.234118283,0.23208338,0.36713329,0.345263809
0.149483025,0.363635272,0.237944886,0.541060805
0.0175641086,0.321595192,0.0419518985,0.504414141
-0.116096571,0.144956678,-0.176271141,0.249416903
-0.213804871,-0.0639468655,-0.340462208,-0.0897146687
-0.260056704,-0.194209665,-0.409076422,-0.29568246
-0.263988733,-0.183999032,-0.419539362,-0.28636378
-0.249930725,-0.0510501377,-0.407203615,-0.0873074532
-0.241920024,0.119604096,-0.388090372,0.187333658
-0.250689626,0.223667786,-0.384637356,0.349836946
-0.26978004,0.195527002,-0.410929084,0.312602818
-0.282113105,0.0451339856,-0.441708356,0.0858463049
-0.272501618,-0.145842478,-0.427609861,-0.21350497
-0.238347858,-0.266608387,-0.373208582,-0.401850492
-0.191981807,-0.236074761,-0.311824441,-0.372846484
-0.153057843,-0.0469104163,-0.259988755,-0.0875456482
-0.1354056,0.228316978,-0.220322758,0.353765517
-0.136320338,0.472082406,-0.186129272,0.662926853
-0.135327309,0.579704046,-0.163595021,0.752561212
-0.104308128,0.510196149,-0.133484274,0.707439482
-0.0242729951,0.304481626,-0.0316815302,0.49154979
0.100303695,0.0625984743,0.167476982,0.118512832
0.238178581,-0.107289858,0.376374215,-0.170039713
0.342288226,-0.14136292,0.514455736,-0.226605147
0.37061289,-0.0477210656,0.559119046,-0.0874937996
0.306902736,0.103415027,0.481302857,0.144668892
0.170563594,0.219715312,0.282810777,0.340029627
0.0100039374,0.234827235,0.0290572233,0.378404051
-0.118031941,0.1396586,-0.182781428,0.236524016
-0.173425257,-0.0177795161,-0.282540172,-0.01718756
-0.149857417,-0.161455408,-0.249214157,-0.25300163
-0.075903371,-0.228123352,-0.131433025,-0.364798933
0.000229287223,-0.197950646,-0.00980012491,-0.325678557
0.0344814099,-0.100126907,0.053911984,-0.174854457
0.00739899138,0.00710614491,0.012295071,0.00527805276
-0.0684956089,0.0691604242,-0.107923843,0.113289624
-0.157227993,0.0622078404,-0.253433883,0.104954652
-0.218528941,0.00107595033,-0.352465183,0.00901253801
-0.227388129,-0.0741078332,-0.368169546,-0.110816218
-0.184327707,-0.122956067,-0.304700673,-0.1927111
-0.112219863,-0.126634747,-0.192164928,-0.205120131
-0.0427241847,-0.0948470086,-0.0774645656,-0.158762991
-0.00046631755,-0.0557831377,-0.00434351806,-0.094058454
0.00662760949,-0.0366023369,0.0116645973,-0.0627889261
-0.0133081768,-0.0466703773,-0.0199862514,-0.0776349977
-0.0450352356,-0.073128581,-0.0743807629,-0.120998316
-0.0770531371,-0.0904887766,-0.127593353,-0.148857683
-0.107542641,-0.0777045786,-0.179229423,-0.129085153
-0.142284513,-0.0322701558,-0.235994533,-0.054608237
-0.186711982,0.0267680977,-0.304764986,0.0436064228
-0.237931371,0.0682284012,-0.379469126,0.112443514
-0.282457441,0.0649534836,-0.442060649,0.110750109
-0.30170542,0.00773962121,-0.474012405,0.0230094418
-0.282267928,-0.0899654701,-0.445935547,-0.131872892
-0.224749297,-0.197989419,-0.359467894,-0.301964253
-0.145428345,-0.281709075,-0.23597014,-0.433899492
-0.0690347776,-0.313903958,-0.116512381,-0.48694247
-0.016127022,-0.281130999,-0.0342653878,-0.448809415
0.00808761176,-0.183841333,0.00739321718,-0.307749569
0.0171293952,-0.033258047,0.023029685,-0.0648881271
0.0365510099,0.151080117,0.0582285039,0.240687966
0.0903337002,0.341511101,0.13931641,0.518078387
0.187293321,0.502113998,0.257826596,0.680182457
0.314458609,0.592118144,0.380799472,0.705822527
0.44077304,0.575323164,0.501138687,0.641042829
0.529251814,0.433831096,0.626110077,0.507382214
0.55171442,0.180122539,0.726263642,0.237424091
0.499402344,-0.139807701,0.69781518,-0.188251108
0.385310709,-0.456426829,0.500261962,-0.588136554
0.238263696,-0.697631717,0.257994384,-0.773840547
0.0922980607,-0.812510252,0.0817255527,-0.804627776
-0.023868911,-0.787454903,-0.0333844349,-0.810305774
-0.0937505662,-0.647403836,-0.121572986,-0.785742462
-0.115281008,-0.442196012,-0.177293047,-0.642735481
-0.0991645083,-0.225357488,-0.168896228,-0.370293975
-0.0648419484,-0.0360004455,-0.115322143,-0.065428324
-0.0349873863,0.108001173,-0.0579277463,0.176530123
-0.0288941078,0.204338685,-0.0428492725,0.331585944
-0.055507198,0.254187971,-0.0816823021,0.40789181
-0.108151905,0.253166854,-0.163156435,0.406265914
-0.164033666,0.192161232,-0.254676282,0.314411461
-0.190895349,0.0678141937,-0.306588292,0.121638976
-0.1602709,-0.104682706,-0.263039649,-0.15743348
-0.062683329,-0.286593795,-0.10878361,-0.443170995
0.0826836154,-0.424808472,0.107257091,-0.62086308
0.230519876,-0.473174959,0.301888764,-0.652637184
0.325792074,-0.415784091,0.434287071,-0.57751441
0.328379959,-0.279000133,0.475681514,-0.423107266
0.234561563,-0.12360087,0.375896811,-0.211129755
0.0834683403,-0.0185485203,0.145877093,-0.039538838
-0.057308957,-0.00828068517,-0.0894314125,-0.0127670225
-0.122481368,-0.090093188,-0.200788379,-0.139287531
-0.0822873563,-0.214121461,-0.138426185,-0.336781532
0.0388820358,-0.307283819,0.0483633876,-0.477948755
0.169859663,-0.310020894,0.24822782,-0.479378104
0.225029334,-0.207476661,0.346050948,-0.337293923
0.14733462,-0.0389970168,0.245812148,-0.0802933946
-0.0592213348,0.119416907,-0.084495388,0.186801895
-0.325117081,0.191282228,-0.477607638,0.293302059
-0.543273509,0.136439338,-0.71578306,0.196305528
-0.617453277,-0.0298075005,-0.775155127,-0.0193091743
-0.507996082,-0.244375899,-0.679833651,-0.304905355
-0.252052248,-0.426356703,-0.371072888,-0.581325173
0.0524457581,-0.513603508,0.0502347089,-0.704312503
0.291793346,-0.487659454,0.369850725,-0.652586758
0.388446212,-0.375616044,0.518809497,-0.520037055
0.334127873,-0.23001951,0.496834159,-0.356170386
0.187926114,-0.0992461741,0.309291154,-0.174251482
0.0412012972,-0.00487850141,0.0754741058,-0.0160433557
-0.031784635,0.0623851903,-0.0534920059,0.103214473
-0.0114571946,0.127773792,-0.0225587115,0.213154167
0.060723871,0.20870167,0.0967221782,0.336817741
0.109751731,0.297104746,0.174519241,0.458444923
0.0728377625,0.358785063,0.121640131,0.5426144
-0.0618245415,0.350647867,-0.0791446269,0.536660194
-0.244677305,0.246290714,-0.360693753,0.386561841
-0.388773412,0.0554147474,-0.57705164,0.099138014
-0.41547811,-0.174332961,-0.604719877,-0.234789297
-0.297467887,-0.37504822,-0.4344652,-0.51625526
-0.0759203508,-0.487270921,-0.126085863,-0.677842855
0.157532662,-0.485342294,0.200653479,-0.676114142
0.30487892,-0.386900961,0.416576743,-0.553464949
0.309005171,-0.242330864,0.460287154,-0.376170874
0.179951087,-0.110180676,0.297058165,-0.191377789
-0.0127518494,-0.0312289651,-0.0125924842,-0.059638992
-0.176712126,-0.0136898635,-0.286022305,-0.0197938941
-0.242593959,-0.0355422795,-0.390990645,-0.0499938875
-0.195657313,-0.0609352477,-0.324258566,-0.09095148
-0.0777810067,-0.0609466061,-0.139170974,-0.096090436
0.0391498134,-0.0279062856,0.0579384379,-0.0482224077
0.0928700194,0.0229509566,0.15491499,0.0328685381
0.0620193034,0.0635420904,0.108597137,0.101406977
-0.0264460035,0.0679892972,-0.0351593196,0.112653874
-0.115626514,0.024517417,-0.186665669,0.0456920117
-0.151076078,-0.0609050766,-0.247551322,-0.091651544
-0.109038033,-0.169061244,-0.183512226,-0.266096532
-0.00610667514,-0.275857329,-0.0193980783,-0.431819946
0.11293757,-0.359448642,0.161724061,-0.543570995
0.200443819,-0.403369039,0.282772124,-0.588416457
0.229556575,-0.396487117,0.322478235,-0.578007281
0.203964815,-0.332807243,0.30190894,-0.508710504
0.150467619,-0.213519841,0.236644059,-0.35182777
0.100912072,-0.0508767217,0.164889738,-0.0959057808
0.0750635192,0.129397437,0.122791797,0.204573333
0.0737678558,0.291058719,0.118464097,0.452605247
0.0843739808,0.39708969,0.13126117,0.590596616
0.0927231163,0.423361003,0.144468427,0.621847332
0.0927718133,0.36987254,0.148580015,0.561255515
0.0877279863,0.263072699,0.147412956,0.422359705
0.0831799731,0.146514237,0.142016232,0.245454833
0.0785210207,0.0630544871,0.134285033,0.106329173
0.0641225427,0.0366913006,0.109203182,0.0583674274
0.0274554417,0.0630196184,0.0478189997,0.100948445
-0.0354258679,0.113348387,-0.0548264086,0.184518874
-0.111300446,0.15059647,-0.177419558,0.246105522
-0.171544284,0.148846254,-0.272084564,0.24544099
-0.185486242,0.106340043,-0.29949218,0.179852188
-0.138734534,0.0450656489,-0.231504664,0.0835702121
-0.0454040952,-0.00276745134,-0.0804973841,0.000252453174
0.0545785055,-0.0139181325,0.086896345,-0.0228723045
0.113737039,0.0116980048,0.187982887,0.0151977045
0.101994202,0.049943082,0.172959521,0.07702481
0.0243684035,0.0655781478,0.0476372838,0.106621929
-0.0795993283,0.0328115635,-0.12558043,0.056791041
-0.155910373,-0.0478429608,-0.25444451,-0.0712107643
-0.165570155,-0.145973012,-0.270855069,-0.229887396
-0.107152358,-0.213767081,-0.182595149,-0.338512897
-0.0191075001,-0.208971918,-0.0401504561,-0.340917438
0.0406288952,-0.116935305,0.0609404892,-0.202230766
0.0272137355,0.0395964757,0.0451135039,0.0556981713
-0.0644070357,0.208376706,-0.0974601582,0.329191089
-0.194227636,0.329944104,-0.283488691,0.498097092
-0.297276616,0.363791257,-0.415623516,0.52758503
-0.318646163,0.305898517,-0.458881199,0.456103742
-0.244088098,0.189273775,-0.3808285,0.309219092
-0.108675733,0.0673598051,-0.183930025,0.122654825
0.0219750274,-0.0116251688,0.0324065015,-0.0149449008
0.0878740326,-0.027136581,0.145002842,-0.0499095172
0.0679048896,0.00501607964,0.116357677,0.00157043955
-0.00901350658,0.0416420028,-0.0101167858,0.0656546578
-0.0817532241,0.0343434177,-0.132438794,0.0591810718
-0.0940331668,-0.0456136838,-0.157582715,-0.0671155453
-0.0293947645,-0.191298485,-0.0542850308,-0.301127404
0.0767753571,-0.360327154,0.109489925,-0.542257428
0.156425208,-0.491242737,0.206871346,-0.680425227
0.149496213,-0.528882682,0.194936618,-0.716365457
0.0431948602,-0.447781801,0.0583234318,-0.656819522
-0.113507628,-0.263718814,-0.182289034,-0.42876929
-0.230574846,-0.0287206806,-0.375121683,-0.0556410775
-0.223618969,0.188194364,-0.358938485,0.297154129
-0.0620533451,0.326499581,-0.103315219,0.513538778
0.208166376,0.355585515,0.304329574,0.534928918
0.481406838,0.283855915,0.642541885,0.38255918
0.641936719,0.15249081,0.780846953,0.180172801
0.621235013,0.0171495192,0.786136627,0.0141753405
0.433004886,-0.0744007081,0.639010906,-0.117104106
0.16699934,-0.0994652584,0.284597427,-0.172265992
-0.0556928627,-0.0657431036,-0.0876290426,-0.11727865
-0.142840415,-0.0034391426,-0.24126175,-0.00440699514
-0.0754827335,0.0514306836,-0.134888008,0.0900030211
0.0861916095,0.0744559541,0.135060444,0.12890093
0.23764874,0.0629029274,0.38016969,0.101424105
0.286126226,0.034109354,0.457342088,0.0481755361
0.197910801,0.0136317769,0.331789464,0.0146694649
0.0122702187,0.0196471363,0.0314436257,0.0266568363
-0.183749139,0.0519976169,-0.291807741,0.0815686509
-0.304132223,0.0919175744,-0.473889053,0.148263305
-0.308621973,0.112909347,-0.482444495,0.18245092
-0.219149694,0.0971617177,-0.357711136,0.165403411
-0.100569502,0.0484875627,-0.170622855,0.0885729194
-0.0187320542,-0.00601641508,-0.0330320336,-0.00636510551
-0.00139570562,-0.0278299879,-0.00185107533,-0.0481487513
-0.0250283722,0.0126169464,-0.041856844,0.0164681524
-0.0347991064,0.11726062,-0.0587147363,0.189275607
0.014833834,0.253804147,0.0220794994,0.402701378
0.124050274,0.366256297,0.186948538,0.552591622
0.239068449,0.399157643,0.347502768,0.573792398
-0.241130769,-0.0278227814,-0.33665356,-0.0294142663
-0.145691082,-0.062640734,-0.271966577,-0.100295886
-0.0350044295,-0.0873309225,-0.0651835725,-0.14047718
0.0398722813,-0.0829740912,0.063116774,-0.139447927
0.0465155095,-0.040602833,0.0789483711,-0.0741261318
-0.0152754448,0.0317550935,-0.0222734194,0.0464973971
-0.1157116,0.109373145,-0.184119582,0.175160855
-0.211449265,0.159812033,-0.332399428,0.256844938
-0.267360568,0.1577041,-0.415110767,0.254368007
-0.272283196,0.0989257693,-0.427013516,0.166128278
-0.241019264,0.00688155275,-0.388823777,0.0209836047
-0.202571869,-0.073689051,-0.331398159,-0.113162562
-0.182101145,-0.094504714,-0.299822748,-0.151076347
-0.187164083,-0.0263436604,-0.309163928,-0.0464242846
-0.205810681,0.12377353,-0.333326042,0.193310156
-0.216854945,0.309899092,-0.326960713,0.467783511
-0.205393031,0.462254554,-0.280539751,0.646115184
-0.173646182,0.515239477,-0.227337584,0.699550867
-0.14021714,0.436748922,-0.192933664,0.636736333
-0.128069848,0.245379612,-0.194076627,0.402171731
-0.148658559,0.0066007846,-0.236597836,0.0250320863
-0.192326367,-0.191859394,-0.304128587,-0.296600759
-0.231620401,-0.27543956,-0.360157281,-0.418061584
-0.236448705,-0.213456646,-0.376758516,-0.33649078
-0.192568943,-0.0311637986,-0.323288918,-0.0573360473
-0.112268649,0.202477247,-0.187697604,0.320352763
-0.0300767664,0.405695409,-0.0436045378,0.604178011
0.0151362466,0.519097507,0.0309139676,0.715997875
0.00211873814,0.528825223,0.0148380343,0.725100338
-0.0592889562,0.467324644,-0.0708655491,0.669223309
-0.131504029,0.392353684,-0.185645819,0.585740447
-0.168429226,0.355410248,-0.247257307,0.537072957
-0.140456945,0.375631899,-0.207683623,0.562523246
-0.0514262319,0.431984276,-0.0751985013,0.63394171
0.0622228943,0.476943791,0.0927613974,0.677707672
0.150076196,0.463853568,0.216931283,0.654555321
0.174089551,0.373342872,0.267696232,0.555473387
0.128041148,0.225054756,0.216666609,0.363110483
0.0391893573,0.0688395053,0.0755633265,0.118028335
-0.0487316772,-0.0396853872,-0.0779567286,-0.0655442998
-0.101315483,-0.0663511455,-0.171255827,-0.110348821
-0.112980537,-0.0144495135,-0.191665947,-0.026700994
-0.108488873,0.0783293247,-0.180448055,0.12733379
-0.125181913,0.159932166,-0.200904325,0.259696215
-0.186121985,0.19029589,-0.291440755,0.306174785
-0.280290633,0.160577193,-0.427523583,0.257433742
-0.362730682,0.0959890187,-0.54560405,0.154286951
-0.376513541,0.041627001,-0.569928586,0.0711158589
-0.285660356,0.0391345136,-0.459980965,0.0690539256
-0.100880034,0.106029972,-0.1791621,0.17766054
0.117382541,0.227311358,0.179547817,0.363129348
0.282571256,0.362194657,0.409793973,0.514709949
0.321911633,0.461395979,0.43883574,0.605885923
0.212744549,0.486081481,0.305791795,0.655734897
-0.00364655466,0.420271456,0.0153460493,0.618745506
-0.238646254,0.273037255,-0.344944865,0.425048798
-0.39581418,0.0722614452,-0.583173513,0.123762041
-0.413992912,-0.145033956,-0.609011412,-0.19468309
-0.292935431,-0.341106176,-0.435996592,-0.479636252
-0.0894818529,-0.482881099,-0.143936351,-0.671717942
0.112564385,-0.545578241,0.134997323,-0.728304982
0.242621273,-0.516772568,0.308746845,-0.687835574
0.273100585,-0.401373029,0.377608508,-0.576928318
0.224868909,-0.225088239,0.346505344,-0.366016328
0.148002073,-0.0323234051,0.243628442,-0.0656875074
0.0903911069,0.12413159,0.15129739,0.197928682
0.0722329021,0.200051233,0.120701842,0.324959069
0.0798172057,0.177099153,0.134081736,0.292016506
0.0802970901,0.0721620545,0.139281973,0.12492802
0.0470996723,-0.0672981441,0.0838053152,-0.109168187
-0.0199772976,-0.181630418,-0.0310762022,-0.296949714
-0.0921994522,-0.223827437,-0.151109666,-0.362903386
-0.128393784,-0.179537833,-0.213939324,-0.294592857
-0.100667812,-0.0725941285,-0.175671726,-0.123077601
-0.0139521761,0.0468588024,-0.0312795825,0.0768907294
0.0926586315,0.125982717,0.149405926,0.207332149
0.164475724,0.133077443,0.269399881,0.215913251
0.160019323,0.0700972825,0.269863755,0.115663424
0.0743496716,-0.0316952243,0.132281795,-0.0522059426
-0.0560915507,-0.129705578,-0.0868736431,-0.213435009
-0.170254499,-0.191517621,-0.272295684,-0.305348098
-0.212384149,-0.208566666,-0.342104286,-0.325813115
-0.159594029,-0.195490256,-0.266720444,-0.310649276
-0.0330222137,-0.176883057,-0.0666878745,-0.286996186
0.112713337,-0.170075253,0.173989803,-0.276768386
0.215710238,-0.174300194,0.336918294,-0.280521005
0.234839693,-0.172367752,0.370470881,-0.27780807
0.165698081,-0.143297434,0.270448983,-0.240339771
0.0376030728,-0.0777993724,0.0675227344,-0.137191117
-0.104959175,0.0131540634,-0.171324894,0.0148352608
-0.225275442,0.102219872,-0.358788669,0.164019287
-0.30930692,0.160042048,-0.473020881,0.251181871
-0.36559552,0.171651319,-0.541212976,0.263482362
-0.412028253,0.145015284,-0.597771168,0.220612481
-0.458454549,0.106280722,-0.650622547,0.162499428
-0.495845973,0.0840580761,-0.690127254,0.126446992
-0.498366386,0.091727376,-0.693735301,0.135600939
-0.437130064,0.118254587,-0.635008216,0.179203376
-0.297906131,0.133389115,-0.469206065,0.216796026
-0.0930447429,0.104916468,-0.161056042,0.183417022
0.138786733,0.0185473487,0.221952721,0.0388068706
0.345004201,-0.110840924,0.524066031,-0.166981325
0.477618426,-0.243362084,0.647746444,-0.336894602
0.509393513,-0.331987917,0.644721568,-0.43078196
0.4411394,-0.344837695,0.584228754,-0.468655407
0.298417807,-0.280145764,0.443544179,-0.429181606
0.120751806,-0.166221157,0.199318454,-0.282517463
-0.0511403941,-0.0469497927,-0.0828597024,-0.0871906728
-0.185229644,0.0388893783,-0.298323721,0.0637610704
-0.262996793,0.0733605772,-0.417944252,0.122640632
-0.279752016,0.0625077784,-0.44212383,0.107247047
-0.242325574,0.02686432,-0.392459542,0.0510142967
-0.165664658,-0.0134912254,-0.27537474,-0.0138286054
-0.0688349381,-0.0496093221,-0.119274504,-0.0783591792
0.0295762774,-0.0838375837,0.0440786481,-0.138341159
0.11609786,-0.120502859,0.186725229,-0.196602628
0.185447425,-0.154593945,0.296292454,-0.24907133
0.240100026,-0.167508915,0.374480367,-0.26788339
0.28564325,-0.13449344,0.441185862,-0.218006387
0.323682606,-0.0405535772,0.50051105,-0.0747488737
0.346298963,0.104764797,0.529005885,0.146137133
0.336307943,0.264073044,0.498093814,0.376427442
0.275036067,0.384804964,0.401814044,0.539726019
0.154957727,0.422987372,0.238111496,0.608347595
-0.00928123482,0.365853161,0.000912992924,0.558503628
-0.1786571,0.240262762,-0.268742889,0.386085361
-0.300144136,0.100791782,-0.462169647,0.168202266
-0.327107549,0.00245366804,-0.510820031,0.0139619531
-0.241130769,-0.0278227814,-0.395690858,-0.0366879217
-0.064463377,-0.00510229869,-0.119713366,-0.00439039664
0.14441672,0.0229274705,0.229248449,0.0375784747
0.311961174,0.00466649467,0.48723641,0.00611764146
0.378918886,-0.0824883506,0.574435711,-0.126816124
0.324756861,-0.213567838,0.494450748,-0.323960423
0.175700262,-0.323550195,0.27311933,-0.497566551
-0.00752847642,-0.339014381,-0.0114804693,-0.532174289
-0.156545445,-0.218513623,-0.253289908,-0.355813175
-0.224096268,0.0195364431,-0.369927824,0.0228741989
-0.201559916,0.297303706,-0.312962085,0.450291336
-0.11784143,0.508109272,-0.161211088,0.701958239
-0.0216547735,0.563355923,-0.0222089048,0.752044439
0.0429220758,0.433184475,0.0727444515,0.640064657
0.0552669689,0.160826251,0.103212841,0.278084517
0.0229903273,-0.156537578,0.0467792265,-0.245071337
-0.0278252829,-0.411100656,-0.0443622619,-0.606838524
-0.069909364,-0.530955672,-0.104735211,-0.724240839
-0.0894471183,-0.507851064,-0.134393498,-0.703447282
-0.0904870182,-0.394160718,-0.143877521,-0.592862725
-0.0879824832,-0.272518426,-0.146518305,-0.435482293
-0.0948633254,-0.214519545,-0.155801743,-0.346592873
-0.111500196,-0.248924688,-0.179533154,-0.389077008
-0.123933002,-0.353444397,-0.191738561,-0.528592348
-0.111747012,-0.47140047,-0.166918039,-0.661968648
-0.0608283579,-0.542355418,-0.0936884955,-0.728094459
0.026387779,-0.530330777,0.0239227414,-0.723640501
0.128888279,-0.436612517,0.171159297,-0.635139346
0.21427612,-0.293627113,0.315903783,-0.458290786
0.251322716,-0.146275192,0.391364604,-0.241330028
0.221691713,-0.0321314447,0.360527366,-0.0612826683
0.125854358,0.029933339,0.215670377,0.0437485315
-0.0182022639,0.0398055688,-0.021256024,0.0651973933
-0.181312248,0.00884027407,-0.287472248,0.0180972666
-0.330855608,-0.0477940515,-0.508857012,-0.0669134706
-0.437225282,-0.114312708,-0.632782519,-0.155688673
-0.478625357,-0.17336078,-0.668557286,-0.231549293
-0.445251733,-0.205359519,-0.633537591,-0.279511422
-0.343376249,-0.192676321,-0.524438381,-0.28365171
-0.197803274,-0.128983632,-0.331537902,-0.206303522
-0.0494817086,-0.0287032928,-0.0941915885,-0.0492487513
0.0542984419,0.0712422356,0.0874936506,0.116274141
0.0762126744,0.122465789,0.130566746,0.198825181
0.00609802315,0.0868450031,0.0204711575,0.146500468
-0.129480705,-0.0407883562,-0.202665851,-0.0596021786
-0.272359401,-0.221873358,-0.415539324,-0.330108672
-0.353556275,-0.383982182,-0.493388265,-0.518115461
-0.32251811,-0.44995448,-0.444170266,-0.595611155
-0.171838418,-0.374032468,-0.271301717,-0.553574026
0.0552596375,-0.167203546,0.0692717284,-0.281989872
0.280230433,0.10243734,0.427936018,0.145948082
0.421886742,0.336852551,0.577677488,0.44460994
0.431799799,0.451300174,0.552786052,0.558824599
0.315413058,0.413221568,0.447311163,0.565932989
0.128208891,0.257508576,0.219486758,0.409391284
-0.0515067242,0.0700496137,-0.0704132169,0.124484703
-0.159736246,-0.0528567322,-0.261540622,-0.0810881928
-0.175157622,-0.0494928509,-0.29475978,-0.0812922344
-0.124538615,0.0798088983,-0.21445705,0.126354232
-0.0630749911,0.275676638,-0.102667637,0.431272894
-0.0408409759,0.450652152,-0.0528344065,0.649897277
-0.0739188567,0.53161943,-0.0876698121,0.723884046
-0.136116803,0.492098153,-0.17535919,0.688324094
-0.175800577,0.358945101,-0.253067523,0.54584074
-0.148388162,0.191963136,-0.234966218,0.321680814
-0.0461518206,0.0491025634,-0.0796232224,0.0929239392
0.0918707773,-0.0431653522,0.146243185,-0.0675404817
0.196331158,-0.0985764787,0.314472109,-0.162316203
0.202363685,-0.155376464,0.325830787,-0.253035992
0.084363319,-0.246384248,0.142153069,-0.394744605
-0.128024474,-0.372740299,-0.185956582,-0.557346702
-0.361652881,-0.496942043,-0.459834427,-0.62624687
-0.533562601,-0.55984211,-0.569928169,-0.583285153
-0.589171648,-0.512838006,-0.617653251,-0.526697338
-0.525334895,-0.347844243,-0.659723043,-0.428327054
-0.387027413,-0.108420126,-0.59228158,-0.164506003
-0.240677968,0.124896675,-0.39473787,0.196209639
-0.139446273,0.268659264,-0.218062937,0.425536096
-0.0993215889,0.273623705,-0.150517866,0.439726502
-0.0980392769,0.147016436,-0.151140183,0.253281325
-0.095548071,-0.0504911765,-0.155164391,-0.0701837987
-0.0626936108,-0.231228322,-0.106130175,-0.363785744
-0.000694020593,-0.317664623,-0.011178025,-0.49493885
0.0599738881,-0.273354113,0.0855231434,-0.440522581
0.0801310167,-0.114832103,0.126166537,-0.202919081
0.0390651189,0.0988093019,0.0651603341,0.151164189
-0.0485631898,0.291936666,-0.069330208,0.454423964
-0.137003824,0.401553929,-0.192291811,0.593138456
-0.173308477,0.397846878,-0.247120231,0.590205789
-0.127447337,0.289910197,-0.194846869,0.464209378
-0.0110937972,0.117546499,-0.0188838039,0.207899854
0.126456738,-0.0649854094,0.205756798,-0.0999193788
0.223852009,-0.206219986,0.347754031,-0.325314462
0.240888774,-0.270687997,0.366152763,-0.41965875
0.180720568,-0.246121123,0.282268435,-0.395580918
0.0882243738,-0.144877195,0.143310398,-0.248093545
0.0249645077,-0.000357563724,0.0398760214,-0.00879933313
0.034510307,0.141113073,0.0545975156,0.228796914
0.117616214,0.232299313,0.186345562,0.372499615
0.231537953,0.238971546,0.36145699,0.371642202
0.314311326,0.151839361,0.488082379,0.236150011
0.320645362,-0.00828419253,0.50709188,-0.0116283176
0.249201447,-0.195425674,0.395503759,-0.306090117
0.145462498,-0.353035986,0.221457049,-0.534445584
0.0778414831,-0.433240026,0.107134365,-0.63566947
0.099712126,-0.41304633,0.132841974,-0.613434255
0.218253046,-0.300699651,0.315624982,-0.462863594
0.387669146,-0.129790112,0.564248443,-0.20524998
0.531181574,0.0554582179,0.719010234,0.0600162931
0.580360889,0.216235638,0.734911203,0.259003282
0.510666072,0.329038888,0.657966614,0.407529831
0.353885472,0.385991514,0.496249855,0.519311309
0.180632278,0.38798362,0.278489292,0.565204442
0.0623380505,0.337100625,0.107377909,0.521192908
0.0333706737,0.234652236,0.0584649555,0.385984242
0.073835887,0.0867323726,0.124841899,0.152807668
0.122331865,-0.0867153183,0.204032332,-0.136829987
0.111601099,-0.247071698,0.17916882,-0.392038941
0.00758571876,-0.34301281,0.0125554875,-0.534153223
-0.169400856,-0.327925116,-0.257912666,-0.504579663
-0.352915883,-0.181956381,-0.530145526,-0.28031233
-0.463657409,0.0726503283,-0.668406487,0.100882344
-0.449984223,0.372758955,-0.591416717,0.486286789
-0.314238131,0.6344257,-0.360881805,0.73090452
-0.111293703,0.784443796,-0.108852692,0.80713129
0.0792777464,0.789153636,0.088026464,0.807559907
0.192191258,0.666583776,0.232315183,0.773607135
0.205995888,0.475650966,0.294924557,0.656086624
0.148388162,0.28750208,0.245160192,0.45056513
0.0759366453,0.153178841,0.133959666,0.253377885
0.0404769368,0.0836582258,0.0697229579,0.14003396
0.0608932078,0.0517651103,0.100325584,0.0868772268
0.115112789,0.0138372136,0.190156743,0.0246510096
0.155448392,-0.061444819,0.255460054,-0.0981210768
0.137604207,-0.173263267,0.224853903,-0.278809398
0.046730116,-0.288835853,0.0773947313,-0.457149893
-0.0936370417,-0.363167226,-0.142066807,-0.552368999
-0.233852312,-0.366848379,-0.346463263,-0.53735739
-0.32398513,-0.305625796,-0.47669974,-0.443019539
-0.338544637,-0.219866544,-0.5124228,-0.325067312
-0.286906511,-0.163306579,-0.45310089,-0.248328894
-0.204851106,-0.172409087,-0.332966059,-0.265829742
-0.133257687,-0.243585095,-0.216634572,-0.379013896
-0.0966373384,-0.331932366,-0.152989522,-0.507440269
-0.0933377519,-0.37372297,-0.147882447,-0.563730419
-0.101801045,-0.321685702,-0.165736407,-0.500000656
-0.0977709442,-0.174395874,-0.168034792,-0.29121846
-0.071337536,0.0167783424,-0.126105145,0.0183023792
-0.0334600396,0.168539613,-0.0559924766,0.274790585
-0.00839180592,0.205194667,-0.00805581082,0.338267654
-0.0170699842,0.0975051001,-0.0197516661,0.172674581
-0.0619192012,-0.118939236,-0.0941639245,-0.184895724
-0.122585259,-0.355888695,-0.187286362,-0.531464338
-0.165546209,-0.510198474,-0.232274294,-0.69078511
-0.162288085,-0.509584963,-0.232441798,-0.693963468
-0.105628788,-0.344847471,-0.174044594,-0.533388615
-0.0147569338,-0.0737022236,-0.0398200713,-0.135403663
0.0740211308,0.20488362,0.114084378,0.321983427
0.125738919,0.393143773,0.192748055,0.579308391
0.124256909,0.433887124,0.190005809,0.630392909
0.079378657,0.32959798,0.133903757,0.515072405
0.0202583931,0.134656757,0.0447203927,0.232978612
-0.0204957891,-0.0730974153,-0.0290564708,-0.112327628
-0.0226969682,-0.226541206,-0.0406633876,-0.362085789
0.0142381871,-0.293492049,0.0141574256,-0.463034183
0.0757996887,-0.281986564,0.111154079,-0.449003369
0.144408345,-0.227643654,0.222638264,-0.367050588
0.210438043,-0.172189146,0.327591002,-0.280908585
0.274831831,-0.144609883,0.42674014,-0.230201021
0.341765076,-0.152815908,0.516000867,-0.236532435
0.406794906,-0.18690753,0.587698996,-0.276174456
0.44964093,-0.22920762,0.622881353,-0.325194746
0.438615531,-0.264088303,0.605367362,-0.372273177
0.346685141,-0.282718599,0.502473831,-0.418953836
0.171200082,-0.282181919,0.269716382,-0.445434839
-0.0546585508,-0.262007207,-0.0822829157,-0.424216628
-0.267819941,-0.221964359,-0.411785603,-0.343489647
-0.399010092,-0.162955925,-0.590889156,-0.23474732
-0.404361695,-0.0897593722,-0.607108891,-0.127065584
-0.289209723,-0.0125308316,-0.467427284,-0.0139956214
-0.110465512,0.0553467721,-0.193756834,0.0962232426
0.0462533273,0.102801479,0.0721241012,0.171540663
0.105739459,0.126930788,0.178727031,0.207551166
0.0403171219,0.135226458,0.0778102651,0.219267711
-0.113784604,0.142013386,-0.17509985,0.229488894
-0.270462155,0.16044803,-0.415156662,0.253159851
-0.333212554,0.194433853,-0.50124824,0.297478735
-0.242121056,0.235335454,-0.378493756,0.371103436
-0.00575205265,0.265881658,-0.0180524085,0.431473643
0.298318207,0.269487083,0.439303637,0.406300366
0.555951416,0.239861175,0.713068008,0.302606583
0.667539418,0.185316816,0.782514572,0.205861077
0.593938768,0.125066012,0.761283934,0.150307238
0.375292659,0.0794174746,0.577383697,0.109411523
0.113285102,0.0594481267,0.203784123,0.0893796161
-0.0753496587,0.0621653646,-0.118861832,0.101002499
-0.112459302,0.0740084797,-0.189688489,0.125456974
0.00595912337,0.0805292726,-0.000387630833,0.139281303
0.209077805,0.0762100667,0.330998451,0.124651857
0.385824531,0.0680498257,0.579101086,0.0978308171
0.438435942,0.0701747611,0.641283512,0.0935728103
0.329683274,0.0923335478,0.518000901,0.130296528
0.10144151,0.129418045,0.180428207,0.202341437
-0.144224659,0.159377038,-0.220949724,0.255934685
-0.292642295,0.152560607,-0.450309306,0.244740114
-0.270508498,0.0888192952,-0.430377513,0.153855279
-0.0810210481,-0.0266544688,-0.14639622,-0.0292950049
0.196244448,-0.158441678,0.299927443,-0.244397745
0.440685064,-0.251834035,0.604563534,-0.356733263
0.54492116,-0.25630039,0.694780469,-0.340770423
0.463021159,-0.150940016,0.652794898,-0.228276148
0.230773434,0.0409138314,0.380967438,0.0453070886
-0.0508745648,0.256486714,-0.0672172159,0.394052476
-0.261179566,0.417235136,-0.357976347,0.589332819
-0.312822849,0.461482644,-0.413914561,0.625765979
-0.188979775,0.371193558,-0.279663533,0.559919059
0.0518080629,0.180309311,0.0802262425,0.31274873
0.303972125,-0.0394442305,0.473091334,-0.0519940071
0.462492794,-0.208782256,0.641274393,-0.296664
0.467676103,-0.273176789,0.633210778,-0.381180853
0.327416867,-0.222685963,0.491591424,-0.346793413
0.108446695,-0.0911224186,0.185778767,-0.165651068
-0.0974019766,0.0634969249,-0.155038834,0.0949131101
-0.214930102,0.186566755,-0.337136358,0.297561556
-0.215864733,0.248896942,-0.335236758,0.393603444
-0.125006407,0.253343761,-0.198705077,0.409551024
-0.00175280427,0.224844754,-0.00339971716,0.369035751
0.0918959156,0.191178769,0.151888669,0.313530385
0.120311029,0.165906906,0.200451702,0.268379301
0.086600855,0.142732322,0.148709595,0.232200339
0.0241452511,0.103445023,0.0470165536,0.172529534
-0.0261711553,0.0337219574,-0.0393099263,0.0600078367
-0.0397986621,-0.0633126795,-0.0665537864,-0.0992012843
-0.0206942298,-0.164369941,-0.0369814336,-0.263824284
0.00389828836,-0.236295804,0.0014609067,-0.379874647
0.00217889249,-0.253831655,-0.000909482886,-0.409992069
-0.0409477539,-0.21459952,-0.0694836006,-0.353259355
-0.112074584,-0.142146125,-0.184177101,-0.236661866
-0.173579991,-0.0742566213,-0.286415011,-0.123101689
-0.181896955,-0.0420487113,-0.30049178,-0.0645952895
-0.11023926,-0.0510385111,-0.188887611,-0.0777525455
0.0360239744,-0.0751634687,0.0511283241,-0.119586013
0.219271064,-0.0684588104,0.343437076,-0.111836411
0.384876072,0.0102178436,0.575235248,0.00530935684
0.484211206,0.171515688,0.670610428,0.22104533
0.494254142,0.382686108,0.625401676,0.462310761
0.424823582,0.575694144,0.492070317,0.639827073
0.310978532,0.674486756,0.352688223,0.731921732
0.195422709,0.629715264,0.247094631,0.757932186
0.110109448,0.444617599,0.169890955,0.644826651
0.0656568334,0.178954095,0.118792668,0.305205077
0.0523572266,-0.0723770186,0.0905955061,-0.111577071
0.0503502004,-0.217652768,0.0782568604,-0.353236675
0.0422710776,-0.206971779,0.0614276938,-0.344914287
0.021427514,-0.0539925173,0.0296073183,-0.101924047
-0.007974701,0.169146776,-0.013630406,0.266623497
-0.0370970406,0.361696154,-0.0520841852,0.547623575
-0.0602277778,0.435914069,-0.0776063576,0.639604092
-0.0787621886,0.352400512,-0.110169873,0.547514021
-0.099000968,0.134294868,-0.151725337,0.234173462
-0.125489891,-0.144794136,-0.199824587,-0.221492976
-0.154509455,-0.392657727,-0.232608214,-0.572400033
-0.172321439,-0.535543323,-0.23943229,-0.709954917
-0.159981295,-0.544591188,-0.222554401,-0.719745457
-0.102625236,-0.441701084,-0.160478771,-0.640324771
0.00159698073,-0.284614533,-0.0122726206,-0.456518352
0.137821108,-0.139882907,0.211349517,-0.234061599
0.278261334,-0.0564722382,0.435957491,-0.0928249732
0.391971976,-0.0506886616,0.586868644,-0.0799482837
0.456144422,-0.106583245,0.654254615,-0.15674305
0.463933915,-0.188623294,0.647870362,-0.268162817
0.425691962,-0.258783698,0.595050216,-0.368224472
0.363653094,-0.290078104,0.519839346,-0.422006041
0.302894056,-0.272181749,0.447235882,-0.413572729
0.262491643,-0.209642023,0.401790231,-0.334596783
0.250031769,-0.116441891,0.391804367,-0.194121048
0.260728955,-0.0109148733,0.413065255,-0.0270709936
0.28054598,0.0872528926,0.441900969,0.12997888
0.291658849,0.158954114,0.45483616,0.239042506
0.278490335,0.188704386,0.437279135,0.286292672
0.232872576,0.169712678,0.374920368,0.265822202
0.157194257,0.109170549,0.265825659,0.176724225
0.0645369813,0.0299000237,0.11410331,0.0488230512
-0.0248391405,-0.035005901,-0.0384027585,-0.0574019328
-0.0903189331,-0.0545667522,-0.149822339,-0.0915400386
-0.119158529,-0.014796501,-0.200801626,-0.027204264
-0.112788886,0.0713858455,-0.19006674,0.115883239
-0.0876908153,0.165765122,-0.145031244,0.270277888
-0.069107607,0.219487622,-0.109356791,0.356541246
-0.0792273581,0.195420802,-0.121281177,0.323121548
-0.124883115,0.0878284872,-0.197164416,0.153155968
-0.191243649,-0.0710813031,-0.305550098,-0.106073357
-0.246053264,-0.222557321,-0.383550227,-0.336866468
-0.254084319,-0.3066082,-0.387271136,-0.454044312
-0.195803896,-0.289557368,-0.312813967,-0.443066895
-0.0809166878,-0.180117145,-0.145153463,-0.297035843
0.0512800738,-0.0252883937,0.0756667331,-0.0486226231
0.146890059,0.112610467,0.238192856,0.177683622
0.161995247,0.186558962,0.26869902,0.295289814
0.0852146223,0.187369689,0.151190892,0.302642733
-0.0536496043,0.146089807,-0.0754572824,0.240571186
-0.194721594,0.114538342,-0.306578338,0.186834067
-0.27498579,0.133999228,-0.430530787,0.213244528
-0.258531034,0.208972484,-0.405230492,0.327377796
-0.154917002,0.300911456,-0.243105412,0.467570066
-0.0156138372,0.346652776,-0.0242286213,0.538526773
0.0907552764,0.292905897,0.147468776,0.464796394
0.112593889,0.128800318,0.195570245,0.218827963
0.0417048149,-0.101614773,0.0795395449,-0.161386639
-0.0820307061,-0.315316617,-0.123513989,-0.487001657
-0.190750301,-0.428314686,-0.27971375,-0.61259973
-0.223699719,-0.397165507,-0.332805246,-0.572546899
-0.159341082,-0.242544025,-0.265562981,-0.386271209
-0.0275233462,-0.0417539589,-0.0593929626,-0.0750294849
0.105234772,0.107318521,0.168718606,0.174512818
0.170313552,0.13338232,0.281764328,0.217525199
0.133700833,0.0263115428,0.232641906,0.0485058613
0.0155065404,-0.158725917,0.0356179997,-0.25607723
-0.118529789,-0.33003971,-0.179986,-0.504078507
-0.189939827,-0.406536937,-0.284014344,-0.589112103
-0.148388162,-0.358899832,-0.236561,-0.540224433
0.000478396716,-0.223347187,-0.0159452911,-0.36474514
0.194880798,-0.0806529894,0.302251965,-0.136434317
0.345187157,-0.0113383094,0.529649079,-0.0200489126
0.376886636,-0.0507485606,0.574785709,-0.0809819102
0.266996443,-0.168214381,0.425882012,-0.264951289
0.0558967181,-0.282173663,0.0989318565,-0.448836565
-0.171110198,-0.304242939,-0.261922449,-0.474436134
-0.323229998,-0.189583391,-0.496070236,-0.292237669
-0.345254183,0.0331997611,-0.543742716,0.0474978872
-0.240743682,0.269553065,-0.376473337,0.411582351
-0.0671999976,0.401860088,-0.10198424,0.604034841
0.0929474309,0.347309202,0.148401052,0.540313244
0.170403585,0.101975381,0.286232293,0.18033655
0.137781188,-0.251529455,0.22876507,-0.386010081
0.0166916717,-0.577803373,0.0226643942,-0.757591486
-0.13778545,-0.748362064,-0.157442153,-0.805384457
-0.265386611,-0.698982656,-0.295955628,-0.759145558
-0.326990187,-0.457423747,-0.440402716,-0.610635221
-0.317190081,-0.128678694,-0.502622306,-0.209193558
-0.25964725,0.154561639,-0.416422069,0.238843143
-0.190590471,0.29212299,-0.291066885,0.455768853
-0.140601307,0.25872764,-0.214275733,0.417698771
-0.123620197,0.109494708,-0.194960654,0.191576317
-0.136506319,-0.0522012711,-0.22072731,-0.077885747
-0.166221589,-0.127377078,-0.272034734,-0.205594212
-0.198389426,-0.068596147,-0.326254725,-0.116264783
-0.222019285,0.100321345,-0.361448556,0.156350806
-0.229232803,0.299657047,-0.346966982,0.452010959
-0.212846845,0.43471238,-0.295725286,0.61917901
-0.165964097,0.441268653,-0.23016642,0.638431489
-0.0855999887,0.313868046,-0.126357958,0.499839753
0.021519877,0.104897752,0.0383204333,0.18820259
0.135680765,-0.102843225,0.220550284,-0.160641655
0.227693483,-0.235155448,0.350944012,-0.367655516
0.269759804,-0.257943988,0.403847843,-0.400194943
0.249366134,-0.187393248,0.386395305,-0.304890662
0.1789096,-0.0762993321,0.293249309,-0.137197524
0.0947994664,0.0145606138,0.160654515,0.0169516243
0.0446357615,0.0451090224,0.0776506215,0.0749359429
0.0672573224,0.0114343856,0.110617541,0.0244661979
0.174581274,-0.0575021207,0.279382914,-0.0904440731
0.343860179,-0.11803025,0.516371369,-0.181929812
0.52429074,-0.134450078,0.704133332,-0.190683231
0.655237198,-0.0950923935,0.785728455,-0.127862245
0.688129723,-0.0151885767,0.802972913,-0.032067474
0.602924824,0.0729748085,0.770500898,0.0790613592
0.413184673,0.136289865,0.61306268,0.187960088
0.159372434,0.155079201,0.274031073,0.240861967
-0.105161488,0.129189447,-0.156593964,0.211768866
-0.329130918,0.0745178387,-0.501439989,0.122761831
-0.474313766,0.0132497922,-0.676467955,0.028967686
-0.521027088,-0.0365368351,-0.717016876,-0.0389959998
-0.469322532,-0.0669582039,-0.673371732,-0.0860603005
-0.337869495,-0.0801407248,-0.52767998,-0.113257669
-0.161215991,-0.0832567513,-0.275126964,-0.128630593
0.0155854682,-0.0824248567,0.016310323,-0.133713797
0.146278054,-0.0790927187,0.235875174,-0.133016646
0.196022838,-0.0706077293,0.319818556,-0.120776445
0.153683335,-0.0540709943,0.256665796,-0.0953238606
0.0381049514,-0.0306731313,0.0700992644,-0.0581517182
-0.106283657,-0.00746740354,-0.16982685,-0.0148729263
-0.224953488,0.00498883566,-0.361806273,0.00981677696
-0.274595737,-0.00171381363,-0.438034952,0.00267065805
-0.361696154,0.241130769,-0.530823588,0.34125942
-0.492181748,0.162413359,-0.663637459,0.244538441
-0.457794964,0.118798591,-0.656061888,0.179035947
-0.295166403,0.135146782,-0.467602074,0.216321364
-0.103254326,0.216476098,-0.173525706,0.349349976
0.00836399756,0.340955585,0.0149866426,0.523699462
-0.0223481916,0.465083987,-0.0185430665,0.662986457
-0.175962374,0.53983146,-0.21497795,0.712683618
-0.360112876,0.530645132,-0.428324938,0.658544898
-0.456507981,0.431928754,-0.560045063,0.550041318
-0.382329702,0.269150436,-0.543992937,0.398746163
-0.134491324,0.0877478793,-0.231228009,0.1642465
0.205735102,-0.0657018498,0.316639006,-0.0954728648
0.509664714,-0.161221147,0.6868999,-0.226695254
0.66056937,-0.194371909,0.772006094,-0.240749761
0.605654478,-0.183425665,0.751030385,-0.238721222
0.37577337,-0.157493263,0.565018177,-0.244882166
0.0653775632,-0.142102003,0.121548794,-0.244779631
-0.2145776,-0.148905575,-0.335698605,-0.238710314
-0.385611743,-0.17323859,-0.573023677,-0.247568324
-0.428751796,-0.199033931,-0.619428396,-0.27450648
-0.379265755,-0.207486972,-0.563974619,-0.296708733
-0.29640305,-0.18510963,-0.464007169,-0.279145539
-0.22758548,-0.12828514,-0.370608419,-0.203063428
-0.187041774,-0.0437769964,-0.309718013,-0.0725390688
-0.158472747,0.0536373444,-0.263476282,0.0881926343
-0.116587922,0.144879729,-0.192577943,0.238251567
-0.0518484786,0.210753813,-0.0845633522,0.344284981
0.0178509802,0.236390069,0.0299828947,0.382619649
0.0558016747,0.215645224,0.0956679434,0.350889057
0.0297412015,0.154310152,0.0584275015,0.257637054
-0.0649646297,0.0702530295,-0.0984575972,0.119109705
-0.196976244,-0.0109826168,-0.312971205,-0.0148033798
-0.311458141,-0.0647615641,-0.48461318,-0.0964146331
-0.35708952,-0.0772371516,-0.547984064,-0.112009108
-0.312720984,-0.0519871451,-0.495843112,-0.0760646164
-0.198781192,-0.00944741443,-0.334045321,-0.0102000041
-0.066998221,0.0217764024,-0.118642852,0.0397827998
0.0260018799,0.0184484087,0.041919291,0.0341403037
0.046941027,-0.0252643041,0.081547536,-0.0417142473
0.00105004851,-0.093644686,0.0066502844,-0.154899105
-0.0732486919,-0.156064868,-0.120528795,-0.255396038
-0.126265362,-0.181858033,-0.207037926,-0.295258462
-0.123067409,-0.156265736,-0.207474366,-0.254021376
-0.0597150661,-0.0891670734,-0.108580023,-0.150247961
0.0379507318,-0.0115341675,0.0570758097,-0.0215909258
0.130670756,0.0392718799,0.214872837,0.0630830377
0.187047988,0.0382999554,0.306988895,0.0616704933
0.197857559,-0.0136810848,0.326593995,-0.0225598346
0.176566631,-0.0895182267,0.290266097,-0.146877185
0.147646472,-0.148523927,0.239659876,-0.24523589
0.130940437,-0.156748042,0.21049358,-0.259644181
0.131613016,-0.104590908,0.209908023,-0.177638188
0.140770331,-0.0128047718,0.228959516,-0.0288823508
0.144810185,0.0763348043,0.238485992,0.119285934
0.136366338,0.118496262,0.22656858,0.193725139
0.119402014,0.0879248083,0.202046663,0.147786126
0.105461173,-0.0107050976,0.178502515,-0.0128750866
0.104233988,-0.144665077,0.171002686,-0.233512685
0.115422778,-0.268147618,0.179156363,-0.421953678
0.12797676,-0.34220615,0.189209551,-0.524300873
0.127742395,-0.35006249,0.188030019,-0.535719752
0.108726084,-0.301046848,0.164126784,-0.475478441
0.0803160667,-0.222423911,0.124746829,-0.365655571
0.0649198219,-0.144273639,0.102994882,-0.241262585
0.0863671675,-0.0854876935,0.138514549,-0.145717457
0.155477777,-0.0475899614,0.250544757,-0.079215616
0.261537939,-0.0185200814,0.413494945,-0.0331239477
0.375402272,0.0167036783,0.566611052,0.0183105636
0.463161826,0.0647262335,0.663547397,0.0827117339
0.502834022,0.11805366,0.69643271,0.151297823
0.494358212,0.157536075,0.684770525,0.205701783
0.45686245,0.161630422,0.65136528,0.219003022
0.414703816,0.117707126,0.613317072,0.16845718
0.380734861,0.0299467072,0.57906121,0.0428540856
0.347322613,-0.0797961503,0.533773243,-0.12368165
0.291336596,-0.178550526,0.451561719,-0.279450268
0.190923333,-0.233541563,0.301946312,-0.373455197
0.0442909114,-0.223917454,0.0748899058,-0.369582891
-0.121408015,-0.148652628,-0.197941899,-0.249410257
-0.258055419,-0.0279020723,-0.413836181,-0.0486101434
-0.318847269,0.102720633,-0.496302664,0.160512581
-0.283574641,0.203275815,-0.438300222,0.318503559
-0.172828615,0.242675707,-0.274434149,0.390085906
-0.0421848446,0.209679574,-0.0687301978,0.349164963
0.0420567803,0.117750153,0.073729299,0.201827869
0.0338232182,0.00141689519,0.0630830601,0.00510754576
-0.070943132,-0.0954333395,-0.110603668,-0.157685667
-0.233044967,-0.135708421,-0.367879659,-0.218329057
-0.389966726,-0.103703626,-0.582010448,-0.153859392
-0.486404955,-0.0119170817,-0.690080822,-0.0142582459
-0.499329656,0.103561051,-0.69580406,0.147800624
-0.444800496,0.198034182,-0.629173696,0.286041439
-0.36396867,0.237601191,-0.532611251,0.355541617
-0.297109514,0.214325637,-0.448723406,0.335745066
-0.260774165,0.149742037,-0.406741679,0.24535577
-0.240794584,0.0842995867,-0.382612795,0.142333806
-0.204372913,0.0570695587,-0.334066719,0.0975647271
-0.123347871,0.0852009207,-0.20945698,0.142511383
0.00563942641,0.153400913,0.00443694508,0.253425479
0.156314805,0.219367102,0.245633855,0.348016024
0.286281586,0.233450875,0.437233508,0.353059471
0.360863566,0.163595632,0.54721415,0.243922621
0.372936785,0.0134974755,0.571196258,0.0211000405
0.346545666,-0.175234526,0.52512747,-0.264786422
0.321591467,-0.338594347,0.458346993,-0.487824321
0.328269809,-0.416473508,0.439657748,-0.57505548
0.366530418,-0.377558529,0.491639465,-0.525519252
0.403570354,-0.231375724,0.567872345,-0.344406694
0.392248571,-0.0223820768,0.584959805,-0.050828658
0.300931633,0.19027099,0.468435735,0.274433762
0.137775227,0.357031375,0.221327096,0.529479682
-0.0456053875,0.454770982,-0.0502747819,0.653553665
-0.175369769,0.489172846,-0.229741663,0.678057134
-0.192023113,0.483471572,-0.259237558,0.671001494
-0.0834505036,0.461110473,-0.119102031,0.666341901
0.103802651,0.432189256,0.150685325,0.632072091
0.282550991,0.390494496,0.402787715,0.554077208
0.364611745,0.321449101,0.525218844,0.450953543
0.302707911,0.215222716,0.471363008,0.322971374
0.11349266,0.0768290609,0.204277173,0.124955602
-0.130176783,-0.0726136491,-0.199095145,-0.116114587
-0.33402285,-0.203814596,-0.500580013,-0.299932986
-0.426769286,-0.291516364,-0.595808744,-0.394439697
-0.39206174,-0.323993117,-0.553647459,-0.442065567
-0.272432208,-0.304994047,-0.41738072,-0.448743045
-0.144327402,-0.248103753,-0.239817247,-0.390994519
-0.0778429508,-0.167959228,-0.13408266,-0.277979642
-0.102016866,-0.0741940811,-0.168380007,-0.127450585
-0.192830563,0.0283736903,-0.311332881,0.0416528285
-0.288741231,0.134325594,-0.448181897,0.211142451
-0.324337631,0.231787816,-0.484547198,0.351092398
-0.264020622,0.301491261,-0.395828962,0.457111835
-0.118691891,0.323005974,-0.185337991,0.505036294
0.0617860481,0.285513043,0.0957686901,0.457207263
0.214701995,0.196841285,0.340953201,0.316373348
0.29444024,0.0845282599,0.46695134,0.13216728
0.290764719,-0.013373157,0.463892072,-0.0251669772
0.22737962,-0.0642566234,0.371176392,-0.110389113
0.143809915,-0.0559587069,0.239976361,-0.0994865596
0.0722420365,-0.0029023306,0.121376485,-0.0111393388
0.0225834623,0.0602637492,0.0385680348,0.0968539938
-0.0167716965,0.0947727486,-0.0255079791,0.157803506
-0.0645157397,0.075762026,-0.102982007,0.12915422
-0.128183052,0.00342582003,-0.20754455,0.0114671299
-0.193745628,-0.0978158042,-0.310982108,-0.152609423
-0.229782254,-0.191031724,-0.36397773,-0.29364863
-0.204297453,-0.242952898,-0.328191131,-0.3738994
-0.104816146,-0.236565977,-0.179319233,-0.375582069
0.0497545563,-0.174817398,0.0685107559,-0.287528217
0.212762818,-0.0753470957,0.334565163,-0.128112108
0.328018904,0.0392354205,0.506133974,0.0517362282
0.353961557,0.149603382,0.538679302,0.214058399
0.282047182,0.24279651,0.437521547,0.358333975
0.140538633,0.310546339,0.228146106,0.471783459
-0.0178835224,0.346416771,-0.0140536837,0.530462563
-0.138531178,0.345511705,-0.199725524,0.528544426
-0.186618745,0.307730824,-0.28004694,0.47647801
-0.159065783,0.241905287,-0.249100119,0.389785498
-0.0819212124,0.166361526,-0.133647829,0.280577719
0.00404488528,0.103103377,0.00480252085,0.175948635
0.0621005222,0.0671172589,0.104643025,0.111384541
0.0741995946,0.0565427579,0.127107874,0.0931921601
0.0459568016,0.0505522862,0.081066981,0.0827942193
0.0012829497,0.0184009094,0.00635758275,0.0315679014
-0.0296130702,-0.0633007661,-0.0473708361,-0.0991889313
-0.0231235549,-0.193817243,-0.040369045,-0.309424043
0.0289770979,-0.342127264,0.0367799215,-0.521022201
0.117364831,-0.456926227,0.155664667,-0.651622951
0.219261467,-0.489792734,0.284916669,-0.670145154
0.306471884,-0.420544684,0.408538461,-0.585963964
0.354364902,-0.271166921,0.505560815,-0.40578711
0.349142373,-0.099491775,0.529421866,-0.167361662
0.291573405,0.025958946,0.463336557,0.0309765246
0.196336985,0.0582274273,0.327400118,0.0915819481
0.0871584788,-0.00512039103,0.154407308,-0.00630215695
-0.010925875,-0.120691277,-0.0125240935,-0.194200635
-0.0797592476,-0.221001059,-0.130442947,-0.353379339
-0.11375013,-0.248424098,-0.187238187,-0.395974249
-0.120629095,-0.183775738,-0.204074979,-0.301071912
-0.116617337,-0.0545765683,-0.198653415,-0.0954756141
-0.117811553,0.0811197385,-0.19730714,0.130513623
-0.131622151,0.166220918,-0.210512593,0.272259593
-0.152522996,0.173988611,-0.23987712,0.286009222
-0.164656118,0.119250096,-0.264421761,0.202074215
-0.150565162,0.0457427055,-0.246781558,0.0832772776
-0.102041811,-0.00242296304,-0.174096316,0.000494797307
-0.0275201946,-0.00801364426,-0.0502467714,-0.0117410365
0.0483359136,0.00982911978,0.0769339725,0.0160137881
0.0936036408,0.00989779364,0.156243801,0.0159296803
0.0830613002,-0.0412335955,0.141835615,-0.0685047358
0.0107312733,-0.142031521,0.0237030964,-0.232429996
-0.105199285,-0.249199912,-0.164582267,-0.394394457
-0.227970704,-0.297773868,-0.34650749,-0.4517681
-0.316351175,-0.238752499,-0.479394168,-0.359401017
-0.34114778,-0.073376663,-0.531192124,-0.115141258
-0.29677552,0.137007236,-0.468693316,0.212500021
-0.202749863,0.294458389,-0.312776804,0.455094188
-0.0945870504,0.312014163,-0.142952248,0.493945062
-0.00837196037,0.161512032,-0.00743857259,0.279034793
0.0340640694,-0.10446541,0.0613813847,-0.158015713
0.0329966396,-0.370711356,0.0493538156,-0.557415128
0.00873912033,-0.511303544,0.00514318515,-0.713084579
-0.0088126678,-0.450715154,-0.023445271,-0.659153819
0.00598272122,-0.203377903,-0.00324191875,-0.343916714
0.063303262,0.12927264,0.0950953364,0.196288899
0.15366134,0.404158711,0.226710007,0.586638987
0.251845151,0.502646089,0.344477296,0.668932378
0.326858222,0.384914577,0.463411272,0.539729297
0.353710443,0.105988778,0.54698962,0.169346631
0.322725356,-0.213742405,0.493952215,-0.315456331
0.243342727,-0.447725087,0.337146819,-0.625450432
0.141433343,-0.521842003,0.184813425,-0.713698447
0.0511296205,-0.4434506,0.0649623871,-0.64989686
0.00364559004,-0.288102597,-0.00161587354,-0.464868039
0.0163649209,-0.153440729,0.0188103598,-0.258074164
0.0855759606,-0.106215835,0.136248916,-0.173679516
0.185547873,-0.150534257,0.294344127,-0.240354836
0.275079876,-0.232665151,0.417756349,-0.356352925
0.310347706,-0.277355939,0.456293404,-0.416653901
0.260390818,-0.233833209,0.397060752,-0.370377928
0.119901299,-0.105431885,0.200587302,-0.18764241
-0.0859083161,0.0530354343,-0.134900719,0.0755027607
-0.307237804,0.167522773,-0.463774711,0.257918298
-0.485304713,0.187504292,-0.661624074,0.270634741
-0.572359562,0.11477188,-0.741930068,0.164497375
-0.548491836,0.00222277967,-0.738889873,0.0159835983
-0.428371936,-0.0762340128,-0.633704245,-0.100631393
-0.254949391,-0.0673221275,-0.419210255,-0.100975886
-0.0825855061,0.0319494493,-0.148913532,0.0502651185
0.0433190428,0.17310296,0.067652449,0.279200375
0.10163004,0.283772051,0.165378705,0.441450983
0.099539198,0.30821076,0.164408267,0.480769634
0.0644396171,0.237833753,0.113502368,0.385834426
0.0282794964,0.114734441,0.0542787053,0.19601579
0.0122923888,0.00648307102,0.0223601945,0.0149973128
0.0192965735,-0.0332930535,0.0297429785,-0.05560432
0.0365107358,0.00394026469,0.0580978096,0.00110900262
0.0462560318,0.0765781179,0.0776320472,0.122346818
0.0379077904,0.117105559,0.0667229146,0.193877727
0.0141140325,0.0722681731,0.0294404011,0.124780655
-0.0122149792,-0.0633324906,-0.0153461797,-0.0967295393
-0.0281937439,-0.239493504,-0.0461315773,-0.377235681
-0.0321261771,-0.373856038,-0.054013107,-0.565174222
-0.0382076092,-0.394831389,-0.0659779757,-0.594636559
-0.0706783235,-0.281386048,-0.11715731,-0.453333706
-0.149234638,-0.078204602,-0.247900546,-0.139886379
-0.272959203,0.122645751,-0.426802337,0.188181221
-0.412020475,0.225046217,-0.580795467,0.329427272
-0.513525605,0.175648957,-0.686667442,0.251160532
-0.521262527,-0.00920953415,-0.712434888,0.00619872287
-0.401759326,-0.249871522,-0.579691589,-0.335236579
-0.164811105,-0.439757705,-0.254422039,-0.61478442
0.132198215,-0.493951857,0.160420045,-0.68588239
0.400342435,-0.386754125,0.516309798,-0.529317141
0.550648153,-0.161153182,0.716954589,-0.230931148
0.52863282,0.092742607,0.718901694,0.105867654
0.337229162,0.278605074,0.506427705,0.390908062
0.0377536304,0.334308118,0.080572553,0.510850549
-0.272243768,0.253929496,-0.393665612,0.394233346
-0.495408744,0.0834671482,-0.683461726,0.133945256
-0.570170164,-0.104893848,-0.746894121,-0.120066635
-0.490745157,-0.246082991,-0.667773902,-0.315449417
-0.303771764,-0.30755797,-0.458842993,-0.440140098
-0.0841671824,-0.297025204,-0.149046749,-0.461733788
0.0981268361,-0.251884878,0.143085226,-0.403097808
0.205285877,-0.217811182,0.317363769,-0.347541362
0.240950316,-0.227211729,0.372374773,-0.356961101
0.23900196,-0.286370397,0.362128168,-0.437192589
0.238953993,-0.374838948,0.343457401,-0.545350194
0.261342287,-0.455164701,0.350838393,-0.627466321
0.295957893,-0.48771441,0.381146193,-0.647802174
0.308775216,-0.44489336,0.407704413,-0.608729184
0.263522476,-0.320619345,0.384404689,-0.485729635
0.146028429,-0.133081779,0.237358436,-0.231391937
-0.0222082604,0.0793966427,-0.0305549856,0.117436551
-0.189359039,0.26829803,-0.287763953,0.413465261
-0.295768887,0.388395667,-0.410724849,0.553275585
-0.302576423,0.411318213,-0.41524443,0.577988148
-0.211582527,0.334896982,-0.31613791,0.51391989
-0.0653850138,0.184465349,-0.106225617,0.315407932
0.0733215362,0.00462982338,0.121347025,0.0173713546
0.153433129,-0.156195566,0.247518823,-0.252323478
0.16195634,-0.262613714,0.252940834,-0.416339904
0.131087378,-0.303203434,0.199960992,-0.474729836
0.121066011,-0.290516138,0.182356223,-0.458936602
0.18652606,-0.2500723,0.280727983,-0.396477371
0.343191177,-0.203960747,0.500823081,-0.309178382
0.552580535,-0.157818288,0.718461573,-0.215714544
0.734061956,-0.098616071,0.802712679,-0.120670974
0.800010085,-0.00508284755,0.809487224,-0.019833805
0.697781444,0.134531945,0.795021057,0.138950378
0.437960297,0.307439923,0.605663657,0.398644716
0.0943368599,0.473652244,0.155640721,0.654860973
-0.225392908,0.579320312,-0.26353845,0.729543805
-0.424844742,0.581088245,-0.468960017,0.663523972
-0.4587771,0.469705224,-0.548805177,0.577641547
-0.348830909,0.280145288,-0.501981497,0.420494288
-0.168378204,0.0812643841,-0.279609621,0.149064884
-0.00487671373,-0.051979661,-0.0139790103,-0.0787684545
0.0811130702,-0.0715216398,0.130574092,-0.124278277
0.0801957399,0.0213504806,0.133540228,0.0237308256
0.0309100226,0.175515831,0.0540144891,0.278050333
-0.00733316783,0.312679529,-0.00670027034,0.486290663
0.0105390484,0.363054365,0.0219944492,0.557062805
0.0909495428,0.297360867,0.145131066,0.472273231
0.200491861,0.139954567,0.325383067,0.234281629
0.287061781,-0.0431215167,0.456146717,-0.0645770654
0.310385495,-0.175300002,0.477025062,-0.273806274
0.264443308,-0.204834551,0.408605456,-0.326333523
0.179522991,-0.127516896,0.289837867,-0.218196258
0.103554197,0.0136325387,0.17211616,0.0107884631
0.0741712898,0.150771603,0.12242993,0.241774321
0.0979641378,0.224223718,0.16018036,0.361326933
0.148837596,0.209834859,0.240623504,0.339621305
0.18598488,0.127817899,0.306424499,0.210538551
0.180313095,0.0296686161,0.300667703,0.0493623428
0.133054093,-0.029481953,0.223963484,-0.0516358651
0.0748414546,-0.0189228617,0.127367646,-0.0378476903
0.0452488698,0.0529791825,0.0749254003,0.0829737112
0.0649198219,0.144273639,0.103622623,0.234927908
0.117752999,0.201747954,0.190858096,0.325682163
0.155634582,0.188636452,0.255224973,0.304118574
0.125313088,0.103951164,0.215245202,0.174089417
0.00334936986,-0.0159600303,0.0173439216,-0.025547374
-0.181344211,-0.114279196,-0.286108375,-0.185240075
-0.352742374,-0.140834674,-0.533822358,-0.211539209
-0.421523273,-0.0765370131,-0.626367867,-0.110623665
-0.331882566,0.0563979037,-0.524318755,0.089407146
-0.0967392027,0.203255206,-0.170803726,0.331546217
0.199319035,0.300676227,0.295730948,0.462361157
0.434323281,0.30476138,0.596756339,0.417588502
0.505819976,0.210796803,0.688796222,0.277900726
0.38263157,0.0558438785,0.588194847,0.0801215321
0.12453375,-0.0968675315,0.222582176,-0.163287103
-0.14208132,-0.184750736,-0.222409606,-0.299856097
-0.282511115,-0.172036856,-0.444314778,-0.266681403
-0.218282774,-0.063903667,-0.367569655,-0.101301245
0.0338711441,0.0973898098,0.0349192992,0.160970613
0.368360668,0.252272427,0.526179671,0.36384663
0.639887333,0.350390881,0.721098781,0.382807106
0.731601536,0.371824741,0.725385189,0.357089162
0.609064519,0.333427459,0.711245298,0.377105355
0.334046394,0.277609378,0.50320816,0.394343883
0.0323299542,0.249040902,0.0745328516,0.392947495
-0.167602628,0.270475686,-0.251585424,0.421211779
-0.194342569,0.329463601,-0.296503693,0.502520561
-0.0630171746,0.382744431,-0.0986029357,0.581066728
0.138186201,0.376762897,0.203262776,0.569411337
0.295321494,0.274884045,0.44645521,0.414902061
0.324572146,0.0782855749,0.511756122,0.124368653
0.208891228,-0.169957057,0.346020609,-0.267507106
-0.000882202876,-0.400396615,0.00674742321,-0.598544538
-0.217687413,-0.545859098,-0.285185933,-0.710612059
-0.36367923,-0.570244849,-0.440951139,-0.675175905
-0.40515402,-0.484088778,-0.512666404,-0.59773922
-0.360409111,-0.339453787,-0.51626265,-0.472820342
-0.279764414,-0.206352651,-0.441151112,-0.316500306
-0.211878002,-0.141564518,-0.34522289,-0.223785505
-0.176565245,-0.164227009,-0.28737238,-0.257013798
-0.15886195,-0.249226779,-0.253527552,-0.385400355
-0.125768781,-0.340838909,-0.198880792,-0.514540136
-0.0538012497,-0.379507184,-0.0925479159,-0.570558608
0.0503820069,-0.328789622,0.0652029216,-0.513112009
0.149375677,-0.190085933,0.229286388,-0.315879434
0.195394084,0.000694699644,0.315682471,-0.0123730339
0.159939557,0.191361159,0.261806816,0.295362294
0.0552132726,0.336533427,0.0955998898,0.51274544
-0.0661628917,0.414176702,-0.0857797265,0.612272382
-0.134713233,0.42860052,-0.186001658,0.62525928
-0.0995745659,0.400562465,-0.144663975,0.601344466
0.0425505675,0.351697862,0.0637851581,0.544476509
0.240605697,0.29262951,0.362258077,0.447815806
0.409135133,0.220954537,0.589686453,0.315653265
0.466034472,0.128958464,0.665097237,0.177286744
0.37019977,0.0151264714,0.572608531,0.0172613431
0.141279861,-0.108428605,0.245952904,-0.183124945
-0.147427678,-0.217669219,-0.224655449,-0.350123584
-0.399050891,-0.286732256,-0.562991917,-0.398985267
-0.531946719,-0.300453424,-0.682702661,-0.374845564
-0.50998342,-0.261766195,-0.679022253,-0.336059928
-0.352266073,-0.189420953,-0.539464056,-0.276047111
-0.120483704,-0.107253708,-0.216194987,-0.17175281
0.108085603,-0.0313590281,0.165683717,-0.052883327
0.268953562,0.0370970406,0.42527613,0.052556064
0.328859717,0.108954243,0.510245025,0.156473219
0.289330244,0.195636436,0.452387571,0.290563881
0.177712291,0.296191812,0.284569025,0.446261972
0.0325993374,0.391160458,0.0621643923,0.58154273
-0.109208904,0.448094755,-0.145078957,0.645269752
-0.220233694,0.436923146,-0.298867792,0.622023463
-0.284394175,0.347331822,-0.402927399,0.512384653
-0.296183437,0.198431805,-0.447108001,0.315738618
-0.259447515,0.0344556868,-0.414434999,0.0681887865
-0.186478809,-0.0926177427,-0.307948053,-0.141370133
-0.0963540599,-0.145593047,-0.163900554,-0.234777614
-0.0111401957,-0.118750043,-0.0270355232,-0.201080009
0.0500310287,-0.0403130315,0.0791646838,-0.0714925751
0.0770270526,0.0407161303,0.127363905,0.0628128871
0.071887821,0.0770743787,0.124022551,0.126620397
0.0469605885,0.0443693995,0.0836973563,0.0757833198
0.0183428545,-0.0489117689,0.0351740122,-0.0764777437
-0.00232992531,-0.166533083,-0.00425389502,-0.269886792
-0.0134884669,-0.261469483,-0.0267291591,-0.414683133
-0.0234675556,-0.296224385,-0.0425563119,-0.46841082
-0.044383049,-0.257404923,-0.076371178,-0.416093171
-0.0831045583,-0.159190565,-0.140375122,-0.266247749
-0.134142324,-0.0360198431,-0.223587498,-0.0655395687
-0.178552702,0.0706621557,-0.291278124,0.115111642
-0.19011195,0.125466809,-0.306200773,0.207128182
-0.14645496,0.107725792,-0.241911575,0.184480488
-0.0403794311,0.0148469852,-0.0711405352,0.035461992
0.113768816,-0.138152361,0.180184782,-0.217200264
0.281744927,-0.321223527,0.408516526,-0.470082551
0.4189668,-0.493711263,0.50558418,-0.609552503
0.484783292,-0.611724377,0.498502642,-0.645368576
0.456485718,-0.639146268,0.463442832,-0.66519922
0.338165402,-0.560513139,0.404748827,-0.684595823
0.161196858,-0.390943646,0.235032499,-0.588136911
-0.0242377035,-0.177088216,-0.040950276,-0.30642271
-0.164342716,0.0146017587,-0.270660549,0.0176569
-0.219094515,0.120431766,-0.352611452,0.197156817
-0.176166624,0.104801334,-0.286557585,0.182087332
-0.0562800691,-0.0229999572,-0.096914798,-0.0235783607
0.09275987,-0.209687382,0.144033298,-0.327777416
0.2122702,-0.378334731,0.30382362,-0.553887665
0.253976792,-0.460590333,0.341876,-0.637213945
0.198506713,-0.426572829,0.277524978,-0.618279815
0.0634018853,-0.298237532,0.0986668542,-0.480110824
-0.103431486,-0.13914974,-0.169431508,-0.240575179
-0.242981598,-0.0247649718,-0.389950782,-0.040198151
-0.309420973,-0.00700192805,-0.485015213,-0.00180327124
-0.28889513,-0.0900672898,-0.457702845,-0.128380373
-0.204161778,-0.229276285,-0.325672776,-0.345716357
-0.102636747,-0.353412598,-0.165420592,-0.531342149
-0.0332319438,-0.399552405,-0.0587868765,-0.597164571
-0.0229979865,-0.34313646,-0.041584909,-0.535627842
-0.0649891868,-0.208568707,-0.108569302,-0.346579552
-0.123418443,-0.0554975383,-0.206046119,-0.0980955288
-0.15352717,0.0518458374,-0.253687471,0.0855067298
-0.126011893,0.0765358955,-0.209308684,0.134165302
-0.0433456451,0.0260698739,-0.0756192729,0.0510173403
0.060592901,-0.0534994751,0.0975957587,-0.0842064098
0.137486845,-0.102877006,0.222272068,-0.170463279
0.149277344,-0.0810565203,0.244369283,-0.139899835
0.0875706524,0.0129578793,0.148018569,0.011094938
-0.0224685464,0.138981834,-0.030797109,0.220721632
-0.135635123,0.235307306,-0.208596334,0.375261754
-0.210125566,0.249199912,-0.320687175,0.393779606
-0.228110015,0.1632379,-0.35738799,0.272009581
-0.202370927,0.00492722029,-0.328106016,0.0205425583
-0.165800437,-0.164655656,-0.269197196,-0.255028069
-0.150180042,-0.277547866,-0.239018604,-0.430127352
-0.166672617,-0.28854081,-0.263751626,-0.449391127
-0.19941245,-0.194703147,-0.321554422,-0.313495815
-0.216008022,-0.0368262045,-0.355180949,-0.0651791021
-0.188917384,0.117070757,-0.309408993,0.189440355
-0.115133189,0.198761925,-0.187358588,0.325162083
-0.0222306289,0.166412026,-0.0351353809,0.281176597
0.0436231568,0.0208698865,0.0766379312,0.045156423
0.0418035761,-0.193687305,0.072157979,-0.307389826
-0.0395987481,-0.404338211,-0.0576681383,-0.599941194
-0.174617618,-0.533933699,-0.234835684,-0.712149501
-0.309882045,-0.527517021,-0.400078893,-0.67119503
-0.389617801,-0.372325063,-0.535462976,-0.507056713
-0.382083952,-0.104897767,-0.582816243,-0.162383035
-0.293598056,0.197660133,-0.460537374,0.299015552
-0.163226232,0.440635085,-0.234434903,0.63209492
-0.0418764912,0.542514086,-0.0484554656,0.737094998
0.0321441069,0.463795871,0.0554359667,0.672243357
0.047768902,0.223310456,0.0890304148,0.372969002
0.0190574117,-0.105206475,0.0426687747,-0.157894373
-0.0304252729,-0.416805238,-0.0454688482,-0.610464394
-0.0855710953,-0.611758292,-0.118073121,-0.77409029
-0.147977263,-0.631241381,-0.189708114,-0.772595048
-0.229110003,-0.477938533,-0.318819582,-0.656837165
-0.333231449,-0.212688789,-0.505800605,-0.329590648
-0.442365915,0.0718086883,-0.645307541,0.0992023498
-0.515387118,0.289114594,-0.666333675,0.380631626
-0.505140185,0.392374426,-0.619158626,0.49396497
-0.385929734,0.388272047,-0.515861392,0.529971957
-0.175673768,0.326028228,-0.270046681,0.505633771
0.0621539503,0.267680734,0.0936196297,0.432683468
0.241646051,0.254788339,0.371470273,0.389874727
0.293414265,0.288190365,0.443626225,0.417738765
0.199932814,0.330648154,0.315161318,0.488758028
0.0077829021,0.330432177,0.0300517976,0.509324908
-0.191742137,0.253138393,-0.284040123,0.402658224
-0.305664688,0.104754493,-0.470047414,0.177034795
-0.284750283,-0.0665190369,-0.453802466,-0.0895638689
-0.147739768,-0.191226438,-0.249499172,-0.298092514
0.0288558882,-0.212124765,0.0319747329,-0.34389171
0.150718406,-0.113334894,0.237571627,-0.195944697
0.154816121,0.0696090609,0.255268663,0.098673895
0.0418063477,0.264051646,0.0776107833,0.407663286
-0.125412673,0.391994864,-0.171929851,0.580936491
-0.256085843,0.404051095,-0.352062225,0.581806839
-0.280250847,0.299617201,-0.41007331,0.457760364
-0.185275465,0.124563135,-0.300304323,0.217816457
-0.0205875207,-0.0511041954,-0.0402275175,-0.0730046481
0.131573349,-0.163845435,0.206399113,-0.264280409
0.202780813,-0.180826306,0.318462521,-0.296067625
0.176199898,-0.107680418,0.287542701,-0.187306449
0.0942470282,0.0212583151,0.159030229,0.0232392177
0.0317604169,0.162746444,0.0553534105,0.260509491
0.0498279966,0.283223748,0.0792100877,0.445767105
0.156649187,0.367549747,0.233331412,0.549920857
0.298324198,0.416007459,0.41535762,0.574471712
0.385981351,0.434525043,0.510883272,0.56187588
0.345178336,0.426110148,0.474484175,0.56510514
0.1604359,0.389372975,0.254205316,0.567370892
-0.110450059,0.324438334,-0.1496889,0.500748634
